pl,tier,id,account,ptype,verdict,note,spine,score,city,day,providers,payer,preflag,b2b,address,verdict_n
Sean,Tier 1,5271bbd8-dfe5-4d54-a0a2-f5547050cafe,Macomb Internal Medicine,PCP,Yes,,4,91,Clinton Township,S-D01,"Anu Duvoor, MD (2 spine) · Linda Kosal, DO (2 spine)",Comm/Medicare,,4,"15520 19 Mile Road, Suite 480, Clinton Township, MI, 48038",Yes
Sean,Tier 1,6aee51ce-625f-4968-96c5-5d9a6936bf27,MI Family Practice,PCP,Yes,,3,90,Warren,S-D02,"Matthew Garza, DO (2 spine) · Taras Lisowsky, DO (1 spine)",Comm/Medicare,,8,"11300 E 13 Mile Rd, Suite 1, Warren, MI, 48093",Yes
Sean,Tier 1,c88f05f1-5992-43b0-947c-469a44a0feef,Ryan Medical Associates,PCP,Yes,,2,82,Warren,S-D02,"Kevin A Agrest, DO (1 spine) · Christine England, NP (1 spine) · Jeffrey A Kraft, DO (1 ortho)",Comm/Medicare,,3,"21647 Ryan Rd, Warren, MI, 48091",Yes
Sean,Tier 1,33d0c0aa-7d47-450d-9673-71acb651321c,Michigan Compassionate Care,PCP,Yes,,2,82,Warren,S-D02,"Muhammad Vasiq, MD (2 spine) · Michigan Compassionate Care (2 ortho)",Comm/Medicare,,9,"28401 Hoover, Warren, Michigan, 48093",Yes
Sean,Tier 1,346a1335-a97f-4a1a-9847-77f9e71383c3,Get Well Urgent Care Madison Heights,Urgent Care,Yes,,2,82,Madison Heights,S-D03,Get Well Urgent Care - Madison Heights (1 spine) · Getwell Urgent Care- Madison Heights (1 spine),Mixed walk-in,,3,"350 E 12 Mile Rd, Madison Heights, Michigan, 48071",Yes
Sean,Tier 1,63bf16ad-3645-45fb-8f1d-e1eb3a131efc,Brigid Healthcare,PCP,Yes,,2,82,Troy,S-D03,"Hui Wang, PA (2 spine)",Comm/Medicare,,3,"3456 Rochester Rd, Troy, Michigan, 48083",Yes
Sean,Tier 1,1972593499,Sterling Physicians,PCP,Yes,,1,71,Sterling Heights,S-D03,"James Burtka, MD (1 spine)",Comm/Medicare,,1,"36040 Dequindre Road, Sterling Heights, Michigan, 48310",Yes
Sean,Tier 1,ce3b56cf-1381-41d0-b067-752448464958,Michigan Primary Care - Sterling Heights,PCP,Yes,,1,70,Sterling Heights,S-D01,"Aleksandra Tasevski, NP (1 spine)",Comm/Medicare,,1,"41400 Dequindre Rd, ste 121, Sterling Heights, Michigan, 48314",Yes
Sean,Tier 1,1205856432,Associates in Family Practice,PCP,Yes,,1,70,Sterling Heights,S-D01,"Fadi Oska, MD (1 spine)",Comm/Medicare,,2,"42755 Mound Rd, Sterling Heights, Michigan, 48314",Yes
Sean,Tier 1,62e680e9-a222-400d-9186-a369d13cf23f,Schoenherr Parkway Family Practice,PCP,Yes,,1,70,Sterling Heights,S-D01,"Mona Khater, MD (1 spine)",Comm/Medicare,,3,"13951 Plumbrook, Sterling Heights, Michigan, 48312",Yes
Sean,Tier 1,1bcc2e23-5fc1-428c-ad41-dc35c5345bf7,Get Well Urgent Care - Sterling Heights,Urgent Care,Yes,,1,70,Sterling Heights,S-D02,Get Well Urgent Care Of Sterling Heights (1 spine) · Get Well Urgent Care - Sterling Heights (1 ortho),Mixed walk-in,,2,"2567 Metro Parkway, Sterling Heights, Michigan, 48310",Yes
Sean,Tier 1,0b9485b1-39bd-4f21-8222-387834af8472,Kashat Urgent care,Urgent Care,Yes,,1,70,Sterling Heights,S-D03,"Ghazawan K Kashat, MD (1 spine)",Mixed walk-in,,1,"35200 Dequindre Road, Sterling Heights, Michigan, 48310",Yes
Sean,Tier 1,16c0ac85-6d3c-4c74-97b4-385a2a7fac00,Cornerstone Lakefront Internists,PCP,Yes,,1,70,St. Clair Shores,S-D04,"Benjamin Osowa, MD (1 spine)",Comm/Medicare,,1,"20952 Twelve Mile Rd ste 101, St. Clair Shores, Michigan, 48081",Yes
Sean,Tier 1,1043384555,Henry Ford Medical Center - East Jefferson,PCP,Yes,,1,70,Saint Clair Shores,S-D04,"Eshel Turk, MD (1 spine)",Mixed panel,,2,"24725 E Jefferson, Saint Clair Shores, MI, 48080",Yes
Sean,Tier 1,954353cc-a941-4b77-90f3-f3fb1c62e161,"DIAB AND KINNER INTERNAL MEDICINE, PC- use",PCP,Yes,,1,69,Warren,S-D02,"Carolann Kinner, DO (1 spine)",Comm/Medicare,,1,"29703 HOOVER RD STE A, WARREN, Michigan, 48093",Yes
Sean,Tier 1,1774d7c7-2d8b-42c6-9dac-78c2a9cf3ed8,Berkley Urgent Care,Urgent Care,Yes,,1,69,Berkley,S-D03,Berkley Urgent Care (1 spine),Mixed walk-in,,3,"3270 Greenfield Rd, Berkley, Michigan, 48072",Yes
Sean,Tier 1,1386634749,Tri-County Medical Clinic,PCP,Yes,,1,69,Sterling Heights,S-D03,"Kenneth J Wolok Do (1 spine) · Jeffrey S Deitch, DO (1 ortho)",Comm/Medicare,,2,"37450 DeQuindre Rd, Sterling Heights, MI, 48310",Yes
Sean,Tier 2,1700860103,Michigan Adult and Child Medicine,PCP,Yes,,0,56,Warren,S-D02,"Renee Y Paye, MD (2 ortho) · John Byrne, MD (1 ortho) · Jeffrey Fisher, MD (1 ortho)",Comm/Medicare,,4,"11885 E. 12 Mile Rd, Ste 100A, Warren, Michigan, 48093",Yes
Sean,Tier 2,719fbbb9-0131-4ed6-bfd7-14646d9c41fb,Sterling Heights Urgent Care,Urgent Care,Yes,,0,51,Sterling Heights,S-D01,Sterling Heights Urgent Care (2 ortho),Mixed walk-in,,3,"37771 Schoenherr Rd Suite 102, Sterling Heights, MI 48312, United States, Sterling Heights, Michigan, 48312",Yes
Sean,Tier 2,1750481842,Pioneer Medical Associates - Warren,PCP,Yes,,0,51,Warren,S-D02,Srinivas Koneru (1 ortho) · Robert Marcotte (1 ortho),Comm/Medicare,,2,"27540 Hoover Rd, Warren, MI, 480934505",Yes
Sean,Tier 2,1992798961,Downriver Internists,PCP,Yes,,0,50,Oak Park,S-D03,"Srinivas Gatla, MD (2 ortho)",Comm/Medicare,,2,"13801 W 9 Mile Rd, Oak Park, MI, 48237",Yes
Sean,Tier 2,c96dc780-a933-4f9f-aaa3-e1da22d0f35e,Roseville Family Practice,PCP,Yes,,0,50,Warren,S-D04,"Mark Holowinski, MD (2 ortho)",Comm/Medicare,,2,"28295 Schoenherr Road Suite C, Warren, Michigan, 48088",Yes
Sean,Tier 2,ec2dcadc-ce63-4324-aea0-52ae2b2bdd91,David S Weingarden MD & Associates,Orthopedic,Yes,,0,46,Clinton Township,S-D01,"David Davis, MD (1 ortho)",Comm/Medicare,,1,"43555 Dalcoma Dr suite 4 Clinton Twp, Clinton Township, Michigan, 48038",Yes
Sean,Tier 2,8ae19fc3-b1ab-4f35-ab71-b73d93833918,Get Well Urgent Care - Warren,Urgent Care,Yes,,0,46,Warren,S-D02,Get Well Urgent Care Warren (1 ortho),Mixed walk-in,,1,"26000 Hoover Rd, Warren, Michigan, 48089",Yes
Sean,Tier 2,3b700a13-2f3b-4e83-bd1f-61bd1cca19e6,Elite Family Medicine,PCP,Yes,,0,46,Sterling Heights,S-D03,"Maha Hasso, MD (1 ortho)",Comm/Medicare,,1,"33200 Dequindre Rd, Sterling Heights, Michigan, 48310",Yes
Sean,Tier 2,ea9682a6-09ea-4d32-a71d-171ffffb7847,Wattles Internal Medicine- use,PCP,Yes,,0,46,Troy,S-D03,"Mark Zohoury, DO (1 ortho)",Comm/Medicare,,1,"1950 E Wattles Rd suite 101, Troy, Michigan, 48085",Yes
Sean,Tier 2,1427049683,MyCare Health Center - Mt Clemens,PCP,Yes,,0,46,Mount Clemens,S-D04,Christine M Allor Fnp-c (1 ortho),MEDICAID? VERIFY,,1,"18 Market Street, ste C, Mount Clemens, MI, 48043",Yes
Sean,Tier 2,8c04fb31-3380-488f-aa8a-954ff32146f2,Epic Health - St Clair Shores,PCP,Yes,,0,46,St. Clair Shores,S-D04,"Ronald Barnett, DO (1 ortho)",Comm/Medicare,,1,"28001 Harper, St. Clair Shores, Michigan, 48081",Yes
Sean,Tier 2,1164469821,Waypointe Internal Medicine,PCP,Yes,,0,46,Saint Clair Shores,S-D04,"Sara Ann Fox, MD (1 ortho)",Comm/Medicare,,1,"24400 Greater Mack Ave, Saint Clair Shores, MI, 48080",Yes
Sean,Tier 2,f30f611c-772a-406a-9d92-231790b785c2,Sterling Medical Center & Urgent Care,Urgent Care,Yes,,0,46,Sterling Heights,S-D04,Mohammed Nader Bazzy (1 ortho),Mixed walk-in,,1,"13409 E 14 MILE RD, STERLING HEIGHTS, Michigan, 48312",Yes
Sean,Tier 2,d1255d1a-17e8-4765-bfe5-45c6c087c8ed,Toma & Yaldo Medical Center,PCP,Yes,,0,45,Sterling Heights,S-D01,"Raad Toma, MD (1 ortho)",Comm/Medicare,,1,"39150 Dequindre Rd suite 200, Sterling Heights, Michigan, 48310",Yes
Sean,Tier 2,476bc8e4-84c4-4063-97a9-b649ed44dddf,Horizon Care Medical Group - Warren,PCP,Yes,,0,45,Warren,S-D02,"Anthony Spearman, MD (1 ortho)",Comm/Medicare,,1,"26000 Hoover Rd #103, Warren, Michigan, 48089",Yes
Sean,Tier 2,573750f7-b7bd-4246-b7ac-f1217823639f,South Lyon Family Docs,PCP,Yes,,0,45,South Lyon,S-D03,"Brandy Eberhardt, DO (1 ortho)",Comm/Medicare,,1,"26006 Pontiac Trail, South Lyon, MI, 48178",Yes
Sean,Tier 2,e73f759b-87dc-444f-a504-b954ddeeace1,Masonic Medical Center - Ascension,PCP,Yes,,0,45,St. Clair Shores,S-D04,"Jeanette Elizabeth Wilson, MD (1 ortho)",Mixed panel,,1,"21099 Masonic, St. Clair Shores, Michigan, 48082",Yes
Sean,Tier 2,1780671461,Aquino Integrative Internal Medicine,PCP,Yes,,0,45,Roseville,S-D04,"Robert Aquino, DO (1 ortho)",Comm/Medicare,,1,"30695 Little Mack Avenue, ste 500, Roseville, Michigan, 48066",Yes
Sean,Tier 2,1063423176,Allied Internists,PCP,Yes,,0,45,Roseville,S-D04,"Wahed Ishaqsei, MD (1 ortho)",Comm/Medicare,,1,"18263 E 10 Mile Rd, ste E, Roseville, Michigan, 48066",Yes
Sean,Tier 2,da57adc9-a2cf-4705-886d-76146cbbde06,Office of David Mandy DO,Pediatrics,Yes,,0,44,Macomb Township,S-D01,David Mandy (1 ortho),Peds — low fit,Pediatric (Jul 20 rule),1,"46600 Romeo Plank, Ste. 4, Macomb Township, MI, 48044",Yes
Sean,Tier 3,1952519001,Beaumont Family Medicine - Sterling Heights,PCP,Yes,,0,23,Sterling Heights,S-D01,"Hany Eraqi, MD",Mixed panel,,1,"44250 Dequindre, Sterling Heights, MI, 483141002",Yes
Sean,Tier 3,97ae4125-fd10-47de-8cae-c053e42232d0,Academic Internal Medicine (Ascension),PCP,Yes,,0,21,Washington,S-D01,"Zain Kulairi, MD",Mixed panel,,1,"57850 Van Dyke Ave ste 600, Washington, Michigan, 48094",Yes
Sean,Prospect,1932273448,Henry Ford Medical Center - Warren,PCP,Yes,,0,9,Warren,S-D02,,Mixed panel,,0,"8600 Chicago Road St, Warren, MI, 48093",Yes
Kristen,Tier 1,2dd4a698-eeec-4552-98ba-d85b130bcc56,Mike Morse Law Firm,Attorney / Legal,Yes,,75,98,Southfield,K-D01,Mike Morse (75 spine),WC/Auto ✓,,94,"24901 Northwestern Highway, Southfield, Michigan, 48075",Yes
Kristen,Tier 1,83b9dec3-57ee-4777-b000-fcb1c228e6c7,Hesselberg Chiropractic,Chiropractor,Yes,,23,97,Ypsilanti,K-D05,"Jason Joseph Hesselberg, DC (22 spine) · Jason Dc Hesselberg (1 spine)",Comm+WC/PI,,23,"2900 Packard Street, Ypsilanti, Michigan, 48197",Yes
Kristen,Tier 1,8bd62ae0-e836-472d-84f6-a85688fd5524,Michigan Auto Law,Attorney / Legal,Yes,,10,97,Farmington Hills,K-D02,Mi Auto Law (9 spine) · Michigan Auto Law (1 spine) · Kevin Seiferheld (1 ortho),WC/Auto ✓,,15,"30101 Northwestern Hwy, Farmington Hills, Michigan, 48334",Yes
Kristen,Tier 1,92913d4d-edc4-462b-aecf-ef3f54198f09,Park Medical Centers,PCP,Yes,,5,99,Livonia,K-D05,"Richard Ozog, DO (4 spine) · Kathryn Marie Poulos, PA (1 spine)",Comm/Medicare,,12,"38253 Ann Arbor Road, Livonia, Michigan, 48150",Yes
Kristen,Tier 1,3b453978-15f0-429d-ab43-67d84178b21f,Kajy Law,Attorney / Legal,Yes,,5,98,Southfield,K-D06,Kajy Law (5 spine),WC/Auto ✓,,5,"18000 W Nine Mile Rd suite 1400, Southfield, Michigan, 48075",Yes
Kristen,Tier 1,b6033c7f-ac4e-4957-b3b0-519077da6c8d,Henry Ford Primary Care Center - 160,PCP,Yes,,5,97,Farmington Hills,K-D02,"May Antone, MD (4 spine) · Neeran Bajouka, MD (1 spine) · Neeran Yosif Bajouka, MD",Mixed panel,,6,"30055 Northwestern Hwy, Farmington Hills, Michigan, 48334",Yes
Kristen,Tier 1,e1df3a06-b408-47d1-8333-8e5c30e7bc97,DMC PRIMARY AND SPECIALTY CARE WEST BLOOMFIELD,PCP,Yes,,5,97,West Bloomfield,K-D07,"Mark Aronov, DO (3 spine) · Madhumitha Krishnamoorthy (2 spine)",Mixed panel,,6,"6525 W MAPLE RD STE 101E, WEST BLOOMFIELD, MI, 48322",Yes
Kristen,Tier 1,c9013f02-25d6-4df2-96f8-b4f1e9936878,Stonebrooke Family Physicians,PCP,Yes,,5,97,Rochester Hills,K-D09,"Ronald Bellisario, MD (2 spine) · Jennifer Haener, DO (1 spine) · Matthew T Ewald, MD (1 spine) · Elizabeth Ryman, PA (1 spine) · Katherine Becker Mitzner, DO (1 ortho) · Stacey Kastl, MD",Comm/Medicare,,17,"2940 Crooks Rd, Rochester Hills, Michigan, 48309",Yes
Kristen,Tier 1,86e7413a-57df-4cba-adee-c6d0a8e55b63,Ross Law,Attorney / Legal,Yes,,5,96,Southfield,K-D03,Ross Law (5 spine),WC/Auto ✓,,7,"29200 Northwestern Hwy, Southfield, Michigan, 48034",Yes
Kristen,Tier 1,89b27066-bd8f-45eb-b2ec-e3196a89a16c,Applebaum & Stone,Attorney / Legal,Yes,,5,95,Southfield,K-D10,Applebaum and Stone (5 spine),WC/Auto ✓,,7,"26777 Central Park Blvd suite 300, Southfield, Michigan, 48076",Yes
Kristen,Tier 1,5ffbe2ff-83ec-4e24-8d4f-4071334a9c5c,Vanstone Injury Law,Attorney / Legal,Yes,,5,94,,K-D11,Vanstone Law (3 spine) · Vanstone (2 spine),WC/Auto ✓,,5,"7031 Orchard Lake Rd West Bloomfield Township, Michigan, 48322",Yes
Kristen,Tier 1,568c9052-985c-48fa-b5bc-44baafba3dea,DMC Orthopedics - Commerce Township,Orthopedic,Yes,,3,91,,K-D07,"Mark Mackey, MD (1 spine)",Mixed panel,,3,"1 William Carls Drive, Michigan, 48382",Yes
Kristen,Tier 1,31597599-5a74-4f7a-8cb0-0ebbb4b41303,Hermann Banks MD PC,Neurology,Yes,,3,91,Livonia,K-D08,"Hermann Darwin Banks (2 spine) · Hermann Banks, MD (1 spine)",Comm/Medicare,,3,"14700 Farmington Rd, Livonia, Michigan, 48154",Yes
Kristen,Tier 1,e19f7675-d86b-445b-ad8d-c06409bfde92,Levine Clinic of Chiropractic,Chiropractor,Yes,,3,90,Farmington Hills,K-D03,"Richard Levine, DC (3 spine)",Comm+WC/PI,,5,"31390 Northwestern Hwy., Ste C, Farmington Hills, Michigan, 48334",Yes
Kristen,Tier 1,03095e36-e586-4709-8cd8-440a98b9bcd7,Beaumont Medical Center - Redford,PCP,Yes,,3,89,Redford Charter Township,K-D01,"Liza Weathersby, MD (2 spine) · Britani Alyce Marshall, MD (1 spine) · Britani Marshall, MD (1 ortho)",Mixed panel,,23,"15540 Beech Daly, Redford Charter Township, Michigan, 48239",Yes
Kristen,Tier 1,b70053c3-f0fd-41de-9386-95fcc448a738,Lifetime Family Care,PCP,Yes,,3,89,Madison Heights,K-D06,"Erica Balysh, DO (1 spine) · Colin David Orrin, DO (1 spine) · Erica N Balysh, DO (1 spine)",Comm/Medicare,,3,"26393 Dequindre Rd, Madison Heights, Michigan, 48071",Yes
Kristen,Tier 1,be4c4280-49d5-443c-b413-3471ee753d27,GARDEN CITY FAMILY PHYSICIANS,PCP,Yes,,3,89,Garden City,K-D12,"Angelica Francu, MD (3 spine)",Comm/Medicare,,6,"30900 FORD RD STE B, GARDEN CITY, MI, 48135",Yes
Kristen,Tier 1,e3d707da-675d-4d7c-9356-2f53ec4d8a2e,Village Medical - Livonia,PCP,Yes,,2,85,Livonia,K-D08,"Martin Erickson, DO (1 spine) · Village Medical Livonia (1 spine) · Sherri Rosenfeld, DO (2 ortho) · Paul Jackson, DO (1 ortho) · Joann Van Oast, PA (1 ortho)",Comm/Medicare,,6,"17800 Newburgh Road, Livonia, Michigan, 48152",Yes
Kristen,Tier 1,dda630a5-9d61-49cd-bec6-61084e47ddb9,Pulmonary & Medical Associates,PCP,Yes,,2,85,Warren,K-D13,"Shanna Pearson, DO (2 spine)",Comm/Medicare,,8,"27472 Schoenherr Rd #100, Warren, MI, 48088",Yes
Kristen,Tier 1,00-761-7874,Powers Family Medicine,PCP,Yes,,2,84,Farmington Hills,K-D01,"Sommer Shefferly, PA-C (2 spine) · William John Powers, DO (1 ortho)",Comm/Medicare,,3,"23700 Orchard Lake Rd, Farmington Hills, MI, 48336-2559",Yes
Kristen,Tier 1,ebcb6f7a-eb6b-4759-81d9-516e3dc36b67,Medical Clinic of Northville,PCP,Yes,,2,84,Northville,K-D14,"Ross A Summers, MD (1 spine) · Cheryl Anne Johnstone, MD (1 spine) · Mirella F Ducu, MD (5 ortho) · Mirella Ducu, MD (3 ortho) · Ross Summers, MD (2 ortho) · Lauren Cislo, PA (1 ortho)",Comm/Medicare,,18,"308 S Main St, Northville, Michigan, 48167",Yes
Kristen,Tier 1,8a6ae159-0242-4272-b933-bd11fc117733,Village Medical Farmington,PCP,Yes,,2,83,Farmington,K-D01,"Sandra Sabb, MD (1 spine) · Sheldon L Stern, DO (1 spine) · Sheldon Stern, DO",Comm/Medicare,,4,"23133 Orchard Lake Rd, Farmington, Michigan, 48336",Yes
Kristen,Tier 1,eebb725b-b031-43b9-a3d7-bfa83d77bc18,MedPro Primary Care,Urgent Care,Yes,,2,83,Madison Heights,K-D04,"Jaclyn Weber, PA (2 spine) · Samantha Demarce, NP (1 ortho)",Mixed walk-in,,4,"31005 John R Rd suite a, Madison Heights, Michigan, 48071",Yes
Kristen,Tier 1,13ba57d5-6bc6-4d44-8d40-efd8e7131d2e,Oakland Family Practice,PCP,Yes,,2,83,Warren,K-D04,"Zachary Kranz, DO (2 spine) · Ronald Hirsch, DO (5 ortho) · Keith Hoffman Msw (3 ortho) · Rachel Hetzner D, NP (2 ortho) · Michelle Millman Fnp-c (1 ortho)",Comm/Medicare,,17,"27650 Dequindre Road, Suite 2000, Warren, Michigan, 48092",Yes
Kristen,Tier 1,60-080-4525,Metro Medical Practice,PCP,Yes,,2,83,Troy,K-D04,"Alicja Bernarda Nerga, MD (2 spine)",Comm/Medicare,,3,"2891 E Maple Rd Ste 102, Troy, MI, 48083",Yes
Kristen,Tier 1,40477f1c-8f50-4f86-8e7e-a5431b7f2fe6,MNP,PCP,Yes,,2,83,Utica,K-D15,"Kasheena Shropshire, NP (2 spine)",Comm/Medicare,,11,"44225 Utica Road, Utica, Michigan, 48317",Yes
Kristen,Tier 1,d99edd32-fb45-4528-94d3-645792efefa1,Triumph chiropractic,Other / Verify,Yes,,2,82,Livonia,K-D01,Alexander Rodnick (2 spine),Comm/Medicare,,2,"20216 Farmington Road, Livonia, Michigan, 48152",Yes
Kristen,Tier 1,cc6d8767-1fad-4a5b-b658-38a67ea47a1c,"FARMINGTON HILLS  FAMILY PHYSICIANS, PLLC",PCP,Yes,,2,82,Farmington Hills,K-D02,"Mutahhar Ahmad, MD (2 spine)",Comm/Medicare,,2,"29930 W 12 MILE RD STE 6, FARMINGTON HILLS, Michigan",Yes
Kristen,Tier 1,d1393500-eb13-4514-9e0b-427f872ffa8b,Ivy Rehab - Farmington,PT,Yes,,2,82,Farmington,K-D02,"Andrea Aliseo D, PT (2 spine)",Comm/Medicare,,3,"23330  Rd Farmington, Farmington, Michigan, 48336",Yes
Kristen,Tier 1,fe708f7e-ac39-4cb4-91fb-ef244909b360,Carson Center Specialty,PCP,Yes,,2,82,Southfield,K-D03,"Yeva Soskina, MD (2 spine)",Comm/Medicare,,3,"29355 NORTHWESTERN HWY STE 120, SOUTHFIELD, MI, 48034",Yes
Kristen,Tier 1,797c97ec-e6b4-42b3-920e-e16a6364e0c9,Safir Law,Attorney / Legal,Yes,,2,81,Southfield,K-D02,Joel Safir (2 spine),WC/Auto ✓,,2,"29110 Inkster Road, Suite 150, Southfield, Michigan, 48034",Yes
Kristen,Tier 1,740ceb33-170d-402e-b5c2-8c204cf2bdf4,Victor Valentino Law,Attorney / Legal,Yes,,2,81,,K-D09,Victor Valentino (2 spine),WC/Auto ✓,,3,"43494 Woodward Ave Bloomfield Township, Michigan, 48302",Yes
Kristen,Tier 1,8f912f3f-f54b-4694-984f-06c26dcbe2a8,Steinberg Law Firm,Attorney / Legal,Yes,,2,80,Southfield,K-D10,Eric Steinberg (2 spine),WC/Auto ✓,,2,"29777 Telegraph Rd suite 1555, Southfield, Michigan, 48034",Yes
Kristen,Tier 1,85fd21cb-8cbc-4ead-9b3d-0cdbecdf7638,"AGHA INTERNAL MEDICINE AND ASSOCIATES, PC",PCP,Yes,,1,72,Livonia,K-D08,"Hooman Agha, MD (1 spine)",Comm/Medicare,,3,"15604 FARMINGTON RD, LIVONIA, MI, 48154",Yes
Kristen,Tier 1,44019f00-063b-4cdc-83d9-96ee51f8c6e3,Henry Ford Health Medical Center - Seven Mile Road,PCP,Yes,,1,72,Livonia,K-D08,"Matthew W Benedix, DO (1 spine) · Courtney Mehock, DO (1 ortho)",Mixed panel,,3,"37508 W SEVEN MILE RD, LIVONIA, Michigan",Yes
Kristen,Tier 1,9c2f2817-fae0-4fb0-b943-376aef6fc719,ROSE MEDICINE,PCP,Yes,,1,72,Bingham Farms,K-D10,"Oluwasayo Akinyosoye, MD (1 spine)",Comm/Medicare,,1,"31500 TELEGRAPH RD STE 115, BINGHAM FARMS, MI, 48025",Yes
Kristen,Tier 1,6771a475-3022-40fd-9db9-b8e0291f7082,Henry Ford Warren Family Physicians,PCP,Yes,,1,72,Warren,K-D13,"Randall Colvin, MD (1 spine) · Kristen Panozzo, DO (2 ortho) · Nabil Rizk, MD",Mixed panel,,4,"11270 East Thirteen Mile Road, Warren, Michigan, 48093",Yes
Kristen,Tier 1,04ad9387-b1fe-45cd-bd14-73188de8e04a,Corewell Health-East,PCP,Yes,,1,72,Warren,K-D13,"Pu Qin, MD (1 spine)",Mixed panel,,1,"29245 Ryan Rd suite 300, Warren, Michigan, 48092",Yes
Kristen,Tier 1,60ee8106-1f15-4abf-95a1-c2184761b159,Huron Family Practice Center,PCP,Yes,,1,72,Port Huron,K-D16,"Autumn A Whitten, PA-C (1 spine)",Comm/Medicare,,1,"1225 10th St, Port Huron, Michigan, 48060",Yes
Kristen,Tier 1,9dfbaa38-07b2-4017-9d71-ff4cd2ce42f7,Brentwood Pediatric Associates,Pediatrics,Yes,Have a number of older youth - 17 and 18 years old,1,71,Livonia,K-D08,"Ajey V Godbole, MD (1 spine) · Hassan Bazzy, DO (1 ortho)",Peds — low fit,Pediatric (Jul 20 rule),11,"33215 W Seven Mile Rd, Livonia, Michigan, 48152",Yes
Kristen,Tier 1,31b0544c-cc2c-4479-9df9-b11748ecefc7,Northpointe Pediatrics,Pediatrics,Yes,Have a number of older youth - 17 and 18 years old,1,71,Warren,K-D13,"Deanna Denysenko, DO (1 spine) · Allison Engel, MD (1 ortho) · Peter J Francis, MD (1 ortho)",Peds — low fit,Pediatric (Jul 20 rule),4,"30061 Schoenherr Rd, Warren, Michigan, 48088",Yes
Kristen,Tier 1,a5a045ce-889d-4018-81f5-3fd8d3d7af6b,"FERRIS, MARY C, MEDICAL GROUP",PCP,Yes,,1,71,Warren,K-D13,"Mary C Ferris, DO (1 spine)",Comm/Medicare,,7,"28111 HOOVER RD STE 1A, WARREN, Michigan",Yes
Kristen,Tier 1,1255427209,Swetech Medical Center,PCP,Yes,,1,71,Clinton Township,K-D15,"Jonathan Swetech, DO (1 spine) · Maria Swetech, MD",Comm/Medicare,,2,"43600 Garfield Rd, Clinton Township, Michigan, 48038",Yes
Kristen,Tier 1,137ab9e0-c65d-4932-9dc5-f8b83b872e50,Michigan Neurology and Spine Center,Pain,Yes,,1,71,Port Huron,K-D16,Carol Miller Fnp-bc (1 spine),Comm/Medicare,,1,"1103 7th St suite a, Port Huron, Michigan, 48060",Yes
Kristen,Tier 1,1073593174,Henry Ford Main Internal Medicine - Grosse Pointe,PCP,Yes,,1,71,Grosse Pointe,K-D17,"Donald M Rozzell, MD (1 spine)",Mixed panel,,1,"19251 Mack Ave #333, Grosse Pointe, Michigan, 48236",Yes
Kristen,Tier 1,9b2159ca-9617-4ade-8a25-85a92fcca972,Jefferson Family Practice (Cornerstone),PCP,Yes,,1,71,Grosse Pointe,K-D17,"Durga Mulpuri, MD (1 spine)",Comm/Medicare,,2,"15050 E Jefferson Ave suite 101, Grosse Pointe, Michigan, 48230",Yes
Kristen,Tier 1,7c32d0b4-c83f-4756-924c-9c8c74996a39,SHEIKH MEDICAL CENTER,PCP,Yes,,1,70,Farmington,K-D01,"Mohammad I Sheikh (1 spine) · Mary A Cameron, MD (1 ortho)",Comm/Medicare,,2,"22821 ORCHARD LAKE RD, FARMINGTON, MI, 48336",Yes
Kristen,Tier 1,5eb6a409-5e7b-430f-a462-af3a919cfc22,Corewell Internal Medicine Southfield,PCP,Yes,,1,70,Southfield,K-D02,"Adrian Laith Michel, MD (1 spine)",Mixed panel,,1,"29355 Northwestern Hwy #210, Southfield, Michigan, 48034",Yes
Kristen,Tier 1,ba00dba0-20f9-440b-8df0-799ade91a785,ORCHARD PRIMARY CARE,PCP,Yes,,1,70,Farmington Hills,K-D02,"Meghna Pathak, MD (1 spine)",Comm/Medicare,,1,"30852 W 10 MILE RD, FARMINGTON HILLS, MI, 48336",Yes
Kristen,Tier 1,a6779fd4-289a-49f7-8602-76dc1bf5764c,DEIGHTON FAMILY PRACTICE - use this one,PCP,Yes,,1,70,Southfield,K-D06,"Hamzah Badreddine, MD (1 spine)",Comm/Medicare,,3,"22250 PROVIDENCE DR STE 500, SOUTHFIELD, Michigan",Yes
Kristen,Tier 1,297a710c-01f5-41e0-9ffc-d1df69e9329d,SOUTHFIELD MEDICAL CLINIC AND PREMIER URGENT CARE AND WALK IN CLINIC,Urgent Care,Yes,,1,70,Southfield,K-D06,"Mansour MD, Yousif S/Ross Law (1 spine)",Mixed walk-in,,1,"17070 W 12 MILE RD STE A, SOUTHFIELD, Michigan, MI 48076",Yes
Kristen,Tier 1,97e1431f-4c5b-4ec4-b3a5-47267613937b,Rodnick Chiropractic,Chiropractor,Yes,,1,70,Commerce Charter Township,K-D07,Alex Rodnick (1 spine),Comm+WC/PI,,1,"2685 Union Lake Rd Commerce Charter Twp, Commerce Charter Township, Michigan, 48382",Yes
Kristen,Tier 1,f5f4f354-94f3-42a1-a3be-10f8a64cdaae,"PILLAY INTERNAL MEDICINE ASSOCIATES, PLLC",PCP,Yes,,1,70,Walled Lake,K-D07,"Jeet N Pillay, MD (1 spine)",Comm/Medicare,,3,"100 N POND DR STE C, WALLED LAKE, MI, 48390",Yes
Kristen,Tier 1,1da57554-aa50-483a-b1a8-060ff843ff7c,Wigod & Falzon,Attorney / Legal,Yes,,1,70,Southfield,K-D10,Wigod and Falzon (1 spine),WC/Auto ✓,,1,"25899 W 12 Mile Rd, Southfield, Michigan, 48034",Yes
Kristen,Tier 1,9021dee7-1935-4acc-9d3e-63f9e919459d,HENRY FORD MEDICAL CENTER FARMINGTON ROAD INTERNAL MEDICINE,PCP,Yes,,1,70,West Bloomfield,K-D11,"Jeffrey Finn, MD (1 spine) · Rashid Alsabeh, MD",Mixed panel,,2,"6530 FARMINGTON RD STE LL-02, WEST BLOOMFIELD, MI, 48322",Yes
Kristen,Tier 1,ff61f8fa-5169-42e7-aafe-f189027c5f3a,ARBOR LANE FAMILY PHYSICIANS,PCP,Yes,,1,70,Redford,K-D12,"Basil Abdo, MD (1 spine)",Comm/Medicare,,2,"24224 JOY RD STE 100, REDFORD, Michigan",Yes
Kristen,Tier 1,ea3dd183-15b5-491c-b6b5-55d6404f4a22,Lupo Chiropractic Center,Chiropractor,Yes,,1,70,Roseville,K-D13,Jeffrey Lupo (1 spine),Comm+WC/PI,,1,"27850 Gratiot Avenue, Roseville, Michigan, 48066",Yes
Kristen,Tier 1,1255345930,Village Medical - Northville West,PCP,Yes,,1,70,Northville,K-D14,"Nader Demeri, MD (1 spine)",Comm/Medicare,,1,"422 N Center St, Northville, Michigan, 48167",Yes
Kristen,Tier 1,940f0098-7ee4-47be-9425-5cd4bbc4dd0f,Team Rehabilitation  - Washington,PT,Yes,,1,70,Washington,K-D15,"Dave Genoff D, PT (1 spine) · Rami Maasri D, PT (1 ortho)",Comm/Medicare,,2,"64541 Van Dyke, Washington, Michigan, 48095",Yes
Kristen,Tier 1,b257a3dd-4296-4f0d-89f2-7d9f845a231e,John Mullally MD PC,PCP,Yes,,1,70,Port Huron,K-D16,"John Mullally, MD (1 spine)",Comm/Medicare,,2,"1117 Stone St suite 2, Port Huron, Michigan, 48060",Yes
Kristen,Tier 1,3a600778-0104-4e04-b9d4-feb46e567bd7,Mitchell Medical Center,PCP,Yes,,1,70,Port Huron,K-D16,"Katherine Blackwell, PA (1 spine)",Comm/Medicare,,8,"1209 10th St, Port Huron, Michigan, 48060",Yes
Kristen,Tier 1,1245235654,Port Huron Medicine Associates,PCP,Yes,,1,70,Port Huron,K-D16,"Cheryl Canto, MD (1 spine) · Pa-c Ashley Richardson (1 ortho)",Comm/Medicare,,6,"2540 16th St, Port Huron, MI, 480606405",Yes
Kristen,Tier 1,f4a7f5a0-d8e0-49ff-874a-04f12057fc5f,"FAMILY CARE CENTER OF HAMTRAMCK, PC",PCP,Yes,,1,70,Hamtramck,K-D17,"Meenakshi Sharma, MD (1 spine) · Bhupesh Sharma, MD (2 ortho)",Comm/Medicare,,4,"12169 JOSEPH CAMPAU ST, HAMTRAMCK, MI, 48212",Yes
Kristen,Tier 1,4c053f65-6667-471a-9d5b-ee08b564d031,Physician HealthCare Network Urgent Care and Walk In- Fort Gratiot,Urgent Care,Yes,,1,70,Fort Gratiot Township,K-D18,"Christopher Borgiel, MD (1 spine) · Stacie Hill, PA-C (4 ortho) · Daniel C Souphis, DO (3 ortho) · Farrukh Zaman Naqvi, MD (1 ortho)",Mixed walk-in,,15,"4190 24th Ave,  Suite 105, Fort Gratiot Township, Michigan, 48059",Yes
Kristen,Tier 1,e91e6824-c768-4d8f-a1d0-2c6cb005cc47,Lexington Family Medicine,PCP,Yes,,1,70,Lexington,K-D18,Christie S Laming (1 spine),Comm/Medicare,,1,"5294 Main Street, Lexington, Michigan, 48450",Yes
Kristen,Tier 1,ef22f4d0-c253-4bff-8a60-2a5eaa3168df,Yale Community Heath Center - VA Clinic,PCP,Yes,,1,70,Yale,K-D18,"Carolyn Richards, PA-C (1 spine) · Melissa Mariutza, NP (5 ortho) · Laura Brosius, NP (4 ortho) · Yale VA (4 ortho) · Michael Parslow, PA (3 ortho) · Tara Deters, PA-C (2 ortho)",Comm/Medicare,,22,"7470 South Brockway Road, Yale, Michigan, 48097",Yes
Kristen,Tier 1,6a6a4408-2a28-4e5b-aea6-b70d4b47d57c,Legacy Family Care,PCP,Yes,,1,69,Farmington Hills,K-D01,"Heather Koza, MD (1 spine)",Comm/Medicare,,1,"23800 Orchard Lake Rd suite 202, Farmington Hills, Michigan, 48336",Yes
Kristen,Tier 1,85043f4d-a0d7-448b-9a3d-e0943de69dd8,Jian Zu MD,PCP,Yes,,1,69,Southfield,K-D03,"Jian Zu, MD (1 spine)",Comm/Medicare,,1,"29355 Northwestern Hwy, Southfield, Michigan, 48034",Yes
Kristen,Tier 1,eab7d954-a523-466a-a75b-3eca7bf9c6d0,CoreMed - Commerce,PCP,Yes,,1,69,,K-D07,"Kelsey Skelton, PA-C (1 spine)",Comm/Medicare,,1,"2600 Union Lake Rd suite 140 Commerce Township, Michigan, 48382",Yes
Kristen,Tier 1,905d0bbb-d935-4258-8a1e-2e30d0a25987,IHA UNION LAKE PEDIATRICS,Pediatrics,Not sure,Need to get a handle on number of older kids in practice ,1,69,Commerce Township,K-D07,Courtney Elyse Palka (1 spine),Peds — low fit,Pediatric (Jul 20 rule),1,"2630 UNION LAKE RD STE 100, COMMERCE TOWNSHIP, Michigan",Not sure
Kristen,Tier 1,e7b52c83-5403-4607-98fb-61ffa473ccc4,"TWIN LAKES MEDICAL ASSOCIATES, PC",PCP,Yes,,1,69,Bloomfield,K-D09,"Priyesh Patel, MD (1 spine)",Comm/Medicare,,1,"43700 WOODWARD AVE STE 206, BLOOMFIELD, Michigan, MI 48302",Yes
Kristen,Tier 1,42b038b0-949b-46be-8843-e02868bb894a,Center For Hollistic Medicine,Other / Verify,Not sure,Practice is 90% holistic supplementation,1,69,West Bloomfield,K-D11,"Hailey L Brownstein, DO (1 spine)",Comm/Medicare,,1,"6089 W MAPLE RD STE 200, WEST BLOOMFIELD, Michigan",Not sure
Kristen,Tier 1,d62a30ae-10fe-4408-a2cc-7b0aa9422bb8,"MARY LEE, MD, PC",PCP,Yes,,1,69,West Bloomfield,K-D11,"Mary S Lee, MD (1 spine)",Comm/Medicare,,3,"5799 W MAPLE RD STE 163, WEST BLOOMFIELD, MI, 48322",Yes
Kristen,Tier 1,4de0cfd4-93f7-4efa-a4ed-25a3ceaf173b,Greg Monroe DO PC,PCP,Yes,,1,69,Westland,K-D12,"Gregory Monroe, DO (1 spine)",Comm/Medicare,,1,"6149 Elmwood Street, Westland, Michigan, 48185",Yes
Kristen,Tier 1,a1394f28-7761-4612-ab27-23681dcadac0,"TONI BALLITCH TRATE, DO, PC",PCP,Yes,,1,69,Farmington Hills,K-D14,"Toni Trate, DO (1 spine)",Comm/Medicare,,2,"38215 W 10 MILE RD STE 8, FARMINGTON HILLS, Michigan",Yes
Kristen,Tier 1,9db7de95-514d-45c7-8a73-449a08d1d590,Providence Park Pediatrics - Novi,Pediatrics,Yes,Have a number of older youth - 17 and 18 years old,1,69,Novi,K-D14,"Mala Gaind, MD (1 spine) · Melissa Hoisington, MD (1 ortho) · Ada Kendall, MD (1 ortho) · Lili Levy, MD (1 ortho) · Marcia J Newcombe, MD (1 ortho)",Peds — low fit,Pediatric (Jul 20 rule),6,"26850 PROVIDENCE PKWY STE 455, NOVI, Michigan",Yes
Kristen,Tier 1,03bf4090-11b2-4f44-94a5-662885cce913,Yale Family Care,PCP,Yes,,1,69,Yale,K-D18,"Seema K Doshi, MD (1 spine)",Comm/Medicare,,2,"333 Gordon Drive, Yale, Michigan, 48097",Yes
Kristen,Tier 1,26a4f321-2be3-4d5d-8cf6-335d1fd38f12,Ross Gilders Law,Attorney / Legal,Yes,,1,68,Royal Oak,K-D06,Ross Gilders (1 spine) · Ross Gilders Law (1 ortho),WC/Auto ✓,,3,"215 East 4th Street, Royal Oak, Michigan, 48067",Yes
Kristen,Tier 1,1ddf5ef9-8562-4164-9faa-60a49c6aa066,Christensen Law,Attorney / Legal,Yes,,1,67,Southfield,K-D01,Christensen Law (1 spine),WC/Auto ✓,,1,"25925 Telegraph Road, Suite 200, Southfield, Michigan, 48033",Yes
Kristen,Tier 1,57c8b393-1204-4def-8cf0-5461a39e5e14,Blue Water Urgent Care,Urgent Care,No,95% Medicaid,1,67,Marysville,K-D16,Blue Water Urgent Care (1 spine),Mixed walk-in,,1,"1600 Gratiot Blvd suite 1, Marysville, Michigan, 48040",No
Kristen,Tier 2,22476694-35cd-4d2b-b17f-07cee1f1db4b,Henry Ford Health - Family Medicine 8 Mile Livonia,PCP,Yes,,0,59,Livonia,K-D01,"Kelly Fitzgibbons, MD (2 ortho) · Joseph V Giannola, MD (1 ortho) · Samantha Cherise Wein, MD (1 ortho) · William Paul White, MD (1 ortho)",Mixed panel,,5,"33523 Eight Mile Rd m2, Livonia, Michigan, 48152",Yes
Kristen,Tier 2,bc73cba3-b59d-4259-8bb7-6129abd353ab,"WAYNE MEDICAL CENTER, PLLC",PCP,Yes,,0,59,Westland,K-D05,"Modini Liyanage, MD (4 ortho)",Comm/Medicare,,4,"1203 S WAYNE RD, WESTLAND, Michigan",Yes
Kristen,Tier 2,1184660490,Internal Medicine & Primary Care Specialists- 1010,PCP,Yes,,0,58,West Bloomfield,K-D07,"Rachel West, PA (2 ortho) · Lawrence Dell, MD (1 ortho) · Eric Rosenbaum, DO (1 ortho)",Comm/Medicare,,4,"2300 Haggerty Road, ste 1010, West Bloomfield, MI, 48323",Yes
Kristen,Tier 2,d7144e2d-aac6-4f68-a775-78db28d6b445,Primal Recovery and PT,PT,Yes,,0,58,Livonia,K-D08,"Spencer Nolff D, PT (4 ortho)",Comm/Medicare,,4,"36600 Plymouth Road, Livonia, Michigan, 48150",Yes
Kristen,Tier 2,1558340356,Legacy Family Medicine,PCP,Yes,,0,58,Sterling Heights,K-D13,"Anthony Sayegh, DO (4 ortho)",Comm/Medicare,,4,"35429 Schoenherr Rd, Sterling Heights, MI, 48312",Yes
Kristen,Tier 2,63a72095-741a-43fe-b865-a1f6398ee484,"PRAVEEN MODI, MD, PC",PCP,Yes,,0,57,Plymouth,K-D05,"Praveen K Modi, MD (9 ortho)",Comm/Medicare,,9,"9857 N HAGGERTY RD, PLYMOUTH, Michigan, MI 48170",Yes
Kristen,Tier 2,bb55a71e-e12b-49be-9449-435cdc38cca4,Premier Pediatrics Dearborn Heights,Pediatrics,Not sure,"Need to get handle on number of ""older"" ped patients",0,57,Dearborn Heights,K-D12,"Mazen Hamameh, DO (4 ortho)",Peds — low fit,Pediatric (Jul 20 rule),4,"22318 Ford Road, Dearborn Heights, Michigan, 48127",Not sure
Kristen,Tier 2,eca14fb7-48cb-4968-b258-b97a854b34c1,Patrick Kut MD PC,PCP,Yes,,0,57,Marysville,K-D16,"Patrick Kut, MD (4 ortho)",Comm/Medicare,,4,"1985 Gratiot Boulevard, Marysville, Michigan, 48040",Yes
Kristen,Tier 2,2f39cd70-3e7f-4323-8222-52b01a24c007,SUNNY PEDIATRICS AND FAMILY,Pediatrics,Yes,,0,56,Canton,K-D05,"Sana Syed, MD (5 ortho) · Navin Raj, MD (2 ortho)",Peds — low fit,Pediatric (Jul 20 rule),7,"5820 N CANTON CENTER RD STE 186, CANTON, Michigan",Yes
Kristen,Tier 2,ff1e6dda-d122-4127-b4fe-e380950051e4,Souva PT and Performance,PT,Yes,,0,55,,K-D15,"Jake Souva D, PT (6 ortho)",Comm/Medicare,,6,"51220 Van Dyke Ave Shelby Township, Michigan, 48316",Yes
Kristen,Tier 2,2217eb9b-1f7c-434b-9c5f-77ebd185fb7c,iTest Health Family Medicine,PCP,Yes,,0,53,Livonia,K-D08,"Stacey Bartell, MD (2 ortho)",Comm/Medicare,,2,"14700 Farmington Rd suite 105, Livonia, Michigan, 48154",Yes
Kristen,Tier 2,4b1cacba-85fb-4f63-8660-c3314cf72677,Trinity IHA Primary Care - Schoolcraft Campus,PCP,Yes,,0,53,Livonia,K-D14,"Jenny Shih, DO (2 ortho) · Michelle Klink, DO (1 ortho)",Mixed panel,,3,"19000 St Joe's Pkwy suite 200, Livonia, Michigan, 48152",Yes
Kristen,Tier 2,cc9cf66d-2e3c-4e56-9aeb-85ba4b7e600c,Cornerstone St. Clair Internists,PCP,Yes,,0,53,Shelby Township,K-D15,"Mark Dukaj, MD (2 ortho) · Bryan Eastes (1 ortho)",Comm/Medicare,,3,"45640 Schoenherr Rd, Shelby Township, Michigan, 48315",Yes
Kristen,Tier 2,8afa43db-e543-40bf-9328-2479a24606d8,Internal Medicine Associates Port Huron,PCP,Yes,,0,53,Port Huron,K-D16,"Riad Robert Hajjar, MD (1 ortho) · Sajjad Saeed (1 ortho)",Comm/Medicare,,2,"1201 Stone St suite 5, Port Huron, Michigan, 48060",Yes
Kristen,Tier 2,8c2316fd-41e0-4fe5-b02a-8a481768ec08,Grosse Pointe Physicians and Surgeons,PCP,Yes,,0,53,Grosse Pointe,K-D17,"Andrew Kotsis, DO (2 ortho)",Comm/Medicare,,2,"17000 Kercheval Ave suite 205, Grosse Pointe, Michigan, 48230",Yes
Kristen,Tier 2,045c37c9-22cf-4959-b217-ecbbf986a60c,Dr. Carley and Associates,PCP,Yes,,0,53,Port Huron,K-D18,"Reid Stromberg, MD (2 ortho)",Comm/Medicare,,2,"1943 Holland Ave, Port Huron, Michigan, 48060",Yes
Kristen,Tier 2,1598941148,Sterling Family Medicine,PCP,Yes,,0,52,Warren,K-D04,"Oleh Bolukh, MD (2 ortho)",Comm/Medicare,,2,"2539 E 12 Mile Rd, Warren, MI, 48092",Yes
Kristen,Tier 2,cac69af6-f814-4339-a4f4-d8cd7112ec3c,Silver Pine Medical Group - Sterling Heights,PCP,Yes,,0,52,Sterling Heights,K-D15,"Jennifer L Hichme, MD (1 ortho) · Steven J Thibault, MD (1 ortho)",Comm/Medicare,,3,"43455 Schoenherr Rd ste 2, Sterling Heights, Michigan, 48313",Yes
Kristen,Tier 2,3edb39b0-eee8-436d-b215-e28e186500be,Corewell Health Farmington Hills Hospital Family Medicine,PCP,Yes,,0,51,Farmington Hills,K-D01,"Matthew Sebastian, DO (2 ortho) · Annie Craib, DO (1 ortho)",Mixed panel,,4,"28100 GRAND RIVER AVE STE 313, FARMINGTON HILLS, Michigan",Yes
Kristen,Tier 2,4854db87-cb06-45bd-9c8a-7a3e77cfa827,Henry Ford Internal & Family Medicine - Farmington Hills -170,PCP,Yes,,0,51,Farmington Hills,K-D02,"Nahid Elyas, MD (2 ortho)",Mixed panel,,2,"30055 Northwestern Hwy suite 170, Farmington Hills, Michigan, 48334",Yes
Kristen,Tier 2,f4e08b14-ec91-4b48-b82c-2c7f762bf721,Corewell Health Family Medicine - Farmington Hills,PCP,Yes,,0,51,Farmington Hills,K-D03,"Renee Farah, MD (1 ortho) · Renee Afram Farah, MD (1 ortho) · Valerie Johnson, MD (1 ortho)",Mixed panel,,4,"29645 W 14 mile rd, ste 110, FARMINGTON HILLS, Michigan, 48334",Yes
Kristen,Tier 2,795ab9a0-8c97-4995-83b6-2fe8b10fcf2a,MDVip - Southfield,PCP,Yes,,0,51,Southfield,K-D03,"Sandra S Lerner, DO (2 ortho)",Comm/Medicare,,2,"29275 Northwestern Hwy suite 202, Southfield, Michigan, 48034",Yes
Kristen,Tier 2,e81bc37f-2055-4c48-8e89-e2bca87d2f73,"FAMILY MEDICINE, PC",PCP,Yes,,0,51,Southfield,K-D03,"Rodrigo Tobar, DO (2 ortho)",Comm/Medicare,,2,"29255 NORTHWESTERN HWY STE 203, SOUTHFIELD, Michigan",Yes
Kristen,Tier 2,70091951-e0bd-42eb-9eb7-c5be5ce88649,Pryde Athletics and Physical Therapy,PT,Yes,,0,51,Canton,K-D05,"Joe Pryde Athletics Martenka D, PT (1 ortho) · Amanda - Pryde Athletics Pickworth D, PT (1 ortho)",Comm/Medicare,,2,"5624 Research Drive, Canton, Michigan, 48188",Yes
Kristen,Tier 2,ad377c20-ff69-40a9-a224-4a5787ab13bb,MHP - West,PCP,Yes,,0,51,Westland,K-D05,"Stewart Baroff, DO (3 ortho)",Comm/Medicare,,3,"6149 North Wayne Road, Westland, Michigan, 48185",Yes
Kristen,Tier 2,49af378b-9c15-4649-815d-958a79af2f84,Superior Family Medicine - Health Venters Detroit -use this onea,PCP,Yes,,0,51,Southfield,K-D06,"James Haney, DO (2 ortho)",Comm/Medicare,,2,"23077 Greenfield Rd suite 400, Southfield, Michigan, 48075",Yes
Kristen,Tier 2,8d7b190e-e89f-4b22-b037-7042bcdd7579,MICHIGAN PREMIER INTERNISTS,PCP,Yes,,0,51,Royal Oak,K-D09,"Helen Ostro Brown, MD (2 ortho)",Comm/Medicare,,2,"2033 CROOKS RD, ROYAL OAK, MI, 48073",Yes
Kristen,Tier 2,5090dcdb-4928-46db-ad3f-6b5e013d2d53,Corewell Urgent Care - Allen Park,Urgent Care,Yes,,0,51,Allen Park,K-D12,Corewell Uc Allen Park (1 ortho) · Corewell Urgent Care Allen Park (1 ortho),Mixed panel,,2,"5606 Southfield Road, Allen Park, Michigan, 48101",Yes
Kristen,Tier 2,7db80555-4d31-47b0-904c-cd43fb08b2ee,Corewell Health Urgent Care - Garden City,Urgent Care,Yes,,0,51,Garden City,K-D12,Corewell Urgent Care Garden City (1 ortho) · Corewell UC Garden City (1 ortho),Mixed panel,,3,"6200 Middlebelt Road, Garden City, Michigan, 48135",Yes
Kristen,Tier 2,45376ca8-4cd3-43e5-945d-5f6309bac752,BEAUMONT FAMILY MEDICINE WESTLAND,PCP,Yes,,0,51,Westland,K-D12,"Tyler Drewry, MD (2 ortho) · Elizabeth Ann Lewan, DO (1 ortho)",Mixed panel,,3,"2001 S MERRIMAN RD STE 100, WESTLAND, Michigan",Yes
Kristen,Tier 2,9019b0af-745f-41ea-a4ab-4e72321359d9,Haller and Hug Internal Medicine,PCP,Yes,,0,51,Farmington Hills,K-D14,"Heather Molnar, MD (2 ortho) · Jeffrey Haller, MD",Comm/Medicare,,12,"27555 Farmington Rd suite 120, Farmington Hills, Michigan, 48334",Yes
Kristen,Tier 2,2a800701-496e-4bcf-b305-aa1a21a3c7ef,ASCENSION MEDICAL GROUP PROVIDENCE FAMILY AND ATHLETIC MEDICINE,PCP,Yes,,0,51,Novi,K-D14,"Paolo Nino Balmaseda (1 ortho) · Gregory Cibor, DO (1 ortho) · David Peck, MD",Mixed panel,,3,"26750 PROVIDENCE PKWY STE 210, NOVI, MI, 48374",Yes
Kristen,Tier 2,df60078e-201f-47fc-b9e3-dea78ab7c916,Ivy Rehab - Novi,PT,Yes,,0,51,Novi,K-D14,"Emily Jesser D, PT (2 ortho)",Comm/Medicare,,2,"43440 W Oaks Dr, Novi, Michigan, 48377",Yes
Kristen,Tier 2,1134195258,Physician HealthCare Network,PCP,Yes,,0,51,Lenox,K-D15,"Pietro Cavataio, MD (1 ortho) · Antonio Colombo (1 ortho)",Comm/Medicare,,2,"36267 26 Mile Road, Suite 3, Lenox, MI, 48048",Yes
Kristen,Tier 2,a086480a-231f-4bcb-9889-891475aa37b8,Blue Water Internal Medicine PC,PCP,Yes,,0,51,Port Huron,K-D16,"Emad Daher, MD (2 ortho)",Comm/Medicare,,2,"1210 10th Avenue, Port Huron, Michigan, 48060",Yes
Kristen,Tier 2,6904e522-5104-4c29-ae02-e787473b0edf,Physician HeathCare Network - Michele Raymond DO,PCP,Yes,,0,51,Port Huron,K-D16,"Danielle Sabala, NP (2 ortho) · Michele L Raymond, DO (1 ortho)",Comm/Medicare,,3,"2425 Military St building 2, Port Huron, Michigan, 48060",Yes
Kristen,Tier 2,a05c84d7-ae44-4f75-a80e-972ce19c5477,Hamtramck Community Medical Center,PCP,Yes,,0,51,Hamtramck,K-D17,"Redwan Uddin, MD (2 ortho)",Comm/Medicare,,3,"9740 Conant, Hamtramck, Michigan, 48212",Yes
Kristen,Tier 2,16b28f94-4956-4a84-8936-0ae7dbe24994,Wadhams Family Care,PCP,Yes,,0,51,Kimball,K-D18,"Gary James, DO (2 ortho)",Comm/Medicare,,2,"5312 Lapeer Rd, Kimball, Michigan, 48074",Yes
Kristen,Tier 2,7adfcce2-7d98-4f4d-aaa5-95eb30889397,Marko Law,Attorney / Legal,Yes,,0,49,Detroit,K-D17,Marko Law (2 ortho),WC/Auto ✓,,2,"220 W Congress St, Detroit, Michigan, 48226",Yes
Kristen,Tier 2,7e594070-5f19-4b0e-982f-f339ee92109c,Village Medical Wayne,PCP,Yes,,0,48,Westland,K-D05,"Robert Coleman Brock, DO (1 ortho)",Comm/Medicare,,2,"400 N Wayne Rd, Westland, Michigan, 48185",Yes
Kristen,Tier 2,04-330-7414,Beverly Hills Internal Medicine,PCP,Yes,,0,48,Beverly Hills,K-D09,"Nidhi Shishu, MD (1 ortho)",Comm/Medicare,,1,"17392 W 13 Mile Rd, Beverly Hills, MI, 48025-5438",Yes
Kristen,Tier 2,297c1d83-ce5b-4ce5-b393-97b656f9b2c7,METROPOLITAN MEDICAL ASSOCIATES,PCP,Yes,,0,48,Warren,K-D13,"Archi Trivedi, MD (1 ortho)",Comm/Medicare,,1,"28111 HOOVER RD STE 2A, WARREN, MI, 48093",Yes
Kristen,Tier 2,4182fa5f-6d87-4037-9102-1014f5d60056,GROSSE POINTE PARK INTERNAL MEDICINE CENTER,PCP,Yes,,0,48,Grosse Pointe,K-D17,"Michael Francis, DO (1 ortho)",Comm/Medicare,,1,"15200 KERCHEVAL AVE, GROSSE POINTE, MI, 48230",Yes
Kristen,Tier 2,97837698-b314-4e35-a9af-a63d6305dc5b,Blue Water Urgent Care - Port Huron,Urgent Care,Yes,,0,48,Port Huron,K-D18,Blue Water Urgent Care Port Huron (1 ortho),Mixed walk-in,,1,"1612 10th Avenue, Port Huron, Michigan, 48060",Yes
Kristen,Tier 2,1013009901,Plumbrook Medical Center,PCP,Yes,,0,47,Sterling Heights,K-D04,"Fredric Neumann, DO (1 ortho)",Comm/Medicare,,1,"39880 Van Dyke, Sterling Heights, MI, 48313",Yes
Kristen,Tier 2,31a45584-b284-4569-b97c-27016e2c1362,Dr. Robin’s Heath and Wellness Center,PCP,Yes,,0,47,Livonia,K-D08,"Robin L Lipski, DO (1 ortho)",Comm/Medicare,,1,"14700 Farmington Road, Suite 103, Livonia, Michigan, 48154, United States, Livonia, Michigan, 48154",Yes
Kristen,Tier 2,c53a52e1-de9e-438f-87b9-f80c5bf3c183,NICOLOFF HOLISTIC FAMILY MEDICINE,PCP,No,holistic med - doesn't see reps,0,47,Livonia,K-D08,"George Nicoloff, MD (1 ortho)",Comm/Medicare,,1,"15510 FARMINGTON RD, LIVONIA, MI, 48154",No
Kristen,Tier 2,b1d08ae6-47db-4f5e-ae59-860765486ca0,Mark Sisson Law,Attorney / Legal,Yes,,0,47,Bingham Farms,K-D10,Mark Sisson Law (1 ortho),WC/Auto ✓,,1,"30200 Telegraph Rd, Bingham Farms, Michigan, 48025",Yes
Kristen,Tier 2,522bb9a7-68be-41af-9408-b29b136875e0,Health Care Medical Center,PCP,Yes,,0,47,Center Line,K-D13,"Vinod Kohli, MD (1 ortho)",Comm/Medicare,,1,"25511 Van Dyke Ave, Center Line, Michigan, 48015",Yes
Kristen,Tier 2,85ababc7-e294-4225-8cc7-28b8a5b1b9e2,Henry Ford Internists - Farmington Hills 150,PCP,Yes,,0,46,Farmington Hills,K-D02,"Seth A Goldman, DO (1 ortho)",Mixed panel,,1,"30055 Northwestern Hwy #150, Farmington Hills, Michigan, 48334",Yes
Kristen,Tier 2,1841257029,Bully Family Physicians,PCP,Yes,,0,46,Southfield,K-D03,"Tammie Bully, MD (1 ortho)",Comm/Medicare,,2,"29425 NORTHWESTERN HIGHWAY STE 330, Southfield, MI, 48034",Yes
Kristen,Tier 2,227a3faf-d636-4f07-adbf-db1d49776b27,Troy Internal Medicine,PCP,Yes,,0,46,Troy,K-D04,"Joseph Gamalski, DO (1 ortho)",Comm/Medicare,,1,"4600 Investment Dr, ste 300, Troy, MI, 48098",Yes
Kristen,Tier 2,e07e12c2-6f7f-48ec-bcea-556f883be0ea,Purdy Chiropractic Center,Chiropractor,Yes,,0,46,Sterling Heights,K-D04,"Nicole Purdy- Cantu, DC (1 ortho)",Comm+WC/PI,,1,"37257 Mound Road, Sterling Heights, Michigan, 48310",Yes
Kristen,Tier 2,7f38b648-2666-44e3-ad8a-135b873364c5,BASEL BRIKHO MEDICAL GROUP - use this one,PCP,Yes,,0,46,Sterling Heights,K-D04,Mada H Jamil Md Mph (1 ortho),Comm/Medicare,,1,"6055 19 MILE RD, STERLING HEIGHTS, Michigan, 48314",Yes
Kristen,Tier 2,ea50a287-34fb-4325-8a2e-5ba156145624,Plymouth Urgent Care,Urgent Care,Yes,,0,46,Plymouth,K-D05,Plymouth Urgent Care (1 ortho),Mixed walk-in,,1,"41424 Ann Arbor Rd, Plymouth, Michigan, 48170",Yes
Kristen,Tier 2,81d28e80-f8a8-4a1f-a027-35e8a21e8366,Pavilion Family Practice - use this one,PCP,Yes,,0,46,Southfield,K-D06,"Lauren Uroda, MD (1 ortho)",Comm/Medicare,,1,"23077 GREENFIELD RD STE 195, SOUTHFIELD, MI, 48075",Yes
Kristen,Tier 2,2042f8c4-062b-497d-93cd-a5501bc57707,APH - Pavillion IM Use this one,PCP,Yes,,0,46,Southfield,K-D06,"Yosef Yitzchok Huber, MD (1 ortho)",Comm/Medicare,,1,"22250 Providence Drive #702, Southfield, Michigan, 48075",Yes
Kristen,Tier 2,74b8c0cb-3736-44a0-9158-3b8106c9c58f,IPHCA,PCP,Yes,,0,46,Commerce Township,K-D07,"Suzan Syed, MD (1 ortho)",Comm/Medicare,,1,"4057 Pioneer Dr, Suite 300, Commerce Township, Michigan, 48390",Yes
Kristen,Tier 2,81f49d59-3845-4c1e-8a21-7b2a067375e5,Oakland Integrated Healthcare Network,PCP,Yes,,0,46,Pontiac,K-D09,"Faisal M Shareefuddin, MD (1 ortho)",MEDICAID? VERIFY,,1,"114 Orchard Lake Rd, Pontiac, Michigan, 48341",Yes
Kristen,Tier 2,1a773df8-9f15-454d-a12a-8fd6751d4903,"CHARLES G GODOSHIAN, MD, PC",PCP,Yes,,0,46,Southfield,K-D10,"Charles G Godoshian, MD (1 ortho)",Comm/Medicare,,1,"27177 LAHSER RD STE 104, SOUTHFIELD, MI, 48034",Yes
Kristen,Tier 2,078d2fa6-e81c-41d1-95f2-04234d511192,Legend Health - Now One Health,PCP,Yes,,0,46,Southfield,K-D10,"Theresa Brietzke (1 ortho) · David Williams, MD",Comm/Medicare,,3,"29201 Telegraph Rd, ste 403, Southfield, MI, 48034",Yes
Kristen,Tier 2,1972588259,Millenium Associated Physicians - 130A,PCP,Yes,,0,46,Farmington Hills,K-D11,"Barry Feldman, MD (1 ortho)",Comm/Medicare,,1,"32255 Northwestern Highway, Suite 130A, Farmington Hills, MI, 48334",Yes
Kristen,Tier 2,27e5353b-7c0d-406b-be13-0d0eb3c3e200,Millennium Affiliated Physicians - 130B,PCP,Yes,,0,46,Farmington Hills,K-D11,"Michael White, MD (1 ortho) · Geoffrey Trivax, MD",Comm/Medicare,,2,"32255 NORTHWESTERN HWY STE 130B, FARMINGTON HILLS, Michigan, 48334",Yes
Kristen,Tier 2,23ff4711-fcf4-4eb3-bd86-aa07b5332791,Premier Internists - Suite 180,PCP,Yes,,0,46,Farmington Hills,K-D11,"Peter Lipson, MD (1 ortho) · Samer A Ilayan · Michael Kizy, MD",Comm/Medicare,,5,"32255 NORTHWESTERN HWY STE 180, FARMINGTON HILLS, Michigan, 48334",Yes
Kristen,Tier 2,617ab041-696a-4d5d-92bd-eb43c5eb4276,ALLEN PARK FAMILY PHYSICIANS,PCP,Yes,,0,46,Allen Park,K-D12,"Patrick R Vandehey, DO (1 ortho) · Patrick Vandehey",Comm/Medicare,,2,"7445 Allen Road, Allen Park, Michigan, 48101",Yes
Kristen,Tier 2,ff31198c-887e-4720-94cd-4d7fb158d9b5,WESTLAND CLINIC - use,PCP,Yes,,0,46,Westland,K-D12,"Jodie Colman, NP (1 ortho)",Comm/Medicare,,1,"6149 N WAYNE RD, WESTLAND, MI, 48185",Yes
Kristen,Tier 2,f6ae01d5-e2aa-485f-93b1-7586e5fdcd26,Physician HeathCare Network - Marysville,PCP,Yes,,0,46,Marysville,K-D15,"John D Colombo, MD (1 ortho)",Comm/Medicare,,1,"3350 Gratiot Boulevard, Marysville, Michigan, 48040",Yes
Kristen,Tier 2,b4513fe8-6a5e-436a-8c89-648ea99ad482,Lake Huron Medical Center - Fort Gratiot,PCP,Yes,,0,46,Fort Gratiot,K-D18,"Rubaiya Faruque, DO (1 ortho)",Comm/Medicare,,1,"4190 24th Avenue, Suite 208, Fort Gratiot, Michigan, 48059",Yes
Kristen,Tier 2,292b69e3-3f35-422f-a60b-87c0ddf678d1,McLaren Port Huron Fort Gratiot Internal Medicine,PCP,Yes,,0,46,Fort Gratiot,K-D18,"Jason Whateley, MD (1 ortho)",Mixed panel,,1,"5979 Lakeshore Rd Fort Gratiot Twp, Fort Gratiot, Michigan, 48059",Yes
Kristen,Tier 2,2ac1e0f1-866e-4ffa-a132-1099d6d87433,Croswell Clinic - McKenzie Health System,PCP,Yes,,0,46,Croswell,K-D18,"Matthew Gormley, MD (1 ortho)",Comm/Medicare,,1,"8 N Howard Ave, Croswell, Michigan, 48422",Yes
Kristen,Tier 2,01-484-0595,Neil King Physical Therapy,PT,Yes,,0,45,Rochester Hills,K-D04,"Jordan Tomei D, PT (1 ortho)",Comm/Medicare,,1,"141 Hampton Cir, Rochester Hills, MI, 48307-4103",Yes
Kristen,Tier 2,b674ee01-88b6-42e2-8d45-e1de4891ab56,Limitless Physical Therapy and Performance,PT,Yes,,0,45,Rochester,K-D09,"Seth King D, PT (1 ortho)",Comm/Medicare,,1,"1136 S  Rd suite c Rochester, Rochester, Michigan, 48307",Yes
Kristen,Tier 2,edf56788-9b9d-4f4d-a93a-59a09f7cb794,"WEST BLOOMFIELD INTERNAL MEDICINE, PLLC",PCP,Yes,,0,45,West Bloomfield,K-D11,"James Bragman, DO (1 ortho)",Comm/Medicare,,2,"6014 W MAPLE RD, WEST BLOOMFIELD, Michigan, MI 48322",Yes
Kristen,Tier 2,e5e6ea92-d9c9-49c0-b1f3-b645b04e1adb,WELL BEING PEDIATRICS,Pediatrics,Yes,Need to evaluate number of older peds for spine,0,45,Novi,K-D14,"Seth Forman, MD (1 ortho)",Peds — low fit,Pediatric (Jul 20 rule),1,"46325 W 12 MILE RD STE 240, NOVI, Michigan",Yes
Kristen,Tier 2,6185c99b-b972-4582-aac1-b784f9730bb5,Team Rehab - SMA Bloomfield Hills,PT,Yes,,0,44,,K-D09,"Lorenzo Dipace D, PT (1 ortho)",Comm/Medicare,,1,"36880 Woodward Ave Bloomfield Township, Michigan, 48304",Yes
Kristen,Tier 2,1235164872,Kids First Pediatrics,Other / Verify,No,closed,0,43,Hazel Park,K-D06,"Ami Hatta, MD (1 ortho)",Comm/Medicare,Pediatric (Jul 20 rule),1,"350 East 9 Mile Rd, Hazel Park, Michigan, 480301842",No
Kristen,Tier 3,1134320930,Berry Johnson Health,PCP,Yes,,0,33,Southfield,K-D03,"Neesha R Berry, MD · Nijuanna Irby- Johnson, MD",Comm/Medicare,,14,"26400 West 12 Mile Road, Southfield, Michigan, 48034",Yes
Kristen,Tier 3,b2c94565-78b1-460d-a80d-4d507a1ddb7d,Internal Medicine Physicians #170,PCP,Yes,,0,26,Farmington Hills,K-D03,"Mitchell Klausner, MD · Barry M Moss, MD",Comm/Medicare,,3,"32255 NORTHWESTERN HWY STE 170, FARMINGTON HILLS, MI, 48334",Yes
Kristen,Tier 3,137b9944-574d-47c1-9f8c-99541123fc30,"MEDICAL CENTER PEDIATRICS, PLLC",Pediatrics,Not sure,Need to evaluate number of older peds,0,23,Bingham Farms,K-D10,"Denise Lippitt, MD",Peds — low fit,Pediatric (Jul 20 rule),1,"30400 TELEGRAPH RD STE 101, BINGHAM FARMS, Michigan",Not sure
Kristen,Tier 3,0200933e-44d0-4869-8ddd-cd02b601b866,Henry Ford Orthopedics & Sports Medicine - Chesterfield,Orthopedic,Yes,,0,23,New Baltimore,K-D15,"Sanar Yokhana, MD",Mixed panel,,1,"36750 26 Mile Rd, ste 140, New Baltimore, Michigan, 48047",Yes
Kristen,Tier 3,7b335c19-3210-419e-888b-e9aabe43f40a,Corwell Health - Farmington,PCP,Yes,,0,22,Farmington,K-D02,"Snezhana Tuxhari, DO",Comm/Medicare,,1,"32754 Grand River Ave, Farmington, Michigan, 48336",Yes
Kristen,Tier 3,0705419c-d214-479c-befc-96609a540921,Corewell Urgent Care - Royal Oak,Urgent Care,Yes,,0,22,Royal Oak,K-D06,Corewell Urgent Care Royal Oak,Mixed panel,,1,"309 E Eleven Mile Rd ste a, Royal Oak, Michigan, 48067",Yes
Kristen,Tier 3,4d1d555f-aa98-48e9-b9a2-d323e87d5745,Commerce Internal Medicine,PCP,Yes,,0,22,Commerce Charter Township,K-D07,Norman Markowitz,Comm/Medicare,,1,"9640 Commerce Road, Commerce Charter Township, Michigan, 48382",Yes
Kristen,Tier 3,52b21544-4438-4ade-810b-2ce607128ed8,Rochester Primary Care,PCP,Yes,,0,22,Rochester Hills,K-D09,"Steffanie Schwutke, MD",Comm/Medicare,,1,"1349 South Rochester Road, ste 100, Rochester Hills, Michigan, 48307",Yes
Kristen,Tier 3,84cae8c7-dbdf-450b-836e-557d4c653f98,"SOUTH EAST MICHIGAN MEDICAL ASSOCIATES, PC",PCP,Yes,,0,22,Lathrup Village,K-D10,"Abu Fazal Shaik Mohammed, MD",Comm/Medicare,,1,"18451 W 12 MILE RD STE 200, LATHRUP VILLAGE, Michigan, MI 48076",Yes
Kristen,Tier 3,e37d14fb-2eea-4cb1-8957-ff0081af7ed5,Internal Medicine Specialists,PCP,Yes,,0,22,West Bloomfield Township,K-D11,"Michael Feldman, MD",Comm/Medicare,,1,"5821 W Maple Rd suite 190, West Bloomfield Township, Michigan, 48322",Yes
Kristen,Tier 3,1639309131,Associates in Internal Medicine - MHP,PCP,Yes,,0,22,West Bloomfield,K-D11,"Tassia Samona, MD",Comm/Medicare,,1,"5777 W Maple Rd, Suite 140, West Bloomfield, MI, 483222267",Yes
Kristen,Tier 3,300beedb-7326-44cf-8008-29d60d8d78bb,"WESTERN WAYNE PHYSICIANS, PLC Allen Park",PCP,Yes,,0,22,Allen Park,K-D12,"Patricia Nester, MD",Comm/Medicare,,1,"8338 ALLEN RD STE 101, ALLEN PARK, MI, 48101",Yes
Kristen,Tier 3,128e9f0f-8074-4052-b91d-e71905388022,"WILLIAMS FAMILY AND SPORTS MEDICAL CENTER, PLC",Orthopedic,Yes,,0,22,Farmington,K-D14,"Joseph L Williams, DO",Comm/Medicare,,1,"23366 FARMINGTON RD, FARMINGTON, MI, 48336",Yes
Kristen,Tier 3,b7bb574d-993f-4604-9935-c8ab3a113635,Oakland Physicians,Pediatrics,Yes,,0,21,Walled Lake,K-D07,"Regina Rizk, MD",Peds — low fit,Pediatric (Jul 20 rule),1,"100 North Pond, Suite E, Walled Lake, Michigan, 48390",Yes
Kristen,Tier 3,c3d66a4c-f046-43dd-ae93-ae4aabe95524,Macomb Spine Care,Chiropractor,Yes,,0,21,Clinton Township,K-D15,Daniel Clark,Comm+WC/PI,,1,"41060 Hayes Road, Clinton Township, Michigan, 48038",Yes
Kristen,Tier 3,eac89ac4-40e0-4d3a-b812-65771f67412f,SOMERSET PEDIATRICS,Pediatrics,Not sure,Need to evaluate,0,20,Troy,K-D09,"Tamer Massarani, MD",Peds — low fit,Pediatric (Jul 20 rule),1,"1555 W BIG BEAVER RD BLDG G, TROY, Michigan",Not sure
Kristen,Prospect,c87e740c-afe9-4c07-8de8-827e8eaed42d,Newland Medical Associates,Pain,Yes,,0,12,Bingham Farms,K-D10,,Comm/Medicare,,0,"31500 Telegraph Rd. Ste 225, Bingham Farms, Michigan, 48025",Yes
Kristen,Prospect,b5b7ec36-68c2-4b3f-b1bc-7efada3e145f,Metropolitan Orthopedic Associates,Orthopedic,No,,0,12,Grosse Pointe,K-D17,,Comm/Medicare,,0,"16815 Jefferson Ave ste 150, Grosse Pointe, Michigan, 48230",No
Kristen,Prospect,e69e445d-bc49-4523-9a4b-a3850c3487c9,Clawson Internists,PCP,Yes,,0,11,Clawson,K-D04,,Comm/Medicare,,0,"21 S Main St, Clawson, Michigan, 48017",Yes
Kristen,Prospect,93cecbfb-a489-4b00-933f-76d3066a4ad3,FAITH PRIMARY CARE,PCP,Yes,,0,11,Westland,K-D05,,Comm/Medicare,,0,"315 s Wayne rd, WESTLAND, Michigan, 48186",Yes
Kristen,Prospect,1e77e934-4008-4672-ac72-64c80d79458e,BETTER HEALTH CLINIC,PCP,Yes,,0,11,Westland,K-D08,,Comm/Medicare,,0,"8275 N WAYNE RD, WESTLAND, Michigan, 48185",Yes
Kristen,Prospect,377517aa-6082-4575-9083-498d5aca7ecb,GAMMONS MEDICAL,PCP,No,,0,11,Warren,K-D13,,Comm/Medicare,Addiction medicine (Jul 20 rule),0,"28477 HOOVER RD, WARREN, MI, 48093",No
Kristen,Prospect,6f3c7a90-84e4-44ad-9d54-cf249407d5e4,Henry Ford  SAINT CLAIR ADULT MEDICINE SPECIALISTS,PCP,Yes,,0,11,Grosse Pointe,K-D17,,Mixed panel,,0,"17141 KERCHEVAL AVE, GROSSE POINTE, Michigan, 48230",Yes
Kristen,Prospect,53870065-638f-4a2b-8ddc-ed21771e1975,Corewell Family Medicine - Grosse Pointe,PCP,Yes,,0,11,Grosse Pointe,K-D17,,Mixed panel,,0,"16815 E Jefferson Ave suite 120, Grosse Pointe, Michigan, 48230",Yes
Coty,Tier 1,64ed5116-24c0-4278-8d87-a7ca5f7d76c4,Lakeview Medical Center,PCP,Yes,,7,99,St. Clair Shores,C-D06,"Magdy Wanis, MD (5 spine) · Rachel N Kloski, PA-C (2 spine)",Comm/Medicare,,13,"23600 Harper Ave ste 103 St Clair Shores, St. Clair Shores, Michigan, 48080",Yes
Coty,Tier 1,e9020844-6b2a-43b6-9416-51116e859cc2,Schoenherr Family Practice,PCP,Not sure,Partnered with HF now,6,99,Shelby Township,C-D07,"Kelly K Machesky, MD (6 spine) · Matthew Romano (1 ortho)",Comm/Medicare,,8,"13350 24 Mile Rd ste 200, Shelby Township, Michigan, 48315",Not sure
Coty,Tier 1,1225209075,Office of George Nassif MD,PCP,Yes,,4,91,Clinton Township,C-D08,"George Helmy Nassif, MD (4 spine)",Comm/Medicare,,4,"42621 Garfield Rd, ste 108, Clinton Township, MI, 480385031",Yes
Coty,Tier 1,063204da-544e-4bdd-a18b-f483a5c16ad9,North Valley Internal Medicine,PCP,Yes,,3,91,Highland Charter Township,C-D09,"Brandon Genson, DO (2 spine) · Ryan Johnston, PA-C (1 spine)",Comm/Medicare,,3,"2330 S Milford Rd, ste 120 Highland, Highland Charter Township, Michigan, 48357",Yes
Coty,Tier 1,1174554364,Be Well Medical Center,PCP,Yes,,3,88,Berkley,C-D04,"Mark Rosen, PA-C (1 spine) · Mark Bornstein, DO (1 spine) · Caleb Youngblood Pa C (1 spine) · Paul A Benson, DO (3 ortho) · Rosen PA-C, Mark (ZOC DOC) (1 ortho)",Comm/Medicare,,17,"1964 11 Mile Rd, Berkley, MI, 48072",Yes
Coty,Tier 1,23a703a6-5bde-4887-845c-b78a61128817,The Family Doctor,PCP,Yes,,2,85,Clinton Township,C-D01,"Keith Mckenzie, MD (1 spine) · Claudia Pop, MD (1 spine)",Comm/Medicare,,3,"15501 Metro Parkway, Clinton Township, Michigan, 48036",Yes
Coty,Tier 1,677326d2-4ba2-4a49-a6f1-e7633a9a8401,Faith Internal Medicine & Urgent Care,PCP,Yes,,2,85,Livonia,C-D10,"Laith J Jacob Mbchb (2 spine) · Laith Jacob, MD (1 ortho)",Comm/Medicare,,10,"15645 Farmington Rd, Livonia, Michigan, 48154",Yes
Coty,Tier 1,1952660706,Oakland Primary Care,PCP,Yes,,2,84,Warren,C-D11,"Jason I Soffa, DO (2 spine) · Uroob Rahman, MD (1 ortho) · Ryan Smith DO (1 ortho) · Jason Soffa, DO (1 ortho)",Comm/Medicare,,6,"27450 Schoenherr, ste 400, Warren, Michigan, 48088",Yes
Coty,Tier 1,11ed7e07-a278-4fda-90ea-e3baede80121,Chronic Pain Institute,Pain,Yes,,2,83,Sterling Heights,C-D01,"Kuldip S Deogun, MD (2 spine)",Comm/Medicare,,2,"43145 Schoenherr Rd, Sterling Heights, Michigan, 48313",Yes
Coty,Tier 1,5ba2b7d1-0a31-458d-95a0-4ba47f0574a0,MEDPRO PRIMARY CARE - Waltz Rd,Pain,Yes,,2,83,New Boston,C-D12,"Ashleigh Finazzo, PA-C (2 spine)",Comm/Medicare,,2,"21057 Waltz Rd, NEW BOSTON, Michigan, 48164",Yes
Coty,Tier 1,1285806067,DMC Orthopedics & Sports Medicine - Warren,Orthopedic,Yes,,1,73,Sterling Heihhts,C-D01,"Britta Anderson, DO (1 spine)",Mixed panel,,1,"33703 Van Dyke Ave, Sterling Heihhts, MI, 48312",Yes
Coty,Tier 1,fdefbf3e-907d-4d68-bbd3-2d70f4818b7a,Macomb Physicians Group,PCP,Yes,,1,72,Sterling Heights,C-D01,"Lalitha Koneru, MD (1 spine) · Gordhan Diora, MD (3 ortho) · Mark H Stephen, MD (2 ortho) · Mark Stephen, MD (1 ortho)",Comm/Medicare,,9,"8244 Metro Parkway, Sterling Heights, Michigan, 48312",Yes
Coty,Tier 1,8cef9fd7-931c-4e45-bf44-0cac47716f62,Community First Health Centers - New Haven,PCP,Not sure,May be heavy Medicaid. Will confirm,1,72,New Haven,C-D02,"Shelia Singleton, MD (1 spine)",MEDICAID? VERIFY,,1,"58144 Gratiot Ave, New Haven, Michigan, 48048",Not sure
Coty,Tier 1,1356443600,Preferred Medical Group,Orthopedic,Yes,,1,72,Madison Heights,C-D04,"Rachel Gillespie, DPM (1 spine) · Rachael Ustruck, DO (1 ortho)",Comm/Medicare,,2,"1200 W 12 Mile Rd, Madison Heights, MI, 48071",Yes
Coty,Tier 1,5e640eee-6b5a-442a-8222-bd81d0a228ec,Henry Ford St. John Center for Wellness,PCP,Yes,,1,72,Roseville,C-D05,"Lydia Joy Rayes, DO (1 spine)",Mixed panel,,3,"18303 E 10 Mile Rd #500, Roseville, Michigan, 48066",Yes
Coty,Tier 1,02e450b1-82e8-408a-a0a4-fa7af806ed2b,Brighton Internal Medicine,PCP,Yes,,1,72,Howell,C-D13,"Syed Masood Shahab, MD (1 spine)",Comm/Medicare,,1,"1225 S Latson Rd #200, Howell, Michigan, 48843",Yes
Coty,Tier 1,1992782320,Macomb Medical Clinic,PCP,Yes,,1,72,Sterling Heights,C-D14,"Jillian Monticciolo Pa C (1 spine) · Amar Kurjakovic, PA-C (4 ortho) · Mark S Rosenberg, DO (2 ortho) · David Giancola, PA (1 ortho) · Macomb Medical Clinic (1 ortho) · Brooke Tobia, PA (1 ortho)",Comm/Medicare,,12,"2405 E 14 Mile Rd, Sterling Heights, MI, 48310",Yes
Coty,Tier 1,fc79eac0-6f20-44c3-84a9-e20d7068fe4e,Premier Private Physicians,PCP,Yes,,1,72,Troy,C-D15,"Ashleigh Peoples, MD (1 spine)",Comm/Medicare,,1,"1627 W Big Beaver Rd, Troy, Michigan, 48084",Yes
Coty,Tier 1,1093985145,Bay Area Family Physicians,PCP,Yes,,1,71,New Baltimore,C-D02,"Eileen Hopman, MD (1 spine)",Comm/Medicare,,1,"34301 23 Mile Road, New Baltimore, MI, 48047",Yes
Coty,Tier 1,7250fa4c-09c2-418b-94d4-8badec5b77f7,North Macomb Medical Associates,PCP,Yes,,1,71,Richmond,C-D02,"Sarah Weymouth, PA-C (1 spine)",Comm/Medicare,,1,"66440 Gratiot Ave, Richmond, Michigan, 48050",Yes
Coty,Tier 1,1760473094,Madison Medical Arts,PCP,Yes,,1,71,Madison Heights,C-D03,"Robert Hasbany, MD (1 spine)",Comm/Medicare,,1,"28200 John R Road, Madison Heights, MI, 48071",Yes
Coty,Tier 1,f9518cc9-e8e8-4517-8250-4768d176ee8c,Sudha Nannapaneni MD,PCP,Yes,,1,71,Roseville,C-D05,"Sudha Nannapaneni, MD (1 spine)",Comm/Medicare,,1,"18285 East 10 Mile Road, Roseville, Michigan, 48066",Yes
Coty,Tier 1,b1e60538-ff76-457b-a530-3647907b307b,Office of Josephine A. Iskander MD,PCP,Yes,,1,71,Sterling Heights,C-D16,"Josephine Iskander, MD (1 spine)",Comm/Medicare,,1,"43200 Dequindre Rd., Ste 104 Sterling Heights, MI 48314, United States, Sterling Heights, Michigan, 48314",Yes
Coty,Tier 1,1841213436,Henry Ford Macomb Internal Medicine,PCP,Yes,,1,70,Sterling Heights,C-D01,"Katherine Doyle, DO (1 spine) · John C Bochenek, DO (1 ortho)",Mixed panel,,4,"13801 15 Mile Rd, Sterling Heights, Michigan, 48312",Yes
Coty,Tier 1,1407867815,Office of Steven Trombly MD,PCP,Yes,,1,70,Sterling Heights,C-D01,"Steven D Trombly, MD (1 spine)",Comm/Medicare,,7,"5195 15 Mile Rd, Sterling Heights, Michigan, 48310",Yes
Coty,Tier 1,8d70ed21-9cc0-4e04-a934-e01ab1155823,Epic Primary Care - Ferndale,PCP,Yes,,1,70,Ferndale,C-D03,"Greg S Naman, MD (1 spine) · Susan Tam, DO (1 ortho)",Comm/Medicare,,4,"911 E 9 Mile Rd, Ferndale, Michigan, 48220",Yes
Coty,Tier 1,a183eb7c-8d61-4470-8154-52f7dbff87b5,Barry S Meyer DO PC,PCP,Yes,,1,70,Warren,C-D03,"Barry S Meyer, DO (1 spine)",Comm/Medicare,,1,"23411 Ryan Rd, Warren, MI, 48091",Yes
Coty,Tier 1,e9338159-c4f0-4329-a188-50fd3d8a5ddb,EPIC Southfield - Telegraph Rd office,PCP,Yes,,1,70,Southfield,C-D17,"Shannon Webster, PAC (1 spine)",Comm/Medicare,,4,"29829 Telegraph Rd suite 200, Southfield, Michigan, 48034",Yes
Coty,Tier 1,c82c9d5d-f644-42a6-8149-43868624eb50,Rochester Medical Group,PCP,Yes,,1,70,Rochester Hills,C-D18,"Jason Hawkins, DO (1 spine)",Comm/Medicare,,1,"633 E South Blvd #1200, Rochester Hills, Michigan, 48307",Yes
Coty,Tier 1,8c808cf3-9148-4a0b-8ea0-2d0882a9424e,Specialists in Rehabilitation Medicine,Orthopedic,Yes,,1,70,Rochester,C-D19,"Steven Arbit, MD (1 spine)",Comm/Medicare,,1,"1135 W University Dr suite 425, Rochester, Michigan, 48307",Yes
Coty,Tier 1,23fb6135-419b-4880-ae64-4a97e9244f37,Oak Street Health - Eastgate,PCP,Yes,,1,69,Roseville,C-D11,"Kristina Suede, NP (1 spine)",Comm/Medicare,,2,"26390 Gratiot Ave, Roseville, Michigan, 48066",Yes
Coty,Tier 1,a6831f2e-4f19-4f2d-bdb5-d732d5c81ce7,Epic Healthcare - Southfield,PCP,Yes,,1,69,Southfield,C-D17,Amber S Kalabat Fnp-bc (1 spine),Comm/Medicare,,1,"18591 W 10 Mile Rd, SOUTHFIELD, Michigan, 48075",Yes
Coty,Tier 1,1124006333,Cornerstone Internal Medicine,PCP,Yes,,1,69,Macomb,C-D20,"Massimiliano Vitale, MD (1 spine) · Ferah Adil Dalaly, MD (1 ortho)",Comm/Medicare,,2,"46591 Romeo Plank Road, Macomb, Michigan, 48044",Yes
Coty,Tier 1,be1474d8-c6ce-4792-bc96-a22bf4ce125d,McLaren Oakland Center for Spine & Pain Management,Pain,Yes,,1,69,City Of The Village Of Clarkston,C-D21,"Ashraf Khan, DO (1 spine)",Mixed panel,,2,"5625 Water Tower Place ste 220, City of the Village of Clarkston, Michigan, 48346",Yes
Coty,Tier 1,f7eb2b6e-6864-4576-879b-81a2bb775cb1,Gratiot Family Medicine,PCP,Yes,,1,68,Harper Woods,C-D06,Darwish Darwish (1 spine),Comm/Medicare,,1,"19959 Vernier Rd, Suite 200, Harper Woods, MI, 48225",Yes
Coty,Tier 1,a8abc02a-95b9-4318-b876-60471f8fff0e,Premiere Pediatrics,Pediatrics,Yes,,1,68,City Of The Village Of Clarkston,C-D22,"Mark William Thomas, MD (1 spine)",Peds — low fit,Pediatric (Jul 20 rule),1,"7210 N Main St suite 205, City of the Village of Clarkston, Michigan",Yes
Coty,Tier 2,f56a8949-cb8d-4abd-8405-0a939eec72d2,Shaun Jayakar MD,PCP,Yes,,0,59,St Clair Shores,C-D06,"Shaun M Jayakar, MD (5 ortho) · Shaun Jayakar, MD (1 ortho)",Comm/Medicare,,6,"21610 9 Mile Rd, St Clair Shores, MI, 48080",Yes
Coty,Tier 2,3a5cf92c-ae21-4227-96ec-08c2968a5939,Henry Ford Health Medical Center (Ascension),PCP,Yes,,0,53,St. Clair Shores,C-D05,"Mary E Murphy, MD (2 ortho) · Anna Farhat, MD (1 ortho)",Mixed panel,,3,"24911 Little Mack Ave Ste C, St. Clair Shores, Michigan, 48080",Yes
Coty,Tier 2,1c5c4e69-60f0-4d66-a3ee-9a33e818a99b,Lakeside Internal Medicine,PCP,Yes,,0,53,St Clair Shores,C-D11,"Charles Skardarasy, MD (3 ortho)",Comm/Medicare,,3,"21000 Twelve Mile Rd Suite 105, St Clair Shores, Michigan, 48081",Yes
Coty,Tier 2,1790797207,Progressive Health Care,PCP,Yes,,0,52,Berkley,C-D04,"Michael Haroutunian, DO (2 ortho)",Comm/Medicare,,2,"2635 Coolidge Hwy, Berkley, MI, 48072",Yes
Coty,Tier 2,131adcde-9fdc-45db-af94-831482a14212,ESSENTIAL CARE FAMILY MEDICINE,PCP,Yes,,0,51,Saint Clair Shores,C-D05,Marcus Koss (3 ortho),Comm/Medicare,,3,"21603 E 11 MILE RD, SAINT CLAIR SHORES, Michigan",Yes
Coty,Tier 2,1972528818,Levan Internists,PCP,No,Not my account. Being called on by Jasmine,0,50,Livonia,C-D12,"Talanki Viswanath, MD (2 ortho)",Comm/Medicare,,2,"15130 Levan Rd, Livonia, MI, 48154",No
Coty,Tier 2,59a078a4-145e-43bb-8052-a1ff32814d1e,Associated Orthopedists of Detroit-Shelby Township,Orthopedic,Yes,,0,49,Shelby Township,C-D23,"Andrew Farris Ajluni, DO (1 ortho)",Comm/Medicare,,1,"50505 Schoenherr Rd ste 120, Shelby Township, Michigan, 48315",Yes
Coty,Tier 2,235de96a-2ae5-47a2-bf9a-8379e846684a,Urgent Care Family,Urgent Care,Yes,,0,48,Sterling Heights,C-D01,"Lena Mansour, MD (1 ortho)",Mixed walk-in,,1,"5843 17 Mile Road, Sterling Heights, Michigan, 48310",Yes
Coty,Tier 2,e160ee5a-9916-41e2-b0c6-e2dae5007a6e,Troy Primary Care,PCP,Yes,,0,48,Troy,C-D04,"Hadeel Kado, MD (1 ortho)",Comm/Medicare,,1,"1380 Coolidge Hwy suite 200, Troy, Michigan, 48084",Yes
Coty,Tier 2,94e41be8-c824-4bbd-8119-47ffbb084071,Corewell Health Medical Group East,PCP,Yes,,0,48,Roseville,C-D05,"Deepali Jain, MD (1 ortho)",Mixed panel,,1,"18325 E. 10 Mile Rd Suite 300, Roseville, MI, 48066",Yes
Coty,Tier 2,a7f38558-5076-4a5b-9bd2-68b110ff29c1,Corewell Health Family Medicine -SAINT CLAIR SHORES,PCP,Yes,,0,48,Saint Clair Shores,C-D05,"Sheena P Shah, MD (1 ortho)",Mixed panel,,1,"25631 LITTLE MACK AVE STE 103, SAINT CLAIR SHORES, Michigan",Yes
Coty,Tier 2,1053422006,Oakland Internal Medicine Associates - Henry Ford,PCP,Not sure,,0,48,Milford,C-D09,"Tiffany Lynn Bassily, DO (1 ortho) · James M Learner, DO",Mixed panel,,2,"1435 N. Milford, ste 100, Milford, MI, 48381",Not sure
Coty,Tier 2,5eb36bb9-fcd1-4d12-be8d-6cc4527f5a13,"GREAT LAKE PHYSICIANS, PC",Orthopedic,Yes,,0,48,Livonia,C-D10,"Jayshree Desai, MD (1 ortho)",Comm/Medicare,,1,"36180 5 MILE RD, LIVONIA, Michigan, 48154",Yes
Coty,Tier 2,d96ab765-7e8d-447c-b9a1-72f2bcda2283,Vital Medicine,PCP,Yes,,0,48,Livonia,C-D10,"Ala Shuker, MD (1 ortho)",Comm/Medicare,,1,"37595 7 MILE RD STE 240, LIVONIA, MI, 48152",Yes
Coty,Tier 2,c80937d7-1504-43ae-af51-bb0f13603168,Troy Health Center,PCP,Yes,,0,48,Troy,C-D14,"Jinping Xu, MD (1 ortho) · Nehman Lauder, MD",MEDICAID? VERIFY,,2,"1560 E Maple Rd ste 200, Troy, Michigan, 48083",Yes
Coty,Tier 2,7949ef7e-580c-41cc-b7ee-5a5d6dadc605,Precise Chiropractic,Chiropractor,Yes,,0,48,Troy,C-D16,Michael Hanselman (1 ortho),Comm+WC/PI,,1,"4101 John R Rd, Troy, Michigan, 48085",Yes
Coty,Tier 2,2ce334a8-959e-4c7d-9b94-f3d5cb4183a3,Corewell Internal Medicine Midway,PCP,Yes,,0,48,Rochester Hills,C-D18,"Shailaja Rastogi, MD (1 ortho)",Mixed panel,,1,"555 Barclay Circle, ste 150, Rochester Hills, Michigan, 48307",Yes
Coty,Tier 2,cfa43a87-0a00-4e16-8816-57177ce29fb3,Alliance - Macomb,PCP,Yes,,0,48,Shelby Township,C-D23,"Leo Toomajian, DO (1 ortho) · Michael Savalli, DO",Comm/Medicare,,2,"50505 Schoenherr Rd ste 300, Shelby Township, Michigan, 48315",Yes
Coty,Tier 2,302019e4-0b7f-4f55-bdca-192920804d63,Meadowbrook Internists,PCP,Yes,,0,48,Rochester Hills,C-D24,"Namir Stephan, MD (1 ortho)",Comm/Medicare,,1,"75 Barclay Cir, #230, Rochester Hills, Michigan, 48307",Yes
Coty,Tier 2,1528076619,Barclay Internists,PCP,Yes,,0,48,Rochester,C-D24,"Abdel Wahab Meri, MD (1 ortho)",Comm/Medicare,,1,"75 Barclay Circle, ste 120, Rochester, MI, 48307",Yes
Coty,Tier 2,81c6691d-f02d-49d9-940d-49ca3462c7fa,Beaumont Associated Family Care - Warren,PCP,Yes,,0,48,Warren,C-D25,"Peera, Ava (Zoc Doc) (1 ortho) · Ava Peera",Mixed panel,,2,"8545 Common Rd, Ste 280, Warren, Michigan, 480936772",Yes
Coty,Tier 2,b95fc8ff-585a-4d2e-9aae-c2ea0fd1b50c,Prism Medical Group - Family Medicine Ste 240,PCP,Yes,,0,48,Rochester Hills,C-D32,"Roby J Geevarghese, MD (1 ortho) · Kelly Z Ortwine, MD",Comm/Medicare,,2,"1701 E South Blvd ste 240, Rochester Hills, Michigan, 48307",Yes
Coty,Tier 2,1720079437,John R Medical Clinic,PCP,Yes,,0,47,Madison Heights,C-D03,"Habib G Gennaoui, MD (1 ortho)",Comm/Medicare,,1,"26505 John R Rd, Madison Heights, MI, 48071",Yes
Coty,Tier 2,1154434975,Shores Internal Medicine,PCP,Yes,,0,47,Saint Clair Shores,C-D05,"Sailaja Datla, MD (1 ortho)",Comm/Medicare,,1,"24800 Harper, Saint Clair Shores, MI, 48080",Yes
Coty,Tier 2,1700883345,Premier Family Physicians,PCP,Yes,,0,47,Saint Clair Shores,C-D06,"Farzin Reza Namei, MD (1 ortho)",Comm/Medicare,,1,"24100 Little Mack Ave, Saint Clair Shores, MI, 48080",Yes
Coty,Tier 2,67778aa6-f0ab-4aac-80f9-0de0c25b2ac8,Cornerstone Garfield Family Practice - Ascension,PCP,Not sure,,0,47,Clinton Township,C-D08,"Carlisle Vendittelli, MD (1 ortho) · Ryan Gleesing, DO",Mixed panel,,3,"43900 Garfield Rd ste 222, Clinton Township, Michigan, 48038",Not sure
Coty,Tier 2,58979922-388f-454f-97f0-c730f11f6434,Hope Medical Center,PCP,Yes,,0,47,Sterling Heights,C-D16,"Raja Lewis, MD (1 ortho)",Comm/Medicare,,1,"3840 17 Mile Road, Sterling Heights, Michigan, 48310",Yes
Coty,Tier 2,b0dd30c7-d622-45a0-afcc-00519e73eca3,Belamedica,PCP,Not sure,,0,47,Troy,C-D26,"Svetlana Mishulin, MD (1 ortho)",Comm/Medicare,,1,"3250 W Big Beaver Rd #144, Troy, Michigan, 48084",Not sure
Coty,Tier 2,1265482095,Normandy Family Practice,PCP,Yes,,0,47,Clinton Township,C-D27,"Mark R Kurzawa, MD (1 ortho)",Comm/Medicare,,1,"36367 Harper Ave, Clinton Township, MI, 48035",Yes
Coty,Tier 2,2e8aa328-e0cf-478e-8b39-00f6628c15ac,Prism Medical Group - Internal Medicine,PCP,Yes,,0,47,Rochester Hills,C-D32,"Todd Hachigian, MD (1 ortho)",Comm/Medicare,,1,"1701 South Boulevard East, Suite 290, Rochester Hills, Michigan, 48307",Yes
Coty,Tier 2,1699828632,MHP Internal Medicine,PCP,Yes,,0,46,Madison Heights,C-D03,"Gary Langnas, DO (1 ortho)",Comm/Medicare,,1,"27483 DeQuindre Rd suite 302, Madison Heights, Michigan, 48071",Yes
Coty,Tier 2,b24ac823-2845-4622-ad3b-eb46f7171bbb,Clarkston Medical Group Adult & Pediatric Medicine,PCP,Yes,,0,46,Village Of Clarkston,C-D21,"Katherine Zwark French, DO (1 ortho)",Comm/Medicare,Pediatric (Jul 20 rule),1,"5625 Water Tower Place, Village of Clarkston, Michigan, 48346",Yes
Coty,Tier 2,1932288693,Physicians in Family Medicine,PCP,Yes,,0,46,Rochester Hills,C-D26,"Pamela Pirzada, DO (1 ortho)",Comm/Medicare,,1,"940 W Avon Rd, Rochester Hills, Michigan, 48307",Yes
Coty,Tier 2,24639120-4fbe-4135-8d9e-1409bb0fd8cb,Clarkston Medical Group,PCP,Yes,,0,46,Clarkston,C-D28,"Dean Moscovic, DO (1 ortho)",Comm/Medicare,,1,"5701 Bow Pointe Dr ste 100, Clarkston, Michigan, 48346",Yes
Coty,Tier 2,865f8b49-ce19-4ffd-8643-a755635f6ccc,"TRENTON TOTAL HEALTH CARE CENTER, PC",Orthopedic,Yes,,0,46,Trenton,C-D29,"Kajoor Sudhakara, MD (1 ortho)",Comm/Medicare,,1,"1675 Kingsway Court, Trenton, Michigan, 48183",Yes
Coty,Tier 2,1902134794,Henry Ford Macomb Health Center - Fraser,PCP,Not sure,,0,45,Clinton Township,C-D11,"Nicholas S Packey, DO (1 ortho)",MEDICAID? VERIFY,,1,"15717 15 Mile Rd, Clinton Township, MI, 48035",Not sure
Coty,Tier 2,0da678d4-9648-4315-8770-fb6768c5c2ea,Springfield Urgent Care - Hamburg,Urgent Care,Not sure,,0,45,Whitmore Lake,C-D30,Springfield Urgent Care - Hamburg (1 ortho),Mixed walk-in,,1,"9547 Chilson Commons Cir, Whitmore Lake, Michigan, 48189",Not sure
Coty,Tier 2,1376594887,Corondan Medical,PCP,Not sure,,0,44,Warren,C-D01,"Victor Corondan, MD (1 ortho)",Comm/Medicare,,1,"14050 14 Mile Rd, Warren, MI, 48088",Not sure
Coty,Tier 2,1912926510,Saurabh Gupta MD,PCP,Yes,,0,44,Madison Heights,C-D14,"Saurabh Gupta, MD (1 ortho)",Comm/Medicare,,1,"610 E 12 Mile Rd, Madison Heights, MI, 480712567",Yes
Coty,Tier 2,1205831005,Midwest Center for Dermatology - Warren,Other / Verify,Not sure,,0,44,Warren,C-D25,David A Altman (1 ortho),Comm/Medicare,,1,"11900 E 12 Mile Rd, ste 201, Warren, MI, 480933490",Not sure
Coty,Tier 3,989f0eea-dc08-4445-9a51-ee7663255964,Michigan Spine Institute,Orthopedic,No,,0,33,Waterford Township,C-D21,"Miguelangelo Perez- Cruet, MD",Comm/Medicare,Ortho group w/ in-house spine? verify (Jul 20 rule),5,"5220 Highland Rd #210, Waterford Township, Michigan, 48327",No
Coty,Tier 3,1962472241,Michigan Institute for Neurological Disorders (MIND) - Farmington Hills,Pain,Yes,,0,27,Farmington,C-D31,"Daniel Feldman, MD · Daniel Singer, DO",Comm/Medicare,,2,"28595 Orchard Lake Road, ste 200, Farmington, Michigan, 483342977",Yes
Coty,Tier 3,7d9074be-0dfe-445c-9ff8-65b5eadde58e,Michigan Institute for Neurological Disorders (MIND) - Roseville,Pain,Yes,,0,25,Roseville,C-D05,"Brandon Vieder, DO",Comm/Medicare,,1,"25100 Kelly Rd, Roseville, Michigan, 48066",Yes
Coty,Tier 3,1003819897,Neurology Consultants of Southfield,Neurology,Yes,,0,25,Southfield,C-D17,"William Leuchter, MD",Comm/Medicare,,1,"26400 West 12 Mile Rd, Suite 170, Southfield, MI, 48034",Yes
Coty,Tier 3,c47f040d-217f-4526-bd80-92b1073a4d77,Foot & Ankle Specialists of Southeast Michigan - Warren,Other / Verify,No,,0,23,Warren,C-D14,"Brian Kissel, DPM",Comm/Medicare,,1,"29433 Ryan Rd, Warren, Michigan, 48092",No
Coty,Tier 3,1679554562,Frederick Karoub MD PC,PCP,Yes,,0,23,Royal Oak,C-D31,"Carl Karoub, MD",Comm/Medicare,,1,"4045 West 13 Mile Road, Royal Oak, Michigan, 48073",Yes
Coty,Tier 3,0c7e4fda-32b4-4999-afc5-3ead3985f8c9,Michigan Orthopaedic & Spine Surgeons,Orthopedic,No,,0,22,Rochester Hills,C-D18,"Bradley Ahlgren, MD",Comm/Medicare,Ortho group w/ in-house spine? verify (Jul 20 rule); Possible competitor (Jul 20 rule),1,"1555 East South Blvd, Unit 310, Rochester Hills, Michigan, 48307",No
Coty,Tier 3,a2352347-063f-4a39-a0c1-25774fd3490b,Michigan Head & Spine Institute - Novi,Orthopedic,No,,0,22,Novi,C-D21,"Karl Freydl, DO",Comm/Medicare,Ortho group w/ in-house spine? verify (Jul 20 rule),1,"25500 Meadowbrook Road, Novi, Michigan, 48375",No
Coty,Tier 3,1538140744,Colleen Kennedy DO,PCP,Not sure,,0,22,Rochester,C-D24,"Colleen Kennedy, DO",Comm/Medicare,,1,"427 W University, Rochester, MI, 48307",Not sure
Coty,Tier 3,4d38264b-b17e-42b4-9043-92ff06e62c09,WARREN PODIATRY,Other / Verify,No,,0,22,Warren,C-D25,"Gary Mauro, DPM",Comm/Medicare,,1,"11900 E 12 MILE RD STE 102, WARREN, Michigan, MI 48093",No
Coty,Tier 3,e2e88457-4627-4d77-a90e-00417069f605,Michigan MSK Medicine - Clinton Township,Neurology,Yes,,0,22,Clinton Township,C-D27,David Robert Hickling,Comm/Medicare,,1,"36385 Harper Ave Clinton Twp, Clinton Township, Michigan, 48035",Yes
Coty,Prospect,1f3f6af6-8827-4f8a-97ff-61005f2d675d,Stonebridge Orthopedics,Orthopedic,Yes,,0,12,Shelby Township,C-D07,,Comm/Medicare,,0,"13350 24 Mile Rd #700b, Shelby Township, Michigan, 48315",Yes
Coty,Prospect,90c163c1-4bb1-4e1f-bf4c-677df1b21c76,Neuro Pain Consultants - Sterling Heights,Pain,Yes,,0,12,Sterling Heights,C-D08,,Comm/Medicare,,0,"13860 Canal Road, Sterling Heights, Michigan, 48313",Yes
Coty,Prospect,0b63a258-0396-414a-a240-3ffdff24c7d4,Providence Family & Athletic Medicine,Orthopedic,Yes,,0,12,Milford,C-D09,,Comm/Medicare,,0,"1050 Corporate Office Dr, Milford, Michigan, 48381",Yes
Coty,Prospect,ac4e9d72-9d61-4d13-85ef-1d7c26ded0b6,Detroit Ortho Institute,Orthopedic,Yes,,0,12,Troy,C-D14,,Comm/Medicare,,0,"1560 East Maple Road, Troy, Michigan, 48083",Yes
Coty,Prospect,757d3ce3-93ba-4245-a84e-b14851bfe2e7,Somerset Pain Clinic,Pain,Yes,,0,12,Troy,C-D15,,Comm/Medicare,,0,"888 W Big Beaver Rd suite 309, Troy, Michigan, 48084",Yes
Coty,Prospect,1558461392,Mathews Medical Center,Orthopedic,Yes,,0,12,Troy,C-D15,,Comm/Medicare,,0,"2221 Livernois Rd, ste 100, Troy, MI, 48083",Yes
Coty,Prospect,736da453-396a-4f87-95aa-9798465f42b6,Regenerative Pain Medicine,Pain,Not sure,,0,12,Troy,C-D16,,Comm/Medicare,,0,"1560 East Maple Road, Troy, Michigan, 48083",Not sure
Coty,Prospect,4f46bff0-0295-445e-980a-51107f04dbb9,"TRI COUNTY ORTHOPEDICS, PC",Orthopedic,Yes,,0,12,Farmington Hills,C-D17,,Comm/Medicare,,0,"28100 GRAND RIVER AVE STE 209, FARMINGTON HILLS, MI, 48336",Yes
Coty,Prospect,922579af-76c0-4a24-bd38-5e88491cece1,GREAT LAKES ORTHOPAEDICS,Orthopedic,Yes,,0,12,Garden City,C-D17,,Comm/Medicare,,0,"6255 INKSTER RD STE 103, GARDEN CITY, MI, 48135",Yes
Coty,Prospect,15d2de97-a164-4b7e-a3a2-15673271319b,Specialists in Spine Surgery - Garden City,Orthopedic,No,,0,12,Garden City,C-D17,,Comm/Medicare,Ortho group w/ in-house spine? verify (Jul 20 rule),0,"6255 Inkster Rd ste 204, Garden City, Michigan, 48135",No
Coty,Prospect,1790722338,University Orthopedic Specialists,Orthopedic,Yes,,0,12,Rochester,C-D19,,Comm/Medicare,,0,"1135 West University, ste 450, Rochester, MI, 48307",Yes
Coty,Prospect,e2adce18-6952-46db-aa54-11f8ab08f2f9,Jagannathan Neurosurgery,Orthopedic,Not sure,,0,12,Troy,C-D26,,Comm/Medicare,Neurosurgeon unlikely to cross-refer (Jul 20 rule),0,"3290 W Big Beaver Rd ste 150, Troy, Michigan, 48084",Not sure
Coty,Prospect,5b59e6a5-ab8d-42e9-9ee3-60672d731b66,Neuro Pain Consultants - Clarkston,Pain,Yes,,0,12,City Of The Village Of Clarkston,C-D28,,Comm/Medicare,,0,"5701 Bow Pointe Dr suite 305, City of the Village of Clarkston, Michigan, 48346",Yes
Coty,Prospect,43229ddf-0bb2-45ab-8aa8-3cb4f6b0d51f,Family Medicine,Orthopedic,Yes,,0,12,Allen Park,C-D29,,Comm/Medicare,,0,"14825 Southfield Road, Allen Park, Michigan, 48101",Yes
Coty,Prospect,a4109cc4-88be-479e-bcaa-312214bfbf13,Premier Orthopedics,Orthopedic,Not sure,,0,12,Dearborn,C-D29,,Comm/Medicare,,0,"17000 Executive Plaza Drive, Dearborn, Michigan, 48126",Not sure
Coty,Prospect,07836153-8b05-4813-a230-a23fa3d07818,ANDERSON SPORTS MEDICINE,Orthopedic,Not sure,,0,12,Bingham Farms,C-D31,,Comm/Medicare,,0,"32270 Telegraph Road, ste 220B, Bingham Farms, Michigan, 48025",Not sure
Coty,Prospect,1386634632,Somerset Family Medicine - Sterling Heights,PCP,Yes,,0,11,Sterling Heights,C-D01,,Comm/Medicare,,0,"36950 Ryan Rd, Sterling Heights, MI, 48310",Yes
Coty,Prospect,2ba1a5d9-5a5a-4766-a10b-12e037375a67,New Baltimore Family Practice - Chesterfield,PCP,Not sure,,0,11,New Baltimore,C-D02,,Comm/Medicare,,0,"36750 26 Mile Rd, ste 220, New Baltimore, Michigan, 48047",Not sure
Coty,Prospect,b9b7ff1f-a14b-4733-af73-e7371152c69a,Macomb Family Medicine (Henry Ford) - Chesterfield,PCP,No,,0,11,Chesterfield,C-D02,,Mixed panel,,0,"36750 26 Mile Rd, ste 230, Chesterfield, Michigan, 48047",No
Coty,Prospect,16bc4052-1b0d-46cc-8fe0-6c700c988b44,Pulse Primary Care - Lenox,PCP,Not sure,,0,11,Lenox,C-D02,,Comm/Medicare,,0,"36555 26 Mile Rd suite 3600, Lenox, Michigan, 48048",Not sure
Coty,Prospect,a978aadc-a7c9-40f6-be36-465720a638af,Michigan Surgery Specialists  - Roseville,Orthopedic,Not sure,,0,11,Roseville,C-D05,,Comm/Medicare,,0,"18425 East 10 Mile Road, ste 130, Roseville, Michigan, 48066",Not sure
Coty,Prospect,4522f3c1-4822-4912-a5d5-f88809b8ea59,Associated Orthopedists of Detroit-St Clair Shores,Orthopedic,Yes,,0,11,St. Clair Shores,C-D06,,Comm/Medicare,,0,"24715 Little Mack Ave ste 100, St. Clair Shores, Michigan, 48080",Yes
Coty,Prospect,55be614a-add9-4757-b0ed-33f0f5c4188d,Pointe Family Physicians,PCP,Yes,,0,11,St. Clair Shores,C-D06,,Comm/Medicare,,0,"20225 E 9 Mile Rd ste A, St. Clair Shores, Michigan, 48080",Yes
Coty,Prospect,6d4858c6-18d3-4849-b136-42e2fcb84fe3,Get Well Urgent Care of Shelby,Urgent Care,Yes,,0,11,Shelby Township,C-D07,,Mixed walk-in,,0,"13467 23 Mile Rd, Shelby Township, Michigan, 48315",Yes
Coty,Prospect,bf00683c-6b73-48ef-985a-d84796ddd18f,Macomb Family Medical Center,PCP,Yes,,0,11,Macomb,C-D07,,Comm/Medicare,,0,"16800 24 MILE RD STE 4, MACOMB, MI, 48042",Yes
Coty,Prospect,2eb4ee80-dd25-41e6-bfe5-f3b5e5e7cf91,Orthopedic Surgery of Macomb,Orthopedic,Yes,,0,11,Clinton Township,C-D08,,Comm/Medicare,,0,"16570 19 Mile Rd, Clinton Township, Michigan, 48038",Yes
Coty,Prospect,16713b11-3989-4cae-9f63-709b8dcc8b9e,DMC Primary and Specialty Care - Milford,PCP,Yes,,0,11,Milford Charter Township,C-D09,,Mixed panel,,0,"1501 N Milford Rd ste 200, Milford Charter Township, Michigan, 48381",Yes
Coty,Prospect,e6dbc679-ce67-4b3e-9c16-e0ead17fbb3b,Rosemary Aquiler-Angeles MD,PCP,Not sure,,0,11,Livonia,C-D10,,Comm/Medicare,,0,"18829 Farmington Road, Livonia, Michigan, 48152",Not sure
Coty,Prospect,1982992715,Downriver Internists - Wayne,PCP,Yes,,0,11,Wayne,C-D12,,Comm/Medicare,,0,"32320 Michigan, Wayne, MI, 48184",Yes
Coty,Prospect,d0991686-438d-4fe9-84fd-07bb3b2bbec1,Byron Medical Group,PCP,Yes,,0,11,Howell,C-D13,,Comm/Medicare,,0,"1225 S Latson Rd ste 350, Howell, Michigan, 48843",Yes
Coty,Prospect,e474fc74-0d61-4b4f-831d-addccde2b9dd,Howell Family Medicine,PCP,Yes,,0,11,Howell,C-D13,,Comm/Medicare,,0,"1225 S Latson Rd ste 260, Howell, Michigan, 48843",Yes
Coty,Prospect,89581b53-bbfd-4c4a-bb78-a2d4945bd199,Newland Medical Associates - Howell,PCP,Yes,,0,11,Howell,C-D13,,Comm/Medicare,,0,"1225 S Latson Rd ste 260, Howell, Michigan, 48843",Yes
Coty,Prospect,00f1a591-9c29-48d3-826e-cbc95575d982,AS Medical Group,PCP,Not sure,,0,11,Sterling Heights,C-D14,,Comm/Medicare,,0,"4845 E 14 Mile Rd, Sterling Heights, Michigan, 48310",Not sure
Coty,Prospect,1578554168,Troy Medical,Urgent Care,Yes,,0,11,Troy,C-D15,,Mixed walk-in,,0,"2649 Crooks Rd, Troy, MI, 48084",Yes
Coty,Prospect,f945997b-7ba6-4b6c-a37a-97f24ce1fed5,Salta Direct Primary Care - Troy,PCP,Yes,,0,11,Troy,C-D15,,Comm/Medicare,,0,"1631 W Big Beaver Rd, Troy, Michigan, 48084",Yes
Coty,Prospect,1992807358,MDVIP - Troy,PCP,Yes,,0,11,Troy,C-D16,,Comm/Medicare,,0,"1639 E Big Beaver Road, ste 202, Troy, Michigan, 48083",Yes
Coty,Prospect,2b118d9b-4287-416a-aa66-4e30f6d98e26,Forum Medical Clinic,PCP,Yes,,0,11,Sterling Heights,C-D16,,Comm/Medicare,,0,"43184 Dequindre, ste 202, Sterling Heights, Michigan, 48314",Yes
Coty,Prospect,5bb9aa8b-846a-4a0b-ab77-289399d9b1b1,"Glowacki MD - Institute for Pain, Spine & Headache Disorders",Orthopedic,No,,0,11,Troy,C-D16,,Comm/Medicare,Ortho group w/ in-house spine? verify (Jul 20 rule),0,"6535 Rochester Rd ste 102, Troy, Michigan, 48085",No
Coty,Prospect,1d187d2e-e797-487e-9ca1-79b007c4f326,Rochester Internists,PCP,Yes,,0,11,Rochester Hills,C-D18,,Comm/Medicare,,0,"2708 S Rochester Rd, Rochester Hills, Michigan, 48307",Yes
Coty,Prospect,a75491e9-8970-44fd-ba14-868027583a78,Rochester Family Practice,PCP,Yes,,0,11,Rochester Hills,C-D18,,Comm/Medicare,,0,"595 Barclay Cir ste d, Rochester Hills, Michigan, 48307",Yes
Coty,Prospect,1215999339,McLaren Macomb Primary Care,Pain,Not sure,,0,11,Macomb,C-D20,,Mixed panel,,0,"45441 Heydenreich Rd, Macomb, MI, 48044",Not sure
Coty,Prospect,5356ae4a-e9ec-4b34-abe8-65a5ff0318ce,Romeo Plank Family Practice,PCP,Yes,,0,11,Macomb,C-D20,,Comm/Medicare,,0,"46591 Romeo Plank Rd suite 200, Macomb, Michigan, 48044",Yes
Coty,Prospect,4bb9ca0b-1ac2-4359-9bae-ac3b13ca5c66,Neuro Pain Consultants - Macomb,Orthopedic,Yes,,0,11,Macomb,C-D20,,Comm/Medicare,,0,"48801 Romeo Plank Rd suite 103, Macomb, Michigan, 48044",Yes
Coty,Prospect,768a5944-a609-410c-8f75-098efa9952de,Silver Pine Medical Group Romeo Plank,PCP,Yes,,0,11,Macomb,C-D20,,Comm/Medicare,,0,"48801 Romeo Plank Rd ste 103, Macomb, Michigan, 48044",Yes
Coty,Prospect,08267c79-105f-464d-9871-7cf4341a4386,MOTOR CITY ORTHOPEDICS - Novi,Orthopedic,Yes,,0,11,Novi,C-D21,,Comm/Medicare,,0,"26850 PROVIDENCE PKWY STE 260, NOVI, MI, 48374",Yes
Coty,Prospect,c87aa383-9bf1-4f78-8810-bcb83fcefb74,Urgent Care of Milford,Urgent Care,Yes,,0,11,Milford Charter Township,C-D21,,Mixed walk-in,,0,"600 Highland Ave Milford, Milford Charter Township, Michigan, 48381",Yes
Coty,Prospect,1c5a48da-6d75-4a3e-acb4-f4ed5e876ed6,Michigan Surgery Specialists - Shelby Township,Orthopedic,Not sure,,0,11,Shelby Township,C-D23,,Comm/Medicare,,0,"50505 Schoenherr Road, ste 250, Shelby Township, Michigan, 48315",Not sure
Coty,Prospect,bbb5a959-2f90-4cc2-aa31-4147951ed255,Alliance - Shelby Township,PCP,Yes,,0,11,Shelby Township,C-D23,,Comm/Medicare,,0,"49310 Van Dyke Ave, Shelby Township, Michigan, 48317",Yes
Coty,Prospect,1891724688,Osteopathic Health Care Associates,PCP,Not sure,,0,11,Utica,C-D23,,Comm/Medicare,,0,"44720 Van Dyke Ave, Utica, MI, 48317",Not sure
Coty,Prospect,6a404f23-7c36-4965-b240-828d66cceec9,PRISM Extended Care and Urgent Care,Urgent Care,Yes,,0,11,Rochester Hills,C-D23,,Mixed walk-in,,0,"1701 E South Blvd Ste 150, Rochester Hills, MI 48307, United States, Rochester Hills, Michigan, 48307",Yes
Coty,Prospect,19495112-7e08-4c09-8899-f4c2049ff753,Karle Medical Group,PCP,Yes,,0,11,Rochester Hills,C-D24,,Comm/Medicare,,0,"455 Barclay Cir, Unit D, Rochester Hills, Michigan, 48307",Yes
Coty,Prospect,776e10e7-f4c0-411b-be58-d586dedcc5eb,Ciarlone Orthopedics,Orthopedic,Yes,,0,11,Rochester Hills,C-D24,,Comm/Medicare,,0,"75 Barclay Cir ste 235, Rochester Hills, Michigan, 48307",Yes
Coty,Prospect,fdc185b1-8cf4-4f41-b543-bd81b47c5427,Amabir Khaira MD,PCP,Yes,,0,11,Rochester Hills,C-D24,,Comm/Medicare,,0,"75 Barclay Cir ste 208, Rochester Hills, Michigan, 48307",Yes
Coty,Prospect,2b118d9b-4287-416a-aa66-4e30f6d98e26,Forum Medical Clinic,PCP,Yes,,0,11,Warren,C-D25,,Comm/Medicare,,0,"25625 Schoenherr Rd, Warren, MI, 48089",Yes
Coty,Prospect,1eb4b4af-01f6-4e42-bf98-d3a12bea0f85,"Julie Henry, MD",Orthopedic,Not sure,Stated distance is too far for their patients,0,11,Warren,C-D25,,Comm/Medicare,,0,"27427 Schoenherr Rd suite 200, Warren, Michigan, 48088",Not sure
Coty,Prospect,1023000882,Greater Michigan Orthopedics and Sports Medicine - Warren,Orthopedic,Yes,,0,11,Warren,C-D25,,Comm/Medicare,Possible competitor (Jul 20 rule),0,"28001 Schoenherr Road, Warren, Michigan, 48088",Yes
Coty,Prospect,8bdecedc-33cd-4229-8467-d684f3b6242d,Maan Askar MD - 13 Mile,PCP,Yes,,0,11,Warren,C-D25,,Comm/Medicare,,0,"13430 13 Mile Rd, Warren, Michigan, 48088",Yes
Coty,Prospect,d585f868-a414-424d-b7fc-46bf2da53972,"Internal Medicine Associates of Rochester Hills, PC",PCP,Yes,,0,11,Rochester Hills,C-D26,,Comm/Medicare,,0,"455 S Livernois Rd Suite C-24, Rochester Hills, MI 48307, United States, Rochester Hills, Michigan, 48307",Yes
Coty,Prospect,1205811627,CarePoint Internal Medicine,PCP,Yes,,0,11,Troy,C-D26,,Comm/Medicare,,0,"3290 West Big Beaver Road, ste 420, Troy, Michigan, 48084",Yes
Coty,Prospect,df493f72-e10c-457a-a51c-c0b760cf98a4,Medpointe urgent care - St Clair Shores,Urgent Care,Yes,,0,11,St. Clair Shores,C-D27,,Mixed walk-in,,0,"31230 Harper Avenue, St. Clair Shores, Michigan, 48082",Yes
Coty,Prospect,c0a3429e-a32c-4e10-9c63-39620fac46d2,"INTERNAL MEDICINE ASSOCIATES OF MICHIGAN, PC",PCP,Not sure,,0,11,Southgate,C-D29,,Comm/Medicare,,0,"15105 NORTHLINE RD, SOUTHGATE, MI, 48195",Not sure
Coty,Prospect,116ecff0-69a2-4ab9-86a0-22de7c1a6fec,Corewell Health Taylor Hospital Family Medicine,PCP,Not sure,,0,11,Southgate,C-D29,,Mixed panel,,0,"15777 Northline Rd, Southgate, Michigan, 48195",Not sure
Coty,Prospect,5bdf0e65-dfd7-47d2-8c99-2ca90d5315cd,Great Lakes Health and Wellness,PCP,Not sure,,0,11,Taylor,C-D29,,Comm/Medicare,,0,"12701 Telegraph Road, Taylor, Michigan, 48180",Not sure
Coty,Prospect,987cb6d6-529f-4dd9-a2bf-fb65d73c5160,Trinity Health System Pain Institute,Pain,Not sure,,0,11,Ypsilanti,C-D30,,Mixed panel,,0,"5333 McAuley Dr ste 1000, Ypsilanti, Michigan, 48197",Not sure
Coty,Prospect,15be0813-4c02-407e-9cd2-a1a8c07ec4e7,Millennium Orthopedics,Orthopedic,Yes,,0,11,Farmington Hills,C-D31,,Comm/Medicare,,0,"32255 NORTHWESTERN HWY STE 100, FARMINGTON HILLS, Michigan, 48334",Yes
Coty,Prospect,40ddb048-cf4c-463b-906a-170a28abd32d,Tri County Pain Consultants,Orthopedic,Yes,,0,11,Farmington Hills,C-D31,,Comm/Medicare,,0,"32255 NORTHWESTERN HWY STE 165, FARMINGTON HILLS, Michigan, 48334",Yes
Coty,Prospect,4c1b7fe8-a5c4-417f-bee6-92fae75a3c35,Spine & Brain Surgery Specialists,Orthopedic,No,,0,11,Royal Oak,C-D31,,Comm/Medicare,Ortho group w/ in-house spine? verify (Jul 20 rule),0,"30701 Woodward Ave suite S301, Royal Oak, Michigan, 48073",No
Coty,Prospect,9bcc1288-88f8-4366-89d5-1954358b0abb,Poley Sports Medicine,Orthopedic,Yes,,0,11,Rochester Hills,C-D32,,Comm/Medicare,,0,"1701 E South Blvd, Rochester Hills, Michigan, 48307",Yes
Coty,Prospect,302f7a03-fbf7-4ffa-ad89-f1a3c3c580c1,Prism Medical Group - Family Medicine Ste 160,PCP,Yes,,0,11,Rochester Hills,C-D32,,Comm/Medicare,,0,"1701 E South Blvd ste 160, Rochester Hills, Michigan, 48307",Yes
Coty,Prospect,43c9c4e0-b552-4969-99f6-413f7f3384a9,Silver Pine Medical Group Chesterfield,PCP,Not sure,,0,10,New Baltimore,C-D02,,Comm/Medicare,,0,"31225 23 Mile Rd, New Baltimore, Michigan, 48047",Not sure
Coty,Prospect,96903a48-13a7-42e0-8f5e-a56cce365ea5,Anchor Bay Clinic Family Medical Center,PCP,No,Now HF affiliated,0,10,New Baltimore,C-D02,,Comm/Medicare,,0,"32901 23 Mile Rd ste 100, New Baltimore, Michigan, 48047",No
Coty,Prospect,76edf894-7297-4aa7-af64-6b116e13aa3a,Eastside Surgical Associates,Orthopedic,Not sure,,0,10,New Baltimore,C-D02,,Comm/Medicare,,0,"36750 26 Mile Rd, ste 240, New Baltimore, Michigan, 48047",Not sure
Coty,Prospect,ccf33cc6-8519-40b6-9e5b-fb3167a271ba,Berkley Primary Care,PCP,Yes,,0,10,Huntington Woods,C-D03,,Comm/Medicare,,0,"26711 Woodward Ave, ste 103, Huntington Woods, MI, 48070",Yes
Coty,Prospect,e3a99c41-ef87-4be9-8e02-1ca4d4db2c36,Oak Street Health – Hazel Park,PCP,Yes,,0,10,Hazel Park,C-D03,,Comm/Medicare,,0,"1142 E 9 Mile Rd, Hazel Park, Michigan, 48030",Yes
Coty,Prospect,6772a157-179b-472b-8b92-8c0068cdc5ec,MHP Orthopedics - Madison Heights,Orthopedic,Not sure,,0,10,Madison Heights,C-D03,,Comm/Medicare,,0,"27483 Dequindre Rd suite 306, Madison Heights, Michigan, 48071",Not sure
Coty,Prospect,de0072d8-2ca1-4e11-b11d-1fa82185fd49,James MacKenzie MD,PCP,Not sure,,0,10,Troy,C-D04,,Comm/Medicare,,0,"1380 Coolidge Hwy ste 100, Troy, Michigan, 48084",Not sure
Coty,Prospect,f7a0c634-faf6-47d9-b4ce-461de261ee86,Ahad MD,PCP,Not sure,,0,10,Troy,C-D04,,Comm/Medicare,,0,"1380 Coolidge Hwy suite 250, Troy, Michigan, 48084",Not sure
Coty,Prospect,e6a683fe-f991-45a4-a323-6788ed1aeed2,Associated Physicians Group,PCP,Yes,,0,10,Berkley,C-D04,,Comm/Medicare,,0,"1695 Twelve Mile Rd ste 200, Berkley, Michigan, 48072",Yes
Coty,Prospect,1154437416,Shorepointe Family Physicians - St. Clair Shores,PCP,Yes,,0,10,St Clair Shores,C-D06,,Comm/Medicare,,0,"22646 East 9 Mile Road, Suite A, St Clair Shores, MI, 48080",Yes
Coty,Prospect,2172a4d0-c6b7-4ef0-9ff2-813edfc3926f,Faye Maribao MD,PCP,Not sure,,0,10,St. Clair Shores,C-D06,,Comm/Medicare,,0,"22790 Harper Ave ste c St Clair Shores, St. Clair Shores, Michigan, 48080",Not sure
Coty,Prospect,4efcc794-5368-4521-bd8a-152d222c2254,Bi-County Physicians,PCP,Yes,,0,10,St. Clair Shores,C-D06,,Comm/Medicare,,0,"21600 Harper ste 100, St. Clair Shores, Michigan, 48080",Yes
Coty,Prospect,7cad9994-b92b-43ee-a2f4-b18218515b2d,Washington Family Medicine,PCP,Yes,,0,10,Shelby Township,C-D07,,Comm/Medicare,,0,"8180 26 Mile Rd suite 100, Shelby Township, Michigan, 48316",Yes
Coty,Prospect,b1803bd8-c8ae-44c1-9f01-c4ad0f812ef5,Neuro Pain Consultants - Shelby,Pain,Yes,,0,10,,C-D07,,Comm/Medicare,,0,"50505 Schoenherr Road, Michigan, 48315",Yes
Coty,Prospect,bf5d89a6-74f7-4063-bb09-69d92d0a5f57,Keystone Partners - Macomb,PCP,Not sure,,0,10,Macomb,C-D08,,Comm/Medicare,,0,"46591 Romeo Plank Rd ste 133, Macomb, Michigan, 48044",Not sure
Coty,Prospect,e33f4068-dcba-4ec6-a5b6-a0ce07fd66d3,Michigan Head & Spine Institute - Macomb,Orthopedic,No,,0,10,Clinton Township,C-D08,,Comm/Medicare,Ortho group w/ in-house spine? verify (Jul 20 rule),0,"43475 Dalcoma Dr suite 150 Clinton Twp, Clinton Township, Michigan, 48038",No
Coty,Prospect,eaff83df-eecc-4f3e-a041-cea71bad788e,Movement Orthopedics,Orthopedic,Yes,,0,10,Clinton Township,C-D08,,Comm/Medicare,,0,"43475 Dalcoma Dr suite 250, Clinton Township, Michigan, 48038",Yes
Coty,Prospect,2c230474-0801-4832-a54e-1828db8c62a1,Prime Internal Medicine (MDVIP),PCP,Yes,,0,10,Milford Charter Township,C-D09,,Comm/Medicare,,0,"1435 N Milford Rd suite 200 Milford, Milford Charter Township, Michigan, 48381",Yes
Coty,Prospect,20ab0f4f-ab86-4054-a588-8d04b87ad7af,Michigan Physicians Group - Livonia,Pain,Yes,,0,10,Livonia,C-D10,,Comm/Medicare,,0,"14325 Middlebelt Road, Livonia, Michigan, 48154",Yes
Coty,Prospect,6abec30d-30ef-4f35-8e04-85112389bfb1,JOEL WELLNESS CLINIC,Orthopedic,No,,0,10,Livonia,C-D10,,Comm/Medicare,,0,"15144 Levan Road Ste 44, Livonia, Michigan, 48154",No
Coty,Prospect,a320a856-33fb-458b-8907-d98101fceb1b,Roger D Ajluni MD PC,PCP,No,,0,10,Livonia,C-D10,,Comm/Medicare,,0,"17920 Farmington Rd, Livonia, MI, 48152",No
Coty,Prospect,7ba5f22d-a044-4e77-9eae-086d15413f50,Beacon Orthopedics of Michigan - Livonia,Orthopedic,No,,0,10,Livonia,C-D10,,Comm/Medicare,,0,"19335 Merriman Road, Livonia, Michigan, 48152",No
Coty,Prospect,f2dc38ef-6f3e-46e7-81ca-1ac74b888995,Healthquest Chiropractic,Chiropractor,Not sure,Provider has relationship with spine surgeon,0,10,Farmington Hills,C-D10,,Comm+WC/PI,,0,"24100 Drake Rd, Farmington Hills, Michigan, 48335",Not sure
Coty,Prospect,8d20bd9d-fad3-4505-aa71-e69cb2962597,Maridel Hernadez MD,PCP,Not sure,,0,10,St. Clair Shores,C-D11,,Comm/Medicare,,0,"30140 Harper Ave ste 300, St. Clair Shores, Michigan, 48082",Not sure
Coty,Prospect,aa5863d0-5375-4e30-9596-780fee5530e6,Metro Pain Clinic  - Warren,Pain,Not sure,,0,10,Warren,C-D11,,Comm/Medicare,,0,"28001 Schoenherr Road, Warren, Michigan, 48088",Not sure
Coty,Prospect,1538237060,Henry Ford Medical Center - Beck Rd,PCP,No,,0,10,Plymouth,C-D12,,Mixed panel,,0,"14300 Beck Rd, Plymouth, MI, 48170",No
Coty,Prospect,af12dee4-a837-45cd-b77e-ae4d5a1da5b3,Primary Care Services -Westland,Pain,No,,0,10,Westland,C-D12,,Comm/Medicare,,0,"35180 Nankin Blvd ste 204, Westland, Michigan, 48185",No
Coty,Prospect,20a601f2-ef2f-40db-b5ec-481cf50305de,Henry Ford Internal Medicine - Sterling Heights,PCP,No,,0,10,Sterling Heights,C-D14,,Mixed panel,,0,"3500 15 Mile Road, Sterling Heights, Michigan, 48310",No
Coty,Prospect,aaf83473-f7a0-4e20-8241-601767b6943c,Farrah Ahmad MD,PCP,Yes,,0,10,Mi 48310,C-D14,,Comm/Medicare,,0,"34220 Ryan Road Sterling Heights, MI 48310, MI, 48310",Yes
Coty,Prospect,361c9ac4-e663-4323-a07b-d1e2fd37f618,Mi Family Medicine & Urgent Care,Urgent Care,Yes,,0,10,Madison Heights,C-D14,,Mixed walk-in,,0,"28091 Dequindre Rd suite 203, Madison Heights, Michigan, 48071",Yes
Coty,Prospect,9b787ba7-f5be-4319-a44e-39cd77858998,Somerset Family Medicine - Troy,PCP,Yes,,0,10,Troy,C-D15,,Comm/Medicare,,0,"1615 W Big Beaver Rd ste a4, Troy, Michigan, 48084",Yes
Coty,Prospect,e08bd153-21a7-4571-932b-cec418f70d74,Corewell Health Internal Medicine - Troy,PCP,Yes,,0,10,Troy,C-D15,,Mixed panel,,0,"130 Town Center Dr ste 209, Troy, Michigan, 48084",Yes
Coty,Prospect,1043288053,"John Joseph MD,",PCP,Not sure,,0,10,Troy,C-D15,,Comm/Medicare,,0,"135 E Maple Rd, Troy, Michigan, 48083",Not sure
Coty,Prospect,6534c29e-4183-4541-a745-ede23a94fbbd,Bones & Joints Clinic,Pain,Not sure,,0,10,Sterling Heights,C-D16,,Comm/Medicare,,0,"3058 Metro Pkwy ste 204, Sterling Heights, Michigan, 48310",Not sure
Coty,Prospect,46e88577-6544-4486-beb0-351067178ed3,Changee Kim MD,PCP,Yes,,0,10,Troy,C-D16,,Comm/Medicare,,0,"38815 Dequindre Rd suite 103, Troy, Michigan, 48083",Yes
Coty,Prospect,1649460536,"Ruffini DC PC, Richard J",Chiropractor,Yes,,0,10,Southfield,C-D17,,Comm+WC/PI,,0,"24725 W 12 Mile Rd, Southfield, MI, 480341801",Yes
Coty,Prospect,abca9491-e80c-416c-b2c4-8fa1db072def,Arcturus Healthcare - Rochester Hills,PCP,Yes,,0,10,Rochester Hills,C-D18,,Comm/Medicare,,0,"1055 E South Blvd ste 220, Rochester Hills, Michigan, 48307",Yes
Coty,Prospect,68a88cbc-7ff0-4330-89fa-1314674545a9,Stamatin Internal Medicine,PCP,Yes,,0,10,Rochester Hills,C-D18,,Comm/Medicare,,0,"2710 S Rochester Rd, Ste 4, Rochester Hills, Michigan, 48307",Yes
Coty,Prospect,2977b68e-db50-4231-995d-aea6e32ca71f,Legacy Medical Group,PCP,Yes,,0,10,Rochester Hills,C-D19,,Comm/Medicare,,0,"1460 WALTON BLVD STE 200, ROCHESTER HILLS, MI, 48309",Yes
Coty,Prospect,757de7dd-5282-4788-934b-4beb9c13112f,Rochester Hills Family Physicians (Corewell),PCP,Yes,,0,10,Rochester,C-D19,,Mixed panel,,0,"1202 Walton Blvd, ste 216, Rochester, Michigan, 48307",Yes
Coty,Prospect,cdc030ac-8c72-4d65-bbbd-b42ea897452b,WellHealth Medical Associates - Rochester,PCP,Not sure,,0,10,Rochester,C-D19,,Comm/Medicare,,0,"1202 Walton Blvd. ste 212, Rochester, Michigan, 48307",Not sure
Coty,Prospect,ff24dc89-5408-4c5d-aa4b-604b524a4b9c,Stoney Creek Physicians,PCP,Not sure,,0,10,Rochester Hills,C-D19,,Comm/Medicare,,0,"441 S Livernois Rd suite 280, Rochester Hills, Michigan, 48307",Not sure
Coty,Prospect,1275554073,Chesterfield Family Medicine (Henry Ford),PCP,No,,0,10,New Baltimore,C-D20,,Mixed panel,,0,"30795 23 Mile Rd, ste 207, New Baltimore, MI, 48047",No
Coty,Prospect,5d681a4d-3671-4501-b6d1-7f23b1177209,St Clair Orthpaedics & Sports Medicine - Macomb,Orthopedic,Yes,,0,10,Macomb,C-D20,,Comm/Medicare,Possible competitor (Jul 20 rule),0,"22701 Hall Rd ste 100, Macomb, Michigan, 48042",Yes
Coty,Prospect,ab929875-5247-4a32-9f8b-d3de09fc715b,Emil Sitto MD,PCP,Not sure,,0,10,Macomb,C-D20,,Comm/Medicare,,0,"51218 Romeo Plank Rd, Macomb, MI, 48042",Not sure
Coty,Prospect,aa1947f7-3694-4014-9388-76b8e6da46b8,Shelbydale Medical Clinic PC,PCP,Yes,,0,10,Shelby Township,C-D23,,Comm/Medicare,,0,"49221 Van Dyke Ave, Shelby Township, MI, 48317",Yes
Coty,Prospect,1912194622,MD VIP - Utica,PCP,Yes,,0,10,Shebly Township,C-D23,,Comm/Medicare,,0,"47733 Van Dyke Ave, Shebly Township, MI, 48317",Yes
Coty,Prospect,fb391572-ec70-41c7-a503-4e6be4d20c7a,Live Well Chiro,Chiropractor,Not sure,Prior relationship with spine surgeon,0,10,Rochester Hills,C-D24,,Comm+WC/PI,,0,"455 Barclay Cir, Rochester Hills, Michigan, 48307",Not sure
Coty,Prospect,3dd30d21-d9d8-4640-b79e-fdec972d0ad3,Maan Askar MD - Hoover (Thursdays),PCP,Yes,,0,10,Warren,C-D25,,Comm/Medicare,,0,"26440 Hoover Rd ste c, Warren, Michigan, 48089",Yes
Coty,Prospect,c711e9c2-58e1-42f5-ab75-c835ceae8875,Motor City Orthopedics - Warren,Orthopedic,Not sure,Prior relationship with spine surgeon,0,10,Warren,C-D25,,Comm/Medicare,,0,"11900 Twelve Mile Rd suite 300, Warren, Michigan, 48093",Not sure
Coty,Prospect,6e9dda47-d440-4432-a96b-aaef04a18257,Your Physicians,PCP,Not sure,,0,10,Rochester Hills,C-D26,,Comm/Medicare,,0,"441 S Livernois Rd suite 280, Rochester Hills, Michigan, 48307",Not sure
Coty,Prospect,9b6db0bd-31b4-4d7e-b351-e4ee78a4defa,Trinity IHA Primary Care - Rochester Hills,PCP,No,,0,10,Rochester Hills,C-D26,,Mixed panel,,0,"1854 West Auburn Road, Rochester Hills, Michigan, 48309",No
Coty,Prospect,1013988773,Albert Przybylski DO,PCP,Not sure,,0,10,Clinton Township,C-D27,,Comm/Medicare,,0,"36549 Harper Ave, ste B, Clinton Township, MI, 48035",Not sure
Coty,Prospect,141f9961-1fe4-4d6c-b6e0-7e89805d1153,"MEGHA MOHEY, MD, PC",PCP,Not sure,,0,10,Southgate,C-D29,,Comm/Medicare,,0,"14752 NORTHLINE RD, SOUTHGATE, MI, 48195",Not sure
Coty,Prospect,d66f07f6-09c1-4e7b-89b1-4c2e8cf825e2,Ghassan Atto PLLC,PCP,Yes,,0,10,Southgate,C-D29,,Comm/Medicare,,0,"11275 Allen Road, Southgate, Michigan, 48195",Yes
Coty,Prospect,fbcc80e3-33d5-452f-8300-be884c2786eb,Precise Medical,PCP,Yes,,0,10,Rochester Hills,C-D32,,Comm/Medicare,,0,"1701 E South Blvd suite b75, Rochester Hills, Michigan, 48307",Yes
Coty,Prospect,7f81b39e-98cc-4f50-a8d8-daebc492d381,Gilead Pain Care,Pain,Yes,,0,9,Clinton Township,C-D01,,Comm/Medicare,,0,"39651 Garfield Road, Clinton Township, Michigan, 48038",Yes
Coty,Prospect,17d9d453-263e-48c1-895b-73d68979325d,North Point Medical,PCP,Yes,,0,9,Fair Haven,C-D02,,Comm/Medicare,,0,"9838 Dixie Hwy, Fair Haven, mi, 48023",Yes
Coty,Prospect,30b11efd-3e51-4d39-aace-cfc33153c87d,Primary Medical Services,PCP,Not sure,,0,9,Hazel Park,C-D03,,Comm/Medicare,,0,"24503 John R RD, HAZEL PARK, MI, 48030",Not sure
Coty,Prospect,1619909793,Dennis G Kelly DO,Orthopedic,No,,0,9,Madison Heights,C-D03,,Comm/Medicare,,0,"27483 Dequindre Rd, Madison Heights, MI, 480713491",No
Coty,Prospect,688d6dc6-9189-4fe3-8237-807c5059d797,"Office of Sasenarine Persaud, MD",PCP,Yes,,0,9,Clawson,C-D04,,Comm/Medicare,,0,"314 N Main St, Clawson, Michigan, 48017",Yes
Coty,Prospect,1023224664,Berkley Medical Center,Urgent Care,Yes,,0,9,Berkley,C-D04,,Mixed walk-in,,0,"3345 Coolidge Hwy, Berkley, MI, 48072",Yes
Coty,Prospect,feacb877-2f93-46f2-94a1-dd073278159f,Novus Primary Care,PCP,Yes,,0,9,Berkley,C-D04,,Comm/Medicare,,0,"3211 Coolidge Hwy, Berkley, Michigan, 48072",Yes
Coty,Prospect,4659932c-d03e-4eaf-b084-f1c5c8002767,Premier Orthopedics & Sports Medicine,Orthopedic,Yes,,0,9,St. Clair Shores,C-D05,,Comm/Medicare,,0,"25631 Little Mack Ave suite 102, St. Clair Shores, Michigan, 48081",Yes
Coty,Prospect,1023116068,Center for Preventative Medicine,Pain,No,,0,9,Grosse Pointe,C-D06,,Comm/Medicare,,0,"20870 Mack Ave, Grosse Pointe, MI, 48236",No
Coty,Prospect,7e174398-087f-41d2-8f79-7c1a94c070e5,Henry Ford Macomb Orthopedic Surgery - Washington,Orthopedic,No,,0,9,Washington,C-D07,,Mixed panel,,0,"12150 30 Mile Rd ste 105, Washington, Michigan, 48095",No
Coty,Prospect,1bdbcaac-c199-419d-b5a3-2b7eab4315d3,Gregory Gould DO,PCP,Yes,,0,9,Washington,C-D07,,Comm/Medicare,,0,"60005 Campground Rd suite 600, Washington, Michigan, 48094",Yes
Coty,Prospect,ff103539-b3cc-494b-9fec-e29f5fb4e469,Alliance Washington Township,PCP,Yes,,0,9,Washington,C-D07,,Comm/Medicare,,0,"58024 Van Dyke, Washington, MI, 48094",Yes
Coty,Prospect,66604f44-0a10-4e2a-8f1e-c4e00f0fb1dc,Partners in Family Medicine,PCP,No,,0,9,Shelby Township,C-D07,,Comm/Medicare,,0,"6000 24 Mile Rd, Shelby Township, Michigan, 48316",No
Coty,Prospect,da7a2e70-7373-4808-9950-99c98f41d55e,Blue Water Pain Specialists - Macomb,Orthopedic,No,,0,9,Macomb,C-D08,,Comm/Medicare,,0,"46591 Romeo Plank Rd ste 137, Macomb, Michigan, 48044",No
Coty,Prospect,1396736724,Woods Cardiovascular Internal Medicine Associates - Macomb,PCP,Not sure,,0,9,Macomb,C-D08,,Comm/Medicare,,0,"15959 Hall Road, ste 204, Macomb, MI, 48044",Not sure
Coty,Prospect,fa76c755-e677-4007-b491-b3f43d925c89,Cheryl Lerchin MD Physical Medicine & Rehabilitation,Pain,Not sure,,0,9,Shelby Township,C-D08,,Comm/Medicare,,0,"45710 Schoenherr Rd, Shelby Township, Michigan, 48315",Not sure
Coty,Prospect,aaaaf0e6-b931-49ae-be22-319368bfc366,IHA Hand Surgery - Brighton,Orthopedic,No,,0,9,Brighton,C-D09,,Comm/Medicare,,0,"2305 GENOA BUSINESS PARK DR STE 120, BRIGHTON, MI, 48114",No
Coty,Prospect,00-521-8262,"Trinity IHA Orthopedics - Brighton,",Orthopedic,Not sure,,0,9,Brighton,C-D09,,Mixed panel,,0,"2305 Genoa Business Pk Dr, ste 120, Brighton, MI, 48114-7004",Not sure
Coty,Prospect,e306805a-712e-4203-9077-c434875349fc,Core Institute - Brighton,Orthopedic,Not sure,,0,9,Brighton,C-D09,,Comm/Medicare,,0,"8273 Grand River Ave ste 210, Brighton, Michigan, 48114",Not sure
Coty,Prospect,664225f4-387f-4458-bce4-0fe6ff18f13e,Restorative Physical Medicine - Brighton,Orthopedic,Not sure,,0,9,Brighton,C-D09,,Comm/Medicare,,0,"8273 Grand River Ave ste 220, Brighton, Michigan, 48114",Not sure
Coty,Prospect,50a5e17a-f92c-45cc-8842-9b90f70cf283,Lederman Kwartowitz - Brighton,Orthopedic,Not sure,,0,9,Brighton,C-D09,,Comm/Medicare,,0,"8550 W Grand River Ave ste 100, Brighton, Michigan, 48116",Not sure
Coty,Prospect,10-607-8064,Enhance Center - Livonia,Orthopedic,Yes,,0,9,Livonia,C-D10,,Comm/Medicare,,0,"34020 7 Mile Rd Ste 101, Livonia, MI, 48152-3093",Yes
Coty,Prospect,1356499800,"George Afram MD,",PCP,Not sure,,0,9,St. Clair Shores,C-D11,,Comm/Medicare,,0,"29275 Harper, St. Clair Shores, Michigan, 48081",Not sure
Coty,Prospect,80d59d4a-83b2-4eff-a6a5-58214e7bf1ba,Blue Water Pain Specialists - St Clair Shores,Pain,No,,0,9,St. Clair Shores,C-D11,,Comm/Medicare,,0,"21000 Twelve Mile Road, ste 100, St. Clair Shores, Michigan, 48081",No
Coty,Prospect,96920148-57be-4764-88fe-0131ee3733e7,Arora Hand Surgery - Warren,Orthopedic,No,,0,9,Warren,C-D11,,Comm/Medicare,,0,"28295 Schoenherr Rd ste b, Warren, Michigan, 48088",No
Coty,Prospect,18-488-0404,Center For Physical Medicine & Rehabilitation - Warren,Orthopedic,Yes,,0,9,Warren,C-D11,,Comm/Medicare,,0,"13850 E 12 Mile Rd, Warren, MI, 48088-3730",Yes
Coty,Prospect,87bd0432-534b-4e48-b128-48f49cc39a94,"MICHIGAN PAIN SPECIALISTS, PLLC",Orthopedic,Not sure,,0,9,Ypsilanti,C-D12,,Comm/Medicare,,0,"135 S PROSPECT ST, YPSILANTI, Michigan, MI 48198",Not sure
Coty,Prospect,943e0e00-82f1-4d88-a3fd-2275bdc153b6,Michigan Pain Specialists,Pain,Not sure,,0,9,Ypsilanti,C-D12,,Comm/Medicare,,0,"135 South Prospect Street, Ypsilanti, Michigan, 48198",Not sure
Coty,Prospect,0cb7fa62-086e-4ade-98e1-7e6fd0b8c26c,Associates In Physical Medicine & Rehabilitation,Orthopedic,Not sure,,0,9,Ypsilanti,C-D12,,Comm/Medicare,,0,"5333 McAuley Dr ste 2009, Ypsilanti, Michigan, 48197",Not sure
Coty,Prospect,1fcb9ed3-4f7b-4998-b644-3c8f0d4fefba,UofM Northville Health Center,PCP,No,,0,9,Northville,C-D12,,MEDICAID? VERIFY,,0,"39901 Traditions Drive, Northville, Michigan, 48168",No
Coty,Prospect,3358a741-9736-494f-b1fd-4bc0dbb4de9d,MDWELL -CO,PCP,Yes,,0,9,Westland,C-D12,,Comm/Medicare,,0,"33611 Warren Road, Westland, Michigan, 48185",Yes
Coty,Prospect,844e3cfa-90dd-4405-b93e-8ec8a51a6b23,MSU SportsMEDICINE,Orthopedic,No,,0,9,East Lansing,C-D13,,Comm/Medicare,,0,"4660 Hagadorn Rd, East Lansing, Michigan, 48823",No
Coty,Prospect,3d34eacd-6be7-4b51-b56f-b3b6602651c6,Kathleen Knapp DO,Orthopedic,Not sure,,0,9,Howell,C-D13,,Comm/Medicare,,0,"1320 Byron Road, Howell, Michigan, 48843",Not sure
Coty,Prospect,60644d75-2bd6-461f-8737-d149ab8c0ed3,My Health Urgent Care (Ascension) - Howell,Urgent Care,Not sure,,0,9,Howell,C-D13,,Mixed panel,,0,"1225 S Latson Rd, Howell, Michigan, 48843",Not sure
Coty,Prospect,24e0dcd5-ef5f-4db1-af06-f9751bb1d6a8,Premier Family Medicine - Livingston,PCP,Yes,,0,9,Howell,C-D13,,Comm/Medicare,,0,"1225 S Latson Rd #340, Howell, Michigan, 48843",Yes
Coty,Prospect,08675f4f-7413-4eb3-9c68-0bb657acb583,Motor City Ortho - Howell,Orthopedic,Yes,,0,9,Howell,C-D13,,Comm/Medicare,,0,"1225 South Latson Road, Howell, Michigan, 48843",Yes
Coty,Prospect,1043279235,Advanced Orthopedic Specialists,Orthopedic,Not sure,,0,9,Brighton,C-D13,,Comm/Medicare,,0,"2305 Genoa Business Park Dr, Unit 170, Brighton, Michigan, 48114",Not sure
Coty,Prospect,32aae41b-03f7-4ba2-a919-c78cfed30f30,Oakland Macomb Surgical Group - Madison Heights,Orthopedic,Not sure,,0,9,Madison Heights,C-D14,,Comm/Medicare,,0,"27483 Dequindre Rd suite 301, Madison Heights, Michigan, 48071",Not sure
Coty,Prospect,ff141e2c-04dd-45c4-beb5-914790640293,Amro Shata MD,PCP,Not sure,,0,9,Troy,C-D15,,Comm/Medicare,,0,"1380 Coolidge Highway, ste 100, Troy, Michigan, 48084",Not sure
Coty,Prospect,1679671416,Family Medicine & Wellness,PCP,Not sure,,0,9,Troy,C-D15,,Comm/Medicare,,0,"1579 W Big Beaver Rd, ste B5, Troy, MI, 48084",Not sure
Coty,Prospect,1609867985,Beaumont Neurosurgery,Orthopedic,No,,0,9,Troy,C-D16,,Mixed panel,Neurosurgeon unlikely to cross-refer (Jul 20 rule),0,"44199 Dequindre Rd, ste 520, Troy, MI, 48085",No
Coty,Prospect,1447235015,AMG Oak Park Medical Center,PCP,Yes,,0,9,Oak Park,C-D17,,Comm/Medicare,,0,"15300 W 9 Mile Rd, ste 1, Oak Park, MI, 48237",Yes
Coty,Prospect,c796443f-9c0a-4e5d-9f5a-df76d3e311bc,Ascension Providence Partners in Womens Health,Pain,No,,0,9,Southfield,C-D17,,Mixed panel,,0,"22250 Providence Dr ste 300, Southfield, Michigan, 48075",No
Coty,Prospect,2fc64685-2270-4f5f-827a-7788409cd5cd,Pulmonary & Internal Medicine Specialists,PCP,No,,0,9,Southfield,C-D17,,Comm/Medicare,,0,"26699 West 12 Mile Road, Southfield, Michigan, 48034",No
Coty,Prospect,04479e76-ae4d-4d52-886f-d3d8ecc2072f,Corewell Center for Pain Management,Pain,Not sure,,0,9,Rochester Hills,C-D18,,Mixed panel,,0,"1555 East South Boulevard, Rochester Hills, Michigan, 48307",Not sure
Coty,Prospect,724c2230-0806-48f5-ac79-5255959b0a73,Phase Family Medicine,PCP,Yes,,0,9,Troy,C-D18,,Comm/Medicare,,0,"89 West South Boulevard, Troy, Michigan, 48085",Yes
Coty,Prospect,4f2b2878-de83-4132-b6b0-114a9794b70f,Rochester Family Medicine Center,PCP,Not sure,,0,9,Rochester Hills,C-D18,,Comm/Medicare,,0,"2710 S Rochester Rd, Rochester Hills, Michigan, 48307",Not sure
Coty,Prospect,d606572a-912c-4bad-b906-c9a8d0479eff,Clarkston Medical Group - Oxford,Pain,No,,0,9,Oxford,C-D19,,Comm/Medicare,,0,"834 s Lapeer rd, ste 100, OXFORD, Michigan, 48371",No
Coty,Prospect,172f7e80-1532-4f45-8c82-d3d09547c86d,David S Hollett MD,PCP,No,,0,9,Rochester Hills,C-D19,,Comm/Medicare,,0,"1500 Walton Blvd., Rochester Hills, Michigan, 48309",No
Coty,Prospect,1013980531,"Raad Kasmikha MD,",PCP,Not sure,,0,9,Rochester Hills,C-D19,,Comm/Medicare,,0,"1498 Walton Boulevard, Rochester Hills, Michigan, 48309",Not sure
Coty,Prospect,daf6238f-f813-4c2b-8e5a-1438806414dc,Oakland Macomb Surgical Group,Orthopedic,Not sure,,0,9,Rochester Hills,C-D19,,Comm/Medicare,,0,"1135 W University Dr ste 240, Rochester Hills, Michigan, 48307",Not sure
Coty,Prospect,118d4718-8c24-42b0-ae12-a1975f146750,Henry Ford Macomb Orthopedics - Chesterfield,Orthopedic,No,,0,9,Chesterfield,C-D20,,Mixed panel,,0,"30795 23 Mile Rd ste 209, Chesterfield, Michigan, 48047",No
Coty,Prospect,d361f230-715e-4c7e-87a9-bf50246f42f4,Eastside Neurosurgery - Macomb,Orthopedic,No,,0,9,Macomb,C-D20,,Comm/Medicare,Neurosurgeon unlikely to cross-refer (Jul 20 rule),0,"17900 23 Mile Rd suite 303, Macomb, Michigan, 48044",No
Coty,Prospect,1244d3ff-0839-4759-af42-e22dd1c77549,Niva Health,PCP,No,,0,9,Novi,C-D21,,Comm/Medicare,,0,"25500 Meadowbrook Road, Novi, Michigan, 48375",No
Coty,Prospect,0e966842-32f3-40e8-91a7-4295b0ba0234,Restorative Physical Medicine - Novi,Orthopedic,Yes,,0,9,Novi,C-D21,,Comm/Medicare,,0,"42350 Grand River Ave, Novi, Michigan, 48375",Yes
Coty,Prospect,04-087-8298,"Ortho surgery of shoulder, hip, & knee",Orthopedic,Not sure,,0,9,Waterford,C-D21,,Comm/Medicare,,0,"4800 Highland Rd, Waterford, MI, 48328-1176",Not sure
Coty,Prospect,24c37a8d-e3f3-4cd2-a704-ebb3e7739d4a,Dixie Highway Internal Medicine,PCP,Yes,,0,9,City Of The Village Of Clarkston,C-D21,,Comm/Medicare,,0,"5625 Water Tower Place suite 210, City of the Village of Clarkston, Michigan, 48346",Yes
Coty,Prospect,1a331ee5-5b2d-4703-a28c-28bea6ff2711,Flint Children’s Center,Pain,Not sure,,0,9,Flint,C-D22,,Comm/Medicare,Pediatric (Jul 20 rule),0,"5205 Norko Drive, Flint, Michigan, 48507",Not sure
Coty,Prospect,4dd7647d-ac5e-4f26-a696-b59cd2cfb219,Mid-Michigan Pain Specialty,Pain,No,,0,9,Flint,C-D22,,Comm/Medicare,,0,"4466 W Bristol Rd 2nd floor, Flint, Michigan, 48507",No
Coty,Prospect,1235110537,Ortho Michigan - Flint,Orthopedic,No,,0,9,Flint,C-D22,,Comm/Medicare,,0,"4466 W. Bristol Rd, Flint, MI, 48507",No
Coty,Prospect,4b39f47f-6abb-45b1-8b68-a52d1217f9c1,Greater Michigan Orthopedics,Orthopedic,Not sure,,0,9,Grand Blanc Township,C-D22,,Comm/Medicare,Possible competitor (Jul 20 rule),0,"861 Health Park Boulevard, Grand Blanc Township, Michigan, 48439",Not sure
Coty,Prospect,15d65642-ae9b-4744-8746-800525bb12a4,Independence Urgent Care,Urgent Care,Yes,,0,9,Clarkston,C-D22,,Mixed walk-in,,0,"7192 N Main St, Clarkston, Michigan, 48346",Yes
Coty,Prospect,b74f4846-fa64-4c4f-a6fe-d3ee8cef5312,Orthopedic Specialists of Oakland County - Clarkston,Orthopedic,Yes,,0,9,City Of The Village Of Clarkston,C-D22,,Comm/Medicare,,0,"7650 Dixie Hwy, City of the Village of Clarkston, Michigan, 48346",Yes
Coty,Prospect,9e86ca6f-890b-4eaa-9974-d1f7c4f09a2c,HARTLAND PEDIATRICS,Orthopedic,Not sure,,0,9,Hartland,C-D22,,Comm/Medicare,Pediatric (Jul 20 rule),0,"10850 HIGHLAND RD, HARTLAND, Michigan",Not sure
Coty,Prospect,a29bc662-1f09-48ea-a1f5-efe24cc01eeb,Great Lakes Medicine,ER / Hospital,No,,0,9,Shelby Twp,C-D23,,Comm/Medicare,,0,"50505 Schoenherr Rd # 340, Shelby Twp, MI, 48315",No
Coty,Prospect,3bfd16c2-8d66-4fed-9ad2-cc715dfd2eb8,Revolution Wellness,PCP,No,,0,9,Utica,C-D23,,Comm/Medicare,,0,"51850 dequindre rd, Utica, Michigan, 48317",No
Coty,Prospect,390949bb-260d-424c-a141-c134cab0ae6f,Michigan Center For Regenerative Medicine,Pain,Not sure,,0,9,Rochester,C-D24,,Comm/Medicare,,0,"355 Barclay, Rochester, Michigan, 48307",Not sure
Coty,Prospect,1477658458,Rochester Hills Orthopedics & Sports Medicine,Orthopedic,Not sure,,0,9,Rochester Hills,C-D24,,Comm/Medicare,,0,"1349 South Rochester Road, ste 205, Rochester Hills, Michigan, 48307",Not sure
Coty,Prospect,9b89a7a8-da80-4dca-b2b1-c0ea3569c950,Balanced Living Chiropractic,Chiropractor,Yes,,0,9,Rochester Hills,C-D24,,Comm+WC/PI,,0,"441 S Livernois Rd, Rochester Hills, Michigan, 48307",Yes
Coty,Prospect,c2e9f4c4-65ff-4730-abe0-7f210be0bf8f,Michigan Brain & Spine - Warren,Orthopedic,No,,0,9,Warren,C-D25,,Comm/Medicare,Ortho group w/ in-house spine? verify (Jul 20 rule),0,"11900 Twelve Mile Rd ste 206, Warren, Michigan, 48093",No
Coty,Prospect,7c9505b8-9a32-47d6-a489-6171ce848c9e,LMT Rehabilitation Associates - Troy,Orthopedic,No,,0,9,Troy,C-D26,,Comm/Medicare,,0,"4600 Investment Dr ste 180, Troy, Michigan, 48098",No
Coty,Prospect,b81f18a9-01d3-4fd7-a6a3-ce068be637b7,Michigan Internal Medicine & Cardiology Associates,PCP,Yes,,0,9,Auburn Hills,C-D26,,Comm/Medicare,,0,"2191 South Blvd ste 101a, Auburn Hills, Michigan, 48326",Yes
Coty,Prospect,c48a8a2e-4d60-4a18-8000-3f3dea9cf03a,"DEVYANI KHAMBETE, MD, PC",Orthopedic,No,,0,9,Waterford,C-D26,,Comm/Medicare,,0,"2561 ELIZABETH LAKE RD, WATERFORD, Michigan",No
Coty,Prospect,ff09ce61-5da4-4d5d-9ae6-7b9215731ce9,McLaren Center for Spine & Pain Management,Pain,No,,0,9,Clinton Township,C-D27,,Mixed panel,,0,"21510 Harrington St suite 203, Clinton Township, Michigan, 48036",No
Coty,Prospect,860f31e0-1a7c-49eb-a6ce-f5a3914936ba,Center for Orthopedic Surgery,Orthopedic,Not sure,,0,9,Clinton Township,C-D27,,Comm/Medicare,,0,"21510 Harrington St suite 101, Clinton Township, Michigan, 48036",Not sure
Coty,Prospect,3e4366b5-b245-4073-9f53-025f25b5446f,Multi-Specialty Clinic,PCP,Not sure,,0,9,Clinton Township,C-D27,,Comm/Medicare,,0,"36500 Gratiot Ave suite 102, Clinton Township, Michigan, 48035",Not sure
Coty,Prospect,4d131d76-2f91-472e-bf42-c1ae3f5f7622,McLaren Macomb Family First,PCP,No,,0,9,Clinton Township,C-D27,,Mixed panel,,0,"36500 Gratiot Ave #202, Clinton Township, Michigan, 48035",No
Coty,Prospect,f5b10e96-2444-4c72-b938-1004495c7ee3,Ernest Chiodo MD,PCP,No,,0,9,Clinton Township,C-D27,,Comm/Medicare,,0,"35770 HARPER AVE, CLINTON TOWNSHIP, MI, 48035",No
Coty,Prospect,Ascension St. John Hospital�and�Beaumont Hospital-Dearborn,Michigan Neurology Associates - Clinton Township,Pain,Not sure,,0,9,Clinton Township,C-D27,,Comm/Medicare,,0,"34025 Harper, Clinton Township, MI, 48035",Not sure
Coty,Prospect,ee3a65be-8491-4075-a06b-3a17b7545316,Clarkston Internal Medicine,PCP,Yes,,0,9,Clarkston,C-D28,,Comm/Medicare,,0,"7188 N Main St, Clarkston, Michigan, 48346",Yes
Coty,Prospect,a34e03bd-5e1f-470d-9d27-0ae0f937dea0,Clarkston Family Medicine,PCP,Yes,,0,9,City Of The Village Of Clarkston,C-D28,,Comm/Medicare,,0,"7250 Dixie Hwy suite 100, City of the Village of Clarkston, Michigan, 48346",Yes
Coty,Prospect,ce685188-7389-475f-adc2-61a7a28d1072,Clarkston Pain & Rehab,Orthopedic,Not sure,,0,9,City Of The Village Of Clarkston,C-D28,,Comm/Medicare,,0,"6815 Dixie Hwy, City of the Village of Clarkston, Michigan, 48346",Not sure
Coty,Prospect,00b31e6d-ea21-435e-8d30-b61cf217c22e,Oakland Orthopedics & Sports Medicine,Orthopedic,Not sure,,0,9,Clarkston,C-D28,,Comm/Medicare,,0,"6815 DIXIE HWY STE 1, CLARKSTON, MI, 48346",Not sure
Coty,Prospect,36-320-9367,Trinity IHA Primary Care - Clarkston,Pain,Not sure,,0,9,Clarkston,C-D28,,Mixed panel,,0,"6770 Dixie Hwy Ste 303, Clarkston, MI, 48346",Not sure
Coty,Prospect,54898915-220c-4900-ba07-febdcdb005c0,"Edward A. Tashjian, MD - Clarkston",Orthopedic,No,,0,9,City Of The Village Of Clarkston,C-D28,,Comm/Medicare,,0,"5701 Bow Pointe Dr suite 315, City of the Village of Clarkston, Michigan, 48346",No
Coty,Prospect,525a54ac-f58c-4b57-8613-958fe3e2b9fa,MDVIP Clarkston,PCP,Not sure,,0,9,Clarkston,C-D28,,Comm/Medicare,,0,"5701 Bow Pointe Drive, Clarkston, Michigan, 48346",Not sure
Coty,Prospect,e0f2c54e-06ee-4e34-863e-cb4675bd5c6e,PINE TREE MEDICAL CENTER,Orthopedic,No,,0,9,Waterford,C-D28,,Comm/Medicare,,0,"4186 PONTIAC LAKE RD, WATERFORD, Michigan",No
Coty,Prospect,6e459635-80de-49eb-9451-991fd22dfb56,Blanzy Corwell clinic Southgate,PCP,Yes,,0,9,Southgate,C-D29,,Comm/Medicare,,0,"14319 Dix Toledo Road, Southgate, Michigan, 48195",Yes
Coty,Prospect,c3b6301b-b3bc-474d-9ddd-d21fd2c40797,Health First Medical Center,PCP,No,,0,9,Southgate,C-D29,,Comm/Medicare,,0,"12100 DIX TOLEDO RD, SOUTHGATE, MI, 48195",No
Coty,Prospect,aaded854-5fe8-4282-b99d-3af289b977e0,Back & Pain Center (UofM) at Burlington Bldg,Pain,No,,0,9,Ann Arbor,C-D30,,Comm/Medicare,,0,"325 E Eisenhower Pkwy, Ann Arbor, Michigan, 48108",No
Coty,Prospect,4430ce9a-04c4-4489-8cd4-1f4abdc28ce9,U of M Physical Medicine & Rehabilitation Clinic - Burlington Building,Orthopedic,No,,0,9,Ann Arbor,C-D30,,Comm/Medicare,,0,"325 E Eisenhower Pkwy ste 100, Ann Arbor, Michigan, 48108",No
Coty,Prospect,c357306a-7118-459d-82fc-5365721ca926,U of M Neurosurgery,Orthopedic,No,,0,9,Ann Arbor,C-D30,,Comm/Medicare,Neurosurgeon unlikely to cross-refer (Jul 20 rule),0,"1500 E Medical Center Dr  Floor 2 Reception G, Ann Arbor, Mi, 48109",No
Coty,Prospect,6900d9f0-9d28-423a-98a4-281fb9ac13c1,IHA Ann Arbor Orthpaedic Specialists,Orthopedic,No,,0,9,Ypsilanti,C-D30,,Comm/Medicare,,0,"5320 Elliott Dr suite 301, Ypsilanti, Michigan, 48197",No
Coty,Prospect,b6be5dd0-40a2-450c-946b-5deaaf8b0178,Trinity IHA Hand Surgery - Ypsilanti,Orthopedic,No,,0,9,Ypsilanti,C-D30,,Mixed panel,,0,"5315 Elliott Dr ste 202, Ypsilanti, Michigan, 48197",No
Coty,Prospect,19d50314-6b7d-4516-94cb-e3c191c3fde1,MedSport - Ann Arbor Domino's Farms,Orthopedic,No,,0,9,Ann Arbor,C-D30,,Comm/Medicare,,0,"4008 Avenue Maria Drive, Ann Arbor, Michigan, 48105",No
Coty,Prospect,42caeada-e3af-49fd-ab98-cc39cf1a5ffe,Chelsea Physical Medicine & Rehabilitation Specialists,Orthopedic,No,,0,9,Chelsea,C-D30,,Comm/Medicare,,0,"14650 E Old  Hwy 12 ste 203, Chelsea, Michigan, 48118",No
Coty,Prospect,1033228903,Trinity Health IHA Orthopaedics - Chelsea,Orthopedic,No,,0,9,Chelsea,C-D30,,Mixed panel,,0,"14650 E. Old US Hwy 12, Suite 104, Chelsea, MI, 48118",No
Coty,Prospect,e73e7e8b-2c72-479d-b015-c7ff5509f700,Precision Interventional Radiology,Orthopedic,No,,0,9,Farmington Hills,C-D31,,Comm/Medicare,,0,"32255 NORTHWESTERN HWY STE 135, FARMINGTON HILLS, Michigan, 48334",No
Coty,Prospect,2b5bba73-5878-4fa6-b615-7b5106bbe4e0,"SPINE SPECIALISTS OF MICHIGAN, PC",Orthopedic,No,,0,9,Bingham Farms,C-D31,,Comm/Medicare,Ortho group w/ in-house spine? verify (Jul 20 rule),0,"32270 TELEGRAPH RD STE 110, BINGHAM FARMS, MI, 48025",No
Coty,Prospect,1619959566,Beaumont Royal Oak - Physical Medicine & Rehabilitation,Orthopedic,No,,0,9,Royal Oak,C-D31,,Mixed panel,,0,"3601 W 13 Mile Rd, Royal Oak, MI, 480736710",No
Coty,Prospect,b1af47a2-8b95-4560-97d6-d870e4474dac,Jolly Neurological Clinic,Pain,Not sure,,0,9,Bloomfield Township,C-D31,,Comm/Medicare,,0,"43996 Woodward Avenue, Bloomfield Township, Michigan, 48302",Not sure
Coty,Prospect,d012f6c8-f44d-46a5-9f8e-b3b522de7d83,Arthritis Physicians,Pain,No,,0,9,Rochester Hills,C-D32,,Comm/Medicare,,0,"1701 S Blvd, ste 110, Rochester Hills, Michigan, 48307",No
Coty,Prospect,47bcf8c4-c5dc-4d5a-9a9e-4bece6e01698,Premier Surgical Specialists,Pain,No,,0,9,Rochester Hills,C-D32,,Comm/Medicare,,0,"1701 East South Boulevard, ste 270, Rochester Hills, Michigan, 48307",No
Coty,Prospect,550845e3-e358-4aa5-badb-e90d93042d7c,Southeast Michigan Center for Orthopedics - Rochester Hlls,Orthopedic,Yes,,0,9,Rochester Hills,C-D32,,Comm/Medicare,,0,"1701 E South Blvd ste 104, Rochester Hills, Michigan, 48307",Yes
Coty,Prospect,d52215b9-d874-4639-9ff2-a87b853ad52d,Adult Wellness & Internal Medicine,PCP,No,,0,8,Flint,C-D22,,Comm/Medicare,,0,"5105 Bristol Road, Flint, Michigan, 48507",No
Coty,Prospect,74360f7a-f042-4521-a7bb-a807dcb10282,Advance Urgent Care - Hartland,Urgent Care,No,,0,8,Hartland,C-D22,,Mixed walk-in,,0,"11554 Highland Rd, Hartland, Michigan, 48353",No
Jasmine,Tier 1,6e52135e-6cca-4482-9973-58d180f1dce7,DMC SPORTS MEDICINE NOVI,Orthopedic,Yes,,7,100,Novi,J-D08,"Robert Meehan, MD (2 spine)",Mixed panel,,7,"44000 W 12 MILE RD STE 100, NOVI, MI, 48377",Yes
Jasmine,Tier 1,c7781046-a235-49fa-ac8e-4b8d6354c618,Comprehensive Healthcare Associates and Prevention Medicine,PCP,Yes,,6,99,Livonia,J-D01,"Babu Jarodiya, MD (5 spine) · Jaya Vankayalapati, MD (1 spine) · Rakesh Patel, MD (3 ortho) · Jaspal Singh, MD (2 ortho)",Comm/Medicare,,24,"15140 Levan Rd, Livonia, Michigan, 48154",Yes
Jasmine,Tier 1,047f1f57-d796-4b0d-b2d0-b5d576ad50ea,Park Medical Centers - Canton,PCP,Yes,,5,98,Canton,J-D03,"William F Rollins, DO (4 spine) · William Rollins, DO (1 spine)",Comm/Medicare,,9,"8532 N CANTON CENTER RD, CANTON, MI, 48187",Yes
Jasmine,Tier 1,5cb01f9c-faec-4c04-b600-f0eba085f6a3,Synergy Medical Primary Care,PCP,Yes,,4,91,Livonia,J-D04,"Hetal Gandhi, MD (3 spine) · Katie Simkow, NP (1 spine) · Miranda Sattam, PA-C (1 ortho)",Comm/Medicare,,19,"9216 Middlebelt Rd, Livonia, Michigan, 48150",Yes
Jasmine,Tier 1,3acfe2ff-d550-4785-99aa-a1ea91ef7da4,CANTON FAMILY HEALTH LLC,PCP,Yes,,4,90,Canton,J-D01,"Samih Mike Ajami, DO (4 spine) · Shadia Yeihey, MD (1 ortho)",Comm/Medicare,,6,"6300 N HAGGERTY RD STE 220, CANTON, MI, 48187",Yes
Jasmine,Tier 1,20e3535a-e9f3-4760-9cd8-6e86789495da,QuickDoc Urgent Care,Urgent Care,Yes,,4,89,Eastpointe,J-D05,"Mohamad Rahbar, MD (4 spine)",Mixed walk-in,,4,"19070 East 10 Mile Road, Eastpointe, Michigan, 48021",Yes
Jasmine,Tier 1,74262c96-dd4b-4b92-acd7-c43ebba4c04f,NORLIVO INTERNAL MEDICINE,Orthopedic,Yes,,3,91,Livonia,J-D09,"Amadeo R Sturla, MD (2 spine) · Amadeo Sturla, MD (1 spine)",Comm/Medicare,,10,"20311 Farmington Road, Livonia, Michigan, 48152",Yes
Jasmine,Tier 1,0cc06713-910b-4b74-ba14-7cd3d76b3c62,OAK STREET HEALTH CHERRY HILL,PCP,Yes,,3,88,Inkster,J-D02,"Peter Vasquez, MD (1 spine) · Nadine Larcher, NP (1 spine) · Oakstreet Health - Cherry Hill (1 spine) · Gaybriel Morrell, MD (4 ortho)",Comm/Medicare,,21,"27155 CHERRY HILL RD, INKSTER, MI, 48141",Yes
Jasmine,Tier 1,13842362-6701-47f3-95cc-140ea17bd264,Premier Medicine Medical Center - Livonia,Urgent Care,Yes,,2,85,Livonia,J-D10,"Nabil Suliman, MD (1 spine) · Monica Fukala, NP (1 spine) · Somnath Chowdhury, MD (1 ortho)",Mixed walk-in,,7,"20290 Middlebelt Rd, Livonia, Michigan, 48152",Yes
Jasmine,Tier 1,1d143d90-6122-41e7-ae14-c14d4e4317b4,Frank Lanzilote DO-Family Practice,PCP,Yes,,2,84,Detroit,J-D11,"Pooja Kodali, MD (2 spine)",Comm/Medicare,,23,"16226 Grand River Ave, Detroit, Michigan, 48227",Yes
Jasmine,Tier 1,218209bd-0e83-4585-b5e7-1455814e77b1,Grand River Medical Associates,PCP,Yes,,2,82,New Hudson,J-D12,"Jamie G Taweel, DO (2 spine)",Comm/Medicare,,2,"55840 Grand River Ave ste 300, New Hudson, Michigan, 48165",Yes
Jasmine,Tier 1,68ceff67-99ac-4ef7-a162-918f93bbdf38,Livonia Family Medical Center,PCP,Yes,,1,72,Livonia,J-D04,"Keith M Tobin, DO (1 spine) · Michael Burry, DO (1 ortho)",Comm/Medicare,,3,"28701 Plymouth Rd, Livonia, Michigan, 48150",Yes
Jasmine,Tier 1,b2290856-de23-4322-aabc-b2436529feac,Core Institute/Henry Ford Motor City Orthopedics & PT- Southfield,Orthopedic,Yes,,1,72,Southfield,J-D06,"Nick Bolz, MD (1 spine)",Mixed panel,,1,"22250 Providence Drive, ste 401, Southfield, Michigan, 48075",Yes
Jasmine,Tier 1,9d286e7b-6017-417c-8a6b-763fe942c9c2,COREWELL HEALTH  INTERNAL MEDICINE DEARBORN,PCP,Yes,,1,72,Dearborn,J-D13,"Sarah Zoabi, MD (1 spine)",Mixed panel,,1,"17000 Hubbard Dr, Dearborn, Michigan, 48126",Yes
Jasmine,Tier 1,680822f2-58d4-4f67-b09b-01ccd6f95892,Roberts Orthopedic Services,Orthopedic,Yes,,1,72,Southfield,J-D14,Jonathan Kyulu Nzoma (1 spine),Comm/Medicare,,1,"27207 Lahser Rd, Southfield, Michigan, 48034",Yes
Jasmine,Tier 1,25a91d51-ca80-40cd-88ea-8b37beaa2ea8,Trinity Health IHA Medical Group Primary Care - Canton,PCP,Yes,,1,72,Canton,J-D15,"Yujing Murray, MD (1 spine)",Mixed panel,,1,"1600 S Canton Center Road, Suite 200, CANTON, Michigan, 48188",Yes
Jasmine,Tier 1,6b70f9d5-4063-4208-85f4-1d780fabaacc,"Trinity Health IHA Medical Group, Primary Care - Southeast Livonia",PCP,Yes,,1,72,Livonia,J-D16,"Erin Walton Doyle, MD (1 spine) · Candace Cooper, DO (1 ortho) · Rachel B Marcucci, MD (1 ortho)",Mixed panel,,3,"29370 Plymouth Road, Livonia, Michigan, 48150",Yes
Jasmine,Tier 1,48d727c6-d942-4dbb-b457-0839ac8e1b68,Corwell health orthopedics Canton,Orthopedic,Yes,,1,71,Canton,J-D01,"Khalid Odeh, MD (1 spine)",Comm/Medicare,,1,"2050 North Haggerty Road, Canton, Michigan, 48187",Yes
Jasmine,Tier 1,73107e68-fc7f-46d0-bef4-ee26e9dc0099,Lakes Urgent Care - Livonia,Urgent Care,Yes,,1,71,Livonia,J-D17,Lakes Urgent Care (1 spine) · Lakes Urgent Care Livonia (1 ortho),Mixed walk-in,,32,"36650 Five Mile Rd suite 106, Livonia, Michigan, 48154",Yes
Jasmine,Tier 1,1689099f-fc6b-4174-9111-5dce70adbd66,"APOLLO HEALTH SERVICES, PC",PCP,Yes,,1,70,Garden City,J-D02,"Sujata Kambhatla, MD (1 spine)",Comm/Medicare,,1,"5823 MIDDLEBELT RD, GARDEN CITY, MI, 48135",Yes
Jasmine,Tier 1,1022591b-a2f2-47ed-a718-e764042f930d,Corewell Health Wayne Hospital Family Medicine -  Canton,PCP,Yes,,1,70,Canton,J-D03,"Mushahid Raza, MD (1 spine) · Iman Choucair, DO",Mixed panel,,3,"7330 N CANTON CENTER RD STE 111, CANTON, MI, 48187",Yes
Jasmine,Tier 1,1578685921,Eastpointe Family Physicians,PCP,Yes,,1,70,Eastpointe,J-D05,"Andrea Zinke Fnp Bc (1 spine) · Haley Pope, DO",Comm/Medicare,,4,"24901 Kelly Rd, Eastpointe, MI, 48021",Yes
Jasmine,Tier 1,a7a3d5c1-7a49-46bc-b9ad-08cbe9188e80,"DEARBORN FAMILY CLINIC, PC",Orthopedic,Yes,,1,70,Dearborn,J-D07,"Howard Wright, DO (1 spine) · Angela Harris, MD (1 ortho)",Comm/Medicare,,3,"3133 South Telegraph Road, Dearborn, Michigan, 48124",Yes
Jasmine,Tier 1,b1a9167c-0bb6-47bd-b50a-ff18a973875f,A1 Family Medicine,PCP,Yes,,1,70,Canton,J-D18,"Purvi Dharia, MD (1 spine)",Comm/Medicare,,3,"2050 N Haggerty Rd, Canton, Michigan, 48187",Yes
Jasmine,Tier 1,61a031d7-889d-4b90-8391-8647f4be87ec,BEAUMONT FAMILY MEDICINE BELLEVILLE,PCP,Yes,,1,70,Belleville,J-D19,"David Julian Szaraz, MD (1 spine) · Chin Yi, MD (3 ortho)",Mixed panel,,5,"201 3RD ST STE 200, BELLEVILLE, Michigan",Yes
Jasmine,Tier 1,9e6bf540-edd8-4135-9b33-cef5e4fbcc2c,Karma Internists,PCP,Yes,,1,70,Novi,J-D20,"Anvita B Saini, MD (1 spine)",Comm/Medicare,,1,"26850 PROVIDENCE PKWY STE 420, NOVI, Michigan, 48374",Yes
Jasmine,Tier 1,cd5ff85f-ef03-49bb-bf33-ee98e3b500ec,Plymouth physical therapy services,PT,Yes,,1,69,Garden City,J-D02,"Nicholas Lefere, PT (1 spine)",Comm/Medicare,,1,"29454 Ford Road, Garden City, Michigan, 48135",Yes
Jasmine,Tier 1,c4cc522a-15ee-4dcb-8312-cc7b7efdf995,Park Medical Center (Medicaid),PCP,Yes,,1,69,Detroit,J-D06,"Richard M Brown, DO (1 spine) · Richard Brown (1 ortho)",Comm/Medicare,,2,"12871 East Jefferson Avenue, Detroit, Michigan, 48215",Yes
Jasmine,Tier 1,d4c2e8cb-a4bb-454f-bc5c-8425cff6d293,PelHam Primary Care,PCP,Yes,,1,69,Dearborn,J-D07,"Talal Khader, MD (1 spine)",Comm/Medicare,,1,"3815 Pelham Street, Dearborn, Michigan, 48124",Yes
Jasmine,Tier 1,3effe9bc-8576-4eee-ba7e-9bf99eb7d1fa,"TENNY INTERNAL MEDICINE, PLLC",PCP,Yes,,1,69,Dearborn,J-D21,"Gregory Marcarian, MD (1 spine) · Michelle Levy Fnp-bc (1 ortho)",Comm/Medicare,,3,"22361 W VILLAGE DR STE 102, DEARBORN, MI, 48124",Yes
Jasmine,Tier 2,95ae3078-f17c-44de-af58-d9fc8e58f4de,Dedicated Senior Medical Center - Warren,Orthopedic,Yes,,0,60,Warren,J-D06,"Afshan Khan, DO (3 ortho) · Charanpreet K Khangura, DO (1 ortho)",Comm/Medicare,,6,"1921 8 Mile Road, Warren, Michigan, 48091",Yes
Jasmine,Tier 2,1c7828ed-eebc-45ad-a838-28fbb2264e48,Corewell Health Wayne Hospital Internal Medicine - Canton,PCP,Yes,,0,59,Canton,J-D03,"Lily Go, MD (4 ortho) · Raghunath Bandri (1 ortho)",Mixed panel,,5,"7330 N CANTON CENTER RD STE 209, CANTON, MI, 48187",Yes
Jasmine,Tier 2,f8c5f64c-4cf6-463f-9090-68ac9735f08e,CoreWell Health Family Medicine,PCP,Yes,,0,59,Canton,J-D18,"Thomas J Ridella, MD (5 ortho) · Amal Alqurneh, DO (2 ortho)",Mixed panel,,10,"2050 N Haggerty Road, Canton, Michigan, 48187",Yes
Jasmine,Tier 2,74e299c3-f9b1-4d54-8e8d-b63af23ba7fd,Corewell Health Family Care of Novi,PCP,Yes,,0,59,Novi,J-D20,"Medina Kadri, MD (4 ortho) · Rana Zaban, DO (1 ortho)",Mixed panel,,5,"44130 W 12 MILE RD, NOVI, MI, 48377",Yes
Jasmine,Tier 2,1548224769,Office of Robert Brateman,PCP,Yes,,0,59,Novi,J-D22,"Robert Brateman, MD (5 ortho)",Comm/Medicare,,5,"40015 Grand River Ave, ste 100, Novi, Michigan, 48375",Yes
Jasmine,Tier 2,b9dc6f52-5aa2-459e-98a8-79b4da67dc8a,WEST OAKLAND INTERNISTS,PCP,Yes,,0,53,Novi,J-D08,"Nabil Wehbe, DO (1 ortho) · Stafford Preston, MD (1 ortho) · Bruce Terrio, MD",Comm/Medicare,,7,"44000 W 12 MILE RD STE 200, NOVI, MI, 48377",Yes
Jasmine,Tier 2,e0d8c74a-31fe-4da6-9aa4-6a2357088b6a,Freedom Medical Clinic (Trinity),PCP,Yes,,0,53,Livonia,J-D09,"Trishya Reddy, MD (1 ortho) · Randall A Bickle, DO (1 ortho)",Mixed panel,,3,"20206 Farmington Rd, Livonia, MI, 48152",Yes
Jasmine,Tier 2,85d28577-5be8-4372-8c7e-9a349c62e50d,Dedicated senior Medical Center Detroit North,PCP,Yes,,0,53,Detroit,J-D11,Sandra L Molteni (3 ortho),Comm/Medicare,,4,"20001 West Seven Mile Road, Detroit, Michigan, 48219",Yes
Jasmine,Tier 2,c6f8c7f7-2386-4788-9102-c4f9ebda94b8,Western Wayne Physicians - Livonia,PCP,Yes,,0,53,Livonia,J-D17,"Tamara Schmidt, MD (2 ortho)",Comm/Medicare,,2,"15160 Levan Rd, Livonia, Michigan, 48154",Yes
Jasmine,Tier 2,4dee089f-61d1-4d13-9fca-62b8d8ffc312,BN Nandish MD,PCP,Yes,,0,52,Livonia,J-D01,"Banathally N Nandish, MD (2 ortho)",Comm/Medicare,,2,"14555 Levan Rd suite 308, Livonia, Michigan, 48154",Yes
Jasmine,Tier 2,a3906606-5f95-4b86-b5ca-235186bdde34,Office of Robert Vartabedian MD,PCP,Yes,,0,52,Plymouth,J-D23,"Robert Vartabedian, MD (2 ortho)",Comm/Medicare,,2,"990 W Ann Arbor Trail suite 104, Plymouth, Michigan, 48170",Yes
Jasmine,Tier 2,92cc3682-defe-42ff-8ccd-0ff138c12b77,IHA Plymouth Primary Care,PCP,Yes,,0,52,Plymouth,J-D23,"Lauren Lumley, DO (2 ortho) · Ashley Schmehl, DO (1 ortho) · Matthew Kohlenberg, MD",Comm/Medicare,,4,"990 w Ann Arbor trail, ste 208, PLYMOUTH, Michigan, 48170",Yes
Jasmine,Tier 2,88f17311-2f10-4d7d-b250-085575fb31c1,"IHA, Primary Care - Cherry Hill Village",PCP,Yes,,0,51,Canton,J-D15,"Frank Parrinello (1 ortho) · Kristen Alexis Yee, MD (1 ortho)",Comm/Medicare,,2,"49650 Cherry Hill Rd, Canton, Michigan, 48187",Yes
Jasmine,Tier 2,0e7f5d40-b8a0-4524-96a4-2229c7d1e5e7,MD VIP - Trenton,PCP,Yes,,0,50,Trenton,J-D24,"Michelle Bauer, MD (1 ortho) · Jennifer Fretz, DO (1 ortho)",Comm/Medicare,,2,"1570 Kingsway Ct suite 1, Trenton, Michigan, 48183",Yes
Jasmine,Tier 2,60ca59a0-452f-4fea-8aff-cf4ef63862b7,Village Medical - Novi,Pain,Yes,,0,49,Novi,J-D08,"James Golden, MD (1 ortho) · Daniel Rosenberg, MD",Comm/Medicare,,3,"39475 Lewis Dr ste 130, Novi, Michigan, 48377",Yes
Jasmine,Tier 2,08777e8a-5ca0-4abd-8ad4-d8f4fbbacc9c,Primecare of Novi,Pain,Yes,,0,49,Novi,J-D22,"Hannah R Berman, NP (1 ortho)",Comm/Medicare,,1,"39555 West 10 Mile Road, Novi, Michigan, 48375",Yes
Jasmine,Tier 2,1d453948-16d6-4da0-a7d9-80b603bedb9b,Michigan Urgent Care - Livonia,Orthopedic,Yes,,0,49,Livonia,J-D25,Michigan Urgent Care - Livonia (1 ortho),Comm/Medicare,,1,"37595 W Seven Mile Rd, Livonia, Michigan, 48152",Yes
Jasmine,Tier 2,e5c5b135-ecad-42bb-bbbc-011dd2c4a225,Trinity IHA Orthopedics - Schoolcraft,Orthopedic,Yes,,0,49,Livonia,J-D25,Kristopher J Aalderink (1 ortho),Mixed panel,,1,"19000 St Joe's Pkwy, Livonia, Michigan, 48152",Yes
Jasmine,Tier 2,461fe196-5467-4d92-bec8-0125858453c8,Dedicated Senior Medical Center - Eastpointe,PCP,Yes,,0,48,Eastpointe,J-D05,"Poonam Patel, MD (1 ortho)",Comm/Medicare,,2,"21811 Kelly Rd, Eastpointe, Michigan, 48021",Yes
Jasmine,Tier 2,10a3ca46-32f2-472e-99d9-39f7c9e3bde3,PROVIDENCE PARK LIVONIA FAMILY MEDICINE,PCP,Yes,,0,48,Livonia,J-D17,"David E Karle, MD (1 ortho)",Comm/Medicare,,1,"37650 PROFESSIONAL CENTER DR STE 1010A, LIVONIA, MI, 48154",Yes
Jasmine,Tier 2,9d72636b-2e2d-4e54-b69a-aab72e18f8a9,Family Care Physicians PC,PCP,Yes,,0,48,Novi,J-D22,"Marshall B Sack, DO (1 ortho)",Comm/Medicare,,1,"39500 West 10 mile, suite 100, Novi, MI, 48375",Yes
Jasmine,Tier 2,5fcd802e-4f68-4425-8e82-e66edfaa3720,Trinity Health Orthopedic group-Ypsilanti,Orthopedic,Yes,,0,48,Ypsilanti,J-D26,"Jared Thomas, MD (1 ortho)",Mixed panel,,1,"5315 Elliot Dr, suite 301, Ypsilanti, Michigan, 48197",Yes
Jasmine,Tier 2,3d10a23f-49c8-4b30-b87f-ae7465e0f588,Tri County Neurology,Neurology,Yes,,0,47,Eastpointe,J-D06,"Saadia Siddiqui, MD (1 ortho)",Comm/Medicare,,1,"18161 E 8 Mile Rd, Eastpointe, Michigan, 48021",Yes
Jasmine,Tier 2,24230075-46f5-44cf-bd8f-deb5f276aa99,ACADEMIC INTERNAL MEDICINE SPECIALISTS,PCP,Yes,,0,47,Southfield,J-D14,"Michael A Williams, MD (1 ortho)",Comm/Medicare,,1,"22250 PROVIDENCE DR STE 301, SOUTHFIELD, Michigan, 48075",Yes
Jasmine,Tier 2,ce969d89-5e72-4361-9024-039ad31f5bc3,CENTER FOR INTERNAL MEDICINE CONTINUITY CLINIC,PCP,Yes,,0,47,Livonia,J-D16,"Hao Nguyen, DO (1 ortho)",Comm/Medicare,,1,"28479 7 MILE RD, LIVONIA, MI, 48152",Yes
Jasmine,Tier 2,400aeb1f-6186-4eb7-98c8-0544491af836,UofM Canton Health Center General Medicine,PCP,Yes,,0,47,Canton,J-D18,"Kristin M Collier, MD (1 ortho)",MEDICAID? VERIFY,,1,"1051 North Canton Center Road, Canton, Michigan, 48187",Yes
Jasmine,Tier 2,fc1455cf-74a6-4b97-b05f-e677351745de,MI Express Urgent Care,Orthopedic,Yes,,0,47,Ann Arbor,J-D27,MI Express Urgent Care (1 ortho),Comm/Medicare,,1,"80 South Zeeb Road, Ann Arbor, Michigan, 48103",Yes
Jasmine,Tier 2,4328f444-1a86-4fbb-9849-e8a159cce3e2,Michigan Primary Care - Eastpointe,PCP,Yes,,0,46,Eastpointe,J-D05,"Colleen Miller, NP (1 ortho)",Comm/Medicare,,1,"17000 E 10 Mile Rd, Eastpointe, MI, 48021",Yes
Jasmine,Tier 2,1710940242,Office of Jeff The DO,PCP,Yes,,0,46,Plymouth,J-D23,"Jeff Y The, DO (1 ortho)",Comm/Medicare,,1,"990 West Ann Arbor Trail, Plymouth, Michigan, 48170",Yes
Jasmine,Tier 2,930e15d8-29b2-49a1-be3d-7eae0da7dc41,"BADHWAR ASSOCIATES, MD, PC",PCP,Yes,,0,46,Brownstown,J-D28,"Avlokita Badhwar, MD (1 ortho)",Comm/Medicare,,1,"19135 ALLEN RD STE 106, BROWNSTOWN, MI, 48183",Yes
Jasmine,Tier 2,607852d7-cb70-46f8-ac4a-ed6f36b0acf9,Wayne Primary Care and Walk In,Urgent Care,Yes,,0,45,Wayne,J-D02,"Vijay Patel, MD (1 ortho)",Mixed walk-in,,1,"4020 Venoy Rd suite 400, Wayne, Michigan, 48184",Yes
Jasmine,Tier 2,931a0b27-6417-43b6-a15a-c3eac7f8203a,"MEDICAL GROUP PRACTICE, PC (Olympia health)",PCP,Yes,,0,45,Livonia,J-D04,"William Paul Penn, DO (1 ortho)",Comm/Medicare,,1,"9460 MIDDLEBELT RD, LIVONIA, MI, 48150",Yes
Jasmine,Tier 2,3b5d6ffd-3a5a-4ccd-b656-e2340f7c8ea5,The family Doc,PCP,Yes,,0,45,Dearborn Heights,J-D11,"Ali I Nasrallah, MD (1 ortho)",Comm/Medicare,,1,"25350 West Warren Street, Dearborn Heights, Michigan, 48127",Yes
Jasmine,Tier 2,1356380513,Care Medical Clinic of Canton,PCP,Yes,,0,45,Canton,J-D18,Paul G Debrincat (1 ortho),Comm/Medicare,,1,"5730 N Lilley Rd, ste C, Canton, MI, 48187",Yes
Jasmine,Tier 2,3a2a1db5-c1c4-41cd-a7f3-b4e0b388e268,Corwell internal medicine and primary care,PCP,Yes,,0,45,Livonia,J-D25,"Elaina Vayntrub, MD (1 ortho)",Comm/Medicare,,1,"37633 Pembroke Avenue, Livonia, Michigan, 48152",Yes
Jasmine,Tier 2,1326021262,City Medical - Southgate,PCP,Yes,,0,45,Southgate,J-D28,"Nabeel Omar, PA-C (1 ortho)",Comm/Medicare,,1,"13636 Dix Toledo, Southgate, MI, 481952432",Yes
Jasmine,Tier 2,a5a464ab-73df-48e0-8f49-b80f6b89fc6b,Schaefer Medical,PCP,Yes,,0,45,Dearborn,J-D29,"Nesrene Ghani, MD (1 ortho)",Comm/Medicare,,1,"5245 Schaefer Rd, Dearborn, Michigan, 48126",Yes
Jasmine,Tier 2,4e57efb6-1ae9-4171-ac14-4be29705805c,"TERRY D HOWELL, MD, PC",PCP,Yes,,0,45,Saline,J-D30,"Terry Howell, MD (1 ortho)",Comm/Medicare,,1,"401 N ANN ARBOR ST STE D, SALINE, MI, 48176",Yes
Jasmine,Tier 2,31fe13d8-1060-4c98-bf75-61f09e803121,PEDIATRIC AND ADOLESCENT CENTER,Pediatrics,Yes,,0,44,Southgate,J-D28,"Dinesh Nayak, MD (1 ortho)",Peds — low fit,Pediatric (Jul 20 rule),1,"15555 Northline Road, Southgate, Michigan, 48195",Yes
Jasmine,Tier 2,13dc6a74-7486-4022-8993-7eaf6b95734e,CANTON FOOT & Ankle SPECIALISTS,Podiatry,Yes,,0,43,Canton,J-D03,Brandon Semma (1 ortho),Comm/Medicare,,1,"43050 Ford Road Ste 150, Canton, Michigan, 48187",Yes
Jasmine,Tier 3,bd0ee186-9de1-49f1-b6f7-85fc538efd3b,Novi Medicine,PCP,Yes,,0,35,Novi,J-D08,"Lowell Paul, MD",Comm/Medicare,,4,"39475 LEWIS DR STE 150, NOVI, MI, 48377",Yes
Jasmine,Tier 3,12deaf83-0f5e-4bd5-bf07-a4026935ffd1,DEDICATED SENIOR MEDICAL CENTER - Southfield,Orthopedic,Yes,,0,29,Southfield,J-D14,"Sally Azzo, MD · Vishnuvardhan G Reddy, MD",Comm/Medicare,,2,"21816 w 11 mile rd, Southfield, Michigan, 48076",Yes
Jasmine,Tier 3,a2a230c5-b58c-4416-a519-b3d118d15202,Corewell Health Farmington hills Hospital family medicine,PCP,Yes,,0,28,Livonia,J-D25,"Kerry L Stone, PA · Matteo Valenti, DO",Mixed panel,,2,"39000 7 MILE RD Suite 4300, LIVONIA, MI, 48152",Yes
Jasmine,Tier 3,611f52cc-838d-405e-8988-68708f39608e,ASCENSION MEDICAL GROUP WEST BLOOMFIELD FAMILY PRACTICE,PCP,Yes,,0,24,Novi,J-D08,"Bethany Clary, MD",Mixed panel,,1,"28455 HAGGERTY RD STE 100, NOVI, MI, 48377",Yes
Jasmine,Tier 3,b873599c-56bb-4876-b2ec-95215a325efb,"PONDURI, KAVITHA, MEDICAL GROUP",PCP,Yes,,0,24,Wayne,J-D15,"Kavitha Ponduri, MD",Comm/Medicare,,1,"34659 West Michigan Avenue, Wayne, Michigan, 48184",Yes
Jasmine,Tier 3,210797fc-d818-410f-94de-02c502935d29,Park Family Practice - Novi,PCP,Yes,,0,24,Novi,J-D20,"Megan Schram, PA",Comm/Medicare,,1,"26850 PROVIDENCE PKWY STE 370, NOVI, MI, 48374",Yes
Jasmine,Tier 3,e996949d-e85c-4588-a081-deb7cdc8510a,Corewell Urgent Care - Novi,Urgent Care,Yes,,0,24,Novi,J-D20,Corewell Urgent Care - Novi,Mixed panel,,1,"43535 Grand River, Novi, Michigan, 48375",Yes
Jasmine,Tier 3,796ef668-29ca-4cac-84b8-fd8125eb6bde,BEAUMONT FAMILY MEDICINE GARDEN CITY,PCP,Yes,,0,23,Garden City,J-D02,"Mariam Abdulghani, MD",Mixed panel,,1,"29150 FORD RD, GARDEN CITY, MI, 48135",Yes
Jasmine,Tier 3,f8db03fe-3188-4a31-b4ee-6010086c7552,SOUTHFIELD URGENT CARE,Urgent Care,Yes,,0,22,Southfield,J-D14,Southfield Urgent Care,Mixed walk-in,,1,"23832 SOUTHFIELD RD STE 1, SOUTHFIELD, Michigan",Yes
Jasmine,Tier 3,2ca32d51-676d-49f5-8e79-835774431e9d,Integrative Family Medicine Clinic - Domino's Farms (U of M),PCP,Yes,,0,21,Ann Arbor,J-D27,"Gregory Shumer, MD",Comm/Medicare,,1,"24 Frank Lloyd Wright Dr ste 2300 lobby h, Ann Arbor, Michigan, 48105",Yes
Jasmine,Prospect,c19d8067-80c5-4305-b690-7e5ee2391049,Henry Ford Athletic Medicine - Novi (relevance?),Orthopedic,No,,0,12,Novi,J-D08,,Mixed panel,,0,"39450 West 12 Mile Road, Novi, Michigan, 48377",No
Jasmine,Prospect,bb1e72ee-479c-42da-96ea-e71d67a1c702,"Fox Run, PC(delete)",Pain,No,,0,12,Novi,J-D08,,Comm/Medicare,,0,"41000 Fox Run Road, Novi, Michigan, 48377",No
Jasmine,Prospect,4900eaa5-f2a9-42ff-85ea-b3a57c7103ea,Jeffrey T. Najor Internal Medicine,Orthopedic,Yes,,0,12,Southfield,J-D11,,Comm/Medicare,,0,"24060 West Nine Mile Road, Southfield, Michigan, 48033",Yes
Jasmine,Prospect,82d5377e-3d89-4262-93c3-5661a3430b58,Michigan Orthopedic Surgeons - Novi,Orthopedic,Yes,,0,12,Novi,J-D12,,Comm/Medicare,Possible competitor (Jul 20 rule),0,"26750 Providence Pkwy ste 220, Novi, Michigan, 48374",Yes
Jasmine,Prospect,e1c8dbbf-56d1-41b9-82e4-7fa1950cb943,Michigan Orthopedic Surgeons- Southfield,Orthopedic,Yes,,0,12,Southfield,J-D14,,Comm/Medicare,Possible competitor (Jul 20 rule),0,"26025 Lahser Rd, Southfield, Michigan, 48033",Yes
Jasmine,Prospect,c78e3b81-c68a-4687-a4e9-a88863c2c873,Trinity URGENT CARE CANTON,Orthopedic,Yes,,0,12,Canton,J-D15,,Mixed panel,,0,"1600 S Canton Center Road, Canton, Michigan, 48188",Yes
Jasmine,Prospect,5c7c8073-5fc6-42f5-bc75-0b9f8a07e484,Trinity IHA Academic Family Medicine - Livonia,Pain,Yes,,0,12,Livonia,J-D17,,Mixed panel,,0,"37595 7 mile rd, ste 210, LIVONIA, Michigan, 48152",Yes
Jasmine,Prospect,eaa06235-6a42-4ef9-9f14-9fd1b4ed4610,Michigan Spine & Brain - Novi,Orthopedic,No,This would be for Ortho referrals ,0,12,Novi,J-D20,,Comm/Medicare,Ortho group w/ in-house spine? verify (Jul 20 rule),0,"26850 Providence Pkwy ste 240, Novi, Michigan, 48374",No
Jasmine,Prospect,69716ccc-b2b9-4d7b-8f77-69ecd79273be,PAIN MANAGEMENT ASSOCIATES OF MICHIGAN,Orthopedic,No,,0,12,Dearborn,J-D21,,Comm/Medicare,,0,"24327 Ford Road, Dearborn, Michigan, 48128",No
Jasmine,Prospect,03a214ff-22eb-4e89-b7a8-7b939d30700e,"ORTHOPEDIC SURGERY SPECIALISTS, PLLC",Orthopedic,Yes,,0,12,Novi,J-D22,,Comm/Medicare,,0,"25500 MEADOWBROOK RD STE 275, NOVI, MI, 48375",Yes
Jasmine,Prospect,448849c6-b351-4856-9d82-1b2e8d15f7ee,"PRIMECARE URGENT CARE, PLLC",Orthopedic,Yes,,0,12,Novi,J-D22,,Comm/Medicare,,0,"39555 West 10 Mile Road, Novi, Michigan, 48375",Yes
Jasmine,Prospect,7cbc93fd-5b51-41c8-8f3e-0afb5d09b1e4,ORTHOPEDIC INSTITUTE OF MICHIGAN,Orthopedic,Yes,,0,12,Livonia,J-D25,,Comm/Medicare,,0,"39000 W SEVEN MILE RD STE 2500, LIVONIA, MI, 48152",Yes
Jasmine,Prospect,907ab9ea-28db-4bd8-badd-75e1fdac6a2a,"PRIZM PAIN SPECIALISTS, PLLC",Orthopedic,Yes,,0,12,Livonia,J-D25,,Comm/Medicare,,0,"39000 West Seven Mile Road STE 2600, Livonia, Michigan, 48152",Yes
Jasmine,Prospect,fea6a17c-c68b-43db-acd7-34a4abfe0024,Trinity Health IHA Brain & Spine Surgery - Ann Arbor Campus,Orthopedic,No,Ortho opportunity,0,12,Ypsilanti,J-D26,,Mixed panel,Ortho group w/ in-house spine? verify (Jul 20 rule),0,"5315 Elliott Dr suite 102, Ypsilanti, Michigan, 48197",No
Jasmine,Prospect,a93076a3-e5bf-428b-bb72-5671f99b62b5,Trinity IHA Orthopedics - West Arbor,Orthopedic,Yes,,0,12,Ann Arbor,J-D27,,Mixed panel,,0,"4350 JACKSON RD STE 350, ANN ARBOR, MI, 48103",Yes
Jasmine,Prospect,2299270d-731c-4581-b50a-dd6e9b61dfb6,"ALI M NASSER, MD, PC",Orthopedic,Yes,,0,12,Dearborn,J-D29,,Comm/Medicare,,0,"15120 Michigan Ave, Ste A, Dearborn, Michigan, 48126",Yes
Jasmine,Prospect,e3b0867d-fccc-4c01-8c75-68fde50cdc16,Brackney Chiropractic,Chiropractor,Yes,,0,11,Canton,J-D03,,Comm+WC/PI,,0,"8524 North Canton Center Road, Canton, Michigan, 48187",Yes
Jasmine,Prospect,27944765-e102-4f5b-9ebc-611bcf5fb06c,Canton Family Medicine,PCP,Yes,,0,11,Canton,J-D03,,Comm/Medicare,,0,"5958 N  Center Rd Canton, Canton, Michigan, 48187",Yes
Jasmine,Prospect,6fa415cb-7af9-461a-b555-69ae0e7a90de,CANTON URGENT CARE,Orthopedic,Yes,,0,11,Canton,J-D03,,Comm/Medicare,,0,"43033 Ford Road, Canton, Michigan, 48187",Yes
Jasmine,Prospect,b0006361-799b-4231-8e35-542ac7ccc5c3,Fox Michael DO,PCP,Yes,,0,11,Livonia,J-D04,,Comm/Medicare,,0,"27550 Joy Rd, Livonia, Michigan, 48150",Yes
Jasmine,Prospect,e419b08f-276a-463b-8d2e-29d69176bb65,"SEEMAB GUL KHAN, MD, PC",Orthopedic,Yes,,0,11,Livonia,J-D04,,Comm/Medicare,,0,"9555 Middlebelt Road, Livonia, Michigan, 48150",Yes
Jasmine,Prospect,fbf2356b-694f-4b80-a662-1d1e86c727d7,The Joint Chiropractic - Livonia,Chiropractor,Yes,,0,11,Livonia,J-D04,,Comm+WC/PI,,0,"11027 Middlebelt Rd, Livonia, Michigan, 48150",Yes
Jasmine,Prospect,85768def-ff0c-4952-b900-da31e044eedf,Medicare urgent care,Urgent Care,Yes,,0,11,Eastpointe,J-D05,,Mixed walk-in,,0,"18621 East 9 Mile Road, Eastpointe, Michigan, 48021",Yes
Jasmine,Prospect,41d58a99-837a-4287-a726-afe3cda684c8,"APPOLINE MEDICAL CLINIC, PC",Orthopedic,Yes,,0,11,Dearborn,J-D06,,Comm/Medicare,,0,"8740 W Warren Ave, Dearborn, Michigan, 48126",Yes
Jasmine,Prospect,044c28d6-68de-4f3e-855a-8606d4729ace,Dedicated Senior Medical Center East Jefferson,PCP,Yes,,0,11,Detroit,J-D06,,Comm/Medicare,,0,"13208 East Jefferson Avenue, Detroit, Michigan, 48215",Yes
Jasmine,Prospect,15ebb26a-5efc-4ce7-9eb1-60fb9bd5f6c9,Henry Ford Family Medicine/Internal Medicine  - Novi,Pain,Yes,,0,11,Novi,J-D08,,Mixed panel,,0,"39450 West 12 Mile Road, Novi, Michigan, 48377",Yes
Jasmine,Prospect,fa3d7cf2-0b7a-4b7b-aa60-304995dee0eb,Henry Ford Pain Clinic - Novi,Pain,Yes,,0,11,Novi,J-D08,,Mixed panel,,0,"39450 W 12 Mile Rd #3c, Novi, Michigan, 48377",Yes
Jasmine,Prospect,828fa8f3-3b8b-47be-a90f-66dec7286b3e,VillageMD Eastern Michigan,PCP,Yes,,0,11,Novi,J-D08,,Comm/Medicare,,0,"39475 Lewis Dr ste 110, Novi, Michigan, 48377",Yes
Jasmine,Prospect,fcafa62b-aa2e-4816-b546-f6718ff3ece8,UNIVERSITY OF MICHIGAN LIVONIA HEALTH CENTER,PCP,Yes,,0,11,Livonia,J-D09,,MEDICAID? VERIFY,,0,"20321 FARMINGTON RD, LIVONIA, MI, 48152",Yes
Jasmine,Prospect,1174571947,"Jowher Khaleel MD, PC",PCP,Yes,,0,11,Livonia,J-D09,,Comm/Medicare,,0,"20000 Farmington Hills, Bldg E, Livonia, MI, 48152",Yes
Jasmine,Prospect,4edcea7a-987c-45d1-917d-cfe33f3c18ad,Endeavor chiropractic,Chiropractor,Yes,,0,11,Livonia,J-D09,,Comm+WC/PI,,0,"18320 Farmington Rd, Livonia, Michigan, 48152",Yes
Jasmine,Prospect,82015845-6f21-41fe-8e5a-c6e03da58e06,FARMBROOK INTERVENTIONAL PAIN AND EMG,Pain,Yes,,0,11,Southfield,J-D10,,Comm/Medicare,,0,"29877 TELEGRAPH RD STE 401, SOUTHFIELD, Michigan, MI 48034",Yes
Jasmine,Prospect,95f12360-e2e8-47e3-8279-f8ff1f3bfd0e,MICHIGAN ORTHOPEDIC SPECIALISTS - Farmington Hills,Orthopedic,Yes,,0,11,Farmington Hills,J-D10,,Comm/Medicare,Possible competitor (Jul 20 rule),0,"28080 GRAND RIVER AVE STE 207, FARMINGTON HILLS, MI, 48336",Yes
Jasmine,Prospect,73e16173-bee1-429e-93a5-997d3d6df3d9,THE CORE INSTITUTE NOVI,Orthopedic,Yes,,0,11,Novi,J-D12,,Comm/Medicare,,0,"26750 PROVIDENCE PKWY STE 200, NOVI, MI, 48374",Yes
Jasmine,Prospect,e1b0659f-dd0b-44de-bb56-320215093e67,Dearborn Health Clinic,PCP,Yes,,0,11,Dearborn,J-D13,,Comm/Medicare,,0,"13840 W Warren Ave, Dearborn, Michigan, 48126",Yes
Jasmine,Prospect,c7640a25-ed3b-4097-bda5-cd89202f64a1,Michigan Spine & Brain Surgeons,Orthopedic,No,ortho opportunity,0,11,Southfield,J-D14,,Comm/Medicare,Ortho group w/ in-house spine? verify (Jul 20 rule),0,"22250 Providence Dr suite 601, Southfield, Michigan, 48075",No
Jasmine,Prospect,2bc5b4b8-9395-4f0a-bc36-8f7ffd755481,Partners in Internal Medicine,PCP,Yes,,0,11,Canton,J-D15,,Comm/Medicare,,0,"255 N Lilley Rd, Canton, Michigan, 48187",Yes
Jasmine,Prospect,b2c0e41e-9b4b-4e68-9a9a-20a7837dbbd6,BEAUMONT URGENT CARE BY WELLSTREET,Urgent Care,Yes,,0,11,Wayne,J-D15,,Mixed panel,,0,"34435 Michigan Avenue, Wayne, Michigan, 48184",Yes
Jasmine,Prospect,80bad707-804e-4e08-b1c8-d03f5038b164,Wellness Wave Chiropractic,Chiropractor,Yes,,0,11,Livonia,J-D16,,Comm+WC/PI,,0,"15365 Hubbard St, Livonia, Michigan, 48154",Yes
Jasmine,Prospect,bb1e8257-48ba-4510-ac85-f82c85996bdf,True Health Chiropractic,Chiropractor,Yes,,0,11,Livonia,J-D16,,Comm+WC/PI,,0,"28404 Five Mile Rd, Livonia, Michigan, 48154",Yes
Jasmine,Prospect,02dc2839-7a87-4f51-9ae8-528110ed4a8f,"MICHIGAN SPORTS AND SPINE CENTER, PC (not of value)",Orthopedic,No,Competition ,0,11,Livonia,J-D16,,Comm/Medicare,Ortho group w/ in-house spine? verify (Jul 20 rule),0,"18312 Middlebelt Road, Livonia, Michigan, 48152",No
Jasmine,Prospect,9eee0ff0-1617-48d1-ab23-cc1eef9a0c5d,Intensive Pulmonary & Internal Medicine,PCP,Yes,,0,11,Livonia,J-D17,,Comm/Medicare,,0,"14555 Levan Rd suite 404, Livonia, Michigan, 48154",Yes
Jasmine,Prospect,c4b5edcd-9c75-4b5e-8922-bf8bda2f5543,Trinity Health IHA Academic Internal Medicine,PCP,Yes,,0,11,Livonia,J-D17,,Mixed panel,,0,"37595 W Seven Mile Rd, ste 340, Livonia, Michigan, 48152",Yes
Jasmine,Prospect,99d4fe31-7800-4760-b438-523fa51d9e6b,Michigan family wellness,Pain,Yes,,0,11,Canton,J-D18,,Comm/Medicare,,0,"2050 North Haggerty Road, CANTON, Michigan, 48187",Yes
Jasmine,Prospect,10a4e627-2c56-4978-9734-9722090617c0,Trinity Health IHA Primary Care - EMU,PCP,Yes,,0,11,Ypsilanti,J-D19,,Mixed panel,,0,"1065 N Huron River Dr suite 100, Ypsilanti, Michigan, 48197",Yes
Jasmine,Prospect,2f5507a9-2551-4136-8866-ca58f640c01c,UNIVERSITY OF MICHIGAN YPSILANTI HEALTH CENTER,Orthopedic,Yes,,0,11,Ypsilanti,J-D19,,MEDICAID? VERIFY,,0,"300 West Michigan Avenue, Ypsilanti, Michigan, 48197",Yes
Jasmine,Prospect,70aaf20d-66c7-43ae-94f7-aecb6bcc117a,CORNER HEALTH CENTER (Medicaid),Orthopedic,Yes,,0,11,Ypsilanti,J-D19,,MEDICAID? VERIFY,,0,"47 N HURON ST, YPSILANTI, Michigan, 48197",Yes
Jasmine,Prospect,ed5b6926-cd2d-40c7-b534-97499a80ee08,Medical Associates PC,PCP,Yes,,0,11,Ypsilanti,J-D19,,Comm/Medicare,,0,"428 S Grove St, Ypsilanti, Michigan, 48198",Yes
Jasmine,Prospect,34e9346c-8e77-4c5f-8b5a-25cf46347832,MDVIP-Novi,PCP,Yes,,0,11,Novi,J-D20,,Comm/Medicare,,0,"26850 Providence Parkway, Novi, Michigan, 48374",Yes
Jasmine,Prospect,1402505e-8030-4222-ac59-577fa4458cd9,Park Internal Medicine,PCP,Yes,,0,11,Novi,J-D20,,Comm/Medicare,,0,"26850 Providence Parkway, ste 505, Novi, Michigan, 48374",Yes
Jasmine,Prospect,4df59a0a-4c28-4cbf-aed9-c47c969dd72a,IEP Urgent Care- Novi,Urgent Care,Yes,,0,11,Novi,J-D20,,Mixed walk-in,,0,"27204 Beck Rd, Novi, Michigan, 48374",Yes
Jasmine,Prospect,70edb114-54ce-4dbf-bb03-01f785af8326,Gem Health and Wellness,PCP,Yes,,0,11,Novi,J-D22,,Comm/Medicare,,0,"25500 MEADOWBROOK RD STE 260, NOVI, Michigan, 48375",Yes
Jasmine,Prospect,dfb5fa8d-64ab-4384-9965-4374858f546a,Everside Health,Pain,Yes,,0,11,Novi,J-D22,,Comm/Medicare,,0,"39595 W 10 Mile Road, NOVI, Michigan, 48375",Yes
Jasmine,Prospect,422a5ef8-6ba7-49ba-a836-1f967d1b414d,Southeast Michigan Rehab & Pain,Pain,Yes,,0,11,Novi,J-D22,,Comm/Medicare,,0,"39595 West 10 Mile Road, ste 103, Novi, Michigan, 48375",Yes
Jasmine,Prospect,2699d502-139a-47b8-b5f7-a8ea61dbeeae,Elite Prime Care,PCP,Yes,,0,11,Canton,J-D23,,Comm/Medicare,,0,"8542 N CANTON CENTER RD, CANTON, MI, 48187",Yes
Jasmine,Prospect,8447f063-c332-4bfe-9ab5-13e9ea470cac,Michigan Orthopedic Specialists,Orthopedic,Yes,,0,11,Canton,J-D23,,Comm/Medicare,Possible competitor (Jul 20 rule),0,"44633 Joy Rd., Ste 200, Canton, Michigan, 48187",Yes
Jasmine,Prospect,27281655-fa64-496e-9ffa-bbd0472e43d4,THE PILOT DOCTORS,Orthopedic,Yes,,0,11,Plymouth,J-D23,,Comm/Medicare,,0,"965 South Main Street, Plymouth, Michigan, 48170",Yes
Jasmine,Prospect,cbf5b149-d8d1-45d2-bc13-27eac5b85f34,Northville-Novi Family Medicine,PCP,Yes,,0,11,Novi,J-D25,,Comm/Medicare,,0,"21580 Novi Rd, Novi, Michigan, 48375",Yes
Jasmine,Prospect,1e6c2264-d7e8-44cc-8bdb-8bbba8e6a32e,IHA urgent care Livonia,Urgent Care,Yes,,0,11,Livonia,J-D25,,Mixed walk-in,,0,"19000 Saint Joe's Parkway, Livonia, Michigan, 48152",Yes
Jasmine,Prospect,cfc1a768-52b4-4363-b4f1-1d54ec8e1b8c,IHA Family Medicine,PCP,Yes,,0,11,Ypsilanti,J-D26,,Comm/Medicare,,0,"4940 Clark Rd, Ypsilanti, Michigan, 48197",Yes
Jasmine,Prospect,41bbf717-a150-4c1a-b236-ebab1366b8aa,"Trinity Health IHA Medical Group, Primary Care - Ann Arbor",PCP,Yes,,0,11,Ypsilanti,J-D26,,Mixed panel,,0,"5361 McAuley Dr, Ypsilanti, Michigan, 48197",Yes
Jasmine,Prospect,d7578949-87ce-4820-9a40-a34cbfb03fd6,Trinity IHA Primary Care - West Arbor,PCP,Yes,,0,11,Ann Arbor,J-D27,,Mixed panel,,0,"4350 Jackson Rd suite 200, Ann Arbor, Michigan, 48103",Yes
Jasmine,Prospect,074ec76c-edc3-484d-9c8a-230ffcda445e,Trinity Health Urgent Care - West Arbor suite 230,Urgent Care,Yes,,0,11,Ann Arbor,J-D27,,Mixed panel,,0,"4350 Jackson Road, Ann Arbor, Michigan, 48103",Yes
Jasmine,Prospect,9ae9d844-759e-42b5-a563-2ad00aab5748,"Oakman, Medical Center",PCP,Yes,,0,11,Dearborn,J-D29,,Comm/Medicare,,0,"5280 Oakman Blvd, Dearborn, Michigan, 48126",Yes
Jasmine,Prospect,1881654705,"Corwell health internal medicine, Dearborn",PCP,Yes,,0,11,Dearborn,J-D29,,Comm/Medicare,,0,"4700 Schaefer Rd, Suite 240, Dearborn, MI, 481263698",Yes
Jasmine,Prospect,5f0d560a-88ef-4011-aac7-20111cc6a973,EASTBORN MEDICAL GROUP,Orthopedic,Yes,,0,11,Dearborn,J-D29,,Comm/Medicare,,0,"15044 Michigan Ave, Dearborn, Michigan, 48126",Yes
Jasmine,Prospect,f22819d5-efed-4b35-ba21-d6ba06d47271,SHEBA MEDICAL CENTER,Pain,Yes,,0,11,Dearborn,J-D31,,Comm/Medicare,,0,"10140 VERNOR HWY, DEARBORN, Michigan, 48120",Yes
Jasmine,Prospect,9e975b04-2072-4b4f-976c-88c13100aa49,CANTON VA CLINIC,PCP,Yes,,0,10,Canton,J-D01,,Comm/Medicare,,0,"5900 N LOTZ RD, CANTON, MI, 48187",Yes
Jasmine,Prospect,cfb3b21a-c220-44dd-bf1a-5116d55575eb,Bluestone PT/OT/ST,PT,Yes,,0,10,Livonia,J-D01,,Comm/Medicare,,0,"38935 Ann Arbor Road, Livonia, Michigan, 48150",Yes
Jasmine,Prospect,94d80b68-5992-460a-9b6f-4e4f572bced9,Buckle Family Chiropractic Ste 5,Chiropractor,Yes,,0,10,Livonia,J-D01,,Comm+WC/PI,,0,"38807 Ann Arbor Road, Livonia, Michigan, 48150",Yes
Jasmine,Prospect,05-433-9100,Joshua S Faley,PCP,Yes,,0,10,Livonia,J-D01,,Comm/Medicare,,0,"14555 Levan Rd Ste 302, Livonia, MI, 48154-5085",Yes
Jasmine,Prospect,23d47a49-9145-4b5c-9b11-978fd3b4c007,"Sussan J Salas, MD, FAANS",PCP,Yes,,0,10,Livonia,J-D01,,Comm/Medicare,,0,"14555 Levan Road, Ste 312, Livonia, Michigan, 48154",Yes
Jasmine,Prospect,4387f117-9c7b-45c3-9002-4dd29a03b8dc,"GARDEN CITY MEDICAL CENTER, PC",PCP,Yes,,0,10,Garden City,J-D02,,Comm/Medicare,,0,"2020 MIDDLEBELT RD, GARDEN CITY, MI, 48135",Yes
Jasmine,Prospect,5d3d80df-b9e3-4590-bd23-e5c410e71b43,Palmer Medical,PCP,Yes,,0,10,Westland,J-D02,,Comm/Medicare,,0,"34725 Palmer Road, Westland, Michigan, 48186",Yes
Jasmine,Prospect,ef0b5dc6-d359-46ed-882e-baedca026685,Arash Kiarash,PCP,Yes,,0,10,Westland,J-D02,,Comm/Medicare,,0,"34725 Palmer Road, Westland, Michigan, 48186",Yes
Jasmine,Prospect,536052f1-b0c7-4ac5-8a78-f93ea88a7b8a,Integrative Medicine & Hijama Clinic,PCP,Yes,,0,10,Canton,J-D03,,Comm/Medicare,,0,"8528 N Canton Center Rd, Canton, Michigan, 48187",Yes
Jasmine,Prospect,dd8c9b24-ab9f-484e-af36-a2a96ed1e466,MDWell,PCP,Yes,,0,10,Canton,J-D03,,Comm/Medicare,,0,"5958 N Canton Center Rd suite 200, Canton, Michigan, 48187",Yes
Jasmine,Prospect,2f2e703f-4fef-4dd1-8718-336cd307b0e6,Michigan family Wellness,Chiropractor,Yes,,0,10,Canton,J-D03,,Comm+WC/PI,,0,"2200 North Canton Center Road, Canton, Michigan, 48187",Yes
Jasmine,Prospect,be40181f-bcb8-4cac-ae76-ab9ba0311605,ATI,PT,Yes,,0,10,Livonia,J-D04,,Comm/Medicare,,0,"29539 Plymouth Rd, Livonia, Michigan, 48150",Yes
Jasmine,Prospect,4234d0ba-61b7-4931-8788-6156494bcc59,1st choice Urgent Care Livonia,Urgent Care,Yes,,0,10,Livonia,J-D04,,Mixed walk-in,,0,"11502 Middlebelt Road, Livonia, Michigan, 48150",Yes
Jasmine,Prospect,d2a011ae-fad5-4195-a59b-93376dd15321,"*NOVAMEDICA, PLLC",PCP,Yes,,0,10,Livonia,J-D09,,Comm/Medicare,,0,"20331 FARMINGTON RD STE 103, LIVONIA, MI, 48152",Yes
Jasmine,Prospect,dc4592d0-3b9d-4583-a228-a93413a343a7,BEAUMONT MIDWEST INTERNAL MEDICINE ASSOCIATES LIVONIA,PCP,Yes,,0,10,Livonia,J-D09,,Mixed panel,,0,"20317 FARMINGTON RD, LIVONIA, MI, 48152",Yes
Jasmine,Prospect,1993900c-8862-4865-ad73-1f71b7468186,M.N. Petrous MD,PCP,Yes,,0,10,Livonia,J-D09,,Comm/Medicare,,0,"20224 FARMINGTON RD, LIVONIA, MI, 48152",Yes
Jasmine,Prospect,db36e827-679d-4248-8834-41450c4256cf,Glazer Spine Center- use,Chiropractor,Yes,,0,10,Southfield,J-D10,,Comm+WC/PI,,0,"24725 W 12 Mile Rd Ste. 260, Southfield, Michigan, 480341801",Yes
Jasmine,Prospect,a967f0db-d552-4e1c-9e98-b867443cb6eb,Leonard Sahn MD,PCP,Yes,,0,10,Southfield,J-D10,,Comm/Medicare,,0,"29355 Northwestern Hwy ste 100, Southfield, Michigan, 48034",Yes
Jasmine,Prospect,bdc96513-2e4b-4263-916b-792d4001c0b0,Pain Clinic of Michigan,Pain,Yes,,0,10,Farmington Hills,J-D10,,Comm/Medicare,,0,"23800 Orchard Lake Rd, Farmington Hills, Michigan, 48336",Yes
Jasmine,Prospect,00-853-2889,Botsford General Hospital,PCP,Yes,,0,10,Livonia,J-D10,,Comm/Medicare,,0,"28711 8 Mile Rd Ste E, Livonia, MI, 48152-2041",Yes
Jasmine,Prospect,cce6f965-cad7-4eb7-baf6-90f4191f2dea,Oak Street Health,PCP,Yes,,0,10,Detroit,J-D11,,Comm/Medicare,,0,"18610 Fenkell ave, Detroit, Michigan, 48223",Yes
Jasmine,Prospect,f58827d6-6d21-48d0-b5ca-f235d234678b,"MICHIGAN INTERNAL MEDICINE ASSOCIATES, PC",PCP,Yes,,0,10,Dearborn Heights,J-D11,,Comm/Medicare,,0,"24548 West Warren Street, Dearborn Heights, Michigan, 48127",Yes
Jasmine,Prospect,675dfc18-3771-4c90-9157-cb23026fc251,LIVINGSTON MEDICAL CENTER,Orthopedic,Yes,,0,10,Brighton,J-D12,,Comm/Medicare,,0,"5865 Whitmore Lake Road, Brighton, Michigan, 48116",Yes
Jasmine,Prospect,2d41ea24-2571-4304-b0db-34c591f455d3,COMPREHENSIVE INTEGRATIVE HEALTH CARE,PCP,Yes,,0,10,Novi,J-D12,,Comm/Medicare,,0,"30880 BECK RD, NOVI, MI, 48377",Yes
Jasmine,Prospect,eb867788-d5d3-410e-8380-0d4ac6bb5f56,Raad Al-Saraf MD PC,Orthopedic,Yes,,0,10,Dearborn,J-D13,,Comm/Medicare,,0,"6840 Greenfield Rd, Dearborn, Michigan, 48126",Yes
Jasmine,Prospect,81a09b96-6834-4950-963a-abff6d4aac6b,Get Well Urgent Care Southfield,Urgent Care,Yes,,0,10,Southfield,J-D14,,Mixed walk-in,,0,"23832 Southfield Road, Southfield, Michigan, 48075",Yes
Jasmine,Prospect,55ee4a28-a427-426a-af8b-9c8a13993671,Doctors Urgent Care - Southfield,Urgent Care,Yes,,0,10,Southfield,J-D14,,Mixed walk-in,,0,"29405 Greenfield Rd, Southfield, Michigan, 48076",Yes
Jasmine,Prospect,3c8ceb06-c9a0-412a-964a-82f58cf0827e,EXPRESS MED URGENT CARE,Urgent Care,Yes,,0,10,Southfield,J-D14,,Mixed walk-in,,0,"19725 W 12 MILE RD, SOUTHFIELD, Michigan",Yes
Jasmine,Prospect,4e9f385c-33e2-4783-a7a3-18d71a99d587,MI Express Care,Urgent Care,Yes,,0,10,Canton,J-D15,,Mixed walk-in,,0,"44237 MICHIGAN AVE, CANTON, MI, 48188",Yes
Jasmine,Prospect,4ed90cf1-abdb-42c8-9e56-86ef1478b14a,IHA ORTHOPAEDIC SURGERY ASSOCIATES - CANTON,Orthopedic,Yes,,0,10,Canton,J-D15,,Comm/Medicare,,0,"1600 S CANTON CENTER RD STE 2200, CANTON, MI, 48188",Yes
Jasmine,Prospect,21da51f8-241e-484b-9dac-cd0c99714ca6,TRINITY HEALTH URGENT CARE- Livonia,Urgent Care,Yes,,0,10,Livonia,J-D16,,Mixed panel,,0,"29370 Plymouth Rd, Livonia, Michigan, 48150",Yes
Jasmine,Prospect,3e9f6915-4170-47c8-892b-d54aead4f00f,Henry Ford urgent care Livonia,Urgent Care,Yes,,0,10,Livonia,J-D16,,Mixed panel,,0,"29531 Plymouth Road, Livonia, Michigan, 48150",Yes
Jasmine,Prospect,1366444705,"Lawrence Lipnik MD,",PCP,Yes,,0,10,Livonia,J-D16,,Comm/Medicare,,0,"31610 Plymouth Rd, Livonia, MI, 48150",Yes
Jasmine,Prospect,704729b8-3a54-4b54-b3e3-ace46754f52b,"CARSON, DARCELLE M, MEDICAL GROUP",Orthopedic,Yes,,0,10,Livonia,J-D16,,Comm/Medicare,,0,"31705 Plymouth Road, Livonia, Michigan, 48150",Yes
Jasmine,Prospect,d322402c-b030-4d0f-bc0e-3e895e6aefed,Chiro-Care of Livonia,Chiropractor,Yes,,0,10,Livonia,J-D16,,Comm+WC/PI,,0,"28925 West Seven Mile Road, Livonia, Michigan, 48152",Yes
Jasmine,Prospect,5d20f222-29ea-4029-b53a-fb46b570224a,Doctors urgent care,Urgent Care,Yes,,0,10,Livonia,J-D17,,Mixed walk-in,,0,"36700 5 Mile road, Livonia, Michigan, 48154",Yes
Jasmine,Prospect,a54a2298-2335-4dcd-bf99-f21c492abfd1,Team Rehabilitation physical therapy,PT,Yes,,0,10,Livonia,J-D17,,Comm/Medicare,,0,"37307 Six Mile Road, Livonia, Michigan, 48152",Yes
Jasmine,Prospect,5270c72e-7fb5-410d-b0a9-895b97f8ff2e,UofM Pain Management - Canton,Pain,Yes,,0,10,Canton,J-D18,,Comm/Medicare,,0,"1051 North Canton Center Road, Canton, Michigan, 48187",Yes
Jasmine,Prospect,9531e09a-b183-4d68-994a-80342d7b0c2e,All-Pro Physical Therapy,Orthopedic,Yes,,0,10,Canton,J-D18,,Comm/Medicare,,0,"43050 Ford Road, Canton, Michigan, 48187",Yes
Jasmine,Prospect,214bff79-6f8b-47ab-b1c3-a6c140f898c4,Sarju Shah Family Medicine and Geriatrics,PCP,Yes,,0,10,Canton,J-D18,,Comm/Medicare,,0,"2050 North Haggerty Road, Canton, Michigan, 48187",Yes
Jasmine,Prospect,e3aecbce-4a94-4ebc-beb2-4e10fec69b88,SOUTH HURON URGENT CARE (CAT 3),Orthopedic,Yes,,0,10,Ypsilanti,J-D19,,Comm/Medicare,,0,"1649 South Huron Street, Ypsilanti, Michigan, 48197",Yes
Jasmine,Prospect,d7ce8ce4-2911-40e6-b7cb-e9f92a081d8b,WELLHEALTH MEDICAL ASSOCIATES - Belleville,Pain,Yes,,0,10,Belleville,J-D19,,Comm/Medicare,,0,"265 main st, BELLEVILLE, Michigan, 48111",Yes
Jasmine,Prospect,9f4c3f2a-ecc2-4050-b43c-d7c1d8f26b1d,Rivi Medical Associates,PCP,Yes,,0,10,Novi,J-D20,,Comm/Medicare,,0,"26850 Providence Parkway Ste 420, Novi, Michigan, 48374",Yes
Jasmine,Prospect,ac92f742-7400-4def-bf3c-399c79028ae0,"Providence Internal Medicine, Diabetes/Endocrinology",PCP,Yes,,0,10,Novi,J-D20,,Comm/Medicare,,0,"47601 GRAND RIVER AVE STE A218, NOVI, Michigan, 48374",Yes
Jasmine,Prospect,b2c0e41e-9b4b-4e68-9a9a-20a7837dbbd6,BEAUMONT URGENT CARE BY WELLSTREET,Orthopedic,Yes,,0,10,Dearborn,J-D21,,Mixed panel,,0,"23100 Michigan Avenue, Dearborn, Michigan, 48124",Yes
Jasmine,Prospect,198ce2f6-b94a-4ad3-b397-e6c1148f1644,FORD TEL MEDICAL CENTER,Orthopedic,Yes,,0,10,Dearborn Heights,J-D21,,Comm/Medicare,,0,"23800 Ford Rd, Dearborn Heights, Michigan, 48127",Yes
Jasmine,Prospect,8c60e9e4-e4af-426d-912d-3340bea956f4,Plymouth urgent care walk-in clinic,Orthopedic,Yes,,0,10,Plymouth,J-D23,,Comm/Medicare,,0,"1498 South Sheldon Road, Plymouth, Michigan, 48170",Yes
Jasmine,Prospect,80b855ee-7158-489b-b2a0-a7cff1ba0f26,MICHIGAN INSTITUTE OF MEDICINE,PCP,Yes,,0,10,Livonia,J-D25,,Comm/Medicare,,0,"38525 8 MILE RD, LIVONIA, MI, 48152",Yes
Jasmine,Prospect,c5d07e1d-3c78-4555-8838-bc01177d5016,Henry Ford employer solutions,PCP,Yes,,0,10,Livonia,J-D25,,Mixed panel,,0,"37595 7 Mile, Livonia, Michigan, 48152",Yes
Jasmine,Prospect,e50a83c0-3329-4005-a3b4-542b402bb061,Trinity health urgent care – EMU,Urgent Care,Yes,,0,10,Ypsilanti,J-D26,,Mixed panel,,0,"1075 North Huron River Drive, Ypsilanti, Michigan, 48197",Yes
Jasmine,Prospect,317a195f-f2b0-419b-99a5-152eb78c41cc,Trinity IHA Pediatrics - Arbor Park,Orthopedic,Yes,,0,10,Ypsilanti,J-D26,,Mixed panel,Pediatric (Jul 20 rule),0,"4936 Clark Rd suite 101, Ypsilanti, Michigan, 48197",Yes
Jasmine,Prospect,9d1a5377-d13f-4e0c-a250-5204ae278248,Trinity health physical therapy,Orthopedic,Yes,,0,10,Ypsilanti,J-D26,,Mixed panel,,0,"3145 Clark Road Ste 401, Ypsilanti, Michigan, 48197",Yes
Jasmine,Prospect,b61f12f1-ac78-4203-876e-78120bd81f47,ACADEMIC INTERNAL MEDICINE,Orthopedic,Yes,,0,10,Ypsilanti,J-D26,,Comm/Medicare,,0,"5333 McAuley Dr, Ypsilanti, Michigan, 48197",Yes
Jasmine,Prospect,1740379965,Internal Medicine Clinic - Taubman Center,PCP,Yes,,0,10,Ann Arbor,J-D27,,Comm/Medicare,,0,"1500 East Medical Center Drive, Ann Arbor, Michigan, 481095856",Yes
Jasmine,Prospect,9288d919-ada8-45ca-a122-9e5065f74980,Premier Medicine Primary and Urgent Care,Urgent Care,Yes,,0,10,Dearborn,J-D29,,Mixed walk-in,,0,"9550 Dix Ave, Dearborn, Michigan, 48120",Yes
Jasmine,Prospect,e76c31c1-f930-4f95-9297-051e3644a8fb,PRIME CARE MEDICAL CLINIC,Orthopedic,Yes,,0,10,Dearborn,J-D29,,Comm/Medicare,,0,"5728 Schaefer Road, Dearborn, Michigan, 48126",Yes
Jasmine,Prospect,895c7647-6ae1-4d8c-af49-0939435b01c6,PULSE PRIMARY/SENIOR CARE,PCP,Yes,,0,10,Dearborn,J-D29,,Comm/Medicare,,0,"15400 Michigan Ave, Dearborn, Michigan, 48126",Yes
Jasmine,Prospect,b578c6ec-ac47-46b9-88e7-e67e8a0cc843,Bio Energy Medical Center,PCP,Yes,,0,10,Ann Arbor,J-D30,,Comm/Medicare,,0,"4201 Varsity Dr suite a, Ann Arbor, Michigan, 48108",Yes
Jasmine,Prospect,4cfeb212-d64b-45e7-9946-7ac903b306ac,Packard Health - Ann Arbor,PCP,Yes,,0,10,Ann Arbor,J-D30,,Comm/Medicare,,0,"2650 Carpenter Rd, Ann Arbor, Michigan, 48108",Yes
Jasmine,Prospect,869d9f30-d3c6-486c-974d-dd85b1d93065,Michigan urgent care,Urgent Care,Yes,,0,10,Ann Arbor,J-D30,,Mixed walk-in,,0,"3262 Washtenaw Avenue, Ann Arbor, Michigan, 48104",Yes
Jasmine,Prospect,a42a04f1-cc44-4398-a98b-e7d51622a415,Taylor walk-in clinic,Urgent Care,Yes,,0,10,Taylor,J-D31,,Mixed walk-in,,0,"23234 Ecorse Road, Taylor, Michigan, 48180",Yes
Jasmine,Prospect,3973438b-a43c-4f5a-ab50-a4d96ed39952,Trupti Patel,PCP,Yes,,0,9,Westland,J-D01,,Comm/Medicare,,0,"33200 Warren Rd, Westland, Michigan, 48185",Yes
Jasmine,Prospect,c6b60636-41b7-4269-a81a-74ef98d29520,Meridian Rehab,PT,Yes,,0,9,Garden City,J-D02,,Comm/Medicare,,0,"2020 Middlebelt Road, Garden City, Michigan, 48135",Yes
Jasmine,Prospect,7397c30d-fc05-4212-aa03-e8cf2d7efabe,Kris Warszawski MD - MHP,PCP,Yes,,0,9,Garden City,J-D02,,Comm/Medicare,,0,"2011 MIDDLEBELT RD, GARDEN CITY, MI, 48135",Yes
Jasmine,Prospect,83e31e93-d44f-45e6-884d-0e69e15a6b31,Garden City urgent care/primary care,Urgent Care,Yes,,0,9,Garden City,J-D04,,Mixed walk-in,,0,"28511 Ford Road, Garden City, Michigan, 48135",Yes
Jasmine,Prospect,f66f38a6-852f-4f1e-bb01-77665ea9274f,ASSOCIATES IN INTERNAL MEDICINE SPECIALTIES,PCP,Yes,,0,9,Garden City,J-D04,,Comm/Medicare,,0,"6255 Inkster Rd, Garden City, Michigan, 48135",Yes
Jasmine,Prospect,1972590420,Alan Robertson MD,PCP,Yes,,0,9,Eastpointe,J-D05,,Comm/Medicare,,0,"17200 E 10 Mile Rd, ste 130, Eastpointe, MI, 480212249",Yes
Jasmine,Prospect,1457400954,Office of Douglas Hames MD,PCP,Yes,,0,9,Eastpointe,J-D05,,Comm/Medicare,,0,"22850 Kelly Rd, ste 1, Eastpointe, MI, 48021",Yes
Jasmine,Prospect,df6c9c10-8955-4ae0-95a3-7f14af6366cc,EPIC - Eastponte,Urgent Care,Yes,,0,9,Eastpointe,J-D05,,Mixed walk-in,,0,"21501 Kelly Road, Eastpointe, Michigan, 48021",Yes
Jasmine,Prospect,1902896608,Mansour Mercy Medical Center,PCP,Yes,,0,9,Eastpointe,J-D05,,Comm/Medicare,,0,"21321 Kelly Rd, ste 100, Eastpointe, Michigan, 48021",Yes
Jasmine,Prospect,39af8a2b-3c99-4502-805c-10e5627efc9d,Wayne state Internal Medicine,PCP,Yes,,0,9,Detroit,J-D06,,Comm/Medicare,,0,"4201 St Antoine, Detroit, Michigan, 48201",Yes
Jasmine,Prospect,e46c966d-2122-4c15-9289-606148887327,EASTPOINTE URGENT CARE,Orthopedic,Yes,,0,9,Eastpointe,J-D06,,Comm/Medicare,,0,"22471 GRATIOT AVE, EASTPOINTE, Michigan",Yes
Jasmine,Prospect,00e2d343-2a6c-4378-900b-c886a064f8a9,"ARASH KIARASH, MD, MEDICAL GROUP",PCP,Yes,,0,9,Taylor,J-D07,,Comm/Medicare,,0,"25500 GODDARD RD, TAYLOR, MI, 48180",Yes
Jasmine,Prospect,34c6f1a1-2ced-469c-a53e-e688da73712f,BEST MEDICAL CENTER,PCP,Yes,,0,9,Taylor,J-D07,,Comm/Medicare,,0,"25404 Goddard Road, Taylor, MI, 48180",Yes
Jasmine,Prospect,940d298e-5798-4b70-b005-21671cc2e86c,icare urgent care,Urgent Care,Yes,,0,9,Dearborn Heights,J-D07,,Mixed walk-in,,0,"23850 VAN BORN RD, DEARBORN HEIGHTS, MI, 48125",Yes
Jasmine,Prospect,ce8a4622-f40a-42dd-8695-99a4e9ec7edc,AMC primary care,PCP,Yes,,0,9,Dearborn Heights,J-D07,,Comm/Medicare,,0,"23850 Van Born Rd, Dearborn Heights, Michigan, 48125",Yes
Jasmine,Prospect,814ed74d-d989-4209-bc8c-83f8248094b6,Primary Care Center,PCP,Yes,,0,9,Dearborn Heights,J-D07,,Comm/Medicare,,0,"3902 Monroe St, Dearborn Heights, Michigan, 48125",Yes
Jasmine,Prospect,8934ce8f-6bb3-49e1-9d7e-1da3b417b80c,Medical Center Urgent Care,Urgent Care,Yes,,0,9,Livonia,J-D09,,Mixed walk-in,,0,"30737 7 Mile, Livonia, Michigan, 48152",Yes
Jasmine,Prospect,385dee98-3fbb-4b0d-b39e-a336562f26d0,"IMMEDIATE CARE MEDICAL CENTER, PC",PCP,Yes,,0,9,Farmington Hills,J-D10,,Comm/Medicare,,0,"21000 MIDDLEBELT RD, FARMINGTON HILLS, Michigan",Yes
Jasmine,Prospect,df271027-cd7b-426d-a380-9f582e5304ba,SPECIALISTS IN SPINE SURGERY - Farmington Hills,Orthopedic,Yes,,0,9,Farmington Hills,J-D10,,Comm/Medicare,Ortho group w/ in-house spine? verify (Jul 20 rule),0,"28080 GRAND RIVER AVE STE 208N, FARMINGTON HILLS, MI, 48336",Yes
Jasmine,Prospect,949c5a93-1ee8-4f5b-8e67-0ddc90f811c0,MIND - Dearborn,Orthopedic,Yes,,0,9,Dearborn Heights,J-D11,,Comm/Medicare,,0,"25150 Ford Road, Dearborn Heights, Michigan, 48127",Yes
Jasmine,Prospect,22f15cb0-741c-4de9-9b06-0c697d56588d,Beatty Chiropractic,Chiropractor,Yes,,0,9,Brighton,J-D12,,Comm+WC/PI,,0,"8050 Grand River Ave, Brighton, Michigan, 48114",Yes
Jasmine,Prospect,a872805b-8d3d-4cf3-8903-4909e19a73d2,Ouillette Chiropractic,Chiropractor,Yes,,0,9,Brighton,J-D12,,Comm+WC/PI,,0,"8082 Grand River Ave, Brighton, Michigan, 48114",Yes
Jasmine,Prospect,24c56a2c-bfab-4953-87ec-5e21eb9410f3,RIVER OAKS PRIMARY CARE,PCP,Yes,,0,9,Dearborn Heights,J-D13,,Comm/Medicare,,0,"20211 ANN ARBOR TRL, DEARBORN HEIGHTS, MI, 48127",Yes
Jasmine,Prospect,9f05c66c-699d-4a43-9c7c-5d261dd9aaf8,Dearborn Family Doctors,PCP,Yes,,0,9,Dearborn,J-D13,,Comm/Medicare,,0,"4726 Greenfield Rd, Dearborn, Michigan, 48126",Yes
Jasmine,Prospect,26dc2847-2f28-4c34-9f35-f5478493d95d,WARRENFIELD MEDICAL CENTER (Medicaid),PCP,Yes,,0,9,Dearborn,J-D13,,Comm/Medicare,,0,"14716 W WARREN AVE, DEARBORN, Michigan, 48126",Yes
Jasmine,Prospect,b6360502-f09b-4a86-a894-4bf7c93c89d7,Bingham Medical Center,PCP,Yes,,0,9,Dearborn,J-D13,,Comm/Medicare,,0,"13320 West Warren Avenue Ste A, Dearborn, Michigan, 48126",Yes
Jasmine,Prospect,b2d22607-bdd2-4f7e-a58d-316f80c17f40,Concentra Urgent Care - Southfield,Urgent Care,Yes,,0,9,Southfield,J-D14,,Mixed walk-in,,0,"26185 Greenfield Rd, Southfield, Michigan, 48076",Yes
Jasmine,Prospect,78f67c23-fe17-4b42-bdb5-acb7cfeea57d,Gretchen’s place,PCP,Yes,,0,9,Belleville,J-D15,,Comm/Medicare,,0,"25 Owen Street, Belleville, Michigan, 48111",Yes
Jasmine,Prospect,8db196d1-c39b-42f6-8eb5-c38cd6f73bef,VAN BUREN URGENT CARE,Orthopedic,Yes,,0,9,Belleville,J-D15,,Comm/Medicare,,0,"11650 Belleville Road, Belleville, Michigan, 48111",Yes
Jasmine,Prospect,5786e4a9-a5e1-4f0e-8e1a-c8f07c3acec4,"Trinity Health IHA Medical Group, Hospital Medicine",PCP,Yes,,0,9,Livonia,J-D17,,Mixed panel,,0,"36475 5 MILE RD, LIVONIA, Michigan, 48154",Yes
Jasmine,Prospect,a593a2a7-7132-4eb5-8a8f-67807158ca38,Trinity Health - Emergency Medicine,PCP,Yes,,0,9,Livonia,J-D17,,Mixed panel,,0,"36475 Five Mile Rd, Livonia, Michigan, 48154",Yes
Jasmine,Prospect,6101ca46-69b5-43a2-a4cd-74be14995963,Advanced Primary Care,PCP,Yes,,0,9,Canton,J-D18,,Comm/Medicare,,0,"43050 Ford Road, suite 170, CANTON, Michigan, 48187",Yes
Jasmine,Prospect,da712fc9-9f3d-4a5e-ac23-794ae5307850,BEAUMONT CHERRY HILL INTERNAL MEDICAL ASSOCIATES CANTON,PCP,Yes,,0,9,Canton,J-D18,,Mixed panel,,0,"2050 N HAGGERTY RD STE 100, CANTON, MI, 48187",Yes
Jasmine,Prospect,ac45f6d9-dd01-44d1-bc46-d23d9a646a13,Trinity Health Neighborhood Primary Care,PCP,Yes,,0,9,Ypsilanti,J-D19,,Mixed panel,,0,"111 N Huron St ste 200, Ypsilanti, Michigan, 48197",Yes
Jasmine,Prospect,2dfe8906-751d-4f2b-a4e4-e40addc8ffa5,ATI Ypsilanti Huron Rd,PCP,Yes,,0,9,Ypsilanti,J-D19,,Comm/Medicare,,0,"1613 Huron Street, Ypsilanti, Michigan, 48197",Yes
Jasmine,Prospect,1396739975,"Vladimir Klemptner MD,",PCP,Yes,,0,9,Ypsilanti,J-D19,,Comm/Medicare,,0,"1159 E Michigan Ave, Ypsilanti, MI, 481985807",Yes
Jasmine,Prospect,9a393155-33e1-469d-b167-37156a4a3741,"SUNSTRUM MEDICAL ASSOCIATES, PC",PCP,Yes,,0,9,Dearborn,J-D21,,Comm/Medicare,,0,"1934 MONROE ST, DEARBORN, MI, 48124",Yes
Jasmine,Prospect,c86d4c75-6c14-46b0-aa13-6b4f929dad66,Fayda Zakaria MD Family Medicine,PCP,Yes,,0,9,Dearborn,J-D21,,Comm/Medicare,,0,"1711 Monroe St, Dearborn, Michigan, 48124",Yes
Jasmine,Prospect,dd8c9b24-ab9f-484e-af36-a2a96ed1e466,MDWell,PCP,Yes,,0,9,Dearborn,J-D21,,Comm/Medicare,,0,"1213 Mason St, Dearborn, Michigan, 48124",Yes
Jasmine,Prospect,dfe30c97-b799-437f-ad7d-2a2e7e8e23e1,HEIGHTS FAMILY MEDICINE,PCP,Yes,,0,9,Dearborn Heights,J-D21,,Comm/Medicare,,0,"22350 FORD RD, DEARBORN HEIGHTS, MI, 48127",Yes
Jasmine,Prospect,d1235093-a65c-465a-ace2-cffd3d4ad232,MICHIGAN INTERVENTIONAL PAIN CENTER (this is an ASC),Orthopedic,Yes,,0,9,Dearborn Heights,J-D21,,Comm/Medicare,,0,"24430 Ford Road, Dearborn Heights, Michigan, 48127",Yes
Jasmine,Prospect,c8be9bcd-087a-4081-93c4-84fb80a7d1d1,Concentra Urgent Care- Novi,Urgent Care,No,has own team and specific guidelines of who they can and can't sent to.,0,9,Novi,J-D22,,Mixed walk-in,,0,"42875 Grand River Ave, Novi, Michigan, 48375",No
Jasmine,Prospect,07-983-0013,Oakland Rehabilitation Associates,PT,Yes,,0,9,Novi,J-D22,,Comm/Medicare,,0,"25500 Meadowbrook Rd, Novi, MI, 48375-1878",Yes
Jasmine,Prospect,5898f9bd-82c2-4134-a022-d09661f4e923,PLYMOUTH CANTON FAMILY HEALTH,PCP,Yes,,0,9,Canton,J-D23,,Comm/Medicare,,0,"44633 JOY RD STE 100, CANTON, MI, 48187",Yes
Jasmine,Prospect,b6ddaa21-a950-4bdc-bf4e-2fa4a1e3ea3e,Gingell Chiropractic,Chiropractor,Yes,,0,9,Plymouth,J-D23,,Comm+WC/PI,,0,"44670 Ann Arbor Road suite 100, Plymouth, Michigan, 48170",Yes
Jasmine,Prospect,afda3784-64a9-4997-bf11-96cff8e40ef6,Ethos Physical Therapy,PT,Yes,,0,9,Plymouth,J-D23,,Comm/Medicare,,0,"1250 Plymouth Oaks Boulevard, Plymouth, Michigan, 48170",Yes
Jasmine,Prospect,0cf65760-cfbd-4029-bb9f-dab45971f652,"METRO SHORES INTERNAL MEDICINE, PLLC",Orthopedic,Yes,,0,9,Riverview,J-D24,,Comm/Medicare,,0,"13909 Pennsylvania Road, Suite B, Riverview, Michigan, 48193",Yes
Jasmine,Prospect,84576296-8aed-482f-b425-73ec3d220d21,"FAMILY HEALTH, PC",Orthopedic,Yes,,0,9,Riverview,J-D24,,Comm/Medicare,,0,"19020 FORT ST, RIVERVIEW, MI, 48193",Yes
Jasmine,Prospect,ec7d6518-5eb7-4fca-a6b1-325f004d1ea6,WATCH US GROW PEDIATRICS,Orthopedic,No,,0,9,Trenton,J-D24,,Comm/Medicare,Pediatric (Jul 20 rule),0,"2363 West Jefferson Avenue, Trenton, Michigan, 48183",No
Jasmine,Prospect,4e0ac17e-b678-4984-b1ba-e7825a2ed78e,MORSI PEDIATRICS,Orthopedic,No,,0,9,Riverview,J-D24,,Comm/Medicare,Pediatric (Jul 20 rule),0,"14600 King Road, Riverview, Michigan, 48193",No
Jasmine,Prospect,3dc9219b-6054-4041-8509-f443b1f44add,"DOWNRIVER INTERNAL MEDICINE, PC",Orthopedic,Yes,,0,9,Riverview,J-D24,,Comm/Medicare,,0,"14700 KING RD STE A, RIVERVIEW, MI, 48193",Yes
Jasmine,Prospect,f3bc6e0f-edfc-423b-bf9d-2950236219e9,MIND-Riverview,Orthopedic,Yes,,0,9,Riverview,J-D24,,Comm/Medicare,,0,"14750 King Rd, Riverview, Michigan, 48193",Yes
Jasmine,Prospect,51be485c-bce1-4997-8e82-1463313f4617,"AMINI HEALTHCARE, PLLC",Orthopedic,Yes,,0,9,Brownstown Twp,J-D24,,Comm/Medicare,,0,"19727 Allen Rd, Ste 11, Brownstown Twp, Michigan, 48183",Yes
Jasmine,Prospect,e35d1817-e4ef-431a-a979-74b7c8e2c0f0,WOODHAVEN PEDIATRICS,Orthopedic,No,,0,9,Woodhaven,J-D24,,Comm/Medicare,Pediatric (Jul 20 rule),0,"21700 Allen Road, Woodhaven, Michigan, 48183",No
Jasmine,Prospect,b2aa2511-acc2-4cc1-a3b6-918eaa998e6e,Hewitt Road Medical Center,PCP,Yes,,0,9,Ypsilanti,J-D26,,Comm/Medicare,,0,"2236 Packard St, Ypsilanti, Michigan, 48197",Yes
Jasmine,Prospect,dd44661d-7987-4114-b7ad-d9099594baad,IHA ARBOR PARK PRIMARY CARE,Pain,Yes,,0,9,Ypsilanti,J-D26,,Comm/Medicare,,0,"4940 W Clark Rd, Ypsilanti, Michigan, 48197",Yes
Jasmine,Prospect,1104928613,"Sickels MD, Malcolm",PCP,Yes,,0,9,Ann Arbor,J-D27,,Comm/Medicare,,0,"210 Little Lake Dr, Ann Arbor, MI, 481036218",Yes
Jasmine,Prospect,ea15df9a-9ba3-4096-82f0-78f0281ba185,"NASSER SUKHON, MD, PC",Orthopedic,Yes,,0,9,Ann Arbor,J-D27,,Comm/Medicare,,0,"3055 Plymouth Road, Ann Arbor, Michigan, 48105",Yes
Jasmine,Prospect,786ed37c-07e8-4c29-9917-ecab0fe8d600,Partners in internal medicine,PCP,Yes,,0,9,Ann Arbor,J-D27,,Comm/Medicare,,0,"2200 Green Road, Ann Arbor, Michigan, 48105",Yes
Jasmine,Prospect,0d9592a4-3759-4da3-82b0-9e26777daf52,Adult Medicine & Pediatrics at East Ann Arbor Health and Geriatrics Center,Orthopedic,Yes,,0,9,Ann Arbor,J-D27,,Comm/Medicare,Pediatric (Jul 20 rule),0,"4260 Plymouth Rd, Ann Arbor, Michigan, 48105",Yes
Jasmine,Prospect,24d003db-fb8e-4e51-adb0-77b396eef5de,"CHILD AND ADOLESCENT CENTER, PC",Orthopedic,No,,0,9,Southgate,J-D28,,Comm/Medicare,,0,"15350 Trenton Road, Southgate, Michigan, 48195",No
Jasmine,Prospect,f8f13fd9-1135-4385-b6ba-7542d202b63a,PARK PLACE FAMILY PRACTICE AND INTERNAL MEDICINE,Pain,Yes,,0,9,Taylor,J-D28,,Comm/Medicare,,0,"12701 Telegraph Rd, ste 103, TAYLOR, Michigan, 48180",Yes
Jasmine,Prospect,4f201b61-2c2d-4995-b82e-92f3bdaed2bb,King Medical Center,PCP,Yes,,0,9,Brownstown,J-D28,,Comm/Medicare,,0,"22990 KING RD, BROWNSTOWN, MI, 48183",Yes
Jasmine,Prospect,acaff0ce-7a7b-4911-a838-13246bcf618a,HENRY FORD HEALTH,PCP,Yes,,0,9,Brownstown,J-D28,,Mixed panel,,0,"23050 WEST RD STE 260, BROWNSTOWN, MI, 48183",Yes
Jasmine,Prospect,4b035e24-272d-49e7-9bce-cd8929fbcb0a,Evolve Medical - Dearborn,PCP,Yes,,0,9,Dearborn,J-D29,,Comm/Medicare,,0,"9925 Dix Ave, Dearborn, Michigan, 48120",Yes
Jasmine,Prospect,7e17dd91-d956-482b-a527-df4bc27f78c0,"GREENFIELD MEDICAL CENTER OF DEARBORN, PC",Pain,Yes,,0,9,Dearborn,J-D29,,Comm/Medicare,,0,"5220 OAKMAN BLVD, DEARBORN, Michigan, 48126",Yes
Jasmine,Prospect,3e5b0f6f-1070-460a-8daf-23b4444f4243,MDVIP Ann Arbor,PCP,Yes,,0,9,Ann Arbor,J-D30,,Comm/Medicare,,0,"3820 Packard St, Ann Arbor, Michigan, 48108",Yes
Jasmine,Prospect,b71dbc77-c928-4d75-aa56-abeb679ce4f0,Integrative Healthcare Providers,Pain,Yes,,0,9,Ann Arbor,J-D30,,Comm/Medicare,,0,"2800 S State St, suite 215, Ann Arbor, Michigan, 48104",Yes
Jasmine,Prospect,b85b8dcd-305b-4649-b89f-98d6d21ef017,STEINER HEALTH,PCP,Yes,,0,9,Ann Arbor,J-D30,,Comm/Medicare,,0,"1825 W STADIUM BLVD, ANN ARBOR, MI, 48103",Yes
Jasmine,Prospect,1497765077,Krasnick Regenerative Medicine,Pain,Yes,,0,9,Ann Arbor,J-D30,,Comm/Medicare,,0,"210 Little Lake Drive, Suite 8, Ann Arbor, MI, 48103",Yes
Jasmine,Prospect,86a4b3e7-b92f-463a-99a6-18f31f98daad,"TAYLOR INTERNAL MEDICINE ASSOCIATES, PC",PCP,Yes,,0,9,Taylor,J-D31,,Comm/Medicare,,0,"23300 ECORSE RD, TAYLOR, MI, 48180",Yes
Jasmine,Prospect,8b50745f-923b-4436-a8d1-06d7cdd65930,"PROGRESSIVE HEALTH CARE, PC",PCP,Yes,,0,9,Taylor,J-D31,,Comm/Medicare,,0,"22021 ECORSE RD, TAYLOR, MI, 48180",Yes
Jasmine,Prospect,7496bfb3-d517-49b6-8b2f-1e99919270ca,AMC Primary Care,PCP,Yes,,0,9,Wyandotte,J-D31,,Comm/Medicare,,0,"13650 Michigan 85, Wyandotte, Michigan, 48192",Yes
Jasmine,Prospect,e88886fb-60ef-4d4e-8d44-578baf30fd25,DOWN RIVER MEDICAL GROUP,PCP,Yes,,0,9,Wyandotte,J-D31,,Comm/Medicare,,0,"2300 Biddle Avenue, Wyandotte, Michigan, 48192",Yes
Jasmine,Prospect,bb8b1992-e217-4eb9-8c68-4c2173bcd341,BEAUMONT HEALTH INTERNAL MEDICINE WYANDOTTE,PCP,Yes,,0,9,Wyandotte,J-D31,,Mixed panel,,0,"1700 Biddle Ave, Wyandotte, Michigan, 48192",Yes
Jasmine,Prospect,2ced9a88-b51d-4a54-a212-063491259282,"DEARBORN HEALTHCARE, PC",PCP,Yes,,0,9,Dearborn,J-D31,,Comm/Medicare,,0,"10066 Dix, Dearborn, Michigan, 48120",Yes
Jasmine,Prospect,cf4ac4d2-8a2e-4d0b-8294-4d7f8fd390c4,Alphonse Ekole MD,PCP,Yes,,0,8,Eastpointe,J-D05,,Comm/Medicare,,0,"22480 Kelly Road, Eastpointe, Michigan, 48021",Yes
Jasmine,Prospect,a8634a8d-40a8-4c4d-84a9-ddf74b794be2,"EASTBORN CLINIC, PLLC",PCP,Yes,,0,8,Dearborn,J-D06,,Comm/Medicare,,0,"7526 WYOMING ST STE 2, DEARBORN, MI, 48126",Yes
Jasmine,Prospect,63cd155b-cebc-4ccb-ae48-e9fd30422380,City Medical - Madison Heights,Urgent Care,Yes,,0,8,Madison Heights,J-D06,,Mixed walk-in,,0,"30851 Stephenson Hwy, Madison Heights, MI, 48071",Yes
Jasmine,Prospect,e8faaf5d-bdac-4971-9f83-bd77a1c37b96,Dearborn medical and geriatric center,PCP,Yes,,0,8,Dearborn,J-D07,,Comm/Medicare,,0,"24100 Oxford Street, Dearborn, Michigan, 48124",Yes
Jasmine,Prospect,5cce6822-d3c7-400b-a3ee-0b6788d7b144,"DR VIJAYA CHALLA, MD, PC",PCP,Yes,,0,8,Dearborn,J-D07,,Comm/Medicare,,0,"24604 MICHIGAN AVE STE 100, DEARBORN, MI, 48124",Yes
Jasmine,Prospect,47fdf74f-51d1-46ef-b493-2ef60f3f61b7,Ascension Providence Dearborn Internal Medicine,PCP,Yes,,0,8,Dearborn,J-D07,,Mixed panel,,0,"23874 Kean St, #100, Dearborn, Michigan, 48124",Yes
Jasmine,Prospect,40b67646-7a8c-48ac-859a-ec68090967b0,Cromwell family chiropractic,Chiropractor,Yes,,0,8,Farmington,J-D09,,Comm+WC/PI,,0,"23220 Farmington Road, Farmington, Michigan, 48336",Yes
Jasmine,Prospect,2239bedc-ff8f-4e3d-ae75-f742a58fc796,Corewell Health Urgent Care,Urgent Care,Yes,,0,8,Farmington Hills,J-D10,,Mixed panel,,0,"27810 GRAND RIVER AVE, FARMINGTON HILLS, Michigan, 48336",Yes
Jasmine,Prospect,809a3eca-b208-45b0-9625-72c47659e808,Corewell Health Family Medicine - Northside,PCP,Yes,,0,8,Detroit,J-D11,,Mixed panel,,0,"14001 Greenfield Rd, Detroit, Michigan, 48227",Yes
Jasmine,Prospect,6246a98e-0503-476c-80f7-6d9617232f36,Caudell Chiropractic,Chiropractor,Yes,,0,8,Dearborn Heights,J-D11,,Comm+WC/PI,,0,"5928 N Telegraph Rd, Dearborn Heights, Michigan, 48127",Yes
Jasmine,Prospect,54cc6f59-8575-499c-a4fb-25b77aad9f25,Elite Care Physicians PLLC,PCP,Yes,,0,8,Redford,J-D11,,Comm/Medicare,,0,"27144 Joy Rd, Redford, MI, 48239",Yes
Jasmine,Prospect,955f13c7-e431-43cf-b407-ab2791e34825,Doctors of physical therapy and hand therapy,PT,Yes,,0,8,Brighton,J-D12,,Comm/Medicare,,0,"7701 Grand River Avenue, Brighton, Michigan, 48114",Yes
Jasmine,Prospect,110f66be-a765-4c63-bea0-2594890f94c8,Duncan Chiropractic Group,Chiropractor,Yes,,0,8,Brighton,J-D12,,Comm+WC/PI,,0,"8336 Hilton Rd, Brighton, Michigan, 48114",Yes
Jasmine,Prospect,f46e96b6-beab-4a7a-b674-d27ffa003553,ATI PHYSICAL THERAPY,Orthopedic,Yes,,0,8,Brighton,J-D12,,Comm/Medicare,,0,"10415 Grand River Rd, Ste 300, Brighton, Michigan, 48116",Yes
Jasmine,Prospect,5a3b3a92-6b7c-4a66-8877-b58376fa4af0,BRYANT PRIMARY CARE Updated,Pain,Yes,,0,8,Dearborn,J-D13,,Comm/Medicare,,0,"6 parklane Blvd, Suite 436, DEARBORN, Michigan, 48126",Yes
Jasmine,Prospect,36a01517-61d6-4abe-a326-3df8c6bbd274,Associated physicians of Dearborn,PCP,Yes,,0,8,Dearborn,J-D13,,Comm/Medicare,,0,"4700 Greenfield Rd, Dearborn, Michigan, 48126",Yes
Jasmine,Prospect,e73a93c2-41c4-488a-8474-89698cf619bb,"EAST DEARBORN MEDICAL CLINIC, PC (Medicaid)",PCP,Yes,,0,8,Dearborn,J-D13,,Comm/Medicare,,0,"14650 W WARREN AVE STE 150, DEARBORN, Michigan, 48126",Yes
Jasmine,Prospect,b187ef9a-bf2a-420e-b663-1f843a428a22,CEDAR MEDICAL ASSOCIATES,PCP,Yes,,0,8,Dearborn,J-D21,,Comm/Medicare,,0,"1951 MONROE ST, DEARBORN, MI, 48124",Yes
Jasmine,Prospect,22e81152-0662-4863-bc0b-452a4d53ae02,Ben Go MD PC,Orthopedic,Yes,,0,8,Riverview,J-D24,,Comm/Medicare,,0,"14720 King Road, Riverview, Michigan, 48193",Yes
Jasmine,Prospect,6f941c50-4b0e-460c-8a8a-f59d8a74ccde,"ALLENWOOD FAMILY HEALTH CARE, PC",PCP,Yes,,0,8,Taylor,J-D28,,Comm/Medicare,,0,"11368 Allen Road, Taylor, Michigan, 48180",Yes
Jasmine,Prospect,0889eef0-5cc1-4032-b658-e4a9c719c997,"DOWNRIVER INTERNISTS, PC",PCP,Yes,,0,8,Taylor,J-D28,,Comm/Medicare,,0,"21801 GODDARD RD, TAYLOR, MI, 48180",Yes
Jasmine,Prospect,07d227b8-b9ff-4616-9f9b-f3e3ac05f4b1,BEAUMONT ATHENS CLINIC TAYLOR,PCP,Yes,,0,8,Taylor,J-D28,,Mixed panel,,0,"15100 S PLAZA DR, TAYLOR, MI, 48180",Yes
Jasmine,Prospect,e658d459-31db-44b9-a41a-111a5d55464b,Briarwood Family Medicine,PCP,Yes,,0,8,Ann Arbor,J-D30,,Comm/Medicare,,0,"1801 Briarwood Cir building 10, Ann Arbor, Michigan, 48108",Yes
Jasmine,Prospect,6855cf51-cff2-4106-8a51-41fb2da1e895,Dr. Susannah Parke,PCP,Yes,,0,8,Ann Arbor,J-D30,,Comm/Medicare,,0,"231 Little Lake Dr suite d, Ann Arbor, Michigan, 48103",Yes
Jasmine,Prospect,ca75c2bf-f7ff-43df-9399-5f78f3147237,BEAUMONT FAMILY MEDICINE CLINIC TAYLOR,PCP,Yes,,0,8,Taylor,J-D31,,Mixed panel,,0,"9340 TELEGRAPH RD, TAYLOR, MI, 48180",Yes
Jasmine,Prospect,7496bfb3-d517-49b6-8b2f-1e99919270ca,AMC Primary Care,PCP,Yes,,0,8,Southgate,J-D31,,Comm/Medicare,,0,"13650 FORT ST, SOUTHGATE, MI, 48195",Yes
