referrer,doctor_n,referrals,mmc_company,service_line
"Kodali MD, Pooja",P Bhullar MD,10,Frank Lanzilote DO-Family Practice,Ortho
"Berry MD, Neesha R","R Leff, DPM",10,Berry Johnson Health,Foot
"Haller MD, Jeffrey","R Leff, DPM",8,Haller and Hug Internal Medicine,Foot
Lakes Urgent Care,K Bohm MD,8,Lakes Urgent Care - Livonia,Hand
"Kut MD, Patrick",J Yacisen MD,8,Patrick Kut MD PC,Ortho
Lakes Urgent Care,B Mayo MD,7,Lakes Urgent Care - Livonia,Ortho
"MARSHALL MD, BRITANI ALYCE",P Bhullar MD,6,Corewell Medical Center - Redford,Ortho
"BORGIEL MD, CHRISTOPHER",J Yacisen MD,6,Physician HealthCare Network Urgent Care and Walk In- Fort Gratiot,Ortho
"Pillay MD, Jeet N",K Lee MD,6,"PILLAY INTERNAL MEDICINE ASSOCIATES, PLLC",Pain & Other
"Irby Johnson MD, NiJuanna","R Leff, DPM",6,Berry Johnson Health,Foot
"Summers MD, Ross A",K Bohm MD,6,Medical Clinic of Northville,Hand
"Rahbar MD, Mohamad",M Salar MD,6,QuickDoc Urgent Care,Spine
"Go MD, Lily",K Bohm MD,6,Corewell Health Wayne Hospital Internal Medicine - Canton,Hand
Lakes Urgent Care,P Bhullar MD,5,Lakes Urgent Care - Livonia,Ortho
"Weathersby MD, Liza",B Mayo MD,5,Corewell Medical Center - Redford,Ortho
Lakes Urgent Care,S Mendelson MD,5,Lakes Urgent Care - Livonia,Ortho
"Klausner MD, Mitchell",J B Klein DPM,5,Internal Medicine Physicians #170,Foot
"Parslow PA, Michael",J Yacisen MD,5,Yale Community Heath Center - VA Clinic,Ortho
"Kamath MD, Clara",D Mendelson MD,5,Office of Clara Kamath Wood MD,Ortho
"BLACKWELL PA, KATHERINE",J Yacisen MD,5,Mitchell Medical Center,Ortho
"Godbole MD, Ajey V",K Bohm MD,5,Brentwood Pediatric Associates,Hand
"Mariutza NP, Melissa",J Yacisen MD,5,Yale Community Heath Center - VA Clinic,Ortho
"Kodali MD, Pooja",K Bohm MD,5,Frank Lanzilote DO-Family Practice,Hand
"Rollins DO, William F",S McCarty,5,Park Medical Centers - Canton,Spine
"Green NP, Kevin",P Bhullar MD,5,Park Medical Centers,Ortho
"Paul MD, Lowell","R Leff, DPM",4,Novi Medicine,Foot
"Hill PA-C, Stacie",J Yacisen MD,4,Physician HealthCare Network Urgent Care and Walk In- Fort Gratiot,Ortho
"Modi MD, Praveen K",K Bohm MD,4,"PRAVEEN MODI, MD, PC",Hand
"Gomez MD, Eliezer",B Kassa DO,4,Dedicated Senior Medical Center - Warren,Pain & Other
"Kadri MD, Medina",K Bohm MD,4,Corewell Health Family Care of Novi,Hand
"Simkow NP, Katie",K Bohm MD,4,Synergy Medical Primary Care,Hand
"Sayegh DO, Anthony",B Mayo MD,4,Legacy Family Medicine,Ortho
"HAENER DO, JENNIFER",B Mayo MD,4,Stonebrooke Family Physicians,Ortho
"Canto MD, Cheryl",J Yacisen MD,4,Port Huron Medicine Associates,Ortho
Lakes Urgent Care,D Mendelson MD,4,Lakes Urgent Care - Livonia,Ortho
"Pearson DO, Shanna",D Mendelson MD,4,Pulmonary & Medical Associates,Ortho
"Sturla MD, Amadeo R",K Bohm MD,4,NORLIVO INTERNAL MEDICINE,Hand
"Hirsch DO, Ronald",K Bohm MD,4,Oakland Family Practice,Hand
"Cooke, Christopher",S McCarty,4,DMC Orthopedics - Commerce Township,Spine
"Shropshire NP, Kasheena",J Yacisen MD,4,MNP,Ortho
"Souva PT, Jake",B Mayo MD,4,Souva PT and Performance,Ortho
"Brosius NP, Laura",J Yacisen MD,4,Yale Community Heath Center - VA Clinic,Ortho
Yale VA,J Yacisen MD,4,Yale Community Heath Center - VA Clinic,Ortho
"Rollins DO, William F",M Salar MD,4,Park Medical Centers - Canton,Spine
"Jacob MbChB, Laith J",B Mayo MD,4,Faith Internal Medicine & Urgent Care,Ortho
"Richards PA-C, Carolyn",J Yacisen MD,4,Yale Community Heath Center - VA Clinic,Ortho
"Kodali MD, Pooja",B Mayo MD,4,Frank Lanzilote DO-Family Practice,Ortho
"Wanis MD, Magdy",M Salar MD,4,Lakeview Medical Center,Spine
"Gomez MD, Eliezer",K Lee MD,4,Dedicated Senior Medical Center - Warren,Pain & Other
"Antone MD, May",J Maslak MD,4,Henry Ford Primary Care Center - 160,Spine
"Shropshire NP, Kasheena",D Mendelson MD,4,MNP,Ortho
"Kodali MD, Pooja",S Mendelson MD,3,Frank Lanzilote DO-Family Practice,Ortho
"Vasquez MD, Peter",J Mendelson MD,3,OAK STREET HEALTH CHERRY HILL,Ortho
"BLACKWELL PA, KATHERINE",B Kassa DO,3,Mitchell Medical Center,Pain & Other
"Vankayalapati MD, Jaya",K Bohm MD,3,Levan Internists,Hand
"Duvoor MD, Anu",J Maslak MD,3,Macomb Internal Medicine,Spine
"Jarodiya MD, Babu",B Mayo MD,3,Levan Internists,Ortho
"Machesky MD, Kelly K",S McCarty,3,Schoenherr Family Practice,Spine
"Badreddine MD, Hamzah",K Lee MD,3,Dedicated senior Medical Center Detroit North,Pain & Other
"CRUET MD, MIGUELANGELO PEREZ",K Lee MD,3,,Pain & Other
"COOKE, CHRISTOPHER LEE",S McCarty,3,DMC Orthopedics - Commerce Township,Spine
"HACHIGIAN MD, TODD",B Mayo MD,3,Prism Medical Group - Internal Medicine,Ortho
"Hetzner DNP, Rachel",K Bohm MD,3,Oakland Family Practice,Hand
"Weathersby MD, Liza",P Bhullar MD,3,Corewell Medical Center - Redford,Ortho
"Sabbagh, David",J Yacisen MD,3,Mitchell Medical Center,Ortho
"MARSHALL MD, BRITANI ALYCE",B Mayo MD,3,Corewell Medical Center - Redford,Ortho
"Wehbe DO, Nabil","K Sorensen, DPM",3,WEST OAKLAND INTERNISTS,Foot
"Lerner DO, Sandra S",A Mendelson MD,3,MDVip - Southfield,Ortho
"Uddin MD, Redwan",S Mendelson MD,3,Hamtramck Community Medical Center,Ortho
"Gandhi MD, Hetal",J Varghese MD,3,Synergy Medical Primary Care,Spine
"Yi MD, Chin",B Mayo MD,3,BEAUMONT FAMILY MEDICINE BELLEVILLE,Ortho
"Holowinski MD, Mark",J Mendelson MD,3,Roseville Family Practice,Ortho
"Levine DC, Richard",S McCarty,3,Levine Clinic of Chiropractic,Spine
"Genson DO, Brandon",S McCarty,3,North Valley Internal Medicine,Spine
"Green NP, Kevin",M Salar MD,3,Park Medical Centers,Spine
"Green NP, Kevin",S McCarty,3,Park Medical Centers,Spine
"Ozog DO, Richard",K Bohm MD,3,Park Medical Centers,Hand
"Ozog DO, Richard",B Mayo MD,3,Park Medical Centers,Ortho
"Hirsch DO, Ronald",D Mendelson MD,3,Oakland Family Practice,Ortho
"Brateman MD, Robert",S Mendelson MD,3,Office of Robert Brateman,Ortho
"Ridella MD, Thomas J",B Mayo MD,3,CoreWell Health Family Medicine,Ortho
"MILTON PA-C, CHADIUS",K Bohm MD,3,Corewell Urgent Care - Warren,Hand
"ARONOV DO, MARK",S McCarty,3,DMC PRIMARY AND SPECIALTY CARE WEST BLOOMFIELD,Spine
"Nolff DPT, Spencer",B Mayo MD,3,Primal Recovery and PT,Ortho
Lakes Urgent Care,J B Klein DPM,3,Lakes Urgent Care - Livonia,Foot
Lakes Urgent Care,J Mendelson MD,3,Lakes Urgent Care - Livonia,Ortho
"Drewry MD, Tyler",B Mayo MD,3,BEAUMONT FAMILY MEDICINE WESTLAND,Ortho
"Gandhi MD, Hetal",B Mayo MD,3,Synergy Medical Primary Care,Ortho
"Nassif MD, George Helmy",J Maslak MD,3,Office of George Nassif MD,Spine
"Aliseo DPT, Andrea",S McCarty,3,Ivy Rehab - Farmington,Spine
"Tremblay DO, Jeffrey",A Oddo DO,2,Roseville Family Practice,Pain & Other
"Burry DO, Michael",P Bhullar MD,2,Livonia Family Medical Center,Ortho
"Kastl MD, Stacey","R Leff, DPM",2,Stonebrooke Family Physicians,Foot
Urgent Care,K Bohm MD,2,,Hand
"Pearson DO, Shanna",J B Klein DPM,2,Pulmonary & Medical Associates,Foot
"Trombly MD, Steven D",S Mendelson MD,2,Office of Steven Trombly MD,Ortho
"Canto MD, Cheryl",G Jerry MD,2,Port Huron Medicine Associates,Ortho
"Millman FNP-C, Michelle",K Bohm MD,2,Oakland Family Practice,Hand
"KONERU MD, LALITHA",J Mendelson MD,2,Macomb Physicians Group,Ortho
"HAMAMEH DO,  MAZEN",P Bhullar MD,2,Premier Pediatrics Dearborn Heights,Ortho
"CRUET, MIGUELANGELO PEREZ",K Lee MD,2,,Pain & Other
Mike Morse,K Bohm MD,2,Mike Morse Law Firm,Hand
"Farah MD, RENEE",P Bhullar MD,2,Corewell Health Family Medicine - Farmington Hills,Ortho
"Trivax MD, Geoffrey","R Leff, DPM",2,Millennium Affiliated Physicians - 130B,Foot
"Bully MD, Tammie",S McCarty,2,Bully Family Physicians,Spine
"HAMAMEH DO,  MAZEN",K Bohm MD,2,Premier Pediatrics Dearborn Heights,Hand
"Pearson DO, Shanna",S McCarty,2,Pulmonary & Medical Associates,Spine
"Kastl MD, Stacey",A Oddo DO,2,Stonebrooke Family Physicians,Pain & Other
"HAENER DO, JENNIFER",B Kassa DO,2,Stonebrooke Family Physicians,Pain & Other
"Pearson DO, Shanna",J Yacisen MD,2,Pulmonary & Medical Associates,Ortho
"Sabala NP, Danielle",J Yacisen MD,2,Physician HeathCare Network - Michele Raymond DO,Ortho
"Naman MD, Greg S",J Yacisen MD,2,Epic Health - St Clair Shores,Ortho
"Jacob MbChB, Laith J",P Bhullar MD,2,Faith Internal Medicine & Urgent Care,Ortho
"Jacob MbChB, Laith J",K Bohm MD,2,Faith Internal Medicine & Urgent Care,Hand
"Sturla MD, Amadeo R",B Mayo MD,2,NORLIVO INTERNAL MEDICINE,Ortho
"Ducu MD, Mirella F",D Mendelson MD,2,Medical Clinic of Northville,Ortho
"Shefferly PA-C, Sommer",M Salar MD,2,Powers Family Medicine,Spine
"Nerga MD, Alicja Bernarda",M Salar MD,2,Metro Medical Practice,Spine
"Craib DO, Annie",B Mayo MD,2,Corewell Health Farmington Hills Hospital Family Medicine,Ortho
"Nolff DPT, Spencer",S Mendelson MD,2,Primal Recovery and PT,Ortho
Springfield Urgent Care,K Bohm MD,2,Springfield Urgent Care - Hamburg,Hand
Urgent Care,P Bhullar MD,2,,Ortho
"Shropshire NP, Kasheena",J Mendelson MD,2,MNP,Ortho
"Souva DPT, Jake",B Mayo MD,2,Souva PT and Performance,Ortho
"Souphis DO, Daniel C",J Yacisen MD,2,Physician HealthCare Network Urgent Care and Walk In- Fort Gratiot,Ortho
"Soskina MD, Yeva",J Maslak MD,2,Carson Center Specialty,Spine
"Ozog DO, Richard",S McCarty,2,Park Medical Centers,Spine
"Ozog DO, Richard",M Salar MD,2,Park Medical Centers,Spine
"Simkow NP, Katie",B Mayo MD,2,Synergy Medical Primary Care,Ortho
"Diora MD, Gordhan",J Mendelson MD,2,Macomb Physicians Group,Ortho
"Skardarasy MD, Charles",J Mendelson MD,2,Lakeside Internal Medicine,Ortho
"Deogun MD, Kuldip S",J Varghese MD,2,Chronic Pain Institute,Spine
"Singh MD, Jaspal",A Mendelson MD,2,Levan Internists,Ortho
"Daher MD, Emad",G Jerry MD,2,Blue Water Internal Medicine PC,Ortho
"Cavataio MD, Pietro",J Yacisen MD,2,Physician HealthCare Network,Ortho
"Modi MD, Praveen K",D Mendelson MD,2,"PRAVEEN MODI, MD, PC",Ortho
"Modi MD, Praveen K",J Mendelson MD,2,"PRAVEEN MODI, MD, PC",Ortho
"Tobin DO, Keith M",S McCarty,2,Livonia Family Medical Center,Spine
"Elyas MD, Nahid",D Mendelson MD,2,Henry Ford Internal & Family Medicine - Farmington Hills -170,Ortho
"Schmidt MD, Tamara",K Bohm MD,2,Western Wayne Physicians - Livonia,Hand
"Molnar MD, Heather",D Mendelson MD,2,Haller and Hug Internal Medicine,Ortho
"Jayakar MD, Shaun M",D Mendelson MD,2,Shaun Jayakar MD,Ortho
"Terrio MD, Bruce","K Sorensen, DPM",2,WEST OAKLAND INTERNISTS,Foot
"Molteni, Sandra L",K Bohm MD,2,Dedicated senior Medical Center Detroit North,Hand
NEU Urgent Care,K Bohm MD,2,NEU Urgent Care,Hand
"Jarodiya MD, Babu",S McCarty,2,Levan Internists,Spine
"Jarodiya MD, Babu",M Salar MD,2,Levan Internists,Spine
"Eastes, Bryan",D Mendelson MD,2,Cornerstone St. Clair Internists,Ortho
"Morrell MD, Gaybriel",D Mendelson MD,2,OAK STREET HEALTH CHERRY HILL,Ortho
"Jarodiya MD, Babu",J Varghese MD,2,Levan Internists,Spine
"Morrell MD, Gaybriel",P Bhullar MD,2,OAK STREET HEALTH CHERRY HILL,Ortho
"Jarodiya MD, Babu",J Maslak MD,2,Levan Internists,Spine
"Syed MD, Sana",B Mayo MD,2,SUNNY PEDIATRICS AND FAMILY,Ortho
"Swetech DO, Jonathan",J Varghese MD,2,Swetech Medical Center,Pain & Other
"Jamil MD MPH, Mada H",D Mendelson MD,2,BASEL BRIKHO MEDICAL GROUP - use this one,Ortho
"Patel MD, Rakesh",D Mendelson MD,2,Comprehensive Healthcare Associates and Prevention Medicine,Ortho
"Taweel DO, Jamie G",S McCarty,2,Grand River Medical Associates,Spine
"Rosen PA-C, Mark",J Yacisen MD,2,Be Well Medical Center,Ortho
"Ridella MD, Thomas J",D Mendelson MD,2,CoreWell Health Family Medicine,Ortho
"Golden MD, James",P Bhullar MD,2,Village Medical - Novi,Ortho
"Gandhi MD, Hetal",K Bohm MD,2,Synergy Medical Primary Care,Hand
"Gandhi MD, Hetal",S McCarty,2,Synergy Medical Primary Care,Spine
"Banks, Hermann Darwin",M Salar MD,2,Hermann Banks MD PC,Spine
"Gappy MD, Musib",B Mayo MD,2,Henry Ford Primary Care - Orchard Lake Road North,Ortho
"Lee MD, Mary S",A Oddo DO,2,"MARY LEE, MD, PC",Pain & Other
"Rosenfeld DO, Sherri",J Mendelson MD,2,Village Medical - Livonia,Ortho
"Francu MD, Angelica",M Salar MD,2,GARDEN CITY FAMILY PHYSICIANS,Spine
"Baroff DO, Stewart",D Mendelson MD,2,MHP - West,Ortho
Lakes Urgent Care,A Mendelson MD,2,Lakes Urgent Care - Livonia,Ortho
"Francu MD, Angelica",J Maslak MD,2,GARDEN CITY FAMILY PHYSICIANS,Spine
"Bartell MD, Stacey",A Mendelson MD,2,iTest Health Family Medicine,Ortho
"Kosal DO, Linda",S McCarty,2,Macomb Internal Medicine,Spine
Plymouth Urgent Care,B Mayo MD,2,Plymouth Urgent Care,Ortho
"YASHINSKY DO, SAMUEL","R Leff, DPM",2,Henry Ford Internists - Farmington Hills 150,Foot
"Bazzy DO, Hassan",K Bohm MD,2,Brentwood Pediatric Associates,Hand
"Webster PAC, Shannon",D Mendelson MD,2,EPIC Southfield - Telegraph Rd office,Ortho
"Aliseo DPT, Andrea",B Mayo MD,2,Ivy Rehab - Farmington,Foot
Lakes Urgent Care,J Varghese MD,2,Lakes Urgent Care - Livonia,Spine
LAKES URGENT CARE,J B Klein DPM,2,Lakes Urgent Care - Livonia,Foot
"Askar MD, Maan A",D Mendelson MD,2,Maan Askar MD - 13 Mile,Ortho
"MILTON PA-C, CHADIUS",J Yacisen MD,2,Corewell Urgent Care - Warren,Ortho
"Askar MD, Maan A",J Yacisen MD,2,Maan Askar MD - 13 Mile,Ortho
"Rollins DO, William F",J Maslak MD,2,Park Medical Centers - Canton,Spine
"Askar MD, Maan A",M Salar MD,2,Maan Askar MD - 13 Mile,Spine
"Kut MD, Patrick",G Jerry MD,2,Patrick Kut MD PC,Ortho
"Balysh DO, Erica",M Salar MD,2,Lifetime Family Care,Spine
"Godbole MD, Ajey V",J B Klein DPM,2,Brentwood Pediatric Associates,Foot
"Godbole MD, Ajey V",B Mayo MD,2,Brentwood Pediatric Associates,Ortho
"Kurjakovic PA-C, Amar",J Yacisen MD,2,Macomb Medical Clinic,Ortho
"Azzo MD, Sally",K Lee MD,2,DEDICATED SENIOR MEDICAL CENTER - Southfield,Pain & Other
"Machesky MD, Kelly K",J Maslak MD,2,Schoenherr Family Practice,Spine
"Kurjakovic PA-C, Amar",D Mendelson MD,2,Macomb Medical Clinic,Ortho
"Badreddine MD, Hamzah",S McCarty,2,Dedicated senior Medical Center Detroit North,Spine
"Mackey DO, Mark",S McCarty,2,DMC Orthopedics - Commerce Township,Spine
"Larcher NP, Nadine",A Oddo DO,2,OAK STREET HEALTH CHERRY HILL,Pain & Other
"Rollins DO, William F",J Mendelson MD,2,Park Medical Centers - Canton,Ortho
"Mehock DO, Courtney",H Singh MD,2,Henry Ford Health Medical Center - Seven Mile Road,Pain & Other
"Khan DO, Afshan",D Mendelson MD,2,Dedicated Senior Medical Center - Warren,Ortho
"Khangura DO, Charanpreet K",K Lee MD,2,Dedicated Senior Medical Center - Warren,Pain & Other
"Lipson MD, Peter","R Leff, DPM",2,Premier Internists - Suite 180,Foot
"Bolukh MD, Oleh",J Yacisen MD,2,Sterling Family Medicine,Ortho
"Ferris DO, Mary C",B Mayo MD,2,"FERRIS, MARY C, MEDICAL GROUP",Ortho
"Rastogi MD, Shailaja",P Bhullar MD,2,Corewell Internal Medicine Midway,Ortho
"Liyanage MD, Modini",K Bohm MD,2,"WAYNE MEDICAL CENTER, PLLC",Hand
"Matti MD, Vivian",J Varghese MD,2,Lily’s Medical Group,Spine
"Kizy MD, Michael","R Leff, DPM",2,Premier Internists - Suite 180,Foot
"VAYNTRUB MD, ELAINA",K Bohm MD,2,Corwell internal medicine and primary care,Hand
"Green NP, Kevin",J Mendelson MD,2,Park Medical Centers,Ortho
"SALEM MD, FARAH",M Salar MD,2,Hoover Primary Care Medical Group,Spine
"Green NP, Kevin",D Mendelson MD,2,Park Medical Centers,Ortho
"Wendzinski DO, Kellie",B Kassa DO,2,,Pain & Other
"Berry MD, Ashraf H",B Mayo MD,2,Macomb Pediatrics - Clinton Township,Ortho
"Koss, Marcus",J Mendelson MD,2,ESSENTIAL CARE FAMILY MEDICINE,Ortho
"Kodali MD, Pooja",M Salar MD,2,Frank Lanzilote DO-Family Practice,Spine
"Kodali MD, Pooja",K Lee MD,2,Frank Lanzilote DO-Family Practice,Pain & Other
"Vasiq MD, Muhammad",J Yacisen MD,2,Michigan Compassionate Care,Ortho
"Vasiq MD, Muhammad",A Munk MD,2,Michigan Compassionate Care,Spine
"Kodali MD, Pooja",J Yacisen MD,2,Frank Lanzilote DO-Family Practice,Ortho
"Vasquez MD, Peter",D Mendelson MD,2,OAK STREET HEALTH CHERRY HILL,Ortho
"Vankayalapati MD, Jaya",B Mayo MD,2,Levan Internists,Ortho
"VanOphem DPT, Brandon",B Mayo MD,2,Team Rehab - SMA Bloomfield Hills,Ortho
"Levine DC, Richard",K Lee MD,2,Levine Clinic of Chiropractic,Pain & Other
"QIN MD, PU",D Mendelson MD,1,Corewell Health-East,Ortho
"Palka, Courtney Elyse",S McCarty,1,IHA UNION LAKE PEDIATRICS,Spine
"Palaniswamy MD, Sujini",K Bohm MD,1,Chesterfield Family Medicine (Henry Ford),Hand
"QIN MD, PU",K Bohm MD,1,Corewell Health-East,Hand
"Paduvana MD, Majeed A",K Bohm MD,1,Allied Internists,Hand
Pymouth PT - Plymouth location,J Maslak MD,1,,Spine
"PEERA, AVA (ZOC DOC)",A Mendelson MD,1,Beaumont Associated Family Care - Warren,Ortho
"Padesky MD, Paul",D Mendelson MD,1,Correct Cornerstone Pediatrics - 9 Mile,Ortho
"Raad DO, Michael",J Maslak MD,1,Silver Pine Medical Group - Sterling Heights,Spine
"Packey DO, Nicholas S",K Bohm MD,1,Henry Ford Macomb Health Center - Fraser,Hand
PRYDE ATHETICS,B Mayo MD,1,,Ortho
"ROMANO, MATTHEW",B Mayo MD,1,Schoenherr Family Practice,Ortho
"Ozog DO, Richard",S Mendelson MD,1,Park Medical Centers,Ortho
"PERNA, IGNAZIO DOMINIC",K Bohm MD,1,G& P Podiatry,Hand
"RAYES DO, LYDIA JOY",S Mendelson MD,1,Henry Ford St. John Center for Wellness,Ortho
"Purdy- Cantu DC, Nicole",B Mayo MD,1,Purdy Chiropractic Center,Ortho
Pryde Athletics,B Mayo MD,1,Pryde Athletics and Physical Therapy,Ortho
"RAYES DO, LYDIA JOY",J Maslak MD,1,Henry Ford St. John Center for Wellness,Spine
"POWERS DO, WILLIAM JOHN",K Bohm MD,1,Powers Family Medicine,Hand
"POULOS PA, KATHRYN  MARIE",S Mendelson MD,1,Medical Clinic of Northville,Ortho
"POULOS PA, KATHRYN  MARIE",P Bhullar MD,1,Medical Clinic of Northville,Ortho
"Przybyla NP, Bridget",K Lee MD,1,"*NOVAMEDICA, PLLC",Pain & Other
"PATEL MD, VIJAYKUMAR N",D Mendelson MD,1,,Ortho
"RAYES DO, LYDIA JOY",J B Klein DPM,1,Henry Ford St. John Center for Wellness,Foot
"Provizer DO, Jeffrey",S McCarty,1,Millenium Associated Physicians - 130A,Spine
Pryde,B Mayo MD,1,Pryde Athletics and Physical Therapy,Ortho
"POULOS PA, KATHRYN  MARIE",S McCarty,1,Medical Clinic of Northville,Spine
"Qin MD, Pu",J Varghese MD,1,Corewell Health-East,Spine
"Ozog DO, Richard",J Maslak MD,1,Park Medical Centers,Spine
"Paye MD, Renee Y",K Bohm MD,1,Michigan Adult and Child Medicine,Hand
"Paye MD, Renee Y",P Bhullar MD,1,Michigan Adult and Child Medicine,Ortho
"Pearson DO, Shanna",F Leff DPM,1,Pulmonary & Medical Associates,Foot
"Pirzada DO, Pamela",K Bohm MD,1,Physicians in Family Medicine,Hand
"Pinson DO, Thomas M",S McCarty,1,City Medical - Madison Heights,Spine
"Pearson DO, Shanna",J Mendelson MD,1,Pulmonary & Medical Associates,Ortho
"Ping Cheng MD, Peggy","K Green, DPM",1,,Foot
"Pillay MD, Jeet N",J Maslak MD,1,"PILLAY INTERNAL MEDICINE ASSOCIATES, PLLC",Spine
"Pearson DO, Shanna",S Mendelson MD,1,Pulmonary & Medical Associates,Ortho
"Pearson MD, Shanna",D Mendelson MD,1,Pulmonary & Medical Associates,Ortho
"Pickworth DPT, Amanda - Pryde Athletics",S Mendelson MD,1,Pryde Athletics and Physical Therapy,Ortho
"Raj MD, Navin",A Mendelson MD,1,SUNNY PEDIATRICS AND FAMILY,Ortho
Physican Referral External,J Varghese MD,1,,Spine
"Peter DO, Jason N",J Varghese MD,1,Pain Clinic of Michigan,Spine
"Peck MD, David",A Oddo DO,1,ASCENSION MEDICAL GROUP PROVIDENCE FAMILY AND ATHLETIC MEDICINE,Pain & Other
"Perez- Cruet MD, Miguelangelo",K Lee MD,1,Michigan Spine Institute,Pain & Other
"Peera, Ava","K Sorensen, DPM",1,Beaumont Associated Family Care - Warren,Foot
"Penn DO, William Paul",B Mayo MD,1,"MEDICAL GROUP PRACTICE, PC (remove)",Ortho
"Perez Cruet MD, Mig",K Lee MD,1,Michigan Spine Institute,Pain & Other
"Penn DO, William Paul",P Bhullar MD,1,"MEDICAL GROUP PRACTICE, PC (remove)",Ortho
"Perez -Cruet MD, Miguel",K Lee MD,1,Michigan Spine Institute,Pain & Other
"Peoples CNP, Stefanie",K Bohm MD,1,,Hand
"Peoples MD, Ashleigh",S McCarty,1,Premier Private Physicians,Spine
Physican Referral External- not asked on call,B Kassa DO,1,,Pain & Other
ProMed Urgent Care Roseville,P Bhullar MD,1,,Ortho
"Panozzo DO, Kristen",J Yacisen MD,1,Henry Ford Warren Family Physicians,Ortho
"Panozzo DO, Kristen",K Bohm MD,1,Henry Ford Warren Family Physicians,Hand
"Preston MD, Stafford",J Mendelson MD,1,WEST OAKLAND INTERNISTS,Ortho
"Parachuri MD, Radha/ Trivedi MD, Archi",K Lee MD,1,,Pain & Other
"Parrinello, Frank",P Bhullar MD,1,"IHA, Primary Care - Cherry Hill Village",Ortho
"Preston MD, Stafford",B Mayo MD,1,WEST OAKLAND INTERNISTS,Ortho
"Patel MD, Poonam",B Kassa DO,1,Dedicated Senior Medical Center - Eastpointe,Pain & Other
"Patel MD, Poonam",K Bohm MD,1,Dedicated Senior Medical Center - Eastpointe,Hand
"Potrous MD, Laith","K Sorensen, DPM",1,Urgent Care Family,Foot
"Patel MD, Rakesh",K Lee MD,1,Comprehensive Healthcare Associates and Prevention Medicine,Pain & Other
Plymouth Urgent Care,K Bohm MD,1,Plymouth Urgent Care,Hand
"Potrous MD, Laith",J Varghese MD,1,Urgent Care Family,Spine
Port Huron VA,J Yacisen MD,1,,Ortho
"Popp MD, Therese",D Mendelson MD,1,,Ortho
"Patel MD, Vijay",S Mendelson MD,1,Wayne Primary Care and Walk In,Ortho
"Pope DO, Haley",A Oddo DO,1,Eastpointe Family Physicians,Pain & Other
"Pop MD, Claudia",S McCarty,1,The Family Doctor,Spine
"Patient Ref by Dr, but we didn’t get Dr. name",J B Klein DPM,1,,Foot
"Pop MD, Claudia",J B Klein DPM,1,The Family Doctor,Foot
"Paul MD, Lowell",J B Klein DPM,1,Novi Medicine,Foot
"Ponduri MD, Kavitha",K Lee MD,1,"PONDURI, KAVITHA, MEDICAL GROUP",Pain & Other
"Poley DO, Robert",B Kassa,1,Poley Sports Medicine,Pain & Other
"Paye MD, Renee Y",D Mendelson MD,1,Michigan Adult and Child Medicine,Ortho
"Patel MD, Rakesh",P Bhullar MD,1,Comprehensive Healthcare Associates and Prevention Medicine,Ortho
Marko Law - Alex Kay,J B Klein DPM,1,,Foot
"Markel MD, Jacob",J B Klein DPM,1,Core Institute/Henry Ford Motor City Orthopedics & PT- Southfield,Foot
"Marcus DO, Todd S",B Mayo MD,1,DR TODD PEDIATRICS,Ortho
"Marcotte, Robert",K Bohm MD,1,Pioneer Medical Associates - Warren,Hand
"Marcarian MD, Matthew",J Maslak MD,1,"TENNY INTERNAL MEDICINE, PLLC",Spine
"Marcarian MD, Gregory",S McCarty,1,"TENNY INTERNAL MEDICINE, PLLC",Spine
"Marcarian MD, Gregory",K Bohm MD,1,"TENNY INTERNAL MEDICINE, PLLC",Hand
"Mansour MD, Lena",B Mayo MD,1,Urgent Care Family,Ortho
"Rahman MD, Uroob",J Mendelson MD,1,Oakland Primary Care,Ortho
"Mansour Amir Habib MD, Nancy",K Bohm MD,1,,Hand
"Mansour Amir Habib MD, Nancy",B Mayo MD,1,,Ortho
"Maniaci NP, Steohanie",G Jerry MD,1,Port Huron Medicine Associates,Ortho
"Maffetone MD, Dominic",D Mendelson MD,1,,Ortho
"Maddox MD, Aaron",S McCarty,1,Legend Health - Now One Health,Spine
Macomb Medical Clinic,S Mendelson MD,1,Macomb Medical Clinic,Ortho
"Mackey, Mark",S McCarty,1,DMC Orthopedics - Commerce Township,Spine
"Mackey MD, Mark",S McCarty,1,DMC Orthopedics - Commerce Township,Spine
"Mansour Amir Habib MD, Nancy",M Salar MD,1,,Spine
MedCare Urgent Care,S McCarty,1,,Spine
Med Pro Urgent  Care Madison Heights,D Mendelson MD,1,,Ortho
"Mckenzie MD, Keith",M Salar MD,1,The Family Doctor,Spine
"Mckenzie MD, Keith",J Yacisen MD,1,The Family Doctor,Ortho
"Mckenzie MD, Keith",D Mendelson MD,1,The Family Doctor,Ortho
"McMall DO, Medeleine Mae",J Mendelson MD,1,ORCHARD PRIMARY CARE,Ortho
"Mauro DPM, Gary",A Oddo DO,1,WARREN PODIATRY,Pain & Other
"Matti MD, Vivian",J Mendelson MD,1,Lily’s Medical Group,Ortho
"Markowitz, Norman",K Lee MD,1,Commerce Internal Medicine,Pain & Other
"Massarani MD, Tamer","K Green, DPM",1,SOMERSET PEDIATRICS,Foot
"Martenka DPT, Joseph",S McCarty,1,Pryde Athletics and Physical Therapy,Spine
"Martenka DPT, Joe Pryde Athletics",B Mayo MD,1,Pryde Athletics and Physical Therapy,Ortho
"Marsheh, Nicolas",S McCarty,1,Forum Medical Clinic,Spine
"Marsheh MD, Nicolas Atif",S McCarty,1,Forum Medical Clinic,Spine
"Marsheh MD, Nicolas Atif",J Yacisen MD,1,Forum Medical Clinic,Ortho
"Marsheh MD, Nicolas Atif",B Mayo MD,1,Forum Medical Clinic,Ortho
"Marsheh MD , Nikolas",J Maslak MD,1,Forum Medical Clinic,Spine
"Marshall MD, Britani",K Bohm MD,1,Corewell Medical Center - Redford,Hand
"Matti MD, Vivian",J Maslak MD,1,Lily’s Medical Group,Spine
"MARSHALL MD, BRITANI ALYCE",K Bohm MD,1,Corewell Medical Center - Redford,Hand
"MARSHALL MD, BRITANI ALYCE",J Mendelson MD,1,Corewell Medical Center - Redford,Ortho
"MARSHALL MD, BRITANI ALYCE",D Mendelson MD,1,Corewell Medical Center - Redford,Ortho
"MARCUCCI MD, RACHEL B",B Mayo MD,1,"Trinity Health IHA Medical Group, Primary Care - Southeast Livonia",Ortho
"MARCUCCI MD, RACHEL B",A Mendelson MD,1,"Trinity Health IHA Medical Group, Primary Care - Southeast Livonia",Ortho
"MANDY, DAVID",B Mayo MD,1,Office of David Mandy DO,Ortho
"MANDY DO, DAVID",J Mendelson MD,1,Office of David Mandy DO,Ortho
"MANDY DO, DAVID",J B Klein DPM,1,Office of David Mandy DO,Foot
"Machesky MD, Kelly K",M Salar MD,1,Schoenherr Family Practice,Spine
"Lumley DO, Lauren",A Mendelson MD,1,IHA Plymouth Primary Care,Ortho
"Liyanage MD, Modini",S Mendelson MD,1,"WAYNE MEDICAL CENTER, PLLC",Ortho
"Liyanage MD, Modini",P Bhullar MD,1,"WAYNE MEDICAL CENTER, PLLC",Hand
"Liyanage MD, Modini",J Varghese MD,1,"WAYNE MEDICAL CENTER, PLLC",Spine
"Liyanage MD, Modini",D Mendelson MD,1,"WAYNE MEDICAL CENTER, PLLC",Ortho
"Liyanage MD, Modini",B Mayo MD,1,"WAYNE MEDICAL CENTER, PLLC",Ortho
"Lisowsky DO, Taras",S Mendelson MD,1,MI Family Practice,Ortho
"Lisowsky DO, Taras",S McCarty,1,MI Family Practice,Spine
"Lisowsky DO, Taras",J Yacisen MD,1,MI Family Practice,Ortho
"Lumley DO, Lauren",D Mendelson MD,1,IHA Plymouth Primary Care,Ortho
"Machesky MD, Kelly K",B Mayo MD,1,Schoenherr Family Practice,Ortho
"Maasri DPT, Rami",B Mayo MD,1,Team Rehabilitation  - Washington,Ortho
"MURRAY MD, YUJING",S McCarty,1,Trinity Health IHA Medical Group Primary Care - Canton,Spine
"MULLALLY MD, JOHN",G Jerry MD,1,John Mullally MD PC,Ortho
"MULLALLY MD, JOHN",A Munk MD,1,John Mullally MD PC,Spine
"MONTICCIOLO PA C, JILLIAN",J Maslak MD,1,Macomb Medical Clinic,Spine
"MILTON, CHADIUS",K Bohm MD,1,Corewell Urgent Care - Warren,Hand
"MILTON PA-C, CHADIUS",S Mendelson MD,1,Corewell Urgent Care - Warren,Ortho
"MARSHALL MD, BRITANI ALYCE",S McCarty,1,Corewell Medical Center - Redford,Spine
"MILTON PA, CHADIUS",K Bohm MD,1,Corewell Urgent Care - Warren,Hand
MILFORD URGENT CARE,J Maslak MD,1,Urgent Care of Milford,Spine
MICHIGAN UC - LIVONIA (7 MILE AND NEWBURGH),A Mendelson MD,1,,Ortho
"MICHAELS, JENNY","R Leff, DPM",1,Restorative Physical Medicine - Novi,Foot
MI Urgent Care,S Mendelson MD,1,Michigan urgent care,Ortho
MI Express Urgent Care,P Bhullar MD,1,MI Express Urgent Care,Ortho
MI AUTO LAW,S McCarty,1,Michigan Auto Law,Spine
"MEEHAN, ROBERT",S McCarty,1,DMC SPORTS MEDICINE NOVI,Spine
"MEEHAN MD, ROBERT",S McCarty,1,DMC SPORTS MEDICINE NOVI,Spine
"MILTON PA-C, CHADIUS",D Mendelson MD,1,Corewell Urgent Care - Warren,Ortho
"Nguyen DO, Hao",P Bhullar MD,1,CENTER FOR INTERNAL MEDICINE CONTINUITY CLINIC,Ortho
"Newcombe MD, Marcia J",L PAClinic,1,Providence Park Pediatrics - Novi,PA / Mid-Level
"Neumann DO, Fredric",S Mendelson MD,1,Plumbrook Medical Center,Ortho
"Nester MD, Patricia",J B Klein DPM,1,"WESTERN WAYNE PHYSICIANS, PLC Allen Park",Foot
"Nerga MD, Alicja Bernarda",J Mendelson MD,1,Metro Medical Practice,Ortho
"Nayak  MD, Dinesh",B Mayo MD,1,PEDIATRIC AND ADOLESCENT CENTER,Ortho
"Natheer MD, Rose",B Mayo MD,1,Lakeside Internal Medicine,Ortho
"Nassif MD, George Helmy",M Salar MD,1,Office of George Nassif MD,Spine
"Mehock DO, Courtney",K Bohm MD,1,Henry Ford Health Medical Center - Seven Mile Road,Hand
"Naqvi MD, Farrukh Zaman",J Yacisen MD,1,Physician HealthCare Network Urgent Care and Walk In- Fort Gratiot,Ortho
"Nannapaneni MD, Sudha",J Varghese MD,1,Sudha Nannapaneni MD,Spine
"Nandish MD, Banathally N",J Yacisen MD,1,BN Nandish MD,Ortho
"Nandish MD, Banathally N",B Mayo MD,1,BN Nandish MD,Ortho
"Namei MD, Farzin Reza",J Yacisen MD,1,Premier Family Physicians,Ortho
"Naman MD, Greg S",S McCarty,1,Epic Health - St Clair Shores,Spine
"NZOMA, JONATHAN KYULU",S McCarty,1,Roberts Orthopedic Services,Spine
NEWBURG AND 7 MILE,K Bohm MD,1,,Hand
MyCare Nurse- CT,B Mayo MD,1,,Ortho
"Nasrallah MD, Ali I",B Mayo MD,1,The family Doc,Ortho
"Ozog DO, Richard",J B Klein DPM,1,Park Medical Centers,Foot
"Ozog DO, Richard",D Mendelson MD,1,Park Medical Centers,Ortho
"Ozog DO, Richard",A Mendelson MD,1,Park Medical Centers,Ortho
"Ostro-Brown MD, Helen",D Mendelson MD,1,MICHIGAN PREMIER INTERNISTS,Ortho
"Ostro Brown MD, Helen",P Bhullar MD,1,MICHIGAN PREMIER INTERNISTS,Ortho
"Osowa MD, Benjamin",M Salar MD,1,Cornerstone Lakefront Internists,Spine
"Oska MD, Fadi",K Bohm MD,1,Associates in Family Practice,Hand
"Oska MD, Fadi",J Maslak MD,1,Associates in Family Practice,Spine
Nicolas Solveson DC,B Mayo MD,1,,Ortho
"Ortwine MD, Kelly Z","K Green, DPM",1,Prism Medical Group - Family Medicine Ste 240,Foot
"Orrin DO, Colin David",B Mayo MD,1,Lifetime Family Care,Ortho
"Omar PA-C, Nabeel",K Bohm MD,1,,Hand
"Odeh MD, Khalid",A Munk MD,1,Corwell health orthopedics Canton,Spine
Oakstreet Health - Cherry Hill,J Maslak MD,1,,Spine
"OGBOH DO, DONOVAN",K Bohm MD,1,Pulmonary & Medical Associates,Hand
Nova Urgent Care,P Bhullar MD,1,Nova Health Urgent Care,Ortho
Nova Health Urgent Care Southfield,"R Leff, DPM",1,,Foot
"Nolff DPT, Spencer",J Varghese MD,1,Primal Recovery and PT,Spine
"Oska MD, Antoun",B Mayo MD,1,Macomb Pediatrics - Clinton Township,Ortho
"Miller NP, Colleen",B Mayo MD,1,Michigan Primary Care - Eastpointe,Ortho
"Miller FNP-BC, Carol",A Munk MD,1,Michigan Neurology and Spine Center,Spine
Mike Morse,S Mendelson,1,Mike Morse Law Firm,Ortho
Mike Morse,"R Leff, DPM",1,Mike Morse Law Firm,Foot
Mike Morse,P Bhullar MD,1,Mike Morse Law Firm,Ortho
Mike Morse,L Zamorano MD,1,Mike Morse Law Firm,Spine
Michigan Urgent Care Livonia,D Mendelson MD,1,Michigan Urgent Care - Livonia,Ortho
Michigan Urgent Care - Livonia,B Mayo MD,1,Michigan Urgent Care - Livonia,Ortho
"Murphy MD, Mary E",K Bohm MD,1,Henry Ford Health Medical Center (Ascension),Hand
Michigan Orthopedics - spec not asked,B Kassa DO,1,,Pain & Other
Michigan Health Urgent Care Livonia,B Mayo MD,1,Michigan Urgent Care - Livonia,Ortho
Michigan Compassionate Care,J Yacisen MD,1,Michigan Compassionate Care,Ortho
Michigan Compassionate Care,B Mayo MD,1,Michigan Compassionate Care,Ortho
"Michel MD, Adrian Laith",S McCarty,1,Corewell Internal Medicine Southfield,Spine
Mi Urgent Care  - direct ref but we did not get name,S Mendelson MD,1,,Ortho
"Meyer DO, Barry S",S McCarty,1,Barry S Meyer DO PC,Spine
"Meri MD, Abdel Wahab",B Mayo MD,1,Barclay Internists,Ortho
"Mendelsohn MD, Lawerence",J Mendelson MD,1,Internal Medicine Physicians #170,Ortho
Michigan Urgent Care,D Mendelson MD,1,Michigan urgent care,Ortho
"Murphy MD, Mary E",D Mendelson MD,1,Henry Ford Health Medical Center (Ascension),Ortho
"Mulpuri MD, Durga",K Sorensen,1,Jefferson Family Practice (Cornerstone),Foot
"Moss MD, Barry M","K Green, DPM",1,Internal Medicine Physicians #170,Foot
"Moscovic DO, Dean",B Mayo MD,1,Clarkston Medical Group,Ortho
Morasso,S McCarty,1,DMC Orthopedics - Commerce Township,Spine
"Monroe DO, Gregory",S McCarty,1,Greg Monroe DO PC,Spine
"Molteni, Sandra L",P Bhullar MD,1,Dedicated senior Medical Center Detroit North,Ortho
"Molteni, Sandra L",K Lee MD,1,Dedicated senior Medical Center Detroit North,Pain & Other
"Milton PA,Chad",J Mendelson MD,1,Corewell Urgent Care - Warren,Ortho
"Mohammed MD, Abu Fazal Shaik","R Leff, DPM",1,"SOUTH EAST MICHIGAN MEDICAL ASSOCIATES, PC",Foot
"Mohamed DO, Adbah",J Mendelson MD,1,UNIVERSITY PAIN CLINIC ASSOCIATES,Ortho
"Modi, Praveen K",B Mayo MD,1,"PRAVEEN MODI, MD, PC",Ortho
"Modi MD, Praveen K",S Mendelson MD,1,"PRAVEEN MODI, MD, PC",Ortho
"Modi MD, Praveen K",P Bhullar MD,1,"PRAVEEN MODI, MD, PC",Ortho
"Modi MD, Praveen K",K Lee MD,1,"PRAVEEN MODI, MD, PC",Pain & Other
"Mocanu MD, Marian",S McCarty,1,DMC PRIMARY AND SPECIALTY CARE WEST BLOOMFIELD,Spine
"Mishulin MD, Svetlana",B Mayo MD,1,Belamedica,Ortho
"Misho MD, Vian",K Bohm MD,1,Berkley Medical Center,Hand
"Molnar MD, Heather","R Leff, DPM",1,Haller and Hug Internal Medicine,Foot
"Ustruck DO, Rachael",J Mendelson MD,1,Preferred Medical Group,Ortho
"Usen DPM, Nslma","R Leff, DPM",1,Family Foot & Ankle Specialist,Foot
"Uroda MD, Lauren",P Bhullar MD,1,Lauren Uroda MD PC,Ortho
Urgent Care-NO CALL TO SPECIFY,P Bhullar MD,1,,Ortho
Urgent Care- specific location not asked on call,B Mayo MD,1,,Ortho
Urgent Care- location not specified,S McCarty,1,,Spine
Urgent Care- LOCATION NOT ASKED,S Mendelson MD,1,,Ortho
Urgent Care Westland,B Mayo MD,1,WAYNE WESTLAND PRIMARY AND URGENT CARE,Ortho
Urgent Care -spec location not asked,P Bhullar MD,1,,Ortho
"Lisowsky DO, Taras",K Bohm MD,1,MI Family Practice,Hand
Urgent Care - not specified,"K Sorensen, DPM",1,,Foot
Urgent Care - Did not ask for spec location,J Mendelson MD,1,,Ortho
Urgent Care,J Yacisen MD,1,,Ortho
Urgent Care,J Mendelson MD,1,,Ortho
Urgent Care,J B Klein DPM,1,,Foot
Urgent Care,A Mendelson,1,,Ortho
"Uddin MD, Redwan",J Maslak MD,1,Hamtramck Community Medical Center,Spine
"Uddin MD, Redwan",E VandenBosch PA,1,Hamtramck Community Medical Center,PA / Mid-Level
"Uddin MD, Redwan",B Kassa DO,1,Hamtramck Community Medical Center,Pain & Other
"Turk MD, Eshel",J Maslak MD,1,Henry Ford Medical Center - East Jefferson,Spine
Urgent Care - spec location not asked on call,J B Klein DPM,1,,Foot
"Vasquez MD, Peter",A Mendelson MD,1,OAK STREET HEALTH CHERRY HILL,Ortho
"Vasiq MD, Muhhammad",B Mayo MD,1,Michigan Compassionate Care,Ortho
"Vasiq MD, Muhammad",K Bohm MD,1,Michigan Compassionate Care,Hand
"Vasiq MD, Muhammad",J B Klein DPM,1,Michigan Compassionate Care,Foot
"Vasiq MD, Muhammad",B Mayo MD,1,Michigan Compassionate Care,Ortho
"Vartabedian MD, Robert",P Bhullar MD,1,Office of Robert Vartabedian MD,Ortho
"Vartabedian MD, Robert",M Salar MD,1,Office of Robert Vartabedian MD,Pain & Other
"Vartabedian MD, Robert",K Bohm MD,1,Office of Robert Vartabedian MD,Hand
"Vankayalapati MD, Jaya",J Maslak MD,1,Levan Internists,Spine
"VARGAS DO, ALVIN",D Mendelson MD,1,Trinity IHA Senior Primary Care,Ortho
"Vandehey DO, Patrick R",K Bohm MD,1,ALLEN PARK FAMILY PHYSICIANS,Hand
"VanOphen DPT, Brandon",B Mayo MD,1,,Ortho
"Van Rensburg DPT, Devon",S McCarty,1,Pryde Athletics and Physical Therapy,Spine
"Van Ophem DPT, Brandon",B Mayo MD,1,,Ortho
"Van Oast PA, Joann",K Bohm MD,1,Village Medical - Livonia,Hand
"Valentino, Victor",L Zamorano MD,1,Victor Valentino Law,Spine
"Valenti DO, Matteo",A Oddo DO,1,Corewell Health Farmington hills Hospital family medicine,Pain & Other
"VENDITTELLI MD, CARLISLE",K Bohm MD,1,Cornerstone Garfield Family Practice - Ascension,Hand
"VENDITTELLI MD, CARLISLE",J Varghese MD,1,Cornerstone Garfield Family Practice - Ascension,Spine
"VAYNTRUB MD, ELAINA",P Bhullar MD,1,Corwell internal medicine and primary care,Ortho
"Vandehey, Patrick",J B Klein DPM,1,ALLEN PARK FAMILY PHYSICIANS,Foot
Todd Wolschlager ATC,B Kassa DO,1,,Pain & Other
"Tobin DO, Keith M",D Mendelson MD,1,Livonia Family Medical Center,Ortho
"Tobar DO, Rodrigo",S Mendelson MD,1,"FAMILY MEDICINE, PC",Ortho
"Tobar DO, Rodrigo",J Yacisen MD,1,"FAMILY MEDICINE, PC",Ortho
"Thwainey MD, Bassam J","R Leff, DPM",1,AMG Oak Park Medical Center,Foot
"Thomas MD, Mark William",S McCarty,1,Premiere Pediatrics,Spine
"Thomas MD, Jared",J Yacisen MD,1,Trinity Health Orthopedic group-Ypsilanti,Ortho
"Thibault MD, Steven J",B Mayo MD,1,Silver Pine Medical Group - Sterling Heights,Ortho
The Heights UC - Deaborn,J B Klein DPM,1,,Foot
"Turk MD, Eshel",B Mayo MD,1,Henry Ford Medical Center - East Jefferson,Ortho
Taylor Urgent Care,S Mendelson MD,1,Michael Taylor MD,Ortho
"Tatangelo MD, Marco",P Bhullar MD,1,Providence Park Pediatrics - Novi,Ortho
"Tasevski NP, Aleksandra",J Varghese MD,1,Michigan Primary Care - Sterling Heights,Spine
"Tanir Avci MD, Narin",A Munk MD,1,,Spine
"Tangalos MD, Phillip",J Mendelson MD,1,Silver Pine Medical Group - Sterling Heights,Ortho
"Tam DO, Susan",P Bhullar MD,1,Epic Primary Care - Ferndale,Ortho
"Talya NP, Danny",L PAClinic,1,Family Medicine,PA / Mid-Level
"TOBIA PA, BROOKE",J Mendelson MD,1,Macomb Medical Clinic,Ortho
"Syed MD, Suzan",P Bhullar MD,1,,Ortho
"Syed MD, Sana",S Mendelson MD,1,SUNNY PEDIATRICS AND FAMILY,Ortho
"Thabolingam MD, Raveend",K Lee MD,1,Excel Health,Pain & Other
"Turfe DO, Mohammad",S McCarty,1,Corewell Internal Medicine - Family Practice DEARBORN HEIGHTS,Spine
Troy Pediatrics,J Yacisen MD,1,Troy Pediatrics,Ortho
Trotska NP C Oksana,B Mayo MD,1,,Ortho
"Trombly MD, Steven D",J Yacisen MD,1,Office of Steven Trombly MD,Ortho
"Trombly MD, Steven D",J Varghese MD,1,Office of Steven Trombly MD,Spine
"Trombly MD, Steven D",J Mendelson MD,1,Office of Steven Trombly MD,Ortho
"Trombly MD, Steven D",D Mendelson MD,1,Office of Steven Trombly MD,Ortho
"Trivedi MD, Archi",P Bhullar MD,1,METROPOLITAN MEDICAL ASSOCIATES,Ortho
Trinity Urgent Care- Canton Cetner,J B Klein DPM,1,Medical Center Pediatrics,Foot
Trinity Urgent Care Canton,K Bohm MD,1,Trinity URGENT CARE CANTON,Hand
"Tom MD, Shirley C",K Bohm MD,1,"Corwell health internal medicine, Dearborn",Hand
Trinity Urgent Care,D Mendelson MD,1,Trinity health urgent care,Ortho
Trinity IHA Canton Center Urgent Care,K Bohm MD,1,Trinity Health IHA Medical Group Primary Care - Canton,Hand
"Tremblay, Jeffrey",S Mendelson MD,1,Roseville Family Practice,Ortho
"Tremblay DO, Jeffrey",J B Klein DPM,1,Roseville Family Practice,Foot
"Trate DO, Toni","R Leff, DPM",1,"TONI BALLITCH TRATE, DO, PC",Foot
"Trate DO, Toni",M Salar MD,1,"TONI BALLITCH TRATE, DO, PC",Spine
"Toomajian DO, Leo",P Bhullar MD,1,Alliance - Macomb,Ortho
"Tomei DPT, Jordan",P Bhullar MD,1,Neil King Physical Therapy,Ortho
"Toma MD, Raad",S Mendelson MD,1,Toma & Yaldo Medical Center,Ortho
"Toma MD, Raad",B Mayo MD,1,Toma & Yaldo Medical Center,Ortho
Trinity Urgent Care,P Bhullar MD,1,Trinity health urgent care,Ortho
"Weber PA, Jaclyn",S McCarty,1,MEDPRO PRIMARY CARE - Waltz Rd,Spine
"Weber PA, Jaclyn",J Varghese MD,1,MEDPRO PRIMARY CARE - Waltz Rd,Spine
"Weber PA, Jaclyn",J Mendelson MD,1,MEDPRO PRIMARY CARE - Waltz Rd,Ortho
"Weathersby MD, Liza",S McCarty,1,Corewell Medical Center - Redford,Spine
"Weathersby MD, Liza",M Salar MD,1,Corewell Medical Center - Redford,Spine
"Aalderink, Kristopher J",S Mendelson MD,1,Trinity IHA Orthopedics - Schoolcraft,Ortho
"Appiah MD, Jacqueline",K Bohm MD,1,Henry Ford Health - Family Medicine 8 Mile Livonia,Hand
"Appiah MD, Jacqueline",A Oddo DO,1,Henry Ford Health - Family Medicine 8 Mile Livonia,Pain & Other
"Antone MD, May",D Mendelson MD,1,Henry Ford Primary Care Center - 160,Ortho
"Vasquez MD, Peter",A Oddo DO,1,OAK STREET HEALTH CHERRY HILL,Pain & Other
"Amen MD, Hussen",K Bohm MD,1,Trinity IHA Academic Family Medicine - Livonia,Hand
"Amautovic DO, Jelena",D Mendelson MD,1,,Ortho
"Alyas MD, Fanar",L Zamorano MD,1,DOWN RIVER MEDICAL GROUP,Spine
"Altman, David A",J Yacisen MD,1,Midwest Center for Dermatology - Warren,Ortho
"Alsabeh MD, Rashid","R Leff, DPM",1,HENRY FORD MEDICAL CENTER FARMINGTON ROAD INTERNAL MEDICINE,Foot
"Alqurneh DO, Amal",S Mendelson MD,1,CoreWell Health Family Medicine,Ortho
"Alqurneh DO, Amal",K Bohm MD,1,CoreWell Health Family Medicine,Hand
"Alosachie MD, Iyad J","R Leff, DPM",1,Henry Ford Primary Care - Orchard Lake Road North,Foot
"Alosachie MD, Iyad J",K Bohm MD,1,Henry Ford Primary Care - Orchard Lake Road North,Hand
"Allor FNP-C, Christine M",S Mendelson MD,1,MyCare Health Center - Mt Clemens,Ortho
"Anderson DC, Nichole",D Mendelson MD,1,8 Mile Chiropractic  Clinic,Ortho
"Wright DO, Howard","R Leff, DPM",1,"DEARBORN FAMILY CLINIC, PC",Foot
"Wright DO, Howard",M Salar MD,1,"DEARBORN FAMILY CLINIC, PC",Spine
"Wolok MD, Ryan Scott",K Bohm MD,1,Millenium Associated Physicians - 130A,Hand
"Wolok Do, Kenneth J",J Maslak MD,1,Tri-County Medical Clinic,Spine
"Williamson, Derek",B Mayo MD,1,,Ortho
"Williams, David","F Leff, DPM",1,Legend Health - Now One Health,Foot
"Williams MD, Michael A",B Mayo MD,1,ACADEMIC INTERNAL MEDICINE SPECIALISTS,Ortho
"Williams MD, David","R Leff, DPM",1,Legend Health - Now One Health,Foot
"Williams DO, Joseph L","R Leff, DPM",1,"WILLIAMS FAMILY AND SPORTS MEDICAL CENTER, PLC",Foot
"White MD, William Paul",K Bohm MD,1,Henry Ford Health - Family Medicine 8 Mile Livonia,Hand
"Aalderink MD, Kristopher",S McCarty,1,Trinity IHA Orthopedics - Schoolcraft,Spine
"Whateley MD, Jason",G Jerry MD,1,McLaren Port Huron Fort Gratiot Internal Medicine,Ortho
"Weymouth PA-C, Sarah",A Munk MD,1,North Macomb Medical Associates,Spine
"West PA, Rachel",P Bhullar MD,1,Internal Medicine & Primary Care Specialists- 1010,Ortho
"Wendzinski DO, Kellie",J Varghese MD,1,,Spine
"Wendzinski DO, Kellie",A Oddo DO,1,,Pain & Other
WellNow Urgent Care Fort Gratiot,J Yacisen MD,1,,Ortho
"Weissman MD, David E","R Leff, DPM",1,David Weissman MD,Foot
"Weide MD, Lori",K Bohm MD,1,Corewell Health Wayne Hospital Family Medicine -  Canton,Hand
"Wehbe DO, Nabil",A Mendelson MD,1,WEST OAKLAND INTERNISTS,Ortho
"Webster PAC, Shannon",M Salar MD,1,EPIC Southfield - Telegraph Rd office,Spine
"White MD, Michael",P Bhullar MD,1,Millennium Affiliated Physicians - 130B,Ortho
"Walton Doyle MD, Erin",J Varghese MD,1,"Trinity Health IHA Medical Group, Primary Care - Southeast Livonia",Spine
"WILSON MD, JEANETTE  ELIZABETH",J Yacisen MD,1,Masonic Medical Center - Ascension,Ortho
"WEST PA, RACHEL",P Bhullar MD,1,Internal Medicine & Primary Care Specialists- 1010,Ortho
"WEIN MD, SAMANTHA CHERISE",K Bohm MD,1,Henry Ford Health - Family Medicine 8 Mile Livonia,Hand
"WEIN MD, SAMANTHA CHERISE",J Varghese MD,1,Henry Ford Health - Family Medicine 8 Mile Livonia,Spine
"Vora DO, Sanjay",S McCarty,1,,Spine
"Vitale MD, Massimiliano",A Munk MD,1,Cornerstone Internal Medicine,Spine
"Viswnath MD, Talanki",J Maslak MD,1,,Spine
"Viswanath MD, Talanki",P Bhullar MD,1,,Ortho
"Aliseo DPT, Andrea",P Bhullar MD,1,Ivy Rehab - Farmington,Ortho
Village Medical Livonia,M Salar MD,1,Village Medical - Livonia,Spine
Village Medical,K Lee MD,1,Village Medical Wayne,Pain & Other
"Vieder DO, Brandon",B Kassa DO,1,Michigan Institute for Neurological Disorders (MIND) - Roseville,Pain & Other
"Vassallo MD, John",S Mendelson MD,1,John Vassallo MD -Howell,Ortho
"Vassallo MD, John",B Mayo MD,1,John Vassallo MD -Howell,Ortho
"Vasquez MD, Peter",S Mendelson MD,1,OAK STREET HEALTH CHERRY HILL,Ortho
"Vasquez MD, Peter",P Bhullar MD,1,OAK STREET HEALTH CHERRY HILL,Ortho
"Vasquez MD, Peter",M Salar MD,1,OAK STREET HEALTH CHERRY HILL,Spine
"Vasquez MD, Peter",K Bohm MD,1,OAK STREET HEALTH CHERRY HILL,Hand
"Vasquez MD, Peter",J B Klein DPM,1,OAK STREET HEALTH CHERRY HILL,Foot
"Viswanath MD, Talanki",D Mendelson MD,1,,Ortho
"Alhashidi MD, Jamilah J",K Bohm MD,1,Corewell Internal Medicine - Family Practice DEARBORN HEIGHTS,Hand
"Al Khouri MD, Raad",J Maslak MD,1,Mercy Family Care Center,Spine
"Al Jarrah MD, Mohamad",J Yacisen MD,1,Sterling Heights Urgent Care,Ortho
"Akinyosoye MD, Oluwasayo",A Munk MD,1,ROSE MEDICINE,Spine
"Ajluni DO, Matthew","K Green, DPM",1,TRINITY HEALTH URGENT CARE- Livonia,Foot
"ARONOV DO, MARK",K Lee MD,1,DMC PRIMARY AND SPECIALTY CARE WEST BLOOMFIELD,Pain & Other
"Ajemian MD, Nancy",J Yacisen MD,1,,Ortho
"Ajami DO, Samih Mike",S McCarty,1,CANTON FAMILY HEALTH LLC,Spine
"Ajami DO, Samih Mike",P Bhullar MD,1,CANTON FAMILY HEALTH LLC,Ortho
"Ajami DO, Samih Mike",K Lee MD,1,CANTON FAMILY HEALTH LLC,Pain & Other
"Wang PA, Hui",M Salar MD,1,Brigid Healthcare,Spine
"Ajami DO, Samih Mike",J Maslak MD,1,CANTON FAMILY HEALTH LLC,Spine
"Ajami DO, Samih Mike",B Mayo MD,1,CANTON FAMILY HEALTH LLC,Ortho
"Weathersby MD, Liza",J Maslak MD,1,Corewell Medical Center - Redford,Spine
"Weathersby MD, Liza",A Mendelson MD,1,Corewell Medical Center - Redford,Ortho
"Warren MD, Erin L","R Leff, DPM",1,,Foot
"Wanis MD, Magdy",S Mendelson MD,1,Lakeview Medical Center,Ortho
"Wanis MD, Magdy",S McCarty,1,Lakeview Medical Center,Spine
"Wanis MD, Magdy",P Bhullar MD,1,Lakeview Medical Center,Ortho
"Wanis MD, Magdy",J Mendelson MD,1,Lakeview Medical Center,Ortho
"Wang PA, Hui",S Mendelson MD,1,Brigid Healthcare,Ortho
"Ajami DO, Samih Mike",J Varghese MD,1,CANTON FAMILY HEALTH LLC,Spine
"Saeed, Sajjad",J Mendelson MD,1,Internal Medicine Associates Port Huron,Ortho
"Sadasivan MD, Sushma",D Mendelson MD,1,Park Family Practice - Novi,Ortho
"Sack DO, Marshall B",B Mayo MD,1,Family Care Physicians PC,Ortho
"Sabbagh, David",H Foster PA,1,Mitchell Medical Center,PA / Mid-Level
"Sabbagh MD, Mahoud Nabil",S McCarty,1,McLaren Macomb Family First,Spine
"Sabbagh MD, David",A Munk MD,1,Mitchell Medical Center,Spine
"Sabb MD, Sandra",S McCarty,1,Village Medical Farmington,Spine
"Sabb MD, Sandra",D Mendelson MD,1,Village Medical Farmington,Ortho
"Saad MD, Abdul Hassan",M Salar MD,1,,Spine
"Syed MD, Sana",K Bohm MD,1,SUNNY PEDIATRICS AND FAMILY,Hand
"SUEDE NP, KRISTINA",D Mendelson MD,1,Oak Street Health - Eastgate,Ortho
"SUEDE NP, KRISTINA",A Munk MD,1,Oak Street Health - Eastgate,Spine
"STONE PA, KERRY L","R Leff, DPM",1,Corewell Health Farmington hills Hospital family medicine,Foot
"STEFANSKI NP, DIANA",P Bhullar MD,1,,Ortho
"SEMMA, BRANDON",S Mendelson MD,1,CANTON FOOT & Ankle SPECIALISTS (mark as no),Ortho
"SEIFELDIN MD, RAOUF",J Yacisen MD,1,"WAYNE COMMUNITY HEALTH CENTERS, INC",Ortho
"SALIM MD, MADIHA",S McCarty,1,Village Medical - Walled Lake,Spine
"SALEM MD, FARAH",D Mendelson MD,1,Hoover Primary Care Medical Group,Ortho
"Ryman PA , Elizabeth",M Salar MD,1,Stonebrooke Family Physicians,Spine
Ryan Smith DO,S Mendelson MD,1,Oakland Primary Care,Ortho
"SWETECH MD, MARIA",A Oddo DO,1,Swetech Medical Center,Pain & Other
"Schwarcz DO, Briana",S McCarty,1,Park Internal Medicine,Spine
"Schultz, Ashley",J Yacisen MD,1,Patrick Kut MD PC,Ortho
"Schultz NP, Ashley",J Yacisen MD,1,Patrick Kut MD PC,Ortho
"Schramm MD, Danielle M",M Salar MD,1,,Spine
"Schram PA, Megan","R Leff, DPM",1,Park Family Practice - Novi,Foot
"Schmidt MD, Tamara",P Bhullar MD,1,Western Wayne Physicians - Livonia,Ortho
"Schmehl DO, Ashley",A Mendelson MD,1,IHA Plymouth Primary Care,Ortho
"Schaeffer MD, Michael",S Mendelson MD,1,Michigan family wellness,Ortho
"Schaeffer MD, Michael",J Maslak MD,1,Michigan family wellness,Spine
"Saini MD, Anvita  B",S McCarty,1,Karma Internists,Spine
"Sawka DO, Jaroslaw",S McCarty,1,"MAIN STREET PHYSICIANS, PC",Spine
"Savalli DO, Michael",J B Klein DPM,1,Alliance - Macomb,Foot
"Sattam PA-C, Miranda",P Bhullar MD,1,Synergy Medical Primary Care,Ortho
"Sattam PA-C, Miranda",K Bohm MD,1,Synergy Medical Primary Care,Hand
"Sattam PA-C, Miranda",D Mendelson MD,1,Synergy Medical Primary Care,Ortho
"Samona MD, tassia",J B Klein DPM,1,Associates in Internal Medicine - MHP,Foot
"Samohin MD, Alexandros J",J Mendelson MD,1,Dedicated Senior Medical Center - Eastpointe,Ortho
"Salisbury MD, Brittany S",S Mendelson MD,1,Trinity IHA Academic Family Medicine - Livonia,Ortho
"Saleh MD,  - Berkley UC",J Yacisen MD,1,,Ortho
"Salama MD, Joseph",M Salar MD,1,Beacon Orthopedics of Michigan - Livonia,Spine
"Sayegh DO, Anthony",M Salar MD,1,Legacy Family Medicine,Spine
"Robertson, Nicole R",J Yacisen MD,1,Trinity IHA Academic Family Medicine - Livonia,Ortho
"Rizk MD, Regina","K Green, DPM",1,Oakland Physicians,Foot
"Rizk MD, Nabil",B Kassa DO,1,Henry Ford Warren Family Physicians,Pain & Other
"Ridella MD, Thomas J",J Mendelson MD,1,CoreWell Health Family Medicine,Ortho
"Ridella MD, Thomas J",H Singh MD,1,CoreWell Health Family Medicine,Pain & Other
"Ridella MD, Thomas J",B Kassa DO,1,CoreWell Health Family Medicine,Pain & Other
"Ridella MD, Thomas J",A Oddo DO,1,CoreWell Health Family Medicine,Pain & Other
"Richards PA-C, Carolyn",M Salar MD,1,Yale Community Heath Center - VA Clinic,Spine
"Reddy MD, Vishnuvardhan G","K Sorensen, DPM",1,DEDICATED SENIOR MEDICAL CENTER - Southfield,Foot
"Rummani Askar MD, Sundus",J Yacisen MD,1,Great Lakes Pediatrics,Ortho
"Reddy MD, Trishya",J Maslak MD,1,Freedom Medical Clinic (Trinity),Spine
"Reddy MD, Trishya",D Mendelson MD,1,Freedom Medical Clinic (Trinity),Ortho
"Raza, Mushahid",K Bohm MD,1,Corewell Health Wayne Hospital Family Medicine -  Canton,Hand
"Raza MD, Mushahid",J Maslak MD,1,Corewell Health Wayne Hospital Family Medicine -  Canton,Spine
"Raymond DO, Michele L",J Yacisen MD,1,Physician HeathCare Network - Michele Raymond DO,Ortho
"Rasak DO, Mark",K Bohm MD,1,Cardiovascular clinical Associates P.C,Hand
"Rasak DO, Mark",B Mayo MD,1,Cardiovascular clinical Associates P.C,Ortho
"Rapp, Stanford C",K Lee MD,1,Michigan Spine Institute,Pain & Other
"Raj, Navin",B Mayo MD,1,SUNNY PEDIATRICS AND FAMILY,Ortho
"Raj MD, Navin",D Mendelson MD,1,SUNNY PEDIATRICS AND FAMILY,Ortho
"Reddy MD, Trishya",K Lee MD,1,Freedom Medical Clinic (Trinity),Pain & Other
"Rudy DO, Williams M",B Mayo MD,1,Progressive Health Care,Ortho
"Rudnick MD, Laurie",K Bohm MD,1,Harper Family Practice,Hand
"Rozzell MD, Donald M",J Varghese MD,1,Henry Ford Main Internal Medicine - Grosse Pointe,Spine
Ross Law,J Mendelson MD,1,Ross Law,Ortho
Ross Gilders Law,S Mendelson MD,1,Ross Gilders Law,Ortho
"Rosenberg MD, Daniel","R Leff, DPM",1,Village Medical - Novi,Foot
"Rosenberg DO, Mark S",J Yacisen MD,1,Macomb Medical Clinic,Ortho
"Rosenberg DO, Mark S",B Mayo MD,1,Macomb Medical Clinic,Ortho
"Rosenbaum DO, Eric",K Bohm MD,1,Internal Medicine & Primary Care Specialists- 1010,Hand
"Rosen PA-C, Mark (ZOC DOC)",B Mayo MD,1,Be Well Medical Center,Ortho
"Roi DO, Vesna",J Yacisen MD,1,Eastlake Pediatrics,Ortho
"Rosen PA-C, Mark",D Mendelson MD,1,Be Well Medical Center,Ortho
"Rosen PA-C, Mark",A Munk MD,1,Be Well Medical Center,Spine
"Rollins MD, William",D Mendelson MD,1,Park Medical Centers - Canton,Ortho
"Rollins DO, William F",S Mendelson MD,1,Park Medical Centers - Canton,Ortho
"Rollins DO, William F",P Bhullar MD,1,Park Medical Centers - Canton,Ortho
"Rollins DO, William F","K Sorensen, DPM",1,Park Medical Centers - Canton,Foot
"Rollins DO, William F",J Varghese MD,1,Park Medical Centers - Canton,Spine
"Rollins DO, William F",B Mayo MD,1,Park Medical Centers - Canton,Ortho
"Rollins DO, William",J Maslak MD,1,Park Medical Centers - Canton,Spine
"Rojas, Pierre",S McCarty,1,Midwest Spine and Sports Group,Spine
"Rosen PA-C, Mark",P Bhullar MD,1,Be Well Medical Center,Ortho
"Stober, Richard Mark",K Lee MD,1,Henry Ford Internists - Farmington Hills 150,Pain & Other
"Steven DO, Susan",A Mendelson MD,1,,Ortho
"Stern DO, Sheldon L",S McCarty,1,Village Medical Farmington,Spine
"Stern DO, Sheldon",K Lee MD,1,Village Medical Farmington,Pain & Other
Sterling Heights Urgent Care,J Yacisen MD,1,Sterling Heights Urgent Care,Ortho
Sterling Heights Urgent Care,J Mendelson MD,1,Sterling Heights Urgent Care,Ortho
Sterling Heights Urgent Care,J B Klein DPM,1,Sterling Heights Urgent Care,Foot
"Stephen MD, Mark  H",K Bohm MD,1,Macomb Physicians Group,Hand
"Stephen MD, Mark  H",J Yacisen MD,1,Macomb Physicians Group,Ortho
"Schwutke MD, Steffanie",A Oddo DO,1,Rochester Primary Care,Pain & Other
"Stephan MD, Namir",J Mendelson MD,1,Meadowbrook Internists,Ortho
"Steinbrock DO, Alex",J Varghese MD,1,,Spine
"Stefansi NP,  Diana",D Mendelson MD,1,,Ortho
Springfield Urgent Care - Hamburg,K Bohm MD,1,Springfield Urgent Care - Hamburg,Hand
Springfield Urgent Care - Brighton,B Mayo MD,1,,Ortho
Springfield Urgent Care,B Mayo MD,1,Springfield Urgent Care - Hamburg,Ortho
"Spearman MD, Anthony",J Yacisen MD,1,Horizon Care Medical Group - Warren,Ortho
"Spadafore-Barrett PA-C, Ginni",S McCarty,1,,Spine
Southfield Urgent Care,"R Leff, DPM",1,SOUTHFIELD URGENT CARE,Foot
"Souphis, Daniel C",G Jerry MD,1,Physician HealthCare Network Urgent Care and Walk In- Fort Gratiot,Ortho
"Stephen MD, Mark",S Mendelson MD,1,Macomb Physicians Group,Ortho
"Syed MD, Sana",D Mendelson MD,1,SUNNY PEDIATRICS AND FAMILY,Ortho
"Sundblad DPM, Kyle",J Mendelson MD,1,Macomb Foot Ankle Wound Care Center,Ortho
"Summers MD, Ross A",S McCarty,1,Medical Clinic of Northville,Spine
"Summers MD, Ross A",P Bhullar MD,1,Medical Clinic of Northville,Ortho
"Summers MD, Ross A",M Salar MD,1,Medical Clinic of Northville,Spine
"Summers MD, Ross A",K Lee MD,1,Medical Clinic of Northville,Pain & Other
"Summers MD, Ross A",B Mayo MD,1,Medical Clinic of Northville,Ortho
"Summers MD, Ross",P Bhullar MD,1,Medical Clinic of Northville,Ortho
"Summers MD, Ross",B Mayo MD,1,Medical Clinic of Northville,Ortho
"Suliman MD, Nabil",P Bhullar MD,1,Premier Medicine Medical Center - Livonia,Ortho
"Stromberg MD, Reid",G Jerry MD,1,Dr. Carley and Associates,Ortho
"Suliman MD, Nabil",J Mendelson MD,1,Premier Medicine Medical Center - Livonia,Ortho
"Suliman MD, Nabil",B Mayo MD,1,Premier Medicine Medical Center - Livonia,Ortho
"Sulaka MD, William",S McCarty,1,,PA / Mid-Level
"Sudhakara MD, Kajoor",K Bohm MD,1,"TRENTON TOTAL HEALTH CARE CENTER, PC",Hand
"Sturla MD, Amadeo R",S McCarty,1,NORLIVO INTERNAL MEDICINE,Spine
"Sturla MD, Amadeo R",P Bhullar MD,1,NORLIVO INTERNAL MEDICINE,Ortho
"Sturla MD, Amadeo R",M Salar MD,1,NORLIVO INTERNAL MEDICINE,Spine
"Sturla MD, Amadeo",S McCarty,1,NORLIVO INTERNAL MEDICINE,Spine
"Sturla MD, Amadeo",A Mendelson MD,1,NORLIVO INTERNAL MEDICINE,Ortho
"Stromberg MD, Reid",J Yacisen MD,1,Dr. Carley and Associates,Ortho
"Suliman MD, Nabil",M Salar MD,1,Premier Medicine Medical Center - Livonia,Spine
"Shropshire NP, Kasheena",J Varghese MD,1,MNP,Spine
"Shishu MD, Nidhi",K Bohm MD,1,Beverly Hills Internal Medicine,Hand
"Shih DO, Jenny",S Mendelson MD,1,Trinity IHA Primary Care - Schoolcraft Campus,Ortho
"Shih DO, Jenny",D Mendelson MD,1,Trinity IHA Primary Care - Schoolcraft Campus,Ortho
"Shepherd DO, Steven",J Varghese MD,1,Professional Village Medical Center,Spine
"Sheikh, Mohammad I",S McCarty,1,SHEIKH MEDICAL CENTER,Spine
"Shefferly PA-C, Sommer",P Bhullar MD,1,Powers Family Medicine,Ortho
"Sharma MD, Meenakshi",J Mendelson MD,1,"FAMILY CARE CENTER OF HAMTRAMCK, PC",Ortho
"Sharma MD, Bhupesh",J Varghese MD,1,"FAMILY CARE CENTER OF HAMTRAMCK, PC",Spine
"Soskina MD, Yeva",S Mendelson MD,1,Carson Center Specialty,Ortho
"Sharma MD, Bhupesh",B Mayo MD,1,"FAMILY CARE CENTER OF HAMTRAMCK, PC",Ortho
"Shareefuddin MD, Faisal M",B Mayo MD,1,Oakland Integrated Healthcare Network,Ortho
"Shammami DO, Adam","K Green, DPM",1,,Foot
"Shahab MD, Syed Masood",M Salar MD,1,Brighton Internal Medicine,Spine
"Shah MD, Sheena P",S Mendelson MD,1,Corewell Health Family Medicine -SAINT CLAIR SHORES,Ortho
"Sebastian DO, Matthew",D Mendelson MD,1,Corewell Health Farmington Hills Hospital Family Medicine,Ortho
"Sebastian DO, Matthew",B Mayo MD,1,Corewell Health Farmington Hills Hospital Family Medicine,Ortho
"Sebastian DO, Matthew",A Oddo DO,1,Corewell Health Farmington Hills Hospital Family Medicine,Pain & Other
"Scott McKinlay, PA from MIND",B Kassa DO,1,,Pain & Other
"Scofield MD, Barry Joseph",S McCarty,1,Masonic Medical Center - Ascension,Spine
"Sharma MD, Bhupesh",J Mendelson MD,1,"FAMILY CARE CENTER OF HAMTRAMCK, PC",Ortho
"Soskina MD, Yeva",P Bhullar MD,1,Carson Center Specialty,Ortho
"Soffa, Jason I",J Maslak MD,1,Oakland Primary Care,Spine
"Soffa DO, Jason I",J Maslak MD,1,Oakland Primary Care,(blank)
"Soffa DO, Jason I",D Mendelson MD,1,Oakland Primary Care,Ortho
"Soffa DO, Jason",J Mendelson MD,1,Oakland Primary Care,Ortho
"Smylnycky MD,Agnieszka","R Leff, DPM",1,Lily’s Medical Group,Foot
"Skelton PA-C, Kelsey",S McCarty,1,CoreMed - Commerce,Spine
"Siribian PT, Jeff",B Mayo MD,1,,Ortho
"Sirabian PT, Jeffrey",B Mayo MD,1,Plymouth PT,Ortho
"Singleton MD, Shelia",S McCarty,1,Community First Health Centers - New Haven,Spine
"Shropshire NP, Kasheena",S Mendelson MD,1,MNP,Ortho
"Singh MD, Jaspal",D Mendelson MD,1,Levan Internists,Ortho
"Singer DO, Daniel",K Lee MD,1,Michigan Institute for Neurological Disorders (MIND) - Farmington Hills,Pain & Other
"Sindagi DO, Varun",S Mendelson MD,1,Lakeside Internal Medicine,Ortho
"Simkow NP, Katie",M Salar MD,1,Synergy Medical Primary Care,Spine
"Simkow NP, Katie",J Varghese MD,1,Synergy Medical Primary Care,Spine
"Simkow NP, Katie",H Singh MD,1,Synergy Medical Primary Care,Pain & Other
"Siddiqui MD, Saadia",S Mendelson MD,1,Tri County Neurology,Ortho
"Shumer MD, Gregory","R Leff, DPM",1,Integrative Family Medicine Clinic - Domino's Farms (U of M),Foot
"Shuker MD, Ala",P Bhullar MD,1,Vital Medicine,Ortho
"Shropshire, Kasheena",J Varghese MD,1,MNP,Spine
"Singh MD, Jaspal",S Mendelson MD,1,Levan Internists,Ortho
Corewell Urgent- Troy,S Mendelson MD,1,Corewell Urgent Care - Troy Big Beaver,Ortho
Corewell Urgent Care- Haggerty,L PA Clinic,1,,PA / Mid-Level
Corewell Urgent Care specific location not asked,P Bhullar MD,1,,Ortho
Corewell Urgent Care Wayne,J Mendelson MD,1,Corewell Health Wayne Hospital Pediatrics,Ortho
Corewell Urgent Care Warren East,S Mendelson MD,1,,Ortho
Corewell Urgent Care Troy - 19/SqLK,J Yacisen MD,1,,Ortho
Corewell Urgent Care Troy,J Yacisen MD,1,Corewell Urgent Care - Troy Big Beaver,Ortho
Corewell Urgent Care Troy,D Mendelson MD,1,Corewell Urgent Care - Troy Big Beaver,Ortho
Corewell Urgent Care Tilch,K Bohm MD,1,,Hand
"Kurjakovic PA-C, Amar",J Varghese MD,1,Macomb Medical Clinic,Spine
Corewell Urgent Care Royal Oak,"R Leff, DPM",1,Corewell Urgent Care - Royal Oak,Foot
Corewell Urgent Care Livonia,K Bohm MD,1,,Hand
Corewell Urgent Care Garden City,P Bhullar MD,1,Corewell Urgent Care - Garden City,Ortho
Corewell Urgent Care Garden City,"K Green, DPM",1,Corewell Urgent Care - Garden City,Foot
Corewell Urgent Care Garden City,J B Klein DPM,1,Corewell Urgent Care - Garden City,Foot
Corewell Urgent Care Farmington Hills,"R Leff, DPM",1,Corewell Health Family Medicine - Farmington Hills,Foot
Corewell Urgent Care Farmington Hills,P Bhullar MD,1,Corewell Health Family Medicine - Farmington Hills,Ortho
Corewell Urgent Care Farm Hills,J B Klein DPM,1,,Foot
Corewell Urgent Care FH N,K Bohm MD,1,,Hand
Corewell Urgent Care Saint Clair Shores,J Yacisen MD,1,Corewell Health Urgent Care -SAINT CLAIR SHORES,Ortho
"Deitch DO, Jeffrey S",K Bohm MD,1,Tri-County Medical Clinic,Hand
"Deitch DO, Jeffrey",S McCarty,1,Tri-County Medical Clinic,Spine
"Deguzman MD, David A",J B Klein DPM,1,UofM Canton Health Center General Medicine,Foot
"Debrincat, Paul G",K Bohm MD,1,Care Medical Clinic of Canton,Hand
"DeLeon MD, Eliezer",D Mendelson MD,1,Downriver Internists - Wayne,Ortho
"Davis MD, David",SH PAClinic,1,David S Weingarden MD & Associates,Ortho
"Datla MD, Sailaja",J Mendelson MD,1,Shores Internal Medicine,Ortho
"Darwish, Darwish",M Salar MD,1,Gratiot Family Medicine,Spine
"Dagher DO, Batoul",K Lee MD,1,"PILLAY INTERNAL MEDICINE ASSOCIATES, PLLC",Pain & Other
Corewell- Grosse Pointe UC,A Mendelson MD,1,Corewell Family Medicine - Grosse Pointe,Ortho
"DROBOT MD, YEVHEN",B Mayo MD,1,"PROGRESSIVE HEALTH CARE, PC",Ortho
DMC-Huron Valley,H Singh MD,1,,Spine
DMC Ortho- specifics not asked,K Lee MD,1,,Pain & Other
"DESAI MD, BIPIN PRATACHANDRA",S McCarty,1,LIVINGSTON PEDIATRICS CENTER,Spine
"DESAI MD, BIPIN PRATACHANDRA",B Mayo MD,1,LIVINGSTON PEDIATRICS CENTER,Ortho
"DALALY MD, FERAH  ADIL",K Bohm MD,1,Cornerstone Internal Medicine,Hand
"DALALY MD, FERAH  ADIL",J Yacisen MD,1,Cornerstone Internal Medicine,Ortho
"Crandall DO, Laura Ann",S McCarty,1,Silver Pine Medical Group - Sterling Heights,Spine
"Corondan MD, Victor",D Mendelson MD,1,Corondan Medical,Ortho
"Corondan MD, Victor",B Mayo MD,1,Corondan Medical,Ortho
"DUVOOR MD, Anu",P Bhullar MD,1,Macomb Internal Medicine,Ortho
"Collier MD, Kristin M",J Mendelson MD,1,UofM Canton Health Center General Medicine,Ortho
"Colen DO, Alexander",K Bohm MD,1,Surgeons Choice Medical Center,Hand
"Coleman, Walter Barry",J B Klein DPM,1,Macomb Foot Ankle Wound Care Center,Foot
"Clemence NP, Megan",K Bohm MD,1,Clarkston Internal Medicine,Hand
"Clary MD, Bethany",J B Klein DPM,1,ASCENSION MEDICAL GROUP WEST BLOOMFIELD FAMILY PRACTICE,Foot
"Clark, Daniel","R Leff, DPM",1,Macomb Spine Care,Foot
"Clark MD, Glen",J Yacisen MD,1,,Ortho
"Claibroue MD, Deidre",J Maslak MD,1,CROSSOVER HEALTH - ROYAL OAK,Spine
"Cislo PA, Lauren",J Mendelson MD,1,Medical Clinic of Northville,Ortho
Corewell Urgent Care Dearborn,J B Klein DPM,1,COREWELL HEALTH  INTERNAL MEDICINE DEARBORN,Foot
"Cibor DO, Gregory",J Mendelson MD,1,ASCENSION MEDICAL GROUP PROVIDENCE FAMILY AND ATHLETIC MEDICINE,Ortho
"Chowdhury MD, Somnath",P Bhullar MD,1,Premier Medicine Medical Center - Livonia,Ortho
"Choucair DO, Iman","K Sorensen, DPM",1,Corewell Health Wayne Hospital Family Medicine -  Canton,Foot
Chiro ref - doctor name not asked,J Varghese MD,1,,Spine
"Chakravarty MD, Sudha",J B Klein DPM,1,Freedom Medical Clinic (Trinity),Foot
"Cavatalo, Pietro",G Jerry MD,1,,Ortho
"Cavataio, Pietro",G Jerry MD,1,Physician HealthCare Network,Ortho
"Cavataio MD, Pietro",G Jerry MD,1,Physician HealthCare Network,Ortho
"Carolan, Benjamin",K Bohm MD,1,Henry Ford Medical Center - Royal Oak Internal Medicine,Hand
"Carlin MD, Tamara",D Mendelson MD,1,Troy Internal Medicine,Ortho
"Cichowlas DO, Michael",S McCarty,1,Schoenherr Parkway Family Practice,Spine
Corewell Urgent Care Allen Park,S Mendelson MD,1,Corewell Urgent Care - Allen Park,Ortho
Corewell Urgent Care -Taylor,B Mayo MD,1,Corewell Health Taylor Hospital Family Medicine,Ortho
Corewell Urgent Care - location not defined,K Bohm MD,1,,Hand
Corewell Urgent Care - Saint Clair Shroes,K Bohm MD,1,Corewell Health Urgent Care -SAINT CLAIR SHORES,Hand
Corewell Urgent Care - Novi,J B Klein DPM,1,Corewell Urgent Care - Novi,Foot
Corewell Urgent Care - Canton,P Bhullar MD,1,Corewell Health Urgent Care-Canton,Ortho
Corewell Urgent Care,J Varghese MD,1,Corewell Health Urgent Care,Spine
Corewell UC- Shelby,J B Klein DPM,1,,Foot
Corewell UC West,B Mayo MD,1,Corewell Urgent Care - West Bloomfield,Ortho
"Colman NP, Jodie",P Bhullar MD,1,WESTLAND CLINIC - use,Ortho
Corewell UC In Macomb (Tilch),D Mendelson MD,1,,Ortho
Corewell UC Grosse Pointe,K Bohm MD,1,Corewell Family Medicine - Grosse Pointe,Hand
Corewell UC Garden City,B Mayo MD,1,Corewell Urgent Care - Garden City,Ortho
Corewell Grosse Pointe,D Mendelson MD,1,Corewell Family Medicine - Grosse Pointe,Ortho
"Cooper DO, Candace",K Bohm MD,1,"Trinity Health IHA Medical Group, Primary Care - Southeast Livonia",Hand
"Cooke MD, Christopher",S McCarty,1,DMC Orthopedics - Commerce Township,Spine
Concentra Sterling Heights,S McCarty,1,Concentra Urgent Care - Sterling Heights,Spine
"Colvin MD, Randall",S McCarty,1,Henry Ford Warren Family Physicians,Spine
"Colombo, Antonio",B Mayo MD,1,Physician HealthCare Network,Ortho
"Colombo MD, John D",J Yacisen MD,1,Physician HeathCare Network - Marysville,Ortho
Corewell UC Sterling Heights,J Mendelson MD,1,,Ortho
"Engel MD, Allison",J Yacisen MD,1,Northpointe Pediatrics,Ortho
Emcura- Grosse Pointe,J B Klein DPM,1,Emcura Immediate Care - Grosse Pointe,Foot
Emcura Urgent Care,"K Sorensen, DPM",1,Emcura urgent care novi,Foot
Elia and Ponto,J Yacisen MD,1,Elia & Ponto Law,Ortho
"Eichenlaub NP, Jeffrey M",S McCarty,1,DEIGHTON FAMILY PRACTICE - use this one,Spine
"Egan DO, Michelle Renee",J B Klein DPM,1,Beverly Hills Internal Medicine,Foot
"Effinger NP, Anita",J Varghese MD,1,City Medical - Madison Heights,Spine
"Effinger NP, Anita",J Maslak MD,1,City Medical - Madison Heights,Spine
"Edge DO, Judith M",A Mendelson MD,1,Corewell Internal Medicine - Family Practice DEARBORN HEIGHTS,Ortho
"Delewsky DPM, Marie",J B Klein DPM,1,Rochester Medical Group,Foot
"Eastes DO, Bryan",S Mendelson MD,1,Cornerstone St. Clair Internists,Ortho
"EASTES DO, BRIAN",S Mendelson MD,1,Cornerstone St. Clair Internists,Ortho
"Duvoor MD, Anu",B Kassa DO,1,Macomb Internal Medicine,Pain & Other
"Dusevic DO, Tammy",J Varghese MD,1,Lakewood Primary Care,Spine
"Dusevic DO, Tammy",J Mendelson MD,1,Lakewood Primary Care,Ortho
"Dukaj MD, Mark",S Mendelson MD,1,Cornerstone St. Clair Internists,Ortho
"Dukaj MD, Mark",J Mendelson MD,1,Cornerstone St. Clair Internists,Ortho
"Ducu MD, Mirella F",S Mendelson MD,1,Medical Clinic of Northville,Ortho
"Ducu MD, Mirella F",P Bhullar MD,1,Medical Clinic of Northville,Ortho
"Ducu MD, Mirella F",K Bohm MD,1,Medical Clinic of Northville,Hand
"Eberhardt DO, Brandy",K Bohm MD,1,South Lyon Family Docs,Hand
"Ferraiuolo NP, Diana F",A Munk MD,1,,Spine
"Feldman MD, Daniel",A Oddo DO,1,Michigan Institute for Neurological Disorders (MIND) - Farmington Hills,Pain & Other
"Feldman MD, Barry",S Mendelson MD,1,Millenium Associated Physicians - 130A,Ortho
"Feinstein DO, Max","R Leff, DPM",1,,Foot
"Faruque DO, Rubaiya",J Yacisen MD,1,Lake Huron Medical Center - Fort Gratiot,Ortho
Farmington Urgent Care,P Bhullar MD,1,Corrwell Urgent Care - Farmington Hills North,Ortho
Farmington Hills Urgent Care,K Bohm MD,1,Corrwell Urgent Care - Farmington Hills North,Hand
"Farhat MD, Anna",P Bhullar MD,1,Henry Ford Health Medical Center (Ascension),Ortho
"Farah MD, Renee Afram",B Mayo MD,1,Corewell Health Family Medicine - Farmington Hills,Ortho
"England NP, Christine",J Varghese MD,1,Ryan Medical Associates,Spine
"Farah MD, RENEE","K Sorensen, DPM",1,Corewell Health Family Medicine - Farmington Hills,Foot
Faith Medical and UC,"K Sorensen, DPM",1,Faith Internal Medicine & Urgent Care,Foot
"Fadlallah PA-C, Houssam M",P Bhullar MD,1,Michigan primary care center/urgent care,Ortho
"FELDMAN MD, MICHAEL","R Leff, DPM",1,Internal Medicine Specialists,Foot
"FARUQUE DO, RUBAIYA",J Yacisen MD,1,Lake Huron Medical Center - Fort Gratiot,Ortho
Express Health  Urgent Care Redford,B Mayo MD,1,,Ortho
"Ewald MD, Matthew T",J Varghese MD,1,Stonebrooke Family Physicians,Spine
"Ettefagh MD, Leila",J Maslak MD,1,Core Institute/Henry Ford Motor City Orthopedics & PT- Southfield,Spine
"Erickson DO, Martin",S McCarty,1,Village Medical - Livonia,Spine
"Eraqi MD, Hany",A Oddo DO,1,Beaumont Family Medicine - Sterling Heights,Pain & Other
"Farah MD, Renee",J B Klein DPM,1,Corewell Health Family Medicine - Farmington Hills,Foot
"Diora, Gordhan",B Mayo MD,1,Macomb Physicians Group,Ortho
"Diab DO, Chaker H",J Mendelson MD,1,"DIAB AND KINNER INTERNAL MEDICINE, PC- use",Ortho
"DiPace DPT, Lorenzo",B Mayo MD,1,Team Rehab - SMA Bloomfield Hills,Ortho
"Dharia MD, Purvi",S Mendelson MD,1,A1 Family Medicine,Ortho
"Dharia MD, Purvi",S McCarty,1,A1 Family Medicine,Spine
"Dharia MD, Purvi",P Bhullar MD,1,A1 Family Medicine,Ortho
"Dharia MD, Purvi",B Mayo MD,1,A1 Family Medicine,Ortho
"Dewyer MD, Rodney",K Bohm MD,1,,Hand
"Dewitt DO, Colleen",K Bohm MD,1,ASCENSION MEDICAL GROUP WEST BLOOMFIELD FAMILY PRACTICE,Hand
"Ducu MD, Mirella F",B Mayo MD,1,Medical Clinic of Northville,Ortho
"Deters PA-C, Tara",J Yacisen MD,1,Yale Community Heath Center - VA Clinic,Ortho
"Deters PA, Tara",J Yacisen MD,1,Yale Community Heath Center - VA Clinic,Ortho
"Desai MD, Jayshree",J Mendelson MD,1,"GREAT LAKE PHYSICIANS, PC",Ortho
"Denysenko DO, Deanna",J Yacisen MD,1,Northpointe Pediatrics,Ortho
"Denysenko DO, Deanna",J Varghese MD,1,Northpointe Pediatrics,Spine
"Denhouter MD, Williard",J Mendelson MD,1,,Ortho
"Denhouter MD, Williard",D Mendelson MD,1,,Ortho
"Demeri MD, Nader",M Salar MD,1,Village Medical - Northville West,Spine
"Demarce NP, Samantha",B Mayo MD,1,MEDPRO PRIMARY CARE - Waltz Rd,Ortho
"Dell MD, Lawrence",K Bohm MD,1,Internal Medicine & Primary Care Specialists- 1010,Hand
"Devon van Rensburg, DPT - Pryde Athletics  NPI 1912503830  BEING ADDED",S McCarty,1,,Spine
"Ducu MD, Mirella",J Mendelson MD,1,Medical Clinic of Northville,Ortho
"Ducu MD, Mirella",D Mendelson MD,1,Medical Clinic of Northville,Ortho
"Ducu MD, Mirella",B Mayo MD,1,Medical Clinic of Northville,Ortho
"Duchene, Nicholas",D Mendelson MD,1,Evolve Chiropractic,Ortho
"Duchene, Jeffrey C",K Bohm MD,1,Evolve Chiropractic,Hand
"Ducato MD, Michael",H Singh MD,1,"MICHAEL DUCATO, MD, PC",Pain & Other
"Dubina MD, Elizabeth",J Yacisen MD,1,Pediatric Consultants of Troy - Shelby Township,Ortho
"Drewry, Tyler",B Mayo MD,1,BEAUMONT FAMILY MEDICINE WESTLAND,Ortho
Dr. Sadowski,P Bhullar MD,1,,Ortho
"Diponio Jr DO, Frank A",S McCarty,1,Professional Village Medical Center,Spine
Dr. Burks…?  Not specified,P Bhullar MD,1,,Ortho
"Doyle DO, Katherine",K Bohm MD,1,Henry Ford Macomb Internal Medicine,Hand
"Doyle DO, Katherine",J Yacisen MD,1,Henry Ford Macomb Internal Medicine,Ortho
"Doyle DO, Katherine",D Mendelson MD,1,Henry Ford Macomb Internal Medicine,Ortho
"Doyle DO, Katherine",A Munk MD,1,Henry Ford Macomb Internal Medicine,Spine
"Doshi MD, Seema K",S McCarty,1,Yale Family Care,Spine
"Doshi MD, Seema K",J Yacisen MD,1,Yale Family Care,Ortho
Doctors Urgent Care Livonia,K Bohm MD,1,,Hand
Doctors Urgent Care Livonia,D Mendelson MD,1,,Ortho
Doctors Urgent Care,S Mendelson MD,1,Doctors urgent care,Ortho
Dr. Michaels - not specified,L Zamorano MD,1,,Spine
"Askar MD, Maan A",K Bohm MD,1,Maan Askar MD - 13 Mile,Hand
"Askar MD, Maan A",J Varghese MD,1,Maan Askar MD - 13 Mile,Spine
"Askar MD, Maan A",B Mayo MD,1,Maan Askar MD - 13 Mile,Ortho
"Askar MD, Maan A",B Kassa DO,1,Maan Askar MD - 13 Mile,Pain & Other
"Ashley Richardson, PA-C",G Jerry MD,1,,Ortho
"Arbit MD, Steven",S McCarty,1,Specialists in Rehabilitation Medicine,Spine
"Arabo MD, Patricia",K Bohm MD,1,Trinity Health - Emergency Medicine,Hand
"Aquino DO, Robert",S Mendelson MD,1,Aquino Integrative Internal Medicine,Ortho
"Aquino DO, Robert",D Mendelson MD,1,Aquino Integrative Internal Medicine,Ortho
"Canto MD, Cheryl",A Munk MD,1,Port Huron Medicine Associates,Spine
ref by doctor - we did not get name - listen to call,"R Leff, DPM",1,,Foot
ref by doctor - we did not get name - listen to call,H Singh MD,1,,Pain & Other
lakes urgent care JC 4/10,B Mayo MD,1,,Ortho
"Zohoury DO, Mark",B Mayo MD,1,Wattles Internal Medicine- use,Ortho
"Zajdel MD, Barbara",K Lee MD,1,,Pain & Other
"Zahoor MD, Sameena",P Bhullar MD,1,Village Medical - Northville West,Ortho
"Zahoor MD, Sameena",B Mayo MD,1,Village Medical - Northville West,Ortho
"Zaban DO, Rana",K Bohm MD,1,Corewell Health Family Care of Novi,Hand
"ZOABI MD, SARAH",J Varghese MD,1,COREWELL HEALTH  INTERNAL MEDICINE DEARBORN,Spine
"ZINKE FNP BC, ANDREA",J Yacisen MD,1,Eastpointe Family Physicians,Ortho
"Aquino DO, Robert",B Mayo MD,1,Aquino Integrative Internal Medicine,Ortho
"Balysh DO, Erica N",J Maslak MD,1,Lifetime Family Care,Spine
"Balysh DO, Erica N",H Singh MD,1,Lifetime Family Care,Pain & Other
"Balmaseda, Paolo Nino",P Bhullar MD,1,Providence Family & Athletic Medicine,Ortho
"Balboa MD, Ronaldo S",G Jerry MD,1,Internal Medicine Associates Port Huron,Ortho
"Baker PA, Michelle",S Mendelson MD,1,DEIGHTON FAMILY PRACTICE - use this one,Ortho
"Baker MD, Carol",K Bohm MD,1,BEAUMONT FAMILY MEDICINE WESTLAND,Hand
"Bajouka MD, Neeran Yosif","R Leff, DPM",1,Henry Ford Primary Care Center - 160,Foot
"Bajouka MD, Neeran",J Maslak MD,1,Henry Ford Primary Care Center - 160,Spine
"Bahu DO, Anton J",K Lee MD,1,Corwell Health - Farmington,Pain & Other
"Askar MD, Maan A",S Mendelson MD,1,Maan Askar MD - 13 Mile,Ortho
"BRIETZKE, THERESA",K Bohm MD,1,Legend Health - Now One Health,Hand
"BORGIEL MD, CHRISTOPHER",K Bohm MD,1,Physician HealthCare Network Urgent Care and Walk In- Fort Gratiot,Hand
"BORGIEL MD, CHRISTOPHER",H Foster PA,1,Physician HealthCare Network Urgent Care and Walk In- Fort Gratiot,PA / Mid-Level
"BLACKWELL PA, KATHERINE",A Munk MD,1,Mitchell Medical Center,Spine
"BALIGA MD, SRINIVAS",B Mayo MD,1,NEW HORIZON PEDIATRIC CARE- use this one,Ortho
"Attalla MD, Yassir",S McCarty,1,Epic Medical Center,Spine
"Atnas MD, Mirette",J Yacisen MD,1,Dedicated Senior Medical Center East Jefferson,Ortho
"Atallah MD, Pierre",B Mayo MD,1,Farah Podiatry Assoc,Ortho
"Asmar MD, Sami",K Bohm MD,1,Forum Medical Clinic,Hand
"Askar, Maan A",A Oddo DO,1,Maan Askar MD - 13 Mile,Pain & Other
"Badhwar MD, Avlokita",J Mendelson MD,1,"BADHWAR ASSOCIATES, MD, PC",Ortho
AMAND JAMES PTA,P Bhullar MD,1,,Ortho
works at ped office - WB,D Mendelson MD,1,,Ortho
"Ajluni DO, Andrew Farris",J Mendelson MD,1,Associated Orthopedists of Detroit-Shelby Township,Ortho
"XU MD, JINPING",S Mendelson MD,1,Troy Health Center,Ortho
Applebaum and Stone,J Varghese MD,1,Applebaum & Stone,Spine
"Webster PAC, Shannon",J Yacisen MD,1,EPIC Southfield - Telegraph Rd office,Ortho
"Ahsan MD, Samira",S Poshadlo PA,1,ACADEMIC INTERNAL MEDICINE SPECIALISTS,(blank)
"Ahmed MD, Motahar",S McCarty,1,Delta Urgent Care,Spine
"Ahmad, Mutahhar",M Salar MD,1,"FARMINGTON HILLS  FAMILY PHYSICIANS, PLLC",Spine
"ZINKE FNP BC, ANDREA",J Mendelson MD,1,Eastpointe Family Physicians,Ortho
"Ahlgren MD, Bradley",K Lee MD,1,Michigan Orthopaedic & Spine Surgeons,Pain & Other
"Agrest DO, Kevin A","R Leff, DPM",1,Ryan Medical Associates,Foot
"Agrest DO, Kevin A",J Varghese MD,1,Ryan Medical Associates,Spine
"Agrawal MD, Mira",K Bohm MD,1,ACADEMIC INTERNAL MEDICINE,Hand
"Agha MD, Hooman",S McCarty,1,"AGHA INTERNAL MEDICINE AND ASSOCIATES, PC",Spine
"Agha MD, Hooman",P Bhullar MD,1,"AGHA INTERNAL MEDICINE AND ASSOCIATES, PC",Ortho
"Agha MD, Hooman",M Salar MD,1,"AGHA INTERNAL MEDICINE AND ASSOCIATES, PC",Spine
"Agha MD, Hooman",D Mendelson MD,1,"AGHA INTERNAL MEDICINE AND ASSOCIATES, PC",Ortho
"Abdulghani MD, Mariam","R Leff, DPM",1,BEAUMONT FAMILY MEDICINE GARDEN CITY,Foot
"Abdo MD, Basil",S McCarty,1,ARBOR LANE FAMILY PHYSICIANS,Spine
"Ahmad MD, Mutahhar",J Varghese MD,1,"FARMINGTON HILLS  FAMILY PHYSICIANS, PLLC",Spine
"Yuzon MD, Dana","R Leff, DPM",1,LAKES INTERNAL MEDICINE - 2150,Foot
"Youssef PA-C, Andrew",M Salar MD,1,Trinity IHA Pediatrics - Domino's Farms,Spine
"Youngblood PA C, Caleb",S Mendelson MD,1,Be Well Medical Center,Ortho
"Youngblood PA C, Caleb",M Salar MD,1,Be Well Medical Center,Spine
"Youngblood PA C, Caleb",K Lee MD,1,Be Well Medical Center,Pain & Other
"Youngblood PA C, Caleb",J B Klein DPM,1,Be Well Medical Center,Foot
"Younan MD, Silvana",J Maslak MD,1,Henry Ford Primary Care - Orchard Lake Road North,Spine
"Yon MD, Aaron",B Mayo MD,1,Rochester Family Practice,Ortho
"Yokhana MD, Sanar",S McCarty,1,Henry Ford Orthopedics & Sports Medicine - Chesterfield,Spine
"ANDERSON DO, BRITTA",S McCarty,1,DMC Orthopedics & Sports Medicine - Warren,Spine
"Yoder MD, Cordell",B Mayo MD,1,Prism Medical Group - Internal Medicine & Pediatrics,Ortho
"Yi MD, Chin",H Singh MD,1,BEAUMONT FAMILY MEDICINE BELLEVILLE,Pain & Other
"Abbas NP, Leila",P Bhullar MD,1,"TRUST FAMILY CARE CENTER, PLLC",Ortho
"Yeihey MD, Shadia",P Bhullar MD,1,CANTON FAMILY HEALTH LLC,Ortho
"Yeihey MD, Shadia",K Bohm MD,1,CANTON FAMILY HEALTH LLC,Hand
Yale VA Community Care,J Yacisen MD,1,Yale Community Heath Center - VA Clinic,Ortho
"Yaldoo PA-C, Mary",A Mendelson MD,1,EPIC Southfield - Telegraph Rd office,Ortho
"YEE MD, KRISTEN ALEXIS",B Mayo MD,1,"IHA, Primary Care - Cherry Hill Village",Ortho
"ARONOV DO, MARK",K Bohm MD,1,DMC PRIMARY AND SPECIALTY CARE WEST BLOOMFIELD,Hand
"ANKWATSA MS, IVAN",P Bhullar MD,1,Pryde Athletics and Physical Therapy,Ortho
"Yokhana MD, Sanar",B Kassa DO,1,Henry Ford Orthopedics & Sports Medicine - Chesterfield,Pain & Other
"Brock DO, Robert Coleman",P Bhullar MD,1,Village Medical Wayne,Ortho
"Brock DO, Robert Coleman",A Oddo DO,1,Village Medical Wayne,Pain & Other
"Brikho MD, Basel",J Mendelson MD,1,BASEL BRIKHO MEDICAL GROUP - use this one,Ortho
"Brewer DO, Michelle",L Zamorano MD,1,Restorative Physical Medicine - Brighton,Spine
Brentwood Pediatrics,D Mendelson MD,1,,Ortho
"Brateman MD, Robert",P Bhullar MD,1,Office of Robert Brateman,Ortho
"Brateman MD, Robert",J Mendelson MD,1,Office of Robert Brateman,Ortho
"Bragman DO, James","K Green, DPM",1,"WEST BLOOMFIELD INTERNAL MEDICINE, PLLC",(blank)
"Bragman DO, James",K Bohm MD,1,"WEST BLOOMFIELD INTERNAL MEDICINE, PLLC",Hand
"Bandri, Raghunath",P Bhullar MD,1,Corewell Health Wayne Hospital Internal Medicine - Canton,Ortho
"Bradley MD, Maura",J Mendelson MD,1,Henry Ford Health - Family Medicine 8 Mile Livonia,Ortho
"Boudreau DPT, Jillian",P Bhullar MD,1,,Ortho
"Bornstein DO, Mark",P Bhullar MD,1,Be Well Medical Center,Ortho
"Bornstein DO, Mark",J Varghese MD,1,Be Well Medical Center,Spine
"Bornstein DO, Mark",D Mendelson MD,1,Be Well Medical Center,Ortho
"Bolz MD, Nick",J Maslak MD,1,Core Institute/Henry Ford Motor City Orthopedics & PT- Southfield,Spine
"Bochenek DO, John C",B Mayo MD,1,Henry Ford Macomb Internal Medicine,Ortho
"Blum DO, Robert",K Bohm MD,1,Southfield Pediatrics,Hand
Blue Water Urgent Care Port Huron,J Yacisen MD,1,Blue Water Urgent Care - Port Huron,Ortho
Blue Water Urgent Care,A Munk MD,1,Blue Water Urgent Care Clinic,Spine
"Brager MD, Michael A",K Bohm MD,1,ORTHOPEDIC INSTITUTE OF MICHIGAN,Hand
"Campbell DC, Mark D",S Mendelson MD,1,Healthquest Chiropractic,Ortho
"Cameron MD, Mary A",S Mendelson MD,1,SHEIKH MEDICAL CENTER,Ortho
"Calcut MD, Terry",K Bohm MD,1,Covenant Community Care - Grosse Pointe,Hand
"CRUZ PA, MICHELLE ELIZABETH (Warren Urgent Care)",D Mendelson MD,1,,Ortho
"CROSSLEY MD, STEVEN",S McCarty,1,HENRY FORD HEALTH,Spine
COREWELL UC- Farmington Hills,D Mendelson MD,1,Corewell Health Family Medicine - Farmington Hills,Ortho
COREWELL UC ALLEN PARK,K Bohm MD,1,Corewell Urgent Care - Allen Park,Hand
"COOKE MD, CHRISTOPHER LEE",S McCarty,1,DMC Orthopedics - Commerce Township,Spine
"CHANDY NP, JERRY",B Mayo MD,1,"TRENTON TOTAL HEALTH CARE CENTER, PC",Ortho
"Brown DO, Richard M",M Salar MD,1,Park Medical Center (Medicaid),Spine
"Byrne MD, John",J Yacisen MD,1,Michigan Adult and Child Medicine,Ortho
"Burtka MD, James",S McCarty,1,Sterling Physicians,Spine
"Burry DO, Michael",J Mendelson MD,1,Livonia Family Medical Center,Ortho
"Burry DO, Michael",J B Klein DPM,1,Livonia Family Medical Center,Foot
"Burry DO, Michael",D Mendelson MD,1,Livonia Family Medical Center,Ortho
"Burke MD, Katherine",S Mendelson MD,1,Internal Medicine & Primary Care Specialists- 1010,Ortho
"Burhani DPM, Hatim",J Mendelson MD,1,Eastside Podiatry,Ortho
"Bully MD, Tammie",K Lee MD,1,Bully Family Physicians,Pain & Other
"Bully MD, Tammie",B Mayo MD,1,Bully Family Physicians,Ortho
"Brown, Richard",S Mendelson MD,1,Park Medical Center (Medicaid),Ortho
"Byrne MD, John",K Bohm MD,1,Michigan Adult and Child Medicine,Hand
"Benson DO, Paul A",A Oddo DO,1,Be Well Medical Center,Pain & Other
"Benson DO, Paul",P Bhullar MD,1,Be Well Medical Center,Ortho
"Benedix DO, Matthew W",S McCarty,1,Henry Ford Health Medical Center - Seven Mile Road,Spine
"Bellisario MD, Ronald","R Leff, DPM",1,Stonebrooke Family Physicians,Foot
"Bellisario MD, Ronald",M Salar MD,1,Stonebrooke Family Physicians,Spine
"Bellisario MD, Ronald",K Bohm MD,1,Stonebrooke Family Physicians,Hand
"Bellisario MD, Ronald",A Oddo DO,1,Stonebrooke Family Physicians,Pain & Other
"Bellisario MD, Ronald",A Munk MD,1,Stonebrooke Family Physicians,Spine
"Becker Mitzner DO, Katherine",B Mayo MD,1,Stonebrooke Family Physicians,Ortho
"Billes DO, Marsha W",P Bhullar MD,1,Corewell Medical Center - Redford,Ortho
"Bazzy NP, Mohammed",A Munk MD,1,Sterling Medical Center & Urgent Care,Spine
"Bauer MD, Michelle",K Bohm MD,1,MD VIP - Trenton,Hand
"Bassily DO, Tiffany Lynn",D Mendelson MD,1,Oakland Internal Medicine Associates - Henry Ford,Ortho
"Bartell MD, Stacey",K Bohm MD,1,iTest Health Family Medicine,Hand
"Baroff DO, Stewart",S Mendelson MD,1,MHP - West,Ortho
"Baroff DO, Stewart",P Bhullar MD,1,MHP - West,Ortho
"Baroff DO, Stewart","K Green, DPM",1,MHP - West,Foot
"Barnett DO, Ronald",B Mayo MD,1,Epic Health - St Clair Shores,Ortho
"Barad MD, Anjana",A Mendelson MD,1,Providence Family & Athletic Medicine,Ortho
"Banks MD, Hermann",J Varghese MD,1,Hermann Banks MD PC,Spine
"Bazzy, Mohammed Nader",B Mayo MD,1,Sterling Medical Center & Urgent Care,Ortho
"Bickle DO, Randall A",K Bohm MD,1,Freedom Medical Clinic (Trinity),Hand
"Bhatia MD, Kamaljeet",K Lee MD,1,DEDICATED SENIOR MEDICAL CENTER - Southfield,Pain & Other
"Bhatia MD, Kamaljeet","K Green, DPM",1,DEDICATED SENIOR MEDICAL CENTER - Southfield,Foot
"Bharathan PA, Mayuri",M Salar MD,1,Be Well Medical Center,Spine
"Bhagavatula MD, Kavitha",J B Klein DPM,1,,Foot
"Beydoun FNP, Luma",P Bhullar MD,1,,Ortho
"Betcher DO, Jason",J Yacisen MD,1,River District Family Practice (Henry Ford) - St. Clair,Pain & Other
"Betcher DO, Jason",B Kassa DO,1,River District Family Practice (Henry Ford) - St. Clair,Pain & Other
"Berry MD, Neesha R",P Bhullar MD,1,Berry Johnson Health,Ortho
"Benson DO, Paul A",B Mayo MD,1,Be Well Medical Center,Ortho
"Berry MD, Neesha R","K Green, DPM",1,Berry Johnson Health,Foot
"Bernhard MD, Clint",D Mendelson MD,1,Henry Ford Health - Family Medicine 8 Mile Livonia,Ortho
"Bernard NP, Kywona",M Salar MD,1,DEARBORN PEDIATRICS,Spine
"Berman NP, Hannah R",B Mayo MD,1,Dynamic Healthcare,Ortho
Berkley Urgent Care,S McCarty,1,Berkley Urgent Care,Spine
Berkley Urgent Care,"K Sorensen, DPM",1,Berkley Urgent Care,Foot
Berkley Urgent Care,K Bohm MD,1,Berkley Urgent Care,Hand
"Benson, Paul",S Mendelson MD,1,Be Well Medical Center,Ortho
"Benson DO, Paul A",S Mendelson MD,1,Be Well Medical Center,Ortho
"Benson DO, Paul A",D Mendelson MD,1,Be Well Medical Center,Ortho
"Berry MD, Neesha R","K Sorensen, DPM",1,Berry Johnson Health,Foot
"KOTSIS DO, ANDREW",B Mayo MD,1,Grosse Pointe Physicians and Surgeons,Ortho
"KONERU MD, LALITHA",A Munk MD,1,Macomb Physicians Group,Spine
"KOHLENBERG MD, MATTHEW",K Lee MD,1,IHA Plymouth Primary Care,Pain & Other
"KISSEL DPM, BRIAN",A Oddo DO,1,Foot & Ankle Specialists of Southeast Michigan - Warren,Pain & Other
KEVIN SEIFERHELD,S Mendelson MD,1,Michigan Auto Law,Ortho
"KARMO MD, DILLON",K Bohm MD,1,Corewell Internal Medicine Southfield,Hand
"Junn, Fredrick S",K Lee MD,1,,Pain & Other
"Jones, Lisa",M Salar MD,1,Premier Medicine Medical Center - Livonia,Spine
"Johnstone MD, Cheryl Anne",M Salar MD,1,Medical Clinic of Northville,Spine
"Ferraiuolo NP, Diana F",A Oddo DO,1,,Pain & Other
"Johnston PA-C, Ryan",S McCarty,1,North Valley Internal Medicine,Spine
"Johnson MD, Valerie",K Bohm MD,1,Corewell Health Family Medicine - Farmington Hills,Hand
"Jesser, Emily DPT",B Mayo MD,1,Ivy Rehab - Novi,Ortho
"Jesser DPT, Emily",B Mayo MD,1,Ivy Rehab - Novi,Ortho
"Jayakar MD, Shaun M",S Mendelson MD,1,Shaun Jayakar MD,Ortho
"Jayakar MD, Shaun M",J Yacisen MD,1,Shaun Jayakar MD,Ortho
"Jayakar MD, Shaun M",B Mayo MD,1,Shaun Jayakar MD,Ortho
"Jayakar MD, Shaun",P Bhullar MD,1,Shaun Jayakar MD,Ortho
"Jarodiya, Babubhai",K Bohm MD,1,Levan Internists,Hand
"Jarodiya MD, Babu",S Mendelson,1,Levan Internists,Ortho
"Johnstone MD, Cheryl Anne",J Mendelson MD,1,Medical Clinic of Northville,Ortho
"Khan DO, Afshan",B Mayo MD,1,Dedicated Senior Medical Center - Warren,Ortho
"Khader MD, Talal",M Salar MD,1,FAITH PRIMARY CARE,Spine
"Kennedy DO, Colleen",B Kassa DO,1,Colleen Kennedy DO,Pain & Other
"Kendall MD, Ada",K Bohm MD,1,Providence Park Pediatrics - Novi,Hand
"Katial MD, Vaishali",K Bohm MD,1,IHA Family Medicine,Hand
"Kastl MD, Stacey",A Oddo MD,1,Stonebrooke Family Physicians,Pain & Other
"Karoub MD, Carl","R Leff, DPM",1,Frederick Karoub MD PC,Foot
"Karle MD, David E",S Mendelson MD,1,Henry Ford-PROVIDENCE PARK LIVONIA FAMILY MEDICINE,Ortho
"Karle MD, David E",J Mendelson MD,1,Henry Ford-PROVIDENCE PARK LIVONIA FAMILY MEDICINE,Ortho
"KOTSIS DO, ANDREW",D Mendelson MD,1,Grosse Pointe Physicians and Surgeons,Ortho
"Kambhatla MD, Sujata",J Maslak MD,1,"APOLLO HEALTH SERVICES, PC",Spine
"Kamath MD, Clara",P Bhullar MD,1,Office of Clara Kamath Wood MD,Ortho
"Kamath MD, Clara",J Yacisen MD,1,Office of Clara Kamath Wood MD,Ortho
"Kalabat FNP-BC, Amber S",S McCarty,1,Epic Healthcare - Southfield,Spine
"Kado MD, Hadeel",B Mayo MD,1,Troy Primary Care,Ortho
"Kadhim, Wassan",D Mendelson MD,1,DEDICATED SENIOR MEDICAL CENTER - Southfield,Ortho
"KRISHNAMOORTHY, MADHUMITHA",S McCarty,1,NextGen Vitality,Spine
"KRISHNAMOORTHY MD, MADHUMITHA",S McCarty,1,NextGen Vitality,Spine
"KREIT MD, RIM",K Bohm MD,1,Henry Ford Family Medicine - Shelby Twp,Hand
"KOTSIS DO, ANDREW",P Bhullar MD,1,Grosse Pointe Physicians and Surgeons,Ortho
"Kapadia MD, Daniel",K Bohm MD,1,MEDPRO PRIMARY CARE - Waltz Rd,Hand
Ivan Ankwatsa- Pryde Athletics,B Mayo MD,1,,Ortho
Ivan Ankwatsa - Pryde Athletics,B Mayo MD,1,,Ortho
"Iskander MD, Josephine",S Mendelson MD,1,Office of Josephine A. Iskander MD,Ortho
"Iskander MD, Josephine",M Salar MD,1,Office of Josephine A. Iskander MD,Pain & Other
"Ishaqsei MD, Wahed",S Mendelson MD,1,Allied Internists,Ortho
"Isham MD, Christopher","R Leff, DPM",1,Excel Health,Foot
"Irby- Johnson MD, NiJuanna","R Leff, DPM",1,Berry Johnson Health,Foot
"Irby Johnson, NiJuanna","R Leff, DPM",1,Berry Johnson Health,Foot
"Irby Johnson MD, Nijuanna","K Sorensen, DPM",1,Berry Johnson Health,Foot
"Jarodiya MD, Babu",P Bhullar MD,1,Levan Internists,Ortho
"Irby Johnson MD, NiJuanna",F Leff DPM,1,Berry Johnson Health,Foot
Imlay City Urgent Care,G Jerry MD,1,Total Urgent Care - Imlay City,Ortho
"Ilayan, Samer A","K Green, DPM",1,Premier Internists - Suite 180,Foot
IEP Urgent Care Southfield,J B Klein DPM,1,IEP urgent care Southfield,Foot
"Hussein NP,  Alan",S Mendelson MD,1,Village Medical - Northville West,Ortho
"Hudock MD, Steven M",B Mayo MD,1,Macomb Physicians Group,Ortho
"Huber MD, Yosef Yitzchok",D Mendelson MD,1,APH - Pavillion IM Use this one,Ortho
"Howell MD, Terry",S Mendelson MD,1,"TERRY D HOWELL, MD, PC",Ortho
"Hopman MD, Eileen",J Varghese MD,1,Bay Area Family Physicians,Spine
"Holowinski MD, Mark",S Mendelson MD,1,Roseville Family Practice,Ortho
"Irby Johnson MD, NiJuanna","K Sorensen, DPM",1,Berry Johnson Health,Foot
"Jarodiya MD, Babu",K Lee MD,1,Levan Internists,Pain & Other
"Jarodiya MD, Babu",K Bohm MD,1,Levan Internists,Hand
"Jarodiya MD, Babu",J Mendelson MD,1,Levan Internists,Ortho
"Jarodiya MD, Babu",J B Klein DPM,1,Levan Internists,Foot
"Jarodiya MD, Babu",D Mendelson MD,1,Levan Internists,Ortho
"Jarad MD, John I",J Yacisen MD,1,,Ortho
"James PTA, Amanda",B Mayo MD,1,Plymouth physical therapy services,Ortho
"James DO, Gary",J Yacisen MD,1,Wadhams Family Care,Ortho
"James DO, Gary",G Jerry MD,1,Wadhams Family Care,Ortho
Ivan Ankwatsa-Pryde Athletics,S Mendelson MD,1,,Ortho
"Jain MD, Alka",S McCarty,1,"COMMERCE PRIMARY CARE, PC",Spine
"Jaddou MD, Neil",P Bhullar MD,1,Somerset Family Medicine - Sterling Heights,Ortho
"Jaddou MD, Neil",K Bohm MD,1,Somerset Family Medicine - Sterling Heights,Hand
"Jacob MbChB, Laith J",S McCarty,1,Faith Internal Medicine & Urgent Care,Spine
"Jacob MbChB, Laith J",J Maslak MD,1,Faith Internal Medicine & Urgent Care,Spine
"Jacob MbChB, Laith J",J B Klein DPM,1,Faith Internal Medicine & Urgent Care,Foot
"Jacob MD, Laith",D Mendelson MD,1,Faith Internal Medicine & Urgent Care,Ortho
"Jackson MD, M David",K Bohm MD,1,Rehabilitation Physicians - Howell,Hand
"Jackson DO, Paul",P Bhullar MD,1,Village Medical - Livonia,Ortho
"JEUNG, DANIEL",K Bohm MD,1,"Trinity Health IHA Medical Group, Primary Care - Ann Arbor",Hand
Jake Souva DPT,B Mayo MD,1,Souva PT and Performance,Ortho
"Lauder MD, Nehman","K Green, DPM",1,Troy Health Center,Foot
"Larcher, Nadine",D Mendelson MD,1,OAK STREET HEALTH CHERRY HILL,Ortho
"Larcher, Nadine",A Mendelson MD,1,OAK STREET HEALTH CHERRY HILL,Ortho
"Larcher NP, Nadine",S Mendelson MD,1,OAK STREET HEALTH CHERRY HILL,Ortho
"Larcher NP, Nadine",K Lee MD,1,OAK STREET HEALTH CHERRY HILL,Pain & Other
"Larcher NP, Nadine",K Bohm MD,1,OAK STREET HEALTH CHERRY HILL,Hand
"Larcher NP, Nadine",J Varghese MD,1,OAK STREET HEALTH CHERRY HILL,Spine
"Langnas DO, Gary",D Mendelson MD,1,MHP Internal Medicine,Ortho
"Laming, Christie S",A Munk MD,1,Lexington Family Medicine,Spine
"Khan DO, Afshan",K Bohm MD,1,Dedicated Senior Medical Center - Warren,Ortho
Lakes Urgent Care,S McCarty,1,Lakes Urgent Care - Livonia,Spine
Lakes Urgent Care,M Salar MD,1,Lakes Urgent Care - Livonia,Spine
Lakes Urgent Care,"K Green, DPM",1,Lakes Urgent Care - Livonia,Foot
"LIPPITT MD,  DENISE","R Leff, DPM",1,"MEDICAL CENTER PEDIATRICS, PLLC",Foot
LAKES URGENT CARE,S Mendelson MD,1,Lakes Urgent Care - Livonia,Ortho
LAKES URGENT CARE,L PAClinic,1,Lakes Urgent Care - Livonia,PA / Mid-Level
LAKES UC,K Bohm MD,1,Lakes Urgent Care - Livonia,Hand
LAKE URGENT CARE,P Bhullar MD,1,Springfield Urgent Care - White Lake,Ortho
"Kut, Patrick",G Jerry MD,1,Patrick Kut MD PC,Ortho
"Kurzawa MD, Mark R",D Mendelson MD,1,Normandy Family Practice,Ortho
Lakes Urgent Care Livonia,S Mendelson MD,1,Lakes Urgent Care - Livonia,Ortho
"Lisowsky DO, Taras",J Mendelson MD,1,MI Family Practice,Ortho
"Lisowsky DO, Taras",B Mayo MD,1,MI Family Practice,Ortho
"Lipson MD, Peter",S Mendelson MD,1,Premier Internists - Suite 180,Ortho
"Lipson MD, Peter","K Sorensen, DPM",1,Premier Internists - Suite 180,Foot
"Lipski DO, Robin L",K Bohm MD,1,Dr. Robin’s Heath and Wellness Center,Hand
"Lipnik MD, Lawrence J",A Mendelson MD,1,,Ortho
"Lim DO, Lorenzo Ray Mata",J Mendelson MD,1,Pavilion Family Practice - use this one,Ortho
"Likes MD, Keerteshwrya",P Bhullar MD,1,PEDIATRIC AND ADOLESCENT CARE ASSOCIATES,Ortho
"Lick MD, David D",J Yacisen MD,1,Beaumont Family Medicine - Sterling Heights,Ortho
"Learner DO, James M",K Lee MD,1,Oakland Internal Medicine Associates - Henry Ford,Pain & Other
"Lewis MD, Raja",B Mayo MD,1,Hope Medical Center,Ortho
"Lewan DO, Elizabeth Ann",B Mayo MD,1,,Ortho
"Levy MD, Lili",K Bohm MD,1,Providence Park Pediatrics - Novi,Hand
"Levy FNP-BC, Michelle",K Bohm MD,1,"TENNY INTERNAL MEDICINE, PLLC",Hand
"Levine DC, Richard",P Bhullar MD,1,Levine Clinic of Chiropractic,Ortho
"Leuchter MD, William","R Leff, DPM",1,Neurology Consultants of Southfield,Foot
"Leff DO , Carrie",R Leff DPM,1,HENRY FORD WALK IN CLINIC,Foot
"Lefere PT, Nicholas",M Salar MD,1,Plymouth physical therapy services,Spine
"Lee MD, Mary S",S McCarty,1,"MARY LEE, MD, PC",Spine
"Lee MD, Mary S",K Lee MD,1,"MARY LEE, MD, PC",Pain & Other
"Lewis MD, Raja",J Mendelson MD,1,Hope Medical Center,Ortho
"Kohli MD, Vinod",B Mayo MD,1,Health Care Medical Center,Ortho
"Kodali MD, Pooja","K Green, DPM",1,Frank Lanzilote DO-Family Practice,Foot
"Kodali MD, Pooja",J Mendelson MD,1,Frank Lanzilote DO-Family Practice,Ortho
"Kodali MD, Pooja",H Singh MD,1,Frank Lanzilote DO-Family Practice,Pain & Other
"Kodali MD, Pooja",A Mendelson MD,1,Frank Lanzilote DO-Family Practice,Ortho
"Kobeissi PA, Lamis",K Bohm MD,1,,Hand
"Kobeissi PA, Lamis",B Mayo MD,1,,Ortho
"Kloski, Rachel N",A Munk MD,1,Lakeview Medical Center,Spine
"Kloski PA-C, Rachel N",K Bohm MD,1,Lakeview Medical Center,Hand
"Kurjakovic PA-C, Amar","K Sorensen, DPM",1,Macomb Medical Clinic,Foot
"Kloski PA-C, Rachel N",D Mendelson MD,1,Lakeview Medical Center,Ortho
"Klink DO, Michelle",S Mendelson MD,1,Trinity IHA Primary Care - Schoolcraft Campus,Ortho
"Klink DO, Michelle",S McCarty,1,Trinity IHA Primary Care - Schoolcraft Campus,Spine
"Klausner MD, Mitchell","R Leff, DPM",1,Internal Medicine Physicians #170,Foot
"Kinner DO, Carolann",S McCarty,1,"DIAB AND KINNER INTERNAL MEDICINE, PC- use",Spine
"King DPT, Seth",B Mayo MD,1,Limitless Physical Therapy and Performance,Ortho
"Khater MD, Mona",S Mendelson MD,1,Schoenherr Parkway Family Practice,Ortho
"Khater MD, Mona",M Salar MD,1,Schoenherr Parkway Family Practice,Spine
"Khater MD, Mona",D Mendelson MD,1,Schoenherr Parkway Family Practice,Ortho
"Khan MD, Ashraf",K Lee MD,1,McLaren Oakland Center for Spine & Pain Management,Pain & Other
"Kloski PA-C, Rachel N",J Mendelson MD,1,Lakeview Medical Center,Ortho
"Abdo MD, Basil",K Bohm MD,1,ARBOR LANE FAMILY PHYSICIANS,Hand
"Kurjakovic PA-C, Amar",J Mendelson MD,1,Macomb Medical Clinic,Ortho
"Kurjakovic PA-C, Amar",B Mayo MD,1,Macomb Medical Clinic,Ortho
"Kulairi MD, Zain",J B Klein DPM,1,Henry Ford Academic Internal Medicine,Foot
"Krueger, Kelly",K Bohm MD,1,Internal Medicine & Primary Care Specialists- 1010,Hand
"Krueger DO, Kelly",J Mendelson MD,1,Internal Medicine & Primary Care Specialists- 1010,Ortho
Kristen Jones,B Mayo MD,1,Beaumont Pediatrics - Farmington,Ortho
"Kranz, Zachary",J Yacisen MD,1,Oakland Family Practice,Ortho
"Kranz DO, Zachary",M Salar MD,1,Oakland Family Practice,Spine
"Kohli MD, Vinod",J Yacisen MD,1,Health Care Medical Center,Spine
"Kranz DO, Zachary",J B Klein DPM,1,Oakland Family Practice,Foot
"Kranz DO, Zachary",B Mayo MD,1,Oakland Family Practice,Ortho
"Kraft DO, Jeffrey A",S Mendelson MD,1,Ryan Medical Associates,Ortho
"Kraft DO, Jeffrey A",J Mendelson MD,1,Ryan Medical Associates,Ortho
"Koza MD, Heather",M Salar MD,1,Legacy Family Care,Spine
"Kotsonis DO, Steven",J Varghese MD,1,Silver Pine Medical Group - Sterling Heights,Spine
"Koss, Marcus",K Bohm MD,1,ESSENTIAL CARE FAMILY MEDICINE,Hand
"Koss, Marcus",D Mendelson MD,1,ESSENTIAL CARE FAMILY MEDICINE,Ortho
"Koss MD, Marcus",J Mendelson MD,1,ESSENTIAL CARE FAMILY MEDICINE,Ortho
"Koneru, Srinivas",K Bohm MD,1,Pioneer Medical Associates - Warren,Hand
"Kranz DO, Zachary",J Maslak MD,1,Oakland Family Practice,Spine
Get Well Urgent Care - Sterling Heights,K Bohm MD,1,Get Well Urgent Care - Sterling Heights,Hand
Get Well Urgent Care - Shelby,D Mendelson MD,1,Get Well Urgent Care of Shelby,Ortho
Get Well Urgent Care - Madison Heights,D Mendelson MD,1,Get Well Urgent Care Madison Heights,Ortho
Get Well Urgent Care - Madison Heights,A Munk MD,1,Get Well Urgent Care Madison Heights,Spine
Get Well Urgent Care,S Mendelson MD,1,Get Well Urgent Care,Ortho
Get Well Southfield,"K Sorensen, DPM",1,Get Well Urgent Care Southfield,Foot
"George MD, Imad",S Mendelson MD,1,Imad George MD P.C. MHP,Ortho
"George MD, Imad",J B Klein DPM,1,Imad George MD P.C. MHP,Foot
"Gennaoui MD, Habib G",J Mendelson MD,1,John R Medical Clinic,Ortho
"Holowinski MD, Mark",B Mayo MD,1,Roseville Family Practice,Ortho
"Geevarghese MD, Roby J",K Bohm MD,1,Prism Medical Group - Family Medicine Ste 240,Hand
"Geevarghese MD, Roby",S Mendelson MD,1,Prism Medical Group - Family Medicine Ste 240,Spine
"Gatla MD, Srinivas",D Mendelson MD,1,Downriver Internists,Ortho
"Gatla MD, Srinivas",A Mendelson MD,1,Downriver Internists,Ortho
"Gandhi MD, Hetal",J Mendelson MD,1,Synergy Medical Primary Care,Ortho
"Gandhi MD, Hetal",J B Klein DPM,1,Synergy Medical Primary Care,Foot
"Gandhi MD, Hetal",H Singh MD,1,Synergy Medical Primary Care,Pain & Other
"Gandhi MD, Hetal",D Mendelson MD,1,Synergy Medical Primary Care,Ortho
"Gandhi MD, Hetal",A Oddo DO,1,Synergy Medical Primary Care,Pain & Other
"Gandhi MD, Hetal",A Mendelson MD,1,Synergy Medical Primary Care,Ortho
"Gennaoui MD, Habib",S Mendelson MD,1,John R Medical Clinic,Ortho
"Godbole MD, Ajey V",J Maslak MD,1,Brentwood Pediatric Associates,Spine
"Godbold MD, Henri",S McCarty,1,"WAYNE COMMUNITY HEALTH CENTERS, INC",Spine
"Go MD, Lily",P Bhullar MD,1,Corewell Health Wayne Hospital Internal Medicine - Canton,Ortho
"Go MD, Lily","K Green, DPM",1,Corewell Health Wayne Hospital Internal Medicine - Canton,Foot
"Gleesing DO, Ryan",K Bohm MD,1,Cornerstone Garfield Family Practice - Ascension,Hand
"Gleesing DO, Ryan",J B Klein DPM,1,Cornerstone Garfield Family Practice - Ascension,Foot
"Gleesing DO, Ryan",B Kassa DO,1,Cornerstone Garfield Family Practice - Ascension,Pain & Other
"Glazer Zucker DO, Michelle",A Oddo DO,1,Oakland Family Practice,Pain & Other
"Glazer DC, Shelby R",S Mendelson MD,1,Glazer Spine Center- use,Ortho
Get Well Urgent Care Dearborn,P Bhullar MD,1,,Ortho
"Giannola MD, Joseph V",B Mayo MD,1,Henry Ford Health - Family Medicine 8 Mile Livonia,Ortho
"Ghioto DO, Jeffrey D",B Mayo MD,1,Corwell Health - Farmington,Ortho
"Ghioto DO, Jeffrey D",A Mendelson MD,1,Corwell Health - Farmington,Ortho
"Ghazi MD, Samina Ansar",J Mendelson MD,1,"GHAZI, SAMINA A, MEDICAL GROUP",Ortho
"Ghani MD, Nesrene",B Mayo MD,1,Schaefer Medical,Ortho
Getwell Urgent Care- Madison Heights,A Munk MD,1,,Spine
Get well UC SF,J B Klein DPM,1,Get Well Urgent Care Southfield,Foot
Get Well Urgent Care Warren,K Bohm MD,1,Get Well Urgent Care - Warren,Hand
Get Well Urgent Care Warren,J Yacisen MD,1,Get Well Urgent Care - Warren,Ortho
Get Well Urgent Care Madison Heights,J Mendelson MD,1,Get Well Urgent Care Madison Heights,Ortho
"Gillespie DPM, Rachel",M Salar MD,1,Preferred Medical Group,Spine
"Francu MD, Angelica",D Mendelson MD,1,GARDEN CITY FAMILY PHYSICIANS,Ortho
"Francu MD, Angelica",B Mayo MD,1,GARDEN CITY FAMILY PHYSICIANS,Ortho
"Francis MD, Peter J",P Bhullar MD,1,Northpointe Pediatrics,Ortho
"Francis DO, Michael",K Bohm MD,1,GROSSE POINTE PARK INTERNAL MEDICINE CENTER,Hand
"Fox MD, Sara Ann",J Yacisen MD,1,Waypointe Internal Medicine,Ortho
"Forman MD, Seth",K Bohm MD,1,WELL BEING PEDIATRICS,Hand
"Fitzgibbons MD, Kelly",K Bohm MD,1,Henry Ford Health - Family Medicine 8 Mile Livonia,Hand
"Fitzgibbons MD, Kelly",J Mendelson MD,1,Henry Ford Health - Family Medicine 8 Mile Livonia,Ortho
"Fisher MD, Jeffrey",B Mayo MD,1,Michigan Adult and Child Medicine,Ortho
"Gammons DO, Timothy",A Munk MD,1,Gammons Medical - Royal Oak,Spine
First Choice Urgent Care - Livonia,K Bohm MD,1,,Hand
"Finn MD, Jeffrey",J Varghese MD,1,HENRY FORD MEDICAL CENTER FARMINGTON ROAD INTERNAL MEDICINE,Spine
"Finazzo PA-C, Ashleigh",M Salar MD,1,MEDPRO PRIMARY CARE - Waltz Rd,Spine
"Finazzo PA-C, Ashleigh",J Varghese MD,1,MEDPRO PRIMARY CARE - Waltz Rd,Spine
"Ferris DO, Mary C",S Mendelson MD,1,"FERRIS, MARY C, MEDICAL GROUP",Ortho
"Ferris DO, Mary C",J Yacisen MD,1,"FERRIS, MARY C, MEDICAL GROUP",Ortho
"Ferris DO, Mary C",J Mendelson MD,1,"FERRIS, MARY C, MEDICAL GROUP",Ortho
"Ferrarer-Blair MD, Hilda",P Bhullar MD,1,Henry Ford Family Medicine/Internal Medicine  - Novi,Ortho
"Ferraiuolo NP, Diana F",S Mendelson MD,1,,Ortho
"Ferraiuolo NP, Diana F",D Mendelson MD,1,,Ortho
"Fischgrund MD, Jeffrey","K Sorensen, DPM",1,Michigan Orthopedic Surgeons- Southfield,Foot
"Gamalski DO, Joseph",P Bhullar MD,1,Troy Internal Medicine,Ortho
"Gaind MD, Mala",K Bohm MD,1,Providence Park Pediatrics - Novi,Hand
"GRAY MD, MARTHA (ZOC DOC)",B Mayo MD,1,Partners in internal medicine,Ortho
"GIANCOLA PA, DAVID",S Mendelson MD,1,Macomb Medical Clinic,Ortho
GET WELL UC  STERLING HEIGHT,J Yacisen MD,1,Get Well Urgent Care - Sterling Heights,Ortho
"GARZA DO, MATTHEW",S McCarty,1,MI Family Practice,Spine
"GARZA DO, MATTHEW",K Bohm MD,1,MI Family Practice,Hand
"GARZA DO, MATTHEW",J Varghese MD,1,MI Family Practice,Spine
"GARZA DO, MATTHEW",J Mendelson MD,1,MI Family Practice,Ortho
"Francu MD, Angelica",K Bohm MD,1,GARDEN CITY FAMILY PHYSICIANS,Hand
"GARZA DO, MATTHEW",A Munk MD,1,MI Family Practice,Spine
"GAIND MD, MALA",S McCarty,1,Providence Park Pediatrics - Novi,Spine
"GAIND MD, MALA",L PAClinic,1,Providence Park Pediatrics - Novi,PA / Mid-Level
"Fukala, Monica",D Mendelson MD,1,Premier Medicine Medical Center - Livonia,Ortho
"Fukala NP, Monica",S McCarty,1,Premier Medicine Medical Center - Livonia,Spine
"Friedman MD, Paul B",B Mayo MD,1,,Ortho
"Freydl DO, Karl",J B Klein DPM,1,Michigan Head & Spine Institute - Novi,Foot
"Fretz DO, Jennifer",S Mendelson MD,1,MD VIP - Trenton,Ortho
"French DO, Katherine Zwark",P Bhullar MD,1,Clarkston Medical Group Adult & Pediatric Medicine,Ortho
"Frantz NP, Sydne",S McCarty,1,"COMMERCE PRIMARY CARE, PC",Spine
"GARZA DO, MATTHEW",D Mendelson MD,1,MI Family Practice,Ortho
Henry Ford Go Health,D Mendelson MD,1,Henry Ford Go Health Urgent Care,Ortho
Hazel Park Urgent Care,J B Klein DPM,1,Jawad Agha MD - Hazel Park Urgent Care,Foot
"Haverman MD, Jessica",B Mayo MD,1,,Ortho
"Hatta MD, Ami",B Mayo MD,1,Kids First Pediatrics,Ortho
"Hasso MD, Maha",S Mendelson MD,1,Elite Family Medicine,Ortho
"Hasso MD, Maha",D Mendelson MD,1,Elite Family Medicine,Ortho
"Hashemian MD, Sara",J B Klein DPM,1,Partners in internal medicine,Foot
"Hashemian MD, Sara",A Mendelson MD,1,Partners in internal medicine,Ortho
"Hasbany MD, Robert",S McCarty,1,Madison Medical Arts,Spine
"Godbole MD, Ajey V",J Mendelson MD,1,Brentwood Pediatric Associates,Ortho
"Harris MD, Angela",J Mendelson MD,1,"DEARBORN FAMILY CLINIC, PC",Ortho
"Haroutunian DO, Michael",B Mayo MD,1,Progressive Health Care,Ortho
"Haroutunian DO, Michael",A Mendelson MD,1,Progressive Health Care,Ortho
"Hanselman, Michael",G Jerry MD,1,Precise Chiropractic,Ortho
"Haney DO, James",P Bhullar MD,1,Superior Family Medicine - Health Venters Detroit -use this onea,Ortho
"Haney DO, James",D Mendelson MD,1,Superior Family Medicine - Health Venters Detroit -use this onea,Ortho
"Hames MD, Douglas",B Mayo MD,1,Office of Douglas Hames MD,Ortho
"Haller, Jeffrey","R Leff, DPM",1,Haller and Hug Internal Medicine,Foot
"Haller MD, Jeffrey",R Leff DPM,1,Haller and Hug Internal Medicine,Foot
"Haller MD, Jeffrey","K Sorensen, DPM",1,Haller and Hug Internal Medicine,Foot
"Hasaba MD, Hasan","K Green, DPM",1,GREENFIELD PEDIATRICS,Foot
"Hollowinski MD, Mark",J B Klein DPM,1,,Foot
"Hollowell MD, Sylvia Kristine",S McCarty,1,,Spine
"Hoisington MD, Melissa",S Mendelson MD,1,Providence Park Pediatrics - Novi,Ortho
"Hoffman, Keith",J Yacisen MD,1,Oakland Family Practice,Ortho
"Hoffman MSW, Keith",K Bohm MD,1,Oakland Family Practice,Hand
"Hoffman MSW, Keith",J Yacisen MD,1,Oakland Family Practice,Ortho
"Hoffman MSW, Keith",J Mendelson MD,1,Oakland Family Practice,Ortho
"Hoffman MSW, Keith",J B Klein DPM,1,Oakland Family Practice,Foot
"Hoffman MSW, Keith",D Mendelson MD,1,Oakland Family Practice,Ortho
Henry Ford Urgent Care - need location,B Mayo MD,1,,Ortho
"Hirsch DO, Ronald",B Kassa DO,1,Oakland Family Practice,Pain & Other
"Hirsch DO, Ronald",A Oddo DO,1,Oakland Family Practice,Pain & Other
"Hirch DO,  Ronald (Howard Dubin)",J Varghese MD,1,,Spine
"Hill PA-C, Stacie",G Jerry MD,1,Physician HealthCare Network Urgent Care and Walk In- Fort Gratiot,Ortho
"Hickling, David Robert",A Oddo DO,1,Michigan MSK Medicine - Clinton Township,Pain & Other
"Hichme MD, Jennifer L",J Yacisen MD,1,Silver Pine Medical Group - Sterling Heights,Ortho
"Hichme MD, Jennifer L",B Kassa DO,1,Silver Pine Medical Group - Sterling Heights,Pain & Other
"Hetzner DNP, Rachel",B Kassa DO,1,Oakland Family Practice,Pain & Other
"Hertz DO, Ronald",A Oddo DO,1,Henry Ford Main Internal Medicine - Grosse Pointe,Pain & Other
"Hernandez DO, Maridel A",G Jerry MD,1,Maridel Hernadez MD,Ortho
"Hoffman MSW, Keith",B Mayo MD,1,Oakland Family Practice,Ortho
"Green NP, Kevin",J B Klein DPM,1,Park Medical Centers,Foot
"Green NP, Kevin",B Mayo MD,1,Park Medical Centers,Ortho
"Gray MD, Martha",K Bohm MD,1,Partners in internal medicine,Hand
"Gould DO, Gregory",J Maslak MD,1,Gregory Gould DO,Spine
"Gorski MD, John",S McCarty,1,Surgeons Choice Medical Center,Spine
"Gormley MD, Matthew",K Bohm MD,1,Croswell Clinic - McKenzie Health System,Hand
"Gomez MD, Eliezer","R Leff, DPM",1,Dedicated Senior Medical Center - Warren,Foot
"Gomez MD, Eliezer",D Mendelson MD,1,Dedicated Senior Medical Center - Warren,(blank)
"Gomez MD, Eliezer",B Mayo MD,1,Dedicated Senior Medical Center - Warren,Ortho
"Haller MD, Jeffrey",H Singh MD,1,Haller and Hug Internal Medicine,Pain & Other
"Goldfaden MD, Amy","R Leff, DPM",1,Associates in Internal Medicine - MHP,Foot
"Golden MD, James","R Leff, DPM",1,Village Medical - Novi,Foot
"Golden MD, James",D Mendelson MD,1,Village Medical - Novi,Ortho
"Golden MD, James",A Mendelson MD,1,Village Medical - Novi,Ortho
"Gojcaj, Drita",J Varghese MD,1,,Spine
"Gogue, Paul L",J Mendelson MD,1,GOGUE PEDIATRICS,Ortho
"Godoshian MD, Charles G","R Leff, DPM",1,"CHARLES G GODOSHIAN, MD, PC",Foot
"Godoshian MD, Charles G",K Bohm MD,1,"CHARLES G GODOSHIAN, MD, PC",Hand
"Godbole MD, Ajey V",S Mendelson MD,1,Brentwood Pediatric Associates,Ortho
"Godbole MD, Ajey V",P Bhullar MD,1,Brentwood Pediatric Associates,Ortho
"Goldman DO, Seth A",K Bohm MD,1,Henry Ford Internists - Farmington Hills 150,Hand
"Hall MD, Jeffrey",B Kassa DO,1,Michigan Surgery Specialists  - Roseville,Pain & Other
"Hajjar MD, Riad Robert",J Yacisen MD,1,Internal Medicine Associates Port Huron,Ortho
"HUSSEIN, ALAN",P Bhullar MD,1,Village Medical - Northville West,Ortho
"HUSSEIN FNPC, ALAN",H Singh MD,1,Village Medical - Northville West,Pain & Other
HF Rochester Community,S McCarty,1,,Spine
"HAWKINS DO, JASON",M Salar MD,1,Rochester Medical Group,Spine
"HAMAMEH DO,  MAZEN",B Mayo MD,1,Premier Pediatrics Dearborn Heights,Ortho
"HAMAMEH DO,  MAZEN",A Mendelson MD,1,Premier Pediatrics Dearborn Heights,Ortho
"HAENER DO, JENNIFER",S Mendelson MD,1,Stonebrooke Family Physicians,Ortho
"Green NP, Kevin",J Maslak MD,1,Park Medical Centers,Spine
"HAENER DO, JENNIFER",J Varghese MD,1,Stonebrooke Family Physicians,Spine
"Gupta MD, Saurabh",S Mendelson MD,1,Saurabh Gupta MD,Ortho
"Gupta MD, Saurabh",K Bohm MD,1,Saurabh Gupta MD,Hand
"Grucz MD, Douglas",K Bohm MD,1,Corewell Health Wayne Hospital Family Medicine -  Canton,Spine
"Griffin Teich MD, Hailey",P Bhullar MD,1,,Ortho
"Green, Kevin",P Bhullar MD,1,Park Medical Centers,Ortho
"Green NP, Kevin",S Mendelson MD,1,Park Medical Centers,Ortho
"Green NP, Kevin",K Lee MD,1,Park Medical Centers,Pain & Other
"Green NP, Kevin",K Bohm MD,1,Park Medical Centers,Hand
"Green NP, Kevin",J Varghese MD,1,Park Medical Centers,Spine
"HAENER DO, JENNIFER","K Green, DPM",1,Stonebrooke Family Physicians,Foot
