referring_provider,mmc_person,mmc_company,mmc_company_id,match,match_note,book_tier,book_pl,book_cell,referrals_total,spine,ortho,hand,foot,pain_other,pa_mid-level,blank,telehealth,first_referral,last_referral,synergy_doctors_seen,kristen_pl_tag
Mike Morse,,Mike Morse Law Firm,2dd4a698-eeec-4552-98ba-d85b130bcc56,company name,,Tier 1,Kristen,Phone cadence,122,52,44,4,1,9,0,12,116,2026-01-05,2026-09-15,S McCarty [after telehealth] (4); J Maslak MD [after telehealth] (3); S Mendelson MD [after telehealth] (3); K Bohm MD (2),KJ
"Hesselberg DC, Jason Joseph",Jason Hesselberg DC,Hesselberg Chiropractic,83b9dec3-57ee-4777-b000-fcb1c228e6c7,person: first+last,,Tier 1,Kristen,K-A27,33,21,6,0,0,6,0,0,33,2026-01-02,2026-08-28,S McCarty [after telehealth] (5); J Varghese MD [after telehealth] (2); T Oddo [after telehealth] (1); S Mendelson MD [after telehealth] (1),KJ
"Rollins DO, William F","William Rollins DO,",Park Medical Centers - Canton,047f1f57-d796-4b0d-b2d0-b5d576ad50ea,person: first+last,,Tier 1,Jasmine,J-A09,18,12,5,0,1,0,0,0,0,2026-01-21,2026-09-23,S McCarty (5); M Salar MD (4); J Mendelson MD (2); J Maslak MD (2),JJ
"Green NP, Kevin",Kevin Green FNP,Park Medical Centers,92913d4d-edc4-462b-aecf-ef3f54198f09,person: first+last,"also at MAURA BAGOS, DO, PC — chosen by PL tag",Tier 1,Kristen,K-A29,23,8,11,1,1,2,0,0,1,2026-02-11,2026-09-22,P Bhullar MD (5); S McCarty (3); M Salar MD (3); J Mendelson MD (2),KJ
"Jarodiya MD, Babu",Babu Jarodiya MD,Levan Internists,1972528818,person: first+last,,Tier 1,Jasmine,J-A06,18,8,7,1,1,1,0,0,0,2026-01-26,2026-09-17,B Mayo MD (3); J Maslak MD (2); S McCarty (2); M Salar MD (2),JJ
"Machesky MD, Kelly K",Kelly Machesky MD,Schoenherr Family Practice,e9020844-6b2a-43b6-9416-51116e859cc2,person: first+last,,Tier 1,Coty,C-A03,7,6,1,0,0,0,0,0,0,2026-01-05,2026-05-26,S McCarty (3); J Maslak MD (2); M Salar MD (1); B Mayo MD (1),CO
"Rahbar MD, Mohamad","Mohamad Rahbar MD,",QuickDoc Urgent Care,20e3535a-e9f3-4760-9cd8-6e86789495da,person: first+last,,Tier 1,Jasmine,J-A03,6,6,0,0,0,0,0,0,0,2026-02-10,2026-08-06,M Salar MD (6),JJ
"Gandhi MD, Hetal",Hetal Gandhi MD,Synergy Medical Primary Care,5cb01f9c-faec-4c04-b600-f0eba085f6a3,person: first+last,,Tier 1,Jasmine,J-A07,16,5,6,2,1,2,0,0,0,2026-02-23,2026-09-23,B Mayo MD (3); J Varghese MD (3); K Bohm MD (2); S McCarty (2),JJ
"Ozog DO, Richard",Richard Ozog DO,Park Medical Centers,92913d4d-edc4-462b-aecf-ef3f54198f09,person: first+last,,Tier 1,Kristen,K-A29,15,5,6,3,1,0,0,0,0,2026-01-15,2026-08-28,K Bohm MD (3); B Mayo MD (3); S McCarty (2); M Salar MD (2),KJ
Ross Law,,Ross Law,86e7413a-57df-4cba-adee-c6d0a8e55b63,company name,,Tier 1,Kristen,Phone cadence,12,5,6,0,0,1,0,0,11,2026-04-30,2026-08-05,J Mendelson MD (1); S Mendelson MD [after telehealth] (1); J Varghese MD [after telehealth] (1),KJ
Applebaum and Stone,,Applebaum & Stone,89b27066-bd8f-45eb-b2ec-e3196a89a16c,company name,,Tier 1,Kristen,Phone cadence,9,5,3,1,0,0,0,0,8,2026-02-26,2026-08-07,J Varghese MD (1); S McCarty [after telehealth] (1),KJ
"Wanis MD, Magdy",Magdy Wanis MD,Lakeview Medical Center,64ed5116-24c0-4278-8d87-a7ca5f7d76c4,person: first+last,,Tier 1,Coty,C-A13,9,5,4,0,0,0,0,0,1,2026-01-05,2026-08-06,M Salar MD (4); S McCarty (1); S Mendelson MD (1); J Mendelson MD (1),CO
"Levine DC, Richard",Richard Levine DC,Levine Clinic of Chiropractic,e19f7675-d86b-445b-ad8d-c06409bfde92,person: first+last,,Tier 1,Kristen,K-A16,8,5,1,0,0,2,0,0,2,2026-02-05,2026-08-07,S McCarty (3); K Lee MD (2); P Bhullar MD (1); S McCarty [after telehealth] (1),KJ
"Antone MD, May",May Antone,Henry Ford Primary Care Center - 160,b6033c7f-ac4e-4957-b3b0-519077da6c8d,person: first+last,,Tier 1,Kristen,K-A16,6,5,1,0,0,0,0,0,1,2026-01-05,2026-08-21,J Maslak MD (4); D Mendelson MD (1); M Salar MD [after telehealth] (1),KJ
Lakes Urgent Care,,Lakes Urgent Care - Livonia,73107e68-fc7f-46d0-bef4-ee26e9dc0099,company name,,Tier 1,Jasmine,J-A06,42,4,26,8,4,0,0,0,0,2026-01-12,2026-09-25,K Bohm MD (8); B Mayo MD (7); S Mendelson MD (5); P Bhullar MD (5),JJ
MI Auto Law,,Michigan Auto Law,8bd62ae0-e836-472d-84f6-a85688fd5524,company name,,Tier 1,Kristen,Phone cadence,11,4,5,0,0,2,0,0,11,2026-04-23,2026-08-07,J Varghese MD [after telehealth] (1); S Mendelson MD [after telehealth] (1),KJ
"Francu MD, Angelica",Angelica Francu MD,GARDEN CITY FAMILY PHYSICIANS,be4c4280-49d5-443c-b413-3471ee753d27,person: first+last,,Tier 1,Kristen,K-A28,7,4,2,1,0,0,0,0,0,2026-01-12,2026-09-17,M Salar MD (2); J Maslak MD (2); B Mayo MD (1); K Bohm MD (1),KJ
Michigan Auto Law,,Michigan Auto Law,8bd62ae0-e836-472d-84f6-a85688fd5524,company name,,Tier 1,Kristen,Phone cadence,7,4,2,0,0,0,0,1,7,2026-04-16,2026-08-26,J Varghese MD [after telehealth] (2); J Maslak MD [after telehealth] (1); M Salar MD [after telehealth] (1),KJ
"Nassif MD, George Helmy",George Nassif MD,Office of George Nassif MD,1225209075,person: first+last,,Tier 1,Coty,C-A06,4,4,0,0,0,0,0,0,0,2026-03-06,2026-06-15,J Maslak MD (3); M Salar MD (1),KG
"Weathersby MD, Liza",Liza Weathersby MD,Beaumont Medical Center - Redford,03095e36-e586-4709-8cd8-440a98b9bcd7,person: first+last,,Tier 1,Kristen,K-A25,12,3,9,0,0,0,0,0,0,2026-01-08,2026-08-13,B Mayo MD (5); P Bhullar MD (3); J Maslak MD (1); S McCarty (1),KJ
"Askar MD, Maan A",Maan Askar MD,Maan Askar MD - 13 Mile,8bdecedc-33cd-4229-8467-d684f3b6242d,person: first+last,"AMBIGUOUS — also at Maan Askar MD - Hoover (Thursdays) (Prospect); no PL/credential/tier evidence, first in MMC order shown",Prospect,Coty,C-A11,11,3,6,1,0,1,0,0,0,2026-02-05,2026-08-17,M Salar MD (2); D Mendelson MD (2); J Yacisen MD (2); B Mayo MD (1),CO
Kajy Law,,Kajy Law,3b453978-15f0-429d-ab43-67d84178b21f,company name,,Tier 1,Kristen,Phone cadence,9,3,4,1,0,1,0,0,9,2026-03-12,2026-08-03,S Mendelson MD [after telehealth] (1),KJ
"Ajami DO, Samih Mike",Samih Ajami DO,CANTON FAMILY HEALTH LLC,3acfe2ff-d550-4785-99aa-a1ea91ef7da4,person: first+last,,Tier 1,Jasmine,J-A08,7,3,2,0,0,2,0,0,1,2026-04-17,2026-08-17,J Maslak MD (1); K Lee MD (1); J Varghese MD (1); S McCarty (1),JJ
"GARZA DO, MATTHEW",Matthew Garza DO,MI Family Practice,6aee51ce-625f-4968-96c5-5d9a6936bf27,person: first+last,,Tier 1,Coty,C-A10,6,3,2,1,0,0,0,0,0,2026-01-14,2026-09-16,D Mendelson MD (1); K Bohm MD (1); J Mendelson MD (1); A Munk MD (1),KG
"ARONOV DO, MARK",Mark Aronov DO,DMC PRIMARY AND SPECIALTY CARE WEST BLOOMFIELD,e1df3a06-b408-47d1-8333-8e5c30e7bc97,person: first+last,,Tier 1,Kristen,K-A14,5,3,0,1,0,1,0,0,0,2026-01-14,2026-08-21,S McCarty (3); K Bohm MD (1); K Lee MD (1),KJ
"Duvoor MD, Anu",Anu Duvoor MD,Macomb Internal Medicine,5271bbd8-dfe5-4d54-a0a2-f5547050cafe,person: first+last,,Tier 1,Kristen,K-A08,4,3,0,0,0,1,0,0,0,2026-05-04,2026-08-24,J Maslak MD (3); B Kassa DO (1),CO
"Matti MD, Vivian",Vivian Matti MD,Lily’s Medical Group,0aec7757-4391-42a3-94f2-3cfa9ea9aa99,person: first+last,,Tier 1,Kristen,K-A11,4,3,1,0,0,0,0,0,0,2026-07-29,2026-08-18,J Varghese MD (2); J Maslak MD (1); J Mendelson MD (1),KJ
Victor Valentino,Victor Valentino,Victor Valentino Law,740ceb33-170d-402e-b5c2-8c204cf2bdf4,person: first+last,,Tier 1,Kristen,Phone cadence,4,3,1,0,0,0,0,0,4,2026-03-27,2026-06-10,,KJ
"COOKE, CHRISTOPHER LEE",Christopher Cooke MD,DMC SPORTS MEDICINE NOVI,6e52135e-6cca-4482-9973-58d180f1dce7,person: first+last,also at DMC Orthopedics - Commerce Township (Tier 1) / DMC Orthopedics & Sports Medicine - Troy — chosen by PL tag,Tier 1,Jasmine,J-A01,3,3,0,0,0,0,0,0,0,2026-01-21,2026-06-19,S McCarty (3),JJ
"Genson DO, Brandon",Brandon Genson DO,North Valley Internal Medicine,063204da-544e-4bdd-a18b-f483a5c16ad9,person: first+last,,Tier 1,Coty,C-A07,3,3,0,0,0,0,0,0,0,2026-02-10,2026-08-14,S McCarty (3),CO
"Kodali MD, Pooja",Pooja Kodali DO,Frank Lanzilote DO-Family Practice,1d143d90-6122-41e7-ae14-c14d4e4317b4,person: first+last,,Tier 1,Jasmine,J-A04,33,2,22,5,1,3,0,0,1,2026-01-02,2026-09-24,P Bhullar MD (10); K Bohm MD (5); B Mayo MD (4); S Mendelson MD (3),JJ
"Pearson DO, Shanna",Shanna Pearson DO,Pulmonary & Medical Associates,dda630a5-9d61-49cd-bec6-61084e47ddb9,person: first+last,,Tier 1,Kristen,K-A19,13,2,8,0,3,0,0,0,0,2026-01-19,2026-09-03,D Mendelson MD (4); S McCarty (2); J B Klein DPM (2); J Yacisen MD (2),KJ
"Jacob MbChB, Laith J",Laith Jacob MD,Faith Internal Medicine & Urgent Care,677326d2-4ba2-4a49-a6f1-e7633a9a8401,person: first+last,,Tier 1,Coty,C-A14,11,2,6,2,1,0,0,0,0,2026-01-28,2026-09-02,B Mayo MD (4); K Bohm MD (2); P Bhullar MD (2); J B Klein DPM (1),CO
"Summers MD, Ross A","Ross A Summers MD,",Medical Clinic of Northville,ebcb6f7a-eb6b-4759-81d9-516e3dc36b67,person: first+last,,Tier 1,Kristen,K-A20,11,2,2,6,0,1,0,0,0,2026-01-08,2026-09-23,K Bohm MD (6); P Bhullar MD (1); B Mayo MD (1); S McCarty (1),KJ
"Simkow NP, Katie",Katie Simkow NP,Synergy Medical Primary Care,5cb01f9c-faec-4c04-b600-f0eba085f6a3,person: first+last,,Tier 1,Jasmine,J-A07,9,2,2,4,0,1,0,0,0,2026-02-11,2026-08-10,K Bohm MD (4); B Mayo MD (2); H Singh MD (1); M Salar MD (1),JJ
"Sturla MD, Amadeo R",Amadeo Sturla MD,NORLIVO INTERNAL MEDICINE,74262c96-dd4b-4b92-acd7-c43ebba4c04f,person: first+last,,Tier 1,Jasmine,J-A05,9,2,3,4,0,0,0,0,0,2026-02-24,2026-07-31,K Bohm MD (4); B Mayo MD (2); S McCarty (1); M Salar MD (1),JJ
"Vasiq MD, Muhammad",Muhammad Vasiq MD,Michigan Compassionate Care,33d0c0aa-7d47-450d-9673-71acb651321c,person: first+last,,Tier 1,Kristen,K-A17,7,2,3,1,1,0,0,0,0,2026-01-14,2026-05-11,A Munk MD (2); J Yacisen MD (2); K Bohm MD (1); B Mayo MD (1),KG
"Aliseo DPT, Andrea",Andrea Aliseo DPT,Ivy Rehab - Farmington,d1393500-eb13-4514-9e0b-427f872ffa8b,person: first+last,,Tier 1,Kristen,K-A22,6,2,2,0,2,0,0,0,0,2026-05-05,2026-09-08,S McCarty (3); B Mayo MD (2); P Bhullar MD (1),KJ
"Badreddine MD, Hamzah","Hamzah Badreddine, M.D.",Dedicated senior Medical Center Detroit North,85d28577-5be8-4372-8c7e-9a349c62e50d,person: first+last,also at DEIGHTON FAMILY PRACTICE - use this one (Tier 1) — chosen by PL tag,Tier 1,Jasmine,J-A02,5,2,0,0,0,3,0,0,0,2026-03-20,2026-08-17,K Lee MD (3); S McCarty (2),JJ
"Bellisario MD, Ronald",Ronald Bellisario MD,Stonebrooke Family Physicians,c9013f02-25d6-4df2-96f8-b4f1e9936878,person: first+last,,Tier 1,Kristen,K-A05,5,2,0,1,1,1,0,0,0,2026-01-05,2026-08-25,"M Salar MD (1); A Oddo DO (1); A Munk MD (1); R Leff, DPM (1)",KJ
"Agha MD, Hooman",Hooman B Agha MD,"AGHA INTERNAL MEDICINE AND ASSOCIATES, PC",85fd21cb-8cbc-4ead-9b3d-0cdbecdf7638,person: first+last,,Tier 1,Kristen,K-A24,4,2,2,0,0,0,0,0,0,2026-01-22,2026-08-26,D Mendelson MD (1); S McCarty (1); P Bhullar MD (1); M Salar MD (1),KJ
"Bully MD, Tammie",Tammie Bully,Bully Family Physicians,1841257029,person: first+last,,Tier 2,Kristen,K-A18,4,2,1,0,0,1,0,0,0,2026-03-12,2026-08-19,S McCarty (2); B Mayo MD (1); K Lee MD (1),KJ
Christensen Law,,Christensen Law,1ddf5ef9-8562-4164-9faa-60a49c6aa066,company name,,Tier 1,Kristen,Phone cadence,4,2,2,0,0,0,0,0,4,2026-04-02,2026-09-09,J Varghese MD [after telehealth] (1),KJ
"Kranz DO, Zachary","Zachary Kranz, DO",Oakland Family Practice,13ba57d5-6bc6-4d44-8d40-efd8e7131d2e,person: first+last,,Tier 1,Kristen,K-A13,4,2,1,0,1,0,0,0,0,2026-01-07,2026-07-20,J Maslak MD (1); B Mayo MD (1); M Salar MD (1); J B Klein DPM (1),KJ
"Sharma MD, Bhupesh",Bhupesh Sharma MD,"FAMILY CARE CENTER OF HAMTRAMCK, PC",f4a7f5a0-d8e0-49ff-874a-04f12057fc5f,person: first+last,,Tier 1,Kristen,K-A23,4,2,2,0,0,0,0,0,1,2026-03-20,2026-08-12,B Mayo MD (1); J Mendelson MD (1); J Varghese MD (1),KJ
"Soskina MD, Yeva","Yeva Soskina MD,",Carson Center Specialty,fe708f7e-ac39-4cb4-91fb-ef244909b360,person: first+last,,Tier 1,Kristen,K-A18,4,2,2,0,0,0,0,0,0,2026-01-12,2026-09-03,J Maslak MD (2); P Bhullar MD (1); S Mendelson MD (1),KJ
MI AUTO LAW,,Michigan Auto Law,8bd62ae0-e836-472d-84f6-a85688fd5524,company name,,Tier 1,Kristen,Phone cadence,3,2,1,0,0,0,0,0,2,2026-04-30,2026-05-01,S McCarty (1),KJ
"Nerga MD, Alicja Bernarda",Alicja Nerga MD,Metro Medical Practice,60-080-4525,person: first+last,,Tier 1,Kristen,K-A13,3,2,1,0,0,0,0,0,0,2026-01-22,2026-03-26,M Salar MD (2); J Mendelson MD (1),KJ
"SALEM MD, FARAH",Farah Salem MD,Hoover Primary Care Medical Group,d2472b07-69ea-403b-b954-d5d8227b1364,person: first+last,,Tier 1,Kristen,K-A17,3,2,1,0,0,0,0,0,0,2026-07-22,2026-08-25,M Salar MD (2); D Mendelson MD (1),KJ
"Shefferly PA-C, Sommer",Sommer Shefferly PA,Powers Family Medicine,00-761-7874,person: first+last,,Tier 1,Kristen,K-A22,3,2,1,0,0,0,0,0,0,2026-04-15,2026-09-16,M Salar MD (2); P Bhullar MD (1),KJ
"Swetech DO, Jonathan",Jonathan Swetech DO,Swetech Medical Center,1255427209,person: first+last,,Tier 1,Kristen,K-A08,3,2,0,0,0,1,0,0,1,2026-02-09,2026-07-22,J Varghese MD (2),KJ
"Tobin DO, Keith M","Keith M Tobin DO,",Livonia Family Medical Center,68ceff67-99ac-4ef7-a162-918f93bbdf38,person: first+last,,Tier 1,Jasmine,J-A07,3,2,1,0,0,0,0,0,0,2026-05-05,2026-08-17,S McCarty (2); D Mendelson MD (1),JJ
"Wang PA, Hui",Hui (Harry) Wang PA-C,Brigid Healthcare,63bf16ad-3645-45fb-8f1d-e1eb3a131efc,person: first+last,,Tier 1,Kristen,K-A10,3,2,1,0,0,0,0,0,1,2026-01-22,2026-04-17,S Mendelson MD (1); M Salar MD (1),KG
"Weber PA, Jaclyn",Jaclyn Weber PA,MedPro Primary Care,eebb725b-b031-43b9-a3d7-bfa83d77bc18,person: first+last,also at MEDPRO PRIMARY CARE - Waltz Rd (Tier 1) — chosen by PL tag,Tier 1,Kristen,K-A21,3,2,1,0,0,0,0,0,0,2026-02-11,2026-03-05,J Mendelson MD (1); S McCarty (1); J Varghese MD (1),KJ
"Balysh DO, Erica",Erica Balysh DO,Lifetime Family Care,b70053c3-f0fd-41de-9386-95fcc448a738,person: first+last,,Tier 1,Kristen,K-A23,2,2,0,0,0,0,0,0,0,2026-01-22,2026-01-22,M Salar MD (2),KJ
"Banks, Hermann Darwin",Hermann Banks MD,Hermann Banks MD PC,31597599-5a74-4f7a-8cb0-0ebbb4b41303,person: first+last,,Tier 1,Kristen,K-A28,2,2,0,0,0,0,0,0,0,2026-03-04,2026-06-29,M Salar MD (2),KJ
"Cooke, Christopher",Christopher Cooke MD,DMC Orthopedics - Commerce Township,568c9052-985c-48fa-b5bc-44baafba3dea,person: first+last,placed per row by PL tag: Jasmine → DMC SPORTS MEDICINE NOVI (2) / Kristen → DMC Orthopedics - Commerce Township (2); placed by this row's PL tag (Kristen),Tier 1,Kristen,K-A09,2,2,0,0,0,0,0,0,0,2026-07-06,2026-07-06,S McCarty (2),KJ
"Cooke, Christopher",Christopher Cooke MD,DMC SPORTS MEDICINE NOVI,6e52135e-6cca-4482-9973-58d180f1dce7,person: first+last,placed per row by PL tag: Jasmine → DMC SPORTS MEDICINE NOVI (2) / Kristen → DMC Orthopedics - Commerce Township (2); placed by this row's PL tag (Jasmine),Tier 1,Jasmine,J-A01,2,2,0,0,0,0,0,0,0,2026-04-21,2026-05-05,S McCarty (2),JJ
"Deogun MD, Kuldip S",Kuldip Deogun MD,Chronic Pain Institute,11ed7e07-a278-4fda-90ea-e3baede80121,person: first+last,,Tier 1,Coty,C-A06,2,2,0,0,0,0,0,0,0,2026-06-23,2026-06-30,J Varghese MD (2),CO
"Effinger NP, Anita",Anita Effinger FNP,City Medical - Madison Heights,63cd155b-cebc-4ccb-ae48-e9fd30422380,person: first+last,also at City Medical - Southgate (Tier 2) — chosen by credential,Prospect,Jasmine,J-A03,2,2,0,0,0,0,0,0,0,2026-07-06,2026-08-05,J Maslak MD (1); J Varghese MD (1),JJ
"Finazzo PA-C, Ashleigh",Ashleigh Finazzo PA,MEDPRO PRIMARY CARE - Waltz Rd,5ba2b7d1-0a31-458d-95a0-4ba47f0574a0,person: first+last,,Tier 1,Coty,C-A16,2,2,0,0,0,0,0,0,0,2026-01-06,2026-05-18,J Varghese MD (1); M Salar MD (1),KJ
Joel Safir,Joel Safir,Safir Law,797c97ec-e6b4-42b3-920e-e16a6364e0c9,person: first+last,,Tier 1,Kristen,Phone cadence,2,2,0,0,0,0,0,0,2,2026-02-26,2026-03-31,,KJ
"Kosal DO, Linda",Linda Kosal DO,Macomb Internal Medicine,5271bbd8-dfe5-4d54-a0a2-f5547050cafe,person: first+last,,Tier 1,Kristen,K-A08,2,2,0,0,0,0,0,0,0,2026-02-09,2026-04-28,S McCarty (2),KG
"Mackey DO, Mark",Mark Mackey MD,DMC Orthopedics - Commerce Township,568c9052-985c-48fa-b5bc-44baafba3dea,person: first+last,,Tier 1,Kristen,K-A09,2,2,0,0,0,0,0,0,0,2026-08-03,2026-09-10,S McCarty (2),KJ
"Taweel DO, Jamie G",Jamie Taweel DO,Grand River Medical Associates,218209bd-0e83-4585-b5e7-1455814e77b1,person: first+last,,Tier 1,Jasmine,J-A01,2,2,0,0,0,0,0,0,0,2026-06-23,2026-06-30,S McCarty (2),JJ
"Godbole MD, Ajey V",Ajey Godbole MD,Brentwood Pediatric Associates,9dfbaa38-07b2-4017-9d71-ff4cd2ce42f7,person: first+last,,Tier 1,Kristen,K-A24,13,1,5,5,2,0,0,0,0,2026-02-25,2026-09-23,K Bohm MD (5); B Mayo MD (2); J B Klein DPM (2); P Bhullar MD (1),KJ
"MARSHALL MD, BRITANI ALYCE",Britani Marshall MD,Beaumont Medical Center - Redford,03095e36-e586-4709-8cd8-440a98b9bcd7,person: first+last,,Tier 1,Kristen,K-A25,13,1,11,1,0,0,0,0,0,2026-01-19,2026-07-29,P Bhullar MD (6); B Mayo MD (3); S McCarty (1); D Mendelson MD (1),KJ
"Shropshire NP, Kasheena",Kasheena Shropshire NP,MNP,40477f1c-8f50-4f86-8e7e-a5431b7f2fe6,person: first+last,,Tier 1,Kristen,K-A06,12,1,11,0,0,0,0,0,0,2026-01-27,2026-08-07,J Yacisen MD (4); D Mendelson MD (4); J Mendelson MD (2); J Varghese MD (1),KJ
"Vasquez MD, Peter",Peter Vasquez MD,OAK STREET HEALTH CHERRY HILL,0cc06713-910b-4b74-ba14-7cd3d76b3c62,person: first+last,,Tier 1,Jasmine,J-A07,12,1,8,1,1,1,0,0,0,2026-01-06,2026-08-19,J Mendelson MD (3); D Mendelson MD (2); S Mendelson MD (1); K Bohm MD (1),JJ
"BLACKWELL PA, KATHERINE",Kate Blackwell PA,Mitchell Medical Center,3a600778-0104-4e04-b9d4-feb46e567bd7,person: first+last (nickname),,Tier 1,Kristen,K-A03,9,1,5,0,0,3,0,0,0,2026-01-21,2026-08-06,J Yacisen MD (5); B Kassa DO (3); A Munk MD (1),KJ
"HAENER DO, JENNIFER",Jennifer  Haener DO,Stonebrooke Family Physicians,c9013f02-25d6-4df2-96f8-b4f1e9936878,person: first+last,,Tier 1,Kristen,K-A05,9,1,5,0,1,2,0,0,0,2026-01-13,2026-09-18,B Mayo MD (4); B Kassa DO (2); J Varghese MD (1); S Mendelson MD (1),KJ
"Kurjakovic PA-C, Amar",Amar Kurjakovic PA,Macomb Medical Clinic,1992782320,person: first+last,,Tier 1,Coty,C-A10,8,1,6,0,1,0,0,0,0,2026-02-25,2026-08-18,"J Yacisen MD (2); D Mendelson MD (2); K Sorensen, DPM (1); B Mayo MD (1)",SS
"Canto MD, Cheryl",Cheryl Canto MD,Port Huron Medicine Associates,1245235654,person: first+last,,Tier 1,Kristen,K-A03,7,1,6,0,0,0,0,0,0,2026-01-06,2026-09-03,J Yacisen MD (4); G Jerry MD (2); A Munk MD (1),KJ
"Ferris DO, Mary C",Mary Ferris DO,"FERRIS, MARY C, MEDICAL GROUP",a5a045ce-889d-4018-81f5-3fd8d3d7af6b,person: first+last,,Tier 1,Kristen,K-A17,7,1,6,0,0,0,0,0,2,2026-01-26,2026-07-09,B Mayo MD (2); S Mendelson MD (1); J Mendelson MD (1); J Yacisen MD (1),KJ
"HAMAMEH DO,  MAZEN",Mazen Hamameh DO,Premier Pediatrics Dearborn Heights,bb55a71e-e12b-49be-9449-435cdc38cca4,person: first+last,,Tier 1,Kristen,K-A30,7,1,4,2,0,0,0,0,1,2026-01-22,2026-09-25,P Bhullar MD (2); K Bohm MD (2); A Mendelson MD (1); B Mayo MD (1),KJ
"Lisowsky DO, Taras",Taras Lisowsky DO,MI Family Practice,6aee51ce-625f-4968-96c5-5d9a6936bf27,person: first+last,,Tier 1,Coty,C-A10,7,1,4,1,0,1,0,0,1,2026-03-16,2026-09-08,S Mendelson MD (1); J Yacisen MD (1); S McCarty (1); B Mayo MD (1),CO
"Liyanage MD, Modini",Modini Liyanage MD,"WAYNE MEDICAL CENTER, PLLC",bc73cba3-b59d-4259-8bb7-6129abd353ab,person: first+last,,Tier 2,Kristen,K-A28,7,1,3,3,0,0,0,0,0,2026-03-12,2026-08-31,K Bohm MD (2); D Mendelson MD (1); S Mendelson MD (1); P Bhullar MD (1),KJ
"Pillay MD, Jeet N",Jeet Pillay MD,"PILLAY INTERNAL MEDICINE ASSOCIATES, PLLC",f5f4f354-94f3-42a1-a3be-10f8a64cdaae,person: first+last,,Tier 1,Kristen,K-A20,7,1,0,0,0,6,0,0,0,2026-02-25,2026-08-19,K Lee MD (6); J Maslak MD (1),KJ
"Larcher NP, Nadine",Nadine Larcher NP,OAK STREET HEALTH CHERRY HILL,0cc06713-910b-4b74-ba14-7cd3d76b3c62,person: first+last,,Tier 1,Jasmine,J-A07,6,1,1,1,0,2,0,1,0,2026-01-13,2026-09-21,A Oddo DO (2); J Varghese MD (1); S Mendelson MD (1); K Lee MD (1),JJ
"Nolff DPT, Spencer",Spencer Nolff DPT,Primal Recovery and PT,d7144e2d-aac6-4f68-a775-78db28d6b445,person: first+last,,Tier 1,Kristen,K-A28,6,1,5,0,0,0,0,0,0,2026-04-13,2026-07-28,B Mayo MD (3); S Mendelson MD (2); J Varghese MD (1),KJ
"Trombly MD, Steven D",Steven Trombly MD,Office of Steven Trombly MD,1407867815,person: first+last,,Tier 1,Coty,C-A10,6,1,5,0,0,0,0,0,0,2026-01-07,2026-06-29,S Mendelson MD (2); D Mendelson MD (1); J Mendelson MD (1); J Varghese MD (1),SS
"Uddin MD, Redwan",Redwan Uddin MD,Hamtramck Community Medical Center,a05c84d7-ae44-4f75-a80e-972ce19c5477,person: first+last,,Tier 2,Kristen,K-A26,6,1,3,0,0,1,1,0,0,2026-01-19,2026-09-14,S Mendelson MD (3); B Kassa DO (1); E VandenBosch PA (1); J Maslak MD (1),KJ
"Vankayalapati MD, Jaya",Jaya Vankayalapati MD,Levan Internists,1972528818,person: first+last,,Tier 1,Jasmine,J-A06,6,1,2,3,0,0,0,0,0,2026-02-10,2026-08-10,K Bohm MD (3); B Mayo MD (2); J Maslak MD (1),JJ
"Richards PA-C, Carolyn",Carolyn Richards PA,Yale Community Heath Center - VA Clinic,ef22f4d0-c253-4bff-8a60-2a5eaa3168df,person: first+last,,Tier 1,Kristen,K-A01,5,1,4,0,0,0,0,0,0,2026-02-12,2026-09-11,J Yacisen MD (4); M Salar MD (1),KJ
"Rosen PA-C, Mark",Mark Rosen PA-C,Be Well Medical Center,1174554364,person: first+last,,Tier 1,Coty,C-A12,5,1,4,0,0,0,0,0,0,2026-02-25,2026-06-05,J Yacisen MD (2); D Mendelson MD (1); P Bhullar MD (1); A Munk MD (1),CO
"Sayegh DO, Anthony",Anthony Sayegh DO,Legacy Family Medicine,1558340356,person: first+last,,Tier 1,Kristen,K-A12,5,1,4,0,0,0,0,0,0,2026-01-09,2026-09-03,B Mayo MD (4); M Salar MD (1),KJ
"Suliman MD, Nabil",Nabil Suliman MD,Premier Medicine Medical Center - Livonia,13842362-6701-47f3-95cc-140ea17bd264,person: first+last,also at Premier Medicine Primary and Urgent Care (Prospect) — chosen by tier,Tier 1,Jasmine,J-A05,5,1,4,0,0,0,0,0,1,2026-01-13,2026-08-12,P Bhullar MD (1); M Salar MD (1); B Mayo MD (1); J Mendelson MD (1),JJ
"Dharia MD, Purvi","Purvi Dharia MD,",A1 Family Medicine,b1a9167c-0bb6-47bd-b50a-ff18a973875f,person: first+last,,Tier 1,Jasmine,J-A09,4,1,3,0,0,0,0,0,0,2026-02-03,2026-09-14,S Mendelson MD (1); S McCarty (1); P Bhullar MD (1); B Mayo MD (1),JJ
"Doyle DO, Katherine",Katherine Doyle DO,Henry Ford Macomb Internal Medicine,1841213436,person: first+last,,Tier 1,Coty,C-A06,4,1,2,1,0,0,0,0,0,2026-01-27,2026-07-22,K Bohm MD (1); J Yacisen MD (1); A Munk MD (1); D Mendelson MD (1),KG
"Ferraiuolo NP, Diana F",Diana Ferraiulo  (Stefanski)NP,Oak Street Health - Eastgate,23fb6135-419b-4880-ae64-4a97e9244f37,person: first+last (exact/surname spelling),,Tier 1,Coty,C-A11,4,1,2,0,0,1,0,0,0,2026-02-25,2026-07-16,D Mendelson MD (1); S Mendelson MD (1); A Munk MD (1); A Oddo DO (1),CO
"Lee MD, Mary S",Mary Lee MD,"MARY LEE, MD, PC",d62a30ae-10fe-4408-a2cc-7b0aa9422bb8,person: first+last,,Tier 1,Kristen,K-A14,4,1,0,0,0,3,0,0,0,2026-01-28,2026-08-11,A Oddo DO (2); K Lee MD (1); S McCarty (1),KJ
Vanstone Law,,Vanstone Injury Law,5ffbe2ff-83ec-4e24-8d4f-4071334a9c5c,company name,,Tier 1,Kristen,Phone cadence,4,1,1,0,0,1,0,1,4,2026-03-09,2026-07-13,,KJ
"Webster PAC, Shannon",Shannon Webster PA-C,EPIC Southfield - Telegraph Rd office,e9338159-c4f0-4329-a188-50fd3d8a5ddb,person: first+last,,Tier 1,Coty,C-A09,4,1,3,0,0,0,0,0,0,2026-03-26,2026-07-09,D Mendelson MD (2); M Salar MD (1); J Yacisen MD (1),KJ
"Wendzinski DO, Kellie",Kellie Wendziniski MD,GROSSE POINTE PARK INTERNAL MEDICINE CENTER,4182fa5f-6d87-4037-9102-1014f5d60056,person: first+last (exact/surname spelling),,Tier 2,Kristen,K-A26,4,1,0,0,0,3,0,0,0,2026-04-08,2026-09-03,B Kassa DO (2); J Varghese MD (1); A Oddo DO (1),KJ
"Youngblood PA C, Caleb",Caleb Youngblood PA-C,Be Well Medical Center,1174554364,person: first+last,,Tier 1,Coty,C-A12,4,1,1,0,1,1,0,0,0,2026-02-02,2026-04-06,S Mendelson MD (1); M Salar MD (1); K Lee MD (1); J B Klein DPM (1),CO
Berkley Urgent Care,,Berkley Urgent Care,1774d7c7-2d8b-42c6-9dac-78c2a9cf3ed8,company name,,Tier 1,Kristen,K-A15,3,1,0,1,1,0,0,0,0,2026-04-23,2026-08-31,"S McCarty (1); K Sorensen, DPM (1); K Bohm MD (1)",SS
"Bornstein DO, Mark",Mark Bornstein DO,Be Well Medical Center,1174554364,person: first+last,,Tier 1,Coty,C-A12,3,1,2,0,0,0,0,0,0,2026-03-06,2026-06-09,P Bhullar MD (1); D Mendelson MD (1); J Varghese MD (1),CO
Get Well Urgent Care Warren,,Get Well Urgent Care - Warren,8ae19fc3-b1ab-4f35-ab71-b73d93833918,company name,,Tier 2,Kristen,K-A23,3,1,1,1,0,0,0,0,1,2026-05-01,2026-09-08,J Yacisen MD (1); K Bohm MD (1),SS
"KONERU MD, LALITHA",Lalitha Koneru MD,Macomb Physicians Group,fdefbf3e-907d-4d68-bbd3-2d70f4818b7a,person: first+last,,Tier 1,Coty,C-A06,3,1,2,0,0,0,0,0,0,2026-04-14,2026-06-23,J Mendelson MD (2); A Munk MD (1),SS
"Khater MD, Mona",Mona Khater MD,Schoenherr Parkway Family Practice,62e680e9-a222-400d-9186-a369d13cf23f,person: first+last,,Tier 1,Kristen,K-A12,3,1,2,0,0,0,0,0,0,2026-02-02,2026-04-01,S Mendelson MD (1); M Salar MD (1); D Mendelson MD (1),KG
"Mansour Amir Habib MD, Nancy","Nancy Mansour-Habib MD,",Grace Medical of Troy,1639490493,person: first+last,,Tier 1,Kristen,K-A10,3,1,1,1,0,0,0,0,0,2026-08-18,2026-09-15,K Bohm MD (1); M Salar MD (1); B Mayo MD (1),KJ
"Marsheh MD, Nicolas Atif","Nikolas Atif Marsheh MD,",Forum Medical Clinic,8dd680b0-5504-40bd-8956-3ce07e763aef,person: first+last (spelling),also at Forum Medical Clinic (Prospect) — chosen by tier,Tier 1,Coty,C-A05,3,1,2,0,0,0,0,0,0,2026-03-31,2026-08-04,B Mayo MD (1); J Yacisen MD (1); S McCarty (1),CO
"Mckenzie MD, Keith",Keith McKenzie MD,The Family Doctor,23a703a6-5bde-4887-845c-b78a61128817,person: first+last,,Tier 1,Coty,C-A06,3,1,2,0,0,0,0,0,0,2026-04-22,2026-07-31,D Mendelson MD (1); M Salar MD (1); J Yacisen MD (1),CO
"Naman MD, Greg S",Greg Naman MD,Epic Primary Care - Ferndale,8d70ed21-9cc0-4e04-a934-e01ab1155823,person: first+last,also at Epic Health - St Clair Shores (Tier 2) — chosen by PL tag,Tier 1,Coty,C-A12,3,1,2,0,0,0,0,0,0,2026-02-20,2026-04-10,J Yacisen MD (2); S McCarty (1),CO
"POULOS PA, KATHRYN  MARIE",Kathryn Poulos PA,Medical Clinic of Northville,ebcb6f7a-eb6b-4759-81d9-516e3dc36b67,person: first+last,,Tier 1,Kristen,K-A20,3,1,2,0,0,0,0,0,0,2026-01-07,2026-09-01,P Bhullar MD (1); S McCarty (1); S Mendelson MD (1),KJ
"RAYES DO, LYDIA JOY",Lydia Rayes DO,Henry Ford St. John Center for Wellness,5e640eee-6b5a-442a-8222-bd81d0a228ec,person: first+last,,Tier 1,Coty,C-A11,3,1,1,0,1,0,0,0,0,2026-05-15,2026-05-18,J B Klein DPM (1); J Maslak MD (1); S Mendelson MD (1),CO
"Reddy MD, Trishya",Trishya  Reddy MD,Freedom Medical Clinic (Trinity),e0d8c74a-31fe-4da6-9aa4-6a2357088b6a,person: first+last,,Tier 1,Jasmine,J-A05,3,1,1,0,0,1,0,0,0,2026-02-23,2026-09-01,K Lee MD (1); D Mendelson MD (1); J Maslak MD (1),JJ
Safir Law,,Safir Law,797c97ec-e6b4-42b3-920e-e16a6364e0c9,company name,,Tier 1,Kristen,Phone cadence,3,1,1,1,0,0,0,0,3,2026-05-29,2026-09-18,M Salar MD [after telehealth] (1); K Bohm MD [after telehealth] (1),KJ
Sam Bernstein,,Sam Bernstein Law,763b439e-f902-4c9a-b7a7-345cf16d00e0,company name,,Tier 1,Kristen,Phone cadence,3,1,1,0,0,0,0,1,3,2026-03-27,2026-07-22,J Varghese MD [after telehealth] (1),KJ
"Smylnycky MD,Agnieszka",Agnes Smylnycky MD,Lily’s Medical Group,0aec7757-4391-42a3-94f2-3cfa9ea9aa99,person: first+last (nickname),,Tier 1,Kristen,K-A11,3,1,1,0,1,0,0,0,2,2026-01-26,2026-08-31,"R Leff, DPM (1)",KJ
"ZINKE FNP BC, ANDREA",Andrea Zinke NP,Eastpointe Family Physicians,1578685921,person: first+last,,Tier 1,Jasmine,J-A03,3,1,2,0,0,0,0,0,1,2026-01-29,2026-05-15,J Mendelson MD (1); J Yacisen MD (1),JJ
"Abdo MD, Basil",Basil Abdo MD,ARBOR LANE FAMILY PHYSICIANS,ff61f8fa-5169-42e7-aafe-f189027c5f3a,person: first+last,,Tier 1,Kristen,K-A25,2,1,0,1,0,0,0,0,0,2026-01-27,2026-06-26,S McCarty (1); K Bohm MD (1),KJ
"Agrest DO, Kevin A",Kevin Agrest DO,Ryan Medical Associates,c88f05f1-5992-43b0-947c-469a44a0feef,person: first+last,,Tier 1,Kristen,K-A23,2,1,0,0,1,0,0,0,0,2026-03-03,2026-09-01,"J Varghese MD (1); R Leff, DPM (1)",KG
"Balysh DO, Erica N",Erica Balysh DO,Lifetime Family Care,b70053c3-f0fd-41de-9386-95fcc448a738,person: first+last,,Tier 1,Kristen,K-A23,2,1,0,0,0,1,0,0,0,2026-01-07,2026-08-11,J Maslak MD (1); H Singh MD (1),KJ
"DESAI MD, BIPIN PRATACHANDRA",Bipin Desai MD,LIVINGSTON PEDIATRICS CENTER,0abe56b9-ecf8-4706-9f08-0290ed41462d,person: first+last,,Tier 1,Coty,C-A07,2,1,1,0,0,0,0,0,0,2026-07-30,2026-08-03,S McCarty (1); B Mayo MD (1),KJ
"Denysenko DO, Deanna",Deanna Denysenko DO,Northpointe Pediatrics,31b0544c-cc2c-4479-9df9-b11748ecefc7,person: first+last,,Tier 1,Kristen,K-A12,2,1,1,0,0,0,0,0,0,2026-01-20,2026-01-23,J Varghese MD (1); J Yacisen MD (1),KJ
"Doshi MD, Seema K",Seema Doshi MD,Yale Family Care,03bf4090-11b2-4f44-94a5-662885cce913,person: first+last,,Tier 1,Kristen,K-A01,2,1,1,0,0,0,0,0,0,2026-04-14,2026-06-04,S McCarty (1); J Yacisen MD (1),KJ
"Dusevic DO, Tammy",Tammy Dusevic DO,Lakewood Primary Care,39254718-ba1d-4862-adfb-cd292a8eda27,person: first+last,,Tier 1,Kristen,K-A06,2,1,1,0,0,0,0,0,0,2026-08-05,2026-09-17,J Varghese MD (1); J Mendelson MD (1),KJ
Eric Steinberg,Eric Steinberg,Steinberg Law Firm,8f912f3f-f54b-4694-984f-06c26dcbe2a8,person: first+last,,Tier 1,Kristen,Phone cadence,2,1,0,0,0,0,0,1,2,2026-02-09,2026-02-13,,KJ
"GAIND MD, MALA",Mala Gaind MD,Providence Park Pediatrics - Novi,9db7de95-514d-45c7-8a73-449a08d1d590,person: first+last,also at Providence Park Pediatrics - Livingston — chosen by PL tag,Tier 1,Kristen,K-A20,2,1,0,0,0,0,1,0,0,2026-01-29,2026-04-24,S McCarty (1); L PA Clinic (1),KJ
Get Well Urgent Care - Madison Heights,,Get Well Urgent Care Madison Heights,346a1335-a97f-4a1a-9847-77f9e71383c3,company name,,Tier 1,Kristen,K-A21,2,1,1,0,0,0,0,0,0,2026-04-22,2026-06-24,A Munk MD (1); D Mendelson MD (1),SS
"Johnstone MD, Cheryl Anne","Cheryl Anne Johnstone MD,",Medical Clinic of Northville,ebcb6f7a-eb6b-4759-81d9-516e3dc36b67,person: first+last,,Tier 1,Kristen,K-A20,2,1,1,0,0,0,0,0,0,2026-01-28,2026-05-27,J Mendelson MD (1); M Salar MD (1),KJ
"KRISHNAMOORTHY, MADHUMITHA",Madhumitha Krishnamoorthy MD,NextGen Vitality,de4283ce-62ba-4417-9008-a03e8d75671f,person: first+last,,Prospect,Kristen,K-A18,2,1,1,0,0,0,0,0,1,2026-01-16,2026-04-15,S McCarty (1),KJ
"Klink DO, Michelle",Michelle Klink DO,Trinity IHA Primary Care - Schoolcraft Campus,4b1cacba-85fb-4f63-8660-c3314cf72677,person: first+last,,Tier 1,Kristen,K-A24,2,1,1,0,0,0,0,0,0,2026-01-06,2026-08-31,S Mendelson MD (1); S McCarty (1),KJ
"Kohli MD, Vinod",Vinod Kohli MD,Health Care Medical Center,522bb9a7-68be-41af-9408-b29b136875e0,person: first+last,,Tier 2,Kristen,K-A23,2,1,1,0,0,0,0,0,0,2026-06-03,2026-09-01,J Yacisen MD (1); B Mayo MD (1),KJ
"MONTICCIOLO PA C, JILLIAN","Jillian Monticciolo, PA-C",Macomb Medical Clinic,1992782320,person: first+last,,Tier 1,Coty,C-A10,2,1,1,0,0,0,0,0,1,2026-04-03,2026-04-13,J Maslak MD (1),SS
"MULLALLY MD, JOHN",John Mullally MD,John Mullally MD PC,b257a3dd-4296-4f0d-89f2-7d9f845a231e,person: first+last,,Tier 1,Kristen,K-A02,2,1,1,0,0,0,0,0,0,2026-02-04,2026-04-28,G Jerry MD (1); A Munk MD (1),KJ
"Marcarian MD, Gregory",Gregory Marcarian MD,"TENNY INTERNAL MEDICINE, PLLC",3effe9bc-8576-4eee-ba7e-9bf99eb7d1fa,person: first+last,,Tier 1,Jasmine,J-A10,2,1,0,1,0,0,0,0,0,2026-04-21,2026-05-01,S McCarty (1); K Bohm MD (1),JJ
"Mulpuri MD, Durga",Durga Mulpuri MD,Jefferson Family Practice (Cornerstone),9b2159ca-9617-4ade-8a25-85a92fcca972,person: first+last,,Tier 1,Kristen,K-A26,2,1,0,0,1,0,0,0,1,2026-02-12,2026-03-12,"K Sorensen, DPM (1)",KJ
"Oska MD, Fadi","Fadi Oska MD,",Associates in Family Practice,1205856432,person: first+last,,Tier 1,Kristen,K-A06,2,1,0,1,0,0,0,0,0,2026-03-17,2026-04-20,K Bohm MD (1); J Maslak MD (1),KG
"Pop MD, Claudia",Claudia Pop MD,The Family Doctor,23a703a6-5bde-4887-845c-b78a61128817,person: first+last,,Tier 1,Coty,C-A06,2,1,0,0,1,0,0,0,0,2026-04-14,2026-08-31,S McCarty (1); J B Klein DPM (1),CO
"Potrous MD, Laith",Laith Potrous MD,Urgent Care Family,235de96a-2ae5-47a2-bf9a-8379e846684a,person: first+last,,Tier 1,Coty,C-A10,2,1,0,0,1,0,0,0,0,2026-07-22,2026-09-09,"J Varghese MD (1); K Sorensen, DPM (1)",CO
Ross Gilders,Ross Gilders,Ross Gilders Law,26a4f321-2be3-4d5d-8cf6-335d1fd38f12,person: first+last,,Tier 1,Kristen,Phone cadence,2,1,1,0,0,0,0,0,2,2026-05-04,2026-05-29,,KJ
"SUEDE NP, KRISTINA",Kristina Suede ANP,Oak Street Health - Eastgate,23fb6135-419b-4880-ae64-4a97e9244f37,person: first+last,,Tier 1,Coty,C-A11,2,1,1,0,0,0,0,0,0,2026-05-04,2026-05-22,D Mendelson MD (1); A Munk MD (1),CO
"Sabb MD, Sandra","Sandra Sabb MD,",Village Medical Farmington,8a6ae159-0242-4272-b933-bd11fc117733,person: first+last,,Tier 1,Kristen,K-A22,2,1,1,0,0,0,0,0,0,2026-03-26,2026-05-21,S McCarty (1); D Mendelson MD (1),KJ
"Schaeffer MD, Michael",Michael Schaeffer MD,Michigan family wellness,99d4fe31-7800-4760-b438-523fa51d9e6b,person: first+last,also at BEAUMONT CHERRY HILL INTERNAL MEDICAL ASSOCIATES CANTON (Prospect) / Spine & Brain Surgery Specialists — chosen by PL tag,Tier 1,Jasmine,J-A09,2,1,1,0,0,0,0,0,0,2026-04-01,2026-09-01,J Maslak MD (1); S Mendelson MD (1),JJ
"Sharma MD, Meenakshi",Meenakshi Sharma MD,"FAMILY CARE CENTER OF HAMTRAMCK, PC",f4a7f5a0-d8e0-49ff-874a-04f12057fc5f,person: first+last,,Tier 1,Kristen,K-A23,2,1,1,0,0,0,0,0,1,2026-04-23,2026-06-23,J Mendelson MD (1),KJ
"Sturla MD, Amadeo",Amadeo Sturla MD,NORLIVO INTERNAL MEDICINE,74262c96-dd4b-4b92-acd7-c43ebba4c04f,person: first+last,,Tier 1,Jasmine,J-A05,2,1,1,0,0,0,0,0,0,2026-03-13,2026-03-16,S McCarty (1); A Mendelson MD (1),JJ
"Trate DO, Toni",Toni Ballitch Trate MD,"TONI BALLITCH TRATE, DO, PC",a1394f28-7761-4612-ab27-23681dcadac0,person: first+last,,Tier 1,Kristen,K-A20,2,1,0,0,1,0,0,0,0,2026-03-18,2026-07-08,"M Salar MD (1); R Leff, DPM (1)",KJ
"Turk MD, Eshel",Eshel Turk MD,Henry Ford Medical Center - East Jefferson,1043384555,person: first+last,,Tier 1,Kristen,K-A19,2,1,1,0,0,0,0,0,0,2026-01-09,2026-06-01,B Mayo MD (1); J Maslak MD (1),KG
Urgent Care -spec location not asked,,,,SOURCE NOT CAPTURED,referral note says the doctor/location was not captured on the call,,,,2,1,1,0,0,0,0,0,1,2026-08-19,2026-08-21,P Bhullar MD (1); M Salar MD [after telehealth] (1),?
"VENDITTELLI MD, CARLISLE",Carlisle Vendittelli MD,Cornerstone Garfield Family Practice - Ascension,67778aa6-f0ab-4aac-80f9-0de0c25b2ac8,person: first+last,,Tier 2,Coty,C-A06,2,1,0,1,0,0,0,0,0,2026-02-17,2026-08-26,K Bohm MD (1); J Varghese MD (1),KG
Vanstone,Ryan VanStone,Vanstone Injury Law,5ffbe2ff-83ec-4e24-8d4f-4071334a9c5c,person: last-name only (LOW),,Tier 1,Kristen,Phone cadence,2,1,1,0,0,0,0,0,2,2026-01-09,2026-01-09,,KJ
"WEIN MD, SAMANTHA CHERISE","SAMANTHA CHERISE WEIN MD,",Henry Ford Health - Family Medicine 8 Mile Livonia,22476694-35cd-4d2b-b17f-07cee1f1db4b,person: first+last,,Tier 1,Kristen,K-A24,2,1,0,1,0,0,0,0,0,2026-02-18,2026-09-03,K Bohm MD (1); J Varghese MD (1),KJ
"Wright DO, Howard",Howard Wright DO,"DEARBORN FAMILY CLINIC, PC",a7a3d5c1-7a49-46bc-b9ad-08cbe9188e80,person: first+last,,Tier 1,Jasmine,J-A10,2,1,0,0,1,0,0,0,0,2026-01-05,2026-01-22,"R Leff, DPM (1); M Salar MD (1)",JJ
"Yokhana MD, Sanar",Sanar Yokhana MD,Henry Ford Orthopedics & Sports Medicine - Chesterfield,0200933e-44d0-4869-8ddd-cd02b601b866,person: first+last,,Tier 3,Kristen,K-A04,2,1,0,0,0,1,0,0,0,2026-04-02,2026-08-18,B Kassa DO (1); S McCarty (1),KJ
"ANDERSON DO, BRITTA",Britta Anderson DO,DMC Orthopedics & Sports Medicine - Warren,1285806067,person: first+last,,Tier 1,Coty,C-A10,1,1,0,0,0,0,0,0,0,2026-02-17,2026-02-17,S McCarty (1),CO
"Aalderink MD, Kristopher",Kristopher Aalderink MD,Trinity IHA Orthopedics - Schoolcraft,e5c5b135-ecad-42bb-bbbc-011dd2c4a225,person: first+last,,Tier 1,Jasmine,J-A06,1,1,0,0,0,0,0,0,0,2026-07-20,2026-07-20,S McCarty (1),JJ
"Ahmad MD, Mutahhar",Mutahhar Ahmad MD,"FARMINGTON HILLS  FAMILY PHYSICIANS, PLLC",cc6d8767-1fad-4a5b-b658-38a67ea47a1c,person: first+last,,Tier 1,Kristen,K-A16,1,1,0,0,0,0,0,0,0,2026-02-24,2026-02-24,J Varghese MD (1),KJ
"Ahmad, Mutahhar",Mutahhar Ahmad MD,"FARMINGTON HILLS  FAMILY PHYSICIANS, PLLC",cc6d8767-1fad-4a5b-b658-38a67ea47a1c,person: first+last,,Tier 1,Kristen,K-A16,1,1,0,0,0,0,0,0,0,2026-01-05,2026-01-05,M Salar MD (1),KJ
"Ahmed MD, Motahar",Motahar Ahmed MD,Delta Urgent Care,0d9a0431-68d2-418b-8bc3-e5dcde51a781,person: first+last,also at Motahar Ahmed MD PC — chosen by PL tag,Prospect,Kristen,K-A23,1,1,0,0,0,0,0,0,0,2026-06-12,2026-06-12,S McCarty (1),KJ
"Akinyosoye MD, Oluwasayo",Oluwasayo Akinyosoye MD,ROSE MEDICINE,9c2f2817-fae0-4fb0-b943-376aef6fc719,person: first+last,,Tier 1,Kristen,K-A15,1,1,0,0,0,0,0,0,0,2026-01-09,2026-01-09,A Munk MD (1),KJ
"Al Khouri MD, Raad","Raad Al-Khouri, MD",Mercy Family Care Center,3dfcef6a-be30-4421-b9ae-e70c90558ff6,person: first+last,,Tier 1,Kristen,K-A13,1,1,0,0,0,0,0,0,0,2026-08-03,2026-08-03,J Maslak MD (1),KJ
"Alyas MD, Fanar",Fanar Alyas MD,DOWN RIVER MEDICAL GROUP,e88886fb-60ef-4d4e-8d44-578baf30fd25,person: first+last,,Tier 1,Jasmine,J-A12,1,1,0,0,0,0,0,0,0,2026-08-31,2026-08-31,L Zamorano (1),JJ
"Arbit MD, Steven",Steven Arbit MD,Specialists in Rehabilitation Medicine,8c808cf3-9148-4a0b-8ea0-2d0882a9424e,person: first+last,,Tier 1,Coty,C-A03,1,1,0,0,0,0,0,0,0,2026-04-07,2026-04-07,S McCarty (1),KJ
"Attalla MD, Yassir",Yassir Attalla MD,Epic Medical Center,8c790bf8-a496-4f6f-9902-402d9161edf4,person: first+last,also at EPIC MEDICAL CENTER — chosen by only one is in the spine book,Tier 1,Jasmine,J-A12,1,1,0,0,0,0,0,0,0,2026-05-08,2026-05-08,S McCarty (1),CO
"Bajouka MD, Neeran",Neeran Bajouka MD,Henry Ford Primary Care Center - 160,b6033c7f-ac4e-4957-b3b0-519077da6c8d,person: first+last,,Tier 1,Kristen,K-A16,1,1,0,0,0,0,0,0,0,2026-01-05,2026-01-05,J Maslak MD (1),KJ
"Banks MD, Hermann",Hermann Banks MD,Hermann Banks MD PC,31597599-5a74-4f7a-8cb0-0ebbb4b41303,person: first+last,,Tier 1,Kristen,K-A28,1,1,0,0,0,0,0,0,0,2026-06-15,2026-06-15,J Varghese MD (1),KJ
"Bazzy NP, Mohammed",Mohammed Bazzy NP,Sterling Medical Center & Urgent Care,f30f611c-772a-406a-9d92-231790b785c2,person: first+last,also at Blue Water Primary Care (Prospect) — chosen by tier,Tier 2,Kristen,K-A12,1,1,0,0,0,0,0,0,0,2026-09-22,2026-09-22,A Munk MD (1),KJ
"Benedix DO, Matthew W",Matthew Benedix DO,Henry Ford Health Medical Center - Seven Mile Road,44019f00-063b-4cdc-83d9-96ee51f8c6e3,person: first+last,,Tier 1,Kristen,K-A24,1,1,0,0,0,0,0,0,0,2026-05-05,2026-05-05,S McCarty (1),KJ
"Bernard NP, Kywona",,,,UNMATCHED,no MMC person/company found,,,,1,1,0,0,0,0,0,0,0,2026-05-13,2026-05-13,M Salar MD (1),JJ
"Bharathan PA, Mayuri",Mayuri Bharathan PA,Be Well Medical Center,1174554364,person: first+last,,Tier 1,Coty,C-A12,1,1,0,0,0,0,0,0,0,2026-07-29,2026-07-29,M Salar MD (1),CO
Blue Water Urgent Care,,Blue Water Urgent Care - Port Huron,97837698-b314-4e35-a9af-a63d6305dc5b,company name,also matches Blue Water Urgent Care - Fort Gratiot / Blue Water Urgent Care Clinic; chosen by PL tag,Tier 2,Kristen,K-A02,1,1,0,0,0,0,0,0,0,2026-02-10,2026-02-10,A Munk MD (1),KJ
"Bolz MD, Nick",Nicholas Bolz MD,Core Institute/Henry Ford Motor City Orthopedics & PT- Southfield,b2290856-de23-4322-aabc-b2436529feac,person: first+last (nickname),,Tier 1,Jasmine,J-A04,1,1,0,0,0,0,0,0,0,2026-05-12,2026-05-12,J Maslak MD (1),SS
"Brewer DO, Michelle",Michelle Brewer DO,Restorative Physical Medicine - Brighton,664225f4-387f-4458-bce4-0fe6ff18f13e,person: first+last,also at Restorative Physical Medicine - Novi (Tier 3) — chosen by tier,Tier 1,Coty,C-A07,1,1,0,0,0,0,0,0,0,2026-08-24,2026-08-24,L Zamorano (1),CO
"Brown DO, Richard M",Richard Brown DO,Park Medical Center (Medicaid),c4cc522a-15ee-4dcb-8312-cc7b7efdf995,person: first+last,,Tier 1,Jasmine,J-A03,1,1,0,0,0,0,0,0,0,2026-01-13,2026-01-13,M Salar MD (1),JJ
"Brownstein DO, Hailey L",Hailey Brownstein DO,Center For Hollistic Medicine,42b038b0-949b-46be-8843-e02868bb894a,person: first+last,,Tier 1,Kristen,K-A14,1,1,0,0,0,0,0,0,1,2026-04-27,2026-04-27,,KJ
"Burtka MD, James",James Burtka DO,Sterling Physicians,1972593499,person: first+last,,Tier 1,Kristen,K-A11,1,1,0,0,0,0,0,0,0,2026-07-07,2026-07-07,S McCarty (1),SS
"COOKE MD, CHRISTOPHER LEE",Christopher Cooke MD,DMC SPORTS MEDICINE NOVI,6e52135e-6cca-4482-9973-58d180f1dce7,person: first+last,also at DMC Orthopedics - Commerce Township (Tier 1) / DMC Orthopedics & Sports Medicine - Troy — chosen by PL tag,Tier 1,Jasmine,J-A01,1,1,0,0,0,0,0,0,0,2026-05-01,2026-05-01,S McCarty (1),JJ
"CROSSLEY MD, STEVEN",S. Crossley MD,HENRY FORD HEALTH,acaff0ce-7a7b-4911-a838-13246bcf618a,person: last+first-initial (LOW),,Prospect,Jasmine,J-A12,1,1,0,0,0,0,0,0,0,2026-08-31,2026-08-31,S McCarty (1),JJ
Chiro ref - doctor name not asked,,Chiro-Care of Livonia,d322402c-b030-4d0f-bc0e-3e895e6aefed,company name (LOW),matched on part of the name; referral note says the exact source was not captured on the call,Prospect,Jasmine,J-A02,1,1,0,0,0,0,0,0,0,2026-06-16,2026-06-16,J Varghese MD (1),KJ
"Cichowlas DO, Michael",Michael Cichowlas DO,Schoenherr Parkway Family Practice,62e680e9-a222-400d-9186-a369d13cf23f,person: first+last,,Tier 1,Kristen,K-A12,1,1,0,0,0,0,0,0,0,2026-09-15,2026-09-15,S McCarty (1),KJ
"Claibroue MD, Deidre",Deidre Claibroue MD,CROSSOVER HEALTH - ROYAL OAK,2024c27b-934c-438a-b4a9-9f569f25bfd5,person: first+last,,not in spine book,,,1,1,0,0,0,0,0,0,0,2026-08-24,2026-08-24,J Maslak MD (1),KJ
"Colvin MD, Randall",Randall Colvin MD,Henry Ford Warren Family Physicians,6771a475-3022-40fd-9db9-b8e0291f7082,person: first+last,,Tier 1,Kristen,K-A12,1,1,0,0,0,0,0,0,0,2026-02-27,2026-02-27,S McCarty (1),KJ
Concentra Sterling Heights,,Concentra Urgent Care - Sterling Heights,dc6067ed-60f7-4ae5-8b5b-7b8b03095484,company name,,Tier 1,Kristen,K-A11,1,1,0,0,0,0,0,0,0,2026-07-30,2026-07-30,S McCarty (1),SS
"Cooke MD, Christopher",Christopher Cooke MD,DMC Orthopedics - Commerce Township,568c9052-985c-48fa-b5bc-44baafba3dea,person: first+last,also at DMC SPORTS MEDICINE NOVI (Tier 1) / DMC Orthopedics & Sports Medicine - Troy — chosen by PL tag,Tier 1,Kristen,K-A09,1,1,0,0,0,0,0,0,0,2026-08-28,2026-08-28,S McCarty (1),KJ
Corewell Urgent Care,,Corewell Health Urgent Care,1d0a3fc4-bd55-4b73-b1fa-eb6ad99ce4e0,company name,also matches Corewell Urgent Care - Warren / Corewell URGENT CARE BY WELLSTREET / Corewell Health Urgent Care - Garden City / Corewell Urgent Care - Allen Park (+9 more); chosen by PL tag,Tier 2,Kristen,K-A26,1,1,0,0,0,0,0,0,0,2026-06-19,2026-06-19,J Varghese MD (1),KJ
"Crandall DO, Laura Ann",,,,UNMATCHED,no MMC person/company found,,,,1,1,0,0,0,0,0,0,0,2026-04-07,2026-04-07,S McCarty (1),KJ
DMC-Huron Valley,,,,UNMATCHED,no MMC company with this name,,,,1,1,0,0,0,0,0,0,0,2026-07-06,2026-07-06,H Singh MD (1),KJ
"Darwish, Darwish",Darwish Darwish MD,Gratiot Family Medicine,f7eb2b6e-6864-4576-879b-81a2bb775cb1,person: first+last,,Tier 1,Coty,C-A13,1,1,0,0,0,0,0,0,0,2026-06-25,2026-06-25,M Salar MD (1),CO
"Deitch DO, Jeffrey",Jeffrey Deitch DO,Tri-County Medical Clinic,1386634749,person: first+last,,Tier 1,Kristen,K-A11,1,1,0,0,0,0,0,0,0,2026-09-21,2026-09-21,S McCarty (1),KJ
"Demeri MD, Nader",Nader Demeri MD,Village Medical - Northville West,1255345930,person: first+last,also at SOUTH ALLEN MEDICAL GROUP — chosen by PL tag,Tier 1,Kristen,K-A20,1,1,0,0,0,0,0,0,0,2026-05-18,2026-05-18,M Salar MD (1),KJ
"Devon van Rensburg, DPT - Pryde Athletics  NPI 1912503830  BEING ADDED",Devon Van Rensburg DPT,Pryde Athletics and Physical Therapy,70091951-e0bd-42eb-9eb7-c5be5ce88649,person: first+last,,Tier 1,Kristen,K-A27,1,1,0,0,0,0,0,0,0,2026-04-17,2026-04-17,S McCarty (1),KJ
"Diponio Jr DO, Frank A","Frank Diponio Jr DO,",Professional Village Medical Center,1427031756,person: first+last,,Tier 1,Kristen,K-A06,1,1,0,0,0,0,0,0,0,2026-08-17,2026-08-17,S McCarty (1),KJ
Dr. Michaels - not specified,,,,AMBIGUOUS PERSON,surname only — several MMC people share it: Eva Michaels PA-C / Jenny Michaels MD / Tracey Michaels FNP,,,,1,1,0,0,0,0,0,0,0,2026-08-06,2026-08-06,L Zamorano (1),?
"Eichenlaub NP, Jeffrey M","Jeffrey Eichenlaub, NP",DEIGHTON FAMILY PRACTICE - use this one,a6779fd4-289a-49f7-8602-76dc1bf5764c,person: first+last,,Tier 1,Kristen,K-A21,1,1,0,0,0,0,0,0,0,2026-02-16,2026-02-16,S McCarty (1),KJ
"England NP, Christine",Christine England PA-C,Ryan Medical Associates,c88f05f1-5992-43b0-947c-469a44a0feef,person: first+last,,Tier 1,Kristen,K-A23,1,1,0,0,0,0,0,0,0,2026-04-07,2026-04-07,J Varghese MD (1),SS
"Erickson DO, Martin",Martin Erickson DO,Village Medical - Livonia,e3d707da-675d-4d7c-9356-2f53ec4d8a2e,person: first+last,,Tier 1,Kristen,K-A24,1,1,0,0,0,0,0,0,0,2026-03-30,2026-03-30,S McCarty (1),KJ
"Ettefagh MD, Leila",Leila Ettefagh MD,THE CORE INSTITUTE NOVI,73e16173-bee1-429e-93a5-997d3d6df3d9,person: first+last,also at Core Institute/Henry Ford Motor City Orthopedics & PT- Southfield (Tier 1) — chosen by PL tag,Prospect,Coty,C-A14,1,1,0,0,0,0,0,0,0,2026-04-14,2026-04-14,J Maslak MD (1),CO
"Ewald MD, Matthew T",Matthew Ewald MD,Stonebrooke Family Physicians,c9013f02-25d6-4df2-96f8-b4f1e9936878,person: first+last,,Tier 1,Kristen,K-A05,1,1,0,0,0,0,0,0,0,2026-04-14,2026-04-14,J Varghese MD (1),KJ
"Finn MD, Jeffrey",Jeffrey Finn MD,HENRY FORD MEDICAL CENTER FARMINGTON ROAD INTERNAL MEDICINE,9021dee7-1935-4acc-9d3e-63f9e919459d,person: first+last,,Tier 1,Kristen,K-A14,1,1,0,0,0,0,0,0,0,2026-06-02,2026-06-02,J Varghese MD (1),KJ
"Frantz NP, Sydne",Sydney Frantz NP,"COMMERCE PRIMARY CARE, PC",512973f9-6ce5-4941-bf0e-dbc021ae2dc0,person: first+last (nickname),,Tier 1,Kristen,K-A09,1,1,0,0,0,0,0,0,0,2026-08-11,2026-08-11,S McCarty (1),KJ
"Fukala NP, Monica",Monica Fukala NP,Premier Medicine Medical Center - Livonia,13842362-6701-47f3-95cc-140ea17bd264,person: first+last,,Tier 1,Jasmine,J-A05,1,1,0,0,0,0,0,0,0,2026-02-03,2026-02-03,S McCarty (1),JJ
"Gammons DO, Timothy",Tim Gammons DO,Gammons Medical - Royal Oak,bdc2eebd-fa87-437e-8df7-55d457b675ba,person: first+last (nickname),,not in spine book,,,1,1,0,0,0,0,0,0,0,2026-05-15,2026-05-15,A Munk MD (1),KJ
"Geevarghese MD, Roby",Roby  Geevarghese MD,Prism Medical Group - Family Medicine Ste 240,b95fc8ff-585a-4d2e-9aae-c2ea0fd1b50c,person: first+last,,Tier 1,Coty,C-A04,1,1,0,0,0,0,0,0,0,2026-08-31,2026-08-31,S Mendelson MD (1),CO
"Genoff DPT, Dave",Dave Genoff DPT,Team Rehabilitation  - Washington,940f0098-7ee4-47be-9425-5cd4bbc4dd0f,person: first+last,,Tier 1,Kristen,K-A04,1,1,0,0,0,0,0,0,1,2026-03-12,2026-03-12,,KJ
Getwell Urgent Care- Madison Heights,,Get Well Urgent Care Madison Heights,346a1335-a97f-4a1a-9847-77f9e71383c3,company name,,Tier 1,Kristen,K-A21,1,1,0,0,0,0,0,0,0,2026-02-04,2026-02-04,A Munk MD (1),KG
"Gillespie DPM, Rachel",Rachel Gillespie DPM,Preferred Medical Group,1356443600,person: first+last,also at ADVANTAGE FOOT AND ANKLE SPECIALISTS — chosen by PL tag,Tier 1,Coty,C-A12,1,1,0,0,0,0,0,0,0,2026-03-24,2026-03-24,M Salar MD (1),CO
Giroux & Pappas,,Giroux and Pappas Law,4f663210-8bbe-456b-8ec9-9ce8a0b3fccd,company name,,Tier 2,Kristen,Phone cadence,1,1,0,0,0,0,0,0,1,2026-07-27,2026-07-27,J Varghese MD [after telehealth] (1),KJ
"Godbold MD, Henri",Henri Godbold MD,"WAYNE COMMUNITY HEALTH CENTERS, INC",b89491cd-a8b2-4493-8dba-2e2146e504a0,person: first+last,,Tier 1,Kristen,K-A26,1,1,0,0,0,0,0,0,0,2026-08-04,2026-08-04,S McCarty (1),KJ
"Gojcaj, Drita",Drita Gijcoj FNP-C,Integrative Family Care,5dc1c26e-27ff-48e0-a625-f7bd13fbec29,"person: first+last (rare first name, surname garbled — verify)",,Tier 1,Coty,C-A05,1,1,0,0,0,0,0,0,0,2026-04-21,2026-04-21,J Varghese MD (1),CO
"Gorski MD, John",John A. Gorski MD,Surgeons Choice Medical Center,78bddbf7-ff88-4f56-b733-6277abc112a7,person: first+last,"AMBIGUOUS — also at Michigan Surgery Specialists PC; no PL/credential/tier evidence, first in MMC order shown",not in spine book,,,1,1,0,0,0,0,0,0,0,2026-08-07,2026-08-07,S McCarty (1),JJ
"Gould DO, Gregory",Gregory Gould DO,Gregory Gould DO,1bdbcaac-c199-419d-b5a3-2b7eab4315d3,person: first+last,,Tier 1,Coty,C-A03,1,1,0,0,0,0,0,0,0,2026-08-24,2026-08-24,J Maslak MD (1),CO
"Grucz MD, Douglas",Douglas Grucz MD,Corewell Health Wayne Hospital Family Medicine -  Canton,1022591b-a2f2-47ed-a718-e764042f930d,person: first+last,,Tier 1,Jasmine,J-A09,1,1,0,0,0,0,0,0,0,2026-08-31,2026-08-31,K Bohm MD (1),JJ
"HARRISON MD, GENA",Gina Harrison,Corewell Health Family Medicine - Northside,809a3eca-b208-45b0-9625-72c47659e808,person: first+last (nickname),,Prospect,Jasmine,J-A02,1,1,0,0,0,0,0,0,1,2026-05-14,2026-05-14,,JJ
"HAWKINS DO, JASON",Jason Hawkins DO,Rochester Medical Group,c82c9d5d-f644-42a6-8149-43868624eb50,person: first+last,,Tier 1,Coty,C-A05,1,1,0,0,0,0,0,0,0,2026-04-30,2026-04-30,M Salar MD (1),CO
HF Rochester Community,,,,UNMATCHED,no MMC person/company found,,,,1,1,0,0,0,0,0,0,0,2026-03-20,2026-03-20,S McCarty (1),SS
"Hasbany MD, Robert",Robert Hasbany MD,Madison Medical Arts,1760473094,person: first+last,,Tier 1,Coty,C-A12,1,1,0,0,0,0,0,0,0,2026-06-18,2026-06-18,S McCarty (1),CO
"Hesselberg, Jason DC",Jason Hesselberg DC,Hesselberg Chiropractic,83b9dec3-57ee-4777-b000-fcb1c228e6c7,person: first+last,,Tier 1,Kristen,K-A27,1,1,0,0,0,0,0,0,1,2026-01-12,2026-01-12,,KJ
"Hines Fenderson MD, Shyran Jelene","Shyran Hines Fenderson MD,","Trinity Health IHA Medical Group, Primary Care - Southeast Livonia",6b70f9d5-4063-4208-85f4-1d780fabaacc,person: first+last,,Tier 1,Jasmine,J-A07,1,1,0,0,0,0,0,0,1,2026-04-02,2026-04-02,,JJ
"Hirch DO,  Ronald (Howard Dubin)",Ronald Hirsch DO,Oakland Family Practice,13ba57d5-6bc6-4d44-8d40-efd8e7131d2e,person: first+last (exact/surname spelling),,Tier 1,Kristen,K-A13,1,1,0,0,0,0,0,0,0,2026-04-21,2026-04-21,J Varghese MD (1),KJ
"Hollowell MD, Sylvia Kristine",,,,UNMATCHED,no MMC person/company found,,,,1,1,0,0,0,0,0,0,0,2026-01-07,2026-01-07,S McCarty (1),KJ
"Hopman MD, Eileen",Eileen Hopman MD,Bay Area Family Physicians,1093985145,person: first+last,,Tier 1,Coty,C-A01,1,1,0,0,0,0,0,0,0,2026-06-17,2026-06-17,J Varghese MD (1),CO
"Jain MD, Alka",Alka Jain MD,"COMMERCE PRIMARY CARE, PC",512973f9-6ce5-4941-bf0e-dbc021ae2dc0,person: first+last,,Tier 1,Kristen,K-A09,1,1,0,0,0,0,0,0,0,2026-09-04,2026-09-04,S McCarty (1),KJ
"Johnston PA-C, Ryan",Ryan Johnston PAC,North Valley Internal Medicine,063204da-544e-4bdd-a18b-f483a5c16ad9,person: first+last,,Tier 1,Coty,C-A07,1,1,0,0,0,0,0,0,0,2026-04-07,2026-04-07,S McCarty (1),CO
"Jones, Lisa",Lisa Jones DNP,Premier Medicine Medical Center - Livonia,13842362-6701-47f3-95cc-140ea17bd264,person: first+last,,Tier 1,Jasmine,J-A05,1,1,0,0,0,0,0,0,0,2026-04-22,2026-04-22,M Salar MD (1),JJ
"KRISHNAMOORTHY MD, MADHUMITHA",Madhumitha Krishnamoorthy MD,NextGen Vitality,de4283ce-62ba-4417-9008-a03e8d75671f,person: first+last,,Prospect,Kristen,K-A18,1,1,0,0,0,0,0,0,0,2026-08-28,2026-08-28,S McCarty (1),KJ
Kajy  Law,,Kajy Law,3b453978-15f0-429d-ab43-67d84178b21f,company name,,Tier 1,Kristen,Phone cadence,1,1,0,0,0,0,0,0,1,2026-09-02,2026-09-02,J Varghese MD [after telehealth] (1),KJ
Kajy Lawfirm,,Kajy Law,3b453978-15f0-429d-ab43-67d84178b21f,company name,,Tier 1,Kristen,Phone cadence,1,1,0,0,0,0,0,0,1,2026-07-27,2026-07-27,,KJ
"Kalabat FNP-BC, Amber S",Amber Kalabat FNP-BC,Epic Healthcare - Southfield,a6831f2e-4f19-4f2d-bdb5-d732d5c81ce7,person: first+last,,Tier 1,Coty,C-A12,1,1,0,0,0,0,0,0,0,2026-01-21,2026-01-21,S McCarty (1),KJ
"Kambhatla MD, Sujata",Sujata Kambhatla MD,"APOLLO HEALTH SERVICES, PC",1689099f-fc6b-4174-9111-5dce70adbd66,person: first+last,,Tier 1,Jasmine,J-A07,1,1,0,0,0,0,0,0,0,2026-03-31,2026-03-31,J Maslak MD (1),JJ
"Kashat MD, Ghazawan K",Ghazawan Kashat MD,Kashat Urgent care,0b9485b1-39bd-4f21-8222-387834af8472,person: first+last,,Tier 1,Kristen,K-A13,1,1,0,0,0,0,0,0,1,2026-06-03,2026-06-03,,SS
"Khader MD, Talal",Talal Khader MD,PelHam Primary Care,d4c2e8cb-a4bb-454f-bc5c-8425cff6d293,person: first+last,also at FAITH PRIMARY CARE (Prospect) — chosen by PL tag,Tier 1,Jasmine,J-A10,1,1,0,0,0,0,0,0,0,2026-01-13,2026-01-13,M Salar MD (1),JJ
"Khan DO, Ashraf",Ashraf Khan DO,McLaren Oakland Center for Spine & Pain Management,be1474d8-c6ce-4792-bc96-a22bf4ce125d,person: first+last,,Tier 1,Coty,C-A02,1,1,0,0,0,0,0,0,1,2026-03-05,2026-03-05,,CO
"Kinner DO, Carolann",Carolann Kinner DO,"DIAB AND KINNER INTERNAL MEDICINE, PC- use",954353cc-a941-4b77-90f3-f3fb1c62e161,person: first+last,,Tier 1,Kristen,K-A12,1,1,0,0,0,0,0,0,0,2026-01-15,2026-01-15,S McCarty (1),KG
"Kloski, Rachel N",Rachel Kloski PA-C,Lakeview Medical Center,64ed5116-24c0-4278-8d87-a7ca5f7d76c4,person: first+last,,Tier 1,Coty,C-A13,1,1,0,0,0,0,0,0,0,2026-02-04,2026-02-04,A Munk MD (1),CO
"Kotsonis DO, Steven",Steven Kotsonis DO,Silver Pine Medical Group - Sterling Heights,cac69af6-f814-4339-a4f4-d8cd7112ec3c,person: first+last,,Tier 2,Kristen,K-A06,1,1,0,0,0,0,0,0,0,2026-08-12,2026-08-12,J Varghese MD (1),KJ
"Koza MD, Heather",Heather Koza MD,Legacy Family Care,6a6a4408-2a28-4e5b-aea6-b70d4b47d57c,person: first+last,,Tier 1,Kristen,K-A22,1,1,0,0,0,0,0,0,0,2026-06-01,2026-06-01,M Salar MD (1),KJ
"Laming, Christie S",Christie Laming MD,Lexington Family Medicine,e91e6824-c768-4d8f-a1d0-2c6cb005cc47,person: first+last,,Tier 1,Kristen,K-A02,1,1,0,0,0,0,0,0,0,2026-02-10,2026-02-10,A Munk MD (1),KJ
"Lefere PT, Nicholas",Nick Lefere,Plymouth physical therapy services,cd5ff85f-ef03-49bb-bf33-ee98e3b500ec,person: first+last (nickname),,Tier 1,Jasmine,J-A07,1,1,0,0,0,0,0,0,0,2026-06-10,2026-06-10,M Salar MD (1),JJ
"Lupo, Jeffrey",Jeffrey Lupo DC,Lupo Chiropractic Center,ea3dd183-15b5-491c-b6b5-55d6404f4a22,person: first+last,,Tier 1,Kristen,K-A19,1,1,0,0,0,0,0,0,1,2026-02-12,2026-02-12,,KJ
"MEEHAN MD, ROBERT",Robert Meehan MD,DMC SPORTS MEDICINE NOVI,6e52135e-6cca-4482-9973-58d180f1dce7,person: first+last,,Tier 1,Jasmine,J-A01,1,1,0,0,0,0,0,0,0,2026-06-12,2026-06-12,S McCarty (1),JJ
"MEEHAN, ROBERT",Robert Meehan MD,DMC SPORTS MEDICINE NOVI,6e52135e-6cca-4482-9973-58d180f1dce7,person: first+last,,Tier 1,Jasmine,J-A01,1,1,0,0,0,0,0,0,0,2026-07-14,2026-07-14,S McCarty (1),JJ
MILFORD URGENT CARE,,Urgent Care of Milford,c87aa383-9bf1-4f78-8810-bcb83fcefb74,company name,,Prospect,Coty,C-C05,1,1,0,0,0,0,0,0,0,2026-08-18,2026-08-18,J Maslak MD (1),CO
"MURRAY MD, YUJING","YUJING MURRAY MD,",Trinity Health IHA Medical Group Primary Care - Canton,25a91d51-ca80-40cd-88ea-8b37beaa2ea8,person: first+last,,Tier 1,Jasmine,J-A11,1,1,0,0,0,0,0,0,0,2026-07-06,2026-07-06,S McCarty (1),JJ
"Mackey MD, Mark",Mark Mackey MD,DMC Orthopedics - Commerce Township,568c9052-985c-48fa-b5bc-44baafba3dea,person: first+last,,Tier 1,Kristen,K-A09,1,1,0,0,0,0,0,0,0,2026-07-06,2026-07-06,S McCarty (1),KJ
"Mackey, Mark",Mark Mackey MD,DMC Orthopedics - Commerce Township,568c9052-985c-48fa-b5bc-44baafba3dea,person: first+last,,Tier 1,Kristen,K-A09,1,1,0,0,0,0,0,0,0,2026-08-18,2026-08-18,S McCarty (1),KJ
"Maddox MD, Aaron",Aaron Maddox MD,Legend Health - Now One Health,078d2fa6-e81c-41d1-95f2-04234d511192,person: first+last,,Tier 1,Kristen,K-A18,1,1,0,0,0,0,0,0,0,2026-08-05,2026-08-05,S McCarty (1),KJ
"Mansour MD, Yousif S/Ross Law",Yousif Mansour MD,SOUTHFIELD MEDICAL CLINIC AND PREMIER URGENT CARE AND WALK IN CLINIC,297a710c-01f5-41e0-9ffc-d1df69e9329d,person: first+last,,Tier 1,Kristen,K-A15,1,1,0,0,0,0,0,0,1,2026-04-20,2026-04-20,,KJ
"Marcarian MD, Matthew",Mathew Marcarian  MD,"TENNY INTERNAL MEDICINE, PLLC",3effe9bc-8576-4eee-ba7e-9bf99eb7d1fa,person: first+last (spelling),,Tier 1,Jasmine,J-A10,1,1,0,0,0,0,0,0,0,2026-05-06,2026-05-06,J Maslak MD (1),JJ
Mark Servai- MI Auto Law,,Michigan Auto Law,8bd62ae0-e836-472d-84f6-a85688fd5524,company name (LOW),matched on part of the name,Tier 1,Kristen,Phone cadence,1,1,0,0,0,0,0,0,1,2026-04-09,2026-04-09,,KJ
"Marsheh MD , Nikolas","Nikolas Atif Marsheh MD,",Forum Medical Clinic,8dd680b0-5504-40bd-8956-3ce07e763aef,person: first+last,also at Forum Medical Clinic (Prospect) — chosen by tier,Tier 1,Coty,C-A05,1,1,0,0,0,0,0,0,0,2026-01-19,2026-01-19,J Maslak MD (1),CO
"Marsheh, Nicolas","Nikolas Atif Marsheh MD,",Forum Medical Clinic,8dd680b0-5504-40bd-8956-3ce07e763aef,person: first+last (spelling),also at Forum Medical Clinic (Prospect) — chosen by tier,Tier 1,Coty,C-A05,1,1,0,0,0,0,0,0,0,2026-09-23,2026-09-23,S McCarty (1),CO
"Martenka DPT, Joseph",Joe Martenka DPT,Pryde Athletics and Physical Therapy,70091951-e0bd-42eb-9eb7-c5be5ce88649,person: first+last (nickname),,Tier 1,Kristen,K-A27,1,1,0,0,0,0,0,0,0,2026-09-22,2026-09-22,S McCarty (1),KJ
MedCare Urgent Care,,,,UNMATCHED,no MMC company with this name,,,,1,1,0,0,0,0,0,0,0,2026-08-31,2026-08-31,S McCarty (1),JJ
"Meyer DO, Barry S",Barry Meyer DO,Barry S Meyer DO PC,a183eb7c-8d61-4470-8154-52f7dbff87b5,person: first+last,,Tier 1,Coty,C-A10,1,1,0,0,0,0,0,0,0,2026-05-27,2026-05-27,S McCarty (1),CO
"Michel MD, Adrian Laith",Adrian Michel MD,Corewell Internal Medicine Southfield,5eb6a409-5e7b-430f-a462-af3a919cfc22,person: first+last,,Tier 1,Kristen,K-A16,1,1,0,0,0,0,0,0,0,2026-04-21,2026-04-21,S McCarty (1),KJ
Mike Morse Law,,Mike Morse Law Firm,2dd4a698-eeec-4552-98ba-d85b130bcc56,company name,,Tier 1,Kristen,Phone cadence,1,1,0,0,0,0,0,0,1,2026-07-27,2026-07-27,J Maslak MD [after telehealth] (1),KJ
"Miller FNP-BC, Carol",Carol Miller NP,Michigan Neurology and Spine Center,137ab9e0-c65d-4932-9dc5-f8b83b872e50,person: first+last,,Tier 1,Kristen,K-A03,1,1,0,0,0,0,0,0,0,2026-05-12,2026-05-12,A Munk MD (1),KJ
"Mocanu MD, Marian",Marian Mocanu MD,DMC PRIMARY AND SPECIALTY CARE WEST BLOOMFIELD,e1df3a06-b408-47d1-8333-8e5c30e7bc97,person: first+last,,Tier 1,Kristen,K-A14,1,1,0,0,0,0,0,0,0,2026-08-07,2026-08-07,S McCarty (1),KJ
"Monroe DO, Gregory",Gregory Monroe DO,Greg Monroe DO PC,4de0cfd4-93f7-4efa-a4ed-25a3ceaf173b,person: first+last,,Tier 1,Kristen,K-A29,1,1,0,0,0,0,0,0,0,2026-01-07,2026-01-07,S McCarty (1),KJ
Morasso,John Morasso DO,DMC SPORTS MEDICINE NOVI,6e52135e-6cca-4482-9973-58d180f1dce7,person: last-name only (LOW),also at DMC Orthopedics - Commerce Township (Tier 1) — chosen by PL tag,Tier 1,Jasmine,J-A01,1,1,0,0,0,0,0,0,0,2026-05-27,2026-05-27,S McCarty (1),JJ
"NZOMA, JONATHAN KYULU",Jonathan Nzoma DO,Roberts Orthopedic Services,680822f2-58d4-4f67-b09b-01ccd6f95892,person: first+last,,Tier 1,Jasmine,J-A02,1,1,0,0,0,0,0,0,0,2026-05-22,2026-05-22,S McCarty (1),SS
"Nannapaneni MD, Sudha",Sudha Nannapaneni MD,Sudha Nannapaneni MD,f9518cc9-e8e8-4517-8250-4768d176ee8c,person: first+last,,Tier 1,Coty,C-A13,1,1,0,0,0,0,0,0,0,2026-01-20,2026-01-20,J Varghese MD (1),CO
Northland Medical,,,,UNMATCHED,no MMC company with this name,,,,1,1,0,0,0,0,0,0,1,2026-06-12,2026-06-12,,JJ
Oakstreet Health - Cherry Hill,,OAK STREET HEALTH CHERRY HILL,0cc06713-910b-4b74-ba14-7cd3d76b3c62,company name,,Tier 1,Jasmine,J-A07,1,1,0,0,0,0,0,0,0,2026-02-11,2026-02-11,J Maslak MD (1),JJ
"Odeh MD, Khalid",Khalid Odeh MD,Corwell health orthopedics Canton,48d727c6-d942-4dbb-b457-0839ac8e1b68,person: first+last,also at Corewell Health Taylor Hospital Orthopedic Center — chosen by PL tag,Tier 1,Jasmine,J-A09,1,1,0,0,0,0,0,0,0,2026-02-04,2026-02-04,A Munk MD (1),JJ
"Osowa MD, Benjamin",Benjamin Osowa MD,Cornerstone Lakefront Internists,16c0ac85-6d3c-4c74-97b4-385a2a7fac00,person: first+last,,Tier 1,Kristen,K-A19,1,1,0,0,0,0,0,0,0,2026-02-10,2026-02-10,M Salar MD (1),KG
"Palka, Courtney Elyse",Courtney Palka MD,IHA UNION LAKE PEDIATRICS,905d0bbb-d935-4258-8a1e-2e30d0a25987,person: first+last,,Tier 1,Kristen,K-A09,1,1,0,0,0,0,0,0,0,2026-06-10,2026-06-10,S McCarty (1),KJ
"Patel MD, Priyesh",Priyesh Patel MD,"TWIN LAKES MEDICAL ASSOCIATES, PC",e7b52c83-5403-4607-98fb-61ffa473ccc4,person: first+last,,Tier 1,Kristen,K-A07,1,1,0,0,0,0,0,0,1,2026-06-10,2026-06-10,,KJ
"Pathak MD, Meghna","Meghna Pathak MD,",ORCHARD PRIMARY CARE,ba00dba0-20f9-440b-8df0-799ade91a785,person: first+last,,Tier 1,Kristen,K-A22,1,1,0,0,0,0,0,0,1,2026-05-01,2026-05-01,,KJ
"Peoples MD, Ashleigh",Ashleigh Peoples MD,Premier Private Physicians,fc79eac0-6f20-44c3-84a9-e20d7068fe4e,person: first+last,,Tier 1,Coty,C-A09,1,1,0,0,0,0,0,0,0,2026-06-09,2026-06-09,S McCarty (1),CO
"Peter DO, Jason N",Jason Peter DO,Pain Clinic of Michigan,bdc96513-2e4b-4263-916b-792d4001c0b0,person: first+last,also at Pain Clinic of Michigan - Troy — chosen by PL tag,Prospect,Jasmine,J-B01,1,1,0,0,0,0,0,0,0,2026-08-04,2026-08-04,J Varghese MD (1),JJ
Physican Referral External,,,,SOURCE NOT CAPTURED,referral note says the doctor/location was not captured on the call,,,,1,1,0,0,0,0,0,0,0,2026-02-11,2026-02-11,J Varghese MD (1),?
"Pinson DO, Thomas M",Thomas Pinson DO,City Medical - Madison Heights,63cd155b-cebc-4ccb-ae48-e9fd30422380,person: first+last,also at City Medical - Southgate (Tier 2) — chosen by credential,Prospect,Jasmine,J-A03,1,1,0,0,0,0,0,0,0,2026-04-07,2026-04-07,S McCarty (1),JJ
"Provizer DO, Jeffrey",Jeffrey Provizer DO,Millenium Associated Physicians - 130A,1972588259,person: first+last,,Tier 2,Kristen,K-A16,1,1,0,0,0,0,0,0,0,2026-07-30,2026-07-30,S McCarty (1),KJ
Pymouth PT - Plymouth location,,Plymouth PT,2c60eae5-2763-4890-8b2c-79d3e64f8375,company name,also matches Plymouth Urgent Care / IHA Plymouth Primary Care / Plymouth urgent care walk-in clinic / PLYMOUTH CANTON FAMILY HEALTH (+3 more); chosen by PL tag,Tier 2,Kristen,K-A29,1,1,0,0,0,0,0,0,0,2026-08-04,2026-08-04,J Maslak MD (1),KJ
"Qin MD, Pu",Pu Qin MD,Corewell Health-East,04ad9387-b1fe-45cd-bd14-73188de8e04a,person: first+last,,Tier 1,Kristen,K-A13,1,1,0,0,0,0,0,0,0,2026-02-25,2026-02-25,J Varghese MD (1),KJ
"Raad DO, Michael",Michael Raad DO,Silver Pine Medical Group - Sterling Heights,cac69af6-f814-4339-a4f4-d8cd7112ec3c,person: first+last,,Tier 2,Kristen,K-A06,1,1,0,0,0,0,0,0,0,2026-08-17,2026-08-17,J Maslak MD (1),KJ
"Raza MD, Mushahid",Mushahid Raza MD,Corewell Health Wayne Hospital Family Medicine -  Canton,1022591b-a2f2-47ed-a718-e764042f930d,person: first+last,,Tier 1,Jasmine,J-A09,1,1,0,0,0,0,0,0,0,2026-03-18,2026-03-18,J Maslak MD (1),JJ
Referred by physical therapist to see McCarty- specific therapist not asked on call,,,,SOURCE NOT CAPTURED,referral note says the doctor/location was not captured on the call,,,,1,1,0,0,0,0,0,0,1,2026-04-24,2026-04-24,,?
"Rojas, Pierre",Pierre Rojas DO,Midwest Spine and Sports Group,78fa7ac8-c82d-4393-bd6f-1c2768adb154,person: first+last,,not in spine book,,,1,1,0,0,0,0,0,0,0,2026-03-16,2026-03-16,S McCarty (1),KJ
"Rollins DO, William","William Rollins DO,",Park Medical Centers - Canton,047f1f57-d796-4b0d-b2d0-b5d576ad50ea,person: first+last,,Tier 1,Jasmine,J-A09,1,1,0,0,0,0,0,0,0,2026-07-07,2026-07-07,J Maslak MD (1),JJ
"Rozzell MD, Donald M",Donald Rozzell MD,Henry Ford Main Internal Medicine - Grosse Pointe,1073593174,person: first+last,,Tier 1,Kristen,K-A26,1,1,0,0,0,0,0,0,0,2026-04-21,2026-04-21,J Varghese MD (1),KJ
"Ryman PA , Elizabeth",Elizabeth Ryman PA,Stonebrooke Family Physicians,c9013f02-25d6-4df2-96f8-b4f1e9936878,person: first+last,,Tier 1,Kristen,K-A05,1,1,0,0,0,0,0,0,0,2026-02-19,2026-02-19,M Salar MD (1),KJ
"SALIM MD, MADIHA",Madiha Salim MD,Village Medical - Walled Lake,6c29d59b-0b61-4f52-b7a7-f29818051f07,person: first+last,,Tier 1,Jasmine,J-A01,1,1,0,0,0,0,0,0,0,2026-08-07,2026-08-07,S McCarty (1),JJ
"Saad MD, Abdul Hassan",AbdulHassan Saad MD,Sterling Medical Center & Urgent Care,f30f611c-772a-406a-9d92-231790b785c2,person: first+last (nickname),also at SaadMDClinic - Dearborn — chosen by PL tag,Tier 2,Kristen,K-A12,1,1,0,0,0,0,0,0,0,2026-09-08,2026-09-08,M Salar MD (1),KJ
"Sabbagh MD, David",David Sabbagh MD,Mitchell Medical Center,3a600778-0104-4e04-b9d4-feb46e567bd7,person: first+last,also at St. Clair Medical — chosen by PL tag,Tier 1,Kristen,K-A03,1,1,0,0,0,0,0,0,0,2026-02-10,2026-02-10,A Munk MD (1),KJ
"Sabbagh MD, Mahoud Nabil",,,,UNMATCHED,no MMC person/company found,,,,1,1,0,0,0,0,0,0,0,2026-07-07,2026-07-07,S McCarty (1),JJ
"Saini MD, Anvita  B",Anvita Saini MD,Karma Internists,9e6bf540-edd8-4135-9b33-cef5e4fbcc2c,person: first+last,,Tier 1,Jasmine,J-A01,1,1,0,0,0,0,0,0,0,2026-03-26,2026-03-26,S McCarty (1),JJ
"Salama MD, Joseph",Jospeh Salama MD,Beacon Orthopedics of Michigan - Livonia,7ba5f22d-a044-4e77-9eae-086d15413f50,person: first+last (spelling),,Tier 1,Coty,C-A14,1,1,0,0,0,0,0,0,0,2026-03-05,2026-03-05,M Salar MD (1),CO
"Sawalha MD, Sameer",Sameer Sawalha MD,"APPOLINE MEDICAL CLINIC, PC",41d58a99-837a-4287-a726-afe3cda684c8,person: first+last,,Prospect,Jasmine,J-A04,1,1,0,0,0,0,0,0,1,2026-07-13,2026-07-13,S McCarty [after telehealth] (1),JJ
"Sawka DO, Jaroslaw",,,,UNMATCHED,no MMC person/company found,,,,1,1,0,0,0,0,0,0,0,2026-03-10,2026-03-10,S McCarty (1),KG
"Schramm MD, Danielle M",,,,UNMATCHED,no MMC person/company found,,,,1,1,0,0,0,0,0,0,0,2026-06-15,2026-06-15,M Salar MD (1),KJ
"Schwarcz DO, Briana",Brianna Schwarcz DO,Park Internal Medicine,1402505e-8030-4222-ac59-577fa4458cd9,person: first+last (spelling),,Prospect,Jasmine,J-A01,1,1,0,0,0,0,0,0,0,2026-03-13,2026-03-13,S McCarty (1),JJ
"Schwartz DO, Allan",Allan Schwartz DO,Accurate Care,58ce6981-3668-40d7-a9ea-7f6ba4719e33,person: first+last,also at Novamed — chosen by PL tag,Prospect,Kristen,K-A17,1,1,0,0,0,0,0,0,1,2026-02-20,2026-02-20,,KJ
"Scofield MD, Barry Joseph",Barry Scofield MD,Masonic Medical Center - Ascension,e73f759b-87dc-444f-a504-b954ddeeace1,person: first+last,,Tier 2,Kristen,K-A08,1,1,0,0,0,0,0,0,0,2026-08-18,2026-08-18,S McCarty (1),SS
"Shahab MD, Syed Masood",Syed Masood Shahab MD,Brighton Internal Medicine,02e450b1-82e8-408a-a0a4-fa7af806ed2b,person: first+last,,Tier 1,Coty,C-A07,1,1,0,0,0,0,0,0,0,2026-01-06,2026-01-06,M Salar MD (1),CO
"Sheikh, Mohammad I",Mohammad Sheikh MD,SHEIKH MEDICAL CENTER,7c32d0b4-c83f-4756-924c-9c8c74996a39,person: first+last,,Tier 1,Kristen,K-A22,1,1,0,0,0,0,0,0,0,2026-06-12,2026-06-12,S McCarty (1),KJ
"Shepherd DO, Steven","Steven Shepherd DO,",Professional Village Medical Center,1427031756,person: first+last,,Tier 1,Kristen,K-A06,1,1,0,0,0,0,0,0,0,2026-07-29,2026-07-29,J Varghese MD (1),KJ
"Shropshire, Kasheena",Kasheena Shropshire NP,MNP,40477f1c-8f50-4f86-8e7e-a5431b7f2fe6,person: first+last,,Tier 1,Kristen,K-A06,1,1,0,0,0,0,0,0,0,2026-05-12,2026-05-12,J Varghese MD (1),KJ
"Singleton MD, Shelia","Shelia Singleton MD,",Community First Health Centers - New Haven,8cef9fd7-931c-4e45-bf44-0cac47716f62,person: first+last,,Tier 1,Coty,C-A01,1,1,0,0,0,0,0,0,0,2026-06-09,2026-06-09,S McCarty (1),CO
"Skelton PA-C, Kelsey",Kelsey Skelton PA-C,CoreMed - Commerce,eab7d954-a523-466a-a75b-3eca7bf9c6d0,person: first+last,,Tier 1,Kristen,K-A09,1,1,0,0,0,0,0,0,0,2026-03-12,2026-03-12,S McCarty (1),KJ
"Soffa, Jason I",Jason I Soffa DO,Oakland Primary Care,1952660706,person: first+last,,Tier 1,Coty,C-A11,1,1,0,0,0,0,0,0,0,2026-06-15,2026-06-15,J Maslak MD (1),CO
"Spadafore-Barrett PA-C, Ginni",Gennie Spadafore PA,Michigan Primary Care & Rheumatology Associates,f55ef1d9-964a-47a5-b453-b675bd1c29f3,person: first+last (nickname),,not in spine book,,,1,1,0,0,0,0,0,0,0,2026-07-17,2026-07-17,S McCarty (1),KJ
"Steinbrock DO, Alex",Alex Steinbock DO,McLaren Macomb Neurology,1bbdc392-4094-4dce-8e3e-18e33a01eb19,person: first+last (exact/surname spelling),,Tier 1,Coty,C-A08,1,1,0,0,0,0,0,0,0,2026-06-03,2026-06-03,J Varghese MD (1),CO
"Stern DO, Sheldon L","Sheldon L Stern DO,",Village Medical Farmington,8a6ae159-0242-4272-b933-bd11fc117733,person: first+last,,Tier 1,Kristen,K-A22,1,1,0,0,0,0,0,0,0,2026-03-04,2026-03-04,S McCarty (1),KJ
"Szaraz MD, David Julian",David Szaraz MD,BEAUMONT FAMILY MEDICINE BELLEVILLE,61a031d7-889d-4b90-8391-8647f4be87ec,person: first+last,,Tier 1,Jasmine,J-A11,1,1,0,0,0,0,0,0,1,2026-05-07,2026-05-07,,JJ
"Tanir Avci MD, Narin",,,,UNMATCHED,no MMC person/company found,,,,1,1,0,0,0,0,0,0,0,2026-05-20,2026-05-20,A Munk MD (1),CO
"Tasevski NP, Aleksandra",Aleksandra Tasevski NP,Michigan Primary Care - Sterling Heights,ce3b56cf-1381-41d0-b067-752448464958,person: first+last,,Tier 1,Kristen,K-A05,1,1,0,0,0,0,0,0,0,2026-05-19,2026-05-19,J Varghese MD (1),SS
"Thomas MD, Mark William",Mark Thomas MD,Premiere Pediatrics,a8abc02a-95b9-4318-b876-60471f8fff0e,person: first+last,,Tier 1,Coty,C-A02,1,1,0,0,0,0,0,0,0,2026-06-16,2026-06-16,S McCarty (1),KJ
"Turfe DO, Mohammad",Mohammad Turfe DO,Corewell Internal Medicine - Family Practice DEARBORN HEIGHTS,88431ac1-44b1-4daf-a322-1fb70f0223f1,person: first+last,,Tier 1,Kristen,K-A28,1,1,0,0,0,0,0,0,0,2026-08-11,2026-08-11,S McCarty (1),KJ
Urgent Care- location not specified,,,,SOURCE NOT CAPTURED,referral note says the doctor/location was not captured on the call,,,,1,1,0,0,0,0,0,0,0,2026-03-31,2026-03-31,S McCarty (1),?
"Valentino, Victor",Victor Valentino,Victor Valentino Law,740ceb33-170d-402e-b5c2-8c204cf2bdf4,person: first+last,,Tier 1,Kristen,Phone cadence,1,1,0,0,0,0,0,0,0,2026-07-02,2026-07-02,L Zamorano (1),KJ
"Van Rensburg DPT, Devon",Devon Van Rensburg DPT,Pryde Athletics and Physical Therapy,70091951-e0bd-42eb-9eb7-c5be5ce88649,person: first+last,,Tier 1,Kristen,K-A27,1,1,0,0,0,0,0,0,0,2026-08-28,2026-08-28,S McCarty (1),KJ
Village Medical Livonia,,Village Medical - Livonia,e3d707da-675d-4d7c-9356-2f53ec4d8a2e,company name,,Tier 1,Kristen,K-A24,1,1,0,0,0,0,0,0,0,2026-02-17,2026-02-17,M Salar MD (1),KJ
"Viswnath MD, Talanki",Talanki Viswanath MD,,,person: first+last (exact/surname spelling),MMC person has no company,,,,1,1,0,0,0,0,0,0,0,2026-07-08,2026-07-08,J Maslak MD (1),JJ
"Vitale MD, Massimiliano",Massimiliano Vitale MD,Cornerstone Internal Medicine,1124006333,person: first+last,,Tier 1,Coty,C-A06,1,1,0,0,0,0,0,0,0,2026-03-18,2026-03-18,A Munk MD (1),CO
"Vora DO, Sanjay","Sanjay Vora DO, FACOI",Macomb Internal Medicine,5271bbd8-dfe5-4d54-a0a2-f5547050cafe,person: first+last,,Tier 1,Kristen,K-A08,1,1,0,0,0,0,0,0,0,2026-05-07,2026-05-07,S McCarty (1),SS
"Walton Doyle MD, Erin",Erin Walton Doyle MD,"Trinity Health IHA Medical Group, Primary Care - Southeast Livonia",6b70f9d5-4063-4208-85f4-1d780fabaacc,person: first+last,,Tier 1,Jasmine,J-A07,1,1,0,0,0,0,0,0,0,2026-03-19,2026-03-19,J Varghese MD (1),JJ
"Weymouth PA-C, Sarah",Sarah Weymouth PA-C,North Macomb Medical Associates,7250fa4c-09c2-418b-94d4-8badec5b77f7,person: first+last,,Tier 1,Coty,C-A01,1,1,0,0,0,0,0,0,0,2026-06-09,2026-06-09,A Munk MD (1),CO
"Whitten PA-C, Autumn A",Autumn Whitten PA,Huron Family Practice Center,60ee8106-1f15-4abf-95a1-c2184761b159,person: first+last,,Tier 1,Kristen,K-A03,1,1,0,0,0,0,0,0,1,2026-05-22,2026-05-22,,KJ
Wigod and Falzon,,Wigod & Falzon,1da57554-aa50-483a-b1a8-060ff843ff7c,company name,,Tier 1,Kristen,Phone cadence,1,1,0,0,0,0,0,0,1,2026-06-17,2026-06-17,,KJ
"Wolok Do, Kenneth J",Kenneth Wolok DO,Tri-County Medical Clinic,1386634749,person: first+last,,Tier 1,Kristen,K-A11,1,1,0,0,0,0,0,0,0,2026-01-19,2026-01-19,J Maslak MD (1),KG
"Younan MD, Silvana",Silvana Younan MD,Henry Ford Primary Care - Orchard Lake Road North,960ab807-be26-45c0-bbf9-135ef0a45ae0,person: first+last,,Tier 1,Kristen,K-A22,1,1,0,0,0,0,0,0,0,2026-07-01,2026-07-01,J Maslak MD (1),KJ
"Youssef PA-C, Andrew",,,,UNMATCHED,no MMC person/company found,,,,1,1,0,0,0,0,0,0,0,2026-05-27,2026-05-27,M Salar MD (1),CO
"ZOABI MD, SARAH",Sarah Zoabi MD,COREWELL HEALTH  INTERNAL MEDICINE DEARBORN,9d286e7b-6017-417c-8a6b-763fe942c9c2,person: first+last,,Tier 1,Jasmine,J-A10,1,1,0,0,0,0,0,0,0,2026-04-29,2026-04-29,J Varghese MD (1),JJ
"Zu MD, Jian",Jian Zu MD,Jian Zu MD,85043f4d-a0d7-448b-9a3d-e0943de69dd8,person: first+last,,Tier 1,Kristen,K-A16,1,1,0,0,0,0,0,0,1,2026-02-02,2026-02-02,,KJ
"Berry MD, Neesha R",Neesha Berry MD,Berry Johnson Health,1134320930,person: first+last,,Tier 2,Kristen,K-A18,13,0,1,0,12,0,0,0,0,2026-03-10,2026-09-21,"R Leff, DPM (10); K Green, DPM (1); P Bhullar MD (1); K Sorensen, DPM (1)",KJ
"Gomez MD, Eliezer",ELIEZER Gomez MD,Dedicated senior Medical Center Detroit North,85d28577-5be8-4372-8c7e-9a349c62e50d,person: first+last,also at Dedicated Senior Medical Center - Warren (Tier 2) / Gammons Medical - Royal Oak / Henry Ford- GoHealth Urgent Care — chosen by PL tag,Tier 1,Jasmine,J-A02,11,0,1,0,1,8,0,1,0,2026-05-08,2026-09-21,"B Kassa DO (4); K Lee MD (4); R Leff, DPM (1); D Mendelson MD (1)",JJ
"Haller MD, Jeffrey",Jeffrey Haller MD,Haller and Hug Internal Medicine,9019b0af-745f-41ea-a4ab-4e72321359d9,person: first+last,,Tier 2,Kristen,K-A22,11,0,0,0,10,1,0,0,0,2026-02-03,2026-09-16,"R Leff, DPM (9); K Sorensen, DPM (1); H Singh MD (1)",KJ
"Modi MD, Praveen K",Praveen Modi MD,"PRAVEEN MODI, MD, PC",63a72095-741a-43fe-b865-a1f6398ee484,person: first+last,,Tier 2,Kristen,K-A29,11,0,6,4,0,1,0,0,0,2026-02-18,2026-08-19,K Bohm MD (4); D Mendelson MD (2); J Mendelson MD (2); S Mendelson MD (1),KJ
"Kut MD, Patrick",Patrick Kut MD,Patrick Kut MD PC,eca14fb7-48cb-4968-b258-b97a854b34c1,person: first+last,,Tier 2,Kristen,K-A03,10,0,10,0,0,0,0,0,0,2026-01-21,2026-09-24,J Yacisen MD (8); G Jerry MD (2),KJ
"Hirsch DO, Ronald",Ronald Hirsch DO,Oakland Family Practice,13ba57d5-6bc6-4d44-8d40-efd8e7131d2e,person: first+last,,Tier 1,Kristen,K-A13,9,0,3,4,0,2,0,0,0,2026-01-07,2026-08-18,K Bohm MD (4); D Mendelson MD (3); A Oddo DO (1); B Kassa DO (1),KJ
"Ridella MD, Thomas J",Thomas Ridella MD,CoreWell Health Family Medicine,f8c5f64c-4cf6-463f-9090-68ac9735f08e,person: first+last,,Tier 2,Jasmine,J-A09,9,0,6,0,0,3,0,0,0,2026-04-07,2026-08-17,B Mayo MD (3); D Mendelson MD (2); B Kassa DO (1); A Oddo DO (1),JJ
"BORGIEL MD, CHRISTOPHER",Christopher Borgiel MD,Physician HealthCare Network Urgent Care and Walk In- Fort Gratiot,4c053f65-6667-471a-9d5b-ee08b564d031,person: first+last,,Tier 1,Kristen,K-A02,8,0,6,1,0,0,1,0,0,2026-01-22,2026-08-20,J Yacisen MD (6); K Bohm MD (1); H Foster PA (1),KJ
"Go MD, Lily",Lily Go MD,Corewell Health Wayne Hospital Internal Medicine - Canton,1c7828ed-eebc-45ad-a838-28fbb2264e48,person: first+last,,Tier 2,Jasmine,J-A09,8,0,1,6,1,0,0,0,0,2026-01-13,2026-09-09,"K Bohm MD (6); P Bhullar MD (1); K Green, DPM (1)",JJ
"Irby Johnson MD, NiJuanna",NiJuanna Irby-Johnson MD,Berry Johnson Health,1134320930,person: first+last,,Tier 2,Kristen,K-A18,8,0,0,0,8,0,0,0,0,2026-01-26,2026-09-04,"R Leff, DPM (6); F Leff DPM (1); K Sorensen, DPM (1)",KJ
Urgent Care,,,,SOURCE NOT CAPTURED,referral note says the doctor/location was not captured on the call,,,,8,0,5,2,1,0,0,0,0,2026-01-05,2026-06-17,K Bohm MD (2); P Bhullar MD (2); J Yacisen MD (1); A Mendelson MD (1),?
"Kamath MD, Clara",Clara Kamath Wood MD,Office of Clara Kamath Wood MD,ccad7a72-2fa8-4c91-af14-5995cd5adacf,person: first+last,,Tier 2,Kristen,K-A19,7,0,7,0,0,0,0,0,0,2026-04-15,2026-06-24,D Mendelson MD (5); J Yacisen MD (1); P Bhullar MD (1),SS
"MILTON PA-C, CHADIUS",Chad Milton PA,Corewell Urgent Care - Warren,92cfc6be-2092-454e-81f2-3b21f66f5746,person: first+last (nickname),also at Corewell Health Urgent Care - Warren West (Prospect) — chosen by tier,Tier 2,Kristen,K-A17,7,0,4,3,0,0,0,0,0,2026-02-12,2026-09-09,K Bohm MD (3); J Yacisen MD (2); D Mendelson MD (1); S Mendelson MD (1),KJ
"Ducu MD, Mirella F","Mirella F Ducu MD,",Medical Clinic of Northville,ebcb6f7a-eb6b-4759-81d9-516e3dc36b67,person: first+last,,Tier 1,Kristen,K-A20,6,0,5,1,0,0,0,0,0,2026-01-13,2026-08-18,D Mendelson MD (2); P Bhullar MD (1); K Bohm MD (1); B Mayo MD (1),KJ
"Hoffman MSW, Keith",Keith Hoffman MD,Oakland Family Practice,13ba57d5-6bc6-4d44-8d40-efd8e7131d2e,person: first+last,,Tier 1,Kristen,K-A13,6,0,4,1,1,0,0,0,0,2026-01-29,2026-08-31,J Mendelson MD (1); J Yacisen MD (1); D Mendelson MD (1); B Mayo MD (1),KJ
"Klausner MD, Mitchell",Mitchell Klausner MD,Internal Medicine Physicians #170,b2c94565-78b1-460d-a80d-4d507a1ddb7d,person: first+last,,Tier 2,Kristen,K-A16,6,0,0,0,6,0,0,0,0,2026-02-10,2026-09-01,"J B Klein DPM (5); R Leff, DPM (1)",KJ
"Baroff DO, Stewart","Stewart Baroff DO,",MHP - West,ad377c20-ff69-40a9-a224-4a5787ab13bb,person: first+last,,Tier 2,Kristen,K-A29,5,0,4,0,1,0,0,0,0,2026-03-10,2026-09-24,"D Mendelson MD (2); P Bhullar MD (1); S Mendelson MD (1); K Green, DPM (1)",KJ
"Benson DO, Paul A",Paul A Benson DO,Be Well Medical Center,1174554364,person: first+last,,Tier 1,Coty,C-A12,5,0,4,0,0,1,0,0,1,2026-02-02,2026-09-09,S Mendelson MD (1); B Mayo MD (1); A Oddo DO (1); D Mendelson MD (1),CO
"Brateman MD, Robert","Robert Brateman MD,",Office of Robert Brateman,1548224769,person: first+last,,Tier 2,Jasmine,J-B01,5,0,5,0,0,0,0,0,0,2026-01-06,2026-06-16,S Mendelson MD (3); J Mendelson MD (1); P Bhullar MD (1),JJ
"Burry DO, Michael",Michael Burry DO,Livonia Family Medical Center,68ceff67-99ac-4ef7-a162-918f93bbdf38,person: first+last,,Tier 1,Jasmine,J-A07,5,0,4,0,1,0,0,0,0,2026-01-07,2026-08-05,P Bhullar MD (2); J B Klein DPM (1); J Mendelson MD (1); D Mendelson MD (1),JJ
"Golden MD, James","James Golden MD,",Village Medical - Novi,60ca59a0-452f-4fea-8aff-cf4ef63862b7,person: first+last,,Tier 2,Jasmine,J-B01,5,0,4,0,1,0,0,0,0,2026-04-16,2026-09-02,"P Bhullar MD (2); D Mendelson MD (1); R Leff, DPM (1); A Mendelson MD (1)",JJ
"Hill PA-C, Stacie",Stacie Hill PA,Physician HealthCare Network Urgent Care and Walk In- Fort Gratiot,4c053f65-6667-471a-9d5b-ee08b564d031,person: first+last,,Tier 1,Kristen,K-A02,5,0,5,0,0,0,0,0,0,2026-01-08,2026-08-12,J Yacisen MD (4); G Jerry MD (1),KJ
"Holowinski MD, Mark",Mark Holowinski MD,Roseville Family Practice,c96dc780-a933-4f9f-aaa3-e1da22d0f35e,person: first+last,,Tier 2,Kristen,K-A17,5,0,5,0,0,0,0,0,0,2026-01-29,2026-09-22,J Mendelson MD (3); S Mendelson MD (1); B Mayo MD (1),KJ
"Jayakar MD, Shaun M",Shaun Jayakar MD,Shaun Jayakar MD,f56a8949-cb8d-4abd-8405-0a939eec72d2,person: first+last,,Tier 2,Coty,C-A13,5,0,5,0,0,0,0,0,0,2026-02-26,2026-07-08,D Mendelson MD (2); B Mayo MD (1); S Mendelson MD (1); J Yacisen MD (1),CO
"Kastl MD, Stacey",Stacey Kastl MD,Stonebrooke Family Physicians,c9013f02-25d6-4df2-96f8-b4f1e9936878,person: first+last,,Tier 1,Kristen,K-A05,5,0,0,0,2,3,0,0,0,2026-02-26,2026-07-23,"A Oddo DO (3); R Leff, DPM (2)",KJ
"Mariutza NP, Melissa",Melissa Mariutza NP,Yale Community Heath Center - VA Clinic,ef22f4d0-c253-4bff-8a60-2a5eaa3168df,person: first+last,,Tier 1,Kristen,K-A01,5,0,5,0,0,0,0,0,0,2026-01-08,2026-07-08,J Yacisen MD (5),KJ
"Parslow PA, Michael",Michael Parslow PA,Yale Community Heath Center - VA Clinic,ef22f4d0-c253-4bff-8a60-2a5eaa3168df,person: first+last,,Tier 1,Kristen,K-A01,5,0,5,0,0,0,0,0,0,2026-01-15,2026-08-20,J Yacisen MD (5),KJ
"Paul MD, Lowell",Lowell Paul MD,Novi Medicine,bd0ee186-9de1-49f1-b6f7-85fc538efd3b,person: first+last,,Tier 2,Jasmine,J-B01,5,0,0,0,5,0,0,0,0,2026-01-13,2026-08-17,"R Leff, DPM (4); J B Klein DPM (1)",JJ
"Syed MD, Sana",Sana Syed MD,SUNNY PEDIATRICS AND FAMILY,2f39cd70-3e7f-4323-8222-52b01a24c007,person: first+last,,Tier 2,Kristen,K-A29,5,0,4,1,0,0,0,0,0,2026-01-05,2026-07-09,B Mayo MD (2); S Mendelson MD (1); K Bohm MD (1); D Mendelson MD (1),KJ
"Brosius NP, Laura",Laura Brosius NP,Yale Community Heath Center - VA Clinic,ef22f4d0-c253-4bff-8a60-2a5eaa3168df,person: first+last,,Tier 1,Kristen,K-A01,4,0,4,0,0,0,0,0,0,2026-01-09,2026-07-08,J Yacisen MD (4),KJ
"Hetzner DNP, Rachel",Rachel Hetzner DNP,Oakland Family Practice,13ba57d5-6bc6-4d44-8d40-efd8e7131d2e,person: first+last,,Tier 1,Kristen,K-A13,4,0,0,3,0,1,0,0,0,2026-02-24,2026-09-15,K Bohm MD (3); B Kassa DO (1),KJ
"Kadri MD, Medina",Medina Kadri MD,Corewell Health Family Care of Novi,74e299c3-f9b1-4d54-8e8d-b63af23ba7fd,person: first+last,,Tier 2,Jasmine,J-A01,4,0,0,4,0,0,0,0,0,2026-03-27,2026-06-02,K Bohm MD (4),JJ
"Khan DO, Afshan",Afshan Khan DO,Dedicated Senior Medical Center - Warren,95ae3078-f17c-44de-af58-d9fc8e58f4de,person: first+last,,Tier 2,Jasmine,J-A04,4,0,4,0,0,0,0,0,0,2026-04-03,2026-09-01,D Mendelson MD (2); B Mayo MD (1); K Bohm MD (1),JJ
"Kloski PA-C, Rachel N",Rachel Kloski PA-C,Lakeview Medical Center,64ed5116-24c0-4278-8d87-a7ca5f7d76c4,person: first+last,,Tier 1,Coty,C-A13,4,0,3,1,0,0,0,0,1,2026-01-20,2026-05-07,K Bohm MD (1); D Mendelson MD (1); J Mendelson MD (1),CO
"Koss, Marcus",Marcus Koss MD,ESSENTIAL CARE FAMILY MEDICINE,131adcde-9fdc-45db-af94-831482a14212,person: first+last,,Tier 2,Coty,C-A11,4,0,3,1,0,0,0,0,0,2026-06-23,2026-08-20,J Mendelson MD (2); K Bohm MD (1); D Mendelson MD (1),CO
LAKES URGENT CARE,,Lakes Urgent Care - Livonia,73107e68-fc7f-46d0-bef4-ee26e9dc0099,company name,,Tier 1,Jasmine,J-A06,4,0,1,0,2,0,1,0,0,2026-04-21,2026-08-06,J B Klein DPM (2); S Mendelson MD (1); L PA Clinic (1),JJ
"Lipson MD, Peter","Peter Lipson MD,",Premier Internists - Suite 180,23ff4711-fcf4-4eb3-bd86-aa07b5332791,person: first+last,,Tier 2,Kristen,K-A16,4,0,1,0,3,0,0,0,0,2026-02-03,2026-07-27,"R Leff, DPM (2); S Mendelson MD (1); K Sorensen, DPM (1)",KJ
"Molteni, Sandra L",Sandra Molteni DO,Dedicated senior Medical Center Detroit North,85d28577-5be8-4372-8c7e-9a349c62e50d,person: first+last,,Tier 1,Jasmine,J-A02,4,0,1,2,0,1,0,0,0,2026-01-30,2026-06-03,K Bohm MD (2); K Lee MD (1); P Bhullar MD (1),JJ
"Morrell MD, Gaybriel",Gaybriel  Morrell MD,OAK STREET HEALTH CHERRY HILL,0cc06713-910b-4b74-ba14-7cd3d76b3c62,person: first+last,,Tier 1,Jasmine,J-A07,4,0,4,0,0,0,0,0,0,2026-01-16,2026-06-25,P Bhullar MD (2); D Mendelson MD (2),JJ
"Patel MD, Rakesh",Rakesh Patel MD,Comprehensive Healthcare Associates and Prevention Medicine,c7781046-a235-49fa-ac8e-4b8d6354c618,person: first+last,,Tier 1,Jasmine,J-A06,4,0,3,0,0,1,0,0,0,2026-02-26,2026-06-12,D Mendelson MD (2); P Bhullar MD (1); K Lee MD (1),JJ
"Sabbagh, David",David Sabbagh MD,Mitchell Medical Center,3a600778-0104-4e04-b9d4-feb46e567bd7,person: first+last,also at St. Clair Medical — chosen by PL tag,Tier 1,Kristen,K-A03,4,0,3,0,0,0,1,0,0,2026-04-30,2026-07-06,J Yacisen MD (3); H Foster PA (1),KJ
"Singh MD, Jaspal","Jaspal Singh MD,",Levan Internists,1972528818,person: first+last,,Tier 1,Jasmine,J-A06,4,0,4,0,0,0,0,0,0,2026-01-12,2026-08-04,A Mendelson MD (2); D Mendelson MD (1); S Mendelson MD (1),JJ
"Souva PT, Jake",Jake Souva DPT,Souva PT and Performance,ff1e6dda-d122-4127-b4fe-e380950051e4,person: first+last,,Tier 2,Kristen,K-A06,4,0,4,0,0,0,0,0,0,2026-03-31,2026-05-26,B Mayo MD (4),KJ
"Vartabedian MD, Robert",Robert Vartabedian MD,Office of Robert Vartabedian MD,a3906606-5f95-4b86-b5ca-235186bdde34,person: first+last,,Tier 2,Jasmine,J-A08,4,0,1,2,0,1,0,0,1,2026-06-08,2026-08-26,P Bhullar MD (1); K Bohm MD (1); M Salar MD (1); K Bohm MD [after telehealth] (1),CO
"Wehbe DO, Nabil",Nabil Wehbe DO,WEST OAKLAND INTERNISTS,b9dc6f52-5aa2-459e-98a8-79b4da67dc8a,person: first+last,,Tier 2,Jasmine,J-A01,4,0,1,0,3,0,0,0,0,2026-01-15,2026-06-01,"K Sorensen, DPM (3); A Mendelson MD (1)",JJ
Yale VA,,Yale Community Heath Center - VA Clinic,ef22f4d0-c253-4bff-8a60-2a5eaa3168df,company name (LOW),,Tier 1,Kristen,K-A01,4,0,4,0,0,0,0,0,0,2026-03-05,2026-04-21,J Yacisen MD (4),KJ
"Yi MD, Chin",Chin Yi MD,BEAUMONT FAMILY MEDICINE BELLEVILLE,61a031d7-889d-4b90-8391-8647f4be87ec,person: first+last,,Tier 1,Jasmine,J-A11,4,0,3,0,0,1,0,0,0,2026-04-27,2026-05-18,B Mayo MD (3); H Singh MD (1),JJ
"Alosachie MD, Iyad J",Iyad Alosachie MD PhD,Henry Ford Primary Care - Orchard Lake Road North,960ab807-be26-45c0-bbf9-135ef0a45ae0,person: first+last,also at Hazel Park Medical Center — chosen by PL tag,Tier 1,Kristen,K-A22,3,0,1,1,1,0,0,0,1,2026-01-02,2026-08-11,"K Bohm MD (1); R Leff, DPM (1)",KJ
"Aquino DO, Robert",Robert Aquino DO,Aquino Integrative Internal Medicine,1780671461,person: first+last,,Tier 2,Coty,C-A08,3,0,3,0,0,0,0,0,0,2026-03-30,2026-09-17,B Mayo MD (1); S Mendelson MD (1); D Mendelson MD (1),CO
"Bartell MD, Stacey",Stacey Bartell MD,iTest Health Family Medicine,2217eb9b-1f7c-434b-9c5f-77ebd185fb7c,person: first+last,,Tier 2,Kristen,K-A28,3,0,2,1,0,0,0,0,0,2026-04-10,2026-09-14,A Mendelson MD (2); K Bohm MD (1),KJ
"CRUET MD, MIGUELANGELO PEREZ",Miguelangelo Perez-Cruet MD,Michigan Spine Institute,989f0eea-dc08-4445-9a51-ee7663255964,person: first+last,,Tier 2,Coty,C-A02,3,0,0,0,0,3,0,0,0,2026-04-06,2026-08-05,K Lee MD (3),CO
"Cavataio MD, Pietro",Pietro Cavataio MD,Physician HealthCare Network,1134195258,person: first+last,,Tier 2,Kristen,K-A04,3,0,3,0,0,0,0,0,0,2026-04-21,2026-08-10,J Yacisen MD (2); G Jerry MD (1),KJ
Corewell Urgent Care Garden City,,Corewell Health Urgent Care - Garden City,7db80555-4d31-47b0-904c-cd43fb08b2ee,company name,,Tier 2,Kristen,K-A28,3,0,1,0,2,0,0,0,0,2026-05-20,2026-09-10,"K Green, DPM (1); P Bhullar MD (1); J B Klein DPM (1)",KJ
"Drewry MD, Tyler",Tyler (Kip) Drewry MD,BEAUMONT FAMILY MEDICINE WESTLAND,45376ca8-4cd3-43e5-945d-5f6309bac752,person: first+last,,Tier 2,Kristen,K-A28,3,0,3,0,0,0,0,0,0,2026-03-02,2026-08-21,B Mayo MD (3),KJ
"Ducu MD, Mirella","Mirella F Ducu MD,",Medical Clinic of Northville,ebcb6f7a-eb6b-4759-81d9-516e3dc36b67,person: first+last,,Tier 1,Kristen,K-A20,3,0,3,0,0,0,0,0,0,2026-01-21,2026-05-28,J Mendelson MD (1); B Mayo MD (1); D Mendelson MD (1),KJ
"Farah MD, RENEE",Renee Afram Farah MD,Corewell Health Family Medicine - Farmington Hills,f4e08b14-ec91-4b48-b82c-2c7f762bf721,person: first+last,,Tier 2,Kristen,K-A14,3,0,2,0,1,0,0,0,0,2026-06-19,2026-09-03,"P Bhullar MD (2); K Sorensen, DPM (1)",KJ
"Gleesing DO, Ryan",Ryan Gleesing DO,Cornerstone Garfield Family Practice - Ascension,67778aa6-f0ab-4aac-80f9-0de0c25b2ac8,person: first+last,,Tier 2,Coty,C-A06,3,0,0,1,1,1,0,0,0,2026-06-16,2026-09-21,B Kassa DO (1); J B Klein DPM (1); K Bohm MD (1),CO
"HACHIGIAN MD, TODD",Todd Hachigian MD,Prism Medical Group - Internal Medicine,2e8aa328-e0cf-478e-8b39-00f6628c15ac,person: first+last,,Tier 2,Coty,C-A04,3,0,3,0,0,0,0,0,0,2026-03-26,2026-09-15,B Mayo MD (3),CO
"KOTSIS DO, ANDREW",Andrew Kotsis DO,Grosse Pointe Physicians and Surgeons,8c2316fd-41e0-4fe5-b02a-8a481768ec08,person: first+last,,Tier 2,Kristen,K-A26,3,0,3,0,0,0,0,0,0,2026-02-10,2026-08-20,B Mayo MD (1); D Mendelson MD (1); P Bhullar MD (1),KJ
"Lerner DO, Sandra S",Sandra Lerner DO,MDVip - Southfield,795ab9a0-8c97-4995-83b6-2fe8b10fcf2a,person: first+last,,Tier 2,Kristen,K-A18,3,0,3,0,0,0,0,0,0,2026-02-23,2026-08-13,A Mendelson MD (3),KJ
"Mehock DO, Courtney",Courtney Mehock DO,Henry Ford Health Medical Center - Seven Mile Road,44019f00-063b-4cdc-83d9-96ee51f8c6e3,person: first+last,,Tier 1,Kristen,K-A24,3,0,0,1,0,2,0,0,0,2026-05-20,2026-07-13,H Singh MD (2); K Bohm MD (1),KJ
"Molnar MD, Heather",Heather Molnar MD,Haller and Hug Internal Medicine,9019b0af-745f-41ea-a4ab-4e72321359d9,person: first+last,,Tier 2,Kristen,K-A22,3,0,2,0,1,0,0,0,0,2026-03-26,2026-05-21,"D Mendelson MD (2); R Leff, DPM (1)",KJ
"Paye MD, Renee Y",Renee Paye MD,Michigan Adult and Child Medicine,1700860103,person: first+last,,Tier 2,Kristen,K-A17,3,0,2,1,0,0,0,0,0,2026-06-08,2026-09-01,D Mendelson MD (1); P Bhullar MD (1); K Bohm MD (1),SS
Plymouth Urgent Care,,Plymouth Urgent Care,ea50a287-34fb-4325-8a2e-5ba156145624,company name,,Tier 2,Kristen,K-A29,3,0,2,1,0,0,0,0,0,2026-05-08,2026-08-21,B Mayo MD (2); K Bohm MD (1),KJ
"Sattam PA-C, Miranda",Miranda Sattam PA-C,Synergy Medical Primary Care,5cb01f9c-faec-4c04-b600-f0eba085f6a3,person: first+last,,Tier 1,Jasmine,J-A07,3,0,2,1,0,0,0,0,0,2026-06-18,2026-09-09,D Mendelson MD (1); P Bhullar MD (1); K Bohm MD (1),JJ
"Schmidt MD, Tamara",Tamara Schmidt MD,Western Wayne Physicians - Livonia,c6f8c7f7-2386-4788-9102-c4f9ebda94b8,person: first+last,,Tier 2,Jasmine,J-A06,3,0,1,2,0,0,0,0,0,2026-03-06,2026-07-14,K Bohm MD (2); P Bhullar MD (1),JJ
"Sebastian DO, Matthew",Matthew Sebastian DO,Corewell Health Farmington Hills Hospital Family Medicine,3edb39b0-eee8-436d-b215-e28e186500be,person: first+last,,Tier 2,Kristen,K-A25,3,0,2,0,0,1,0,0,0,2026-01-13,2026-02-16,A Oddo DO (1); D Mendelson MD (1); B Mayo MD (1),KJ
Springfield Urgent Care,,Springfield Urgent Care - Hamburg,0da678d4-9648-4315-8770-fb6768c5c2ea,company name,also matches Springfield Urgent Care - Saline / Springfield Urgent Care - Highland / Springfield Urgent Care - Clarkston / Springfield Urgent Care - White Lake; chosen by tier,Tier 2,Coty,C-A07,3,0,1,2,0,0,0,0,0,2026-06-22,2026-08-10,K Bohm MD (2); B Mayo MD (1),CO
Sterling Heights Urgent Care,,Sterling Heights Urgent Care,719fbbb9-0131-4ed6-bfd7-14646d9c41fb,company name,,Tier 2,Kristen,K-A12,3,0,2,0,1,0,0,0,0,2026-02-17,2026-04-17,J Mendelson MD (1); J B Klein DPM (1); J Yacisen MD (1),KG
"Tremblay DO, Jeffrey",Jeff Tremblay DO,Roseville Family Practice,c96dc780-a933-4f9f-aaa3-e1da22d0f35e,person: first+last (nickname),,Tier 2,Kristen,K-A17,3,0,0,0,1,2,0,0,0,2026-01-15,2026-08-31,A Oddo DO (2); J B Klein DPM (1),KG
"VAYNTRUB MD, ELAINA",Elaina Vayntrub MD,Corwell internal medicine and primary care,3a2a1db5-c1c4-41cd-a7f3-b4e0b388e268,person: first+last,,Tier 2,Jasmine,J-A05,3,0,1,2,0,0,0,0,0,2026-06-08,2026-09-08,K Bohm MD (2); P Bhullar MD (1),JJ
"Alqurneh DO, Amal",Amal Alqurneh DO,CoreWell Health Family Medicine,f8c5f64c-4cf6-463f-9090-68ac9735f08e,person: first+last,,Tier 2,Jasmine,J-A09,2,0,1,1,0,0,0,0,0,2026-04-17,2026-05-05,K Bohm MD (1); S Mendelson MD (1),JJ
"Appiah MD, Jacqueline",Jacqueline Appiah MD,Henry Ford Health - Family Medicine 8 Mile Livonia,22476694-35cd-4d2b-b17f-07cee1f1db4b,person: first+last,,Tier 1,Kristen,K-A24,2,0,0,1,0,1,0,0,0,2026-08-18,2026-08-24,A Oddo DO (1); K Bohm MD (1),KJ
"Azzo MD, Sally",Sally Azzo MD,DEDICATED SENIOR MEDICAL CENTER - Southfield,12deaf83-0f5e-4bd5-bf07-a4026935ffd1,person: first+last,,Tier 3,Jasmine,J-A02,2,0,0,0,0,2,0,0,0,2026-01-26,2026-08-17,K Lee MD (2),JJ
"Bazzy DO, Hassan",Hassan Bazzy DO,Brentwood Pediatric Associates,9dfbaa38-07b2-4017-9d71-ff4cd2ce42f7,person: first+last,,Tier 1,Kristen,K-A24,2,0,0,2,0,0,0,0,0,2026-06-09,2026-08-28,K Bohm MD (2),KJ
"Berry MD, Ashraf H",Ashraf Berry MD,Macomb Pediatrics - Clinton Township,9e284312-a8af-43ff-9b39-5d4a8c1ed834,person: first+last,also at Macomb Pediatrics - Warren — chosen by PL tag,Tier 1,Kristen,K-A08,2,0,2,0,0,0,0,0,0,2026-01-13,2026-07-30,B Mayo MD (2),KJ
"Betcher DO, Jason",Jason Betcher DO,River District Family Practice (Henry Ford) - St. Clair,1487775292,person: first+last,,Tier 2,Kristen,K-A03,2,0,0,0,0,2,0,0,0,2026-08-20,2026-09-17,B Kassa DO (1); J Yacisen MD (1),KJ
"Bhatia MD, Kamaljeet",Kamaljeet Bhatia MD,DEDICATED SENIOR MEDICAL CENTER - Southfield,12deaf83-0f5e-4bd5-bf07-a4026935ffd1,person: first+last,,Tier 3,Jasmine,J-A02,2,0,0,0,1,1,0,0,0,2026-07-01,2026-08-26,"K Green, DPM (1); K Lee MD (1)",JJ
"Bolukh MD, Oleh",Oleh Bolukh MD,Sterling Family Medicine,1598941148,person: first+last,,Tier 2,Kristen,K-A13,2,0,2,0,0,0,0,0,0,2026-01-16,2026-05-13,J Yacisen MD (2),KJ
"Bragman DO, James",James Bragman DO,"WEST BLOOMFIELD INTERNAL MEDICINE, PLLC",edf56788-9b9d-4f4d-a93a-59a09f7cb794,person: first+last,,Tier 2,Kristen,K-A14,2,0,0,1,0,0,0,1,0,2026-02-11,2026-03-27,"K Bohm MD (1); K Green, DPM (1)",KJ
"Brock DO, Robert Coleman",Robert Coleman Brock DO,Village Medical Wayne,7e594070-5f19-4b0e-982f-f339ee92109c,person: first+last,,Tier 2,Kristen,K-A29,2,0,1,0,0,1,0,0,0,2026-02-17,2026-03-30,A Oddo DO (1); P Bhullar MD (1),KG
"Byrne MD, John",John Byrne MD,Michigan Adult and Child Medicine,1700860103,person: first+last,,Tier 2,Kristen,K-A17,2,0,1,1,0,0,0,0,0,2026-05-08,2026-08-18,J Yacisen MD (1); K Bohm MD (1),SS
"CRUET, MIGUELANGELO PEREZ",Miguelangelo Perez-Cruet MD,Michigan Spine Institute,989f0eea-dc08-4445-9a51-ee7663255964,person: first+last,,Tier 2,Coty,C-A02,2,0,0,0,0,2,0,0,0,2026-01-19,2026-03-18,K Lee MD (2),CO
Corewell Urgent Care Farmington Hills,,Corrwell Urgent Care - Farmington Hills North,2a274d1e-b159-42be-84f8-0a1c5d2d8fb0,company name,also matches Corewell Health Urgent Care / Beaumont Urgent Care - Rochester / BEAUMONT URGENT CARE BY WELLSTREET / Corewell URGENT CARE BY WELLSTREET; chosen by location,Prospect,Kristen,K-A14,2,0,1,0,1,0,0,0,0,2026-06-24,2026-09-18,"P Bhullar MD (1); R Leff, DPM (1)",SS
Corewell Urgent Care Troy,,Corewell Urgent Care - Troy Big Beaver,511c5edc-9fe5-44dc-b631-69f48c935e73,company name,also matches Corewell Health Urgent Care - Troy Square Lake / Corewell Health Urgent Care / Corewell URGENT CARE BY WELLSTREET / BEAUMONT URGENT CARE BY WELLSTREET; chosen by PL tag,Tier 2,Kristen,K-A13,2,0,2,0,0,0,0,0,0,2026-02-20,2026-06-10,J Yacisen MD (1); D Mendelson MD (1),KJ
"Corondan MD, Victor",Victor Corondan MD,Corondan Medical,1376594887,person: first+last,,Tier 2,Coty,C-A11,2,0,2,0,0,0,0,0,0,2026-04-01,2026-08-27,D Mendelson MD (1); B Mayo MD (1),CO
"Craib DO, Annie",Annie Craib DO,Corewell Health Farmington Hills Hospital Family Medicine,3edb39b0-eee8-436d-b215-e28e186500be,person: first+last,,Tier 2,Kristen,K-A25,2,0,2,0,0,0,0,0,0,2026-04-13,2026-07-24,B Mayo MD (2),KJ
"DALALY MD, FERAH  ADIL",Ferah Dalaly MD,Cornerstone Internal Medicine,1124006333,person: first+last,,Tier 1,Coty,C-A06,2,0,1,1,0,0,0,0,0,2026-04-10,2026-09-08,J Yacisen MD (1); K Bohm MD (1),CO
"Daher MD, Emad",Emad Daher MD,Blue Water Internal Medicine PC,a086480a-231f-4bcb-9889-891475aa37b8,person: first+last,,Tier 2,Kristen,K-A02,2,0,2,0,0,0,0,0,0,2026-02-04,2026-03-03,G Jerry MD (2),KJ
"Denhouter MD, Williard",Willard Den Houter MD,IHA Plymouth Primary Care,92cc3682-defe-42ff-8ccd-0ff138c12b77,person: first+last (spelling/surname spelling),,Tier 2,Jasmine,J-A08,2,0,2,0,0,0,0,0,0,2026-03-12,2026-05-27,D Mendelson MD (1); J Mendelson MD (1),JJ
"Diora MD, Gordhan",Gordhan Diora MD,Macomb Physicians Group,fdefbf3e-907d-4d68-bbd3-2d70f4818b7a,person: first+last,,Tier 1,Coty,C-A06,2,0,2,0,0,0,0,0,0,2026-01-15,2026-03-31,J Mendelson MD (2),KG
Doctors Urgent Care Livonia,,Doctors urgent care,5d20f222-29ea-4029-b53a-fb46b570224a,company name (LOW),"location matched through the MMC address, not the company name; also matches Doctors Urgent Care & Telemedicine By Doctors Urgent Care Group; chosen by location",Prospect,Jasmine,J-B01,2,0,1,1,0,0,0,0,0,2026-08-06,2026-08-07,D Mendelson MD (1); K Bohm MD (1),JJ
"Dukaj MD, Mark",Mark Dukaj MD,Cornerstone St. Clair Internists,cc9cf66d-2e3c-4e56-9aeb-85ba4b7e600c,person: first+last,,Tier 2,Kristen,K-A06,2,0,2,0,0,0,0,0,0,2026-04-27,2026-05-21,S Mendelson MD (1); J Mendelson MD (1),KJ
"Eastes, Bryan",Bryan Eastes MD,Cornerstone St. Clair Internists,cc9cf66d-2e3c-4e56-9aeb-85ba4b7e600c,person: first+last,,Tier 2,Kristen,K-A06,2,0,2,0,0,0,0,0,0,2026-06-01,2026-08-12,D Mendelson MD (2),KJ
"Elyas MD, Nahid",Nahid Elyas MD,Henry Ford Internal & Family Medicine - Farmington Hills -170,4854db87-cb06-45bd-9c8a-7a3e77cfa827,person: first+last,,Tier 2,Kristen,K-A14,2,0,2,0,0,0,0,0,0,2026-02-26,2026-04-16,D Mendelson MD (2),KJ
"Fitzgibbons MD, Kelly",Kelly Fitzgibbons MD,Henry Ford Health - Family Medicine 8 Mile Livonia,22476694-35cd-4d2b-b17f-07cee1f1db4b,person: first+last,,Tier 1,Kristen,K-A24,2,0,1,1,0,0,0,0,0,2026-05-18,2026-05-20,K Bohm MD (1); J Mendelson MD (1),KJ
"Gappy MD, Musib",Musib Gappy MD,Henry Ford Primary Care - Orchard Lake Road North,960ab807-be26-45c0-bbf9-135ef0a45ae0,person: first+last,also at Hazel Park Medical Center — chosen by PL tag,Tier 1,Kristen,K-A22,2,0,2,0,0,0,0,0,0,2026-07-16,2026-07-30,B Mayo MD (2),KJ
"Gatla MD, Srinivas",Srinivas Gatla MD,Downriver Internists,1992798961,person: first+last,,Tier 2,Kristen,K-A21,2,0,2,0,0,0,0,0,0,2026-05-11,2026-05-14,A Mendelson MD (1); D Mendelson MD (1),SS
"George MD, Imad",Imad George MD,Imad George MD P.C. MHP,24a73c28-f1ec-4808-8b5a-4d6702f86f8a,person: first+last,,Tier 1,Kristen,K-A28,2,0,1,0,1,0,0,0,0,2026-07-15,2026-09-24,J B Klein DPM (1); S Mendelson MD (1),KJ
Get Well Urgent Care,,Get well urgent care,ce05f9ae-2ed1-4743-9131-ddf0d57e59eb,company name,MMC holds 4 records with this exact name; highest tier shown,Tier 2,Jasmine,J-A10,2,0,2,0,0,0,0,0,1,2026-01-22,2026-07-27,S Mendelson MD (1),? SPEC LOCATION NOT ASKED ON CALL
"Ghioto DO, Jeffrey D",Jeffrey Ghioto DO,Corwell Health - Farmington,7b335c19-3210-419e-888b-e9aabe43f40a,person: first+last,,Tier 3,Kristen,K-A22,2,0,2,0,0,0,0,0,0,2026-08-27,2026-09-08,A Mendelson MD (1); B Mayo MD (1),KJ
"Godoshian MD, Charles G",Charles Godoshian MD,"CHARLES G GODOSHIAN, MD, PC",1a773df8-9f15-454d-a12a-8fd6751d4903,person: first+last,,Tier 2,Kristen,K-A18,2,0,0,1,1,0,0,0,0,2026-06-05,2026-07-27,"K Bohm MD (1); R Leff, DPM (1)",KJ
"Gupta MD, Saurabh",Saurabh Gupta MD,Saurabh Gupta MD,1912926510,person: first+last,,Tier 2,Coty,C-A10,2,0,1,1,0,0,0,0,0,2026-07-06,2026-07-21,S Mendelson MD (1); K Bohm MD (1),KJ
"Haney DO, James",James Haney DO,Superior Family Medicine - Health Venters Detroit -use this onea,49af378b-9c15-4649-815d-958a79af2f84,person: first+last,,Tier 2,Kristen,K-A21,2,0,2,0,0,0,0,0,0,2026-04-15,2026-07-09,D Mendelson MD (1); P Bhullar MD (1),KJ
"Haroutunian DO, Michael",Michael Haroutunian DO,Progressive Health Care,1790797207,person: first+last,,Tier 2,Coty,C-A12,2,0,2,0,0,0,0,0,0,2026-05-01,2026-05-14,B Mayo MD (1); A Mendelson MD (1),CO
"Hashemian MD, Sara",Sara Hashemian MD,Partners in Internal Medicine,2bc5b4b8-9395-4f0a-bc36-8f7ffd755481,person: first+last,also at Partners in internal medicine (Prospect) — chosen by tier,Tier 2,Jasmine,J-A08,2,0,1,0,1,0,0,0,0,2026-06-03,2026-08-24,J B Klein DPM (1); A Mendelson MD (1),JJ
"Hasso MD, Maha",Maha Hasso MD,Elite Family Medicine,3b700a13-2f3b-4e83-bd1f-61bd1cca19e6,person: first+last,,Tier 2,Kristen,K-A13,2,0,2,0,0,0,0,0,0,2026-03-16,2026-08-12,S Mendelson MD (1); D Mendelson MD (1),KG
"Hichme MD, Jennifer L",Jennifer Hichme MD,Silver Pine Medical Group - Sterling Heights,cac69af6-f814-4339-a4f4-d8cd7112ec3c,person: first+last,,Tier 2,Kristen,K-A06,2,0,1,0,0,1,0,0,0,2026-01-16,2026-05-05,J Yacisen MD (1); B Kassa DO (1),KJ
"Iskander MD, Josephine",Josephine Iskander MD,Office of Josephine A. Iskander MD,b1e60538-ff76-457b-a530-3647907b307b,person: first+last,,Tier 1,Coty,C-A05,2,0,1,0,0,1,0,0,0,2026-06-25,2026-09-03,M Salar MD (1); S Mendelson MD (1),CO
"Jaddou MD, Neil",Neil Jaddou MD,Somerset Family Medicine - Sterling Heights,1386634632,person: first+last,"AMBIGUOUS — also at Somerset Family Medicine - Troy (Prospect); no PL/credential/tier evidence, first in MMC order shown",Prospect,Coty,C-A10,2,0,1,1,0,0,0,0,0,2026-02-19,2026-02-24,P Bhullar MD (1); K Bohm MD (1),CO
"James DO, Gary",Gary James DO,Wadhams Family Care,16b28f94-4956-4a84-8936-0ae7dbe24994,person: first+last,,Tier 2,Kristen,K-A03,2,0,2,0,0,0,0,0,0,2026-04-02,2026-05-28,G Jerry MD (1); J Yacisen MD (1),KJ
"Jamil MD MPH, Mada H",Mada Jamil MD,BASEL BRIKHO MEDICAL GROUP - use this one,7f38b648-2666-44e3-ad8a-135b873364c5,person: first+last,,Tier 2,Kristen,K-A06,2,0,2,0,0,0,0,0,0,2026-06-24,2026-08-03,D Mendelson MD (2),KJ
Kajy,,Kajy Law,3b453978-15f0-429d-ab43-67d84178b21f,company name,,Tier 1,Kristen,Phone cadence,2,0,1,0,1,0,0,0,2,2026-02-26,2026-05-21,,KJ
"Karle MD, David E",David E Karle MD,PROVIDENCE PARK LIVONIA FAMILY MEDICINE,10a3ca46-32f2-472e-99d9-39f7c9e3bde3,person: first+last,,Tier 2,Jasmine,J-A06,2,0,2,0,0,0,0,0,0,2026-04-28,2026-08-12,S Mendelson MD (1); J Mendelson MD (1),JJ
"Khangura DO, Charanpreet K",Charanpreet  Khangura MD,Dedicated Senior Medical Center - Warren,95ae3078-f17c-44de-af58-d9fc8e58f4de,person: first+last,,Tier 2,Jasmine,J-A04,2,0,0,0,0,2,0,0,0,2026-04-17,2026-05-08,K Lee MD (2),JJ
"Kizy MD, Michael","Michael Kizy MD,",Premier Internists - Suite 180,23ff4711-fcf4-4eb3-bd86-aa07b5332791,person: first+last,,Tier 2,Kristen,K-A16,2,0,0,0,2,0,0,0,0,2026-04-20,2026-08-28,"R Leff, DPM (2)",KJ
"Kobeissi PA, Lamis",Lamis Kobeissi-Safah PA,Brentwood Pediatric Associates,9dfbaa38-07b2-4017-9d71-ff4cd2ce42f7,person: first+last,,Tier 1,Kristen,K-A24,2,0,1,1,0,0,0,0,0,2026-04-14,2026-07-20,K Bohm MD (1); B Mayo MD (1),KJ
"Kraft DO, Jeffrey A",Jeffrey Kraft DO,Ryan Medical Associates,c88f05f1-5992-43b0-947c-469a44a0feef,person: first+last,,Tier 1,Kristen,K-A23,2,0,2,0,0,0,0,0,0,2026-01-12,2026-08-11,S Mendelson MD (1); J Mendelson MD (1),KG
"Larcher, Nadine",Nadine Larcher NP,OAK STREET HEALTH CHERRY HILL,0cc06713-910b-4b74-ba14-7cd3d76b3c62,person: first+last,,Tier 1,Jasmine,J-A07,2,0,2,0,0,0,0,0,0,2026-01-05,2026-05-07,A Mendelson MD (1); D Mendelson MD (1),JJ
"Lewis MD, Raja",Raja Lewis MD,Hope Medical Center,58979922-388f-454f-97f0-c730f11f6434,person: first+last,,Tier 2,Coty,C-A05,2,0,2,0,0,0,0,0,0,2026-02-12,2026-08-14,J Mendelson MD (1); B Mayo MD (1),CO
"Lumley DO, Lauren",Lauren Lumley DO,IHA Plymouth Primary Care,92cc3682-defe-42ff-8ccd-0ff138c12b77,person: first+last,,Tier 2,Jasmine,J-A08,2,0,2,0,0,0,0,0,0,2026-01-22,2026-05-21,A Mendelson MD (1); D Mendelson MD (1),KG
"MANDY DO, DAVID",David Mandy DO,Office of David Mandy DO,da57adc9-a2cf-4705-886d-76146cbbde06,person: first+last,,Tier 2,Kristen,K-A08,2,0,1,0,1,0,0,0,0,2026-08-06,2026-08-10,J Mendelson MD (1); J B Klein DPM (1),SS
"MARCUCCI MD, RACHEL B","RACHEL MARCUCCI MD,","Trinity Health IHA Medical Group, Primary Care - Southeast Livonia",6b70f9d5-4063-4208-85f4-1d780fabaacc,person: first+last,,Tier 1,Jasmine,J-A07,2,0,2,0,0,0,0,0,0,2026-05-18,2026-08-06,B Mayo MD (1); A Mendelson MD (1),JJ
Marko Law,,Marko Law,7adfcce2-7d98-4f4d-aaa5-95eb30889397,company name,,Tier 2,Kristen,Phone cadence,2,0,2,0,0,0,0,0,2,2026-05-15,2026-05-21,,KJ
Michigan Compassionate Care,,Michigan Compassionate Care,33d0c0aa-7d47-450d-9673-71acb651321c,company name,,Tier 1,Kristen,K-A17,2,0,2,0,0,0,0,0,0,2026-03-17,2026-03-18,B Mayo MD (1); J Yacisen MD (1),SS
"Millman FNP-C, Michelle","Michelle Millman, NP",Oakland Family Practice,13ba57d5-6bc6-4d44-8d40-efd8e7131d2e,person: first+last,,Tier 1,Kristen,K-A13,2,0,0,2,0,0,0,0,0,2026-07-07,2026-09-04,K Bohm MD (2),KJ
"Murphy MD, Mary E",Mary Murphy MD,Henry Ford Health Medical Center (Ascension),3a5cf92c-ae21-4227-96ec-08c2968a5939,person: first+last,,Tier 2,Coty,C-A13,2,0,1,1,0,0,0,0,0,2026-01-13,2026-06-29,K Bohm MD (1); D Mendelson MD (1),KG
NEU Urgent Care,,NEU Urgent Care,d753c22b-95f8-492b-a038-1ae4d67bd1af,company name,,Tier 2,Kristen,K-A23,2,0,0,2,0,0,0,0,0,2026-09-01,2026-09-22,K Bohm MD (2),KJ
"Nandish MD, Banathally N",Banathally Nandish MD,BN Nandish MD,4dee089f-61d1-4d13-9fca-62b8d8ffc312,person: first+last,,Tier 2,Jasmine,J-A05,2,0,2,0,0,0,0,0,0,2026-03-06,2026-04-03,B Mayo MD (1); J Yacisen MD (1),JJ
"Orrin DO, Colin David",Colin Orrin DO,Lifetime Family Care,b70053c3-f0fd-41de-9386-95fcc448a738,person: first+last,,Tier 1,Kristen,K-A23,2,0,1,0,0,1,0,0,1,2026-03-20,2026-08-04,B Mayo MD (1),KJ
"Panozzo DO, Kristen",Kristen Panozzo DO,Henry Ford Warren Family Physicians,6771a475-3022-40fd-9db9-b8e0291f7082,person: first+last,,Tier 1,Kristen,K-A12,2,0,1,1,0,0,0,0,0,2026-01-20,2026-05-08,K Bohm MD (1); J Yacisen MD (1),KJ
"Patel MD, Poonam",Poonam Patel MD,Dedicated Senior Medical Center - Eastpointe,461fe196-5467-4d92-bec8-0125858453c8,person: first+last,,Tier 2,Jasmine,J-A03,2,0,0,1,0,1,0,0,0,2026-03-24,2026-05-12,K Bohm MD (1); B Kassa DO (1),JJ
"Penn DO, William Paul",William Penn DO,"MEDICAL GROUP PRACTICE, PC (remove)",931a0b27-6417-43b6-a15a-c3eac7f8203a,person: first+last,,not in spine book,,,2,0,2,0,0,0,0,0,0,2026-04-13,2026-07-24,B Mayo MD (1); P Bhullar MD (1),JJ
"Preston MD, Stafford",Stafford Preston MD,WEST OAKLAND INTERNISTS,b9dc6f52-5aa2-459e-98a8-79b4da67dc8a,person: first+last,,Tier 2,Jasmine,J-A01,2,0,2,0,0,0,0,0,0,2026-01-12,2026-07-22,B Mayo MD (1); J Mendelson MD (1),KG
"QIN MD, PU",Pu Qin MD,Corewell Health-East,04ad9387-b1fe-45cd-bd14-73188de8e04a,person: first+last,,Tier 1,Kristen,K-A13,2,0,1,1,0,0,0,0,0,2026-07-15,2026-08-07,D Mendelson MD (1); K Bohm MD (1),KJ
"Raj MD, Navin",Navin Raj  MD,SUNNY PEDIATRICS AND FAMILY,2f39cd70-3e7f-4323-8222-52b01a24c007,person: first+last,,Tier 2,Kristen,K-A29,2,0,2,0,0,0,0,0,0,2026-05-07,2026-07-02,A Mendelson MD (1); D Mendelson MD (1),KJ
"Rasak DO, Mark",Mark Rasak D.O.,Cardiovascular clinical Associates P.C,eec5c9b6-893e-47a1-bf06-54da3dae7ab8,person: first+last,,not in spine book,,,2,0,1,1,0,0,0,0,0,2026-03-25,2026-05-08,B Mayo MD (1); K Bohm MD (1),JJ
"Rastogi MD, Shailaja",Shailaja Rastogi MD,Corewell Internal Medicine Midway,2ce334a8-959e-4c7d-9b94-f3d5cb4183a3,person: first+last,,Tier 2,Coty,C-A05,2,0,2,0,0,0,0,0,0,2026-05-14,2026-07-15,P Bhullar MD (2),CO
"Rodnick, Alexander",Alexander Rodnick DC,Triumph chiropractic,d99edd32-fb45-4528-94d3-645792efefa1,person: first+last,,Tier 1,Kristen,K-A24,2,0,1,0,0,1,0,0,2,2026-03-12,2026-04-10,,KJ
"Rosenberg DO, Mark S",Mark Rosenberg DO,Macomb Medical Clinic,1992782320,person: first+last,,Tier 1,Coty,C-A10,2,0,2,0,0,0,0,0,0,2026-01-07,2026-06-23,J Yacisen MD (1); B Mayo MD (1),KG
"Rosenfeld DO, Sherri",Sherri Rosenfeld DO,Village Medical - Livonia,e3d707da-675d-4d7c-9356-2f53ec4d8a2e,person: first+last,,Tier 1,Kristen,K-A24,2,0,2,0,0,0,0,0,0,2026-02-04,2026-06-23,J Mendelson MD (2),KJ
"Sabala NP, Danielle",Danielle Sabala NP,Physician HeathCare Network - Michele Raymond DO,6904e522-5104-4c29-ae02-e787473b0edf,person: first+last,,Tier 2,Kristen,K-A03,2,0,2,0,0,0,0,0,0,2026-01-08,2026-04-16,J Yacisen MD (2),KJ
"Shih DO, Jenny","Jenny Shih DO,",Trinity IHA Primary Care - Schoolcraft Campus,4b1cacba-85fb-4f63-8660-c3314cf72677,person: first+last,,Tier 1,Kristen,K-A24,2,0,2,0,0,0,0,0,0,2026-05-21,2026-06-29,D Mendelson MD (1); S Mendelson MD (1),KJ
"Skardarasy MD, Charles",Charles Skardarasy MD,Lakeside Internal Medicine,1c5c4e69-60f0-4d66-a3ee-9a33e818a99b,person: first+last,,Tier 2,Coty,C-A08,2,0,2,0,0,0,0,0,0,2026-01-06,2026-01-15,J Mendelson MD (2),KG
"Soffa DO, Jason I",Jason I Soffa DO,Oakland Primary Care,1952660706,person: first+last,,Tier 1,Coty,C-A11,2,0,1,0,0,0,0,1,0,2026-01-28,2026-06-08,D Mendelson MD (1); J Maslak MD (1),KG
"Souphis DO, Daniel C",Daniel Souphis DO,Physician HealthCare Network Urgent Care and Walk In- Fort Gratiot,4c053f65-6667-471a-9d5b-ee08b564d031,person: first+last,,Tier 1,Kristen,K-A02,2,0,2,0,0,0,0,0,0,2026-03-04,2026-03-05,J Yacisen MD (2),KJ
"Souva DPT, Jake",Jake Souva DPT,Souva PT and Performance,ff1e6dda-d122-4127-b4fe-e380950051e4,person: first+last,,Tier 2,Kristen,K-A06,2,0,2,0,0,0,0,0,0,2026-04-28,2026-09-22,B Mayo MD (2),KJ
"Stephen MD, Mark  H",Mark Stephen MD,Macomb Physicians Group,fdefbf3e-907d-4d68-bbd3-2d70f4818b7a,person: first+last,,Tier 1,Coty,C-A06,2,0,1,1,0,0,0,0,0,2026-04-15,2026-07-07,J Yacisen MD (1); K Bohm MD (1),SS
"Stromberg MD, Reid",Reid Stromberg MD,Dr. Carley and Associates,045c37c9-22cf-4959-b217-ecbbf986a60c,person: first+last,,Tier 2,Kristen,K-A02,2,0,2,0,0,0,0,0,0,2026-05-11,2026-05-14,G Jerry MD (1); J Yacisen MD (1),KJ
"Summers MD, Ross","Ross A Summers MD,",Medical Clinic of Northville,ebcb6f7a-eb6b-4759-81d9-516e3dc36b67,person: first+last,,Tier 1,Kristen,K-A20,2,0,2,0,0,0,0,0,0,2026-01-19,2026-02-23,P Bhullar MD (1); B Mayo MD (1),KJ
"Terrio MD, Bruce",Bruce Terrio MD,WEST OAKLAND INTERNISTS,b9dc6f52-5aa2-459e-98a8-79b4da67dc8a,person: first+last,,Tier 2,Jasmine,J-A01,2,0,0,0,2,0,0,0,0,2026-04-30,2026-04-30,"K Sorensen, DPM (2)",JJ
"Tobar DO, Rodrigo","Rodrigo Tobar DO,","FAMILY MEDICINE, PC",e81bc37f-2055-4c48-8e89-e2bca87d2f73,person: first+last,,Tier 2,Kristen,K-A18,2,0,2,0,0,0,0,0,0,2026-01-06,2026-05-08,S Mendelson MD (1); J Yacisen MD (1),KJ
"Toma MD, Raad",Raad Toma MD,Toma & Yaldo Medical Center,d1255d1a-17e8-4765-bfe5-45c6c087c8ed,person: first+last,,Tier 2,Kristen,K-A11,2,0,2,0,0,0,0,0,0,2026-07-07,2026-08-24,B Mayo MD (1); S Mendelson MD (1),SS
Trinity Urgent Care,,Trinity health urgent care,44f714eb-9f77-41f5-88ac-35e71ca0be30,company name (LOW),AMBIGUOUS — also matches Trinity URGENT CARE CANTON / TRINITY HEALTH URGENT CARE- Livonia; highest tier shown,Prospect,Jasmine,J-B01,2,0,2,0,0,0,0,0,0,2026-05-07,2026-08-07,D Mendelson MD (1); P Bhullar MD (1),JJ
"Trivax MD, Geoffrey","Geoffrey Trivax MD,",Millennium Affiliated Physicians - 130B,27e5353b-7c0d-406b-be13-0d0eb3c3e200,person: first+last,,Tier 2,Kristen,K-A16,2,0,0,0,2,0,0,0,0,2026-01-29,2026-07-14,"R Leff, DPM (2)",KJ
"VanOphem DPT, Brandon",Brandon VanOphem DPT,Team Rehab - SMA Bloomfield Hills,6185c99b-b972-4582-aac1-b784f9730bb5,person: first+last,,Tier 2,Kristen,K-A07,2,0,2,0,0,0,0,0,0,2026-07-30,2026-09-25,B Mayo MD (2),KJ
"Vassallo MD, John",John Vassalo MD,John Vassallo MD -Howell,61237db8-8f80-4520-af3b-5c71bf4de45f,person: first+last (exact/surname spelling),also at John Vassallo MD - Brighton — chosen by PL tag,Tier 2,Coty,C-A07,2,0,2,0,0,0,0,0,0,2026-04-14,2026-07-28,S Mendelson MD (1); B Mayo MD (1),CO
"Viswanath MD, Talanki",Talanki Viswanath MD,,,person: first+last,MMC person has no company,,,,2,0,2,0,0,0,0,0,0,2026-04-01,2026-04-30,P Bhullar MD (1); D Mendelson MD (1),JJ
"YASHINSKY DO, SAMUEL",Samuel Yashinsky MD,Henry Ford Internists - Farmington Hills 150,85ababc7-e294-4225-8cc7-28b8a5b1b9e2,person: first+last,,Tier 2,Kristen,K-A16,2,0,0,0,2,0,0,0,0,2026-08-27,2026-09-18,"R Leff, DPM (2)",KJ
"Yeihey MD, Shadia",Shadia Yeihey MD,CANTON FAMILY HEALTH LLC,3acfe2ff-d550-4785-99aa-a1ea91ef7da4,person: first+last,,Tier 1,Jasmine,J-A08,2,0,1,1,0,0,0,0,0,2026-02-27,2026-07-27,P Bhullar MD (1); K Bohm MD (1),JJ
"Zahoor MD, Sameena",Sameena Zahoor MD,Village Medical - Northville West,1255345930,person: first+last,also at Village Medical 7 Mile - Northville — chosen by PL tag,Tier 1,Kristen,K-A20,2,0,2,0,0,0,0,0,0,2026-08-05,2026-08-24,P Bhullar MD (1); B Mayo MD (1),KJ
ref by doctor - we did not get name - listen to call,,,,SOURCE NOT CAPTURED,referral note says the doctor/location was not captured on the call,,,,2,0,0,0,1,1,0,0,0,2026-07-27,2026-07-27,"R Leff, DPM (1); H Singh MD (1)",?
AMAND JAMES PTA,Amanda James PTA,Plymouth physical therapy services,cd5ff85f-ef03-49bb-bf33-ee98e3b500ec,person: first+last (nickname),,Tier 1,Jasmine,J-A07,1,0,1,0,0,0,0,0,0,2026-09-11,2026-09-11,P Bhullar MD (1),JJ
"ANKWATSA MS, IVAN",Ivan Ankwatsa,Pryde Athletics and Physical Therapy,70091951-e0bd-42eb-9eb7-c5be5ce88649,person: first+last,,Tier 1,Kristen,K-A27,1,0,1,0,0,0,0,0,0,2026-08-11,2026-08-11,P Bhullar MD (1),KJ
"Aalderink, Kristopher J",Kristopher Aalderink MD,Trinity IHA Orthopedics - Schoolcraft,e5c5b135-ecad-42bb-bbbc-011dd2c4a225,person: first+last,,Tier 1,Jasmine,J-A06,1,0,1,0,0,0,0,0,0,2026-02-02,2026-02-02,S Mendelson MD (1),JJ
"Abbas NP, Leila",Leila Abbas APN,OAK STREET HEALTH CHERRY HILL,0cc06713-910b-4b74-ba14-7cd3d76b3c62,person: first+last,,Tier 1,Jasmine,J-A07,1,0,1,0,0,0,0,0,0,2026-05-27,2026-05-27,P Bhullar MD (1),JJ
"Abdulghani MD, Mariam",Mariam Abdulghani MD,BEAUMONT FAMILY MEDICINE GARDEN CITY,796ef668-29ca-4cac-84b8-fd8125eb6bde,person: first+last,,Tier 2,Jasmine,J-A07,1,0,0,0,1,0,0,0,0,2026-03-30,2026-03-30,"R Leff, DPM (1)",JJ
"Agrawal MD, Mira",Mira Agrawal MD,"IHA, Primary Care - Cherry Hill Village",88f17311-2f10-4d7d-b250-085575fb31c1,person: first+last,also at ACADEMIC INTERNAL MEDICINE (Prospect) — chosen by tier,Tier 2,Jasmine,J-A09,1,0,0,1,0,0,0,0,0,2026-02-23,2026-02-23,K Bohm MD (1),JJ
"Ahlgren MD, Bradley",Bradley Ahlgren MD,Michigan Orthopaedic & Spine Surgeons,0c7e4fda-32b4-4999-afc5-3ead3985f8c9,person: first+last,,not in spine book,,,1,0,0,0,0,1,0,0,0,2026-06-03,2026-06-03,K Lee MD (1),CO
"Ahsan MD, Samira",Samira Ahsan MD,ACADEMIC INTERNAL MEDICINE SPECIALISTS,24230075-46f5-44cf-bd8f-deb5f276aa99,person: first+last,,Tier 2,Jasmine,J-A04,1,0,0,0,0,0,0,1,0,2026-08-19,2026-08-19,S Poshadlo PA (1),JJ
"Ajemian MD, Nancy",,,,UNMATCHED,no MMC person/company found,,,,1,0,1,0,0,0,0,0,0,2026-09-09,2026-09-09,J Yacisen MD (1),KJ
"Ajluni DO, Andrew Farris",Andrew Ajluni DO,Associated Orthopedists of Detroit-Shelby Township,59a078a4-145e-43bb-8052-a1ff32814d1e,person: first+last,,Tier 2,Coty,C-A03,1,0,1,0,0,0,0,0,0,2026-05-21,2026-05-21,J Mendelson MD (1),CO
"Ajluni DO, Matthew",Matthew Ajluni DO,TRINITY HEALTH URGENT CARE- Livonia,21da51f8-241e-484b-9dac-cd0c99714ca6,person: first+last,also at Trinity URGENT CARE CANTON (Tier 3) / Trinity Health Urgent Care - West Arbor suite 230 (Prospect) — chosen by tier,Tier 2,Jasmine,J-A07,1,0,0,0,1,0,0,0,0,2026-06-23,2026-06-23,"K Green, DPM (1)",JJ
"Al Jarrah MD, Mohamad",Mohammad Al-Jarrah MD,Sterling Heights Urgent Care,719fbbb9-0131-4ed6-bfd7-14646d9c41fb,person: first+last,,Tier 2,Kristen,K-A12,1,0,1,0,0,0,0,0,0,2026-03-04,2026-03-04,J Yacisen MD (1),KG
"Alhashidi MD, Jamilah J",Jamilah  Alhashidi MD,Corewell Internal Medicine - Family Practice DEARBORN HEIGHTS,88431ac1-44b1-4daf-a322-1fb70f0223f1,person: first+last,,Tier 1,Kristen,K-A28,1,0,0,1,0,0,0,0,0,2026-08-11,2026-08-11,K Bohm MD (1),KJ
"Allexan MD, Sarah",Sarah Allexan MD,UofM Canton Health Center Adult Medicine & Pediatrics,23783a21-557a-406e-a930-d9d15e509c4d,person: first+last,,Tier 1,Jasmine,J-A09,1,0,0,0,0,0,0,1,1,2026-07-22,2026-07-22,,JJ
"Allor FNP-C, Christine M",Christine Allor PA-C,MyCare Health Center - Mt Clemens,1427049683,person: first+last,,Tier 2,Kristen,K-A08,1,0,1,0,0,0,0,0,0,2026-04-27,2026-04-27,S Mendelson MD (1),KG
"Alsabeh MD, Rashid",Rashid Alsabeh MD,HENRY FORD MEDICAL CENTER FARMINGTON ROAD INTERNAL MEDICINE,9021dee7-1935-4acc-9d3e-63f9e919459d,person: first+last,,Tier 1,Kristen,K-A14,1,0,0,0,1,0,0,0,0,2026-06-09,2026-06-09,"R Leff, DPM (1)",KJ
"Altman, David A",David Altman MD,Midwest Center for Dermatology - Warren,1205831005,person: first+last,,Tier 2,Coty,C-A11,1,0,1,0,0,0,0,0,0,2026-05-15,2026-05-15,J Yacisen MD (1),SS
"Amautovic DO, Jelena","Jelena Arnautovic, DO",Cardiovascular Consultants PC,2d7c4478-08d4-4f3b-834e-4a32bb9176a7,person: first+last (exact/surname spelling),,not in spine book,,,1,0,1,0,0,0,0,0,0,2026-05-18,2026-05-18,D Mendelson MD (1),SS
"Amen MD, Hussen",Hussen  Amen MD,Trinity IHA Academic Family Medicine - Livonia,5c7c8073-5fc6-42f5-bc75-0b9f8a07e484,person: first+last,,Tier 2,Jasmine,J-A06,1,0,0,1,0,0,0,0,0,2026-09-14,2026-09-14,K Bohm MD (1),JJ
"Anderson DC, Nichole",Nichole Anderson DC,8 Mile Chiropractic  Clinic,32475429-6c14-4099-91e9-92b563057570,person: first+last,,not in spine book,,,1,0,1,0,0,0,0,0,0,2026-01-22,2026-01-22,D Mendelson MD (1),KJ
"Arabo MD, Patricia",Patricia Arabo MD,Trinity Health - Emergency Medicine,a593a2a7-7132-4eb5-8a8f-67807158ca38,person: first+last,also at Emergency Physicians Medical Group — chosen by PL tag,Tier 2,Jasmine,J-A06,1,0,0,1,0,0,0,0,0,2026-07-13,2026-07-13,K Bohm MD (1),JJ
"Ashley Richardson, PA-C",Ashley Richardson PA,Port Huron Medicine Associates,1245235654,person: first+last,,Tier 1,Kristen,K-A03,1,0,1,0,0,0,0,0,0,2026-05-20,2026-05-20,G Jerry MD (1),KJ
"Askar, Maan A",Maan Askar MD,Maan Askar MD - 13 Mile,8bdecedc-33cd-4229-8467-d684f3b6242d,person: first+last,"AMBIGUOUS — also at Maan Askar MD - Hoover (Thursdays) (Prospect); no PL/credential/tier evidence, first in MMC order shown",Prospect,Coty,C-A11,1,0,0,0,0,1,0,0,0,2026-01-29,2026-01-29,A Oddo DO (1),CO
"Asmar MD, Sami",Sami Asmar MD,Forum Medical Clinic,8dd680b0-5504-40bd-8956-3ce07e763aef,person: first+last,,Tier 1,Coty,C-A05,1,0,0,1,0,0,0,0,0,2026-07-28,2026-07-28,K Bohm MD (1),CO
"Atallah MD, Pierre",Pierre Charbel Attalah  MD,Rochester Medical Center,4edd495f-6f10-4540-9db1-cb2a762d38b0,person: first+last (exact/surname spelling),,not in spine book,,,1,0,1,0,0,0,0,0,0,2026-06-23,2026-06-23,B Mayo MD (1),CO
"Atnas MD, Mirette",Mirette Atnas DO,Dedicated Senior Medical Center - Warren,95ae3078-f17c-44de-af58-d9fc8e58f4de,person: first+last,"AMBIGUOUS — also at Dedicated Senior Medical Center - Eastpointe (Tier 2) / Dedicated Senior Medical Center East Jefferson (Prospect); no PL/credential/tier evidence, first in MMC order shown",Tier 2,Jasmine,J-A04,1,0,1,0,0,0,0,0,0,2026-07-02,2026-07-02,J Yacisen MD (1),JJ
"Atto MD, Chazwan",Ghazwan Atto MD,DOWN RIVER MEDICAL GROUP,e88886fb-60ef-4d4e-8d44-578baf30fd25,person: first+last (spelling),,Tier 1,Jasmine,J-A12,1,0,0,1,0,0,0,0,1,2026-07-27,2026-07-27,K Bohm MD [after telehealth] (1),JJ
"BALIGA MD, SRINIVAS",Srinvas Baliga MD,NEW HORIZON PEDIATRIC CARE- use this one,b3b0eaef-0815-4a91-b231-e5ebeec0eda4,person: first+last (spelling),,not in spine book,,,1,0,1,0,0,0,0,0,0,2026-02-16,2026-02-16,B Mayo MD (1),KJ
"BRIETZKE, THERESA",Theresa Brietzke NP,Legend Health - Now One Health,078d2fa6-e81c-41d1-95f2-04234d511192,person: first+last,,Tier 1,Kristen,K-A18,1,0,0,1,0,0,0,0,0,2026-05-22,2026-05-22,K Bohm MD (1),KJ
"Badhwar MD, Avlokita","AVlokita Badhwar, MD","BADHWAR ASSOCIATES, MD, PC",930e15d8-29b2-49a1-be3d-7eae0da7dc41,person: first+last,,Tier 2,Jasmine,J-A12,1,0,1,0,0,0,0,0,0,2026-05-13,2026-05-13,J Mendelson MD (1),JJ
"Bahu DO, Anton J",Anton Bahu DO,Corwell Health - Farmington,7b335c19-3210-419e-888b-e9aabe43f40a,person: first+last,,Tier 3,Kristen,K-A22,1,0,0,0,0,1,0,0,0,2026-09-21,2026-09-21,K Lee MD (1),KJ
"Bajouka MD, Neeran Yosif",Neeran Bajouka MD,Henry Ford Primary Care Center - 160,b6033c7f-ac4e-4957-b3b0-519077da6c8d,person: first+last,,Tier 1,Kristen,K-A16,1,0,0,0,1,0,0,0,0,2026-02-20,2026-02-20,"R Leff, DPM (1)",KJ
"Baker MD, Carol",Carol Baker MD,BEAUMONT FAMILY MEDICINE WESTLAND,45376ca8-4cd3-43e5-945d-5f6309bac752,person: first+last,,Tier 2,Kristen,K-A28,1,0,0,1,0,0,0,0,0,2026-09-11,2026-09-11,K Bohm MD (1),KJ
"Baker PA, Michelle",Michelle Baker PA,DEIGHTON FAMILY PRACTICE - use this one,a6779fd4-289a-49f7-8602-76dc1bf5764c,person: first+last,,Tier 1,Kristen,K-A21,1,0,1,0,0,0,0,0,0,2026-07-28,2026-07-28,S Mendelson MD (1),KJ
"Balboa MD, Ronaldo S",Ronaldo Balboa MD,Internal Medicine Associates Port Huron,8afa43db-e543-40bf-9328-2479a24606d8,person: first+last,,Tier 2,Kristen,K-A02,1,0,1,0,0,0,0,0,0,2026-09-09,2026-09-09,G Jerry MD (1),KJ
"Balmaseda, Paolo Nino",Paolo Balmaseda MD,ASCENSION MEDICAL GROUP PROVIDENCE FAMILY AND ATHLETIC MEDICINE,2a800701-496e-4bcf-b305-aa1a21a3c7ef,person: first+last,also at Providence Family & Athletic Medicine (Tier 2) — chosen by PL tag,Tier 2,Kristen,K-A20,1,0,1,0,0,0,0,0,0,2026-06-24,2026-06-24,P Bhullar MD (1),KJ
"Bandri, Raghunath","Raghunath Bandri MD,",Corewell Health Wayne Hospital Internal Medicine - Canton,1c7828ed-eebc-45ad-a838-28fbb2264e48,person: first+last,,Tier 2,Jasmine,J-A09,1,0,1,0,0,0,0,0,0,2026-01-02,2026-01-02,P Bhullar MD (1),JJ
"Barad MD, Anjana","Anjana Barad MD,",Providence Family & Athletic Medicine,0b63a258-0396-414a-a240-3ffdff24c7d4,person: first+last,,Tier 2,Coty,C-A07,1,0,1,0,0,0,0,0,0,2026-08-13,2026-08-13,A Mendelson MD (1),CO
"Barnett DO, Ronald",Ronald Barnett DO,Epic Health - St Clair Shores,8c04fb31-3380-488f-aa8a-954ff32146f2,person: first+last,,Tier 2,Kristen,K-A19,1,0,1,0,0,0,0,0,0,2026-05-26,2026-05-26,B Mayo MD (1),SS
"Bassily DO, Tiffany Lynn",Tiffany Bassily DO,Oakland Internal Medicine Associates - Henry Ford,1053422006,person: first+last,,Tier 2,Coty,C-A07,1,0,1,0,0,0,0,0,0,2026-04-23,2026-04-23,D Mendelson MD (1),CO
"Bauer MD, Michelle",Michelle Bauer MD,MD VIP - Trenton,0e7f5d40-b8a0-4524-96a4-2229c7d1e5e7,person: first+last,also at HENRY FORD WYANDOTTE FAMILY MEDICINE ALLEN PARK — chosen by PL tag,Tier 2,Jasmine,J-A12,1,0,0,1,0,0,0,0,0,2026-06-26,2026-06-26,K Bohm MD (1),JJ
"Bazzy, Mohammed Nader",Mohammed Bazzy NP,Sterling Medical Center & Urgent Care,f30f611c-772a-406a-9d92-231790b785c2,person: first+last,also at Blue Water Primary Care (Prospect) — chosen by tier,Tier 2,Kristen,K-A12,1,0,1,0,0,0,0,0,0,2026-04-20,2026-04-20,B Mayo MD (1),SS
"Becker Mitzner DO, Katherine",Katherine Becker - Mitzner DO,Stonebrooke Family Physicians,c9013f02-25d6-4df2-96f8-b4f1e9936878,person: first+last,,Tier 1,Kristen,K-A05,1,0,1,0,0,0,0,0,0,2026-04-28,2026-04-28,B Mayo MD (1),KJ
"Benson DO, Paul",Paul A Benson DO,Be Well Medical Center,1174554364,person: first+last,,Tier 1,Coty,C-A12,1,0,1,0,0,0,0,0,0,2026-07-15,2026-07-15,P Bhullar MD (1),CO
"Benson, Paul",Paul A Benson DO,Be Well Medical Center,1174554364,person: first+last,,Tier 1,Coty,C-A12,1,0,1,0,0,0,0,0,0,2026-09-14,2026-09-14,S Mendelson MD (1),CO
"Berman NP, Hannah R",Hannah Boike Berman FNP-C,Primecare of Novi,08777e8a-5ca0-4abd-8ad4-d8f4fbbacc9c,person: first+last,,Tier 2,Jasmine,J-B01,1,0,1,0,0,0,0,0,0,2026-02-09,2026-02-09,B Mayo MD (1),JJ
"Bernhard MD, Clint",Clint Bernhard MD,Henry Ford Health - Family Medicine 8 Mile Livonia,22476694-35cd-4d2b-b17f-07cee1f1db4b,person: first+last,,Tier 1,Kristen,K-A24,1,0,1,0,0,0,0,0,0,2026-09-03,2026-09-03,D Mendelson MD (1),KJ
"Beydoun FNP, Luma",Luma Beydoun APN,OAK STREET HEALTH CHERRY HILL,0cc06713-910b-4b74-ba14-7cd3d76b3c62,person: first+last,,Tier 1,Jasmine,J-A07,1,0,1,0,0,0,0,0,0,2026-06-12,2026-06-12,P Bhullar MD (1),JJ
"Bhagavatula MD, Kavitha",Kavitha Bhagavtula MD,"ADULT MEDICAL CARE, PLLC",577210d0-6649-4e69-ad97-285f00706766,person: first+last (exact/surname spelling),,Tier 2,Kristen,K-A29,1,0,0,0,1,0,0,0,0,2026-05-19,2026-05-19,J B Klein DPM (1),KJ
"Bickle DO, Randall A","Randall Bickle DO,",Freedom Medical Clinic (Trinity),e0d8c74a-31fe-4da6-9aa4-6a2357088b6a,person: first+last,,Tier 1,Jasmine,J-A05,1,0,0,1,0,0,0,0,0,2026-04-29,2026-04-29,K Bohm MD (1),JJ
"Billes DO, Marsha W",Marsha Billes DO,Beaumont Medical Center - Redford,03095e36-e586-4709-8cd8-440a98b9bcd7,person: first+last,,Tier 1,Kristen,K-A25,1,0,1,0,0,0,0,0,0,2026-09-25,2026-09-25,P Bhullar MD (1),KJ
Blue Water Urgent Care Port Huron,,Blue Water Urgent Care - Port Huron,97837698-b314-4e35-a9af-a63d6305dc5b,company name,,Tier 2,Kristen,K-A02,1,0,1,0,0,0,0,0,0,2026-03-19,2026-03-19,J Yacisen MD (1),KJ
"Blum DO, Robert",Robert Blum DO,Southfield Pediatrics,1508856048,person: first+last,also at SOUTHFIELD PEDIATRICS - Novi Location — chosen by PL tag,Tier 2,Kristen,K-A15,1,0,0,1,0,0,0,0,0,2026-06-22,2026-06-22,K Bohm MD (1),KJ
"Bochenek DO, John C",John Bochenek DO,Henry Ford Macomb Internal Medicine,1841213436,person: first+last,,Tier 1,Coty,C-A06,1,0,1,0,0,0,0,0,0,2026-03-26,2026-03-26,B Mayo MD (1),KG
"Boudreau DPT, Jillian",,,,UNMATCHED,no MMC person/company found,,,,1,0,1,0,0,0,0,0,0,2026-09-22,2026-09-22,P Bhullar MD (1),KJ
"Bradley MD, Maura",Maura Bradley MD,Henry Ford Health - Family Medicine 8 Mile Livonia,22476694-35cd-4d2b-b17f-07cee1f1db4b,person: first+last,,Tier 1,Kristen,K-A24,1,0,1,0,0,0,0,0,0,2026-09-23,2026-09-23,J Mendelson MD (1),KJ
"Brager MD, Michael A","Michael Brager MD,",ORTHOPEDIC INSTITUTE OF MICHIGAN,7cbc93fd-5b51-41c8-8f3e-0afb5d09b1e4,person: first+last,,Tier 3,Jasmine,J-B01,1,0,0,1,0,0,0,0,0,2026-08-21,2026-08-21,K Bohm MD (1),JJ
Brentwood Pediatrics,,Brentwood Pediatric Associates,9dfbaa38-07b2-4017-9d71-ff4cd2ce42f7,company name,,Tier 1,Kristen,K-A24,1,0,1,0,0,0,0,0,0,2026-07-09,2026-07-09,D Mendelson MD (1),KJ
"Brikho MD, Basel",Basel Brikho MD,BASEL BRIKHO MEDICAL GROUP - use this one,7f38b648-2666-44e3-ad8a-135b873364c5,person: first+last,also at BASEL BRIKHO MEDICAL GROUP — chosen by only one is in the spine book,Tier 2,Kristen,K-A06,1,0,1,0,0,0,0,0,0,2026-05-05,2026-05-05,J Mendelson MD (1),SS
"Brown, Richard",Richard Brown DO,Park Medical Center (Medicaid),c4cc522a-15ee-4dcb-8312-cc7b7efdf995,person: first+last,,Tier 1,Jasmine,J-A03,1,0,1,0,0,0,0,0,0,2026-01-19,2026-01-19,S Mendelson MD (1),JJ
"Burhani DPM, Hatim","Hatim Burhani, DPM",Eastside Podiatry,36-154-3205,person: first+last,,not in spine book,,,1,0,1,0,0,0,0,0,0,2026-05-07,2026-05-07,J Mendelson MD (1),SS
"Burke MD, Katherine",Katherine Burke MD,Internal Medicine & Primary Care Specialists- 1010,1184660490,person: first+last,,Tier 2,Kristen,K-A09,1,0,1,0,0,0,0,0,0,2026-07-02,2026-07-02,S Mendelson MD (1),KJ
"CHANDY NP, JERRY",Jerry Chandy AGNP-BC,"TRENTON TOTAL HEALTH CARE CENTER, PC",865f8b49-ce19-4ffd-8643-a755635f6ccc,person: first+last,,Tier 2,Coty,C-A15,1,0,1,0,0,0,0,0,0,2026-03-23,2026-03-23,B Mayo MD (1),JJ
COREWELL UC ALLEN PARK,,Corewell Urgent Care - Allen Park,5090dcdb-4928-46db-ad3f-6b5e013d2d53,company name,,Tier 2,Kristen,K-A30,1,0,0,1,0,0,0,0,0,2026-04-28,2026-04-28,K Bohm MD (1),KJ
COREWELL UC- Farmington Hills,,Corrwell Urgent Care - Farmington Hills North,2a274d1e-b159-42be-84f8-0a1c5d2d8fb0,company name,also matches Corewell Health Urgent Care / Beaumont Urgent Care - Rochester / BEAUMONT URGENT CARE BY WELLSTREET / Corewell URGENT CARE BY WELLSTREET; chosen by location,Prospect,Kristen,K-A14,1,0,1,0,0,0,0,0,0,2026-02-05,2026-02-05,D Mendelson MD (1),KG
"CRUZ PA, MICHELLE ELIZABETH (Warren Urgent Care)",,Warren Urgent Care,ecbb2f66-1bc0-45b0-a9fa-72913b2703bf,company name (LOW),company taken from the note in parentheses; person not in MMC,not in spine book,,,1,0,1,0,0,0,0,0,0,2026-06-15,2026-06-15,D Mendelson MD (1),SS
"Calcut MD, Terry",Terry Calcut MD,Covenant Community Care - Grosse Pointe,9d486232-ffab-4685-aa35-45d74618d1e7,person: first+last,,Tier 2,Kristen,K-A26,1,0,0,1,0,0,0,0,0,2026-07-08,2026-07-08,K Bohm MD (1),KJ
"Cameron MD, Mary A",Mary Cameron MD,SHEIKH MEDICAL CENTER,7c32d0b4-c83f-4756-924c-9c8c74996a39,person: first+last,,Tier 1,Kristen,K-A22,1,0,1,0,0,0,0,0,0,2026-05-21,2026-05-21,S Mendelson MD (1),KJ
"Campbell DC, Mark D",Mark Campbell DC,Healthquest Chiropractic,f2dc38ef-6f3e-46e7-81ca-1ac74b888995,person: first+last,,Tier 2,Coty,C-A14,1,0,1,0,0,0,0,0,0,2026-08-18,2026-08-18,S Mendelson MD (1),CO
Carl Jackson III,Carl Jackson III,Spectrum Legal Services,bfb1b14e-4967-437e-9c59-c55374e64049,person: first+last,,not in spine book,,,1,0,0,0,0,1,0,0,1,2026-09-09,2026-09-09,S McCarty [after telehealth] (1),KJ
"Carlin MD, Tamara",Tamara Carlin MD,Troy Internal Medicine,227a3faf-d636-4f07-adbf-db1d49776b27,person: first+last,,Tier 2,Kristen,K-A10,1,0,1,0,0,0,0,0,0,2026-08-03,2026-08-03,D Mendelson MD (1),KJ
"Carolan, Benjamin",,,,UNMATCHED,no MMC person/company found,,,,1,0,0,1,0,0,0,0,0,2026-04-17,2026-04-17,K Bohm MD (1),KG
"Cavataio, Pietro",Pietro Cavataio MD,Physician HealthCare Network,1134195258,person: first+last,,Tier 2,Kristen,K-A04,1,0,1,0,0,0,0,0,0,2026-08-31,2026-08-31,G Jerry MD (1),KJ
"Cavatalo, Pietro",Pietro Cavataio MD,Physician HealthCare Network,1134195258,person: first+last (exact/surname spelling),,Tier 2,Kristen,K-A04,1,0,1,0,0,0,0,0,0,2026-01-08,2026-01-08,G Jerry MD (1),KJ
"Chakravarty MD, Sudha","Sudha Chakravarty MD,",Freedom Medical Clinic (Trinity),e0d8c74a-31fe-4da6-9aa4-6a2357088b6a,person: first+last,,Tier 1,Jasmine,J-A05,1,0,0,0,1,0,0,0,0,2026-09-01,2026-09-01,J B Klein DPM (1),JJ
"Choucair DO, Iman",Iman Choucair MD,Corewell Health Wayne Hospital Family Medicine -  Canton,1022591b-a2f2-47ed-a718-e764042f930d,person: first+last,,Tier 1,Jasmine,J-A09,1,0,0,0,1,0,0,0,0,2026-03-19,2026-03-19,"K Sorensen, DPM (1)",JJ
"Chowdhury MD, Somnath",Somnath Chowdhury MD,Premier Medicine Medical Center - Livonia,13842362-6701-47f3-95cc-140ea17bd264,person: first+last,,Tier 1,Jasmine,J-A05,1,0,1,0,0,0,0,0,0,2026-06-19,2026-06-19,P Bhullar MD (1),JJ
"Cibor DO, Gregory",Gregory Cibor DO,ASCENSION MEDICAL GROUP PROVIDENCE FAMILY AND ATHLETIC MEDICINE,2a800701-496e-4bcf-b305-aa1a21a3c7ef,person: first+last,,Tier 2,Kristen,K-A20,1,0,1,0,0,0,0,0,0,2026-01-14,2026-01-14,J Mendelson MD (1),KJ
"Cislo PA, Lauren",Lauren Cislo PA,Medical Clinic of Northville,ebcb6f7a-eb6b-4759-81d9-516e3dc36b67,person: first+last,,Tier 1,Kristen,K-A20,1,0,1,0,0,0,0,0,0,2026-06-24,2026-06-24,J Mendelson MD (1),KJ
"Clark MD, Glen",,,,UNMATCHED,no MMC person/company found,,,,1,0,1,0,0,0,0,0,0,2026-07-02,2026-07-02,J Yacisen MD (1),KJ
"Clark, Daniel",Daniel Clark DC,Macomb Spine Care,c3d66a4c-f046-43dd-ae93-ae4aabe95524,person: first+last,,Tier 3,Kristen,K-A08,1,0,0,0,1,0,0,0,0,2026-04-17,2026-04-17,"R Leff, DPM (1)",KJ
"Clary MD, Bethany",Bethany Clary MD,ASCENSION MEDICAL GROUP WEST BLOOMFIELD FAMILY PRACTICE,611f52cc-838d-405e-8988-68708f39608e,person: first+last,,Tier 2,Jasmine,J-B01,1,0,0,0,1,0,0,0,0,2026-03-03,2026-03-03,J B Klein DPM (1),JJ
"Clemence NP, Megan",Megan Clemence NP-C,Clarkston Internal Medicine,ee3a65be-8491-4075-a06b-3a17b7545316,person: first+last,,Prospect,Coty,C-C02,1,0,0,1,0,0,0,0,0,2026-09-16,2026-09-16,K Bohm MD (1),CO
"Coleman, Walter Barry",Walter B. Coleman DPM,Macomb Foot Ankle Wound Care Center,80-982-7525,person: first+last,,not in spine book,,,1,0,0,0,1,0,0,0,0,2026-03-31,2026-03-31,J B Klein DPM (1),KJ
"Colen DO, Alexander",Alexander Colen DO,Michigan Surgery Specialists,a6425ca5-5f40-4eb9-b8d3-f9f9387bc6a3,person: first+last,also at Michigan Surgery Specialists PC / Surgeons Choice Medical Center — chosen by credential,not in spine book,,,1,0,0,1,0,0,0,0,0,2026-07-29,2026-07-29,K Bohm MD (1),JJ
"Collier MD, Kristin M","Kristin M Collier MD,",UofM Canton Health Center General Medicine,400aeb1f-6186-4eb7-98c8-0544491af836,person: first+last,,Tier 2,Jasmine,J-A09,1,0,1,0,0,0,0,0,0,2026-06-03,2026-06-03,J Mendelson MD (1),JJ
"Colman NP, Jodie",Jodie Colman NP,WESTLAND CLINIC - use,ff31198c-887e-4720-94cd-4d7fb158d9b5,person: first+last,,Tier 2,Kristen,K-A29,1,0,1,0,0,0,0,0,0,2026-01-05,2026-01-05,P Bhullar MD (1),KJ
"Colombo MD, John D",John Colombo MD,Physician HeathCare Network - Marysville,f6ae01d5-e2aa-485f-93b1-7586e5fdcd26,person: first+last,,Tier 2,Kristen,K-A03,1,0,1,0,0,0,0,0,0,2026-04-08,2026-04-08,J Yacisen MD (1),KJ
"Colombo, Antonio",Antonio Colombo MD,Physician HealthCare Network,1134195258,person: first+last,,Tier 2,Kristen,K-A04,1,0,1,0,0,0,0,0,0,2026-03-17,2026-03-17,B Mayo MD (1),KJ
"Cooper DO, Candace",Candace Cooper MD,"Trinity Health IHA Medical Group, Primary Care - Southeast Livonia",6b70f9d5-4063-4208-85f4-1d780fabaacc,person: first+last,,Tier 1,Jasmine,J-A07,1,0,0,1,0,0,0,0,0,2026-02-20,2026-02-20,K Bohm MD (1),JJ
Corewell Grosse Pointe,,Corewell Family Medicine - Grosse Pointe,53870065-638f-4a2b-8ddc-ed21771e1975,company name,also matches Corewell Health Urgent Care / CoreWell Health Family Medicine / Corwell internal medicine and primary care / Corewell Health Family Medicine (+7 more); chosen by location,Prospect,Kristen,K-A26,1,0,1,0,0,0,0,0,0,2026-07-08,2026-07-08,D Mendelson MD (1),KJ
Corewell UC Garden City,,Corewell Health Urgent Care - Garden City,7db80555-4d31-47b0-904c-cd43fb08b2ee,company name,,Tier 2,Kristen,K-A28,1,0,1,0,0,0,0,0,0,2026-01-05,2026-01-05,B Mayo MD (1),KJ
Corewell UC Grosse Pointe,,,,UNMATCHED,brand is in MMC by site but this location (Grosse Pointe) is not — nearest generic entry: Corewell Health Urgent Care,,,,1,0,0,1,0,0,0,0,0,2026-07-28,2026-07-28,K Bohm MD (1),SS
Corewell UC In Macomb (Tilch),,Beaumont Urgent Care - Macomb,95815d25-928b-44a9-9eab-ebb314264337,company name,also matches Corewell Health Urgent Care / BEAUMONT URGENT CARE BY WELLSTREET / Corewell URGENT CARE BY WELLSTREET; chosen by location,not in spine book,,,1,0,1,0,0,0,0,0,0,2026-06-15,2026-06-15,D Mendelson MD (1),SS
Corewell UC Sterling Heights,,,,UNMATCHED,brand is in MMC by site but this location (Heights Sterling) is not — nearest generic entry: Corewell Health Urgent Care,,,,1,0,1,0,0,0,0,0,0,2026-09-24,2026-09-24,J Mendelson MD (1),KJ
Corewell UC West,,Corewell Urgent Care - West Bloomfield,17aa614f-7809-4607-9304-5b3e9a6ef0c0,company name,also matches Corewell Health Urgent Care - Warren West / Corewell Health Urgent Care / Corewell URGENT CARE BY WELLSTREET / BEAUMONT URGENT CARE BY WELLSTREET; chosen by PL tag,Prospect,Kristen,K-A14,1,0,1,0,0,0,0,0,0,2026-01-06,2026-01-06,B Mayo MD (1),KJ
Corewell UC- Shelby,,,,UNMATCHED,brand is in MMC by site but this location (Shelby) is not — nearest generic entry: Corewell Health Urgent Care,,,,1,0,0,0,1,0,0,0,0,2026-02-02,2026-02-02,J B Klein DPM (1),KG
Corewell Urgent Care - Canton,,Corewell Health Urgent Care-Canton,ad812b91-cf8d-48ca-b32b-6a2501ba9e67,company name,also matches Corewell Health Urgent Care / BEAUMONT URGENT CARE BY WELLSTREET / Corewell URGENT CARE BY WELLSTREET; chosen by location,Prospect,Jasmine,J-A09,1,0,1,0,0,0,0,0,0,2026-04-13,2026-04-13,P Bhullar MD (1),JJ
Corewell Urgent Care - Novi,,Corewell Urgent Care - Novi,e996949d-e85c-4588-a081-deb7cdc8510a,company name,,Tier 2,Jasmine,J-A01,1,0,0,0,1,0,0,0,0,2026-04-22,2026-04-22,J B Klein DPM (1),JJ
Corewell Urgent Care - Saint Clair Shroes,,Corewell Health Urgent Care -SAINT CLAIR SHORES,38c3fbcb-4c77-48bc-94e2-a4b1314e6fc1,company name,,Prospect,Kristen,K-A19,1,0,0,1,0,0,0,0,0,2026-03-03,2026-03-03,K Bohm MD (1),KG
Corewell Urgent Care - location not defined,,Corewell Health Urgent Care,1d0a3fc4-bd55-4b73-b1fa-eb6ad99ce4e0,company name (LOW),AMBIGUOUS — also matches Corewell Urgent Care - Warren / Corewell Urgent Care - Novi / BEAUMONT URGENT CARE BY WELLSTREET / Beaumont urgent care northville (+9 more); highest tier shown; referral note says the exact source was not captured on the call,Tier 2,Kristen,K-A26,1,0,0,1,0,0,0,0,0,2026-03-09,2026-03-09,K Bohm MD (1),?
Corewell Urgent Care -Taylor,,,,UNMATCHED,brand is in MMC by site but this location (Taylor) is not — nearest generic entry: Corewell Health Urgent Care,,,,1,0,1,0,0,0,0,0,0,2026-02-10,2026-02-10,B Mayo MD (1),JJ
Corewell Urgent Care Allen Park,,Corewell Urgent Care - Allen Park,5090dcdb-4928-46db-ad3f-6b5e013d2d53,company name,,Tier 2,Kristen,K-A30,1,0,1,0,0,0,0,0,0,2026-05-26,2026-05-26,S Mendelson MD (1),KJ
Corewell Urgent Care Dearborn,,BEAUMONT URGENT CARE BY WELLSTREET,b2c0e41e-9b4b-4e68-9a9a-20a7837dbbd6,company name (LOW),"location matched through the MMC address, not the company name; also matches Corewell Health Urgent Care / Corewell URGENT CARE BY WELLSTREET; chosen by location",Prospect,Jasmine,J-A07,1,0,0,0,1,0,0,0,0,2026-06-03,2026-06-03,J B Klein DPM (1),JJ
Corewell Urgent Care FH N,,Corrwell Urgent Care - Farmington Hills North,2a274d1e-b159-42be-84f8-0a1c5d2d8fb0,company name,,Prospect,Kristen,K-A14,1,0,0,1,0,0,0,0,0,2026-07-15,2026-07-15,K Bohm MD (1),KJ
Corewell Urgent Care Farm Hills,,Corrwell Urgent Care - Farmington Hills North,2a274d1e-b159-42be-84f8-0a1c5d2d8fb0,company name,also matches Corewell Health Urgent Care / Beaumont Urgent Care - Rochester / BEAUMONT URGENT CARE BY WELLSTREET / Corewell URGENT CARE BY WELLSTREET; chosen by location,Prospect,Kristen,K-A14,1,0,0,0,1,0,0,0,0,2026-01-14,2026-01-14,J B Klein DPM (1),KG
Corewell Urgent Care Livonia,,Beaumont urgent care northville,e36ed372-c2ff-41ee-ae57-7ed775ffa214,company name (LOW),"location matched through the MMC address, not the company name; also matches Corewell Health Urgent Care / BEAUMONT URGENT CARE BY WELLSTREET / Corewell URGENT CARE BY WELLSTREET; chosen by location",Prospect,Jasmine,J-A01,1,0,0,1,0,0,0,0,0,2026-06-10,2026-06-10,K Bohm MD (1),JJ
Corewell Urgent Care Royal Oak,,Corewell Urgent Care - Royal Oak,0705419c-d214-479c-befc-96609a540921,company name,,Tier 3,Kristen,K-A21,1,0,0,0,1,0,0,0,0,2026-06-15,2026-06-15,"R Leff, DPM (1)",SS
Corewell Urgent Care Saint Clair Shores,,Corewell Health Urgent Care -SAINT CLAIR SHORES,38c3fbcb-4c77-48bc-94e2-a4b1314e6fc1,company name,,Prospect,Kristen,K-A19,1,0,1,0,0,0,0,0,0,2026-06-03,2026-06-03,J Yacisen MD (1),SS
Corewell Urgent Care Tilch,,Beaumont Urgent Care - Macomb,95815d25-928b-44a9-9eab-ebb314264337,company name,,not in spine book,,,1,0,0,1,0,0,0,0,0,2026-06-02,2026-06-02,K Bohm MD (1),SS
Corewell Urgent Care Troy - 19/SqLK,,Corewell Health Urgent Care - Troy Square Lake,9987970f-e745-49c3-858e-9412593241a2,company name (LOW),partial token match,not in spine book,,,1,0,1,0,0,0,0,0,0,2026-04-29,2026-04-29,J Yacisen MD (1),SS
Corewell Urgent Care Warren East,,Corewell Urgent Care - Warren,92cfc6be-2092-454e-81f2-3b21f66f5746,company name,also matches Corewell Health Urgent Care / BEAUMONT URGENT CARE BY WELLSTREET / Corewell URGENT CARE BY WELLSTREET; chosen by location,Tier 2,Kristen,K-A17,1,0,1,0,0,0,0,0,0,2026-02-23,2026-02-23,S Mendelson MD (1),KG
Corewell Urgent Care Wayne,,BEAUMONT URGENT CARE BY WELLSTREET,24378dba-bc30-4fc4-a4b7-d1eeb12c2bed,company name (LOW),"location matched through the MMC address, not the company name; also matches Corewell Health Urgent Care / Corewell URGENT CARE BY WELLSTREET; chosen by location",Prospect,Jasmine,J-A08,1,0,1,0,0,0,0,0,0,2026-04-29,2026-04-29,J Mendelson MD (1),JJ
Corewell Urgent Care specific location not asked,,,,SOURCE NOT CAPTURED,referral note says the doctor/location was not captured on the call,,,,1,0,1,0,0,0,0,0,0,2026-06-24,2026-06-24,P Bhullar MD (1),?
Corewell Urgent Care- Haggerty,,Beaumont urgent care northville,e36ed372-c2ff-41ee-ae57-7ed775ffa214,company name (LOW),"location matched through the MMC address, not the company name",Prospect,Jasmine,J-A01,1,0,0,0,0,0,1,0,0,2026-05-08,2026-05-08,L PA Clinic (1),JJ
Corewell Urgent- Troy,,Corewell Urgent Care - Troy Big Beaver,511c5edc-9fe5-44dc-b631-69f48c935e73,company name (LOW),also matches Corewell Health Urgent Care - Troy Square Lake / Corewell Health Urgent Care / Corewell URGENT CARE BY WELLSTREET / BEAUMONT URGENT CARE BY WELLSTREET; chosen by PL tag,Tier 2,Kristen,K-A13,1,0,1,0,0,0,0,0,0,2026-07-13,2026-07-13,S Mendelson MD (1),KJ
Corewell- Grosse Pointe UC,,,,UNMATCHED,brand is in MMC by site but this location (Grosse Pointe) is not — nearest generic entry: Corewell Health Urgent Care,,,,1,0,1,0,0,0,0,0,0,2026-07-13,2026-07-13,A Mendelson MD (1),KJ
"Costello MD, Marissa",Marissa Costello MD,Michigan family wellness,99d4fe31-7800-4760-b438-523fa51d9e6b,person: first+last,also at BEAUMONT CHERRY HILL INTERNAL MEDICAL ASSOCIATES CANTON (Prospect) — chosen by tier,Tier 1,Jasmine,J-A09,1,0,0,1,0,0,0,0,1,2026-04-23,2026-04-23,,JJ
DMC Ortho- specifics not asked,,,,SOURCE NOT CAPTURED,referral note says the doctor/location was not captured on the call,,,,1,0,0,0,0,1,0,0,0,2026-06-29,2026-06-29,K Lee MD (1),?
"DROBOT MD, YEVHEN",Yevhen Drobot DO,"PROGRESSIVE HEALTH CARE, PC",9120ce69-8d25-4a19-81f7-ce79f95993f8,person: first+last,,Prospect,Kristen,K-A24,1,0,1,0,0,0,0,0,0,2026-07-27,2026-07-27,B Mayo MD (1),KJ
"DUVOOR MD, Anu",Anu Duvoor MD,Macomb Internal Medicine,5271bbd8-dfe5-4d54-a0a2-f5547050cafe,person: first+last,,Tier 1,Kristen,K-A08,1,0,1,0,0,0,0,0,0,2026-08-20,2026-08-20,P Bhullar MD (1),CO
"Dagher DO, Batoul",Batoul Dagher DO,"PILLAY INTERNAL MEDICINE ASSOCIATES, PLLC",f5f4f354-94f3-42a1-a3be-10f8a64cdaae,person: first+last,,Tier 1,Kristen,K-A20,1,0,0,0,0,1,0,0,0,2026-07-29,2026-07-29,K Lee MD (1),KJ
"Datla MD, Sailaja",Sailaja Datla MD,Shores Internal Medicine,1154434975,person: first+last,,Tier 2,Coty,C-A13,1,0,1,0,0,0,0,0,0,2026-06-24,2026-06-24,J Mendelson MD (1),CO
"Davis MD, David",David Davis MD,David S Weingarden MD & Associates,ec2dcadc-ce63-4324-aea0-52ae2b2bdd91,person: first+last,,Tier 2,Kristen,K-A08,1,0,1,0,0,0,0,0,0,2026-05-29,2026-05-29,SH PAClinic (1),SS
"DeLeon MD, Eliezer",Eliezer DeLeon MD,Downriver Internists - Wayne,1982992715,person: first+last,,Tier 2,Coty,C-A15,1,0,1,0,0,0,0,0,0,2026-07-30,2026-07-30,D Mendelson MD (1),CO
"Debrincat, Paul G",Paul G Debrincat MD,Care Medical Clinic of Canton,1356380513,person: first+last,,Tier 2,Jasmine,J-A08,1,0,0,1,0,0,0,0,0,2026-05-08,2026-05-08,K Bohm MD (1),JJ
"Deguzman MD, David A","David A Deguzman MD,",UofM Canton Health Center General Medicine,400aeb1f-6186-4eb7-98c8-0544491af836,person: first+last,,Tier 2,Jasmine,J-A09,1,0,0,0,1,0,0,0,0,2026-07-14,2026-07-14,J B Klein DPM (1),JJ
"Deitch DO, Jeffrey S",Jeffrey Deitch DO,Tri-County Medical Clinic,1386634749,person: first+last,,Tier 1,Kristen,K-A11,1,0,0,1,0,0,0,0,0,2026-02-03,2026-02-03,K Bohm MD (1),KG
"Delewsky DPM, Marie",Marie Delewsky DPM,Rochester Medical Group,c82c9d5d-f644-42a6-8149-43868624eb50,person: first+last,,Tier 1,Coty,C-A05,1,0,0,0,1,0,0,0,0,2026-08-10,2026-08-10,J B Klein DPM (1),CO
"Dell MD, Lawrence",Lawrence Dell MD,Internal Medicine & Primary Care Specialists- 1010,1184660490,person: first+last,,Tier 2,Kristen,K-A09,1,0,0,1,0,0,0,0,0,2026-03-16,2026-03-16,K Bohm MD (1),KJ
"Demarce NP, Samantha",Samantha DeMarce NP,MedPro Primary Care,eebb725b-b031-43b9-a3d7-bfa83d77bc18,person: first+last,also at MEDPRO PRIMARY CARE - Waltz Rd (Tier 1) — chosen by PL tag,Tier 1,Kristen,K-A21,1,0,1,0,0,0,0,0,0,2026-04-10,2026-04-10,B Mayo MD (1),KJ
"Desai MD, Jayshree",Jayshree Desai MD,"GREAT LAKE PHYSICIANS, PC",5eb36bb9-fcd1-4d12-be8d-6cc4527f5a13,person: first+last,,Tier 2,Coty,C-A14,1,0,1,0,0,0,0,0,0,2026-06-10,2026-06-10,J Mendelson MD (1),CO
"Deters PA, Tara",Tara Deters NP,Yale Community Heath Center - VA Clinic,ef22f4d0-c253-4bff-8a60-2a5eaa3168df,person: first+last,,Tier 1,Kristen,K-A01,1,0,1,0,0,0,0,0,0,2026-01-08,2026-01-08,J Yacisen MD (1),KJ
"Deters PA-C, Tara",Tara Deters NP,Yale Community Heath Center - VA Clinic,ef22f4d0-c253-4bff-8a60-2a5eaa3168df,person: first+last,,Tier 1,Kristen,K-A01,1,0,1,0,0,0,0,0,0,2026-06-18,2026-06-18,J Yacisen MD (1),KJ
"Dewitt DO, Colleen",Coleen DeWitt DO,ASCENSION MEDICAL GROUP WEST BLOOMFIELD FAMILY PRACTICE,611f52cc-838d-405e-8988-68708f39608e,person: first+last (spelling),,Tier 2,Jasmine,J-B01,1,0,0,1,0,0,0,0,0,2026-07-10,2026-07-10,K Bohm MD (1),JJ
"Dewyer MD, Rodney",,,,UNMATCHED,no MMC person/company found,,,,1,0,0,1,0,0,0,0,0,2026-02-13,2026-02-13,K Bohm MD (1),CO
"DiPace DPT, Lorenzo",Lorenzo DiPace DPT,Team Rehab - SMA Bloomfield Hills,6185c99b-b972-4582-aac1-b784f9730bb5,person: first+last,,Tier 2,Kristen,K-A07,1,0,1,0,0,0,0,0,0,2026-02-06,2026-02-06,B Mayo MD (1),KJ
"Diab DO, Chaker H",Chaker H Diab DO,"DIAB AND KINNER INTERNAL MEDICINE, PC- use",954353cc-a941-4b77-90f3-f3fb1c62e161,person: first+last,,Tier 1,Kristen,K-A12,1,0,1,0,0,0,0,0,0,2026-08-11,2026-08-11,J Mendelson MD (1),KJ
"Diora, Gordhan",Gordhan Diora MD,Macomb Physicians Group,fdefbf3e-907d-4d68-bbd3-2d70f4818b7a,person: first+last,,Tier 1,Coty,C-A06,1,0,1,0,0,0,0,0,0,2026-01-09,2026-01-09,B Mayo MD (1),KG
Doctors Urgent Care,,Doctors urgent care,5d20f222-29ea-4029-b53a-fb46b570224a,company name,,Prospect,Jasmine,J-B01,1,0,1,0,0,0,0,0,0,2026-09-15,2026-09-15,S Mendelson MD (1),JJ
Dr. Burks…?  Not specified,,,,UNMATCHED,no MMC person/company found,,,,1,0,1,0,0,0,0,0,0,2026-05-19,2026-05-19,P Bhullar MD (1),?
Dr. Sadowski,,,,AMBIGUOUS PERSON,"surname only — several MMC people share it: Jason Sadowski MD / Nick Sadowski PA-C / Rich Sadowski, DC",,,,1,0,1,0,0,0,0,0,0,2026-04-13,2026-04-13,P Bhullar MD (1),?
"Drewry, Tyler",Tyler (Kip) Drewry MD,BEAUMONT FAMILY MEDICINE WESTLAND,45376ca8-4cd3-43e5-945d-5f6309bac752,person: first+last,,Tier 2,Kristen,K-A28,1,0,1,0,0,0,0,0,0,2026-09-21,2026-09-21,B Mayo MD (1),KJ
"Dubina MD, Elizabeth",Elizabeth Dubina MD,Pediatric Consultants of Troy - Shelby Township,7f486a16-5999-4a69-b80d-9de7d1f85a2d,person: first+last,also at Pediatric Consultants of Troy - Rochester Hills — chosen by PL tag,Tier 2,Kristen,K-A06,1,0,1,0,0,0,0,0,0,2026-05-27,2026-05-27,J Yacisen MD (1),KJ
"Ducato MD, Michael",Michael Ducato MD,"MICHAEL DUCATO, MD, PC",1226fb9f-b48d-4314-8a3b-0d8800bc60e1,person: first+last,,Tier 3,Jasmine,J-A12,1,0,0,0,0,1,0,0,0,2026-08-03,2026-08-03,H Singh MD (1),JJ
"Duchene, Jeffrey C",Jeffrey Duchene DC,Evolve Chiropractic,3ba22115-ae74-4ab7-a206-55166daa0904,person: first+last,also at Duchene Chiropractic Center — chosen by only one is in the spine book,Tier 2,Kristen,K-A08,1,0,0,1,0,0,0,0,0,2026-04-07,2026-04-07,K Bohm MD (1),SS
"Duchene, Nicholas",Nicholas Duchene DC,Evolve Chiropractic,3ba22115-ae74-4ab7-a206-55166daa0904,person: first+last,also at The Joint Chiropractic - Allen Park / The Joint Chiropractic - Royal Oak — chosen by only one is in the spine book,Tier 2,Kristen,K-A08,1,0,1,0,0,0,0,0,0,2026-06-17,2026-06-17,D Mendelson MD (1),SS
"EASTES DO, BRIAN",Bryan Eastes MD,Cornerstone St. Clair Internists,cc9cf66d-2e3c-4e56-9aeb-85ba4b7e600c,person: first+last (spelling),,Tier 2,Kristen,K-A06,1,0,1,0,0,0,0,0,0,2026-02-09,2026-02-09,S Mendelson MD (1),KJ
"Eastes DO, Bryan",Bryan Eastes MD,Cornerstone St. Clair Internists,cc9cf66d-2e3c-4e56-9aeb-85ba4b7e600c,person: first+last,,Tier 2,Kristen,K-A06,1,0,1,0,0,0,0,0,0,2026-08-10,2026-08-10,S Mendelson MD (1),KJ
"Eberhardt DO, Brandy",Brandy Eberhardt DO,South Lyon Family Docs,573750f7-b7bd-4246-b7ac-f1217823639f,person: first+last,,Tier 2,Kristen,K-A27,1,0,0,1,0,0,0,0,0,2026-05-20,2026-05-20,K Bohm MD (1),KG
"Edge DO, Judith M",Judith Edge DO,Corewell Internal Medicine - Family Practice DEARBORN HEIGHTS,88431ac1-44b1-4daf-a322-1fb70f0223f1,person: first+last,,Tier 1,Kristen,K-A28,1,0,1,0,0,0,0,0,0,2026-08-03,2026-08-03,A Mendelson MD (1),KJ
"Egan DO, Michelle Renee",Michelle Egan MD,Beverly Hills Internal Medicine,04-330-7414,person: first+last,,Tier 2,Kristen,K-A15,1,0,0,0,1,0,0,0,0,2026-07-23,2026-07-23,J B Klein DPM (1),KJ
Elia and Ponto,,Elia & Ponto Law,6a130d03-a657-41c7-99b1-1caf3ad6e44c,company name,,Tier 2,Kristen,Phone cadence,1,0,1,0,0,0,0,0,0,2026-03-11,2026-03-11,J Yacisen MD (1),KJ
Emcura Urgent Care,,Emcura urgent care novi,f4f566d7-e388-4604-883a-96713824cbff,company name,,Prospect,Coty,C-A14,1,0,0,0,1,0,0,0,0,2026-08-13,2026-08-13,"K Sorensen, DPM (1)",KJ
Emcura- Grosse Pointe,,Emcura Immediate Care - Grosse Pointe,bf549ea4-0d9c-4877-927c-ed3f99bf0988,company name,also matches Emcura Medical; chosen by location,Prospect,Kristen,K-A19,1,0,0,0,1,0,0,0,0,2026-08-04,2026-08-04,J B Klein DPM (1),SS
"Engel MD, Allison",Allison Engel MD,Northpointe Pediatrics,31b0544c-cc2c-4479-9df9-b11748ecefc7,person: first+last,,Tier 1,Kristen,K-A12,1,0,1,0,0,0,0,0,0,2026-03-04,2026-03-04,J Yacisen MD (1),KJ
"Eraqi MD, Hany",Hany Eraqi MD,Beaumont Family Medicine - Sterling Heights,1952519001,person: first+last,,Tier 2,Kristen,K-A05,1,0,0,0,0,1,0,0,0,2026-04-16,2026-04-16,A Oddo DO (1),SS
Express Health  Urgent Care Redford,,Express health urgent care,1891767695,company name (LOW),"location matched through the MMC address, not the company name; also matches MI Express Urgent Care / EXPRESS MED URGENT CARE; chosen by location",Prospect,Jasmine,J-A05,1,0,1,0,0,0,0,0,0,2026-05-18,2026-05-18,B Mayo MD (1),JJ
"FARUQUE DO, RUBAIYA",Rubaiya Faruque DO,Lake Huron Medical Center - Fort Gratiot,b4513fe8-6a5e-436a-8c89-648ea99ad482,person: first+last,,Tier 2,Kristen,K-A02,1,0,1,0,0,0,0,0,0,2026-08-12,2026-08-12,J Yacisen MD (1),KJ
"FELDMAN MD, MICHAEL",Michael Feldman MD,Internal Medicine Specialists,e37d14fb-2eea-4cb1-8957-ff0081af7ed5,person: first+last,,Tier 3,Kristen,K-A14,1,0,0,0,1,0,0,0,0,2026-05-01,2026-05-01,"R Leff, DPM (1)",KJ
"Fadlallah PA-C, Houssam M",,,,UNMATCHED,no MMC person/company found,,,,1,0,1,0,0,0,0,0,0,2026-07-06,2026-07-06,P Bhullar MD (1),JJ
Faith Medical and UC,,Faith Internal Medicine & Urgent Care,677326d2-4ba2-4a49-a6f1-e7633a9a8401,company name,,Tier 1,Coty,C-A14,1,0,0,0,1,0,0,0,0,2026-08-24,2026-08-24,"K Sorensen, DPM (1)",CO
"Farah MD, Renee",Renee Afram Farah MD,Corewell Health Family Medicine - Farmington Hills,f4e08b14-ec91-4b48-b82c-2c7f762bf721,person: first+last,,Tier 2,Kristen,K-A14,1,0,0,0,1,0,0,0,0,2026-04-07,2026-04-07,J B Klein DPM (1),KJ
"Farah MD, Renee Afram",Renee Afram Farah MD,Corewell Health Family Medicine - Farmington Hills,f4e08b14-ec91-4b48-b82c-2c7f762bf721,person: first+last,,Tier 2,Kristen,K-A14,1,0,1,0,0,0,0,0,0,2026-01-26,2026-01-26,B Mayo MD (1),KJ
"Farhat MD, Anna",Anna Farhat MD,Henry Ford Health Medical Center (Ascension),3a5cf92c-ae21-4227-96ec-08c2968a5939,person: first+last,,Tier 2,Coty,C-A13,1,0,1,0,0,0,0,0,0,2026-06-17,2026-06-17,P Bhullar MD (1),CO
Farmington Hills Urgent Care,,Farmington Hills Urgent Care Walk-In Clinic,09-875-7930,company name,also matches Corrwell Urgent Care - Farmington Hills North; chosen by PL tag,Prospect,Jasmine,J-A01,1,0,0,1,0,0,0,0,0,2026-08-10,2026-08-10,K Bohm MD (1),JJ
Farmington Urgent Care,,Farmington Hills Urgent Care Walk-In Clinic,09-875-7930,company name (LOW),,Prospect,Jasmine,J-A01,1,0,1,0,0,0,0,0,0,2026-04-15,2026-04-15,P Bhullar MD (1),SS
"Faruque DO, Rubaiya",Rubaiya Faruque DO,Lake Huron Medical Center - Fort Gratiot,b4513fe8-6a5e-436a-8c89-648ea99ad482,person: first+last,,Tier 2,Kristen,K-A02,1,0,1,0,0,0,0,0,0,2026-01-08,2026-01-08,J Yacisen MD (1),KJ
"Feinstein DO, Max",,,,UNMATCHED,brand is in MMC at other sites (A Feinstein OMM Institute- Rochester Hills) — this location is not,,,,1,0,0,0,1,0,0,0,0,2026-04-28,2026-04-28,"R Leff, DPM (1)",KJ
"Feldman MD, Barry",Barry Feldman MD,Millenium Associated Physicians - 130A,1972588259,person: first+last,,Tier 2,Kristen,K-A16,1,0,1,0,0,0,0,0,0,2026-05-07,2026-05-07,S Mendelson MD (1),KJ
"Feldman MD, Daniel","Daniel Feldman, MD",Michigan Institute for Neurological Disorders (MIND) - Farmington Hills,1962472241,person: first+last,,Tier 1,Coty,C-A09,1,0,0,0,0,1,0,0,0,2026-03-24,2026-03-24,A Oddo DO (1),KG
"Ferrarer-Blair MD, Hilda","HILDA FERRARER BLAIR MD,",Henry Ford Family Medicine/Internal Medicine  - Novi,15ebb26a-5efc-4ce7-9eb1-60fb9bd5f6c9,person: first+last,,Prospect,Jasmine,J-C02,1,0,1,0,0,0,0,0,0,2026-07-31,2026-07-31,P Bhullar MD (1),JJ
First Choice Urgent Care - Livonia,,1st choice Urgent Care Livonia,4234d0ba-61b7-4931-8788-6156494bcc59,company name,,Prospect,Jasmine,J-A05,1,0,0,1,0,0,0,0,0,2026-04-24,2026-04-24,K Bohm MD (1),JJ
"Fischgrund MD, Jeffrey",Jeffrey Fischgrund MD,Michigan Orthopedic Surgeons- Southfield,e1c8dbbf-56d1-41b9-82e4-7fa1950cb943,person: first+last,also at MICHIGAN ORTHOPAEDIC INSTITUTE — chosen by PL tag,Prospect,Jasmine,J-C03,1,0,0,0,1,0,0,0,0,2026-07-16,2026-07-16,"K Sorensen, DPM (1)",JJ
"Fisher MD, Jeffrey",Jeffrey Fisher MD,Michigan Adult and Child Medicine,1700860103,person: first+last,,Tier 2,Kristen,K-A17,1,0,1,0,0,0,0,0,0,2026-03-31,2026-03-31,B Mayo MD (1),SS
"Forman MD, Seth",Seth Forman MD,WELL BEING PEDIATRICS,e5e6ea92-d9c9-49c0-b1f3-b645b04e1adb,person: first+last,,Tier 2,Kristen,K-A20,1,0,0,1,0,0,0,0,0,2026-04-24,2026-04-24,K Bohm MD (1),KJ
"Fox MD, Sara Ann",Sara Fox MD,Waypointe Internal Medicine,1164469821,person: first+last,,Tier 2,Kristen,K-A19,1,0,1,0,0,0,0,0,0,2026-03-20,2026-03-20,J Yacisen MD (1),KG
"Francis DO, Michael",Michael Francis DO,GROSSE POINTE PARK INTERNAL MEDICINE CENTER,4182fa5f-6d87-4037-9102-1014f5d60056,person: first+last,,Tier 2,Kristen,K-A26,1,0,0,1,0,0,0,0,0,2026-06-02,2026-06-02,K Bohm MD (1),KJ
"Francis MD, Peter J",Peter Francis MD,Northpointe Pediatrics,31b0544c-cc2c-4479-9df9-b11748ecefc7,person: first+last,,Tier 1,Kristen,K-A12,1,0,1,0,0,0,0,0,0,2026-02-19,2026-02-19,P Bhullar MD (1),KJ
"French DO, Katherine Zwark",Katherine French DO,Clarkston Medical Group Adult & Pediatric Medicine,b24ac823-2845-4622-ad3b-eb46f7171bbb,person: first+last,,Tier 2,Coty,C-A02,1,0,1,0,0,0,0,0,0,2026-03-04,2026-03-04,P Bhullar MD (1),CO
"Fretz DO, Jennifer",Jennifer Fretz DO,MD VIP - Trenton,0e7f5d40-b8a0-4524-96a4-2229c7d1e5e7,person: first+last,,Tier 2,Jasmine,J-A12,1,0,1,0,0,0,0,0,0,2026-02-23,2026-02-23,S Mendelson MD (1),JJ
"Freydl DO, Karl",Karl Freydl DO,Michigan Head & Spine Institute - Novi,a2352347-063f-4a39-a0c1-25774fd3490b,person: first+last,,not in spine book,,,1,0,0,0,1,0,0,0,0,2026-04-07,2026-04-07,J B Klein DPM (1),KG
"Friedman MD, Paul B",,,,UNMATCHED,no MMC person/company found,,,,1,0,1,0,0,0,0,0,0,2026-02-23,2026-02-23,B Mayo MD (1),KJ
"Fukala, Monica",Monica Fukala NP,Premier Medicine Medical Center - Livonia,13842362-6701-47f3-95cc-140ea17bd264,person: first+last,,Tier 1,Jasmine,J-A05,1,0,1,0,0,0,0,0,0,2026-05-07,2026-05-07,D Mendelson MD (1),JJ
GET WELL UC  STERLING HEIGHT,,Get Well Urgent Care - Sterling Heights,1bcc2e23-5fc1-428c-ad41-dc35c5345bf7,company name,,Tier 1,Kristen,K-A11,1,0,1,0,0,0,0,0,0,2026-09-16,2026-09-16,J Yacisen MD (1),KJ
"GIANCOLA PA, DAVID",David Giancola PA-C,Macomb Medical Clinic,1992782320,person: first+last,,Tier 1,Coty,C-A10,1,0,1,0,0,0,0,0,0,2026-07-06,2026-07-06,S Mendelson MD (1),CO
"GRAY MD, MARTHA (ZOC DOC)",Martha Gray MD,Partners in Internal Medicine,2bc5b4b8-9395-4f0a-bc36-8f7ffd755481,person: first+last,also at Partners in internal medicine (Prospect) — chosen by tier,Tier 2,Jasmine,J-A08,1,0,1,0,0,0,0,0,0,2026-05-01,2026-05-01,B Mayo MD (1),JJ
"Gaind MD, Mala",Mala Gaind MD,Providence Park Pediatrics - Novi,9db7de95-514d-45c7-8a73-449a08d1d590,person: first+last,also at Providence Park Pediatrics - Livingston — chosen by PL tag,Tier 1,Kristen,K-A20,1,0,0,1,0,0,0,0,0,2026-08-07,2026-08-07,K Bohm MD (1),KJ
"Gamalski DO, Joseph",Joseph Gamalski DO,Troy Internal Medicine,227a3faf-d636-4f07-adbf-db1d49776b27,person: first+last,,Tier 2,Kristen,K-A10,1,0,1,0,0,0,0,0,0,2026-06-16,2026-06-16,P Bhullar MD (1),KJ
"Geevarghese MD, Roby J",Roby  Geevarghese MD,Prism Medical Group - Family Medicine Ste 240,b95fc8ff-585a-4d2e-9aae-c2ea0fd1b50c,person: first+last,,Tier 1,Coty,C-A04,1,0,0,1,0,0,0,0,0,2026-05-05,2026-05-05,K Bohm MD (1),CO
"Gennaoui MD, Habib",Habib Gennaoui MD,John R Medical Clinic,1720079437,person: first+last,,Tier 2,Coty,C-A12,1,0,1,0,0,0,0,0,0,2026-08-24,2026-08-24,S Mendelson MD (1),CO
"Gennaoui MD, Habib G",Habib Gennaoui MD,John R Medical Clinic,1720079437,person: first+last,,Tier 2,Coty,C-A12,1,0,1,0,0,0,0,0,0,2026-06-25,2026-06-25,J Mendelson MD (1),CO
Get Well Southfield,,Get Well Urgent Care Southfield,81a09b96-6834-4950-963a-abff6d4aac6b,company name,also matches Get well urgent care / Get Well Urgent Care / GetWell Urgent Care / Be Well Medical Center (+1 more); chosen by location,Prospect,Jasmine,J-A02,1,0,0,0,1,0,0,0,0,2026-06-25,2026-06-25,"K Sorensen, DPM (1)",JJ
Get Well Urgent Care - Shelby,,Get Well Urgent Care of Shelby,6d4858c6-18d3-4849-b136-42e2fcb84fe3,company name,also matches Get well urgent care / Get Well Urgent Care / GetWell Urgent Care; chosen by location,Prospect,Coty,C-A03,1,0,1,0,0,0,0,0,0,2026-05-27,2026-05-27,D Mendelson MD (1),CO
Get Well Urgent Care - Sterling Heights,,Get Well Urgent Care - Sterling Heights,1bcc2e23-5fc1-428c-ad41-dc35c5345bf7,company name,,Tier 1,Kristen,K-A11,1,0,0,1,0,0,0,0,0,2026-05-26,2026-05-26,K Bohm MD (1),SS
Get Well Urgent Care Dearborn,,Get well urgent care,ce05f9ae-2ed1-4743-9131-ddf0d57e59eb,company name (LOW),"location matched through the MMC address, not the company name; also matches Get Well Urgent Care / GetWell Urgent Care; chosen by PL tag",Tier 2,Jasmine,J-A10,1,0,1,0,0,0,0,0,0,2026-06-30,2026-06-30,P Bhullar MD (1),JJ
Get Well Urgent Care Madison Heights,,Get Well Urgent Care Madison Heights,346a1335-a97f-4a1a-9847-77f9e71383c3,company name,,Tier 1,Kristen,K-A21,1,0,1,0,0,0,0,0,0,2026-08-20,2026-08-20,J Mendelson MD (1),KJ
Get Well Urgent Care Of Sterling Heights,,Get Well Urgent Care - Sterling Heights,1bcc2e23-5fc1-428c-ad41-dc35c5345bf7,company name,also matches Get Well Urgent Care / Get well urgent care / GetWell Urgent Care; chosen by location,Tier 1,Kristen,K-A11,1,0,1,0,0,0,0,0,1,2026-01-16,2026-01-16,,KG
Get well UC SF,,Get Well Urgent Care Southfield,81a09b96-6834-4950-963a-abff6d4aac6b,company name,,Prospect,Jasmine,J-A02,1,0,0,0,1,0,0,0,0,2026-09-22,2026-09-22,J B Klein DPM (1),JJ
"Ghani MD, Nesrene",Nesrene Ghani MD,Schaefer Medical,a5a464ab-73df-48e0-8f49-b80f6b89fc6b,person: first+last,,Tier 2,Jasmine,J-A10,1,0,1,0,0,0,0,0,0,2026-04-17,2026-04-17,B Mayo MD (1),JJ
"Ghazi MD, Samina Ansar",Samina Ghazi MD,"GHAZI, SAMINA A, MEDICAL GROUP",53949fba-18e2-4ab7-9005-0978b42e348d,person: first+last,,not in spine book,,,1,0,1,0,0,0,0,0,0,2026-07-23,2026-07-23,J Mendelson MD (1),KJ
"Giannola MD, Joseph V",Joseph Giannola MD,Henry Ford Health - Family Medicine 8 Mile Livonia,22476694-35cd-4d2b-b17f-07cee1f1db4b,person: first+last,,Tier 1,Kristen,K-A24,1,0,1,0,0,0,0,0,0,2026-06-12,2026-06-12,B Mayo MD (1),KJ
"Glazer DC, Shelby R",Shelby Glazer,Glazer Spine Center- use,db36e827-679d-4248-8834-41450c4256cf,person: first+last,,Prospect,Coty,C-A09,1,0,1,0,0,0,0,0,0,2026-04-14,2026-04-14,S Mendelson MD (1),SS
"Glazer Zucker DO, Michelle","Michelle Glazer-Zucker, DO",Oakland Family Practice,13ba57d5-6bc6-4d44-8d40-efd8e7131d2e,person: first+last,,Tier 1,Kristen,K-A13,1,0,0,0,0,1,0,0,0,2026-08-27,2026-08-27,A Oddo DO (1),KJ
"Go MD, Lilly",Lily Go MD,Corewell Health Wayne Hospital Internal Medicine - Canton,1c7828ed-eebc-45ad-a838-28fbb2264e48,person: first+last (spelling),,Tier 2,Jasmine,J-A09,1,0,0,1,0,0,0,0,1,2026-07-13,2026-07-13,,JJ
"Gogue, Paul L",Paul Gogue MD,GOGUE PEDIATRICS,e93c4384-93e5-43ab-a1a5-665529f4411f,person: first+last,,not in spine book,,,1,0,1,0,0,0,0,0,0,2026-09-17,2026-09-17,J Mendelson MD (1),KJ
"Goldfaden MD, Amy","Amy Goldfaden MD,",Associates in Internal Medicine - MHP,1639309131,person: first+last,,Tier 3,Kristen,K-A14,1,0,0,0,1,0,0,0,0,2026-07-01,2026-07-01,"R Leff, DPM (1)",KJ
"Goldman DO, Seth A",Seth Goldman DO,Henry Ford Internists - Farmington Hills 150,85ababc7-e294-4225-8cc7-28b8a5b1b9e2,person: first+last,,Tier 2,Kristen,K-A16,1,0,0,1,0,0,0,0,0,2026-05-04,2026-05-04,K Bohm MD (1),KJ
"Gormley MD, Matthew",Matthew Gormley MD,Croswell Clinic - McKenzie Health System,2ac1e0f1-866e-4ffa-a132-1099d6d87433,person: first+last,,Tier 2,Kristen,K-A02,1,0,0,1,0,0,0,0,0,2026-03-31,2026-03-31,K Bohm MD (1),KJ
"Gray MD, Martha",Martha Gray MD,Partners in Internal Medicine,2bc5b4b8-9395-4f0a-bc36-8f7ffd755481,person: first+last,also at Partners in internal medicine (Prospect) — chosen by tier,Tier 2,Jasmine,J-A08,1,0,0,1,0,0,0,0,0,2026-06-08,2026-06-08,K Bohm MD (1),JJ
"Green, Kevin",Kevin Green FNP,Park Medical Centers,92913d4d-edc4-462b-aecf-ef3f54198f09,person: first+last,"also at MAURA BAGOS, DO, PC — chosen by PL tag",Tier 1,Kristen,K-A29,1,0,1,0,0,0,0,0,0,2026-05-08,2026-05-08,P Bhullar MD (1),KJ
"Griffin Teich MD, Hailey",Hayley Teich MD,IHA CHERRY HILL VILLAGE PEDIATRICS,899fd1b9-3b4e-408a-9886-a869c1c579d2,person: first+last (spelling),,not in spine book,,,1,0,1,0,0,0,0,0,0,2026-02-24,2026-02-24,P Bhullar MD (1),KJ
"HUSSEIN FNPC, ALAN",Alan Hussein NP,Village Medical - Northville West,1255345930,person: first+last,"also at Village Medical 7 Mile - Northville / St Clair Shores, Ascension MyHealth Urgent Care — chosen by PL tag",Tier 1,Kristen,K-A20,1,0,0,0,0,1,0,0,0,2026-07-20,2026-07-20,H Singh MD (1),KJ
"HUSSEIN, ALAN",Alan Hussein NP,Village Medical - Northville West,1255345930,person: first+last,"also at Village Medical 7 Mile - Northville / St Clair Shores, Ascension MyHealth Urgent Care — chosen by PL tag",Tier 1,Kristen,K-A20,1,0,1,0,0,0,0,0,0,2026-01-13,2026-01-13,P Bhullar MD (1),KJ
"Hajjar MD, Riad Robert",Riad Hajjar MD,Internal Medicine Associates Port Huron,8afa43db-e543-40bf-9328-2479a24606d8,person: first+last,,Tier 2,Kristen,K-A02,1,0,1,0,0,0,0,0,0,2026-01-08,2026-01-08,J Yacisen MD (1),KJ
"Hall MD, Jeffrey",Jeffrey Hall MD,Michigan Surgery Specialists  - Roseville,a978aadc-a7c9-40f6-be36-465720a638af,person: first+last,"AMBIGUOUS — also at Michigan Surgery Specialists - Shelby Township (Prospect) / Surgeons Choice Medical Center; no PL/credential/tier evidence, first in MMC order shown",Prospect,Coty,C-A13,1,0,0,0,0,1,0,0,0,2026-05-20,2026-05-20,B Kassa DO (1),KG
"Haller, Jeffrey",Jeffrey Haller MD,Haller and Hug Internal Medicine,9019b0af-745f-41ea-a4ab-4e72321359d9,person: first+last,,Tier 2,Kristen,K-A22,1,0,0,0,1,0,0,0,0,2026-01-29,2026-01-29,"R Leff, DPM (1)",KJ
"Hames MD, Douglas",Douglas Hames MD,Office of Douglas Hames MD,1457400954,person: first+last,,Tier 2,Jasmine,J-A03,1,0,1,0,0,0,0,0,0,2026-07-17,2026-07-17,B Mayo MD (1),JJ
"Hanselman, Michael",Michael Hanselman DC,Precise Chiropractic,7949ef7e-580c-41cc-b7ee-5a5d6dadc605,person: first+last,,Tier 2,Coty,C-A05,1,0,1,0,0,0,0,0,0,2026-06-29,2026-06-29,G Jerry MD (1),SS-CO
"Harris MD, Angela",Angela Harris PA-C,"DEARBORN FAMILY CLINIC, PC",a7a3d5c1-7a49-46bc-b9ad-08cbe9188e80,person: first+last,,Tier 1,Jasmine,J-A10,1,0,1,0,0,0,0,0,0,2026-04-15,2026-04-15,J Mendelson MD (1),JJ
"Hasaba MD, Hasan",Hasan Hasaba MD,GREENFIELD PEDIATRICS,7ecd408b-3b0b-496a-a756-1a75d9a0ffcb,person: first+last,,not in spine book,,,1,0,0,0,1,0,0,0,0,2026-08-05,2026-08-05,"K Green, DPM (1)",KJ
"Hatta MD, Ami",Ami Hatta MD,Kids First Pediatrics,1235164872,person: first+last,,Tier 2,Kristen,K-A23,1,0,1,0,0,0,0,0,0,2026-01-06,2026-01-06,B Mayo MD (1),KJ
"Haverman MD, Jessica",Jessica Haveman MD,BEAUMONT FAMILY MEDICINE GARDEN CITY,796ef668-29ca-4cac-84b8-fd8125eb6bde,person: first+last (exact/surname spelling),,Tier 2,Jasmine,J-A07,1,0,1,0,0,0,0,0,0,2026-09-11,2026-09-11,B Mayo MD (1),JJ
Hazel Park Urgent Care,,Jawad Agha MD - Hazel Park Urgent Care,e2ff9b74-2f79-451c-a250-faabdd5cdea5,company name,,Prospect,Kristen,K-A23,1,0,0,0,1,0,0,0,0,2026-05-26,2026-05-26,J B Klein DPM (1),KJ
Henry Ford Go Health,,Henry Ford Go Health Urgent Care,14f29ff1-cd7e-4e90-b5c7-b1114551c5b9,company name,,Prospect,Kristen,K-A18,1,0,1,0,0,0,0,0,0,2026-05-13,2026-05-13,D Mendelson MD (1),KG
Henry Ford Urgent Care - need location,,HENRY FORD WALK IN CLINIC,13ccca87-4220-4fd6-84c8-1052a336e845,company name,also matches Henry Ford urgent care Livonia / Henry Ford Go Health Urgent Care / Henry Ford Gohealth Urgent Care / HENRY FORD GOHEALTH URGENT CARE (+4 more); chosen by tier,Tier 2,Kristen,K-A07,1,0,1,0,0,0,0,0,0,2026-08-17,2026-08-17,B Mayo MD (1),?
"Hernandez DO, Maridel A",Maridel Hernandez DO,Maridel Hernadez MD,8d20bd9d-fad3-4505-aa71-e69cb2962597,person: first+last,,Tier 2,Coty,C-A08,1,0,1,0,0,0,0,0,0,2026-08-10,2026-08-10,G Jerry MD (1),CO
"Hertz DO, Ronald",Ronald Hertz DO,Henry Ford Main Internal Medicine - Grosse Pointe,1073593174,person: first+last,,Tier 1,Kristen,K-A26,1,0,0,0,0,1,0,0,0,2026-09-10,2026-09-10,A Oddo DO (1),KJ
"Hickling, David Robert",David Hickling DO,Michigan MSK Medicine - Clinton Township,e2e88457-4627-4d77-a90e-00417069f605,person: first+last,,Tier 3,Coty,C-A08,1,0,0,0,0,1,0,0,0,2026-07-09,2026-07-09,A Oddo DO (1),CO
"Hoffman, Keith",Keith Hoffman MD,Oakland Family Practice,13ba57d5-6bc6-4d44-8d40-efd8e7131d2e,person: first+last,,Tier 1,Kristen,K-A13,1,0,1,0,0,0,0,0,0,2026-09-16,2026-09-16,J Yacisen MD (1),KJ
"Hoisington MD, Melissa",Melissa Hoisington MD,Providence Park Pediatrics - Novi,9db7de95-514d-45c7-8a73-449a08d1d590,person: first+last,also at Providence Park Pediatrics - Livingston — chosen by PL tag,Tier 1,Kristen,K-A20,1,0,1,0,0,0,0,0,0,2026-02-17,2026-02-17,S Mendelson MD (1),KJ
"Hollowinski MD, Mark",Mark Holowinski MD,Roseville Family Practice,c96dc780-a933-4f9f-aaa3-e1da22d0f35e,person: first+last (exact/surname spelling),,Tier 2,Kristen,K-A17,1,0,0,0,1,0,0,0,0,2026-07-30,2026-07-30,J B Klein DPM (1),SS
"Howell MD, Terry",Terry Howell MD,"TERRY D HOWELL, MD, PC",4e57efb6-1ae9-4171-ac14-4be29705805c,person: first+last,,Tier 2,Jasmine,J-A11,1,0,1,0,0,0,0,0,0,2026-06-22,2026-06-22,S Mendelson MD (1),JJ
"Huber MD, Yosef Yitzchok",Yosef Huber MD,APH - Pavillion IM Use this one,2042f8c4-062b-497d-93cd-a5501bc57707,person: first+last,,Tier 2,Kristen,K-A21,1,0,1,0,0,0,0,0,0,2026-04-20,2026-04-20,D Mendelson MD (1),KJ
"Hudock MD, Steven M",Steven Hudock MD,Macomb Physicians Group,fdefbf3e-907d-4d68-bbd3-2d70f4818b7a,person: first+last,,Tier 1,Coty,C-A06,1,0,1,0,0,0,0,0,0,2026-07-30,2026-07-30,B Mayo MD (1),CO
"Hussein NP,  Alan",Alan Hussein NP,Village Medical - Northville West,1255345930,person: first+last,"also at Village Medical 7 Mile - Northville / St Clair Shores, Ascension MyHealth Urgent Care — chosen by PL tag",Tier 1,Kristen,K-A20,1,0,1,0,0,0,0,0,0,2026-01-12,2026-01-12,S Mendelson MD (1),KJ
IEP Urgent Care Southfield,,IEP urgent care Southfield,317790ff-8095-48d0-99d4-f53dc94477bb,company name,,Prospect,Kristen,K-A15,1,0,0,0,1,0,0,0,0,2026-06-15,2026-06-15,J B Klein DPM (1),KJ
"Ilayan, Samer A",Samer Ilayan Md,Premier Internists - Suite 180,23ff4711-fcf4-4eb3-bd86-aa07b5332791,person: first+last,,Tier 2,Kristen,K-A16,1,0,0,0,1,0,0,0,0,2026-03-11,2026-03-11,"K Green, DPM (1)",KJ
Imlay City Urgent Care,,Total Urgent Care - Imlay City,6cdc4f2a-f64d-445d-b603-11a563abda77,company name (LOW),,Prospect,Kristen,K-A01,1,0,1,0,0,0,0,0,0,2026-01-12,2026-01-12,G Jerry MD (1),KJ
"Irby Johnson MD, Nijuanna",NiJuanna Irby-Johnson MD,Berry Johnson Health,1134320930,person: first+last,,Tier 2,Kristen,K-A18,1,0,0,0,1,0,0,0,0,2026-07-13,2026-07-13,"K Sorensen, DPM (1)",KJ
"Irby Johnson, NiJuanna",NiJuanna Irby-Johnson MD,Berry Johnson Health,1134320930,person: first+last,,Tier 2,Kristen,K-A18,1,0,0,0,1,0,0,0,0,2026-01-27,2026-01-27,"R Leff, DPM (1)",KJ
"Irby- Johnson MD, NiJuanna",NiJuanna Irby-Johnson MD,Berry Johnson Health,1134320930,person: first+last,,Tier 2,Kristen,K-A18,1,0,0,0,1,0,0,0,0,2026-04-24,2026-04-24,"R Leff, DPM (1)",KJ
"Isham MD, Christopher",Christopher Isham MD,Excel Health,1730132077,person: first+last,also at Henry Ford Ferndale Medical Center — chosen by PL tag,Tier 2,Kristen,K-A15,1,0,0,0,1,0,0,0,0,2026-07-14,2026-07-14,"R Leff, DPM (1)",KJ
"Ishaqsei MD, Wahed",Wahed Ishaqsei MD,Allied Internists,1063423176,person: first+last,,Tier 2,Coty,C-A11,1,0,1,0,0,0,0,0,0,2026-02-05,2026-02-05,S Mendelson MD (1),KG
Ivan Ankwatsa - Pryde Athletics,,Pryde Athletics and Physical Therapy,70091951-e0bd-42eb-9eb7-c5be5ce88649,company name (LOW),matched on part of the name,Tier 1,Kristen,K-A27,1,0,1,0,0,0,0,0,0,2026-03-16,2026-03-16,B Mayo MD (1),KJ
Ivan Ankwatsa- Pryde Athletics,,Pryde Athletics and Physical Therapy,70091951-e0bd-42eb-9eb7-c5be5ce88649,company name (LOW),matched on part of the name,Tier 1,Kristen,K-A27,1,0,1,0,0,0,0,0,0,2026-05-01,2026-05-01,B Mayo MD (1),KJ
Ivan Ankwatsa-Pryde Athletics,,Pryde Athletics and Physical Therapy,70091951-e0bd-42eb-9eb7-c5be5ce88649,company name (LOW),matched on part of the name,Tier 1,Kristen,K-A27,1,0,1,0,0,0,0,0,0,2026-02-03,2026-02-03,S Mendelson MD (1),KJ
"JEUNG, DANIEL",Daniel Jeung MD,"Trinity Health IHA Medical Group, Primary Care - Ann Arbor",41bbf717-a150-4c1a-b236-ebab1366b8aa,person: first+last,also at ACADEMIC INTERNAL MEDICINE (Prospect) — chosen by tier,Tier 3,Jasmine,J-A11,1,0,0,1,0,0,0,0,0,2026-01-28,2026-01-28,K Bohm MD (1),JJ
"Jackson DO, Paul",Paul Jackson DO,Village Medical - Livonia,e3d707da-675d-4d7c-9356-2f53ec4d8a2e,person: first+last,,Tier 1,Kristen,K-A24,1,0,1,0,0,0,0,0,0,2026-05-01,2026-05-01,P Bhullar MD (1),KJ
"Jackson MD, M David",M David Jackson MD,Rehabilitation Physicians - Howell,1864e76b-9568-4504-a034-03ad20ed998d,person: first+last,also at Rehabilitation Physicians - Novi — chosen by PL tag,Tier 3,Jasmine,J-A01,1,0,0,1,0,0,0,0,0,2026-08-17,2026-08-17,K Bohm MD (1),JJ
"Jacob MD, Laith",Laith Jacob MD,Faith Internal Medicine & Urgent Care,677326d2-4ba2-4a49-a6f1-e7633a9a8401,person: first+last,,Tier 1,Coty,C-A14,1,0,1,0,0,0,0,0,0,2026-01-22,2026-01-22,D Mendelson MD (1),CO
"Jain MD, Deepali",Deepali Jain MD,Corewell Health Medical Group East,94e41be8-c824-4bbd-8119-47ffbb084071,person: first+last,,Tier 2,Coty,C-A11,1,0,1,0,0,0,0,0,1,2026-03-04,2026-03-04,,CO
Jake Souva DPT,Jake Souva DPT,Souva PT and Performance,ff1e6dda-d122-4127-b4fe-e380950051e4,person: first+last,,Tier 2,Kristen,K-A06,1,0,1,0,0,0,0,0,0,2026-03-20,2026-03-20,B Mayo MD (1),KJ
"James PTA, Amanda",Amanda James PTA,Plymouth physical therapy services,cd5ff85f-ef03-49bb-bf33-ee98e3b500ec,person: first+last,,Tier 1,Jasmine,J-A07,1,0,1,0,0,0,0,0,0,2026-09-18,2026-09-18,B Mayo MD (1),JJ
"Jarad MD, John I",John I Jarad MD (Senior),Port Huron Medicine Associates,1245235654,person: first+last,,Tier 1,Kristen,K-A03,1,0,1,0,0,0,0,0,0,2026-04-30,2026-04-30,J Yacisen MD (1),KJ
"Jarodiya, Babubhai",Babu Jarodiya MD,Levan Internists,1972528818,person: first+last (nickname),,Tier 1,Jasmine,J-A06,1,0,0,1,0,0,0,0,0,2026-01-14,2026-01-14,K Bohm MD (1),JJ
"Jayakar MD, Shaun",Shaun Jayakar MD,Shaun Jayakar MD,f56a8949-cb8d-4abd-8405-0a939eec72d2,person: first+last,,Tier 2,Coty,C-A13,1,0,1,0,0,0,0,0,0,2026-03-05,2026-03-05,P Bhullar MD (1),CO
"Jesser DPT, Emily",Emily Jesser DPT,Ivy Rehab - Novi,df60078e-201f-47fc-b9e3-dea78ab7c916,person: first+last,,Tier 2,Kristen,K-A20,1,0,1,0,0,0,0,0,0,2026-06-12,2026-06-12,B Mayo MD (1),KJ
"Jesser, Emily DPT",Emily Jesser DPT,Ivy Rehab - Novi,df60078e-201f-47fc-b9e3-dea78ab7c916,person: first+last,,Tier 2,Kristen,K-A20,1,0,1,0,0,0,0,0,0,2026-07-10,2026-07-10,B Mayo MD (1),KJ
"Johnson MD, Valerie","Valerie Johnson MD,",Corewell Health Family Medicine - Farmington Hills,f4e08b14-ec91-4b48-b82c-2c7f762bf721,person: first+last,,Tier 2,Kristen,K-A14,1,0,0,1,0,0,0,0,0,2026-03-02,2026-03-02,K Bohm MD (1),KJ
"Junn, Fredrick S",,,,UNMATCHED,no MMC person/company found,,,,1,0,0,0,0,1,0,0,0,2026-07-06,2026-07-06,K Lee MD (1),CO
"KARMO MD, DILLON",Dillon Karmo MD,Corewell Internal Medicine Southfield,5eb6a409-5e7b-430f-a462-af3a919cfc22,person: first+last,,Tier 1,Kristen,K-A16,1,0,0,1,0,0,0,0,0,2026-08-25,2026-08-25,K Bohm MD (1),KJ
KEVIN SEIFERHELD,Kevin Seiferheld,Michigan Auto Law,8bd62ae0-e836-472d-84f6-a85688fd5524,person: first+last,,Tier 1,Kristen,Phone cadence,1,0,1,0,0,0,0,0,0,2026-03-09,2026-03-09,S Mendelson MD (1),KJ
"KISSEL DPM, BRIAN",Brian Kissel DPM,Foot & Ankle Specialists of Southeast Michigan - Warren,c47f040d-217f-4526-bd80-92b1073a4d77,person: first+last,,Tier 3,Coty,C-A10,1,0,0,0,0,1,0,0,0,2026-06-25,2026-06-25,A Oddo DO (1),CO
"KOHLENBERG MD, MATTHEW","MATTHEW KOHLENBERG MD,",IHA Plymouth Primary Care,92cc3682-defe-42ff-8ccd-0ff138c12b77,person: first+last,,Tier 2,Jasmine,J-A08,1,0,0,0,0,1,0,0,0,2026-02-27,2026-02-27,K Lee MD (1),JJ
"KREIT MD, RIM",Reem Kreit MD,Henry Ford Family Medicine - Shelby Twp,0bdbb3e7-d637-40e2-971a-0a025721f6f0,person: first+last (nickname),,not in spine book,,,1,0,0,1,0,0,0,0,0,2026-04-14,2026-04-14,K Bohm MD (1),CO
"Kadhim, Wassan",Wassan Kabhim MD,Dedicated Senior Medical Center - Eastpointe,461fe196-5467-4d92-bec8-0125858453c8,person: first+last (exact/surname spelling),,Tier 2,Jasmine,J-A03,1,0,1,0,0,0,0,0,0,2026-01-07,2026-01-07,D Mendelson MD (1),JJ
"Kado MD, Hadeel",Hadeel Kado MD,Troy Primary Care,e160ee5a-9916-41e2-b0c6-e2dae5007a6e,person: first+last,,Tier 2,Coty,C-A09,1,0,1,0,0,0,0,0,0,2026-06-16,2026-06-16,B Mayo MD (1),CO
"Kapadia MD, Daniel",Daniel Kapadia MD,MedPro Primary Care,eebb725b-b031-43b9-a3d7-bfa83d77bc18,person: first+last,also at MEDPRO PRIMARY CARE - Waltz Rd (Tier 1) — chosen by PL tag,Tier 1,Kristen,K-A21,1,0,0,1,0,0,0,0,0,2026-07-17,2026-07-17,K Bohm MD (1),KJ
"Karoub MD, Carl",Carl Karoub MD,Frederick Karoub MD PC,1679554562,person: first+last,,Tier 3,Coty,C-A12,1,0,0,0,1,0,0,0,0,2026-01-05,2026-01-05,"R Leff, DPM (1)",CO
"Katial MD, Vaishali",Vaishali Katial MD,IHA Family Medicine,cfc1a768-52b4-4363-b4f1-1d54ec8e1b8c,person: first+last,"AMBIGUOUS — also at IHA ARBOR PARK PRIMARY CARE (Prospect); no PL/credential/tier evidence, first in MMC order shown",Prospect,Jasmine,J-C04,1,0,0,1,0,0,0,0,0,2026-03-04,2026-03-04,K Bohm MD (1),JJ
"Kendall MD, Ada",Ada Kendall MD,Providence Park Pediatrics - Novi,9db7de95-514d-45c7-8a73-449a08d1d590,person: first+last,also at Providence Park Pediatrics - Livingston — chosen by PL tag,Tier 1,Kristen,K-A20,1,0,0,1,0,0,0,0,0,2026-05-11,2026-05-11,K Bohm MD (1),KJ
"Kennedy DO, Colleen",Colleen Kennedy DO,Colleen Kennedy DO,1538140744,person: first+last,,Tier 3,Coty,C-A03,1,0,0,0,0,1,0,0,0,2026-04-16,2026-04-16,B Kassa DO (1),CO
"Khan MD, Ashraf",Ashraf Khan DO,McLaren Oakland Center for Spine & Pain Management,be1474d8-c6ce-4792-bc96-a22bf4ce125d,person: first+last,,Tier 1,Coty,C-A02,1,0,0,0,0,1,0,0,0,2026-06-09,2026-06-09,K Lee MD (1),CO
"King DPT, Seth",Seth King DPT,Limitless Physical Therapy and Performance,b674ee01-88b6-42e2-8d45-e1de4891ab56,person: first+last,,Tier 2,Kristen,K-A05,1,0,1,0,0,0,0,0,0,2026-06-16,2026-06-16,B Mayo MD (1),KJ
"Koneru, Srinivas","Srinivas Koneru MD,",Pioneer Medical Associates - Warren,1750481842,person: first+last,,Tier 2,Kristen,K-A17,1,0,0,1,0,0,0,0,0,2026-03-18,2026-03-18,K Bohm MD (1),SS
"Koss MD, Marcus",Marcus Koss MD,ESSENTIAL CARE FAMILY MEDICINE,131adcde-9fdc-45db-af94-831482a14212,person: first+last,,Tier 2,Coty,C-A11,1,0,1,0,0,0,0,0,0,2026-08-11,2026-08-11,J Mendelson MD (1),CO
"Kranz, Zachary","Zachary Kranz, DO",Oakland Family Practice,13ba57d5-6bc6-4d44-8d40-efd8e7131d2e,person: first+last,,Tier 1,Kristen,K-A13,1,0,1,0,0,0,0,0,0,2026-05-01,2026-05-01,J Yacisen MD (1),KJ
Kristen Jones,,,,SHEET ARTEFACT,PL/staff name in the referrer field — not a referrer,,,,1,0,1,0,0,0,0,0,0,2026-06-05,2026-06-05,B Mayo MD (1),KJ
"Krueger DO, Kelly","Krueger DO, Kelly",Primecare of Novi,08777e8a-5ca0-4abd-8ad4-d8f4fbbacc9c,person: first+last,also at PrimeCare on Wixom (may be closed) — chosen by only one is in the spine book,Tier 2,Jasmine,J-B01,1,0,1,0,0,0,0,0,0,2026-02-04,2026-02-04,J Mendelson MD (1),KG
"Krueger, Kelly","Krueger DO, Kelly",Primecare of Novi,08777e8a-5ca0-4abd-8ad4-d8f4fbbacc9c,person: first+last,also at PrimeCare on Wixom (may be closed) — chosen by only one is in the spine book,Tier 2,Jasmine,J-B01,1,0,0,1,0,0,0,0,0,2026-02-04,2026-02-04,K Bohm MD (1),KG
"Kulairi MD, Zain",Zain Kulairi MD,Academic Internal Medicine (Ascension),97ae4125-fd10-47de-8cae-c053e42232d0,person: first+last,,Tier 3,Kristen,K-A04,1,0,0,0,1,0,0,0,0,2026-04-16,2026-04-16,J B Klein DPM (1),SS
"Kurzawa MD, Mark R",Mark R Kurzawa MD,Normandy Family Practice,1265482095,person: first+last,,Tier 2,Coty,C-A08,1,0,1,0,0,0,0,0,0,2026-04-01,2026-04-01,D Mendelson MD (1),CO
"Kut, Patrick",Patrick Kut MD,Patrick Kut MD PC,eca14fb7-48cb-4968-b258-b97a854b34c1,person: first+last,,Tier 2,Kristen,K-A03,1,0,1,0,0,0,0,0,0,2026-09-14,2026-09-14,G Jerry MD (1),KJ
LAKE URGENT CARE,,Lakes Urgent Care - Livonia,73107e68-fc7f-46d0-bef4-ee26e9dc0099,company name,,Tier 1,Jasmine,J-A06,1,0,1,0,0,0,0,0,0,2026-04-07,2026-04-07,P Bhullar MD (1),JJ
LAKES UC,,Lakes Urgent Care - Livonia,73107e68-fc7f-46d0-bef4-ee26e9dc0099,company name,,Tier 1,Jasmine,J-A06,1,0,0,1,0,0,0,0,0,2026-08-31,2026-08-31,K Bohm MD (1),JJ
"LIPPITT MD,  DENISE",Denise Lippitt MD,"MEDICAL CENTER PEDIATRICS, PLLC",137b9944-574d-47c1-9f8c-99541123fc30,person: first+last,,Tier 2,Kristen,K-A15,1,0,0,0,1,0,0,0,0,2026-05-07,2026-05-07,"R Leff, DPM (1)",KJ
Lakes Urgent Care Livonia,,Lakes Urgent Care - Livonia,73107e68-fc7f-46d0-bef4-ee26e9dc0099,company name,,Tier 1,Jasmine,J-A06,1,0,1,0,0,0,0,0,0,2026-02-12,2026-02-12,S Mendelson MD (1),JJ
"Laming, Christie",Christie Laming MD,Lexington Family Medicine,e91e6824-c768-4d8f-a1d0-2c6cb005cc47,person: first+last,,Tier 1,Kristen,K-A02,1,0,0,0,0,1,0,0,1,2026-07-10,2026-07-10,,KJ
"Langnas DO, Gary",Gary Langnas DO,MHP Internal Medicine,1699828632,person: first+last,,Tier 2,Coty,C-A10,1,0,1,0,0,0,0,0,0,2026-05-27,2026-05-27,D Mendelson MD (1),CO
"Lauder MD, Nehman",Nehman Lauder MD,Troy Health Center,c80937d7-1504-43ae-af51-bb0f13603168,person: first+last,,Tier 2,Coty,C-A09,1,0,0,0,1,0,0,0,0,2026-03-27,2026-03-27,"K Green, DPM (1)",CO
"Learner DO, James M",James Learner DO,Oakland Internal Medicine Associates - Henry Ford,1053422006,person: first+last,,Tier 2,Coty,C-A07,1,0,0,0,0,1,0,0,0,2026-02-04,2026-02-04,K Lee MD (1),CO
"Leff DO , Carrie",Carrie Leff DO,HENRY FORD WALK IN CLINIC,13ccca87-4220-4fd6-84c8-1052a336e845,person: first+last,,Tier 2,Kristen,K-A07,1,0,0,0,1,0,0,0,0,2026-01-29,2026-01-29,"R Leff, DPM (1)",KJ
"Leuchter MD, William",William Leuchter MD,Neurology Consultants of Southfield,1003819897,person: first+last,,Tier 3,Coty,C-A09,1,0,0,0,1,0,0,0,0,2026-07-06,2026-07-06,"R Leff, DPM (1)",CO
"Levy FNP-BC, Michelle",Michelle Levy FNP,"TENNY INTERNAL MEDICINE, PLLC",3effe9bc-8576-4eee-ba7e-9bf99eb7d1fa,person: first+last,,Tier 1,Jasmine,J-A10,1,0,0,1,0,0,0,0,0,2026-05-20,2026-05-20,K Bohm MD (1),JJ
"Levy MD, Lili",Lili Levy MD,Providence Park Pediatrics - Novi,9db7de95-514d-45c7-8a73-449a08d1d590,person: first+last,also at Providence Park Pediatrics - Livingston — chosen by PL tag,Tier 1,Kristen,K-A20,1,0,0,1,0,0,0,0,0,2026-04-01,2026-04-01,K Bohm MD (1),KJ
"Lewan DO, Elizabeth Ann",Elizabeth Karaska Lewan DO,BEAUMONT FAMILY MEDICINE WESTLAND,45376ca8-4cd3-43e5-945d-5f6309bac752,person: first+last,,Tier 2,Kristen,K-A28,1,0,1,0,0,0,0,0,0,2026-06-29,2026-06-29,B Mayo MD (1),KJ
"Lick MD, David D",David Lick MD,Beaumont Family Medicine - Sterling Heights,1952519001,person: first+last,,Tier 2,Kristen,K-A05,1,0,1,0,0,0,0,0,0,2026-07-17,2026-07-17,J Yacisen MD (1),SS
"Likes MD, Keerteshwrya",Keeteshwry Likes MD,PEDIATRIC AND ADOLESCENT CARE ASSOCIATES,737db59d-0144-4c00-84f1-d0493904d41a,person: first+last (spelling),,Tier 2,Kristen,K-A11,1,0,1,0,0,0,0,0,0,2026-05-14,2026-05-14,P Bhullar MD (1),SS
"Lim DO, Lorenzo Ray Mata",Lorenzo Lim DO,Pavilion Family Practice - use this one,81d28e80-f8a8-4a1f-a027-35e8a21e8366,person: first+last,,Tier 2,Kristen,K-A21,1,0,1,0,0,0,0,0,0,2026-09-15,2026-09-15,J Mendelson MD (1),KJ
"Lipnik MD, Lawrence J",Lawrence Lipnik MD,,,person: first+last,MMC person has no company,,,,1,0,1,0,0,0,0,0,0,2026-08-17,2026-08-17,A Mendelson MD (1),JJ
"Lipski DO, Robin L","Robin L Lipski DO,",Dr. Robin’s Heath and Wellness Center,31a45584-b284-4569-b97c-27016e2c1362,person: first+last,,Tier 2,Kristen,K-A28,1,0,0,1,0,0,0,0,0,2026-06-02,2026-06-02,K Bohm MD (1),KJ
"MANDY, DAVID",David Mandy DO,Office of David Mandy DO,da57adc9-a2cf-4705-886d-76146cbbde06,person: first+last,,Tier 2,Kristen,K-A08,1,0,1,0,0,0,0,0,0,2026-01-06,2026-01-06,B Mayo MD (1),KG
MI Auto,,Michigan Auto Law,8bd62ae0-e836-472d-84f6-a85688fd5524,company name,,Tier 1,Kristen,Phone cadence,1,0,0,0,0,0,0,1,1,2026-04-02,2026-04-02,,KJ
MI Express Urgent Care,,MI Express Urgent Care,fc1455cf-74a6-4b97-b05f-e677351745de,company name,,Tier 2,Jasmine,J-A11,1,0,1,0,0,0,0,0,0,2026-07-06,2026-07-06,P Bhullar MD (1),JJ
MI Urgent Care,,Michigan urgent care,869d9f30-d3c6-486c-974d-dd85b1d93065,company name,,Tier 2,Jasmine,J-A11,1,0,1,0,0,0,0,0,0,2026-01-26,2026-01-26,S Mendelson MD (1),JJ
"MICHAELS, JENNY",Jenny Michaels MD,Restorative Physical Medicine - Brighton,664225f4-387f-4458-bce4-0fe6ff18f13e,person: first+last,also at Restorative Physical Medicine - Novi (Tier 3) — chosen by tier,Tier 1,Coty,C-A07,1,0,0,0,1,0,0,0,0,2026-07-23,2026-07-23,"R Leff, DPM (1)",CO
MICHIGAN UC - LIVONIA (7 MILE AND NEWBURGH),,Michigan Urgent Care - Livonia,1d453948-16d6-4da0-a7d9-80b603bedb9b,company name,,Tier 2,Jasmine,J-A06,1,0,1,0,0,0,0,0,0,2026-01-26,2026-01-26,A Mendelson MD (1),JJ
MIKE MORSE,,Mike Morse Law Firm,2dd4a698-eeec-4552-98ba-d85b130bcc56,company name,,Tier 1,Kristen,Phone cadence,1,0,1,0,0,0,0,0,1,2026-01-19,2026-01-19,,KJ
"MILLER MD, ERIN",,,,UNMATCHED,no MMC person/company found,,,,1,0,1,0,0,0,0,0,1,2026-03-02,2026-03-02,,KJ
"MILTON PA, CHADIUS",Chad Milton PA,Corewell Urgent Care - Warren,92cfc6be-2092-454e-81f2-3b21f66f5746,person: first+last (nickname),also at Corewell Health Urgent Care - Warren West (Prospect) — chosen by tier,Tier 2,Kristen,K-A17,1,0,0,1,0,0,0,0,0,2026-07-21,2026-07-21,K Bohm MD (1),KJ
"MILTON, CHADIUS",Chad Milton PA,Corewell Urgent Care - Warren,92cfc6be-2092-454e-81f2-3b21f66f5746,person: first+last (nickname),also at Corewell Health Urgent Care - Warren West (Prospect) — chosen by tier,Tier 2,Kristen,K-A17,1,0,0,1,0,0,0,0,0,2026-03-03,2026-03-03,K Bohm MD (1),KJ
"Maasri DPT, Rami",Rami Maasri DPT,Team Rehabilitation  - Washington,940f0098-7ee4-47be-9425-5cd4bbc4dd0f,person: first+last,,Tier 1,Kristen,K-A04,1,0,1,0,0,0,0,0,0,2026-03-25,2026-03-25,B Mayo MD (1),KJ
Macomb Medical Clinic,,Macomb Medical Clinic,1992782320,company name,,Tier 1,Coty,C-A10,1,0,1,0,0,0,0,0,0,2026-07-09,2026-07-09,S Mendelson MD (1),CO
"Maffetone MD, Dominic",Dominic Maffeton MD,Village Medical Farmington,8a6ae159-0242-4272-b933-bd11fc117733,person: first+last (exact/surname spelling),,Tier 1,Kristen,K-A22,1,0,1,0,0,0,0,0,0,2026-01-22,2026-01-22,D Mendelson MD (1),KJ
"Maniaci NP, Steohanie",Stephanie Maniaci NP,Port Huron Medicine Associates,1245235654,person: first+last (spelling),,Tier 1,Kristen,K-A03,1,0,1,0,0,0,0,0,0,2026-02-18,2026-02-18,G Jerry MD (1),KJ
"Mansour MD, Lena",Lena Mansour MD,Urgent Care Family,235de96a-2ae5-47a2-bf9a-8379e846684a,person: first+last,,Tier 1,Coty,C-A10,1,0,1,0,0,0,0,0,0,2026-06-23,2026-06-23,B Mayo MD (1),CO
"Marcotte, Robert",Robert Marcotte DO,Pioneer Medical Associates - Warren,1750481842,person: first+last,,Tier 2,Kristen,K-A17,1,0,0,1,0,0,0,0,0,2026-01-13,2026-01-13,K Bohm MD (1),KG
"Marcus DO, Todd S",Todd Marcus DO,DR TODD PEDIATRICS,4766540b-1aad-4d5c-979d-7adc928bfb0e,person: first+last,,not in spine book,,,1,0,1,0,0,0,0,0,0,2026-05-15,2026-05-15,B Mayo MD (1),KJ
Mark Sisson Law,,Mark Sisson Law,b1d08ae6-47db-4f5e-ae59-860765486ca0,company name,,Tier 2,Kristen,Phone cadence,1,0,1,0,0,0,0,0,1,2026-04-20,2026-04-20,,KJ
"Markel MD, Jacob",,,,UNMATCHED,no MMC person/company found,,,,1,0,0,0,1,0,0,0,0,2026-09-03,2026-09-03,J B Klein DPM (1),CO
Marko Law - Alex Kay,,Marko Law,7adfcce2-7d98-4f4d-aaa5-95eb30889397,company name (LOW),matched on part of the name,Tier 2,Kristen,Phone cadence,1,0,0,0,1,0,0,0,0,2026-07-16,2026-07-16,J B Klein DPM (1),KJ
"Markowitz, Norman",Norman Markowitz MD,Commerce Internal Medicine,4d1d555f-aa98-48e9-b9a2-d323e87d5745,person: first+last,,Tier 3,Kristen,K-A09,1,0,0,0,0,1,0,0,0,2026-01-07,2026-01-07,K Lee MD (1),KJ
"Marshall MD, Britani",Britani Marshall MD,Beaumont Medical Center - Redford,03095e36-e586-4709-8cd8-440a98b9bcd7,person: first+last,,Tier 1,Kristen,K-A25,1,0,0,1,0,0,0,0,0,2026-05-01,2026-05-01,K Bohm MD (1),KJ
"Martenka DPT, Joe Pryde Athletics",Joe Martenka DPT,Pryde Athletics and Physical Therapy,70091951-e0bd-42eb-9eb7-c5be5ce88649,person: first+last,,Tier 1,Kristen,K-A27,1,0,1,0,0,0,0,0,0,2026-02-17,2026-02-17,B Mayo MD (1),KJ
"Massarani MD, Tamer",Tamer Massarani MD,SOMERSET PEDIATRICS,eac89ac4-40e0-4d3a-b812-65771f67412f,person: first+last,,Tier 3,Kristen,K-A10,1,0,0,0,1,0,0,0,0,2026-02-27,2026-02-27,"K Green, DPM (1)",KJ
Mathew Ross,Matthew Ross,Ross Law,86e7413a-57df-4cba-adee-c6d0a8e55b63,person: first+last (spelling),,Tier 1,Kristen,Phone cadence,1,0,0,0,0,1,0,0,1,2026-07-13,2026-07-13,,KJ
Matt Ross,Matthew Ross,Ross Law,86e7413a-57df-4cba-adee-c6d0a8e55b63,person: first+last (nickname),,Tier 1,Kristen,Phone cadence,1,0,1,0,0,0,0,0,1,2026-07-17,2026-07-17,S Mendelson MD [after telehealth] (1),KJ
"Mauro DPM, Gary",Gary Mauro DPM,WARREN PODIATRY,4d38264b-b17e-42b4-9043-92ff06e62c09,person: first+last,also at Warren Podiatry — chosen by PL tag,Tier 3,Coty,C-A11,1,0,0,0,0,1,0,0,0,2026-06-23,2026-06-23,A Oddo DO (1),CO
"McMall DO, Medeleine Mae",Madeleine McMall DO,ORCHARD PRIMARY CARE,ba00dba0-20f9-440b-8df0-799ade91a785,person: first+last (spelling),,Tier 1,Kristen,K-A22,1,0,1,0,0,0,0,0,0,2026-05-06,2026-05-06,J Mendelson MD (1),KJ
Med Pro Urgent  Care Madison Heights,,MedPro Primary Care,eebb725b-b031-43b9-a3d7-bfa83d77bc18,company name (LOW),"location matched through the MMC address, not the company name",Tier 1,Kristen,K-A21,1,0,1,0,0,0,0,0,0,2026-07-15,2026-07-15,D Mendelson MD (1),KJ
"Meehan, Robert",Robert Meehan MD,DMC SPORTS MEDICINE NOVI,6e52135e-6cca-4482-9973-58d180f1dce7,person: first+last,,Tier 1,Jasmine,J-A01,1,0,0,0,0,1,0,0,1,2026-04-24,2026-04-24,,JJ
"Mendelsohn MD, Lawerence","Lawrence Mendelsohn MD,",Internal Medicine Physicians #170,b2c94565-78b1-460d-a80d-4d507a1ddb7d,person: first+last (spelling),,Tier 2,Kristen,K-A16,1,0,1,0,0,0,0,0,0,2026-01-20,2026-01-20,J Mendelson MD (1),KJ
"Meri MD, Abdel Wahab",Abdel-Wahab Meri MD,Barclay Internists,1528076619,person: first+last,,Tier 2,Coty,C-A04,1,0,1,0,0,0,0,0,0,2026-01-06,2026-01-06,B Mayo MD (1),CO
Mi Auto Law,,Michigan Auto Law,8bd62ae0-e836-472d-84f6-a85688fd5524,company name,,Tier 1,Kristen,Phone cadence,1,0,1,0,0,0,0,0,1,2026-04-17,2026-04-17,,KJ
Mi Urgent Care  - direct ref but we did not get name,,Michigan urgent care,869d9f30-d3c6-486c-974d-dd85b1d93065,company name (LOW),AMBIGUOUS — also matches Michigan primary care center/urgent care / Mi Family Medicine & Urgent Care / Michigan Urgent Care - Livonia / MI Express Urgent Care (+2 more); highest tier shown; referral note says the exact source was not captured on the call,Tier 2,Jasmine,J-A11,1,0,1,0,0,0,0,0,0,2026-08-13,2026-08-13,S Mendelson MD (1),?
Michigan Health Urgent Care Livonia,,Michigan Urgent Care - Livonia,1d453948-16d6-4da0-a7d9-80b603bedb9b,company name,also matches Michigan urgent care / Michigan primary care center/urgent care / MI Express Urgent Care / Mi Family Medicine & Urgent Care (+1 more); chosen by location,Tier 2,Jasmine,J-A06,1,0,1,0,0,0,0,0,0,2026-06-29,2026-06-29,B Mayo MD (1),JJ
Michigan Orthopedics - spec not asked,,ORTHOPEDIC INSTITUTE OF MICHIGAN,7cbc93fd-5b51-41c8-8f3e-0afb5d09b1e4,company name (LOW),also matches MICHIGAN ORTHOPAEDIC INSTITUTE / Greater Michigan Orthopedics / Michigan Orthopedic Specialists / Michigan Orthopaedic & Spine Surgeons (+1 more); chosen by tier; referral note says the exact source was not captured on the call,Tier 3,Jasmine,J-B01,1,0,0,0,0,1,0,0,0,2026-06-30,2026-06-30,B Kassa DO (1),?
Michigan Urgent Care,,Michigan urgent care,869d9f30-d3c6-486c-974d-dd85b1d93065,company name,,Tier 2,Jasmine,J-A11,1,0,1,0,0,0,0,0,0,2026-05-28,2026-05-28,D Mendelson MD (1),JJ
Michigan Urgent Care - Livonia,,Michigan Urgent Care - Livonia,1d453948-16d6-4da0-a7d9-80b603bedb9b,company name,,Tier 2,Jasmine,J-A06,1,0,1,0,0,0,0,0,0,2026-01-12,2026-01-12,B Mayo MD (1),JJ
Michigan Urgent Care Livonia,,Michigan Urgent Care - Livonia,1d453948-16d6-4da0-a7d9-80b603bedb9b,company name,,Tier 2,Jasmine,J-A06,1,0,1,0,0,0,0,0,0,2026-07-02,2026-07-02,D Mendelson MD (1),JJ
"Miller NP, Colleen",Colleen Miller NP,Michigan Primary Care - Eastpointe,4328f444-1a86-4fbb-9849-e8a159cce3e2,person: first+last,,Tier 2,Jasmine,J-A03,1,0,1,0,0,0,0,0,0,2026-06-04,2026-06-04,B Mayo MD (1),JJ
"Milton PA,Chad",Chad Milton PA,Corewell Urgent Care - Warren,92cfc6be-2092-454e-81f2-3b21f66f5746,person: first+last,also at Corewell Health Urgent Care - Warren West (Prospect) — chosen by tier,Tier 2,Kristen,K-A17,1,0,1,0,0,0,0,0,0,2026-08-04,2026-08-04,J Mendelson MD (1),KJ
"Misho MD, Vian",Vian Misho MD,Berkley Medical Center,1023224664,person: first+last,,Prospect,Coty,C-A12,1,0,0,1,0,0,0,0,0,2026-07-28,2026-07-28,K Bohm MD (1),CO
"Mishulin MD, Svetlana",Svetlana Mishulin MD,Belamedica,b0dd30c7-d622-45a0-afcc-00519e73eca3,person: first+last,,Tier 2,Coty,C-A09,1,0,1,0,0,0,0,0,0,2026-06-22,2026-06-22,B Mayo MD (1),CO
"Modi, Praveen K",Praveen Modi MD,"PRAVEEN MODI, MD, PC",63a72095-741a-43fe-b865-a1f6398ee484,person: first+last,,Tier 2,Kristen,K-A29,1,0,1,0,0,0,0,0,0,2026-05-11,2026-05-11,B Mayo MD (1),KJ
"Mohamed DO, Adbah",Adbah Muhammad MD,Dedicated Senior Medical Center - Warren,95ae3078-f17c-44de-af58-d9fc8e58f4de,person: first+last,,Tier 2,Jasmine,J-A04,1,0,1,0,0,0,0,0,0,2026-04-23,2026-04-23,J Mendelson MD (1),JJ
"Mohammed MD, Abu Fazal Shaik",Abu Fazal Shaik Mohammed MD,"SOUTH EAST MICHIGAN MEDICAL ASSOCIATES, PC",84cae8c7-dbdf-450b-836e-557d4c653f98,person: first+last,,Tier 3,Kristen,K-A15,1,0,0,0,1,0,0,0,0,2026-06-16,2026-06-16,"R Leff, DPM (1)",KJ
"Moscovic DO, Dean",Dean Moscovic DO,Clarkston Medical Group,24639120-4fbe-4135-8d9e-1409bb0fd8cb,person: first+last,,Tier 2,Coty,C-A02,1,0,1,0,0,0,0,0,0,2026-04-17,2026-04-17,B Mayo MD (1),CO
"Moss MD, Barry M","Barry Moss MD,",Internal Medicine Physicians #170,b2c94565-78b1-460d-a80d-4d507a1ddb7d,person: first+last,,Tier 2,Kristen,K-A16,1,0,0,0,1,0,0,0,0,2026-06-10,2026-06-10,"K Green, DPM (1)",KJ
MyCare Nurse- CT,,,,UNMATCHED,no MMC person/company found,,,,1,0,1,0,0,0,0,0,0,2026-03-31,2026-03-31,B Mayo MD (1),KG
NEWBURG AND 7 MILE,,,,UNMATCHED,no MMC person/company found,,,,1,0,0,1,0,0,0,0,0,2026-04-06,2026-04-06,K Bohm MD (1),JJ
"Namei MD, Farzin Reza",Farzin Namei MD,Premier Family Physicians,1700883345,person: first+last,,Tier 2,Coty,C-A13,1,0,1,0,0,0,0,0,0,2026-06-17,2026-06-17,J Yacisen MD (1),CO
"Naqvi MD, Farrukh Zaman",Farrukh Naqvi MD,Physician HealthCare Network Urgent Care and Walk In- Fort Gratiot,4c053f65-6667-471a-9d5b-ee08b564d031,person: first+last,,Tier 1,Kristen,K-A02,1,0,1,0,0,0,0,0,0,2026-05-14,2026-05-14,J Yacisen MD (1),KJ
"Nasrallah MD, Ali I",Ali Nasrallah MD,The family Doc,3b5d6ffd-3a5a-4ccd-b656-e2340f7c8ea5,person: first+last,,Tier 2,Jasmine,J-A07,1,0,1,0,0,0,0,0,0,2026-03-16,2026-03-16,B Mayo MD (1),JJ
"Natheer MD, Rose","Rose Natheer MD,",Lakeside Internal Medicine,1c5c4e69-60f0-4d66-a3ee-9a33e818a99b,person: first+last,,Tier 2,Coty,C-A08,1,0,1,0,0,0,0,0,0,2026-09-01,2026-09-01,B Mayo MD (1),CO
"Nayak  MD, Dinesh",Dinesh Nayak MD,PEDIATRIC AND ADOLESCENT CENTER,31fe13d8-1060-4c98-bf75-61f09e803121,person: first+last,,Tier 2,Jasmine,J-A12,1,0,1,0,0,0,0,0,0,2026-02-09,2026-02-09,B Mayo MD (1),JJ
"Nester MD, Patricia",Patricia Nester MD,"WESTERN WAYNE PHYSICIANS, PLC Allen Park",300beedb-7326-44cf-8008-29d60d8d78bb,person: first+last,,Tier 3,Kristen,K-A30,1,0,0,0,1,0,0,0,0,2026-02-10,2026-02-10,J B Klein DPM (1),KJ
"Neumann DO, Fredric",Fredric Neumann DO,Plumbrook Medical Center,1013009901,person: first+last,,Tier 2,Kristen,K-A11,1,0,1,0,0,0,0,0,0,2026-02-02,2026-02-02,S Mendelson MD (1),KJ
"Newcombe MD, Marcia J",Marcia Newcombe MD,Providence Park Pediatrics - Novi,9db7de95-514d-45c7-8a73-449a08d1d590,person: first+last,,Tier 1,Kristen,K-A20,1,0,0,0,0,0,1,0,0,2026-04-17,2026-04-17,L PA Clinic (1),KJ
"Nguyen DO, Hao",Hao Nguyen,CENTER FOR INTERNAL MEDICINE CONTINUITY CLINIC,ce969d89-5e72-4361-9024-039ad31f5bc3,person: first+last,,Tier 2,Jasmine,J-A05,1,0,1,0,0,0,0,0,0,2026-01-13,2026-01-13,P Bhullar MD (1),JJ
Nicolas Solveson DC,Nicholas Solverson DC,Endeavor chiropractic,4edcea7a-987c-45d1-917d-cfe33f3c18ad,person: first+last (spelling/surname spelling),,Prospect,Jasmine,J-B01,1,0,1,0,0,0,0,0,0,2026-04-13,2026-04-13,B Mayo MD (1),JJ
"Nicoloff MD, George",George Nicoloff MD,NICOLOFF HOLISTIC FAMILY MEDICINE,c53a52e1-de9e-438f-87b9-f80c5bf3c183,person: first+last,,not in spine book,,,1,0,1,0,0,0,0,0,1,2026-05-29,2026-05-29,,KJ
Nova Health Urgent Care Southfield,,Nova Health Urgent Care,eb14c636-78da-4f5f-9bf2-aff0057bf21e,company name (LOW),"location matched through the MMC address, not the company name",Tier 2,Kristen,K-A18,1,0,0,0,1,0,0,0,0,2026-07-07,2026-07-07,"R Leff, DPM (1)",KJ
Nova Urgent Care,,Nova Health Urgent Care,eb14c636-78da-4f5f-9bf2-aff0057bf21e,company name,,Tier 2,Kristen,K-A18,1,0,1,0,0,0,0,0,0,2026-06-19,2026-06-19,P Bhullar MD (1),KJ
"OGBOH DO, DONOVAN",Donovan Ogboh DO,Pulmonary & Medical Associates,dda630a5-9d61-49cd-bec6-61084e47ddb9,person: first+last,,Tier 1,Kristen,K-A19,1,0,0,1,0,0,0,0,0,2026-08-14,2026-08-14,K Bohm MD (1),KJ
"Omar PA-C, Nabeel",Omar Nabeel MD,City Medical - Southgate,1326021262,person: first+last (name order reversed — verify),,Tier 2,Jasmine,J-A12,1,0,0,1,0,0,0,0,0,2026-05-08,2026-05-08,K Bohm MD (1),JJ
"Ortwine MD, Kelly Z",Kelly  Ortwine MD,Prism Medical Group - Family Medicine Ste 240,b95fc8ff-585a-4d2e-9aae-c2ea0fd1b50c,person: first+last,,Tier 1,Coty,C-A04,1,0,0,0,1,0,0,0,0,2026-01-21,2026-01-21,"K Green, DPM (1)",CO
"Oska MD, Antoun",Antoun Oska MD,Macomb Pediatrics - Clinton Township,9e284312-a8af-43ff-9b39-5d4a8c1ed834,person: first+last,also at Macomb Pediatrics - Warren — chosen by PL tag,Tier 1,Kristen,K-A08,1,0,1,0,0,0,0,0,0,2026-08-27,2026-08-27,B Mayo MD (1),KJ
"Ostro Brown MD, Helen",Helen Ostro Brown MD,MICHIGAN PREMIER INTERNISTS,8d7b190e-e89f-4b22-b037-7042bcdd7579,person: first+last,,Tier 2,Kristen,K-A21,1,0,1,0,0,0,0,0,0,2026-01-21,2026-01-21,P Bhullar MD (1),KJ
"Ostro-Brown MD, Helen",Helen Ostro Brown MD,MICHIGAN PREMIER INTERNISTS,8d7b190e-e89f-4b22-b037-7042bcdd7579,person: first+last,,Tier 2,Kristen,K-A21,1,0,1,0,0,0,0,0,0,2026-06-10,2026-06-10,D Mendelson MD (1),KJ
"PATEL MD, VIJAYKUMAR N",Vijay N Patel,GARDEN CITY FAMILY PHYSICIANS,be4c4280-49d5-443c-b413-3471ee753d27,person: first+last (nickname),also at Wayne Primary Care and Walk In (Tier 2) — chosen by PL tag,Tier 1,Kristen,K-A28,1,0,1,0,0,0,0,0,0,2026-01-22,2026-01-22,D Mendelson MD (1),KJ
"PEERA, AVA (ZOC DOC)",Ava Peera DO,Beaumont Associated Family Care - Warren,81c6691d-f02d-49d9-940d-49ca3462c7fa,person: first+last,,Tier 2,Coty,C-A10,1,0,1,0,0,0,0,0,0,2026-04-30,2026-04-30,A Mendelson MD (1),SS
"PERNA, IGNAZIO DOMINIC",Ignazio Perna DPM,G& P Podiatry,02-183-5668,person: first+last,"AMBIGUOUS — also at Livingston Foot Care; no PL/credential/tier evidence, first in MMC order shown",not in spine book,,,1,0,0,1,0,0,0,0,0,2026-05-29,2026-05-29,K Bohm MD (1),SS
"POWERS DO, WILLIAM JOHN",William Powers DO,Powers Family Medicine,00-761-7874,person: first+last,,Tier 1,Kristen,K-A22,1,0,0,1,0,0,0,0,0,2026-03-24,2026-03-24,K Bohm MD (1),KJ
PRYDE ATHETICS,,Pryde Athletics and Physical Therapy,70091951-e0bd-42eb-9eb7-c5be5ce88649,company name,,Tier 1,Kristen,K-A27,1,0,1,0,0,0,0,0,0,2026-07-27,2026-07-27,B Mayo MD (1),KJ
"Packey DO, Nicholas S",Nicholas Packey DO,Henry Ford Macomb Health Center - Fraser,1902134794,person: first+last,,Tier 2,Coty,C-A08,1,0,0,1,0,0,0,0,0,2026-05-05,2026-05-05,K Bohm MD (1),CO
"Padesky MD, Paul",Paul Padesky MD,Correct Cornerstone Pediatrics - 9 Mile,73e281ce-3e3c-4048-afb7-bb11160a109f,person: first+last,also at CORNERSTONE PEDIATRICS - Clinton Township — chosen by PL tag,Tier 2,Kristen,K-A19,1,0,1,0,0,0,0,0,0,2026-08-12,2026-08-12,D Mendelson MD (1),KJ
"Paduvana MD, Majeed A",Majeed Paduvana MD,Allied Internists,1063423176,person: first+last,,Tier 2,Coty,C-A11,1,0,0,1,0,0,0,0,0,2026-07-14,2026-07-14,K Bohm MD (1),CO
"Palaniswamy MD, Sujini",Sujini Palaniswamy MD,Chesterfield Family Medicine (Henry Ford),1275554073,person: first+last,,not in spine book,,,1,0,0,1,0,0,0,0,0,2026-08-25,2026-08-25,K Bohm MD (1),CO
"Parachuri MD, Radha/ Trivedi MD, Archi",Archi Trivedi MD,METROPOLITAN MEDICAL ASSOCIATES,297c1d83-ce5b-4ce5-b393-97b656f9b2c7,person: first+last,"two providers on one line; matched ""Trivedi MD, Archi""",Tier 2,Kristen,K-A17,1,0,0,0,0,1,0,0,0,2026-08-03,2026-08-03,K Lee MD (1),KJ
"Parrinello, Frank",Frank Parrinello DO,"IHA, Primary Care - Cherry Hill Village",88f17311-2f10-4d7d-b250-085575fb31c1,person: first+last,,Tier 2,Jasmine,J-A09,1,0,1,0,0,0,0,0,0,2026-04-07,2026-04-07,P Bhullar MD (1),JJ
"Patel MD, Vijay",Vijay N Patel,GARDEN CITY FAMILY PHYSICIANS,be4c4280-49d5-443c-b413-3471ee753d27,person: first+last,also at Wayne Primary Care and Walk In (Tier 2) — chosen by PL tag,Tier 1,Kristen,K-A28,1,0,1,0,0,0,0,0,0,2026-01-15,2026-01-15,S Mendelson MD (1),KJ
"Patient Ref by Dr, but we didn’t get Dr. name",,,,SOURCE NOT CAPTURED,referral note says the doctor/location was not captured on the call,,,,1,0,0,0,1,0,0,0,0,2026-08-31,2026-08-31,J B Klein DPM (1),?
"Pearson MD, Shanna",Shanna Pearson DO,Pulmonary & Medical Associates,dda630a5-9d61-49cd-bec6-61084e47ddb9,person: first+last,,Tier 1,Kristen,K-A19,1,0,1,0,0,0,0,0,0,2026-04-01,2026-04-01,D Mendelson MD (1),KJ
"Peck MD, David",David Peck MD,ASCENSION MEDICAL GROUP PROVIDENCE FAMILY AND ATHLETIC MEDICINE,2a800701-496e-4bcf-b305-aa1a21a3c7ef,person: first+last,,Tier 2,Kristen,K-A20,1,0,0,0,0,1,0,0,0,2026-02-17,2026-02-17,A Oddo DO (1),KJ
"Peera, Ava",Ava Peera DO,Beaumont Associated Family Care - Warren,81c6691d-f02d-49d9-940d-49ca3462c7fa,person: first+last,,Tier 2,Coty,C-A10,1,0,0,0,1,0,0,0,0,2026-06-22,2026-06-22,"K Sorensen, DPM (1)",SS
"Peoples CNP, Stefanie",,,,UNMATCHED,no MMC person/company found,,,,1,0,0,1,0,0,0,0,0,2026-06-23,2026-06-23,K Bohm MD (1),CO
"Perez -Cruet MD, Miguel",Miguelangelo Perez-Cruet MD,Michigan Spine Institute,989f0eea-dc08-4445-9a51-ee7663255964,person: first+last (nickname),,Tier 2,Coty,C-A02,1,0,0,0,0,1,0,0,0,2026-04-01,2026-04-01,K Lee MD (1),CO
"Perez Cruet MD, Mig",Miguelangelo Perez-Cruet MD,Michigan Spine Institute,989f0eea-dc08-4445-9a51-ee7663255964,person: first+last (nickname),,Tier 2,Coty,C-A02,1,0,0,0,0,1,0,0,0,2026-01-28,2026-01-28,K Lee MD (1),CO
"Perez- Cruet MD, Miguelangelo",Miguelangelo Perez-Cruet MD,Michigan Spine Institute,989f0eea-dc08-4445-9a51-ee7663255964,person: first+last,,Tier 2,Coty,C-A02,1,0,0,0,0,1,0,0,0,2026-06-08,2026-06-08,K Lee MD (1),CO
Physican Referral External- not asked on call,,,,SOURCE NOT CAPTURED,referral note says the doctor/location was not captured on the call,,,,1,0,0,0,0,1,0,0,0,2026-02-03,2026-02-03,B Kassa DO (1),?
"Pickworth DPT, Amanda - Pryde Athletics",Amanda Pickworth DPT,Pryde Athletics and Physical Therapy,70091951-e0bd-42eb-9eb7-c5be5ce88649,person: first+last,,Tier 1,Kristen,K-A27,1,0,1,0,0,0,0,0,0,2026-03-26,2026-03-26,S Mendelson MD (1),KJ
"Ping Cheng MD, Peggy",Peggy Cheng MD,APH - Pavillion IM Use this one,2042f8c4-062b-497d-93cd-a5501bc57707,person: first+last,,Tier 2,Kristen,K-A21,1,0,0,0,1,0,0,0,0,2026-08-27,2026-08-27,"K Green, DPM (1)",KJ
"Pirzada DO, Pamela",Pamela Pirzada DO,Physicians in Family Medicine,1932288693,person: first+last,,Tier 2,Coty,C-A04,1,0,0,1,0,0,0,0,0,2026-06-09,2026-06-09,K Bohm MD (1),CO
"Poley DO, Robert",Robert Poley DO,Poley Sports Medicine,9bcc1288-88f8-4366-89d5-1954358b0abb,person: first+last,,Tier 3,Coty,C-A04,1,0,0,0,0,1,0,0,0,2026-07-23,2026-07-23,B Kassa DO (1),CO
"Ponduri MD, Kavitha",Kavitha Ponduri MD,"PONDURI, KAVITHA, MEDICAL GROUP",b873599c-56bb-4876-b2ec-95215a325efb,person: first+last,,Tier 3,Jasmine,J-A08,1,0,0,0,0,1,0,0,0,2026-03-23,2026-03-23,K Lee MD (1),JJ
"Pope DO, Haley",Haley Pope DO,Eastpointe Family Physicians,1578685921,person: first+last,,Tier 1,Jasmine,J-A03,1,0,0,0,0,1,0,0,0,2026-01-29,2026-01-29,A Oddo DO (1),KG
"Popp MD, Therese","Theresa Poppe MD,","IHA, Primary Care - Cherry Hill Village",88f17311-2f10-4d7d-b250-085575fb31c1,person: first+last (nickname/surname spelling),,Tier 2,Jasmine,J-A09,1,0,1,0,0,0,0,0,0,2026-01-15,2026-01-15,D Mendelson MD (1),JJ
Port Huron VA,,,,UNMATCHED,no MMC person/company found,,,,1,0,1,0,0,0,0,0,0,2026-02-27,2026-02-27,J Yacisen MD (1),KJ
Premier Medical - Livonia,,Premier Medicine Medical Center - Livonia,13842362-6701-47f3-95cc-140ea17bd264,company name,also matches Premier Medicine Primary and Urgent Care / PREMIER MEDICAL CARE / Premier Family Physicians / Premier Private Physicians (+8 more); chosen by location,Tier 1,Jasmine,J-A05,1,0,0,0,0,1,0,0,1,2026-04-16,2026-04-16,,JJ
ProMed Urgent Care Roseville,,ProMed Urgent Care and Primary Care,bc1966c5-6f92-4afa-ad26-6886bba399f9,company name (LOW),"location matched through the MMC address, not the company name",Prospect,Coty,C-A11,1,0,1,0,0,0,0,0,0,2026-04-16,2026-04-16,P Bhullar MD (1),KG
Pryde,,Pryde Athletics and Physical Therapy,70091951-e0bd-42eb-9eb7-c5be5ce88649,company name,,Tier 1,Kristen,K-A27,1,0,1,0,0,0,0,0,0,2026-05-15,2026-05-15,B Mayo MD (1),KJ
Pryde Athletics,,Pryde Athletics and Physical Therapy,70091951-e0bd-42eb-9eb7-c5be5ce88649,company name,,Tier 1,Kristen,K-A27,1,0,1,0,0,0,0,0,0,2026-07-10,2026-07-10,B Mayo MD (1),KJ
"Przybyla NP, Bridget",Bridget Przybyla NP,"*NOVAMEDICA, PLLC",d2a011ae-fad5-4195-a59b-93376dd15321,person: first+last,,Tier 2,Jasmine,J-A05,1,0,0,0,0,1,0,0,0,2026-07-31,2026-07-31,K Lee MD (1),JJ
"Purdy- Cantu DC, Nicole",Nicole Purdy-Cantu DC,Purdy Chiropractic Center,e07e12c2-6f7f-48ec-bcea-556f883be0ea,person: first+last,,Tier 2,Kristen,K-A11,1,0,1,0,0,0,0,0,0,2026-03-03,2026-03-03,B Mayo MD (1),KJ
"ROMANO, MATTHEW",Matthew Romano DO,Schoenherr Family Practice,e9020844-6b2a-43b6-9416-51116e859cc2,person: first+last,,Tier 1,Coty,C-A03,1,0,1,0,0,0,0,0,0,2026-06-04,2026-06-04,B Mayo MD (1),CO
ROSS LAW,,Ross Law,86e7413a-57df-4cba-adee-c6d0a8e55b63,company name,,Tier 1,Kristen,Phone cadence,1,0,1,0,0,0,0,0,1,2026-07-27,2026-07-27,S Mendelson MD [after telehealth] (1),KJ
ROTH LAW,,,,UNMATCHED,no MMC company with this name,,,,1,0,0,0,0,1,0,0,1,2026-09-02,2026-09-02,J Varghese MD [after telehealth] (1),KJ
"Rahman MD, Uroob",Uroob Rahman MD,Oakland Primary Care,1952660706,person: first+last,,Tier 1,Coty,C-A11,1,0,1,0,0,0,0,0,0,2026-03-31,2026-03-31,J Mendelson MD (1),SS
"Raj, Navin",Navin Raj  MD,SUNNY PEDIATRICS AND FAMILY,2f39cd70-3e7f-4323-8222-52b01a24c007,person: first+last,,Tier 2,Kristen,K-A29,1,0,1,0,0,0,0,0,0,2026-04-20,2026-04-20,B Mayo MD (1),KJ
"Rapp, Stanford C",,,,UNMATCHED,no MMC person/company found,,,,1,0,0,0,0,1,0,0,0,2026-07-08,2026-07-08,K Lee MD (1),CO
"Raymond DO, Michele L",Michele Raymond DO,Physician HeathCare Network - Michele Raymond DO,6904e522-5104-4c29-ae02-e787473b0edf,person: first+last,,Tier 2,Kristen,K-A03,1,0,1,0,0,0,0,0,0,2026-02-19,2026-02-19,J Yacisen MD (1),KJ
"Raza, Mushahid",Mushahid Raza MD,Corewell Health Wayne Hospital Family Medicine -  Canton,1022591b-a2f2-47ed-a718-e764042f930d,person: first+last,,Tier 1,Jasmine,J-A09,1,0,0,1,0,0,0,0,0,2026-05-29,2026-05-29,K Bohm MD (1),JJ
"Reddy MD, Vishnuvardhan G","Vishnuvardhan Reddy MD,",DEDICATED SENIOR MEDICAL CENTER - Southfield,12deaf83-0f5e-4bd5-bf07-a4026935ffd1,person: first+last,,Tier 3,Jasmine,J-A02,1,0,0,0,1,0,0,0,0,2026-06-22,2026-06-22,"K Sorensen, DPM (1)",JJ
"Rizk MD, Nabil",Nabil Rizk MD,Henry Ford Warren Family Physicians,6771a475-3022-40fd-9db9-b8e0291f7082,person: first+last,,Tier 1,Kristen,K-A12,1,0,0,0,0,1,0,0,0,2026-01-22,2026-01-22,B Kassa DO (1),KJ
"Rizk MD, Regina",Regina Rizk MD,Oakland Physicians,b7bb574d-993f-4604-9935-c8ab3a113635,person: first+last,,Tier 3,Kristen,K-A20,1,0,0,0,1,0,0,0,0,2026-05-22,2026-05-22,"K Green, DPM (1)",KJ
"Robertson, Nicole R","Nicole Rebecca Robertson MD,",Trinity IHA Academic Family Medicine - Livonia,5c7c8073-5fc6-42f5-bc75-0b9f8a07e484,person: first+last,also at Trinity IHA Primary Care - Pinckney — chosen by PL tag,Tier 2,Jasmine,J-A06,1,0,1,0,0,0,0,0,0,2026-08-14,2026-08-14,J Yacisen MD (1),JJ
"Rodnick, Alex",Alex Rodnick DC,Rodnick Chiropractic,97e1431f-4c5b-4ec4-b3a5-47267613937b,person: first+last,,Tier 1,Kristen,K-A09,1,0,1,0,0,0,0,0,1,2026-02-19,2026-02-19,,KJ
"Roi DO, Vesna",Vesna  Roi DO,Eastlake Pediatrics,1558300699,person: first+last,,Tier 2,Kristen,K-A19,1,0,1,0,0,0,0,0,0,2026-08-06,2026-08-06,J Yacisen MD (1),KJ
"Rollins MD, William","William Rollins DO,",Park Medical Centers - Canton,047f1f57-d796-4b0d-b2d0-b5d576ad50ea,person: first+last,,Tier 1,Jasmine,J-A09,1,0,1,0,0,0,0,0,0,2026-04-16,2026-04-16,D Mendelson MD (1),JJ
"Rosen PA-C, Mark (ZOC DOC)",Mark Rosen PA-C,Be Well Medical Center,1174554364,person: first+last,,Tier 1,Coty,C-A12,1,0,1,0,0,0,0,0,0,2026-04-27,2026-04-27,B Mayo MD (1),CO
"Rosenbaum DO, Eric","Eric Rosenbaum, DO",Internal Medicine & Primary Care Specialists- 1010,1184660490,person: first+last,,Tier 2,Kristen,K-A09,1,0,0,1,0,0,0,0,0,2026-02-23,2026-02-23,K Bohm MD (1),KJ
"Rosenberg MD, Daniel","Daniel Rosenberg MD,",Village Medical - Novi,60ca59a0-452f-4fea-8aff-cf4ef63862b7,person: first+last,,Tier 2,Jasmine,J-B01,1,0,0,0,1,0,0,0,0,2026-01-26,2026-01-26,"R Leff, DPM (1)",KG
Ross Gilders Law,,Ross Gilders Law,26a4f321-2be3-4d5d-8cf6-335d1fd38f12,company name,,Tier 1,Kristen,Phone cadence,1,0,1,0,0,0,0,0,0,2026-01-12,2026-01-12,S Mendelson MD (1),KJ
"Rudnick MD, Laurie",Laurie Rudnick MD,Harper Family Practice,1407823339,person: first+last,,Tier 2,Coty,C-A13,1,0,0,1,0,0,0,0,0,2026-07-14,2026-07-14,K Bohm MD (1),CO
"Rudy DO, Williams M",William Rudy DO,"PROGRESSIVE HEALTH CARE, PC",9120ce69-8d25-4a19-81f7-ce79f95993f8,person: first+last (nickname),also at Progressive Health Care (Tier 2) — chosen by PL tag,Prospect,Kristen,K-A24,1,0,1,0,0,0,0,0,0,2026-04-20,2026-04-20,B Mayo MD (1),KJ
"Rummani Askar MD, Sundus",Sundas Rummani-Askar MD,Great Lakes Pediatrics,4fa47178-a5bd-4388-97c6-e2410d38d413,person: first+last (spelling),,Tier 2,Coty,C-A11,1,0,1,0,0,0,0,0,0,2026-08-21,2026-08-21,J Yacisen MD (1),CO
Ryan Smith DO,Ryan Smith DO,Oakland Primary Care,1952660706,person: first+last,,Tier 1,Coty,C-A11,1,0,1,0,0,0,0,0,0,2026-01-08,2026-01-08,S Mendelson MD (1),KG
"SEIFELDIN MD, RAOUF",Raouf Seifeldin MD,"WAYNE COMMUNITY HEALTH CENTERS, INC",b89491cd-a8b2-4493-8dba-2e2146e504a0,person: first+last,,Tier 1,Kristen,K-A26,1,0,1,0,0,0,0,0,0,2026-08-06,2026-08-06,J Yacisen MD (1),KJ
"SEMMA, BRANDON",Brandon Semma DPM,CANTON FOOT & Ankle SPECIALISTS,13dc6a74-7486-4022-8993-7eaf6b95734e,person: first+last,,Tier 2,Jasmine,J-A08,1,0,1,0,0,0,0,0,0,2026-01-20,2026-01-20,S Mendelson MD (1),JJ
"STEFANSKI NP, DIANA",Diana Ferraiulo  (Stefanski)NP,Oak Street Health - Eastgate,23fb6135-419b-4880-ae64-4a97e9244f37,person: first+last,,Tier 1,Coty,C-A11,1,0,1,0,0,0,0,0,0,2026-09-09,2026-09-09,P Bhullar MD (1),CO
"STONE PA, KERRY L",Kerry Stone PA-C,Corewell Health Farmington hills Hospital family medicine,a2a230c5-b58c-4416-a519-b3d118d15202,person: first+last,,Tier 2,Jasmine,J-B01,1,0,0,0,1,0,0,0,0,2026-02-26,2026-02-26,"R Leff, DPM (1)",JJ
"SWETECH MD, MARIA",Maria Swetech MD,Swetech Medical Center,1255427209,person: first+last,,Tier 1,Kristen,K-A08,1,0,0,0,0,1,0,0,0,2026-05-14,2026-05-14,A Oddo DO (1),KJ
"Sack DO, Marshall","Marshall B Sack DO,",Family Care Physicians PC,9d72636b-2e2d-4e54-b69a-aab72e18f8a9,person: first+last,,Tier 2,Jasmine,J-B01,1,0,1,0,0,0,0,0,1,2026-08-07,2026-08-07,,JJ
"Sack DO, Marshall B","Marshall B Sack DO,",Family Care Physicians PC,9d72636b-2e2d-4e54-b69a-aab72e18f8a9,person: first+last,,Tier 2,Jasmine,J-B01,1,0,1,0,0,0,0,0,0,2026-04-28,2026-04-28,B Mayo MD (1),JJ
"Sadasivan MD, Sushma","Sushma Sadasivan MD,",Park Family Practice - Novi,210797fc-d818-410f-94de-02c502935d29,person: first+last,,Tier 3,Jasmine,J-A01,1,0,1,0,0,0,0,0,0,2026-07-16,2026-07-16,D Mendelson MD (1),JJ
"Saeed, Sajjad",Sajjad Saeed MD,Internal Medicine Associates Port Huron,8afa43db-e543-40bf-9328-2479a24606d8,person: first+last,,Tier 2,Kristen,K-A02,1,0,1,0,0,0,0,0,0,2026-05-06,2026-05-06,J Mendelson MD (1),KJ
"Saleh MD,  - Berkley UC",,Saleh Muslah Medical Center,9993f142-7c12-4453-9d67-041ba11dbd5d,company name (LOW),location on referral not in MMC company name,not in spine book,,,1,0,1,0,0,0,0,0,0,2026-08-06,2026-08-06,J Yacisen MD (1),KJ
"Salisbury MD, Brittany S",Brittany Salisbury MD,Trinity IHA Academic Family Medicine - Livonia,5c7c8073-5fc6-42f5-bc75-0b9f8a07e484,person: first+last,,Tier 2,Jasmine,J-A06,1,0,1,0,0,0,0,0,0,2026-09-01,2026-09-01,S Mendelson MD (1),JJ
"Samohin MD, Alexandros J",Alexandros Samohin MD,Dedicated Senior Medical Center - Eastpointe,461fe196-5467-4d92-bec8-0125858453c8,person: first+last,,Tier 2,Jasmine,J-A03,1,0,1,0,0,0,0,0,0,2026-08-12,2026-08-12,J Mendelson MD (1),JJ
"Samona MD, tassia",Tassia Samona MD,Associates in Internal Medicine - MHP,1639309131,person: first+last,,Tier 3,Kristen,K-A14,1,0,0,0,1,0,0,0,0,2026-07-07,2026-07-07,J B Klein DPM (1),KJ
"Savalli DO, Michael",Michael Savalli DO,Alliance - Macomb,cfa43a87-0a00-4e16-8816-57177ce29fb3,person: first+last,,Tier 2,Coty,C-A03,1,0,0,0,1,0,0,0,0,2026-05-04,2026-05-04,J B Klein DPM (1),CO
"Schmehl DO, Ashley","Ashley Schmehl DO,",IHA Plymouth Primary Care,92cc3682-defe-42ff-8ccd-0ff138c12b77,person: first+last,,Tier 2,Jasmine,J-A08,1,0,1,0,0,0,0,0,0,2026-01-29,2026-01-29,A Mendelson MD (1),KG
"Schram PA, Megan",Megan Schram PA-C,Park Family Practice - Novi,210797fc-d818-410f-94de-02c502935d29,person: first+last,,Tier 3,Jasmine,J-A01,1,0,0,0,1,0,0,0,0,2026-07-09,2026-07-09,"R Leff, DPM (1)",JJ
"Schultz NP, Ashley",Ashley Schultz NP,Patrick Kut MD PC,eca14fb7-48cb-4968-b258-b97a854b34c1,person: first+last,"AMBIGUOUS — also at Lake Huron Medical Center - Fort Gratiot (Tier 2); no PL/credential/tier evidence, first in MMC order shown",Tier 2,Kristen,K-A03,1,0,1,0,0,0,0,0,0,2026-01-21,2026-01-21,J Yacisen MD (1),KJ
"Schultz, Ashley",Ashley Schultz NP,Patrick Kut MD PC,eca14fb7-48cb-4968-b258-b97a854b34c1,person: first+last,"AMBIGUOUS — also at Lake Huron Medical Center - Fort Gratiot (Tier 2); no PL/credential/tier evidence, first in MMC order shown",Tier 2,Kristen,K-A03,1,0,1,0,0,0,0,0,0,2026-03-05,2026-03-05,J Yacisen MD (1),KJ
"Schwutke MD, Steffanie",Steffanie Schwutke MD,Rochester Primary Care,52b21544-4438-4ade-810b-2ce607128ed8,person: first+last,,Tier 3,Kristen,K-A05,1,0,0,0,0,1,0,0,0,2026-03-19,2026-03-19,A Oddo DO (1),KJ
"Scott McKinlay, PA from MIND",Scott McKinlay PA,Michigan Institute for Neurological Disorders (MIND) - Roseville,7d9074be-0dfe-445c-9ff8-65b5eadde58e,person: first+last,,Tier 3,Coty,C-A13,1,0,0,0,0,1,0,0,0,2026-01-09,2026-01-09,B Kassa DO (1),CO
"Shah MD, Sheena P",Sheena Shah MD,Corewell Health Family Medicine -SAINT CLAIR SHORES,a7f38558-5076-4a5b-9bd2-68b110ff29c1,person: first+last,,Tier 2,Coty,C-A13,1,0,1,0,0,0,0,0,0,2026-06-15,2026-06-15,S Mendelson MD (1),CO
"Shammami DO, Adam",Adam Shammani DO,Beaumont Family Medicine - Sterling Heights,1952519001,person: first+last (exact/surname spelling),,Tier 2,Kristen,K-A05,1,0,0,0,1,0,0,0,0,2026-09-02,2026-09-02,"K Green, DPM (1)",KJ
"Shareefuddin MD, Faisal M",Faisal Shareefuddin MD,Oakland Integrated Healthcare Network,81f49d59-3845-4c1e-8a21-7b2a067375e5,person: first+last,,Tier 2,Kristen,K-A07,1,0,1,0,0,0,0,0,0,2026-06-08,2026-06-08,B Mayo MD (1),KJ
"Shishu MD, Nidhi",Nidhi Shishu MD,Beverly Hills Internal Medicine,04-330-7414,person: first+last,,Tier 2,Kristen,K-A15,1,0,0,1,0,0,0,0,0,2026-02-24,2026-02-24,K Bohm MD (1),KJ
"Shuker MD, Ala","Ala Shuker MD,",Vital Medicine,d96ab765-7e8d-447c-b9a1-72f2bcda2283,person: first+last,,Tier 2,Coty,C-A14,1,0,1,0,0,0,0,0,0,2026-06-18,2026-06-18,P Bhullar MD (1),CO
"Shumer MD, Gregory",Gregory Shumer MD,Integrative Family Medicine Clinic - Domino's Farms (U of M),2ca32d51-676d-49f5-8e79-835774431e9d,person: first+last,,Tier 3,Jasmine,J-A11,1,0,0,0,1,0,0,0,0,2026-03-31,2026-03-31,"R Leff, DPM (1)",JJ
"Siddiqui MD, Saadia",Saadia Siddiqui MD,Tri County Neurology,3d10a23f-49c8-4b30-b87f-ae7465e0f588,person: first+last,,Tier 2,Jasmine,J-A03,1,0,1,0,0,0,0,0,0,2026-07-06,2026-07-06,S Mendelson MD (1),JJ
"Sindagi DO, Varun",Varun Sindagi  DO,Lakeside Internal Medicine,1c5c4e69-60f0-4d66-a3ee-9a33e818a99b,person: first+last,,Tier 2,Coty,C-A08,1,0,1,0,0,0,0,0,0,2026-08-20,2026-08-20,S Mendelson MD (1),CO
"Singer DO, Daniel",Daniel Singer DO,Michigan Institute for Neurological Disorders (MIND) - Farmington Hills,1962472241,person: first+last,,Tier 1,Coty,C-A09,1,0,0,0,0,1,0,0,0,2026-05-01,2026-05-01,K Lee MD (1),KG
"Sirabian PT, Jeffrey",Jeffrey Sirabian PT,Plymouth PT,2c60eae5-2763-4890-8b2c-79d3e64f8375,person: first+last,,Tier 2,Kristen,K-A29,1,0,1,0,0,0,0,0,0,2026-07-24,2026-07-24,B Mayo MD (1),KJ
"Siribian PT, Jeff",Jeffrey Sirabian PT,Plymouth PT,2c60eae5-2763-4890-8b2c-79d3e64f8375,person: first+last (nickname/surname spelling),,Tier 2,Kristen,K-A29,1,0,1,0,0,0,0,0,0,2026-04-03,2026-04-03,B Mayo MD (1),KJ
"Soffa DO, Jason",Jason I Soffa DO,Oakland Primary Care,1952660706,person: first+last,,Tier 1,Coty,C-A11,1,0,1,0,0,0,0,0,0,2026-04-14,2026-04-14,J Mendelson MD (1),SS
"Souphis, Daniel C",Daniel Souphis DO,Physician HealthCare Network Urgent Care and Walk In- Fort Gratiot,4c053f65-6667-471a-9d5b-ee08b564d031,person: first+last,,Tier 1,Kristen,K-A02,1,0,1,0,0,0,0,0,0,2026-06-01,2026-06-01,G Jerry MD (1),KJ
Southfield Urgent Care,,SOUTHFIELD URGENT CARE,f8db03fe-3188-4a31-b4ee-6010086c7552,company name,,Tier 3,Jasmine,J-A02,1,0,0,0,1,0,0,0,0,2026-06-08,2026-06-08,"R Leff, DPM (1)",SS
"Spearman MD, Anthony",Anthony Spearman MD,Horizon Care Medical Group - Warren,476bc8e4-84c4-4063-97a9-b649ed44dddf,person: first+last,also at Horizon Care Medical Group - West — chosen by only one is in the spine book,Tier 2,Kristen,K-A23,1,0,1,0,0,0,0,0,0,2026-03-11,2026-03-11,J Yacisen MD (1),KG
Springfield Urgent Care - Brighton,,,,UNMATCHED,brand is in MMC at other sites (Springfield Urgent Care - Clarkston / Springfield Urgent Care - Hamburg / Springfield Urgent Care - Highland …) — this location is not,,,,1,0,1,0,0,0,0,0,0,2026-05-18,2026-05-18,B Mayo MD (1),CO
Springfield Urgent Care - Hamburg,,Springfield Urgent Care - Hamburg,0da678d4-9648-4315-8770-fb6768c5c2ea,company name,,Tier 2,Coty,C-A07,1,0,0,1,0,0,0,0,0,2026-01-30,2026-01-30,K Bohm MD (1),CO
"Stefansi NP,  Diana",Diana Ferraiulo  (Stefanski)NP,Oak Street Health - Eastgate,23fb6135-419b-4880-ae64-4a97e9244f37,person: first+last (exact/surname spelling),,Tier 1,Coty,C-A11,1,0,1,0,0,0,0,0,0,2026-07-15,2026-07-15,D Mendelson MD (1),CO
"Stephan MD, Namir",Namir Stephan MD,Meadowbrook Internists,302019e4-0b7f-4f55-bdca-192920804d63,person: first+last,,Tier 2,Coty,C-A04,1,0,1,0,0,0,0,0,0,2026-01-29,2026-01-29,J Mendelson MD (1),CO
"Stephen MD, Mark",Mark Stephen MD,Macomb Physicians Group,fdefbf3e-907d-4d68-bbd3-2d70f4818b7a,person: first+last,,Tier 1,Coty,C-A06,1,0,1,0,0,0,0,0,0,2026-01-12,2026-01-12,S Mendelson MD (1),KG
"Stern DO, Sheldon","Sheldon L Stern DO,",Village Medical Farmington,8a6ae159-0242-4272-b933-bd11fc117733,person: first+last,,Tier 1,Kristen,K-A22,1,0,0,0,0,1,0,0,0,2026-02-13,2026-02-13,K Lee MD (1),KJ
"Steven DO, Susan",Susan Stevens DO,Western Wayne Physicians - Livonia,c6f8c7f7-2386-4788-9102-c4f9ebda94b8,person: first+last (exact/surname spelling),,Tier 2,Jasmine,J-A06,1,0,1,0,0,0,0,0,0,2026-07-16,2026-07-16,A Mendelson MD (1),JJ
"Stober, Richard Mark",Richard Stober MD,Henry Ford Internists - Farmington Hills 150,85ababc7-e294-4225-8cc7-28b8a5b1b9e2,person: first+last,,Tier 2,Kristen,K-A16,1,0,0,0,0,1,0,0,0,2026-09-11,2026-09-11,K Lee MD (1),KJ
"Sudhakara MD, Kajoor",Kajoor Sudhakara MD,"TRENTON TOTAL HEALTH CARE CENTER, PC",865f8b49-ce19-4ffd-8643-a755635f6ccc,person: first+last,,Tier 2,Coty,C-A15,1,0,0,1,0,0,0,0,0,2026-05-29,2026-05-29,K Bohm MD (1),JJ
"Sulaka MD, William",W. Jason Sulaka MD,Associates in Internal Medicine - MHP,1639309131,person: last+first-initial (LOW),,Tier 3,Kristen,K-A14,1,0,0,0,0,0,1,0,0,2026-05-29,2026-05-29,S McCarty (1),KJ
"Sundblad DPM, Kyle",Kyle Sundblad DPM,Macomb Foot Ankle Wound Care Center,80-982-7525,person: first+last,"AMBIGUOUS — also at ADVANCED FOOT CARE PC; no PL/credential/tier evidence, first in MMC order shown",not in spine book,,,1,0,1,0,0,0,0,0,0,2026-03-24,2026-03-24,J Mendelson MD (1),SS
"Syed MD, Suzan",Suzan Mokhayesh Syed MD,IPHCA,74b8c0cb-3736-44a0-9158-3b8106c9c58f,person: first+last,,Tier 2,Kristen,K-A09,1,0,1,0,0,0,0,0,0,2026-04-02,2026-04-02,P Bhullar MD (1),KJ
"TOBIA PA, BROOKE",Brooke Tobia PA-C,Macomb Medical Clinic,1992782320,person: first+last,,Tier 1,Coty,C-A10,1,0,1,0,0,0,0,0,0,2026-02-26,2026-02-26,J Mendelson MD (1),KG
"Talya NP, Danny",Danny Talya NP,Family Medicine,43229ddf-0bb2-45ab-8aa8-3cb4f6b0d51f,person: first+last,,Tier 3,Coty,C-A15,1,0,0,0,0,0,1,0,0,2026-07-01,2026-07-01,L PA Clinic (1),CO
"Tam DO, Susan",Susan Tam DO,Epic Primary Care - Ferndale,8d70ed21-9cc0-4e04-a934-e01ab1155823,person: first+last,,Tier 1,Coty,C-A12,1,0,1,0,0,0,0,0,0,2026-05-05,2026-05-05,P Bhullar MD (1),CO
"Tangalos MD, Phillip",Philip Tangalos DO,Silver Pine Medical Group - Sterling Heights,cac69af6-f814-4339-a4f4-d8cd7112ec3c,person: first+last (spelling),also at Silver Pine Medical Group - Washington — chosen by PL tag,Tier 2,Kristen,K-A06,1,0,1,0,0,0,0,0,0,2026-09-03,2026-09-03,J Mendelson MD (1),KJ
"Tatangelo MD, Marco",Marco Tatangelo MD,Providence Park Pediatrics - Novi,9db7de95-514d-45c7-8a73-449a08d1d590,person: first+last,,Tier 1,Kristen,K-A20,1,0,1,0,0,0,0,0,0,2026-09-25,2026-09-25,P Bhullar MD (1),KJ
Taylor Urgent Care,,Taylor walk-in clinic,a42a04f1-cc44-4398-a98b-e7d51622a415,company name,,Prospect,Jasmine,J-A10,1,0,1,0,0,0,0,0,0,2026-03-12,2026-03-12,S Mendelson MD (1),JJ
"Thabolingam MD, Raveend",Raveend Thabolingam MD,Excel Health,1730132077,person: first+last,also at Henry Ford Ferndale Medical Center — chosen by PL tag,Tier 2,Kristen,K-A15,1,0,0,0,0,1,0,0,0,2026-07-06,2026-07-06,K Lee MD (1),KJ
"The DO, Jeff Y",Jeff The DO,Office of Jeff The DO,1710940242,person: first+last,,Tier 2,Jasmine,J-A08,1,0,1,0,0,0,0,0,1,2026-03-19,2026-03-19,,JJ
The Heights UC - Deaborn,,,,UNMATCHED,no MMC company with this name,,,,1,0,0,0,1,0,0,0,0,2026-04-07,2026-04-07,J B Klein DPM (1),JJ
"Thibault MD, Steven J",Steven Thibault MD,Silver Pine Medical Group - Sterling Heights,cac69af6-f814-4339-a4f4-d8cd7112ec3c,person: first+last,,Tier 2,Kristen,K-A06,1,0,1,0,0,0,0,0,0,2026-01-20,2026-01-20,B Mayo MD (1),KJ
"Thomas MD, Jared",Jared Thomas MD,Trinity Health Orthopedic group-Ypsilanti,5fcd802e-4f68-4425-8e82-e66edfaa3720,person: first+last,,Tier 2,Jasmine,J-A11,1,0,1,0,0,0,0,0,0,2026-06-12,2026-06-12,J Yacisen MD (1),JJ
"Thwainey MD, Bassam J",Bassam Thwainey MD,AMG Oak Park Medical Center,1447235015,person: first+last,,Prospect,Coty,C-A12,1,0,0,0,1,0,0,0,0,2026-08-13,2026-08-13,"R Leff, DPM (1)",KJ
Todd Wolschlager ATC,,,,UNMATCHED,no MMC person/company found,,,,1,0,0,0,0,1,0,0,0,2026-04-16,2026-04-16,B Kassa DO (1),KJ
"Tom MD, Shirley C",Shirley Tom MD,COREWELL HEALTH  INTERNAL MEDICINE DEARBORN,9d286e7b-6017-417c-8a6b-763fe942c9c2,person: first+last,"also at Corwell health internal medicine, Dearborn (Prospect) — chosen by tier",Tier 1,Jasmine,J-A10,1,0,0,1,0,0,0,0,0,2026-06-22,2026-06-22,K Bohm MD (1),JJ
"Tomei DPT, Jordan",Jordan Tomei DPT,Neil King Physical Therapy,01-484-0595,person: first+last,,Tier 2,Kristen,K-A05,1,0,1,0,0,0,0,0,0,2026-04-13,2026-04-13,P Bhullar MD (1),KJ
"Toomajian DO, Leo",Leo Toomajian DO,Alliance - Macomb,cfa43a87-0a00-4e16-8816-57177ce29fb3,person: first+last,,Tier 2,Coty,C-A03,1,0,1,0,0,0,0,0,0,2026-07-09,2026-07-09,P Bhullar MD (1),CO
"Tremblay, Jeffrey",Jeff Tremblay DO,Roseville Family Practice,c96dc780-a933-4f9f-aaa3-e1da22d0f35e,person: first+last (nickname),,Tier 2,Kristen,K-A17,1,0,1,0,0,0,0,0,0,2026-02-23,2026-02-23,S Mendelson MD (1),KG
Trinity IHA Canton Center Urgent Care,,Trinity URGENT CARE CANTON,c78e3b81-c68a-4687-a4e9-a88863c2c873,company name (LOW),partial token match,Tier 3,Jasmine,J-A11,1,0,0,1,0,0,0,0,0,2026-06-10,2026-06-10,K Bohm MD (1),JJ
Trinity Urgent Care Canton,,Trinity URGENT CARE CANTON,c78e3b81-c68a-4687-a4e9-a88863c2c873,company name,,Tier 3,Jasmine,J-A11,1,0,0,1,0,0,0,0,0,2026-07-31,2026-07-31,K Bohm MD (1),JJ
Trinity Urgent Care- Canton Cetner,,Trinity URGENT CARE CANTON,c78e3b81-c68a-4687-a4e9-a88863c2c873,company name,also matches Trinity health urgent care; chosen by location,Tier 3,Jasmine,J-A11,1,0,0,0,1,0,0,0,0,2026-04-13,2026-04-13,J B Klein DPM (1),JJ
"Trivedi MD, Archi",Archi Trivedi MD,METROPOLITAN MEDICAL ASSOCIATES,297c1d83-ce5b-4ce5-b393-97b656f9b2c7,person: first+last,,Tier 2,Kristen,K-A17,1,0,1,0,0,0,0,0,0,2026-06-03,2026-06-03,P Bhullar MD (1),KJ
Trotska NP C Oksana,Oksana Trotska NP,Metro Medical Practice,60-080-4525,person: first+last,,Tier 1,Kristen,K-A13,1,0,1,0,0,0,0,0,0,2026-01-20,2026-01-20,B Mayo MD (1),KJ
Troy Pediatrics,,Troy Pediatrics,bc9cfc71-45e3-42dc-ae93-3a7cdaa01807,company name,,not in spine book,,,1,0,1,0,0,0,0,0,0,2026-02-20,2026-02-20,J Yacisen MD (1),KJ
Urgent Care - Did not ask for spec location,,,,SOURCE NOT CAPTURED,referral note says the doctor/location was not captured on the call,,,,1,0,1,0,0,0,0,0,0,2026-09-15,2026-09-15,J Mendelson MD (1),?
Urgent Care - not specified,,,,SOURCE NOT CAPTURED,referral note says the doctor/location was not captured on the call,,,,1,0,0,0,1,0,0,0,0,2026-04-22,2026-04-22,"K Sorensen, DPM (1)",?
Urgent Care - spec location not asked on call,,,,SOURCE NOT CAPTURED,referral note says the doctor/location was not captured on the call,,,,1,0,0,0,1,0,0,0,0,2026-08-12,2026-08-12,J B Klein DPM (1),?
Urgent Care Westland,,WAYNE WESTLAND PRIMARY AND URGENT CARE,1ca18c41-1362-48d8-b380-171dd9143640,company name (LOW),,not in spine book,,,1,0,1,0,0,0,0,0,0,2026-03-10,2026-03-10,B Mayo MD (1),CO
Urgent Care- LOCATION NOT ASKED,,,,SOURCE NOT CAPTURED,referral note says the doctor/location was not captured on the call,,,,1,0,1,0,0,0,0,0,0,2026-02-03,2026-02-03,S Mendelson MD (1),?
Urgent Care- specific location not asked on call,,,,SOURCE NOT CAPTURED,referral note says the doctor/location was not captured on the call,,,,1,0,1,0,0,0,0,0,0,2026-06-26,2026-06-26,B Mayo MD (1),?
Urgent Care-NO CALL TO SPECIFY,,,,SOURCE NOT CAPTURED,referral note says the doctor/location was not captured on the call,,,,1,0,1,0,0,0,0,0,0,2026-02-18,2026-02-18,P Bhullar MD (1),?
Urgent Care-spec location not asked,,,,SOURCE NOT CAPTURED,referral note says the doctor/location was not captured on the call,,,,1,0,1,0,0,0,0,0,1,2026-07-31,2026-07-31,S Mendelson MD [after telehealth] (1),?
"Uroda MD, Lauren",Lauren Uroda MD,Lauren Uroda MD PC,a22a352a-16c0-43ce-8885-e2c9e5c4a0ac,person: first+last,,not in spine book,,,1,0,1,0,0,0,0,0,0,2026-06-22,2026-06-22,P Bhullar MD (1),KJ
"Usen DPM, Nslma",Nsima Usen DPM,Family Foot & Ankle Specialist,1b944dbb-4d2b-4590-a30d-2227bb90bb2e,person: first+last (spelling),"AMBIGUOUS — also at Family Foot & Ankle Specialists; no PL/credential/tier evidence, first in MMC order shown",not in spine book,,,1,0,0,0,1,0,0,0,0,2026-05-19,2026-05-19,"R Leff, DPM (1)",SS
"Ustruck DO, Rachael",Rachael Ustruck DO,Preferred Medical Group,1356443600,person: first+last,,Tier 1,Coty,C-A12,1,0,1,0,0,0,0,0,0,2026-06-25,2026-06-25,J Mendelson MD (1),CO
"VARGAS DO, ALVIN",Alvan Vargas DO,Trinity IHA Senior Primary Care,043b64e7-0ea8-4881-8f0f-58fa37c2046b,person: first+last (spelling),,Tier 2,Kristen,K-A24,1,0,1,0,0,0,0,0,0,2026-06-04,2026-06-04,D Mendelson MD (1),KJ
"Valenti DO, Matteo",Matteo Valenti DO,Corewell Health Farmington hills Hospital family medicine,a2a230c5-b58c-4416-a519-b3d118d15202,person: first+last,,Tier 2,Jasmine,J-B01,1,0,0,0,0,1,0,0,0,2026-06-18,2026-06-18,A Oddo DO (1),JJ
"Van Oast PA, Joann",Joann Van Oast PA,Village Medical - Livonia,e3d707da-675d-4d7c-9356-2f53ec4d8a2e,person: first+last,,Tier 1,Kristen,K-A24,1,0,0,1,0,0,0,0,0,2026-03-31,2026-03-31,K Bohm MD (1),KJ
"Van Ophem DPT, Brandon",Brandon VanOphem DPT,Team Rehab - SMA Bloomfield Hills,6185c99b-b972-4582-aac1-b784f9730bb5,person: first+last (exact/surname spelling),,Tier 2,Kristen,K-A07,1,0,1,0,0,0,0,0,0,2026-07-30,2026-07-30,B Mayo MD (1),KJ
"VanOphen DPT, Brandon",Brandon VanOphem DPT,Team Rehab - SMA Bloomfield Hills,6185c99b-b972-4582-aac1-b784f9730bb5,person: first+last (exact/surname spelling),,Tier 2,Kristen,K-A07,1,0,1,0,0,0,0,0,0,2026-04-17,2026-04-17,B Mayo MD (1),KJ
"Vandehey DO, Patrick R",Patrick VanDeHey DO,ALLEN PARK FAMILY PHYSICIANS,617ab041-696a-4d5d-92bd-eb43c5eb4276,person: first+last,,Tier 2,Kristen,K-A30,1,0,0,1,0,0,0,0,0,2026-03-13,2026-03-13,K Bohm MD (1),KJ
"Vandehey, Patrick",Patrick VanDeHey DO,ALLEN PARK FAMILY PHYSICIANS,617ab041-696a-4d5d-92bd-eb43c5eb4276,person: first+last,,Tier 2,Kristen,K-A30,1,0,0,0,1,0,0,0,0,2026-01-13,2026-01-13,J B Klein DPM (1),KJ
"Vasiq MD, Muhhammad",Muhammad Vasiq MD,Michigan Compassionate Care,33d0c0aa-7d47-450d-9673-71acb651321c,person: first+last,,Tier 1,Kristen,K-A17,1,0,1,0,0,0,0,0,0,2026-01-13,2026-01-13,B Mayo MD (1),KG
"Vieder DO, Brandon",Brandon Vieder DO,Michigan Institute for Neurological Disorders (MIND) - Roseville,7d9074be-0dfe-445c-9ff8-65b5eadde58e,person: first+last,,Tier 3,Coty,C-A13,1,0,0,0,0,1,0,0,0,2026-01-27,2026-01-27,B Kassa DO (1),CO
Village Medical,,Village Medical - Livonia,e3d707da-675d-4d7c-9356-2f53ec4d8a2e,company name,also matches Village Medical Farmington / Professional Village Medical Center / Village Medical Wayne / Village Medical - Northville West (+5 more); chosen by PL tag,Tier 1,Kristen,K-A24,1,0,0,0,0,1,0,0,0,2026-06-26,2026-06-26,K Lee MD (1),KJ
"WEST PA, RACHEL",Rachel West PA,Internal Medicine & Primary Care Specialists- 1010,1184660490,person: first+last,,Tier 2,Kristen,K-A09,1,0,1,0,0,0,0,0,0,2026-01-08,2026-01-08,P Bhullar MD (1),KJ
"WILSON MD, JEANETTE  ELIZABETH",Jeanette Wilson MD,Masonic Medical Center - Ascension,e73f759b-87dc-444f-a504-b954ddeeace1,person: first+last,,Tier 2,Kristen,K-A08,1,0,1,0,0,0,0,0,0,2026-05-15,2026-05-15,J Yacisen MD (1),SS
"Warren MD, Erin L",,,,UNMATCHED,no MMC person/company found,,,,1,0,0,0,1,0,0,0,0,2026-06-18,2026-06-18,"R Leff, DPM (1)",JJ
"Weide MD, Lori","Lori Weide MD,",Corewell Health Wayne Hospital Family Medicine -  Canton,1022591b-a2f2-47ed-a718-e764042f930d,person: first+last,,Tier 1,Jasmine,J-A09,1,0,0,1,0,0,0,0,0,2026-08-05,2026-08-05,K Bohm MD (1),JJ
"Weissman MD, David E",David  Weissman MD,David Weissman MD,4847379a-d2bb-413e-81a8-16188564aef7,person: first+last,,Tier 2,Kristen,K-A21,1,0,0,0,1,0,0,0,0,2026-08-03,2026-08-03,"R Leff, DPM (1)",KJ
WellNow Urgent Care Fort Gratiot,,,,UNMATCHED,brand is in MMC at other sites (WellNow - Port Huron) — this location is not,,,,1,0,1,0,0,0,0,0,0,2026-05-06,2026-05-06,J Yacisen MD (1),KJ
"West PA, Rachel",Rachel West PA,Internal Medicine & Primary Care Specialists- 1010,1184660490,person: first+last,,Tier 2,Kristen,K-A09,1,0,1,0,0,0,0,0,0,2026-07-06,2026-07-06,P Bhullar MD (1),KJ
"Whateley MD, Jason",Jason Whateley DO,McLaren Port Huron Fort Gratiot Internal Medicine,292b69e3-3f35-422f-a60b-87c0ddf678d1,person: first+last,,Tier 2,Kristen,K-A02,1,0,1,0,0,0,0,0,0,2026-06-22,2026-06-22,G Jerry MD (1),KJ
"White MD, Michael",Michael White MD,Millennium Affiliated Physicians - 130B,27e5353b-7c0d-406b-be13-0d0eb3c3e200,person: first+last,,Tier 2,Kristen,K-A16,1,0,1,0,0,0,0,0,0,2026-04-08,2026-04-08,P Bhullar MD (1),KJ
"White MD, William Paul",William White,Henry Ford Health - Family Medicine 8 Mile Livonia,22476694-35cd-4d2b-b17f-07cee1f1db4b,person: first+last,,Tier 1,Kristen,K-A24,1,0,0,1,0,0,0,0,0,2026-05-18,2026-05-18,K Bohm MD (1),KJ
Wigod & Falzon,,Wigod & Falzon,1da57554-aa50-483a-b1a8-060ff843ff7c,company name,,Tier 1,Kristen,Phone cadence,1,0,0,0,0,1,0,0,1,2026-08-12,2026-08-12,J Maslak MD [after telehealth] (1),KJ
"Williams DO, Joseph L",Joseph Williams DO,"WILLIAMS FAMILY AND SPORTS MEDICAL CENTER, PLC",128e9f0f-8074-4052-b91d-e71905388022,person: first+last,,Tier 3,Kristen,K-A22,1,0,0,0,1,0,0,0,0,2026-06-04,2026-06-04,"R Leff, DPM (1)",KJ
"Williams MD, David",David  Williams MD,Legend Health - Now One Health,078d2fa6-e81c-41d1-95f2-04234d511192,person: first+last,also at One Health Community Care — chosen by PL tag,Tier 1,Kristen,K-A18,1,0,0,0,1,0,0,0,0,2026-06-16,2026-06-16,"R Leff, DPM (1)",KJ
"Williams MD, Michael A",Michael Williams MD,ACADEMIC INTERNAL MEDICINE SPECIALISTS,24230075-46f5-44cf-bd8f-deb5f276aa99,person: first+last,,Tier 2,Jasmine,J-A04,1,0,1,0,0,0,0,0,0,2026-03-10,2026-03-10,B Mayo MD (1),KG
"Williams, David",David  Williams MD,Legend Health - Now One Health,078d2fa6-e81c-41d1-95f2-04234d511192,person: first+last,also at One Health Community Care — chosen by PL tag,Tier 1,Kristen,K-A18,1,0,0,0,1,0,0,0,0,2026-02-17,2026-02-17,F Leff DPM (1),KJ
"Williamson, Derek",,,,UNMATCHED,no MMC person/company found,,,,1,0,1,0,0,0,0,0,0,2026-06-02,2026-06-02,B Mayo MD (1),KJ
"Wolok MD, Ryan Scott",Ryan Wolok MD,Millenium Associated Physicians - 130A,1972588259,person: first+last,also at Henry Ford Internists - Farmington Hills 160 — chosen by PL tag,Tier 2,Kristen,K-A16,1,0,0,1,0,0,0,0,0,2026-04-10,2026-04-10,K Bohm MD (1),KJ
"XU MD, JINPING",Jinping Xu MD,Troy Health Center,c80937d7-1504-43ae-af51-bb0f13603168,person: first+last,,Tier 2,Coty,C-A09,1,0,1,0,0,0,0,0,0,2026-02-02,2026-02-02,S Mendelson MD (1),CO
"YEE MD, KRISTEN ALEXIS",Kristen Yee MD,"IHA, Primary Care - Cherry Hill Village",88f17311-2f10-4d7d-b250-085575fb31c1,person: first+last,,Tier 2,Jasmine,J-A09,1,0,1,0,0,0,0,0,0,2026-04-23,2026-04-23,B Mayo MD (1),JJ
"Yaldoo PA-C, Mary",Mary Yaldoo PA,EPIC Southfield - Telegraph Rd office,e9338159-c4f0-4329-a188-50fd3d8a5ddb,person: first+last,"AMBIGUOUS — also at Epic Healthcare - Southfield (Tier 1); no PL/credential/tier evidence, first in MMC order shown",Tier 1,Coty,C-A09,1,0,1,0,0,0,0,0,0,2026-07-27,2026-07-27,A Mendelson MD (1),CO
Yale VA Community Care,,Yale Community Heath Center - VA Clinic,ef22f4d0-c253-4bff-8a60-2a5eaa3168df,company name,,Tier 1,Kristen,K-A01,1,0,1,0,0,0,0,0,0,2026-08-12,2026-08-12,J Yacisen MD (1),KJ
"Yoder MD, Cordell",Cordell Yoder MD,Prism Medical Group - Internal Medicine & Pediatrics,4c627c72-5211-427f-b03c-9a4115066f1b,person: first+last,,Tier 1,Coty,C-A04,1,0,1,0,0,0,0,0,0,2026-08-13,2026-08-13,B Mayo MD (1),CO
"Yon MD, Aaron",Aaron  Yon MD,Rochester Family Practice,a75491e9-8970-44fd-ba14-868027583a78,person: first+last,,Tier 2,Coty,C-A05,1,0,1,0,0,0,0,0,0,2026-08-14,2026-08-14,B Mayo MD (1),CO
"Yuzon MD, Dana",Dana Chevelle Yuzon MD,LAKES INTERNAL MEDICINE - 2150,8b9ada78-08d8-45f0-8d09-c043db61a6fd,person: first+last,,Tier 1,Kristen,K-A09,1,0,0,0,1,0,0,0,0,2026-08-04,2026-08-04,"R Leff, DPM (1)",KJ
"Zaban DO, Rana",Rana Zaban DO,Corewell Health Family Care of Novi,74e299c3-f9b1-4d54-8e8d-b63af23ba7fd,person: first+last,,Tier 2,Jasmine,J-A01,1,0,0,1,0,0,0,0,0,2026-03-09,2026-03-09,K Bohm MD (1),JJ
"Zajdel MD, Barbara",Barbara Zadjel MD,Body Mind Spirit Integrated Health,70d0d613-5608-41b6-8a13-3629d775bc6a,person: first+last (exact/surname spelling),,not in spine book,,,1,0,0,0,0,1,0,0,0,2026-07-20,2026-07-20,K Lee MD (1),KJ
"Zohoury DO, Mark",Mark Zohoury DO,Wattles Internal Medicine- use,ea9682a6-09ea-4d32-a71d-171ffffb7847,person: first+last,,Tier 2,Kristen,K-A10,1,0,1,0,0,0,0,0,0,2026-07-07,2026-07-07,B Mayo MD (1),SS
lakes urgent care JC 4/10,,Lakes Urgent Care - Livonia,73107e68-fc7f-46d0-bef4-ee26e9dc0099,company name,,Tier 1,Jasmine,J-A06,1,0,1,0,0,0,0,0,0,2026-04-17,2026-04-17,B Mayo MD (1),JJ
works at ped office - WB,,,,SOURCE NOT CAPTURED,referral note says the doctor/location was not captured on the call,,,,1,0,1,0,0,0,0,0,0,2026-07-16,2026-07-16,D Mendelson MD (1),KJ
