mmc_company,mmc_company_id,book_tier,book_pl,book_cell,referrals_total,spine,ortho,hand,foot,pain_other,pa_mid-level,blank,telehealth,spine_q1,spine_q2,spine_q3_to_sep25,first_referral,last_referral,referrer_strings,low_confidence_strings,ambiguous_strings,referring_providers,synergy_doctors_seen
Mike Morse Law Firm,2dd4a698-eeec-4552-98ba-d85b130bcc56,Tier 1,Kristen,Phone cadence,124,53,45,4,1,9,0,12,118,25,17,11,2026-01-05,2026-09-15,3,0,0,Mike Morse (122); MIKE MORSE (1); Mike Morse Law (1),J Maslak MD [after telehealth] (4); S McCarty [after telehealth] (4); S Mendelson MD [after telehealth] (3); K Bohm MD (2)
Hesselberg Chiropractic,83b9dec3-57ee-4777-b000-fcb1c228e6c7,Tier 1,Kristen,K-A27,34,22,6,0,0,6,0,0,34,9,7,6,2026-01-02,2026-08-28,2,0,0,"Hesselberg DC, Jason Joseph (33); Hesselberg, Jason DC (1)",S McCarty [after telehealth] (5); J Varghese MD [after telehealth] (2); T Oddo [after telehealth] (1); S Mendelson MD [after telehealth] (1)
Park Medical Centers,92913d4d-edc4-462b-aecf-ef3f54198f09,Tier 1,Kristen,K-A29,39,13,18,4,2,2,0,0,1,5,5,3,2026-01-15,2026-09-22,3,0,0,"Green NP, Kevin (23); Ozog DO, Richard (15); Green, Kevin (1)",P Bhullar MD (6); S McCarty (5); M Salar MD (5); K Bohm MD (4)
Park Medical Centers - Canton,047f1f57-d796-4b0d-b2d0-b5d576ad50ea,Tier 1,Jasmine,J-A09,20,13,6,0,1,0,0,0,0,1,3,9,2026-01-21,2026-09-23,3,0,0,"Rollins DO, William F (18); Rollins MD, William (1); Rollins DO, William (1)",S McCarty (5); M Salar MD (4); J Maslak MD (3); J Mendelson MD (2)
Michigan Auto Law,8bd62ae0-e836-472d-84f6-a85688fd5524,Tier 1,Kristen,Phone cadence,25,11,10,0,0,2,0,2,23,0,7,4,2026-03-09,2026-08-26,7,1,0,MI Auto Law (11); Michigan Auto Law (7); MI AUTO LAW (3); KEVIN SEIFERHELD (1); MI Auto (1); Mark Servai- MI Auto Law (1); +1 more,J Varghese MD [after telehealth] (3); S Mendelson MD (1); S McCarty (1); S Mendelson MD [after telehealth] (1)
Levan Internists,1972528818,Tier 1,Jasmine,J-A06,29,9,13,5,1,1,0,0,0,2,4,3,2026-01-12,2026-09-17,4,0,0,"Jarodiya MD, Babu (18); Vankayalapati MD, Jaya (6); Singh MD, Jaspal (4); Jarodiya, Babubhai (1)",K Bohm MD (5); B Mayo MD (5); J Maslak MD (3); A Mendelson MD (2)
DMC SPORTS MEDICINE NOVI,6e52135e-6cca-4482-9973-58d180f1dce7,Tier 1,Jasmine,J-A01,10,9,0,0,0,1,0,0,1,1,7,1,2026-01-21,2026-07-14,7,1,0,"COOKE, CHRISTOPHER LEE (3); Cooke, Christopher (2); Meehan, Robert (1); COOKE MD, CHRISTOPHER LEE (1); Morasso (1); MEEHAN MD, ROBERT (1); +1 more",S McCarty (9)
Synergy Medical Primary Care,5cb01f9c-faec-4c04-b600-f0eba085f6a3,Tier 1,Jasmine,J-A07,28,7,10,7,1,3,0,0,0,1,3,3,2026-02-11,2026-09-23,3,0,0,"Gandhi MD, Hetal (16); Simkow NP, Katie (9); Sattam PA-C, Miranda (3)",K Bohm MD (7); B Mayo MD (5); J Varghese MD (4); H Singh MD (2)
DMC Orthopedics - Commerce Township,568c9052-985c-48fa-b5bc-44baafba3dea,Tier 1,Kristen,K-A09,7,7,0,0,0,0,0,0,0,0,0,7,2026-07-06,2026-09-10,5,0,0,"Cooke, Christopher (2); Mackey DO, Mark (2); Mackey MD, Mark (1); Mackey, Mark (1); Cooke MD, Christopher (1)",S McCarty (7)
Lakeview Medical Center,64ed5116-24c0-4278-8d87-a7ca5f7d76c4,Tier 1,Coty,C-A13,14,6,7,1,0,0,0,0,2,3,2,1,2026-01-05,2026-08-06,3,0,0,"Wanis MD, Magdy (9); Kloski PA-C, Rachel N (4); Kloski, Rachel N (1)",M Salar MD (4); J Mendelson MD (2); S McCarty (1); K Bohm MD (1)
Macomb Internal Medicine,5271bbd8-dfe5-4d54-a0a2-f5547050cafe,Tier 1,Kristen,K-A08,8,6,1,0,0,1,0,0,0,1,3,2,2026-02-09,2026-08-24,4,0,0,"Duvoor MD, Anu (4); Kosal DO, Linda (2); Vora DO, Sanjay (1); DUVOOR MD, Anu (1)",S McCarty (3); J Maslak MD (3); B Kassa DO (1); P Bhullar MD (1)
Henry Ford Primary Care Center - 160,b6033c7f-ac4e-4957-b3b0-519077da6c8d,Tier 1,Kristen,K-A16,8,6,1,0,1,0,0,0,1,3,2,1,2026-01-05,2026-08-21,3,0,0,"Antone MD, May (6); Bajouka MD, Neeran (1); Bajouka MD, Neeran Yosif (1)","J Maslak MD (5); R Leff, DPM (1); D Mendelson MD (1); M Salar MD [after telehealth] (1)"
Schoenherr Family Practice,e9020844-6b2a-43b6-9416-51116e859cc2,Tier 1,Coty,C-A03,8,6,2,0,0,0,0,0,0,3,3,0,2026-01-05,2026-06-04,2,0,0,"Machesky MD, Kelly K (7); ROMANO, MATTHEW (1)",S McCarty (3); J Maslak MD (2); B Mayo MD (2); M Salar MD (1)
QuickDoc Urgent Care,20e3535a-e9f3-4760-9cd8-6e86789495da,Tier 1,Jasmine,J-A03,6,6,0,0,0,0,0,0,0,2,2,2,2026-02-10,2026-08-06,1,0,0,"Rahbar MD, Mohamad (6)",M Salar MD (6)
Stonebrooke Family Physicians,c9013f02-25d6-4df2-96f8-b4f1e9936878,Tier 1,Kristen,K-A05,22,5,6,1,4,6,0,0,0,2,3,0,2026-01-05,2026-09-18,6,0,0,"HAENER DO, JENNIFER (9); Bellisario MD, Ronald (5); Kastl MD, Stacey (5); Ryman PA , Elizabeth (1); Ewald MD, Matthew T (1); Becker Mitzner DO, Katherine (1)","B Mayo MD (5); A Oddo DO (4); R Leff, DPM (3); M Salar MD (2)"
Ross Law,86e7413a-57df-4cba-adee-c6d0a8e55b63,Tier 1,Kristen,Phone cadence,15,5,8,0,0,2,0,0,14,0,4,1,2026-04-30,2026-08-05,4,0,0,Ross Law (12); Mathew Ross (1); Matt Ross (1); ROSS LAW (1),S Mendelson MD [after telehealth] (3); J Mendelson MD (1); J Varghese MD [after telehealth] (1)
Kajy Law,3b453978-15f0-429d-ab43-67d84178b21f,Tier 1,Kristen,Phone cadence,13,5,5,1,1,1,0,0,13,1,2,2,2026-02-26,2026-09-02,4,0,0,Kajy Law (9); Kajy (2); Kajy Lawfirm (1); Kajy  Law (1),S Mendelson MD [after telehealth] (1); J Varghese MD [after telehealth] (1)
Applebaum & Stone,89b27066-bd8f-45eb-b2ec-e3196a89a16c,Tier 1,Kristen,Phone cadence,9,5,3,1,0,0,0,0,8,1,2,2,2026-02-26,2026-08-07,1,0,0,Applebaum and Stone (9),J Varghese MD (1); S McCarty [after telehealth] (1)
Levine Clinic of Chiropractic,e19f7675-d86b-445b-ad8d-c06409bfde92,Tier 1,Kristen,K-A16,8,5,1,0,0,2,0,0,2,1,2,2,2026-02-05,2026-08-07,1,0,0,"Levine DC, Richard (8)",S McCarty (3); K Lee MD (2); P Bhullar MD (1); S McCarty [after telehealth] (1)
Lakes Urgent Care - Livonia,73107e68-fc7f-46d0-bef4-ee26e9dc0099,Tier 1,Jasmine,J-A06,50,4,30,9,6,0,1,0,0,0,1,3,2026-01-12,2026-09-25,6,0,0,Lakes Urgent Care (42); LAKES URGENT CARE (4); Lakes Urgent Care Livonia (1); LAKE URGENT CARE (1); lakes urgent care JC 4/10 (1); LAKES UC (1),K Bohm MD (9); B Mayo MD (8); S Mendelson MD (7); P Bhullar MD (6)
Medical Clinic of Northville,ebcb6f7a-eb6b-4759-81d9-516e3dc36b67,Tier 1,Kristen,K-A20,28,4,16,7,0,1,0,0,0,1,2,1,2026-01-07,2026-09-23,7,0,0,"Summers MD, Ross A (11); Ducu MD, Mirella F (6); POULOS PA, KATHRYN  MARIE (3); Ducu MD, Mirella (3); Summers MD, Ross (2); Johnstone MD, Cheryl Anne (2); +1 more",K Bohm MD (7); P Bhullar MD (4); B Mayo MD (4); J Mendelson MD (3)
Beaumont Medical Center - Redford,03095e36-e586-4709-8cd8-440a98b9bcd7,Tier 1,Kristen,K-A25,27,4,21,2,0,0,0,0,0,2,1,1,2026-01-08,2026-09-25,4,0,0,"MARSHALL MD, BRITANI ALYCE (13); Weathersby MD, Liza (12); Marshall MD, Britani (1); Billes DO, Marsha W (1)",P Bhullar MD (10); B Mayo MD (8); S McCarty (2); K Bohm MD (2)
Be Well Medical Center,1174554364,Tier 1,Coty,C-A12,21,4,14,0,1,2,0,0,1,1,2,1,2026-02-02,2026-09-14,8,0,0,"Benson DO, Paul A (5); Rosen PA-C, Mark (5); Youngblood PA C, Caleb (4); Bornstein DO, Mark (3); Rosen PA-C, Mark (ZOC DOC) (1); Benson DO, Paul (1); +2 more",S Mendelson MD (3); D Mendelson MD (3); P Bhullar MD (3); M Salar MD (2)
MI Family Practice,6aee51ce-625f-4968-96c5-5d9a6936bf27,Tier 1,Coty,C-A10,13,4,6,2,0,1,0,0,1,1,1,2,2026-01-14,2026-09-16,2,0,0,"Lisowsky DO, Taras (7); GARZA DO, MATTHEW (6)",K Bohm MD (2); J Mendelson MD (2); S McCarty (2); D Mendelson MD (1)
GARDEN CITY FAMILY PHYSICIANS,be4c4280-49d5-443c-b413-3471ee753d27,Tier 1,Kristen,K-A28,9,4,4,1,0,0,0,0,0,1,2,1,2026-01-12,2026-09-17,3,0,0,"Francu MD, Angelica (7); Patel MD, Vijay (1); PATEL MD, VIJAYKUMAR N (1)",D Mendelson MD (2); M Salar MD (2); J Maslak MD (2); B Mayo MD (1)
Lily’s Medical Group,0aec7757-4391-42a3-94f2-3cfa9ea9aa99,Tier 1,Kristen,K-A11,7,4,2,0,1,0,0,0,2,1,0,3,2026-01-26,2026-08-31,2,0,0,"Matti MD, Vivian (4); Smylnycky MD,Agnieszka (3)","J Varghese MD (2); J Maslak MD (1); J Mendelson MD (1); R Leff, DPM (1)"
DMC PRIMARY AND SPECIALTY CARE WEST BLOOMFIELD,e1df3a06-b408-47d1-8333-8e5c30e7bc97,Tier 1,Kristen,K-A14,6,4,0,1,0,1,0,0,0,3,0,1,2026-01-14,2026-08-21,2,0,0,"ARONOV DO, MARK (5); Mocanu MD, Marian (1)",S McCarty (4); K Bohm MD (1); K Lee MD (1)
Victor Valentino Law,740ceb33-170d-402e-b5c2-8c204cf2bdf4,Tier 1,Kristen,Phone cadence,5,4,1,0,0,0,0,0,4,1,2,1,2026-03-27,2026-07-02,2,0,0,"Victor Valentino (4); Valentino, Victor (1)",L Zamorano (1)
North Valley Internal Medicine,063204da-544e-4bdd-a18b-f483a5c16ad9,Tier 1,Coty,C-A07,4,4,0,0,0,0,0,0,0,1,2,1,2026-02-10,2026-08-14,2,0,0,"Genson DO, Brandon (3); Johnston PA-C, Ryan (1)",S McCarty (4)
Office of George Nassif MD,1225209075,Tier 1,Coty,C-A06,4,4,0,0,0,0,0,0,0,2,2,0,2026-03-06,2026-06-15,1,0,0,"Nassif MD, George Helmy (4)",J Maslak MD (3); M Salar MD (1)
Oakland Family Practice,13ba57d5-6bc6-4d44-8d40-efd8e7131d2e,Tier 1,Kristen,K-A13,29,3,10,10,2,4,0,0,0,1,2,0,2026-01-07,2026-09-16,9,0,0,"Hirsch DO, Ronald (9); Hoffman MSW, Keith (6); Kranz DO, Zachary (4); Hetzner DNP, Rachel (4); Millman FNP-C, Michelle (2); Hirch DO,  Ronald (Howard Dubin) (1); +3 more",K Bohm MD (10); D Mendelson MD (4); J Yacisen MD (3); A Oddo DO (2)
OAK STREET HEALTH CHERRY HILL,0cc06713-910b-4b74-ba14-7cd3d76b3c62,Tier 1,Jasmine,J-A07,27,3,17,2,1,3,0,1,0,2,1,0,2026-01-05,2026-09-21,7,0,0,"Vasquez MD, Peter (12); Larcher NP, Nadine (6); Morrell MD, Gaybriel (4); Larcher, Nadine (2); Oakstreet Health - Cherry Hill (1); Abbas NP, Leila (1); +1 more",P Bhullar MD (5); D Mendelson MD (5); A Oddo DO (3); J Mendelson MD (3)
Pryde Athletics and Physical Therapy,70091951-e0bd-42eb-9eb7-c5be5ce88649,Tier 1,Kristen,K-A27,12,3,9,0,0,0,0,0,0,0,1,2,2026-02-03,2026-09-22,12,3,0,"Ivan Ankwatsa-Pryde Athletics (1); Martenka DPT, Joe Pryde Athletics (1); Ivan Ankwatsa - Pryde Athletics (1); Pickworth DPT, Amanda - Pryde Athletics (1); Devon van Rensburg, DPT - Pryde Athletics  NPI 1912503830  BEING ADDED (1); Ivan Ankwatsa- Pryde Athletics (1); +6 more",B Mayo MD (6); S McCarty (3); S Mendelson MD (2); P Bhullar MD (1)
Maan Askar MD - 13 Mile,8bdecedc-33cd-4229-8467-d684f3b6242d,Prospect,Coty,C-A11,12,3,6,1,0,2,0,0,0,1,2,0,2026-01-29,2026-08-17,2,0,2,"Askar MD, Maan A (11); Askar, Maan A (1)",M Salar MD (2); D Mendelson MD (2); J Yacisen MD (2); A Oddo DO (1)
NORLIVO INTERNAL MEDICINE,74262c96-dd4b-4b92-acd7-c43ebba4c04f,Tier 1,Jasmine,J-A05,11,3,4,4,0,0,0,0,0,1,2,0,2026-02-24,2026-07-31,2,0,0,"Sturla MD, Amadeo R (9); Sturla MD, Amadeo (2)",K Bohm MD (4); B Mayo MD (2); S McCarty (2); A Mendelson MD (1)
Premier Medicine Medical Center - Livonia,13842362-6701-47f3-95cc-140ea17bd264,Tier 1,Jasmine,J-A05,10,3,6,0,0,1,0,0,2,2,1,0,2026-01-13,2026-08-12,6,0,0,"Suliman MD, Nabil (5); Fukala NP, Monica (1); Premier Medical - Livonia (1); Jones, Lisa (1); Fukala, Monica (1); Chowdhury MD, Somnath (1)",P Bhullar MD (2); M Salar MD (2); S McCarty (1); B Mayo MD (1)
CANTON FAMILY HEALTH LLC,3acfe2ff-d550-4785-99aa-a1ea91ef7da4,Tier 1,Jasmine,J-A08,9,3,3,1,0,2,0,0,1,0,2,1,2026-02-27,2026-08-17,2,0,0,"Ajami DO, Samih Mike (7); Yeihey MD, Shadia (2)",P Bhullar MD (2); J Maslak MD (1); K Lee MD (1); J Varghese MD (1)
Forum Medical Clinic,8dd680b0-5504-40bd-8956-3ce07e763aef,Tier 1,Coty,C-A05,6,3,2,1,0,0,0,0,0,1,0,2,2026-01-19,2026-09-23,4,0,0,"Marsheh MD, Nicolas Atif (3); Marsheh MD , Nikolas (1); Asmar MD, Sami (1); Marsheh, Nicolas (1)",S McCarty (2); J Maslak MD (1); B Mayo MD (1); J Yacisen MD (1)
Lifetime Family Care,b70053c3-f0fd-41de-9386-95fcc448a738,Tier 1,Kristen,K-A23,6,3,1,0,0,2,0,0,1,3,0,0,2026-01-07,2026-08-11,3,0,0,"Balysh DO, Erica N (2); Balysh DO, Erica (2); Orrin DO, Colin David (2)",M Salar MD (2); J Maslak MD (1); B Mayo MD (1); H Singh MD (1)
"FAMILY CARE CENTER OF HAMTRAMCK, PC",f4a7f5a0-d8e0-49ff-874a-04f12057fc5f,Tier 1,Kristen,K-A23,6,3,3,0,0,0,0,0,2,0,2,1,2026-03-20,2026-08-12,2,0,0,"Sharma MD, Bhupesh (4); Sharma MD, Meenakshi (2)",J Mendelson MD (2); B Mayo MD (1); J Varghese MD (1)
Safir Law,797c97ec-e6b4-42b3-920e-e16a6364e0c9,Tier 1,Kristen,Phone cadence,5,3,1,1,0,0,0,0,5,2,0,1,2026-02-26,2026-09-18,2,0,0,Safir Law (3); Joel Safir (2),M Salar MD [after telehealth] (1); K Bohm MD [after telehealth] (1)
Hermann Banks MD PC,31597599-5a74-4f7a-8cb0-0ebbb4b41303,Tier 1,Kristen,K-A28,3,3,0,0,0,0,0,0,0,1,2,0,2026-03-04,2026-06-29,2,0,0,"Banks, Hermann Darwin (2); Banks MD, Hermann (1)",M Salar MD (2); J Varghese MD (1)
City Medical - Madison Heights,63cd155b-cebc-4ccb-ae48-e9fd30422380,Prospect,Jasmine,J-A03,3,3,0,0,0,0,0,0,0,0,1,2,2026-04-07,2026-08-05,2,0,0,"Effinger NP, Anita (2); Pinson DO, Thomas M (1)",S McCarty (1); J Maslak MD (1); J Varghese MD (1)
Frank Lanzilote DO-Family Practice,1d143d90-6122-41e7-ae14-c14d4e4317b4,Tier 1,Jasmine,J-A04,33,2,22,5,1,3,0,0,1,2,0,0,2026-01-02,2026-09-24,1,0,0,"Kodali MD, Pooja (33)",P Bhullar MD (10); K Bohm MD (5); B Mayo MD (4); S Mendelson MD (3)
Dedicated senior Medical Center Detroit North,85d28577-5be8-4372-8c7e-9a349c62e50d,Tier 1,Jasmine,J-A02,20,2,2,2,1,12,0,1,0,0,1,1,2026-01-30,2026-09-21,3,0,0,"Gomez MD, Eliezer (11); Badreddine MD, Hamzah (5); Molteni, Sandra L (4)",K Lee MD (8); B Kassa DO (4); K Bohm MD (2); S McCarty (2)
Macomb Medical Clinic,1992782320,Tier 1,Coty,C-A10,15,2,12,0,1,0,0,0,1,0,1,1,2026-01-07,2026-08-18,6,0,0,"Kurjakovic PA-C, Amar (8); Rosenberg DO, Mark S (2); MONTICCIOLO PA C, JILLIAN (2); TOBIA PA, BROOKE (1); GIANCOLA PA, DAVID (1); Macomb Medical Clinic (1)",J Yacisen MD (3); D Mendelson MD (2); J Mendelson MD (2); B Mayo MD (2)
Pulmonary & Medical Associates,dda630a5-9d61-49cd-bec6-61084e47ddb9,Tier 1,Kristen,K-A19,15,2,9,1,3,0,0,0,0,1,1,0,2026-01-19,2026-09-03,3,0,0,"Pearson DO, Shanna (13); Pearson MD, Shanna (1); OGBOH DO, DONOVAN (1)",D Mendelson MD (5); S McCarty (2); J B Klein DPM (2); J Yacisen MD (2)
Mitchell Medical Center,3a600778-0104-4e04-b9d4-feb46e567bd7,Tier 1,Kristen,K-A03,14,2,8,0,0,3,1,0,0,1,1,0,2026-01-21,2026-08-06,3,0,0,"BLACKWELL PA, KATHERINE (9); Sabbagh, David (4); Sabbagh MD, David (1)",J Yacisen MD (8); B Kassa DO (3); A Munk MD (2); H Foster PA (1)
MNP,40477f1c-8f50-4f86-8e7e-a5431b7f2fe6,Tier 1,Kristen,K-A06,13,2,11,0,0,0,0,0,0,0,2,0,2026-01-27,2026-08-07,2,0,0,"Shropshire NP, Kasheena (12); Shropshire, Kasheena (1)",J Yacisen MD (4); D Mendelson MD (4); J Mendelson MD (2); J Varghese MD (2)
Faith Internal Medicine & Urgent Care,677326d2-4ba2-4a49-a6f1-e7633a9a8401,Tier 1,Coty,C-A14,13,2,7,2,2,0,0,0,0,0,2,0,2026-01-22,2026-09-02,3,0,0,"Jacob MbChB, Laith J (11); Jacob MD, Laith (1); Faith Medical and UC (1)",B Mayo MD (4); K Bohm MD (2); P Bhullar MD (2); D Mendelson MD (1)
Michigan Compassionate Care,33d0c0aa-7d47-450d-9673-71acb651321c,Tier 1,Kristen,K-A17,9,2,5,1,1,0,0,0,0,2,0,0,2026-01-14,2026-05-11,2,0,0,"Vasiq MD, Muhammad (7); Michigan Compassionate Care (2)",J Yacisen MD (3); A Munk MD (2); B Mayo MD (2); K Bohm MD (1)
Oak Street Health - Eastgate,23fb6135-419b-4880-ae64-4a97e9244f37,Tier 1,Coty,C-A11,8,2,5,0,0,1,0,0,0,0,2,0,2026-02-25,2026-09-09,4,0,0,"Ferraiuolo NP, Diana F (4); SUEDE NP, KRISTINA (2); Stefansi NP,  Diana (1); STEFANSKI NP, DIANA (1)",D Mendelson MD (3); A Munk MD (2); S Mendelson MD (1); A Oddo DO (1)
Livonia Family Medical Center,68ceff67-99ac-4ef7-a162-918f93bbdf38,Tier 1,Jasmine,J-A07,8,2,5,0,1,0,0,0,0,0,1,1,2026-01-07,2026-08-17,2,0,0,"Burry DO, Michael (5); Tobin DO, Keith M (3)",P Bhullar MD (2); S McCarty (2); D Mendelson MD (2); J B Klein DPM (1)
Village Medical - Livonia,e3d707da-675d-4d7c-9356-2f53ec4d8a2e,Tier 1,Kristen,K-A24,7,2,3,1,0,1,0,0,0,2,0,0,2026-02-04,2026-06-26,6,0,0,"Rosenfeld DO, Sherri (2); Village Medical Livonia (1); Erickson DO, Martin (1); Van Oast PA, Joann (1); Jackson DO, Paul (1); Village Medical (1)",J Mendelson MD (2); M Salar MD (1); S McCarty (1); K Bohm MD (1)
Vanstone Injury Law,5ffbe2ff-83ec-4e24-8d4f-4071334a9c5c,Tier 1,Kristen,Phone cadence,6,2,2,0,0,1,0,1,6,1,1,0,2026-01-09,2026-07-13,2,1,0,Vanstone Law (4); Vanstone (2),
Silver Pine Medical Group - Sterling Heights,cac69af6-f814-4339-a4f4-d8cd7112ec3c,Tier 2,Kristen,K-A06,6,2,3,0,0,1,0,0,0,0,0,2,2026-01-16,2026-09-03,5,0,0,"Hichme MD, Jennifer L (2); Thibault MD, Steven J (1); Kotsonis DO, Steven (1); Raad DO, Michael (1); Tangalos MD, Phillip (1)",J Yacisen MD (1); B Mayo MD (1); B Kassa DO (1); J Varghese MD (1)
Ivy Rehab - Farmington,d1393500-eb13-4514-9e0b-427f872ffa8b,Tier 1,Kristen,K-A22,6,2,2,0,2,0,0,0,0,0,1,1,2026-05-05,2026-09-08,1,0,0,"Aliseo DPT, Andrea (6)",S McCarty (3); B Mayo MD (2); P Bhullar MD (1)
MedPro Primary Care,eebb725b-b031-43b9-a3d7-bfa83d77bc18,Tier 1,Kristen,K-A21,6,2,3,1,0,0,0,0,0,2,0,0,2026-02-11,2026-07-17,4,1,0,"Weber PA, Jaclyn (3); Demarce NP, Samantha (1); Med Pro Urgent  Care Madison Heights (1); Kapadia MD, Daniel (1)",J Mendelson MD (1); S McCarty (1); J Varghese MD (1); B Mayo MD (1)
Corewell Health Wayne Hospital Family Medicine -  Canton,1022591b-a2f2-47ed-a718-e764042f930d,Tier 1,Jasmine,J-A09,5,2,0,2,1,0,0,0,0,1,0,1,2026-03-18,2026-08-31,5,0,0,"Raza MD, Mushahid (1); Choucair DO, Iman (1); Raza, Mushahid (1); Weide MD, Lori (1); Grucz MD, Douglas (1)","K Bohm MD (3); J Maslak MD (1); K Sorensen, DPM (1)"
The Family Doctor,23a703a6-5bde-4887-845c-b78a61128817,Tier 1,Coty,C-A06,5,2,2,0,1,0,0,0,0,0,2,0,2026-04-14,2026-08-31,2,0,0,"Mckenzie MD, Keith (3); Pop MD, Claudia (2)",S McCarty (1); D Mendelson MD (1); M Salar MD (1); J Yacisen MD (1)
"Trinity Health IHA Medical Group, Primary Care - Southeast Livonia",6b70f9d5-4063-4208-85f4-1d780fabaacc,Tier 1,Jasmine,J-A07,5,2,2,1,0,0,0,0,1,1,1,0,2026-02-20,2026-08-06,4,0,0,"MARCUCCI MD, RACHEL B (2); Cooper DO, Candace (1); Walton Doyle MD, Erin (1); Hines Fenderson MD, Shyran Jelene (1)",K Bohm MD (1); J Varghese MD (1); B Mayo MD (1); A Mendelson MD (1)
Village Medical Farmington,8a6ae159-0242-4272-b933-bd11fc117733,Tier 1,Kristen,K-A22,5,2,2,0,0,1,0,0,0,2,0,0,2026-01-22,2026-05-21,4,0,0,"Sabb MD, Sandra (2); Maffetone MD, Dominic (1); Stern DO, Sheldon (1); Stern DO, Sheldon L (1)",D Mendelson MD (2); S McCarty (2); K Lee MD (1)
Ryan Medical Associates,c88f05f1-5992-43b0-947c-469a44a0feef,Tier 1,Kristen,K-A23,5,2,2,0,1,0,0,0,0,1,1,0,2026-01-12,2026-09-01,3,0,0,"Kraft DO, Jeffrey A (2); Agrest DO, Kevin A (2); England NP, Christine (1)","J Varghese MD (2); S Mendelson MD (1); J Mendelson MD (1); R Leff, DPM (1)"
Powers Family Medicine,00-761-7874,Tier 1,Kristen,K-A22,4,2,1,1,0,0,0,0,0,0,2,0,2026-03-24,2026-09-16,2,0,0,"Shefferly PA-C, Sommer (3); POWERS DO, WILLIAM JOHN (1)",M Salar MD (2); K Bohm MD (1); P Bhullar MD (1)
Swetech Medical Center,1255427209,Tier 1,Kristen,K-A08,4,2,0,0,0,2,0,0,1,1,0,1,2026-02-09,2026-07-22,2,0,0,"Swetech DO, Jonathan (3); SWETECH MD, MARIA (1)",J Varghese MD (2); A Oddo DO (1)
Bully Family Physicians,1841257029,Tier 2,Kristen,K-A18,4,2,1,0,0,1,0,0,0,0,0,2,2026-03-12,2026-08-19,1,0,0,"Bully MD, Tammie (4)",S McCarty (2); B Mayo MD (1); K Lee MD (1)
Christensen Law,1ddf5ef9-8562-4164-9faa-60a49c6aa066,Tier 1,Kristen,Phone cadence,4,2,2,0,0,0,0,0,4,0,1,1,2026-04-02,2026-09-09,1,0,0,Christensen Law (4),J Varghese MD [after telehealth] (1)
Get Well Urgent Care Madison Heights,346a1335-a97f-4a1a-9847-77f9e71383c3,Tier 1,Kristen,K-A21,4,2,2,0,0,0,0,0,0,1,1,0,2026-02-04,2026-08-20,3,0,0,Get Well Urgent Care - Madison Heights (2); Getwell Urgent Care- Madison Heights (1); Get Well Urgent Care Madison Heights (1),A Munk MD (2); D Mendelson MD (1); J Mendelson MD (1)
"TENNY INTERNAL MEDICINE, PLLC",3effe9bc-8576-4eee-ba7e-9bf99eb7d1fa,Tier 1,Jasmine,J-A10,4,2,0,2,0,0,0,0,0,0,2,0,2026-04-21,2026-05-20,3,0,0,"Marcarian MD, Gregory (2); Marcarian MD, Matthew (1); Levy FNP-BC, Michelle (1)",K Bohm MD (2); S McCarty (1); J Maslak MD (1)
Metro Medical Practice,60-080-4525,Tier 1,Kristen,K-A13,4,2,2,0,0,0,0,0,0,2,0,0,2026-01-20,2026-03-26,2,0,0,"Nerga MD, Alicja Bernarda (3); Trotska NP C Oksana (1)",M Salar MD (2); B Mayo MD (1); J Mendelson MD (1)
Schoenherr Parkway Family Practice,62e680e9-a222-400d-9186-a369d13cf23f,Tier 1,Kristen,K-A12,4,2,2,0,0,0,0,0,0,1,0,1,2026-02-02,2026-09-15,2,0,0,"Khater MD, Mona (3); Cichowlas DO, Michael (1)",S Mendelson MD (1); M Salar MD (1); D Mendelson MD (1); S McCarty (1)
"AGHA INTERNAL MEDICINE AND ASSOCIATES, PC",85fd21cb-8cbc-4ead-9b3d-0cdbecdf7638,Tier 1,Kristen,K-A24,4,2,2,0,0,0,0,0,0,1,0,1,2026-01-22,2026-08-26,1,0,0,"Agha MD, Hooman (4)",D Mendelson MD (1); S McCarty (1); P Bhullar MD (1); M Salar MD (1)
Carson Center Specialty,fe708f7e-ac39-4cb4-91fb-ef244909b360,Tier 1,Kristen,K-A18,4,2,2,0,0,0,0,0,0,2,0,0,2026-01-12,2026-09-03,1,0,0,"Soskina MD, Yeva (4)",J Maslak MD (2); P Bhullar MD (1); S Mendelson MD (1)
Tri-County Medical Clinic,1386634749,Tier 1,Kristen,K-A11,3,2,0,1,0,0,0,0,0,1,0,1,2026-01-19,2026-09-21,3,0,0,"Wolok Do, Kenneth J (1); Deitch DO, Jeffrey S (1); Deitch DO, Jeffrey (1)",J Maslak MD (1); K Bohm MD (1); S McCarty (1)
Brigid Healthcare,63bf16ad-3645-45fb-8f1d-e1eb3a131efc,Tier 1,Kristen,K-A10,3,2,1,0,0,0,0,0,1,1,1,0,2026-01-22,2026-04-17,1,0,0,"Wang PA, Hui (3)",S Mendelson MD (1); M Salar MD (1)
Hoover Primary Care Medical Group,d2472b07-69ea-403b-b954-d5d8227b1364,Tier 1,Kristen,K-A17,3,2,1,0,0,0,0,0,0,0,0,2,2026-07-22,2026-08-25,1,0,0,"SALEM MD, FARAH (3)",M Salar MD (2); D Mendelson MD (1)
NextGen Vitality,de4283ce-62ba-4417-9008-a03e8d75671f,Prospect,Kristen,K-A18,3,2,1,0,0,0,0,0,1,0,1,1,2026-01-16,2026-08-28,2,0,0,"KRISHNAMOORTHY, MADHUMITHA (2); KRISHNAMOORTHY MD, MADHUMITHA (1)",S McCarty (2)
Sterling Medical Center & Urgent Care,f30f611c-772a-406a-9d92-231790b785c2,Tier 2,Kristen,K-A12,3,2,1,0,0,0,0,0,0,0,0,2,2026-04-20,2026-09-22,3,0,0,"Bazzy, Mohammed Nader (1); Saad MD, Abdul Hassan (1); Bazzy NP, Mohammed (1)",B Mayo MD (1); M Salar MD (1); A Munk MD (1)
Chronic Pain Institute,11ed7e07-a278-4fda-90ea-e3baede80121,Tier 1,Coty,C-A06,2,2,0,0,0,0,0,0,0,0,2,0,2026-06-23,2026-06-30,1,0,0,"Deogun MD, Kuldip S (2)",J Varghese MD (2)
Professional Village Medical Center,1427031756,Tier 1,Kristen,K-A06,2,2,0,0,0,0,0,0,0,0,0,2,2026-07-29,2026-08-17,2,0,0,"Shepherd DO, Steven (1); Diponio Jr DO, Frank A (1)",J Varghese MD (1); S McCarty (1)
Grand River Medical Associates,218209bd-0e83-4585-b5e7-1455814e77b1,Tier 1,Jasmine,J-A01,2,2,0,0,0,0,0,0,0,0,2,0,2026-06-23,2026-06-30,1,0,0,"Taweel DO, Jamie G (2)",S McCarty (2)
"COMMERCE PRIMARY CARE, PC",512973f9-6ce5-4941-bf0e-dbc021ae2dc0,Tier 1,Kristen,K-A09,2,2,0,0,0,0,0,0,0,0,0,2,2026-08-11,2026-09-04,2,0,0,"Frantz NP, Sydne (1); Jain MD, Alka (1)",S McCarty (2)
MEDPRO PRIMARY CARE - Waltz Rd,5ba2b7d1-0a31-458d-95a0-4ba47f0574a0,Tier 1,Coty,C-A16,2,2,0,0,0,0,0,0,0,1,1,0,2026-01-06,2026-05-18,1,0,0,"Finazzo PA-C, Ashleigh (2)",J Varghese MD (1); M Salar MD (1)
"FARMINGTON HILLS  FAMILY PHYSICIANS, PLLC",cc6d8767-1fad-4a5b-b658-38a67ea47a1c,Tier 1,Kristen,K-A16,2,2,0,0,0,0,0,0,0,2,0,0,2026-01-05,2026-02-24,2,0,0,"Ahmad, Mutahhar (1); Ahmad MD, Mutahhar (1)",M Salar MD (1); J Varghese MD (1)
Yale Community Heath Center - VA Clinic,ef22f4d0-c253-4bff-8a60-2a5eaa3168df,Tier 1,Kristen,K-A01,26,1,25,0,0,0,0,0,0,0,1,0,2026-01-08,2026-09-11,8,1,0,"Mariutza NP, Melissa (5); Parslow PA, Michael (5); Richards PA-C, Carolyn (5); Brosius NP, Laura (4); Yale VA (4); Deters PA, Tara (1); +2 more",J Yacisen MD (25); M Salar MD (1)
Brentwood Pediatric Associates,9dfbaa38-07b2-4017-9d71-ff4cd2ce42f7,Tier 1,Kristen,K-A24,18,1,7,8,2,0,0,0,0,1,0,0,2026-02-25,2026-09-23,4,0,0,"Godbole MD, Ajey V (13); Kobeissi PA, Lamis (2); Bazzy DO, Hassan (2); Brentwood Pediatrics (1)",K Bohm MD (8); B Mayo MD (3); J B Klein DPM (2); P Bhullar MD (1)
Port Huron Medicine Associates,1245235654,Tier 1,Kristen,K-A03,10,1,9,0,0,0,0,0,0,1,0,0,2026-01-06,2026-09-03,4,0,0,"Canto MD, Cheryl (7); Maniaci NP, Steohanie (1); Jarad MD, John I (1); Ashley Richardson, PA-C (1)",J Yacisen MD (5); G Jerry MD (4); A Munk MD (1)
Henry Ford Health - Family Medicine 8 Mile Livonia,22476694-35cd-4d2b-b17f-07cee1f1db4b,Tier 1,Kristen,K-A24,10,1,4,4,0,1,0,0,0,0,0,1,2026-02-18,2026-09-23,7,0,0,"WEIN MD, SAMANTHA CHERISE (2); Fitzgibbons MD, Kelly (2); Appiah MD, Jacqueline (2); White MD, William Paul (1); Giannola MD, Joseph V (1); Bernhard MD, Clint (1); +1 more",K Bohm MD (4); J Mendelson MD (2); B Mayo MD (1); A Oddo DO (1)
Macomb Physicians Group,fdefbf3e-907d-4d68-bbd3-2d70f4818b7a,Tier 1,Coty,C-A06,10,1,8,1,0,0,0,0,0,0,1,0,2026-01-09,2026-07-30,6,0,0,"KONERU MD, LALITHA (3); Diora MD, Gordhan (2); Stephen MD, Mark  H (2); Diora, Gordhan (1); Stephen MD, Mark (1); Hudock MD, Steven M (1)",J Mendelson MD (4); B Mayo MD (2); S Mendelson MD (1); J Yacisen MD (1)
Providence Park Pediatrics - Novi,9db7de95-514d-45c7-8a73-449a08d1d590,Tier 1,Kristen,K-A20,8,1,2,3,0,0,2,0,0,1,0,0,2026-01-29,2026-09-25,7,0,0,"GAIND MD, MALA (2); Hoisington MD, Melissa (1); Levy MD, Lili (1); Newcombe MD, Marcia J (1); Kendall MD, Ada (1); Gaind MD, Mala (1); +1 more",K Bohm MD (3); L PA Clinic (2); S McCarty (1); S Mendelson MD (1)
"PILLAY INTERNAL MEDICINE ASSOCIATES, PLLC",f5f4f354-94f3-42a1-a3be-10f8a64cdaae,Tier 1,Kristen,K-A20,8,1,0,0,0,7,0,0,0,0,1,0,2026-02-25,2026-08-19,2,0,0,"Pillay MD, Jeet N (7); Dagher DO, Batoul (1)",K Lee MD (7); J Maslak MD (1)
"FERRIS, MARY C, MEDICAL GROUP",a5a045ce-889d-4018-81f5-3fd8d3d7af6b,Tier 1,Kristen,K-A17,7,1,6,0,0,0,0,0,2,1,0,0,2026-01-26,2026-07-09,1,0,0,"Ferris DO, Mary C (7)",B Mayo MD (2); S Mendelson MD (1); J Mendelson MD (1); J Yacisen MD (1)
Premier Pediatrics Dearborn Heights,bb55a71e-e12b-49be-9449-435cdc38cca4,Tier 1,Kristen,K-A30,7,1,4,2,0,0,0,0,1,0,0,1,2026-01-22,2026-09-25,1,0,0,"HAMAMEH DO,  MAZEN (7)",P Bhullar MD (2); K Bohm MD (2); A Mendelson MD (1); B Mayo MD (1)
"WAYNE MEDICAL CENTER, PLLC",bc73cba3-b59d-4259-8bb7-6129abd353ab,Tier 2,Kristen,K-A28,7,1,3,3,0,0,0,0,0,0,0,1,2026-03-12,2026-08-31,1,0,0,"Liyanage MD, Modini (7)",K Bohm MD (2); D Mendelson MD (1); S Mendelson MD (1); P Bhullar MD (1)
Village Medical - Northville West,1255345930,Tier 1,Kristen,K-A20,6,1,4,0,0,1,0,0,0,0,1,0,2026-01-12,2026-08-24,5,0,0,"Zahoor MD, Sameena (2); Hussein NP,  Alan (1); HUSSEIN, ALAN (1); Demeri MD, Nader (1); HUSSEIN FNPC, ALAN (1)",P Bhullar MD (2); S Mendelson MD (1); M Salar MD (1); H Singh MD (1)
Office of Steven Trombly MD,1407867815,Tier 1,Coty,C-A10,6,1,5,0,0,0,0,0,0,0,1,0,2026-01-07,2026-06-29,1,0,0,"Trombly MD, Steven D (6)",S Mendelson MD (2); D Mendelson MD (1); J Mendelson MD (1); J Varghese MD (1)
Oakland Primary Care,1952660706,Tier 1,Coty,C-A11,6,1,4,0,0,0,0,1,0,0,1,0,2026-01-08,2026-06-15,5,0,0,"Soffa DO, Jason I (2); Ryan Smith DO (1); Rahman MD, Uroob (1); Soffa DO, Jason (1); Soffa, Jason I (1)",J Mendelson MD (2); J Maslak MD (2); S Mendelson MD (1); D Mendelson MD (1)
Henry Ford Primary Care - Orchard Lake Road North,960ab807-be26-45c0-bbf9-135ef0a45ae0,Tier 1,Kristen,K-A22,6,1,3,1,1,0,0,0,1,0,0,1,2026-01-02,2026-08-11,3,0,0,"Alosachie MD, Iyad J (3); Gappy MD, Musib (2); Younan MD, Silvana (1)","B Mayo MD (2); K Bohm MD (1); J Maslak MD (1); R Leff, DPM (1)"
Hamtramck Community Medical Center,a05c84d7-ae44-4f75-a80e-972ce19c5477,Tier 2,Kristen,K-A26,6,1,3,0,0,1,1,0,0,0,0,1,2026-01-19,2026-09-14,1,0,0,"Uddin MD, Redwan (6)",S Mendelson MD (3); B Kassa DO (1); E VandenBosch PA (1); J Maslak MD (1)
Primal Recovery and PT,d7144e2d-aac6-4f68-a775-78db28d6b445,Tier 1,Kristen,K-A28,6,1,5,0,0,0,0,0,0,0,0,1,2026-04-13,2026-07-28,1,0,0,"Nolff DPT, Spencer (6)",B Mayo MD (3); S Mendelson MD (2); J Varghese MD (1)
Legacy Family Medicine,1558340356,Tier 1,Kristen,K-A12,5,1,4,0,0,0,0,0,0,0,0,1,2026-01-09,2026-09-03,1,0,0,"Sayegh DO, Anthony (5)",B Mayo MD (4); M Salar MD (1)
Henry Ford Macomb Internal Medicine,1841213436,Tier 1,Coty,C-A06,5,1,3,1,0,0,0,0,0,1,0,0,2026-01-27,2026-07-22,2,0,0,"Doyle DO, Katherine (4); Bochenek DO, John C (1)",K Bohm MD (1); J Yacisen MD (1); A Munk MD (1); B Mayo MD (1)
GROSSE POINTE PARK INTERNAL MEDICINE CENTER,4182fa5f-6d87-4037-9102-1014f5d60056,Tier 2,Kristen,K-A26,5,1,0,1,0,3,0,0,0,0,1,0,2026-04-08,2026-09-03,2,0,0,"Wendzinski DO, Kellie (4); Francis DO, Michael (1)",B Kassa DO (2); J Varghese MD (1); K Bohm MD (1); A Oddo DO (1)
BEAUMONT FAMILY MEDICINE BELLEVILLE,61a031d7-889d-4b90-8391-8647f4be87ec,Tier 1,Jasmine,J-A11,5,1,3,0,0,1,0,0,1,0,1,0,2026-04-27,2026-05-18,2,0,0,"Yi MD, Chin (4); Szaraz MD, David Julian (1)",B Mayo MD (3); H Singh MD (1)
Cornerstone Garfield Family Practice - Ascension,67778aa6-f0ab-4aac-80f9-0de0c25b2ac8,Tier 2,Coty,C-A06,5,1,0,2,1,1,0,0,0,0,0,1,2026-02-17,2026-09-21,2,0,0,"Gleesing DO, Ryan (3); VENDITTELLI MD, CARLISLE (2)",K Bohm MD (2); B Kassa DO (1); J B Klein DPM (1); J Varghese MD (1)
Freedom Medical Clinic (Trinity),e0d8c74a-31fe-4da6-9aa4-6a2357088b6a,Tier 1,Jasmine,J-A05,5,1,1,1,1,1,0,0,0,0,0,1,2026-02-23,2026-09-01,3,0,0,"Reddy MD, Trishya (3); Bickle DO, Randall A (1); Chakravarty MD, Sudha (1)",K Lee MD (1); K Bohm MD (1); D Mendelson MD (1); J Maslak MD (1)
EPIC Southfield - Telegraph Rd office,e9338159-c4f0-4329-a188-50fd3d8a5ddb,Tier 1,Coty,C-A09,5,1,4,0,0,0,0,0,0,1,0,0,2026-03-26,2026-07-27,2,0,1,"Webster PAC, Shannon (4); Yaldoo PA-C, Mary (1)",D Mendelson MD (2); M Salar MD (1); J Yacisen MD (1); A Mendelson MD (1)
Legend Health - Now One Health,078d2fa6-e81c-41d1-95f2-04234d511192,Tier 1,Kristen,K-A18,4,1,0,1,2,0,0,0,0,0,0,1,2026-02-17,2026-08-05,4,0,0,"Williams, David (1); BRIETZKE, THERESA (1); Williams MD, David (1); Maddox MD, Aaron (1)","F Leff DPM (1); K Bohm MD (1); R Leff, DPM (1); S McCarty (1)"
Eastpointe Family Physicians,1578685921,Tier 1,Jasmine,J-A03,4,1,2,0,0,1,0,0,1,1,0,0,2026-01-29,2026-05-15,2,0,0,"ZINKE FNP BC, ANDREA (3); Pope DO, Haley (1)",J Mendelson MD (1); A Oddo DO (1); J Yacisen MD (1)
Northpointe Pediatrics,31b0544c-cc2c-4479-9df9-b11748ecefc7,Tier 1,Kristen,K-A12,4,1,3,0,0,0,0,0,0,1,0,0,2026-01-20,2026-03-04,3,0,0,"Denysenko DO, Deanna (2); Francis MD, Peter J (1); Engel MD, Allison (1)",J Yacisen MD (2); J Varghese MD (1); P Bhullar MD (1)
Henry Ford Health Medical Center - Seven Mile Road,44019f00-063b-4cdc-83d9-96ee51f8c6e3,Tier 1,Kristen,K-A24,4,1,0,1,0,2,0,0,0,0,1,0,2026-05-05,2026-07-13,2,0,0,"Mehock DO, Courtney (3); Benedix DO, Matthew W (1)",H Singh MD (2); S McCarty (1); K Bohm MD (1)
Trinity IHA Primary Care - Schoolcraft Campus,4b1cacba-85fb-4f63-8660-c3314cf72677,Tier 1,Kristen,K-A24,4,1,3,0,0,0,0,0,0,0,0,1,2026-01-06,2026-08-31,2,0,0,"Klink DO, Michelle (2); Shih DO, Jenny (2)",S Mendelson MD (2); D Mendelson MD (1); S McCarty (1)
Henry Ford Warren Family Physicians,6771a475-3022-40fd-9db9-b8e0291f7082,Tier 1,Kristen,K-A12,4,1,1,1,0,1,0,0,0,1,0,0,2026-01-20,2026-05-08,3,0,0,"Panozzo DO, Kristen (2); Rizk MD, Nabil (1); Colvin MD, Randall (1)",K Bohm MD (1); B Kassa DO (1); S McCarty (1); J Yacisen MD (1)
Epic Primary Care - Ferndale,8d70ed21-9cc0-4e04-a934-e01ab1155823,Tier 1,Coty,C-A12,4,1,3,0,0,0,0,0,0,0,1,0,2026-02-20,2026-05-05,2,0,0,"Naman MD, Greg S (3); Tam DO, Susan (1)",J Yacisen MD (2); S McCarty (1); P Bhullar MD (1)
A1 Family Medicine,b1a9167c-0bb6-47bd-b50a-ff18a973875f,Tier 1,Jasmine,J-A09,4,1,3,0,0,0,0,0,0,0,1,0,2026-02-03,2026-09-14,1,0,0,"Dharia MD, Purvi (4)",S Mendelson MD (1); S McCarty (1); P Bhullar MD (1); B Mayo MD (1)
"MARY LEE, MD, PC",d62a30ae-10fe-4408-a2cc-7b0aa9422bb8,Tier 1,Kristen,K-A14,4,1,0,0,0,3,0,0,0,0,1,0,2026-01-28,2026-08-11,1,0,0,"Lee MD, Mary S (4)",A Oddo DO (2); K Lee MD (1); S McCarty (1)
Corewell Health-East,04ad9387-b1fe-45cd-bd14-73188de8e04a,Tier 1,Kristen,K-A13,3,1,1,1,0,0,0,0,0,1,0,0,2026-02-25,2026-08-07,2,0,0,"QIN MD, PU (2); Qin MD, Pu (1)",J Varghese MD (1); D Mendelson MD (1); K Bohm MD (1)
Cornerstone Internal Medicine,1124006333,Tier 1,Coty,C-A06,3,1,1,1,0,0,0,0,0,1,0,0,2026-03-18,2026-09-08,2,0,0,"DALALY MD, FERAH  ADIL (2); Vitale MD, Massimiliano (1)",A Munk MD (1); J Yacisen MD (1); K Bohm MD (1)
Grace Medical of Troy,1639490493,Tier 1,Kristen,K-A10,3,1,1,1,0,0,0,0,0,0,0,1,2026-08-18,2026-09-15,1,0,0,"Mansour Amir Habib MD, Nancy (3)",K Bohm MD (1); M Salar MD (1); B Mayo MD (1)
Berkley Urgent Care,1774d7c7-2d8b-42c6-9dac-78c2a9cf3ed8,Tier 1,Kristen,K-A15,3,1,0,1,1,0,0,0,0,0,1,0,2026-04-23,2026-08-31,1,0,0,Berkley Urgent Care (3),"S McCarty (1); K Sorensen, DPM (1); K Bohm MD (1)"
Millenium Associated Physicians - 130A,1972588259,Tier 2,Kristen,K-A16,3,1,1,1,0,0,0,0,0,0,0,1,2026-04-10,2026-07-30,3,0,0,"Wolok MD, Ryan Scott (1); Feldman MD, Barry (1); Provizer DO, Jeffrey (1)",K Bohm MD (1); S Mendelson MD (1); S McCarty (1)
Urgent Care Family,235de96a-2ae5-47a2-bf9a-8379e846684a,Tier 1,Coty,C-A10,3,1,1,0,1,0,0,0,0,0,0,1,2026-06-23,2026-09-09,2,0,0,"Potrous MD, Laith (2); Mansour MD, Lena (1)","B Mayo MD (1); J Varghese MD (1); K Sorensen, DPM (1)"
Ross Gilders Law,26a4f321-2be3-4d5d-8cf6-335d1fd38f12,Tier 1,Kristen,Phone cadence,3,1,2,0,0,0,0,0,2,0,1,0,2026-01-12,2026-05-29,2,0,0,Ross Gilders (2); Ross Gilders Law (1),S Mendelson MD (1)
Plymouth PT,2c60eae5-2763-4890-8b2c-79d3e64f8375,Tier 2,Kristen,K-A29,3,1,2,0,0,0,0,0,0,0,0,1,2026-04-03,2026-08-04,3,0,0,"Siribian PT, Jeff (1); Sirabian PT, Jeffrey (1); Pymouth PT - Plymouth location (1)",B Mayo MD (2); J Maslak MD (1)
Henry Ford St. John Center for Wellness,5e640eee-6b5a-442a-8222-bd81d0a228ec,Tier 1,Coty,C-A11,3,1,1,0,1,0,0,0,0,0,1,0,2026-05-15,2026-05-18,1,0,0,"RAYES DO, LYDIA JOY (3)",J B Klein DPM (1); J Maslak MD (1); S Mendelson MD (1)
Sam Bernstein Law,763b439e-f902-4c9a-b7a7-345cf16d00e0,Tier 1,Kristen,Phone cadence,3,1,1,0,0,0,0,1,3,0,0,1,2026-03-27,2026-07-22,1,0,0,Sam Bernstein (3),J Varghese MD [after telehealth] (1)
Corewell Internal Medicine - Family Practice DEARBORN HEIGHTS,88431ac1-44b1-4daf-a322-1fb70f0223f1,Tier 1,Kristen,K-A28,3,1,1,1,0,0,0,0,0,0,0,1,2026-08-03,2026-08-11,3,0,0,"Edge DO, Judith M (1); Alhashidi MD, Jamilah J (1); Turfe DO, Mohammad (1)",A Mendelson MD (1); K Bohm MD (1); S McCarty (1)
Get Well Urgent Care - Warren,8ae19fc3-b1ab-4f35-ab71-b73d93833918,Tier 2,Kristen,K-A23,3,1,1,1,0,0,0,0,1,0,1,0,2026-05-01,2026-09-08,1,0,0,Get Well Urgent Care Warren (3),J Yacisen MD (1); K Bohm MD (1)
Michigan family wellness,99d4fe31-7800-4760-b438-523fa51d9e6b,Tier 1,Jasmine,J-A09,3,1,1,1,0,0,0,0,1,0,1,0,2026-04-01,2026-09-01,2,0,0,"Schaeffer MD, Michael (2); Costello MD, Marissa (1)",J Maslak MD (1); S Mendelson MD (1)
"DEARBORN FAMILY CLINIC, PC",a7a3d5c1-7a49-46bc-b9ad-08cbe9188e80,Tier 1,Jasmine,J-A10,3,1,1,0,1,0,0,0,0,1,0,0,2026-01-05,2026-04-15,2,0,0,"Wright DO, Howard (2); Harris MD, Angela (1)","R Leff, DPM (1); M Salar MD (1); J Mendelson MD (1)"
Prism Medical Group - Family Medicine Ste 240,b95fc8ff-585a-4d2e-9aae-c2ea0fd1b50c,Tier 1,Coty,C-A04,3,1,0,1,1,0,0,0,0,0,0,1,2026-01-21,2026-08-31,3,0,0,"Ortwine MD, Kelly Z (1); Geevarghese MD, Roby J (1); Geevarghese MD, Roby (1)","K Green, DPM (1); K Bohm MD (1); S Mendelson MD (1)"
Plymouth physical therapy services,cd5ff85f-ef03-49bb-bf33-ee98e3b500ec,Tier 1,Jasmine,J-A07,3,1,2,0,0,0,0,0,0,0,1,0,2026-06-10,2026-09-18,3,0,0,"Lefere PT, Nicholas (1); AMAND JAMES PTA (1); James PTA, Amanda (1)",M Salar MD (1); P Bhullar MD (1); B Mayo MD (1)
Henry Ford Orthopedics & Sports Medicine - Chesterfield,0200933e-44d0-4869-8ddd-cd02b601b866,Tier 3,Kristen,K-A04,2,1,0,0,0,1,0,0,0,0,0,1,2026-04-02,2026-08-18,1,0,0,"Yokhana MD, Sanar (2)",B Kassa DO (1); S McCarty (1)
Yale Family Care,03bf4090-11b2-4f44-94a5-662885cce913,Tier 1,Kristen,K-A01,2,1,1,0,0,0,0,0,0,0,1,0,2026-04-14,2026-06-04,1,0,0,"Doshi MD, Seema K (2)",S McCarty (1); J Yacisen MD (1)
LIVINGSTON PEDIATRICS CENTER,0abe56b9-ecf8-4706-9f08-0290ed41462d,Tier 1,Coty,C-A07,2,1,1,0,0,0,0,0,0,0,0,1,2026-07-30,2026-08-03,1,0,0,"DESAI MD, BIPIN PRATACHANDRA (2)",S McCarty (1); B Mayo MD (1)
Henry Ford Medical Center - East Jefferson,1043384555,Tier 1,Kristen,K-A19,2,1,1,0,0,0,0,0,0,0,1,0,2026-01-09,2026-06-01,1,0,0,"Turk MD, Eshel (2)",B Mayo MD (1); J Maslak MD (1)
Henry Ford Main Internal Medicine - Grosse Pointe,1073593174,Tier 1,Kristen,K-A26,2,1,0,0,0,1,0,0,0,0,1,0,2026-04-21,2026-09-10,2,0,0,"Rozzell MD, Donald M (1); Hertz DO, Ronald (1)",J Varghese MD (1); A Oddo DO (1)
Associates in Family Practice,1205856432,Tier 1,Kristen,K-A06,2,1,0,1,0,0,0,0,0,0,1,0,2026-03-17,2026-04-20,1,0,0,"Oska MD, Fadi (2)",K Bohm MD (1); J Maslak MD (1)
Preferred Medical Group,1356443600,Tier 1,Coty,C-A12,2,1,1,0,0,0,0,0,0,1,0,0,2026-03-24,2026-06-25,2,0,0,"Gillespie DPM, Rachel (1); Ustruck DO, Rachael (1)",M Salar MD (1); J Mendelson MD (1)
Corewell Health Urgent Care,1d0a3fc4-bd55-4b73-b1fa-eb6ad99ce4e0,Tier 2,Kristen,K-A26,2,1,0,1,0,0,0,0,0,0,1,0,2026-03-09,2026-06-19,2,1,1,Corewell Urgent Care - location not defined (1); Corewell Urgent Care (1),K Bohm MD (1); J Varghese MD (1)
Wigod & Falzon,1da57554-aa50-483a-b1a8-060ff843ff7c,Tier 1,Kristen,Phone cadence,2,1,0,0,0,1,0,0,2,0,1,0,2026-06-17,2026-08-12,2,0,0,Wigod and Falzon (1); Wigod & Falzon (1),J Maslak MD [after telehealth] (1)
Lakewood Primary Care,39254718-ba1d-4862-adfb-cd292a8eda27,Tier 1,Kristen,K-A06,2,1,1,0,0,0,0,0,0,0,0,1,2026-08-05,2026-09-17,1,0,0,"Dusevic DO, Tammy (2)",J Varghese MD (1); J Mendelson MD (1)
Health Care Medical Center,522bb9a7-68be-41af-9408-b29b136875e0,Tier 2,Kristen,K-A23,2,1,1,0,0,0,0,0,0,0,1,0,2026-06-03,2026-09-01,1,0,0,"Kohli MD, Vinod (2)",J Yacisen MD (1); B Mayo MD (1)
Corewell Internal Medicine Southfield,5eb6a409-5e7b-430f-a462-af3a919cfc22,Tier 1,Kristen,K-A16,2,1,0,1,0,0,0,0,0,0,1,0,2026-04-21,2026-08-25,2,0,0,"Michel MD, Adrian Laith (1); KARMO MD, DILLON (1)",S McCarty (1); K Bohm MD (1)
Restorative Physical Medicine - Brighton,664225f4-387f-4458-bce4-0fe6ff18f13e,Tier 1,Coty,C-A07,2,1,0,0,1,0,0,0,0,0,0,1,2026-07-23,2026-08-24,2,0,0,"MICHAELS, JENNY (1); Brewer DO, Michelle (1)","R Leff, DPM (1); L Zamorano (1)"
SHEIKH MEDICAL CENTER,7c32d0b4-c83f-4756-924c-9c8c74996a39,Tier 1,Kristen,K-A22,2,1,1,0,0,0,0,0,0,0,1,0,2026-05-21,2026-06-12,2,0,0,"Cameron MD, Mary A (1); Sheikh, Mohammad I (1)",S Mendelson MD (1); S McCarty (1)
Steinberg Law Firm,8f912f3f-f54b-4694-984f-06c26dcbe2a8,Tier 1,Kristen,Phone cadence,2,1,0,0,0,0,0,1,2,1,0,0,2026-02-09,2026-02-13,1,0,0,Eric Steinberg (2),
HENRY FORD MEDICAL CENTER FARMINGTON ROAD INTERNAL MEDICINE,9021dee7-1935-4acc-9d3e-63f9e919459d,Tier 1,Kristen,K-A14,2,1,0,0,1,0,0,0,0,0,1,0,2026-06-02,2026-06-09,2,0,0,"Finn MD, Jeffrey (1); Alsabeh MD, Rashid (1)","J Varghese MD (1); R Leff, DPM (1)"
Team Rehabilitation  - Washington,940f0098-7ee4-47be-9425-5cd4bbc4dd0f,Tier 1,Kristen,K-A04,2,1,1,0,0,0,0,0,1,1,0,0,2026-03-12,2026-03-25,2,0,0,"Genoff DPT, Dave (1); Maasri DPT, Rami (1)",B Mayo MD (1)
"DIAB AND KINNER INTERNAL MEDICINE, PC- use",954353cc-a941-4b77-90f3-f3fb1c62e161,Tier 1,Kristen,K-A12,2,1,1,0,0,0,0,0,0,1,0,0,2026-01-15,2026-08-11,2,0,0,"Kinner DO, Carolann (1); Diab DO, Chaker H (1)",S McCarty (1); J Mendelson MD (1)
Blue Water Urgent Care - Port Huron,97837698-b314-4e35-a9af-a63d6305dc5b,Tier 2,Kristen,K-A02,2,1,1,0,0,0,0,0,0,1,0,0,2026-02-10,2026-03-19,2,0,0,Blue Water Urgent Care (1); Blue Water Urgent Care Port Huron (1),A Munk MD (1); J Yacisen MD (1)
Jefferson Family Practice (Cornerstone),9b2159ca-9617-4ade-8a25-85a92fcca972,Tier 1,Kristen,K-A26,2,1,0,0,1,0,0,0,1,1,0,0,2026-02-12,2026-03-12,1,0,0,"Mulpuri MD, Durga (2)","K Sorensen, DPM (1)"
COREWELL HEALTH  INTERNAL MEDICINE DEARBORN,9d286e7b-6017-417c-8a6b-763fe942c9c2,Tier 1,Jasmine,J-A10,2,1,0,1,0,0,0,0,0,0,1,0,2026-04-29,2026-06-22,2,0,0,"ZOABI MD, SARAH (1); Tom MD, Shirley C (1)",J Varghese MD (1); K Bohm MD (1)
"TONI BALLITCH TRATE, DO, PC",a1394f28-7761-4612-ab27-23681dcadac0,Tier 1,Kristen,K-A20,2,1,0,0,1,0,0,0,0,1,0,0,2026-03-18,2026-07-08,1,0,0,"Trate DO, Toni (2)","M Salar MD (1); R Leff, DPM (1)"
DEIGHTON FAMILY PRACTICE - use this one,a6779fd4-289a-49f7-8602-76dc1bf5764c,Tier 1,Kristen,K-A21,2,1,1,0,0,0,0,0,0,1,0,0,2026-02-16,2026-07-28,2,0,0,"Eichenlaub NP, Jeffrey M (1); Baker PA, Michelle (1)",S McCarty (1); S Mendelson MD (1)
John Mullally MD PC,b257a3dd-4296-4f0d-89f2-7d9f845a231e,Tier 1,Kristen,K-A02,2,1,1,0,0,0,0,0,0,0,1,0,2026-02-04,2026-04-28,1,0,0,"MULLALLY MD, JOHN (2)",G Jerry MD (1); A Munk MD (1)
"WAYNE COMMUNITY HEALTH CENTERS, INC",b89491cd-a8b2-4493-8dba-2e2146e504a0,Tier 1,Kristen,K-A26,2,1,1,0,0,0,0,0,0,0,0,1,2026-08-04,2026-08-06,2,0,0,"Godbold MD, Henri (1); SEIFELDIN MD, RAOUF (1)",S McCarty (1); J Yacisen MD (1)
ORCHARD PRIMARY CARE,ba00dba0-20f9-440b-8df0-799ade91a785,Tier 1,Kristen,K-A22,2,1,1,0,0,0,0,0,1,0,1,0,2026-05-01,2026-05-06,2,0,0,"Pathak MD, Meghna (1); McMall DO, Medeleine Mae (1)",J Mendelson MD (1)
McLaren Oakland Center for Spine & Pain Management,be1474d8-c6ce-4792-bc96-a22bf4ce125d,Tier 1,Coty,C-A02,2,1,0,0,0,1,0,0,1,1,0,0,2026-03-05,2026-06-09,2,0,0,"Khan DO, Ashraf (1); Khan MD, Ashraf (1)",K Lee MD (1)
Park Medical Center (Medicaid),c4cc522a-15ee-4dcb-8312-cc7b7efdf995,Tier 1,Jasmine,J-A03,2,1,1,0,0,0,0,0,0,1,0,0,2026-01-13,2026-01-19,2,0,0,"Brown DO, Richard M (1); Brown, Richard (1)",M Salar MD (1); S Mendelson MD (1)
Rochester Medical Group,c82c9d5d-f644-42a6-8149-43868624eb50,Tier 1,Coty,C-A05,2,1,0,0,1,0,0,0,0,0,1,0,2026-04-30,2026-08-10,2,0,0,"HAWKINS DO, JASON (1); Delewsky DPM, Marie (1)",M Salar MD (1); J B Klein DPM (1)
Trinity IHA Orthopedics - Schoolcraft,e5c5b135-ecad-42bb-bbbc-011dd2c4a225,Tier 1,Jasmine,J-A06,2,1,1,0,0,0,0,0,0,0,0,1,2026-02-02,2026-07-20,2,0,0,"Aalderink, Kristopher J (1); Aalderink MD, Kristopher (1)",S Mendelson MD (1); S McCarty (1)
Masonic Medical Center - Ascension,e73f759b-87dc-444f-a504-b954ddeeace1,Tier 2,Kristen,K-A08,2,1,1,0,0,0,0,0,0,0,0,1,2026-05-15,2026-08-18,2,0,0,"WILSON MD, JEANETTE  ELIZABETH (1); Scofield MD, Barry Joseph (1)",J Yacisen MD (1); S McCarty (1)
DOWN RIVER MEDICAL GROUP,e88886fb-60ef-4d4e-8d44-578baf30fd25,Tier 1,Jasmine,J-A12,2,1,0,1,0,0,0,0,1,0,0,1,2026-07-27,2026-08-31,2,0,0,"Atto MD, Chazwan (1); Alyas MD, Fanar (1)",K Bohm MD [after telehealth] (1); L Zamorano (1)
Lexington Family Medicine,e91e6824-c768-4d8f-a1d0-2c6cb005cc47,Tier 1,Kristen,K-A02,2,1,0,0,0,1,0,0,1,1,0,0,2026-02-10,2026-07-10,2,0,0,"Laming, Christie S (1); Laming, Christie (1)",A Munk MD (1)
ARBOR LANE FAMILY PHYSICIANS,ff61f8fa-5169-42e7-aafe-f189027c5f3a,Tier 1,Kristen,K-A25,2,1,0,1,0,0,0,0,0,1,0,0,2026-01-27,2026-06-26,1,0,0,"Abdo MD, Basil (2)",S McCarty (1); K Bohm MD (1)
Brighton Internal Medicine,02e450b1-82e8-408a-a0a4-fa7af806ed2b,Tier 1,Coty,C-A07,1,1,0,0,0,0,0,0,0,1,0,0,2026-01-06,2026-01-06,1,0,0,"Shahab MD, Syed Masood (1)",M Salar MD (1)
Kashat Urgent care,0b9485b1-39bd-4f21-8222-387834af8472,Tier 1,Kristen,K-A13,1,1,0,0,0,0,0,0,1,0,1,0,2026-06-03,2026-06-03,1,0,0,"Kashat MD, Ghazawan K (1)",
Delta Urgent Care,0d9a0431-68d2-418b-8bc3-e5dcde51a781,Prospect,Kristen,K-A23,1,1,0,0,0,0,0,0,0,0,1,0,2026-06-12,2026-06-12,1,0,0,"Ahmed MD, Motahar (1)",S McCarty (1)
Bay Area Family Physicians,1093985145,Tier 1,Coty,C-A01,1,1,0,0,0,0,0,0,0,0,1,0,2026-06-17,2026-06-17,1,0,0,"Hopman MD, Eileen (1)",J Varghese MD (1)
DMC Orthopedics & Sports Medicine - Warren,1285806067,Tier 1,Coty,C-A10,1,1,0,0,0,0,0,0,0,1,0,0,2026-02-17,2026-02-17,1,0,0,"ANDERSON DO, BRITTA (1)",S McCarty (1)
Michigan Neurology and Spine Center,137ab9e0-c65d-4932-9dc5-f8b83b872e50,Tier 1,Kristen,K-A03,1,1,0,0,0,0,0,0,0,0,1,0,2026-05-12,2026-05-12,1,0,0,"Miller FNP-BC, Carol (1)",A Munk MD (1)
Park Internal Medicine,1402505e-8030-4222-ac59-577fa4458cd9,Prospect,Jasmine,J-A01,1,1,0,0,0,0,0,0,0,1,0,0,2026-03-13,2026-03-13,1,0,0,"Schwarcz DO, Briana (1)",S McCarty (1)
"APOLLO HEALTH SERVICES, PC",1689099f-fc6b-4174-9111-5dce70adbd66,Tier 1,Jasmine,J-A07,1,1,0,0,0,0,0,0,0,1,0,0,2026-03-31,2026-03-31,1,0,0,"Kambhatla MD, Sujata (1)",J Maslak MD (1)
Cornerstone Lakefront Internists,16c0ac85-6d3c-4c74-97b4-385a2a7fac00,Tier 1,Kristen,K-A19,1,1,0,0,0,0,0,0,0,1,0,0,2026-02-10,2026-02-10,1,0,0,"Osowa MD, Benjamin (1)",M Salar MD (1)
Madison Medical Arts,1760473094,Tier 1,Coty,C-A12,1,1,0,0,0,0,0,0,0,0,1,0,2026-06-18,2026-06-18,1,0,0,"Hasbany MD, Robert (1)",S McCarty (1)
Sterling Physicians,1972593499,Tier 1,Kristen,K-A11,1,1,0,0,0,0,0,0,0,0,0,1,2026-07-07,2026-07-07,1,0,0,"Burtka MD, James (1)",S McCarty (1)
McLaren Macomb Neurology,1bbdc392-4094-4dce-8e3e-18e33a01eb19,Tier 1,Coty,C-A08,1,1,0,0,0,0,0,0,0,0,1,0,2026-06-03,2026-06-03,1,0,0,"Steinbrock DO, Alex (1)",J Varghese MD (1)
Gregory Gould DO,1bdbcaac-c199-419d-b5a3-2b7eab4315d3,Tier 1,Coty,C-A03,1,1,0,0,0,0,0,0,0,0,0,1,2026-08-24,2026-08-24,1,0,0,"Gould DO, Gregory (1)",J Maslak MD (1)
CROSSOVER HEALTH - ROYAL OAK,2024c27b-934c-438a-b4a9-9f569f25bfd5,not in spine book,,,1,1,0,0,0,0,0,0,0,0,0,1,2026-08-24,2026-08-24,1,0,0,"Claibroue MD, Deidre (1)",J Maslak MD (1)
Trinity Health IHA Medical Group Primary Care - Canton,25a91d51-ca80-40cd-88ea-8b37beaa2ea8,Tier 1,Jasmine,J-A11,1,1,0,0,0,0,0,0,0,0,0,1,2026-07-06,2026-07-06,1,0,0,"MURRAY MD, YUJING (1)",S McCarty (1)
SOUTHFIELD MEDICAL CLINIC AND PREMIER URGENT CARE AND WALK IN CLINIC,297a710c-01f5-41e0-9ffc-d1df69e9329d,Tier 1,Kristen,K-A15,1,1,0,0,0,0,0,0,1,0,1,0,2026-04-20,2026-04-20,1,0,0,"Mansour MD, Yousif S/Ross Law (1)",
Mercy Family Care Center,3dfcef6a-be30-4421-b9ae-e70c90558ff6,Tier 1,Kristen,K-A13,1,1,0,0,0,0,0,0,0,0,0,1,2026-08-03,2026-08-03,1,0,0,"Al Khouri MD, Raad (1)",J Maslak MD (1)
"APPOLINE MEDICAL CLINIC, PC",41d58a99-837a-4287-a726-afe3cda684c8,Prospect,Jasmine,J-A04,1,1,0,0,0,0,0,0,1,0,0,1,2026-07-13,2026-07-13,1,0,0,"Sawalha MD, Sameer (1)",S McCarty [after telehealth] (1)
Center For Hollistic Medicine,42b038b0-949b-46be-8843-e02868bb894a,Tier 1,Kristen,K-A14,1,1,0,0,0,0,0,0,1,0,1,0,2026-04-27,2026-04-27,1,0,0,"Brownstein DO, Hailey L (1)",
Corwell health orthopedics Canton,48d727c6-d942-4dbb-b457-0839ac8e1b68,Tier 1,Jasmine,J-A09,1,1,0,0,0,0,0,0,0,1,0,0,2026-02-04,2026-02-04,1,0,0,"Odeh MD, Khalid (1)",A Munk MD (1)
Greg Monroe DO PC,4de0cfd4-93f7-4efa-a4ed-25a3ceaf173b,Tier 1,Kristen,K-A29,1,1,0,0,0,0,0,0,0,1,0,0,2026-01-07,2026-01-07,1,0,0,"Monroe DO, Gregory (1)",S McCarty (1)
Giroux and Pappas Law,4f663210-8bbe-456b-8ec9-9ce8a0b3fccd,Tier 2,Kristen,Phone cadence,1,1,0,0,0,0,0,0,1,0,0,1,2026-07-27,2026-07-27,1,0,0,Giroux & Pappas (1),J Varghese MD [after telehealth] (1)
Accurate Care,58ce6981-3668-40d7-a9ea-7f6ba4719e33,Prospect,Kristen,K-A17,1,1,0,0,0,0,0,0,1,1,0,0,2026-02-20,2026-02-20,1,0,0,"Schwartz DO, Allan (1)",
Huron Family Practice Center,60ee8106-1f15-4abf-95a1-c2184761b159,Tier 1,Kristen,K-A03,1,1,0,0,0,0,0,0,1,0,1,0,2026-05-22,2026-05-22,1,0,0,"Whitten PA-C, Autumn A (1)",
Roberts Orthopedic Services,680822f2-58d4-4f67-b09b-01ccd6f95892,Tier 1,Jasmine,J-A02,1,1,0,0,0,0,0,0,0,0,1,0,2026-05-22,2026-05-22,1,0,0,"NZOMA, JONATHAN KYULU (1)",S McCarty (1)
Legacy Family Care,6a6a4408-2a28-4e5b-aea6-b70d4b47d57c,Tier 1,Kristen,K-A22,1,1,0,0,0,0,0,0,0,0,1,0,2026-06-01,2026-06-01,1,0,0,"Koza MD, Heather (1)",M Salar MD (1)
Village Medical - Walled Lake,6c29d59b-0b61-4f52-b7a7-f29818051f07,Tier 1,Jasmine,J-A01,1,1,0,0,0,0,0,0,0,0,0,1,2026-08-07,2026-08-07,1,0,0,"SALIM MD, MADIHA (1)",S McCarty (1)
North Macomb Medical Associates,7250fa4c-09c2-418b-94d4-8badec5b77f7,Tier 1,Coty,C-A01,1,1,0,0,0,0,0,0,0,0,1,0,2026-06-09,2026-06-09,1,0,0,"Weymouth PA-C, Sarah (1)",A Munk MD (1)
THE CORE INSTITUTE NOVI,73e16173-bee1-429e-93a5-997d3d6df3d9,Prospect,Coty,C-A14,1,1,0,0,0,0,0,0,0,0,1,0,2026-04-14,2026-04-14,1,0,0,"Ettefagh MD, Leila (1)",J Maslak MD (1)
Surgeons Choice Medical Center,78bddbf7-ff88-4f56-b733-6277abc112a7,not in spine book,,,1,1,0,0,0,0,0,0,0,0,0,1,2026-08-07,2026-08-07,1,0,1,"Gorski MD, John (1)",S McCarty (1)
Midwest Spine and Sports Group,78fa7ac8-c82d-4393-bd6f-1c2768adb154,not in spine book,,,1,1,0,0,0,0,0,0,0,1,0,0,2026-03-16,2026-03-16,1,0,0,"Rojas, Pierre (1)",S McCarty (1)
Beacon Orthopedics of Michigan - Livonia,7ba5f22d-a044-4e77-9eae-086d15413f50,Tier 1,Coty,C-A14,1,1,0,0,0,0,0,0,0,1,0,0,2026-03-05,2026-03-05,1,0,0,"Salama MD, Joseph (1)",M Salar MD (1)
Corewell Health Family Medicine - Northside,809a3eca-b208-45b0-9625-72c47659e808,Prospect,Jasmine,J-A02,1,1,0,0,0,0,0,0,1,0,1,0,2026-05-14,2026-05-14,1,0,0,"HARRISON MD, GENA (1)",
Jian Zu MD,85043f4d-a0d7-448b-9a3d-e0943de69dd8,Tier 1,Kristen,K-A16,1,1,0,0,0,0,0,0,1,1,0,0,2026-02-02,2026-02-02,1,0,0,"Zu MD, Jian (1)",
Epic Medical Center,8c790bf8-a496-4f6f-9902-402d9161edf4,Tier 1,Jasmine,J-A12,1,1,0,0,0,0,0,0,0,0,1,0,2026-05-08,2026-05-08,1,0,0,"Attalla MD, Yassir (1)",S McCarty (1)
Specialists in Rehabilitation Medicine,8c808cf3-9148-4a0b-8ea0-2d0882a9424e,Tier 1,Coty,C-A03,1,1,0,0,0,0,0,0,0,0,1,0,2026-04-07,2026-04-07,1,0,0,"Arbit MD, Steven (1)",S McCarty (1)
Community First Health Centers - New Haven,8cef9fd7-931c-4e45-bf44-0cac47716f62,Tier 1,Coty,C-A01,1,1,0,0,0,0,0,0,0,0,1,0,2026-06-09,2026-06-09,1,0,0,"Singleton MD, Shelia (1)",S McCarty (1)
IHA UNION LAKE PEDIATRICS,905d0bbb-d935-4258-8a1e-2e30d0a25987,Tier 1,Kristen,K-A09,1,1,0,0,0,0,0,0,0,0,1,0,2026-06-10,2026-06-10,1,0,0,"Palka, Courtney Elyse (1)",S McCarty (1)
ROSE MEDICINE,9c2f2817-fae0-4fb0-b943-376aef6fc719,Tier 1,Kristen,K-A15,1,1,0,0,0,0,0,0,0,1,0,0,2026-01-09,2026-01-09,1,0,0,"Akinyosoye MD, Oluwasayo (1)",A Munk MD (1)
Karma Internists,9e6bf540-edd8-4135-9b33-cef5e4fbcc2c,Tier 1,Jasmine,J-A01,1,1,0,0,0,0,0,0,0,1,0,0,2026-03-26,2026-03-26,1,0,0,"Saini MD, Anvita  B (1)",S McCarty (1)
Barry S Meyer DO PC,a183eb7c-8d61-4470-8154-52f7dbff87b5,Tier 1,Coty,C-A10,1,1,0,0,0,0,0,0,0,0,1,0,2026-05-27,2026-05-27,1,0,0,"Meyer DO, Barry S (1)",S McCarty (1)
Epic Healthcare - Southfield,a6831f2e-4f19-4f2d-bdb5-d732d5c81ce7,Tier 1,Coty,C-A12,1,1,0,0,0,0,0,0,0,1,0,0,2026-01-21,2026-01-21,1,0,0,"Kalabat FNP-BC, Amber S (1)",S McCarty (1)
Premiere Pediatrics,a8abc02a-95b9-4318-b876-60471f8fff0e,Tier 1,Coty,C-A02,1,1,0,0,0,0,0,0,0,0,1,0,2026-06-16,2026-06-16,1,0,0,"Thomas MD, Mark William (1)",S McCarty (1)
HENRY FORD HEALTH,acaff0ce-7a7b-4911-a838-13246bcf618a,Prospect,Jasmine,J-A12,1,1,0,0,0,0,0,0,0,0,0,1,2026-08-31,2026-08-31,1,1,0,"CROSSLEY MD, STEVEN (1)",S McCarty (1)
Core Institute/Henry Ford Motor City Orthopedics & PT- Southfield,b2290856-de23-4322-aabc-b2436529feac,Tier 1,Jasmine,J-A04,1,1,0,0,0,0,0,0,0,0,1,0,2026-05-12,2026-05-12,1,0,0,"Bolz MD, Nick (1)",J Maslak MD (1)
Gammons Medical - Royal Oak,bdc2eebd-fa87-437e-8df7-55d457b675ba,not in spine book,,,1,1,0,0,0,0,0,0,0,0,1,0,2026-05-15,2026-05-15,1,0,0,"Gammons DO, Timothy (1)",A Munk MD (1)
Pain Clinic of Michigan,bdc96513-2e4b-4263-916b-792d4001c0b0,Prospect,Jasmine,J-B01,1,1,0,0,0,0,0,0,0,0,0,1,2026-08-04,2026-08-04,1,0,0,"Peter DO, Jason N (1)",J Varghese MD (1)
Urgent Care of Milford,c87aa383-9bf1-4f78-8810-bcb83fcefb74,Prospect,Coty,C-C05,1,1,0,0,0,0,0,0,0,0,0,1,2026-08-18,2026-08-18,1,0,0,MILFORD URGENT CARE (1),J Maslak MD (1)
Michigan Primary Care - Sterling Heights,ce3b56cf-1381-41d0-b067-752448464958,Tier 1,Kristen,K-A05,1,1,0,0,0,0,0,0,0,0,1,0,2026-05-19,2026-05-19,1,0,0,"Tasevski NP, Aleksandra (1)",J Varghese MD (1)
Chiro-Care of Livonia,d322402c-b030-4d0f-bc0e-3e895e6aefed,Prospect,Jasmine,J-A02,1,1,0,0,0,0,0,0,0,0,1,0,2026-06-16,2026-06-16,1,1,0,Chiro ref - doctor name not asked (1),J Varghese MD (1)
PelHam Primary Care,d4c2e8cb-a4bb-454f-bc5c-8425cff6d293,Tier 1,Jasmine,J-A10,1,1,0,0,0,0,0,0,0,1,0,0,2026-01-13,2026-01-13,1,0,0,"Khader MD, Talal (1)",M Salar MD (1)
Concentra Urgent Care - Sterling Heights,dc6067ed-60f7-4ae5-8b5b-7b8b03095484,Tier 1,Kristen,K-A11,1,1,0,0,0,0,0,0,0,0,0,1,2026-07-30,2026-07-30,1,0,0,Concentra Sterling Heights (1),S McCarty (1)
"TWIN LAKES MEDICAL ASSOCIATES, PC",e7b52c83-5403-4607-98fb-61ffa473ccc4,Tier 1,Kristen,K-A07,1,1,0,0,0,0,0,0,1,0,1,0,2026-06-10,2026-06-10,1,0,0,"Patel MD, Priyesh (1)",
Lupo Chiropractic Center,ea3dd183-15b5-491c-b6b5-55d6404f4a22,Tier 1,Kristen,K-A19,1,1,0,0,0,0,0,0,1,1,0,0,2026-02-12,2026-02-12,1,0,0,"Lupo, Jeffrey (1)",
CoreMed - Commerce,eab7d954-a523-466a-a75b-3eca7bf9c6d0,Tier 1,Kristen,K-A09,1,1,0,0,0,0,0,0,0,1,0,0,2026-03-12,2026-03-12,1,0,0,"Skelton PA-C, Kelsey (1)",S McCarty (1)
Michigan Primary Care & Rheumatology Associates,f55ef1d9-964a-47a5-b453-b675bd1c29f3,not in spine book,,,1,1,0,0,0,0,0,0,0,0,0,1,2026-07-17,2026-07-17,1,0,0,"Spadafore-Barrett PA-C, Ginni (1)",S McCarty (1)
Gratiot Family Medicine,f7eb2b6e-6864-4576-879b-81a2bb775cb1,Tier 1,Coty,C-A13,1,1,0,0,0,0,0,0,0,0,1,0,2026-06-25,2026-06-25,1,0,0,"Darwish, Darwish (1)",M Salar MD (1)
Sudha Nannapaneni MD,f9518cc9-e8e8-4517-8250-4768d176ee8c,Tier 1,Coty,C-A13,1,1,0,0,0,0,0,0,0,1,0,0,2026-01-20,2026-01-20,1,0,0,"Nannapaneni MD, Sudha (1)",J Varghese MD (1)
Premier Private Physicians,fc79eac0-6f20-44c3-84a9-e20d7068fe4e,Tier 1,Coty,C-A09,1,1,0,0,0,0,0,0,0,0,1,0,2026-06-09,2026-06-09,1,0,0,"Peoples MD, Ashleigh (1)",S McCarty (1)
Berry Johnson Health,1134320930,Tier 2,Kristen,K-A18,24,0,1,0,23,0,0,0,0,0,0,0,2026-01-26,2026-09-21,5,0,0,"Berry MD, Neesha R (13); Irby Johnson MD, NiJuanna (8); Irby Johnson, NiJuanna (1); Irby- Johnson MD, NiJuanna (1); Irby Johnson MD, Nijuanna (1)","R Leff, DPM (18); K Sorensen, DPM (3); K Green, DPM (1); P Bhullar MD (1)"
Physician HealthCare Network Urgent Care and Walk In- Fort Gratiot,4c053f65-6667-471a-9d5b-ee08b564d031,Tier 1,Kristen,K-A02,17,0,15,1,0,0,1,0,0,0,0,0,2026-01-08,2026-08-20,5,0,0,"BORGIEL MD, CHRISTOPHER (8); Hill PA-C, Stacie (5); Souphis DO, Daniel C (2); Naqvi MD, Farrukh Zaman (1); Souphis, Daniel C (1)",J Yacisen MD (13); G Jerry MD (2); K Bohm MD (1); H Foster PA (1)
Haller and Hug Internal Medicine,9019b0af-745f-41ea-a4ab-4e72321359d9,Tier 2,Kristen,K-A22,15,0,2,0,12,1,0,0,0,0,0,0,2026-01-29,2026-09-16,3,0,0,"Haller MD, Jeffrey (11); Molnar MD, Heather (3); Haller, Jeffrey (1)","R Leff, DPM (11); D Mendelson MD (2); K Sorensen, DPM (1); H Singh MD (1)"
Patrick Kut MD PC,eca14fb7-48cb-4968-b258-b97a854b34c1,Tier 2,Kristen,K-A03,13,0,13,0,0,0,0,0,0,0,0,0,2026-01-21,2026-09-24,4,0,2,"Kut MD, Patrick (10); Schultz NP, Ashley (1); Schultz, Ashley (1); Kut, Patrick (1)",J Yacisen MD (10); G Jerry MD (3)
"PRAVEEN MODI, MD, PC",63a72095-741a-43fe-b865-a1f6398ee484,Tier 2,Kristen,K-A29,12,0,7,4,0,1,0,0,0,0,0,0,2026-02-18,2026-08-19,2,0,0,"Modi MD, Praveen K (11); Modi, Praveen K (1)",K Bohm MD (4); D Mendelson MD (2); J Mendelson MD (2); B Mayo MD (1)
Corewell Urgent Care - Warren,92cfc6be-2092-454e-81f2-3b21f66f5746,Tier 2,Kristen,K-A17,11,0,6,5,0,0,0,0,0,0,0,0,2026-02-12,2026-09-09,5,0,0,"MILTON PA-C, CHADIUS (7); Corewell Urgent Care Warren East (1); MILTON, CHADIUS (1); MILTON PA, CHADIUS (1); Milton PA,Chad (1)",K Bohm MD (5); S Mendelson MD (2); J Yacisen MD (2); D Mendelson MD (1)
CoreWell Health Family Medicine,f8c5f64c-4cf6-463f-9090-68ac9735f08e,Tier 2,Jasmine,J-A09,11,0,7,1,0,3,0,0,0,0,0,0,2026-04-07,2026-08-17,2,0,0,"Ridella MD, Thomas J (9); Alqurneh DO, Amal (2)",B Mayo MD (3); D Mendelson MD (2); B Kassa DO (1); K Bohm MD (1)
Corewell Health Wayne Hospital Internal Medicine - Canton,1c7828ed-eebc-45ad-a838-28fbb2264e48,Tier 2,Jasmine,J-A09,10,0,2,7,1,0,0,0,1,0,0,0,2026-01-02,2026-09-09,3,0,0,"Go MD, Lily (8); Bandri, Raghunath (1); Go MD, Lilly (1)","K Bohm MD (6); P Bhullar MD (2); K Green, DPM (1)"
Roseville Family Practice,c96dc780-a933-4f9f-aaa3-e1da22d0f35e,Tier 2,Kristen,K-A17,10,0,6,0,2,2,0,0,0,0,0,0,2026-01-15,2026-09-22,4,0,0,"Holowinski MD, Mark (5); Tremblay DO, Jeffrey (3); Tremblay, Jeffrey (1); Hollowinski MD, Mark (1)",J Mendelson MD (3); A Oddo DO (2); S Mendelson MD (2); J B Klein DPM (2)
SUNNY PEDIATRICS AND FAMILY,2f39cd70-3e7f-4323-8222-52b01a24c007,Tier 2,Kristen,K-A29,8,0,7,1,0,0,0,0,0,0,0,0,2026-01-05,2026-07-09,3,0,0,"Syed MD, Sana (5); Raj MD, Navin (2); Raj, Navin (1)",B Mayo MD (3); D Mendelson MD (2); S Mendelson MD (1); A Mendelson MD (1)
Dedicated Senior Medical Center - Warren,95ae3078-f17c-44de-af58-d9fc8e58f4de,Tier 2,Jasmine,J-A04,8,0,6,0,0,2,0,0,0,0,0,0,2026-04-03,2026-09-01,4,0,1,"Khan DO, Afshan (4); Khangura DO, Charanpreet K (2); Mohamed DO, Adbah (1); Atnas MD, Mirette (1)",K Lee MD (2); D Mendelson MD (2); B Mayo MD (1); J Mendelson MD (1)
Michigan Spine Institute,989f0eea-dc08-4445-9a51-ee7663255964,Tier 2,Coty,C-A02,8,0,0,0,0,8,0,0,0,0,0,0,2026-01-19,2026-08-05,5,0,0,"CRUET MD, MIGUELANGELO PEREZ (3); CRUET, MIGUELANGELO PEREZ (2); Perez Cruet MD, Mig (1); Perez -Cruet MD, Miguel (1); Perez- Cruet MD, Miguelangelo (1)",K Lee MD (8)
Internal Medicine Physicians #170,b2c94565-78b1-460d-a80d-4d507a1ddb7d,Tier 2,Kristen,K-A16,8,0,1,0,7,0,0,0,0,0,0,0,2026-01-20,2026-09-01,3,0,0,"Klausner MD, Mitchell (6); Mendelsohn MD, Lawerence (1); Moss MD, Barry M (1)","J B Klein DPM (5); J Mendelson MD (1); R Leff, DPM (1); K Green, DPM (1)"
WEST OAKLAND INTERNISTS,b9dc6f52-5aa2-459e-98a8-79b4da67dc8a,Tier 2,Jasmine,J-A01,8,0,3,0,5,0,0,0,0,0,0,0,2026-01-12,2026-07-22,3,0,0,"Wehbe DO, Nabil (4); Preston MD, Stafford (2); Terrio MD, Bruce (2)","K Sorensen, DPM (5); B Mayo MD (1); A Mendelson MD (1); J Mendelson MD (1)"
Premier Internists - Suite 180,23ff4711-fcf4-4eb3-bd86-aa07b5332791,Tier 2,Kristen,K-A16,7,0,1,0,6,0,0,0,0,0,0,0,2026-02-03,2026-08-28,3,0,0,"Lipson MD, Peter (4); Kizy MD, Michael (2); Ilayan, Samer A (1)","R Leff, DPM (4); S Mendelson MD (1); K Green, DPM (1); K Sorensen, DPM (1)"
Office of Clara Kamath Wood MD,ccad7a72-2fa8-4c91-af14-5995cd5adacf,Tier 2,Kristen,K-A19,7,0,7,0,0,0,0,0,0,0,0,0,2026-04-15,2026-06-24,1,0,0,"Kamath MD, Clara (7)",D Mendelson MD (5); J Yacisen MD (1); P Bhullar MD (1)
Souva PT and Performance,ff1e6dda-d122-4127-b4fe-e380950051e4,Tier 2,Kristen,K-A06,7,0,7,0,0,0,0,0,0,0,0,0,2026-03-20,2026-09-22,3,0,0,"Souva PT, Jake (4); Souva DPT, Jake (2); Jake Souva DPT (1)",B Mayo MD (7)
Physician HealthCare Network,1134195258,Tier 2,Kristen,K-A04,6,0,6,0,0,0,0,0,0,0,0,0,2026-01-08,2026-08-31,4,0,0,"Cavataio MD, Pietro (3); Cavatalo, Pietro (1); Colombo, Antonio (1); Cavataio, Pietro (1)",G Jerry MD (3); J Yacisen MD (2); B Mayo MD (1)
Michigan Adult and Child Medicine,1700860103,Tier 2,Kristen,K-A17,6,0,4,2,0,0,0,0,0,0,0,0,2026-03-31,2026-09-01,3,0,0,"Paye MD, Renee Y (3); Byrne MD, John (2); Fisher MD, Jeffrey (1)",K Bohm MD (2); B Mayo MD (1); J Yacisen MD (1); D Mendelson MD (1)
BEAUMONT FAMILY MEDICINE WESTLAND,45376ca8-4cd3-43e5-945d-5f6309bac752,Tier 2,Kristen,K-A28,6,0,5,1,0,0,0,0,0,0,0,0,2026-03-02,2026-09-21,4,0,0,"Drewry MD, Tyler (3); Lewan DO, Elizabeth Ann (1); Baker MD, Carol (1); Drewry, Tyler (1)",B Mayo MD (5); K Bohm MD (1)
Village Medical - Novi,60ca59a0-452f-4fea-8aff-cf4ef63862b7,Tier 2,Jasmine,J-B01,6,0,4,0,2,0,0,0,0,0,0,0,2026-01-26,2026-09-02,2,0,0,"Golden MD, James (5); Rosenberg MD, Daniel (1)","R Leff, DPM (2); P Bhullar MD (2); D Mendelson MD (1); A Mendelson MD (1)"
IHA Plymouth Primary Care,92cc3682-defe-42ff-8ccd-0ff138c12b77,Tier 2,Jasmine,J-A08,6,0,5,0,0,1,0,0,0,0,0,0,2026-01-22,2026-05-27,4,0,0,"Lumley DO, Lauren (2); Denhouter MD, Williard (2); Schmehl DO, Ashley (1); KOHLENBERG MD, MATTHEW (1)",A Mendelson MD (2); D Mendelson MD (2); K Lee MD (1); J Mendelson MD (1)
Cornerstone St. Clair Internists,cc9cf66d-2e3c-4e56-9aeb-85ba4b7e600c,Tier 2,Kristen,K-A06,6,0,6,0,0,0,0,0,0,0,0,0,2026-02-09,2026-08-12,4,0,0,"Dukaj MD, Mark (2); Eastes, Bryan (2); EASTES DO, BRIAN (1); Eastes DO, Bryan (1)",S Mendelson MD (3); D Mendelson MD (2); J Mendelson MD (1)
Corewell Health Family Medicine - Farmington Hills,f4e08b14-ec91-4b48-b82c-2c7f762bf721,Tier 2,Kristen,K-A14,6,0,3,1,2,0,0,0,0,0,0,0,2026-01-26,2026-09-03,4,0,0,"Farah MD, RENEE (3); Farah MD, Renee Afram (1); Johnson MD, Valerie (1); Farah MD, Renee (1)",P Bhullar MD (2); B Mayo MD (1); K Bohm MD (1); J B Klein DPM (1)
Shaun Jayakar MD,f56a8949-cb8d-4abd-8405-0a939eec72d2,Tier 2,Coty,C-A13,6,0,6,0,0,0,0,0,0,0,0,0,2026-02-26,2026-07-08,2,0,0,"Jayakar MD, Shaun M (5); Jayakar MD, Shaun (1)",D Mendelson MD (2); B Mayo MD (1); P Bhullar MD (1); S Mendelson MD (1)
Internal Medicine & Primary Care Specialists- 1010,1184660490,Tier 2,Kristen,K-A09,5,0,3,2,0,0,0,0,0,0,0,0,2026-01-08,2026-07-06,5,0,0,"WEST PA, RACHEL (1); Rosenbaum DO, Eric (1); Dell MD, Lawrence (1); Burke MD, Katherine (1); West PA, Rachel (1)",P Bhullar MD (2); K Bohm MD (2); S Mendelson MD (1)
DEDICATED SENIOR MEDICAL CENTER - Southfield,12deaf83-0f5e-4bd5-bf07-a4026935ffd1,Tier 3,Jasmine,J-A02,5,0,0,0,2,3,0,0,0,0,0,0,2026-01-26,2026-08-26,3,0,0,"Azzo MD, Sally (2); Bhatia MD, Kamaljeet (2); Reddy MD, Vishnuvardhan G (1)","K Lee MD (3); K Sorensen, DPM (1); K Green, DPM (1)"
ESSENTIAL CARE FAMILY MEDICINE,131adcde-9fdc-45db-af94-831482a14212,Tier 2,Coty,C-A11,5,0,4,1,0,0,0,0,0,0,0,0,2026-06-23,2026-08-20,2,0,0,"Koss, Marcus (4); Koss MD, Marcus (1)",J Mendelson MD (3); K Bohm MD (1); D Mendelson MD (1)
Office of Robert Brateman,1548224769,Tier 2,Jasmine,J-B01,5,0,5,0,0,0,0,0,0,0,0,0,2026-01-06,2026-06-16,1,0,0,"Brateman MD, Robert (5)",S Mendelson MD (3); J Mendelson MD (1); P Bhullar MD (1)
Corrwell Urgent Care - Farmington Hills North,2a274d1e-b159-42be-84f8-0a1c5d2d8fb0,Prospect,Kristen,K-A14,5,0,2,1,2,0,0,0,0,0,0,0,2026-01-14,2026-09-18,4,0,0,Corewell Urgent Care Farmington Hills (2); Corewell Urgent Care Farm Hills (1); COREWELL UC- Farmington Hills (1); Corewell Urgent Care FH N (1),J B Klein DPM (1); D Mendelson MD (1); P Bhullar MD (1); K Bohm MD (1)
Corewell Health Farmington Hills Hospital Family Medicine,3edb39b0-eee8-436d-b215-e28e186500be,Tier 2,Kristen,K-A25,5,0,4,0,0,1,0,0,0,0,0,0,2026-01-13,2026-07-24,2,0,0,"Sebastian DO, Matthew (3); Craib DO, Annie (2)",B Mayo MD (3); A Oddo DO (1); D Mendelson MD (1)
Team Rehab - SMA Bloomfield Hills,6185c99b-b972-4582-aac1-b784f9730bb5,Tier 2,Kristen,K-A07,5,0,5,0,0,0,0,0,0,0,0,0,2026-02-06,2026-09-25,4,0,0,"VanOphem DPT, Brandon (2); DiPace DPT, Lorenzo (1); VanOphen DPT, Brandon (1); Van Ophem DPT, Brandon (1)",B Mayo MD (5)
Corewell Health Family Care of Novi,74e299c3-f9b1-4d54-8e8d-b63af23ba7fd,Tier 2,Jasmine,J-A01,5,0,0,5,0,0,0,0,0,0,0,0,2026-03-09,2026-06-02,2,0,0,"Kadri MD, Medina (4); Zaban DO, Rana (1)",K Bohm MD (5)
MHP - West,ad377c20-ff69-40a9-a224-4a5787ab13bb,Tier 2,Kristen,K-A29,5,0,4,0,1,0,0,0,0,0,0,0,2026-03-10,2026-09-24,1,0,0,"Baroff DO, Stewart (5)","D Mendelson MD (2); P Bhullar MD (1); S Mendelson MD (1); K Green, DPM (1)"
Novi Medicine,bd0ee186-9de1-49f1-b6f7-85fc538efd3b,Tier 2,Jasmine,J-B01,5,0,0,0,5,0,0,0,0,0,0,0,2026-01-13,2026-08-17,1,0,0,"Paul MD, Lowell (5)","R Leff, DPM (4); J B Klein DPM (1)"
Springfield Urgent Care - Hamburg,0da678d4-9648-4315-8770-fb6768c5c2ea,Tier 2,Coty,C-A07,4,0,1,3,0,0,0,0,0,0,0,0,2026-01-30,2026-08-10,2,0,0,Springfield Urgent Care (3); Springfield Urgent Care - Hamburg (1),K Bohm MD (3); B Mayo MD (1)
Lakeside Internal Medicine,1c5c4e69-60f0-4d66-a3ee-9a33e818a99b,Tier 2,Coty,C-A08,4,0,4,0,0,0,0,0,0,0,0,0,2026-01-06,2026-09-01,3,0,0,"Skardarasy MD, Charles (2); Sindagi DO, Varun (1); Natheer MD, Rose (1)",J Mendelson MD (2); S Mendelson MD (1); B Mayo MD (1)
Michigan Urgent Care - Livonia,1d453948-16d6-4da0-a7d9-80b603bedb9b,Tier 2,Jasmine,J-A06,4,0,4,0,0,0,0,0,0,0,0,0,2026-01-12,2026-07-02,4,0,0,Michigan Urgent Care - Livonia (1); MICHIGAN UC - LIVONIA (7 MILE AND NEWBURGH) (1); Michigan Health Urgent Care Livonia (1); Michigan Urgent Care Livonia (1),B Mayo MD (2); A Mendelson MD (1); D Mendelson MD (1)
Partners in Internal Medicine,2bc5b4b8-9395-4f0a-bc36-8f7ffd755481,Tier 2,Jasmine,J-A08,4,0,2,1,1,0,0,0,0,0,0,0,2026-05-01,2026-08-24,3,0,0,"Hashemian MD, Sara (2); GRAY MD, MARTHA (ZOC DOC) (1); Gray MD, Martha (1)",B Mayo MD (1); J B Klein DPM (1); K Bohm MD (1); A Mendelson MD (1)
Dedicated Senior Medical Center - Eastpointe,461fe196-5467-4d92-bec8-0125858453c8,Tier 2,Jasmine,J-A03,4,0,2,1,0,1,0,0,0,0,0,0,2026-01-07,2026-08-12,3,0,0,"Patel MD, Poonam (2); Kadhim, Wassan (1); Samohin MD, Alexandros J (1)",D Mendelson MD (1); K Bohm MD (1); B Kassa DO (1); J Mendelson MD (1)
Sterling Heights Urgent Care,719fbbb9-0131-4ed6-bfd7-14646d9c41fb,Tier 2,Kristen,K-A12,4,0,3,0,1,0,0,0,0,0,0,0,2026-02-17,2026-04-17,2,0,0,"Sterling Heights Urgent Care (3); Al Jarrah MD, Mohamad (1)",J Yacisen MD (2); J Mendelson MD (1); J B Klein DPM (1)
Corewell Health Urgent Care - Garden City,7db80555-4d31-47b0-904c-cd43fb08b2ee,Tier 2,Kristen,K-A28,4,0,2,0,2,0,0,0,0,0,0,0,2026-01-05,2026-09-10,2,0,0,Corewell Urgent Care Garden City (3); Corewell UC Garden City (1),"B Mayo MD (1); K Green, DPM (1); P Bhullar MD (1); J B Klein DPM (1)"
Henry Ford Internists - Farmington Hills 150,85ababc7-e294-4225-8cc7-28b8a5b1b9e2,Tier 2,Kristen,K-A16,4,0,0,1,2,1,0,0,0,0,0,0,2026-05-04,2026-09-18,3,0,0,"YASHINSKY DO, SAMUEL (2); Goldman DO, Seth A (1); Stober, Richard Mark (1)","R Leff, DPM (2); K Bohm MD (1); K Lee MD (1)"
"IHA, Primary Care - Cherry Hill Village",88f17311-2f10-4d7d-b250-085575fb31c1,Tier 2,Jasmine,J-A09,4,0,3,1,0,0,0,0,0,0,0,0,2026-01-15,2026-04-23,4,0,0,"Popp MD, Therese (1); Agrawal MD, Mira (1); Parrinello, Frank (1); YEE MD, KRISTEN ALEXIS (1)",D Mendelson MD (1); K Bohm MD (1); P Bhullar MD (1); B Mayo MD (1)
Office of Robert Vartabedian MD,a3906606-5f95-4b86-b5ca-235186bdde34,Tier 2,Jasmine,J-A08,4,0,1,2,0,1,0,0,1,0,0,0,2026-06-08,2026-08-26,1,0,0,"Vartabedian MD, Robert (4)",P Bhullar MD (1); K Bohm MD (1); M Salar MD (1); K Bohm MD [after telehealth] (1)
Western Wayne Physicians - Livonia,c6f8c7f7-2386-4788-9102-c4f9ebda94b8,Tier 2,Jasmine,J-A06,4,0,2,2,0,0,0,0,0,0,0,0,2026-03-06,2026-07-16,2,0,0,"Schmidt MD, Tamara (3); Steven DO, Susan (1)",K Bohm MD (2); P Bhullar MD (1); A Mendelson MD (1)
Comprehensive Healthcare Associates and Prevention Medicine,c7781046-a235-49fa-ac8e-4b8d6354c618,Tier 1,Jasmine,J-A06,4,0,3,0,0,1,0,0,0,0,0,0,2026-02-26,2026-06-12,1,0,0,"Patel MD, Rakesh (4)",D Mendelson MD (2); P Bhullar MD (1); K Lee MD (1)
Primecare of Novi,08777e8a-5ca0-4abd-8ad4-d8f4fbbacc9c,Tier 2,Jasmine,J-B01,3,0,2,1,0,0,0,0,0,0,0,0,2026-02-04,2026-02-09,3,0,0,"Krueger DO, Kelly (1); Krueger, Kelly (1); Berman NP, Hannah R (1)",J Mendelson MD (1); K Bohm MD (1); B Mayo MD (1)
Associates in Internal Medicine - MHP,1639309131,Tier 3,Kristen,K-A14,3,0,0,0,2,0,1,0,0,0,0,0,2026-05-29,2026-07-07,3,1,0,"Sulaka MD, William (1); Goldfaden MD, Amy (1); Samona MD, tassia (1)","S McCarty (1); R Leff, DPM (1); J B Klein DPM (1)"
Aquino Integrative Internal Medicine,1780671461,Tier 2,Coty,C-A08,3,0,3,0,0,0,0,0,0,0,0,0,2026-03-30,2026-09-17,1,0,0,"Aquino DO, Robert (3)",B Mayo MD (1); S Mendelson MD (1); D Mendelson MD (1)
Beaumont Family Medicine - Sterling Heights,1952519001,Tier 2,Kristen,K-A05,3,0,1,0,1,1,0,0,0,0,0,0,2026-04-16,2026-09-02,3,0,0,"Eraqi MD, Hany (1); Lick MD, David D (1); Shammami DO, Adam (1)","A Oddo DO (1); J Yacisen MD (1); K Green, DPM (1)"
Get Well Urgent Care - Sterling Heights,1bcc2e23-5fc1-428c-ad41-dc35c5345bf7,Tier 1,Kristen,K-A11,3,0,2,1,0,0,0,0,1,0,0,0,2026-01-16,2026-09-16,3,0,0,Get Well Urgent Care Of Sterling Heights (1); Get Well Urgent Care - Sterling Heights (1); GET WELL UC  STERLING HEIGHT (1),K Bohm MD (1); J Yacisen MD (1)
iTest Health Family Medicine,2217eb9b-1f7c-434b-9c5f-77ebd185fb7c,Tier 2,Kristen,K-A28,3,0,2,1,0,0,0,0,0,0,0,0,2026-04-10,2026-09-14,1,0,0,"Bartell MD, Stacey (3)",A Mendelson MD (2); K Bohm MD (1)
Millennium Affiliated Physicians - 130B,27e5353b-7c0d-406b-be13-0d0eb3c3e200,Tier 2,Kristen,K-A16,3,0,1,0,2,0,0,0,0,0,0,0,2026-01-29,2026-07-14,2,0,0,"Trivax MD, Geoffrey (2); White MD, Michael (1)","R Leff, DPM (2); P Bhullar MD (1)"
ASCENSION MEDICAL GROUP PROVIDENCE FAMILY AND ATHLETIC MEDICINE,2a800701-496e-4bcf-b305-aa1a21a3c7ef,Tier 2,Kristen,K-A20,3,0,2,0,0,1,0,0,0,0,0,0,2026-01-14,2026-06-24,3,0,0,"Cibor DO, Gregory (1); Peck MD, David (1); Balmaseda, Paolo Nino (1)",J Mendelson MD (1); A Oddo DO (1); P Bhullar MD (1)
Prism Medical Group - Internal Medicine,2e8aa328-e0cf-478e-8b39-00f6628c15ac,Tier 2,Coty,C-A04,3,0,3,0,0,0,0,0,0,0,0,0,2026-03-26,2026-09-15,1,0,0,"HACHIGIAN MD, TODD (3)",B Mayo MD (3)
Corwell internal medicine and primary care,3a2a1db5-c1c4-41cd-a7f3-b4e0b388e268,Tier 2,Jasmine,J-A05,3,0,1,2,0,0,0,0,0,0,0,0,2026-06-08,2026-09-08,1,0,0,"VAYNTRUB MD, ELAINA (3)",K Bohm MD (2); P Bhullar MD (1)
Henry Ford Health Medical Center (Ascension),3a5cf92c-ae21-4227-96ec-08c2968a5939,Tier 2,Coty,C-A13,3,0,2,1,0,0,0,0,0,0,0,0,2026-01-13,2026-06-29,2,0,0,"Murphy MD, Mary E (2); Farhat MD, Anna (1)",K Bohm MD (1); P Bhullar MD (1); D Mendelson MD (1)
Corewell Urgent Care - Troy Big Beaver,511c5edc-9fe5-44dc-b631-69f48c935e73,Tier 2,Kristen,K-A13,3,0,3,0,0,0,0,0,0,0,0,0,2026-02-20,2026-07-13,2,1,0,Corewell Urgent Care Troy (2); Corewell Urgent- Troy (1),J Yacisen MD (1); D Mendelson MD (1); S Mendelson MD (1)
Trinity IHA Academic Family Medicine - Livonia,5c7c8073-5fc6-42f5-bc75-0b9f8a07e484,Tier 2,Jasmine,J-A06,3,0,2,1,0,0,0,0,0,0,0,0,2026-08-14,2026-09-14,3,0,0,"Robertson, Nicole R (1); Salisbury MD, Brittany S (1); Amen MD, Hussen (1)",J Yacisen MD (1); S Mendelson MD (1); K Bohm MD (1)
Doctors urgent care,5d20f222-29ea-4029-b53a-fb46b570224a,Prospect,Jasmine,J-B01,3,0,2,1,0,0,0,0,0,0,0,0,2026-08-06,2026-09-15,2,1,0,Doctors Urgent Care Livonia (2); Doctors Urgent Care (1),D Mendelson MD (1); K Bohm MD (1); S Mendelson MD (1)
Physician HeathCare Network - Michele Raymond DO,6904e522-5104-4c29-ae02-e787473b0edf,Tier 2,Kristen,K-A03,3,0,3,0,0,0,0,0,0,0,0,0,2026-01-08,2026-04-16,2,0,0,"Sabala NP, Danielle (2); Raymond DO, Michele L (1)",J Yacisen MD (3)
MDVip - Southfield,795ab9a0-8c97-4995-83b6-2fe8b10fcf2a,Tier 2,Kristen,K-A18,3,0,3,0,0,0,0,0,0,0,0,0,2026-02-23,2026-08-13,1,0,0,"Lerner DO, Sandra S (3)",A Mendelson MD (3)
Marko Law,7adfcce2-7d98-4f4d-aaa5-95eb30889397,Tier 2,Kristen,Phone cadence,3,0,2,0,1,0,0,0,2,0,0,0,2026-05-15,2026-07-16,2,1,0,Marko Law (2); Marko Law - Alex Kay (1),J B Klein DPM (1)
Corwell Health - Farmington,7b335c19-3210-419e-888b-e9aabe43f40a,Tier 3,Kristen,K-A22,3,0,2,0,0,1,0,0,0,0,0,0,2026-08-27,2026-09-21,2,0,0,"Ghioto DO, Jeffrey D (2); Bahu DO, Anton J (1)",A Mendelson MD (1); B Mayo MD (1); K Lee MD (1)
BASEL BRIKHO MEDICAL GROUP - use this one,7f38b648-2666-44e3-ad8a-135b873364c5,Tier 2,Kristen,K-A06,3,0,3,0,0,0,0,0,0,0,0,0,2026-05-05,2026-08-03,2,0,0,"Jamil MD MPH, Mada H (2); Brikho MD, Basel (1)",D Mendelson MD (2); J Mendelson MD (1)
Michigan urgent care,869d9f30-d3c6-486c-974d-dd85b1d93065,Tier 2,Jasmine,J-A11,3,0,3,0,0,0,0,0,0,0,0,0,2026-01-26,2026-08-13,3,1,1,MI Urgent Care (1); Michigan Urgent Care (1); Mi Urgent Care  - direct ref but we did not get name (1),S Mendelson MD (2); D Mendelson MD (1)
Internal Medicine Associates Port Huron,8afa43db-e543-40bf-9328-2479a24606d8,Tier 2,Kristen,K-A02,3,0,3,0,0,0,0,0,0,0,0,0,2026-01-08,2026-09-09,3,0,0,"Hajjar MD, Riad Robert (1); Saeed, Sajjad (1); Balboa MD, Ronaldo S (1)",J Yacisen MD (1); J Mendelson MD (1); G Jerry MD (1)
Grosse Pointe Physicians and Surgeons,8c2316fd-41e0-4fe5-b02a-8a481768ec08,Tier 2,Kristen,K-A26,3,0,3,0,0,0,0,0,0,0,0,0,2026-02-10,2026-08-20,1,0,0,"KOTSIS DO, ANDREW (3)",B Mayo MD (1); D Mendelson MD (1); P Bhullar MD (1)
Macomb Pediatrics - Clinton Township,9e284312-a8af-43ff-9b39-5d4a8c1ed834,Tier 1,Kristen,K-A08,3,0,3,0,0,0,0,0,0,0,0,0,2026-01-13,2026-08-27,2,0,0,"Berry MD, Ashraf H (2); Oska MD, Antoun (1)",B Mayo MD (3)
Trinity URGENT CARE CANTON,c78e3b81-c68a-4687-a4e9-a88863c2c873,Tier 3,Jasmine,J-A11,3,0,0,2,1,0,0,0,0,0,0,0,2026-04-13,2026-07-31,3,1,0,Trinity Urgent Care- Canton Cetner (1); Trinity IHA Canton Center Urgent Care (1); Trinity Urgent Care Canton (1),K Bohm MD (2); J B Klein DPM (1)
Get well urgent care,ce05f9ae-2ed1-4743-9131-ddf0d57e59eb,Tier 2,Jasmine,J-A10,3,0,3,0,0,0,0,0,1,0,0,0,2026-01-22,2026-07-27,2,1,0,Get Well Urgent Care (2); Get Well Urgent Care Dearborn (1),S Mendelson MD (1); P Bhullar MD (1)
Office of David Mandy DO,da57adc9-a2cf-4705-886d-76146cbbde06,Tier 2,Kristen,K-A08,3,0,2,0,1,0,0,0,0,0,0,0,2026-01-06,2026-08-10,2,0,0,"MANDY DO, DAVID (2); MANDY, DAVID (1)",B Mayo MD (1); J Mendelson MD (1); J B Klein DPM (1)
Plymouth Urgent Care,ea50a287-34fb-4325-8a2e-5ba156145624,Tier 2,Kristen,K-A29,3,0,2,1,0,0,0,0,0,0,0,0,2026-05-08,2026-08-21,1,0,0,Plymouth Urgent Care (3),B Mayo MD (2); K Bohm MD (1)
Beverly Hills Internal Medicine,04-330-7414,Tier 2,Kristen,K-A15,2,0,0,1,1,0,0,0,0,0,0,0,2026-02-24,2026-07-23,2,0,0,"Shishu MD, Nidhi (1); Egan DO, Michelle Renee (1)",K Bohm MD (1); J B Klein DPM (1)
Dr. Carley and Associates,045c37c9-22cf-4959-b217-ecbbf986a60c,Tier 2,Kristen,K-A02,2,0,2,0,0,0,0,0,0,0,0,0,2026-05-11,2026-05-14,1,0,0,"Stromberg MD, Reid (2)",G Jerry MD (1); J Yacisen MD (1)
Farmington Hills Urgent Care Walk-In Clinic,09-875-7930,Prospect,Jasmine,J-A01,2,0,1,1,0,0,0,0,0,0,0,0,2026-04-15,2026-08-10,2,1,0,Farmington Urgent Care (1); Farmington Hills Urgent Care (1),P Bhullar MD (1); K Bohm MD (1)
MD VIP - Trenton,0e7f5d40-b8a0-4524-96a4-2229c7d1e5e7,Tier 2,Jasmine,J-A12,2,0,1,1,0,0,0,0,0,0,0,0,2026-02-23,2026-06-26,2,0,0,"Fretz DO, Jennifer (1); Bauer MD, Michelle (1)",S Mendelson MD (1); K Bohm MD (1)
Oakland Internal Medicine Associates - Henry Ford,1053422006,Tier 2,Coty,C-A07,2,0,1,0,0,1,0,0,0,0,0,0,2026-02-04,2026-04-23,2,0,0,"Learner DO, James M (1); Bassily DO, Tiffany Lynn (1)",K Lee MD (1); D Mendelson MD (1)
Allied Internists,1063423176,Tier 2,Coty,C-A11,2,0,1,1,0,0,0,0,0,0,0,0,2026-02-05,2026-07-14,2,0,0,"Ishaqsei MD, Wahed (1); Paduvana MD, Majeed A (1)",S Mendelson MD (1); K Bohm MD (1)
PROVIDENCE PARK LIVONIA FAMILY MEDICINE,10a3ca46-32f2-472e-99d9-39f7c9e3bde3,Tier 2,Jasmine,J-A06,2,0,2,0,0,0,0,0,0,0,0,0,2026-04-28,2026-08-12,1,0,0,"Karle MD, David E (2)",S Mendelson MD (1); J Mendelson MD (1)
Corondan Medical,1376594887,Tier 2,Coty,C-A11,2,0,2,0,0,0,0,0,0,0,0,0,2026-04-01,2026-08-27,1,0,0,"Corondan MD, Victor (2)",D Mendelson MD (1); B Mayo MD (1)
Somerset Family Medicine - Sterling Heights,1386634632,Prospect,Coty,C-A10,2,0,1,1,0,0,0,0,0,0,0,0,2026-02-19,2026-02-24,1,0,1,"Jaddou MD, Neil (2)",P Bhullar MD (1); K Bohm MD (1)
HENRY FORD WALK IN CLINIC,13ccca87-4220-4fd6-84c8-1052a336e845,Tier 2,Kristen,K-A07,2,0,1,0,1,0,0,0,0,0,0,0,2026-01-29,2026-08-17,2,0,0,"Leff DO , Carrie (1); Henry Ford Urgent Care - need location (1)","R Leff, DPM (1); B Mayo MD (1)"
River District Family Practice (Henry Ford) - St. Clair,1487775292,Tier 2,Kristen,K-A03,2,0,0,0,0,2,0,0,0,0,0,0,2026-08-20,2026-09-17,1,0,0,"Betcher DO, Jason (2)",B Kassa DO (1); J Yacisen MD (1)
Sterling Family Medicine,1598941148,Tier 2,Kristen,K-A13,2,0,2,0,0,0,0,0,0,0,0,0,2026-01-16,2026-05-13,1,0,0,"Bolukh MD, Oleh (2)",J Yacisen MD (2)
Wadhams Family Care,16b28f94-4956-4a84-8936-0ae7dbe24994,Tier 2,Kristen,K-A03,2,0,2,0,0,0,0,0,0,0,0,0,2026-04-02,2026-05-28,1,0,0,"James DO, Gary (2)",G Jerry MD (1); J Yacisen MD (1)
John R Medical Clinic,1720079437,Tier 2,Coty,C-A12,2,0,2,0,0,0,0,0,0,0,0,0,2026-06-25,2026-08-24,2,0,0,"Gennaoui MD, Habib G (1); Gennaoui MD, Habib (1)",J Mendelson MD (1); S Mendelson MD (1)
Excel Health,1730132077,Tier 2,Kristen,K-A15,2,0,0,0,1,1,0,0,0,0,0,0,2026-07-06,2026-07-14,2,0,0,"Thabolingam MD, Raveend (1); Isham MD, Christopher (1)","K Lee MD (1); R Leff, DPM (1)"
Pioneer Medical Associates - Warren,1750481842,Tier 2,Kristen,K-A17,2,0,0,2,0,0,0,0,0,0,0,0,2026-01-13,2026-03-18,2,0,0,"Marcotte, Robert (1); Koneru, Srinivas (1)",K Bohm MD (2)
Progressive Health Care,1790797207,Tier 2,Coty,C-A12,2,0,2,0,0,0,0,0,0,0,0,0,2026-05-01,2026-05-14,1,0,0,"Haroutunian DO, Michael (2)",B Mayo MD (1); A Mendelson MD (1)
Saurabh Gupta MD,1912926510,Tier 2,Coty,C-A10,2,0,1,1,0,0,0,0,0,0,0,0,2026-07-06,2026-07-21,1,0,0,"Gupta MD, Saurabh (2)",S Mendelson MD (1); K Bohm MD (1)
Michigan Institute for Neurological Disorders (MIND) - Farmington Hills,1962472241,Tier 1,Coty,C-A09,2,0,0,0,0,2,0,0,0,0,0,0,2026-03-24,2026-05-01,2,0,0,"Feldman MD, Daniel (1); Singer DO, Daniel (1)",A Oddo DO (1); K Lee MD (1)
Downriver Internists,1992798961,Tier 2,Kristen,K-A21,2,0,2,0,0,0,0,0,0,0,0,0,2026-05-11,2026-05-14,1,0,0,"Gatla MD, Srinivas (2)",A Mendelson MD (1); D Mendelson MD (1)
"CHARLES G GODOSHIAN, MD, PC",1a773df8-9f15-454d-a12a-8fd6751d4903,Tier 2,Kristen,K-A18,2,0,0,1,1,0,0,0,0,0,0,0,2026-06-05,2026-07-27,1,0,0,"Godoshian MD, Charles G (2)","K Bohm MD (1); R Leff, DPM (1)"
APH - Pavillion IM Use this one,2042f8c4-062b-497d-93cd-a5501bc57707,Tier 2,Kristen,K-A21,2,0,1,0,1,0,0,0,0,0,0,0,2026-04-20,2026-08-27,2,0,0,"Huber MD, Yosef Yitzchok (1); Ping Cheng MD, Peggy (1)","D Mendelson MD (1); K Green, DPM (1)"
Park Family Practice - Novi,210797fc-d818-410f-94de-02c502935d29,Tier 3,Jasmine,J-A01,2,0,1,0,1,0,0,0,0,0,0,0,2026-07-09,2026-07-16,2,0,0,"Schram PA, Megan (1); Sadasivan MD, Sushma (1)","R Leff, DPM (1); D Mendelson MD (1)"
Troy Internal Medicine,227a3faf-d636-4f07-adbf-db1d49776b27,Tier 2,Kristen,K-A10,2,0,2,0,0,0,0,0,0,0,0,0,2026-06-16,2026-08-03,2,0,0,"Gamalski DO, Joseph (1); Carlin MD, Tamara (1)",P Bhullar MD (1); D Mendelson MD (1)
ACADEMIC INTERNAL MEDICINE SPECIALISTS,24230075-46f5-44cf-bd8f-deb5f276aa99,Tier 2,Jasmine,J-A04,2,0,1,0,0,0,0,1,0,0,0,0,2026-03-10,2026-08-19,2,0,0,"Williams MD, Michael A (1); Ahsan MD, Samira (1)",B Mayo MD (1); S Poshadlo PA (1)
Imad George MD P.C. MHP,24a73c28-f1ec-4808-8b5a-4d6702f86f8a,Tier 1,Kristen,K-A28,2,0,1,0,1,0,0,0,0,0,0,0,2026-07-15,2026-09-24,1,0,0,"George MD, Imad (2)",J B Klein DPM (1); S Mendelson MD (1)
METROPOLITAN MEDICAL ASSOCIATES,297c1d83-ce5b-4ce5-b393-97b656f9b2c7,Tier 2,Kristen,K-A17,2,0,1,0,0,1,0,0,0,0,0,0,2026-06-03,2026-08-03,2,0,0,"Trivedi MD, Archi (1); Parachuri MD, Radha/ Trivedi MD, Archi (1)",P Bhullar MD (1); K Lee MD (1)
Corewell Internal Medicine Midway,2ce334a8-959e-4c7d-9b94-f3d5cb4183a3,Tier 2,Coty,C-A05,2,0,2,0,0,0,0,0,0,0,0,0,2026-05-14,2026-07-15,1,0,0,"Rastogi MD, Shailaja (2)",P Bhullar MD (2)
Corewell Health Urgent Care -SAINT CLAIR SHORES,38c3fbcb-4c77-48bc-94e2-a4b1314e6fc1,Prospect,Kristen,K-A19,2,0,1,1,0,0,0,0,0,0,0,0,2026-03-03,2026-06-03,2,0,0,Corewell Urgent Care - Saint Clair Shroes (1); Corewell Urgent Care Saint Clair Shores (1),K Bohm MD (1); J Yacisen MD (1)
Elite Family Medicine,3b700a13-2f3b-4e83-bd1f-61bd1cca19e6,Tier 2,Kristen,K-A13,2,0,2,0,0,0,0,0,0,0,0,0,2026-03-16,2026-08-12,1,0,0,"Hasso MD, Maha (2)",S Mendelson MD (1); D Mendelson MD (1)
Evolve Chiropractic,3ba22115-ae74-4ab7-a206-55166daa0904,Tier 2,Kristen,K-A08,2,0,1,1,0,0,0,0,0,0,0,0,2026-04-07,2026-06-17,2,0,0,"Duchene, Jeffrey C (1); Duchene, Nicholas (1)",K Bohm MD (1); D Mendelson MD (1)
UofM Canton Health Center General Medicine,400aeb1f-6186-4eb7-98c8-0544491af836,Tier 2,Jasmine,J-A09,2,0,1,0,1,0,0,0,0,0,0,0,2026-06-03,2026-07-14,2,0,0,"Collier MD, Kristin M (1); Deguzman MD, David A (1)",J Mendelson MD (1); J B Klein DPM (1)
Trinity health urgent care,44f714eb-9f77-41f5-88ac-35e71ca0be30,Prospect,Jasmine,J-B01,2,0,2,0,0,0,0,0,0,0,0,0,2026-05-07,2026-08-07,1,1,1,Trinity Urgent Care (2),D Mendelson MD (1); P Bhullar MD (1)
Henry Ford Internal & Family Medicine - Farmington Hills -170,4854db87-cb06-45bd-9c8a-7a3e77cfa827,Tier 2,Kristen,K-A14,2,0,2,0,0,0,0,0,0,0,0,0,2026-02-26,2026-04-16,1,0,0,"Elyas MD, Nahid (2)",D Mendelson MD (2)
Superior Family Medicine - Health Venters Detroit -use this onea,49af378b-9c15-4649-815d-958a79af2f84,Tier 2,Kristen,K-A21,2,0,2,0,0,0,0,0,0,0,0,0,2026-04-15,2026-07-09,1,0,0,"Haney DO, James (2)",D Mendelson MD (1); P Bhullar MD (1)
BN Nandish MD,4dee089f-61d1-4d13-9fca-62b8d8ffc312,Tier 2,Jasmine,J-A05,2,0,2,0,0,0,0,0,0,0,0,0,2026-03-06,2026-04-03,1,0,0,"Nandish MD, Banathally N (2)",B Mayo MD (1); J Yacisen MD (1)
Corewell Urgent Care - Allen Park,5090dcdb-4928-46db-ad3f-6b5e013d2d53,Tier 2,Kristen,K-A30,2,0,1,1,0,0,0,0,0,0,0,0,2026-04-28,2026-05-26,2,0,0,COREWELL UC ALLEN PARK (1); Corewell Urgent Care Allen Park (1),K Bohm MD (1); S Mendelson MD (1)
Hope Medical Center,58979922-388f-454f-97f0-c730f11f6434,Tier 2,Coty,C-A05,2,0,2,0,0,0,0,0,0,0,0,0,2026-02-12,2026-08-14,1,0,0,"Lewis MD, Raja (2)",J Mendelson MD (1); B Mayo MD (1)
ASCENSION MEDICAL GROUP WEST BLOOMFIELD FAMILY PRACTICE,611f52cc-838d-405e-8988-68708f39608e,Tier 2,Jasmine,J-B01,2,0,0,1,1,0,0,0,0,0,0,0,2026-03-03,2026-07-10,2,0,0,"Clary MD, Bethany (1); Dewitt DO, Colleen (1)",J B Klein DPM (1); K Bohm MD (1)
John Vassallo MD -Howell,61237db8-8f80-4520-af3b-5c71bf4de45f,Tier 2,Coty,C-A07,2,0,2,0,0,0,0,0,0,0,0,0,2026-04-14,2026-07-28,1,0,0,"Vassallo MD, John (2)",S Mendelson MD (1); B Mayo MD (1)
ALLEN PARK FAMILY PHYSICIANS,617ab041-696a-4d5d-92bd-eb43c5eb4276,Tier 2,Kristen,K-A30,2,0,0,1,1,0,0,0,0,0,0,0,2026-01-13,2026-03-13,2,0,0,"Vandehey, Patrick (1); Vandehey DO, Patrick R (1)",J B Klein DPM (1); K Bohm MD (1)
BEAUMONT FAMILY MEDICINE GARDEN CITY,796ef668-29ca-4cac-84b8-fd8125eb6bde,Tier 2,Jasmine,J-A07,2,0,1,0,1,0,0,0,0,0,0,0,2026-03-30,2026-09-11,2,0,0,"Abdulghani MD, Mariam (1); Haverman MD, Jessica (1)","R Leff, DPM (1); B Mayo MD (1)"
ORTHOPEDIC INSTITUTE OF MICHIGAN,7cbc93fd-5b51-41c8-8f3e-0afb5d09b1e4,Tier 3,Jasmine,J-B01,2,0,0,1,0,1,0,0,0,0,0,0,2026-06-30,2026-08-21,2,1,0,"Michigan Orthopedics - spec not asked (1); Brager MD, Michael A (1)",B Kassa DO (1); K Bohm MD (1)
Michigan Institute for Neurological Disorders (MIND) - Roseville,7d9074be-0dfe-445c-9ff8-65b5eadde58e,Tier 3,Coty,C-A13,2,0,0,0,0,2,0,0,0,0,0,0,2026-01-09,2026-01-27,2,0,0,"Scott McKinlay, PA from MIND (1); Vieder DO, Brandon (1)",B Kassa DO (2)
Village Medical Wayne,7e594070-5f19-4b0e-982f-f339ee92109c,Tier 2,Kristen,K-A29,2,0,1,0,0,1,0,0,0,0,0,0,2026-02-17,2026-03-30,1,0,0,"Brock DO, Robert Coleman (2)",A Oddo DO (1); P Bhullar MD (1)
Macomb Foot Ankle Wound Care Center,80-982-7525,not in spine book,,,2,0,1,0,1,0,0,0,0,0,0,0,2026-03-24,2026-03-31,2,0,1,"Sundblad DPM, Kyle (1); Coleman, Walter Barry (1)",J Mendelson MD (1); J B Klein DPM (1)
Get Well Urgent Care Southfield,81a09b96-6834-4950-963a-abff6d4aac6b,Prospect,Jasmine,J-A02,2,0,0,0,2,0,0,0,0,0,0,0,2026-06-25,2026-09-22,2,0,0,Get Well Southfield (1); Get well UC SF (1),"K Sorensen, DPM (1); J B Klein DPM (1)"
Beaumont Associated Family Care - Warren,81c6691d-f02d-49d9-940d-49ca3462c7fa,Tier 2,Coty,C-A10,2,0,1,0,1,0,0,0,0,0,0,0,2026-04-30,2026-06-22,2,0,0,"PEERA, AVA (ZOC DOC) (1); Peera, Ava (1)","A Mendelson MD (1); K Sorensen, DPM (1)"
"TRENTON TOTAL HEALTH CARE CENTER, PC",865f8b49-ce19-4ffd-8643-a755635f6ccc,Tier 2,Coty,C-A15,2,0,1,1,0,0,0,0,0,0,0,0,2026-03-23,2026-05-29,2,0,0,"CHANDY NP, JERRY (1); Sudhakara MD, Kajoor (1)",B Mayo MD (1); K Bohm MD (1)
MICHIGAN PREMIER INTERNISTS,8d7b190e-e89f-4b22-b037-7042bcdd7579,Tier 2,Kristen,K-A21,2,0,2,0,0,0,0,0,0,0,0,0,2026-01-21,2026-06-10,2,0,0,"Ostro Brown MD, Helen (1); Ostro-Brown MD, Helen (1)",P Bhullar MD (1); D Mendelson MD (1)
"PROGRESSIVE HEALTH CARE, PC",9120ce69-8d25-4a19-81f7-ce79f95993f8,Prospect,Kristen,K-A24,2,0,2,0,0,0,0,0,0,0,0,0,2026-04-20,2026-07-27,2,0,0,"Rudy DO, Williams M (1); DROBOT MD, YEVHEN (1)",B Mayo MD (2)
"MEDICAL GROUP PRACTICE, PC (remove)",931a0b27-6417-43b6-a15a-c3eac7f8203a,not in spine book,,,2,0,2,0,0,0,0,0,0,0,0,0,2026-04-13,2026-07-24,1,0,0,"Penn DO, William Paul (2)",B Mayo MD (1); P Bhullar MD (1)
Beaumont Urgent Care - Macomb,95815d25-928b-44a9-9eab-ebb314264337,not in spine book,,,2,0,1,1,0,0,0,0,0,0,0,0,2026-06-02,2026-06-15,2,0,0,Corewell Urgent Care Tilch (1); Corewell UC In Macomb (Tilch) (1),K Bohm MD (1); D Mendelson MD (1)
Family Care Physicians PC,9d72636b-2e2d-4e54-b69a-aab72e18f8a9,Tier 2,Jasmine,J-B01,2,0,2,0,0,0,0,0,1,0,0,0,2026-04-28,2026-08-07,2,0,0,"Sack DO, Marshall B (1); Sack DO, Marshall (1)",B Mayo MD (1)
Blue Water Internal Medicine PC,a086480a-231f-4bcb-9889-891475aa37b8,Tier 2,Kristen,K-A02,2,0,2,0,0,0,0,0,0,0,0,0,2026-02-04,2026-03-03,1,0,0,"Daher MD, Emad (2)",G Jerry MD (2)
Corewell Health Farmington hills Hospital family medicine,a2a230c5-b58c-4416-a519-b3d118d15202,Tier 2,Jasmine,J-B01,2,0,0,0,1,1,0,0,0,0,0,0,2026-02-26,2026-06-18,2,0,0,"STONE PA, KERRY L (1); Valenti DO, Matteo (1)","R Leff, DPM (1); A Oddo DO (1)"
Office of Josephine A. Iskander MD,b1e60538-ff76-457b-a530-3647907b307b,Tier 1,Coty,C-A05,2,0,1,0,0,1,0,0,0,0,0,0,2026-06-25,2026-09-03,1,0,0,"Iskander MD, Josephine (2)",M Salar MD (1); S Mendelson MD (1)
Lake Huron Medical Center - Fort Gratiot,b4513fe8-6a5e-436a-8c89-648ea99ad482,Tier 2,Kristen,K-A02,2,0,2,0,0,0,0,0,0,0,0,0,2026-01-08,2026-08-12,2,0,0,"Faruque DO, Rubaiya (1); FARUQUE DO, RUBAIYA (1)",J Yacisen MD (2)
Troy Health Center,c80937d7-1504-43ae-af51-bb0f13603168,Tier 2,Coty,C-A09,2,0,1,0,1,0,0,0,0,0,0,0,2026-02-02,2026-03-27,2,0,0,"XU MD, JINPING (1); Lauder MD, Nehman (1)","S Mendelson MD (1); K Green, DPM (1)"
Alliance - Macomb,cfa43a87-0a00-4e16-8816-57177ce29fb3,Tier 2,Coty,C-A03,2,0,1,0,1,0,0,0,0,0,0,0,2026-05-04,2026-07-09,2,0,0,"Savalli DO, Michael (1); Toomajian DO, Leo (1)",J B Klein DPM (1); P Bhullar MD (1)
Toma & Yaldo Medical Center,d1255d1a-17e8-4765-bfe5-45c6c087c8ed,Tier 2,Kristen,K-A11,2,0,2,0,0,0,0,0,0,0,0,0,2026-07-07,2026-08-24,1,0,0,"Toma MD, Raad (2)",B Mayo MD (1); S Mendelson MD (1)
NEU Urgent Care,d753c22b-95f8-492b-a038-1ae4d67bd1af,Tier 2,Kristen,K-A23,2,0,0,2,0,0,0,0,0,0,0,0,2026-09-01,2026-09-22,1,0,0,NEU Urgent Care (2),K Bohm MD (2)
Triumph chiropractic,d99edd32-fb45-4528-94d3-645792efefa1,Tier 1,Kristen,K-A24,2,0,1,0,0,1,0,0,2,0,0,0,2026-03-12,2026-04-10,1,0,0,"Rodnick, Alexander (2)",
Ivy Rehab - Novi,df60078e-201f-47fc-b9e3-dea78ab7c916,Tier 2,Kristen,K-A20,2,0,2,0,0,0,0,0,0,0,0,0,2026-06-12,2026-07-10,2,0,0,"Jesser DPT, Emily (1); Jesser, Emily DPT (1)",B Mayo MD (2)
Beaumont urgent care northville,e36ed372-c2ff-41ee-ae57-7ed775ffa214,Prospect,Jasmine,J-A01,2,0,0,1,0,0,1,0,0,0,0,0,2026-05-08,2026-06-10,2,2,0,Corewell Urgent Care- Haggerty (1); Corewell Urgent Care Livonia (1),L PA Clinic (1); K Bohm MD (1)
"FAMILY MEDICINE, PC",e81bc37f-2055-4c48-8e89-e2bca87d2f73,Tier 2,Kristen,K-A18,2,0,2,0,0,0,0,0,0,0,0,0,2026-01-06,2026-05-08,1,0,0,"Tobar DO, Rodrigo (2)",S Mendelson MD (1); J Yacisen MD (1)
Nova Health Urgent Care,eb14c636-78da-4f5f-9bf2-aff0057bf21e,Tier 2,Kristen,K-A18,2,0,1,0,1,0,0,0,0,0,0,0,2026-06-19,2026-07-07,2,1,0,Nova Urgent Care (1); Nova Health Urgent Care Southfield (1),"P Bhullar MD (1); R Leff, DPM (1)"
"WEST BLOOMFIELD INTERNAL MEDICINE, PLLC",edf56788-9b9d-4f4d-a93a-59a09f7cb794,Tier 2,Kristen,K-A14,2,0,0,1,0,0,0,1,0,0,0,0,2026-02-11,2026-03-27,1,0,0,"Bragman DO, James (2)","K Bohm MD (1); K Green, DPM (1)"
Cardiovascular clinical Associates P.C,eec5c9b6-893e-47a1-bf06-54da3dae7ab8,not in spine book,,,2,0,1,1,0,0,0,0,0,0,0,0,2026-03-25,2026-05-08,1,0,0,"Rasak DO, Mark (2)",B Mayo MD (1); K Bohm MD (1)
Neil King Physical Therapy,01-484-0595,Tier 2,Kristen,K-A05,1,0,1,0,0,0,0,0,0,0,0,0,2026-04-13,2026-04-13,1,0,0,"Tomei DPT, Jordan (1)",P Bhullar MD (1)
G& P Podiatry,02-183-5668,not in spine book,,,1,0,0,1,0,0,0,0,0,0,0,0,2026-05-29,2026-05-29,1,0,1,"PERNA, IGNAZIO DOMINIC (1)",K Bohm MD (1)
Trinity IHA Senior Primary Care,043b64e7-0ea8-4881-8f0f-58fa37c2046b,Tier 2,Kristen,K-A24,1,0,1,0,0,0,0,0,0,0,0,0,2026-06-04,2026-06-04,1,0,0,"VARGAS DO, ALVIN (1)",D Mendelson MD (1)
Corewell Urgent Care - Royal Oak,0705419c-d214-479c-befc-96609a540921,Tier 3,Kristen,K-A21,1,0,0,0,1,0,0,0,0,0,0,0,2026-06-15,2026-06-15,1,0,0,Corewell Urgent Care Royal Oak (1),"R Leff, DPM (1)"
Providence Family & Athletic Medicine,0b63a258-0396-414a-a240-3ffdff24c7d4,Tier 2,Coty,C-A07,1,0,1,0,0,0,0,0,0,0,0,0,2026-08-13,2026-08-13,1,0,0,"Barad MD, Anjana (1)",A Mendelson MD (1)
Henry Ford Family Medicine - Shelby Twp,0bdbb3e7-d637-40e2-971a-0a025721f6f0,not in spine book,,,1,0,0,1,0,0,0,0,0,0,0,0,2026-04-14,2026-04-14,1,0,0,"KREIT MD, RIM (1)",K Bohm MD (1)
Michigan Orthopaedic & Spine Surgeons,0c7e4fda-32b4-4999-afc5-3ead3985f8c9,not in spine book,,,1,0,0,0,0,1,0,0,0,0,0,0,2026-06-03,2026-06-03,1,0,0,"Ahlgren MD, Bradley (1)",K Lee MD (1)
Neurology Consultants of Southfield,1003819897,Tier 3,Coty,C-A09,1,0,0,0,1,0,0,0,0,0,0,0,2026-07-06,2026-07-06,1,0,0,"Leuchter MD, William (1)","R Leff, DPM (1)"
Plumbrook Medical Center,1013009901,Tier 2,Kristen,K-A11,1,0,1,0,0,0,0,0,0,0,0,0,2026-02-02,2026-02-02,1,0,0,"Neumann DO, Fredric (1)",S Mendelson MD (1)
Berkley Medical Center,1023224664,Prospect,Coty,C-A12,1,0,0,1,0,0,0,0,0,0,0,0,2026-07-28,2026-07-28,1,0,0,"Misho MD, Vian (1)",K Bohm MD (1)
Shores Internal Medicine,1154434975,Tier 2,Coty,C-A13,1,0,1,0,0,0,0,0,0,0,0,0,2026-06-24,2026-06-24,1,0,0,"Datla MD, Sailaja (1)",J Mendelson MD (1)
Waypointe Internal Medicine,1164469821,Tier 2,Kristen,K-A19,1,0,1,0,0,0,0,0,0,0,0,0,2026-03-20,2026-03-20,1,0,0,"Fox MD, Sara Ann (1)",J Yacisen MD (1)
Midwest Center for Dermatology - Warren,1205831005,Tier 2,Coty,C-A11,1,0,1,0,0,0,0,0,0,0,0,0,2026-05-15,2026-05-15,1,0,0,"Altman, David A (1)",J Yacisen MD (1)
"MICHAEL DUCATO, MD, PC",1226fb9f-b48d-4314-8a3b-0d8800bc60e1,Tier 3,Jasmine,J-A12,1,0,0,0,0,1,0,0,0,0,0,0,2026-08-03,2026-08-03,1,0,0,"Ducato MD, Michael (1)",H Singh MD (1)
Kids First Pediatrics,1235164872,Tier 2,Kristen,K-A23,1,0,1,0,0,0,0,0,0,0,0,0,2026-01-06,2026-01-06,1,0,0,"Hatta MD, Ami (1)",B Mayo MD (1)
Normandy Family Practice,1265482095,Tier 2,Coty,C-A08,1,0,1,0,0,0,0,0,0,0,0,0,2026-04-01,2026-04-01,1,0,0,"Kurzawa MD, Mark R (1)",D Mendelson MD (1)
Chesterfield Family Medicine (Henry Ford),1275554073,not in spine book,,,1,0,0,1,0,0,0,0,0,0,0,0,2026-08-25,2026-08-25,1,0,0,"Palaniswamy MD, Sujini (1)",K Bohm MD (1)
"WILLIAMS FAMILY AND SPORTS MEDICAL CENTER, PLC",128e9f0f-8074-4052-b91d-e71905388022,Tier 3,Kristen,K-A22,1,0,0,0,1,0,0,0,0,0,0,0,2026-06-04,2026-06-04,1,0,0,"Williams DO, Joseph L (1)","R Leff, DPM (1)"
Care Medical Clinic of Canton,1356380513,Tier 2,Jasmine,J-A08,1,0,0,1,0,0,0,0,0,0,0,0,2026-05-08,2026-05-08,1,0,0,"Debrincat, Paul G (1)",K Bohm MD (1)
"MEDICAL CENTER PEDIATRICS, PLLC",137b9944-574d-47c1-9f8c-99541123fc30,Tier 2,Kristen,K-A15,1,0,0,0,1,0,0,0,0,0,0,0,2026-05-07,2026-05-07,1,0,0,"LIPPITT MD,  DENISE (1)","R Leff, DPM (1)"
CANTON FOOT & Ankle SPECIALISTS,13dc6a74-7486-4022-8993-7eaf6b95734e,Tier 2,Jasmine,J-A08,1,0,1,0,0,0,0,0,0,0,0,0,2026-01-20,2026-01-20,1,0,0,"SEMMA, BRANDON (1)",S Mendelson MD (1)
Harper Family Practice,1407823339,Tier 2,Coty,C-A13,1,0,0,1,0,0,0,0,0,0,0,0,2026-07-14,2026-07-14,1,0,0,"Rudnick MD, Laurie (1)",K Bohm MD (1)
MyCare Health Center - Mt Clemens,1427049683,Tier 2,Kristen,K-A08,1,0,1,0,0,0,0,0,0,0,0,0,2026-04-27,2026-04-27,1,0,0,"Allor FNP-C, Christine M (1)",S Mendelson MD (1)
AMG Oak Park Medical Center,1447235015,Prospect,Coty,C-A12,1,0,0,0,1,0,0,0,0,0,0,0,2026-08-13,2026-08-13,1,0,0,"Thwainey MD, Bassam J (1)","R Leff, DPM (1)"
Office of Douglas Hames MD,1457400954,Tier 2,Jasmine,J-A03,1,0,1,0,0,0,0,0,0,0,0,0,2026-07-17,2026-07-17,1,0,0,"Hames MD, Douglas (1)",B Mayo MD (1)
Henry Ford Go Health Urgent Care,14f29ff1-cd7e-4e90-b5c7-b1114551c5b9,Prospect,Kristen,K-A18,1,0,1,0,0,0,0,0,0,0,0,0,2026-05-13,2026-05-13,1,0,0,Henry Ford Go Health (1),D Mendelson MD (1)
Southfield Pediatrics,1508856048,Tier 2,Kristen,K-A15,1,0,0,1,0,0,0,0,0,0,0,0,2026-06-22,2026-06-22,1,0,0,"Blum DO, Robert (1)",K Bohm MD (1)
Barclay Internists,1528076619,Tier 2,Coty,C-A04,1,0,1,0,0,0,0,0,0,0,0,0,2026-01-06,2026-01-06,1,0,0,"Meri MD, Abdel Wahab (1)",B Mayo MD (1)
Colleen Kennedy DO,1538140744,Tier 3,Coty,C-A03,1,0,0,0,0,1,0,0,0,0,0,0,2026-04-16,2026-04-16,1,0,0,"Kennedy DO, Colleen (1)",B Kassa DO (1)
Eastlake Pediatrics,1558300699,Tier 2,Kristen,K-A19,1,0,1,0,0,0,0,0,0,0,0,0,2026-08-06,2026-08-06,1,0,0,"Roi DO, Vesna (1)",J Yacisen MD (1)
Henry Ford Family Medicine/Internal Medicine  - Novi,15ebb26a-5efc-4ce7-9eb1-60fb9bd5f6c9,Prospect,Jasmine,J-C02,1,0,1,0,0,0,0,0,0,0,0,0,2026-07-31,2026-07-31,1,0,0,"Ferrarer-Blair MD, Hilda (1)",P Bhullar MD (1)
Frederick Karoub MD PC,1679554562,Tier 3,Coty,C-A12,1,0,0,0,1,0,0,0,0,0,0,0,2026-01-05,2026-01-05,1,0,0,"Karoub MD, Carl (1)","R Leff, DPM (1)"
MHP Internal Medicine,1699828632,Tier 2,Coty,C-A10,1,0,1,0,0,0,0,0,0,0,0,0,2026-05-27,2026-05-27,1,0,0,"Langnas DO, Gary (1)",D Mendelson MD (1)
Premier Family Physicians,1700883345,Tier 2,Coty,C-A13,1,0,1,0,0,0,0,0,0,0,0,0,2026-06-17,2026-06-17,1,0,0,"Namei MD, Farzin Reza (1)",J Yacisen MD (1)
Office of Jeff The DO,1710940242,Tier 2,Jasmine,J-A08,1,0,1,0,0,0,0,0,1,0,0,0,2026-03-19,2026-03-19,1,0,0,"The DO, Jeff Y (1)",
Corewell Urgent Care - West Bloomfield,17aa614f-7809-4607-9304-5b3e9a6ef0c0,Prospect,Kristen,K-A14,1,0,1,0,0,0,0,0,0,0,0,0,2026-01-06,2026-01-06,1,0,0,Corewell UC West (1),B Mayo MD (1)
Rehabilitation Physicians - Howell,1864e76b-9568-4504-a034-03ad20ed998d,Tier 3,Jasmine,J-A01,1,0,0,1,0,0,0,0,0,0,0,0,2026-08-17,2026-08-17,1,0,0,"Jackson MD, M David (1)",K Bohm MD (1)
Express health urgent care,1891767695,Prospect,Jasmine,J-A05,1,0,1,0,0,0,0,0,0,0,0,0,2026-05-18,2026-05-18,1,1,0,Express Health  Urgent Care Redford (1),B Mayo MD (1)
Henry Ford Macomb Health Center - Fraser,1902134794,Tier 2,Coty,C-A08,1,0,0,1,0,0,0,0,0,0,0,0,2026-05-05,2026-05-05,1,0,0,"Packey DO, Nicholas S (1)",K Bohm MD (1)
Physicians in Family Medicine,1932288693,Tier 2,Coty,C-A04,1,0,0,1,0,0,0,0,0,0,0,0,2026-06-09,2026-06-09,1,0,0,"Pirzada DO, Pamela (1)",K Bohm MD (1)
Downriver Internists - Wayne,1982992715,Tier 2,Coty,C-A15,1,0,1,0,0,0,0,0,0,0,0,0,2026-07-30,2026-07-30,1,0,0,"DeLeon MD, Eliezer (1)",D Mendelson MD (1)
Family Foot & Ankle Specialist,1b944dbb-4d2b-4590-a30d-2227bb90bb2e,not in spine book,,,1,0,0,0,1,0,0,0,0,0,0,0,2026-05-19,2026-05-19,1,0,1,"Usen DPM, Nslma (1)","R Leff, DPM (1)"
WAYNE WESTLAND PRIMARY AND URGENT CARE,1ca18c41-1362-48d8-b380-171dd9143640,not in spine book,,,1,0,1,0,0,0,0,0,0,0,0,0,2026-03-10,2026-03-10,1,1,0,Urgent Care Westland (1),B Mayo MD (1)
TRINITY HEALTH URGENT CARE- Livonia,21da51f8-241e-484b-9dac-cd0c99714ca6,Tier 2,Jasmine,J-A07,1,0,0,0,1,0,0,0,0,0,0,0,2026-06-23,2026-06-23,1,0,0,"Ajluni DO, Matthew (1)","K Green, DPM (1)"
UofM Canton Health Center Adult Medicine & Pediatrics,23783a21-557a-406e-a930-d9d15e509c4d,Tier 1,Jasmine,J-A09,1,0,0,0,0,0,0,1,1,0,0,0,2026-07-22,2026-07-22,1,0,0,"Allexan MD, Sarah (1)",
BEAUMONT URGENT CARE BY WELLSTREET,24378dba-bc30-4fc4-a4b7-d1eeb12c2bed,Prospect,Jasmine,J-A08,1,0,1,0,0,0,0,0,0,0,0,0,2026-04-29,2026-04-29,1,1,0,Corewell Urgent Care Wayne (1),J Mendelson MD (1)
Clarkston Medical Group,24639120-4fbe-4135-8d9e-1409bb0fd8cb,Tier 2,Coty,C-A02,1,0,1,0,0,0,0,0,0,0,0,0,2026-04-17,2026-04-17,1,0,0,"Moscovic DO, Dean (1)",B Mayo MD (1)
McLaren Port Huron Fort Gratiot Internal Medicine,292b69e3-3f35-422f-a60b-87c0ddf678d1,Tier 2,Kristen,K-A02,1,0,1,0,0,0,0,0,0,0,0,0,2026-06-22,2026-06-22,1,0,0,"Whateley MD, Jason (1)",G Jerry MD (1)
Croswell Clinic - McKenzie Health System,2ac1e0f1-866e-4ffa-a132-1099d6d87433,Tier 2,Kristen,K-A02,1,0,0,1,0,0,0,0,0,0,0,0,2026-03-31,2026-03-31,1,0,0,"Gormley MD, Matthew (1)",K Bohm MD (1)
Integrative Family Medicine Clinic - Domino's Farms (U of M),2ca32d51-676d-49f5-8e79-835774431e9d,Tier 3,Jasmine,J-A11,1,0,0,0,1,0,0,0,0,0,0,0,2026-03-31,2026-03-31,1,0,0,"Shumer MD, Gregory (1)","R Leff, DPM (1)"
Cardiovascular Consultants PC,2d7c4478-08d4-4f3b-834e-4a32bb9176a7,not in spine book,,,1,0,1,0,0,0,0,0,0,0,0,0,2026-05-18,2026-05-18,1,0,0,"Amautovic DO, Jelena (1)",D Mendelson MD (1)
"WESTERN WAYNE PHYSICIANS, PLC Allen Park",300beedb-7326-44cf-8008-29d60d8d78bb,Tier 3,Kristen,K-A30,1,0,0,0,1,0,0,0,0,0,0,0,2026-02-10,2026-02-10,1,0,0,"Nester MD, Patricia (1)",J B Klein DPM (1)
Meadowbrook Internists,302019e4-0b7f-4f55-bdca-192920804d63,Tier 2,Coty,C-A04,1,0,1,0,0,0,0,0,0,0,0,0,2026-01-29,2026-01-29,1,0,0,"Stephan MD, Namir (1)",J Mendelson MD (1)
IEP urgent care Southfield,317790ff-8095-48d0-99d4-f53dc94477bb,Prospect,Kristen,K-A15,1,0,0,0,1,0,0,0,0,0,0,0,2026-06-15,2026-06-15,1,0,0,IEP Urgent Care Southfield (1),J B Klein DPM (1)
Dr. Robin’s Heath and Wellness Center,31a45584-b284-4569-b97c-27016e2c1362,Tier 2,Kristen,K-A28,1,0,0,1,0,0,0,0,0,0,0,0,2026-06-02,2026-06-02,1,0,0,"Lipski DO, Robin L (1)",K Bohm MD (1)
PEDIATRIC AND ADOLESCENT CENTER,31fe13d8-1060-4c98-bf75-61f09e803121,Tier 2,Jasmine,J-A12,1,0,1,0,0,0,0,0,0,0,0,0,2026-02-09,2026-02-09,1,0,0,"Nayak  MD, Dinesh (1)",B Mayo MD (1)
8 Mile Chiropractic  Clinic,32475429-6c14-4099-91e9-92b563057570,not in spine book,,,1,0,1,0,0,0,0,0,0,0,0,0,2026-01-22,2026-01-22,1,0,0,"Anderson DC, Nichole (1)",D Mendelson MD (1)
Eastside Podiatry,36-154-3205,not in spine book,,,1,0,1,0,0,0,0,0,0,0,0,0,2026-05-07,2026-05-07,1,0,0,"Burhani DPM, Hatim (1)",J Mendelson MD (1)
The family Doc,3b5d6ffd-3a5a-4ccd-b656-e2340f7c8ea5,Tier 2,Jasmine,J-A07,1,0,1,0,0,0,0,0,0,0,0,0,2026-03-16,2026-03-16,1,0,0,"Nasrallah MD, Ali I (1)",B Mayo MD (1)
Tri County Neurology,3d10a23f-49c8-4b30-b87f-ae7465e0f588,Tier 2,Jasmine,J-A03,1,0,1,0,0,0,0,0,0,0,0,0,2026-07-06,2026-07-06,1,0,0,"Siddiqui MD, Saadia (1)",S Mendelson MD (1)
"Trinity Health IHA Medical Group, Primary Care - Ann Arbor",41bbf717-a150-4c1a-b236-ebab1366b8aa,Tier 3,Jasmine,J-A11,1,0,0,1,0,0,0,0,0,0,0,0,2026-01-28,2026-01-28,1,0,0,"JEUNG, DANIEL (1)",K Bohm MD (1)
1st choice Urgent Care Livonia,4234d0ba-61b7-4931-8788-6156494bcc59,Prospect,Jasmine,J-A05,1,0,0,1,0,0,0,0,0,0,0,0,2026-04-24,2026-04-24,1,0,0,First Choice Urgent Care - Livonia (1),K Bohm MD (1)
Family Medicine,43229ddf-0bb2-45ab-8aa8-3cb4f6b0d51f,Tier 3,Coty,C-A15,1,0,0,0,0,0,1,0,0,0,0,0,2026-07-01,2026-07-01,1,0,0,"Talya NP, Danny (1)",L PA Clinic (1)
Michigan Primary Care - Eastpointe,4328f444-1a86-4fbb-9849-e8a159cce3e2,Tier 2,Jasmine,J-A03,1,0,1,0,0,0,0,0,0,0,0,0,2026-06-04,2026-06-04,1,0,0,"Miller NP, Colleen (1)",B Mayo MD (1)
DR TODD PEDIATRICS,4766540b-1aad-4d5c-979d-7adc928bfb0e,not in spine book,,,1,0,1,0,0,0,0,0,0,0,0,0,2026-05-15,2026-05-15,1,0,0,"Marcus DO, Todd S (1)",B Mayo MD (1)
Horizon Care Medical Group - Warren,476bc8e4-84c4-4063-97a9-b649ed44dddf,Tier 2,Kristen,K-A23,1,0,1,0,0,0,0,0,0,0,0,0,2026-03-11,2026-03-11,1,0,0,"Spearman MD, Anthony (1)",J Yacisen MD (1)
David Weissman MD,4847379a-d2bb-413e-81a8-16188564aef7,Tier 2,Kristen,K-A21,1,0,0,0,1,0,0,0,0,0,0,0,2026-08-03,2026-08-03,1,0,0,"Weissman MD, David E (1)","R Leff, DPM (1)"
Prism Medical Group - Internal Medicine & Pediatrics,4c627c72-5211-427f-b03c-9a4115066f1b,Tier 1,Coty,C-A04,1,0,1,0,0,0,0,0,0,0,0,0,2026-08-13,2026-08-13,1,0,0,"Yoder MD, Cordell (1)",B Mayo MD (1)
Commerce Internal Medicine,4d1d555f-aa98-48e9-b9a2-d323e87d5745,Tier 3,Kristen,K-A09,1,0,0,0,0,1,0,0,0,0,0,0,2026-01-07,2026-01-07,1,0,0,"Markowitz, Norman (1)",K Lee MD (1)
WARREN PODIATRY,4d38264b-b17e-42b4-9043-92ff06e62c09,Tier 3,Coty,C-A11,1,0,0,0,0,1,0,0,0,0,0,0,2026-06-23,2026-06-23,1,0,0,"Mauro DPM, Gary (1)",A Oddo DO (1)
"TERRY D HOWELL, MD, PC",4e57efb6-1ae9-4171-ac14-4be29705805c,Tier 2,Jasmine,J-A11,1,0,1,0,0,0,0,0,0,0,0,0,2026-06-22,2026-06-22,1,0,0,"Howell MD, Terry (1)",S Mendelson MD (1)
Endeavor chiropractic,4edcea7a-987c-45d1-917d-cfe33f3c18ad,Prospect,Jasmine,J-B01,1,0,1,0,0,0,0,0,0,0,0,0,2026-04-13,2026-04-13,1,0,0,Nicolas Solveson DC (1),B Mayo MD (1)
Rochester Medical Center,4edd495f-6f10-4540-9db1-cb2a762d38b0,not in spine book,,,1,0,1,0,0,0,0,0,0,0,0,0,2026-06-23,2026-06-23,1,0,0,"Atallah MD, Pierre (1)",B Mayo MD (1)
Great Lakes Pediatrics,4fa47178-a5bd-4388-97c6-e2410d38d413,Tier 2,Coty,C-A11,1,0,1,0,0,0,0,0,0,0,0,0,2026-08-21,2026-08-21,1,0,0,"Rummani Askar MD, Sundus (1)",J Yacisen MD (1)
Rochester Primary Care,52b21544-4438-4ade-810b-2ce607128ed8,Tier 3,Kristen,K-A05,1,0,0,0,0,1,0,0,0,0,0,0,2026-03-19,2026-03-19,1,0,0,"Schwutke MD, Steffanie (1)",A Oddo DO (1)
Corewell Family Medicine - Grosse Pointe,53870065-638f-4a2b-8ddc-ed21771e1975,Prospect,Kristen,K-A26,1,0,1,0,0,0,0,0,0,0,0,0,2026-07-08,2026-07-08,1,0,0,Corewell Grosse Pointe (1),D Mendelson MD (1)
"GHAZI, SAMINA A, MEDICAL GROUP",53949fba-18e2-4ab7-9005-0978b42e348d,not in spine book,,,1,0,1,0,0,0,0,0,0,0,0,0,2026-07-23,2026-07-23,1,0,0,"Ghazi MD, Samina Ansar (1)",J Mendelson MD (1)
South Lyon Family Docs,573750f7-b7bd-4246-b7ac-f1217823639f,Tier 2,Kristen,K-A27,1,0,0,1,0,0,0,0,0,0,0,0,2026-05-20,2026-05-20,1,0,0,"Eberhardt DO, Brandy (1)",K Bohm MD (1)
"ADULT MEDICAL CARE, PLLC",577210d0-6649-4e69-ad97-285f00706766,Tier 2,Kristen,K-A29,1,0,0,0,1,0,0,0,0,0,0,0,2026-05-19,2026-05-19,1,0,0,"Bhagavatula MD, Kavitha (1)",J B Klein DPM (1)
Associated Orthopedists of Detroit-Shelby Township,59a078a4-145e-43bb-8052-a1ff32814d1e,Tier 2,Coty,C-A03,1,0,1,0,0,0,0,0,0,0,0,0,2026-05-21,2026-05-21,1,0,0,"Ajluni DO, Andrew Farris (1)",J Mendelson MD (1)
"GREAT LAKE PHYSICIANS, PC",5eb36bb9-fcd1-4d12-be8d-6cc4527f5a13,Tier 2,Coty,C-A14,1,0,1,0,0,0,0,0,0,0,0,0,2026-06-10,2026-06-10,1,0,0,"Desai MD, Jayshree (1)",J Mendelson MD (1)
Trinity Health Orthopedic group-Ypsilanti,5fcd802e-4f68-4425-8e82-e66edfaa3720,Tier 2,Jasmine,J-A11,1,0,1,0,0,0,0,0,0,0,0,0,2026-06-12,2026-06-12,1,0,0,"Thomas MD, Jared (1)",J Yacisen MD (1)
Elia & Ponto Law,6a130d03-a657-41c7-99b1-1caf3ad6e44c,Tier 2,Kristen,Phone cadence,1,0,1,0,0,0,0,0,0,0,0,0,2026-03-11,2026-03-11,1,0,0,Elia and Ponto (1),J Yacisen MD (1)
Total Urgent Care - Imlay City,6cdc4f2a-f64d-445d-b603-11a563abda77,Prospect,Kristen,K-A01,1,0,1,0,0,0,0,0,0,0,0,0,2026-01-12,2026-01-12,1,1,0,Imlay City Urgent Care (1),G Jerry MD (1)
Get Well Urgent Care of Shelby,6d4858c6-18d3-4849-b136-42e2fcb84fe3,Prospect,Coty,C-A03,1,0,1,0,0,0,0,0,0,0,0,0,2026-05-27,2026-05-27,1,0,0,Get Well Urgent Care - Shelby (1),D Mendelson MD (1)
Body Mind Spirit Integrated Health,70d0d613-5608-41b6-8a13-3629d775bc6a,not in spine book,,,1,0,0,0,0,1,0,0,0,0,0,0,2026-07-20,2026-07-20,1,0,0,"Zajdel MD, Barbara (1)",K Lee MD (1)
PEDIATRIC AND ADOLESCENT CARE ASSOCIATES,737db59d-0144-4c00-84f1-d0493904d41a,Tier 2,Kristen,K-A11,1,0,1,0,0,0,0,0,0,0,0,0,2026-05-14,2026-05-14,1,0,0,"Likes MD, Keerteshwrya (1)",P Bhullar MD (1)
Correct Cornerstone Pediatrics - 9 Mile,73e281ce-3e3c-4048-afb7-bb11160a109f,Tier 2,Kristen,K-A19,1,0,1,0,0,0,0,0,0,0,0,0,2026-08-12,2026-08-12,1,0,0,"Padesky MD, Paul (1)",D Mendelson MD (1)
IPHCA,74b8c0cb-3736-44a0-9158-3b8106c9c58f,Tier 2,Kristen,K-A09,1,0,1,0,0,0,0,0,0,0,0,0,2026-04-02,2026-04-02,1,0,0,"Syed MD, Suzan (1)",P Bhullar MD (1)
Precise Chiropractic,7949ef7e-580c-41cc-b7ee-5a5d6dadc605,Tier 2,Coty,C-A05,1,0,1,0,0,0,0,0,0,0,0,0,2026-06-29,2026-06-29,1,0,0,"Hanselman, Michael (1)",G Jerry MD (1)
GREENFIELD PEDIATRICS,7ecd408b-3b0b-496a-a756-1a75d9a0ffcb,not in spine book,,,1,0,0,0,1,0,0,0,0,0,0,0,2026-08-05,2026-08-05,1,0,0,"Hasaba MD, Hasan (1)","K Green, DPM (1)"
Pediatric Consultants of Troy - Shelby Township,7f486a16-5999-4a69-b80d-9de7d1f85a2d,Tier 2,Kristen,K-A06,1,0,1,0,0,0,0,0,0,0,0,0,2026-05-27,2026-05-27,1,0,0,"Dubina MD, Elizabeth (1)",J Yacisen MD (1)
Pavilion Family Practice - use this one,81d28e80-f8a8-4a1f-a027-35e8a21e8366,Tier 2,Kristen,K-A21,1,0,1,0,0,0,0,0,0,0,0,0,2026-09-15,2026-09-15,1,0,0,"Lim DO, Lorenzo Ray Mata (1)",J Mendelson MD (1)
Oakland Integrated Healthcare Network,81f49d59-3845-4c1e-8a21-7b2a067375e5,Tier 2,Kristen,K-A07,1,0,1,0,0,0,0,0,0,0,0,0,2026-06-08,2026-06-08,1,0,0,"Shareefuddin MD, Faisal M (1)",B Mayo MD (1)
"SOUTH EAST MICHIGAN MEDICAL ASSOCIATES, PC",84cae8c7-dbdf-450b-836e-557d4c653f98,Tier 3,Kristen,K-A15,1,0,0,0,1,0,0,0,0,0,0,0,2026-06-16,2026-06-16,1,0,0,"Mohammed MD, Abu Fazal Shaik (1)","R Leff, DPM (1)"
IHA CHERRY HILL VILLAGE PEDIATRICS,899fd1b9-3b4e-408a-9886-a869c1c579d2,not in spine book,,,1,0,1,0,0,0,0,0,0,0,0,0,2026-02-24,2026-02-24,1,0,0,"Griffin Teich MD, Hailey (1)",P Bhullar MD (1)
LAKES INTERNAL MEDICINE - 2150,8b9ada78-08d8-45f0-8d09-c043db61a6fd,Tier 1,Kristen,K-A09,1,0,0,0,1,0,0,0,0,0,0,0,2026-08-04,2026-08-04,1,0,0,"Yuzon MD, Dana (1)","R Leff, DPM (1)"
Epic Health - St Clair Shores,8c04fb31-3380-488f-aa8a-954ff32146f2,Tier 2,Kristen,K-A19,1,0,1,0,0,0,0,0,0,0,0,0,2026-05-26,2026-05-26,1,0,0,"Barnett DO, Ronald (1)",B Mayo MD (1)
Maridel Hernadez MD,8d20bd9d-fad3-4505-aa71-e69cb2962597,Tier 2,Coty,C-A08,1,0,1,0,0,0,0,0,0,0,0,0,2026-08-10,2026-08-10,1,0,0,"Hernandez DO, Maridel A (1)",G Jerry MD (1)
"BADHWAR ASSOCIATES, MD, PC",930e15d8-29b2-49a1-be3d-7eae0da7dc41,Tier 2,Jasmine,J-A12,1,0,1,0,0,0,0,0,0,0,0,0,2026-05-13,2026-05-13,1,0,0,"Badhwar MD, Avlokita (1)",J Mendelson MD (1)
Corewell Health Medical Group East,94e41be8-c824-4bbd-8119-47ffbb084071,Tier 2,Coty,C-A11,1,0,1,0,0,0,0,0,1,0,0,0,2026-03-04,2026-03-04,1,0,0,"Jain MD, Deepali (1)",
Academic Internal Medicine (Ascension),97ae4125-fd10-47de-8cae-c053e42232d0,Tier 3,Kristen,K-A04,1,0,0,0,1,0,0,0,0,0,0,0,2026-04-16,2026-04-16,1,0,0,"Kulairi MD, Zain (1)",J B Klein DPM (1)
Rodnick Chiropractic,97e1431f-4c5b-4ec4-b3a5-47267613937b,Tier 1,Kristen,K-A09,1,0,1,0,0,0,0,0,1,0,0,0,2026-02-19,2026-02-19,1,0,0,"Rodnick, Alex (1)",
Corewell Health Urgent Care - Troy Square Lake,9987970f-e745-49c3-858e-9412593241a2,not in spine book,,,1,0,1,0,0,0,0,0,0,0,0,0,2026-04-29,2026-04-29,1,1,0,Corewell Urgent Care Troy - 19/SqLK (1),J Yacisen MD (1)
Saleh Muslah Medical Center,9993f142-7c12-4453-9d67-041ba11dbd5d,not in spine book,,,1,0,1,0,0,0,0,0,0,0,0,0,2026-08-06,2026-08-06,1,1,0,"Saleh MD,  - Berkley UC (1)",J Yacisen MD (1)
Poley Sports Medicine,9bcc1288-88f8-4366-89d5-1954358b0abb,Tier 3,Coty,C-A04,1,0,0,0,0,1,0,0,0,0,0,0,2026-07-23,2026-07-23,1,0,0,"Poley DO, Robert (1)",B Kassa DO (1)
Covenant Community Care - Grosse Pointe,9d486232-ffab-4685-aa35-45d74618d1e7,Tier 2,Kristen,K-A26,1,0,0,1,0,0,0,0,0,0,0,0,2026-07-08,2026-07-08,1,0,0,"Calcut MD, Terry (1)",K Bohm MD (1)
Lauren Uroda MD PC,a22a352a-16c0-43ce-8885-e2c9e5c4a0ac,not in spine book,,,1,0,1,0,0,0,0,0,0,0,0,0,2026-06-22,2026-06-22,1,0,0,"Uroda MD, Lauren (1)",P Bhullar MD (1)
Michigan Head & Spine Institute - Novi,a2352347-063f-4a39-a0c1-25774fd3490b,not in spine book,,,1,0,0,0,1,0,0,0,0,0,0,0,2026-04-07,2026-04-07,1,0,0,"Freydl DO, Karl (1)",J B Klein DPM (1)
Taylor walk-in clinic,a42a04f1-cc44-4398-a98b-e7d51622a415,Prospect,Jasmine,J-A10,1,0,1,0,0,0,0,0,0,0,0,0,2026-03-12,2026-03-12,1,0,0,Taylor Urgent Care (1),S Mendelson MD (1)
Trinity Health - Emergency Medicine,a593a2a7-7132-4eb5-8a8f-67807158ca38,Tier 2,Jasmine,J-A06,1,0,0,1,0,0,0,0,0,0,0,0,2026-07-13,2026-07-13,1,0,0,"Arabo MD, Patricia (1)",K Bohm MD (1)
Schaefer Medical,a5a464ab-73df-48e0-8f49-b80f6b89fc6b,Tier 2,Jasmine,J-A10,1,0,1,0,0,0,0,0,0,0,0,0,2026-04-17,2026-04-17,1,0,0,"Ghani MD, Nesrene (1)",B Mayo MD (1)
Michigan Surgery Specialists,a6425ca5-5f40-4eb9-b8d3-f9f9387bc6a3,not in spine book,,,1,0,0,1,0,0,0,0,0,0,0,0,2026-07-29,2026-07-29,1,0,0,"Colen DO, Alexander (1)",K Bohm MD (1)
Rochester Family Practice,a75491e9-8970-44fd-ba14-868027583a78,Tier 2,Coty,C-A05,1,0,1,0,0,0,0,0,0,0,0,0,2026-08-14,2026-08-14,1,0,0,"Yon MD, Aaron (1)",B Mayo MD (1)
Corewell Health Family Medicine -SAINT CLAIR SHORES,a7f38558-5076-4a5b-9bd2-68b110ff29c1,Tier 2,Coty,C-A13,1,0,1,0,0,0,0,0,0,0,0,0,2026-06-15,2026-06-15,1,0,0,"Shah MD, Sheena P (1)",S Mendelson MD (1)
Michigan Surgery Specialists  - Roseville,a978aadc-a7c9-40f6-be36-465720a638af,Prospect,Coty,C-A13,1,0,0,0,0,1,0,0,0,0,0,0,2026-05-20,2026-05-20,1,0,1,"Hall MD, Jeffrey (1)",B Kassa DO (1)
Corewell Health Urgent Care-Canton,ad812b91-cf8d-48ca-b32b-6a2501ba9e67,Prospect,Jasmine,J-A09,1,0,1,0,0,0,0,0,0,0,0,0,2026-04-13,2026-04-13,1,0,0,Corewell Urgent Care - Canton (1),P Bhullar MD (1)
Belamedica,b0dd30c7-d622-45a0-afcc-00519e73eca3,Tier 2,Coty,C-A09,1,0,1,0,0,0,0,0,0,0,0,0,2026-06-22,2026-06-22,1,0,0,"Mishulin MD, Svetlana (1)",B Mayo MD (1)
Mark Sisson Law,b1d08ae6-47db-4f5e-ae59-860765486ca0,Tier 2,Kristen,Phone cadence,1,0,1,0,0,0,0,0,1,0,0,0,2026-04-20,2026-04-20,1,0,0,Mark Sisson Law (1),
Clarkston Medical Group Adult & Pediatric Medicine,b24ac823-2845-4622-ad3b-eb46f7171bbb,Tier 2,Coty,C-A02,1,0,1,0,0,0,0,0,0,0,0,0,2026-03-04,2026-03-04,1,0,0,"French DO, Katherine Zwark (1)",P Bhullar MD (1)
BEAUMONT URGENT CARE BY WELLSTREET,b2c0e41e-9b4b-4e68-9a9a-20a7837dbbd6,Prospect,Jasmine,J-A07,1,0,0,0,1,0,0,0,0,0,0,0,2026-06-03,2026-06-03,1,1,0,Corewell Urgent Care Dearborn (1),J B Klein DPM (1)
NEW HORIZON PEDIATRIC CARE- use this one,b3b0eaef-0815-4a91-b231-e5ebeec0eda4,not in spine book,,,1,0,1,0,0,0,0,0,0,0,0,0,2026-02-16,2026-02-16,1,0,0,"BALIGA MD, SRINIVAS (1)",B Mayo MD (1)
Limitless Physical Therapy and Performance,b674ee01-88b6-42e2-8d45-e1de4891ab56,Tier 2,Kristen,K-A05,1,0,1,0,0,0,0,0,0,0,0,0,2026-06-16,2026-06-16,1,0,0,"King DPT, Seth (1)",B Mayo MD (1)
Oakland Physicians,b7bb574d-993f-4604-9935-c8ab3a113635,Tier 3,Kristen,K-A20,1,0,0,0,1,0,0,0,0,0,0,0,2026-05-22,2026-05-22,1,0,0,"Rizk MD, Regina (1)","K Green, DPM (1)"
"PONDURI, KAVITHA, MEDICAL GROUP",b873599c-56bb-4876-b2ec-95215a325efb,Tier 3,Jasmine,J-A08,1,0,0,0,0,1,0,0,0,0,0,0,2026-03-23,2026-03-23,1,0,0,"Ponduri MD, Kavitha (1)",K Lee MD (1)
ProMed Urgent Care and Primary Care,bc1966c5-6f92-4afa-ad26-6886bba399f9,Prospect,Coty,C-A11,1,0,1,0,0,0,0,0,0,0,0,0,2026-04-16,2026-04-16,1,1,0,ProMed Urgent Care Roseville (1),P Bhullar MD (1)
Troy Pediatrics,bc9cfc71-45e3-42dc-ae93-3a7cdaa01807,not in spine book,,,1,0,1,0,0,0,0,0,0,0,0,0,2026-02-20,2026-02-20,1,0,0,Troy Pediatrics (1),J Yacisen MD (1)
Emcura Immediate Care - Grosse Pointe,bf549ea4-0d9c-4877-927c-ed3f99bf0988,Prospect,Kristen,K-A19,1,0,0,0,1,0,0,0,0,0,0,0,2026-08-04,2026-08-04,1,0,0,Emcura- Grosse Pointe (1),J B Klein DPM (1)
Spectrum Legal Services,bfb1b14e-4967-437e-9c59-c55374e64049,not in spine book,,,1,0,0,0,0,1,0,0,1,0,0,0,2026-09-09,2026-09-09,1,0,0,Carl Jackson III (1),S McCarty [after telehealth] (1)
Macomb Spine Care,c3d66a4c-f046-43dd-ae93-ae4aabe95524,Tier 3,Kristen,K-A08,1,0,0,0,1,0,0,0,0,0,0,0,2026-04-17,2026-04-17,1,0,0,"Clark, Daniel (1)","R Leff, DPM (1)"
Foot & Ankle Specialists of Southeast Michigan - Warren,c47f040d-217f-4526-bd80-92b1073a4d77,Tier 3,Coty,C-A10,1,0,0,0,0,1,0,0,0,0,0,0,2026-06-25,2026-06-25,1,0,0,"KISSEL DPM, BRIAN (1)",A Oddo DO (1)
NICOLOFF HOLISTIC FAMILY MEDICINE,c53a52e1-de9e-438f-87b9-f80c5bf3c183,not in spine book,,,1,0,1,0,0,0,0,0,1,0,0,0,2026-05-29,2026-05-29,1,0,0,"Nicoloff MD, George (1)",
CENTER FOR INTERNAL MEDICINE CONTINUITY CLINIC,ce969d89-5e72-4361-9024-039ad31f5bc3,Tier 2,Jasmine,J-A05,1,0,1,0,0,0,0,0,0,0,0,0,2026-01-13,2026-01-13,1,0,0,"Nguyen DO, Hao (1)",P Bhullar MD (1)
IHA Family Medicine,cfc1a768-52b4-4363-b4f1-1d54ec8e1b8c,Prospect,Jasmine,J-C04,1,0,0,1,0,0,0,0,0,0,0,0,2026-03-04,2026-03-04,1,0,1,"Katial MD, Vaishali (1)",K Bohm MD (1)
"*NOVAMEDICA, PLLC",d2a011ae-fad5-4195-a59b-93376dd15321,Tier 2,Jasmine,J-A05,1,0,0,0,0,1,0,0,0,0,0,0,2026-07-31,2026-07-31,1,0,0,"Przybyla NP, Bridget (1)",K Lee MD (1)
Vital Medicine,d96ab765-7e8d-447c-b9a1-72f2bcda2283,Tier 2,Coty,C-A14,1,0,1,0,0,0,0,0,0,0,0,0,2026-06-18,2026-06-18,1,0,0,"Shuker MD, Ala (1)",P Bhullar MD (1)
Glazer Spine Center- use,db36e827-679d-4248-8834-41450c4256cf,Prospect,Coty,C-A09,1,0,1,0,0,0,0,0,0,0,0,0,2026-04-14,2026-04-14,1,0,0,"Glazer DC, Shelby R (1)",S Mendelson MD (1)
Purdy Chiropractic Center,e07e12c2-6f7f-48ec-bcea-556f883be0ea,Tier 2,Kristen,K-A11,1,0,1,0,0,0,0,0,0,0,0,0,2026-03-03,2026-03-03,1,0,0,"Purdy- Cantu DC, Nicole (1)",B Mayo MD (1)
Troy Primary Care,e160ee5a-9916-41e2-b0c6-e2dae5007a6e,Tier 2,Coty,C-A09,1,0,1,0,0,0,0,0,0,0,0,0,2026-06-16,2026-06-16,1,0,0,"Kado MD, Hadeel (1)",B Mayo MD (1)
Michigan Orthopedic Surgeons- Southfield,e1c8dbbf-56d1-41b9-82e4-7fa1950cb943,Prospect,Jasmine,J-C03,1,0,0,0,1,0,0,0,0,0,0,0,2026-07-16,2026-07-16,1,0,0,"Fischgrund MD, Jeffrey (1)","K Sorensen, DPM (1)"
Michigan MSK Medicine - Clinton Township,e2e88457-4627-4d77-a90e-00417069f605,Tier 3,Coty,C-A08,1,0,0,0,0,1,0,0,0,0,0,0,2026-07-09,2026-07-09,1,0,0,"Hickling, David Robert (1)",A Oddo DO (1)
Jawad Agha MD - Hazel Park Urgent Care,e2ff9b74-2f79-451c-a250-faabdd5cdea5,Prospect,Kristen,K-A23,1,0,0,0,1,0,0,0,0,0,0,0,2026-05-26,2026-05-26,1,0,0,Hazel Park Urgent Care (1),J B Klein DPM (1)
Internal Medicine Specialists,e37d14fb-2eea-4cb1-8957-ff0081af7ed5,Tier 3,Kristen,K-A14,1,0,0,0,1,0,0,0,0,0,0,0,2026-05-01,2026-05-01,1,0,0,"FELDMAN MD, MICHAEL (1)","R Leff, DPM (1)"
WELL BEING PEDIATRICS,e5e6ea92-d9c9-49c0-b1f3-b645b04e1adb,Tier 2,Kristen,K-A20,1,0,0,1,0,0,0,0,0,0,0,0,2026-04-24,2026-04-24,1,0,0,"Forman MD, Seth (1)",K Bohm MD (1)
GOGUE PEDIATRICS,e93c4384-93e5-43ab-a1a5-665529f4411f,not in spine book,,,1,0,1,0,0,0,0,0,0,0,0,0,2026-09-17,2026-09-17,1,0,0,"Gogue, Paul L (1)",J Mendelson MD (1)
Corewell Urgent Care - Novi,e996949d-e85c-4588-a081-deb7cdc8510a,Tier 2,Jasmine,J-A01,1,0,0,0,1,0,0,0,0,0,0,0,2026-04-22,2026-04-22,1,0,0,Corewell Urgent Care - Novi (1),J B Klein DPM (1)
Wattles Internal Medicine- use,ea9682a6-09ea-4d32-a71d-171ffffb7847,Tier 2,Kristen,K-A10,1,0,1,0,0,0,0,0,0,0,0,0,2026-07-07,2026-07-07,1,0,0,"Zohoury DO, Mark (1)",B Mayo MD (1)
SOMERSET PEDIATRICS,eac89ac4-40e0-4d3a-b812-65771f67412f,Tier 3,Kristen,K-A10,1,0,0,0,1,0,0,0,0,0,0,0,2026-02-27,2026-02-27,1,0,0,"Massarani MD, Tamer (1)","K Green, DPM (1)"
David S Weingarden MD & Associates,ec2dcadc-ce63-4324-aea0-52ae2b2bdd91,Tier 2,Kristen,K-A08,1,0,1,0,0,0,0,0,0,0,0,0,2026-05-29,2026-05-29,1,0,0,"Davis MD, David (1)",SH PAClinic (1)
Warren Urgent Care,ecbb2f66-1bc0-45b0-a9fa-72913b2703bf,not in spine book,,,1,0,1,0,0,0,0,0,0,0,0,0,2026-06-15,2026-06-15,1,1,0,"CRUZ PA, MICHELLE ELIZABETH (Warren Urgent Care) (1)",D Mendelson MD (1)
Clarkston Internal Medicine,ee3a65be-8491-4075-a06b-3a17b7545316,Prospect,Coty,C-C02,1,0,0,1,0,0,0,0,0,0,0,0,2026-09-16,2026-09-16,1,0,0,"Clemence NP, Megan (1)",K Bohm MD (1)
Healthquest Chiropractic,f2dc38ef-6f3e-46e7-81ca-1ac74b888995,Tier 2,Coty,C-A14,1,0,1,0,0,0,0,0,0,0,0,0,2026-08-18,2026-08-18,1,0,0,"Campbell DC, Mark D (1)",S Mendelson MD (1)
Emcura urgent care novi,f4f566d7-e388-4604-883a-96713824cbff,Prospect,Coty,C-A14,1,0,0,0,1,0,0,0,0,0,0,0,2026-08-13,2026-08-13,1,0,0,Emcura Urgent Care (1),"K Sorensen, DPM (1)"
Physician HeathCare Network - Marysville,f6ae01d5-e2aa-485f-93b1-7586e5fdcd26,Tier 2,Kristen,K-A03,1,0,1,0,0,0,0,0,0,0,0,0,2026-04-08,2026-04-08,1,0,0,"Colombo MD, John D (1)",J Yacisen MD (1)
SOUTHFIELD URGENT CARE,f8db03fe-3188-4a31-b4ee-6010086c7552,Tier 3,Jasmine,J-A02,1,0,0,0,1,0,0,0,0,0,0,0,2026-06-08,2026-06-08,1,0,0,Southfield Urgent Care (1),"R Leff, DPM (1)"
MI Express Urgent Care,fc1455cf-74a6-4b97-b05f-e677351745de,Tier 2,Jasmine,J-A11,1,0,1,0,0,0,0,0,0,0,0,0,2026-07-06,2026-07-06,1,0,0,MI Express Urgent Care (1),P Bhullar MD (1)
WESTLAND CLINIC - use,ff31198c-887e-4720-94cd-4d7fb158d9b5,Tier 2,Kristen,K-A29,1,0,1,0,0,0,0,0,0,0,0,0,2026-01-05,2026-01-05,1,0,0,"Colman NP, Jodie (1)",P Bhullar MD (1)
