PL,Week,Week of,Day,Stops,Tier 1,Tier 2,Tier 3,Prospects,Spine Patients,Primary Area,Home Route Days,Finish-early Bonus,Google Maps Route
Coty,W2,2026-08-10,C-W2D1,10,5,2,0,3,9,Shelby Township (4) • Sterling Heights (3) • Warren (1),"R02, R03, R04, R06, R10, R18",Prism Medical Group - Family Medicine Ste 240 · Prism Medical Group - Internal Medicine,https://www.google.com/maps/dir/?api=1&travelmode=driving&dir_action=navigate&destination=43200%20Dequindre%20Rd%2C%20Sterling%20Heights%2C%20Michigan%2C%2048314&waypoints=11300%20E%2013%20Mile%20Rd%2C%20Suite%201%2C%20Warren%2C%20MI%2C%2048093%7C15501%20Metro%20Parkway%2C%20Clinton%20Township%2C%20Michigan%2C%2048036%7C43145%20Schoenherr%20Rd%2C%20Sterling%20Heights%2C%20Michigan%2C%2048313%7C46591%20Romeo%20Plank%20Road%2C%20Macomb%2C%20Michigan%2C%2048044%7C50505%20Schoenherr%20Rd%20ste%20120%2C%20Shelby%20Township%2C%20Michigan%2C%2048315%7C50505%20Schoenherr%20Rd%20ste%20300%2C%20Shelby%20Township%2C%20Michigan%2C%2048315%7C50505%20Schoenherr%20Road%2C%20ste%20250%2C%20Shelby%20Township%2C%20Michigan%2C%2048315%7C49310%20Van%20Dyke%20Ave%2C%20Shelby%20Township%2C%20Michigan%2C%2048317%7C43200%20Dequindre%20Rd.%2C%20Ste%20104%20Sterling%20Heights%2C%20MI%2048314%2C%20United%20States%2C%20Sterling%20Heights%2C%20Michigan%2C%2048314
Coty,W2,2026-08-10,C-W2D2,10,4,5,1,0,6,Troy (3) • Sterling Heights (3) • Berkley (2),"R04, R06, R07, R21, R30",Troy Health Center · Prism Medical Group - Family Medicine Ste 240,https://www.google.com/maps/dir/?api=1&travelmode=driving&dir_action=navigate&destination=33703%20Van%20Dyke%20Ave%2C%20Sterling%20Heihhts%2C%20MI%2C%2048312&waypoints=1964%2011%20Mile%20Rd%2C%20Berkley%2C%20MI%2C%2048072%7C2635%20Coolidge%20Hwy%2C%20Berkley%2C%20MI%2C%2048072%7C4045%20West%2013%20Mile%20Road%2C%20Royal%20Oak%2C%20Michigan%2C%2048073%7C1627%20W%20Big%20Beaver%20Rd%2C%20Troy%2C%20Michigan%2C%2048084%7C3250%20W%20Big%20Beaver%20Rd%20%23144%2C%20Troy%2C%20Michigan%2C%2048084%7C4101%20John%20R%20Rd%2C%20Troy%2C%20Michigan%2C%2048085%7C3840%2017%20Mile%20Road%2C%20Sterling%20Heights%2C%20Michigan%2C%2048310%7C5843%2017%20Mile%20Road%2C%20Sterling%20Heights%2C%20Michigan%2C%2048310%7C8244%20Metro%20Parkway%2C%20Sterling%20Heights%2C%20Michigan%2C%2048312
Coty,W2,2026-08-10,C-W2D3,6,1,1,0,4,3,Milford Charter Township (3) • Milford (2) • Highland Charter Township (1),R08,Neurology Consultants of Southfield · Physicians in Family Medicine,https://www.google.com/maps/dir/?api=1&travelmode=driving&dir_action=navigate&destination=1050%20Corporate%20Office%20Dr%2C%20Milford%2C%20Michigan%2C%2048381&waypoints=2330%20S%20Milford%20Rd%2C%20ste%20120%20Highland%2C%20Highland%20Charter%20Township%2C%20Michigan%2C%2048357%7C1435%20N.%20Milford%2C%20ste%20100%2C%20Milford%2C%20MI%2C%2048381%7C1435%20N%20Milford%20Rd%20suite%20200%20Milford%2C%20Milford%20Charter%20Township%2C%20Michigan%2C%2048381%7C1501%20N%20Milford%20Rd%20ste%20200%2C%20Milford%20Charter%20Township%2C%20Michigan%2C%2048381%7C600%20Highland%20Ave%20Milford%2C%20Milford%20Charter%20Township%2C%20Michigan%2C%2048381
Coty,W2,2026-08-10,C-W2D4,10,4,4,0,2,4,Madison Heights (7) • Warren (2) • Ferndale (1),"R04, R11, R14",Troy Health Center · Prism Medical Group - Family Medicine Ste 240,https://www.google.com/maps/dir/?api=1&travelmode=driving&dir_action=navigate&destination=8545%20Common%20Rd%2C%20Ste%20280%2C%20Warren%2C%20Michigan%2C%20480936772&waypoints=1200%20W%2012%20Mile%20Rd%2C%20Madison%20Heights%2C%20MI%2C%2048071%7C28200%20John%20R%20Road%2C%20Madison%20Heights%2C%20MI%2C%2048071%7C610%20E%2012%20Mile%20Rd%2C%20Madison%20Heights%2C%20MI%2C%20480712567%7C27483%20DeQuindre%20Rd%20suite%20302%2C%20Madison%20Heights%2C%20Michigan%2C%2048071%7C27483%20Dequindre%20Rd%20suite%20306%2C%20Madison%20Heights%2C%20Michigan%2C%2048071%7C27483%20Dequindre%20Rd%20suite%20301%2C%20Madison%20Heights%2C%20Michigan%2C%2048071%7C26505%20John%20R%20Rd%2C%20Madison%20Heights%2C%20MI%2C%2048071%7C911%20E%209%20Mile%20Rd%2C%20Ferndale%2C%20Michigan%2C%2048220%7C23411%20Ryan%20Rd%2C%20Warren%2C%20MI%2C%2048091
Coty,W2,2026-08-10,C-W2D5,10,2,3,1,4,2,New Baltimore (3) • St. Clair Shores (3) • Clinton Township (2),"R01, R09, R18, R25, R29",Lakeview Medical Center · Prism Medical Group - Family Medicine Ste 240,https://www.google.com/maps/dir/?api=1&travelmode=driving&dir_action=navigate&destination=24911%20Little%20Mack%20Ave%20Ste%20C%2C%20St.%20Clair%20Shores%2C%20Michigan%2C%2048080&waypoints=58144%20Gratiot%20Ave%2C%20New%20Haven%2C%20Michigan%2C%2048048%7C34301%2023%20Mile%20Road%2C%20New%20Baltimore%2C%20MI%2C%2048047%7C31225%2023%20Mile%20Rd%2C%20New%20Baltimore%2C%20Michigan%2C%2048047%7C50630%20Chesterfield%20Rd%2C%20New%20Baltimore%2C%20Michigan%2C%2048051%7C22701%20Hall%20Rd%20ste%20100%2C%20Macomb%2C%20Michigan%2C%2048042%7C36385%20Harper%20Ave%20Clinton%20Twp%2C%20Clinton%20Township%2C%20Michigan%2C%2048035%7C36385%20Harper%20Ave%2C%20Michigan%2C%2048035%7C21603%20E%2011%20MILE%20RD%2C%20SAINT%20CLAIR%20SHORES%2C%20Michigan%7C25631%20LITTLE%20MACK%20AVE%20STE%20103%2C%20SAINT%20CLAIR%20SHORES%2C%20Michigan
Coty,W3,2026-08-17,C-W3D1,10,4,3,0,3,10,St. Clair Shores (6) • Roseville (3) • Harper Woods (1),"R01, R05, R29",Shaun Jayakar MD · Oak Street Health - Eastgate,https://www.google.com/maps/dir/?api=1&travelmode=driving&dir_action=navigate&destination=24715%20Little%20Mack%20Ave%20ste%20100%2C%20St.%20Clair%20Shores%2C%20Michigan%2C%2048080&waypoints=23600%20Harper%20Ave%20ste%20103%20St%20Clair%20Shores%2C%20St.%20Clair%20Shores%2C%20Michigan%2C%2048080%7C24100%20Little%20Mack%20Ave%2C%20Saint%20Clair%20Shores%2C%20MI%2C%2048080%7C24800%20Harper%2C%20Saint%20Clair%20Shores%2C%20MI%2C%2048080%7C18303%20E%2010%20Mile%20Rd%20%23500%2C%20Roseville%2C%20Michigan%2C%2048066%7C18285%20East%2010%20Mile%20Road%2C%20Roseville%2C%20Michigan%2C%2048066%7C18325%20E.%2010%20Mile%20Rd%20Suite%20300%2C%20Roseville%2C%20MI%2C%2048066%7C19959%20Vernier%20Rd%2C%20Suite%20200%2C%20Harper%20Woods%2C%20MI%2C%2048225%7C22790%20Harper%20Ave%20ste%20c%20St%20Clair%20Shores%2C%20St.%20Clair%20Shores%2C%20Michigan%2C%2048080%7C22646%20East%209%20Mile%20Road%2C%20Suite%20A%2C%20St%20Clair%20Shores%2C%20MI%2C%2048080
Coty,W3,2026-08-17,C-W3D2,10,3,2,0,5,3,Warren (7) • Sterling Heights (3),"R04, R06, R10, R11",Oakland Primary Care · Oak Street Health - Eastgate,https://www.google.com/maps/dir/?api=1&travelmode=driving&dir_action=navigate&destination=13430%2013%20Mile%20Rd%2C%20Warren%2C%20Michigan%2C%2048088&waypoints=2405%20E%2014%20Mile%20Rd%2C%20Sterling%20Heights%2C%20MI%2C%2048310%7C5195%2015%20Mile%20Rd%2C%20Sterling%20Heights%2C%20Michigan%2C%2048310%7C13801%2015%20Mile%20Rd%2C%20Sterling%20Heights%2C%20Michigan%2C%2048312%7C14050%2014%20Mile%20Rd%2C%20Warren%2C%20MI%2C%2048088%7C11900%20E%2012%20Mile%20Rd%2C%20ste%20201%2C%20Warren%2C%20MI%2C%20480933490%7C11900%20Twelve%20Mile%20Rd%20suite%20300%2C%20Warren%2C%20Michigan%2C%2048093%7C28001%20Schoenherr%20Road%2C%20Warren%2C%20Michigan%2C%2048088%7C25625%20Schoenherr%20Rd%2C%20Warren%2C%20MI%2C%2048089%7C26440%20Hoover%20Rd%20ste%20c%2C%20Warren%2C%20Michigan%2C%2048089
Coty,W3,2026-08-17,C-W3D3,10,1,0,0,9,1,Howell (7) • Brighton (3),"R17, R22",Faith Internal Medicine & Urgent Care · Troy Primary Care,https://www.google.com/maps/dir/?api=1&travelmode=driving&dir_action=navigate&destination=8273%20Grand%20River%20Ave%20ste%20220%2C%20Brighton%2C%20Michigan%2C%2048114&waypoints=1225%20S%20Latson%20Rd%20%23200%2C%20Howell%2C%20Michigan%2C%2048843%7C1225%20S%20Latson%20Rd%20ste%20350%2C%20Howell%2C%20Michigan%2C%2048843%7C1225%20S%20Latson%20Rd%20ste%20260%2C%20Howell%2C%20Michigan%2C%2048843%7C1225%20S%20Latson%20Rd%20ste%20260%2C%20Howell%2C%20Michigan%2C%2048843%7C1225%20S%20Latson%20Rd%2C%20Howell%2C%20Michigan%2C%2048843%7C1225%20S%20Latson%20Rd%20%23340%2C%20Howell%2C%20Michigan%2C%2048843%7C1225%20South%20Latson%20Road%2C%20Howell%2C%20Michigan%2C%2048843%7C2305%20Genoa%20Business%20Pk%20Dr%2C%20ste%20120%2C%20Brighton%2C%20MI%2C%2048114-7004%7C2305%20Genoa%20Business%20Park%20Dr%2C%20Unit%20170%2C%20Brighton%2C%20Michigan%2C%2048114
Coty,W3,2026-08-17,C-W3D4,5,1,0,0,4,1,New Baltimore (2) • Richmond (1) • Lenox (1),R09,Normandy Family Practice · Schoenherr Family Practice,https://www.google.com/maps/dir/?api=1&travelmode=driving&dir_action=navigate&destination=9838%20Dixie%20Hwy%2C%20Fair%20Haven%2C%20mi%2C%2048023&waypoints=66440%20Gratiot%20Ave%2C%20Richmond%2C%20Michigan%2C%2048050%7C36555%2026%20Mile%20Rd%20suite%203600%2C%20Lenox%2C%20Michigan%2C%2048048%7C36750%2026%20Mile%20Rd%2C%20ste%20220%2C%20New%20Baltimore%2C%20Michigan%2C%2048047%7C36750%2026%20Mile%20Rd%2C%20ste%20240%2C%20New%20Baltimore%2C%20Michigan%2C%2048047
Coty,W3,2026-08-17,C-W3D5,10,2,1,2,5,2,Southfield (3) • Farmington Hills (2) • Farmington (1),"R07, R15, R30",Troy Primary Care · Faith Internal Medicine & Urgent Care,https://www.google.com/maps/dir/?api=1&travelmode=driving&dir_action=navigate&destination=1560%20E%20Maple%20Rd%20ste%20200%2C%20Troy%2C%20Michigan%2C%2048083&waypoints=29829%20Telegraph%20Rd%20suite%20200%2C%20Southfield%2C%20Michigan%2C%2048034%7C26400%20West%2012%20Mile%20Rd%2C%20Suite%20170%2C%20Southfield%2C%20MI%2C%2048034%7C28595%20Orchard%20Lake%20Road%2C%20ste%20200%2C%20Farmington%2C%20Michigan%2C%20483342977%7C32255%20NORTHWESTERN%20HWY%20STE%20100%2C%20FARMINGTON%20HILLS%2C%20Michigan%2C%2048334%7C32255%20NORTHWESTERN%20HWY%20STE%20165%2C%20FARMINGTON%20HILLS%2C%20Michigan%2C%2048334%7C32270%20Telegraph%20Road%2C%20ste%20220B%2C%20Bingham%20Farms%2C%20Michigan%2C%2048025%7C18591%20W%2010%20Mile%20Rd%2C%20SOUTHFIELD%2C%20Michigan%2C%2048075%7C15300%20W%209%20Mile%20Rd%2C%20ste%201%2C%20Oak%20Park%2C%20MI%2C%2048237%7C26711%20Woodward%20Ave%2C%20ste%20103%2C%20Huntington%20Woods%2C%20MI%2C%2048070
Coty,W4,2026-08-24,C-W4D1,10,2,3,1,4,2,Rochester Hills (6) • Rochester (4),"R19, R20, R27, R28",Office of Josephine A. Iskander MD · Premier Private Physicians,https://www.google.com/maps/dir/?api=1&travelmode=driving&dir_action=navigate&destination=427%20W%20University%2C%20Rochester%2C%20MI%2C%2048307&waypoints=633%20E%20South%20Blvd%20%231200%2C%20Rochester%20Hills%2C%20Michigan%2C%2048307%7C555%20Barclay%20Circle%2C%20ste%20150%2C%20Rochester%20Hills%2C%20Michigan%2C%2048307%7C75%20Barclay%20Cir%2C%20%23230%2C%20Rochester%20Hills%2C%20Michigan%2C%2048307%7C75%20Barclay%20Cir%20ste%20235%2C%20Rochester%20Hills%2C%20Michigan%2C%2048307%7C75%20Barclay%20Cir%20ste%20208%2C%20Rochester%20Hills%2C%20Michigan%2C%2048307%7C75%20Barclay%20Circle%2C%20ste%20120%2C%20Rochester%2C%20MI%2C%2048307%7C1135%20W%20University%20Dr%20suite%20425%2C%20Rochester%2C%20Michigan%2C%2048307%7C1135%20West%20University%2C%20ste%20450%2C%20Rochester%2C%20MI%2C%2048307%7C1135%20W%20University%20Dr%20ste%20240%2C%20Rochester%20Hills%2C%20Michigan%2C%2048307
Coty,W4,2026-08-24,C-W4D2,10,2,2,0,6,2,Clarkston (9) • Village Of Clarkston (1),"R12, R24",North Valley Internal Medicine · Premier Private Physicians,https://www.google.com/maps/dir/?api=1&travelmode=driving&dir_action=navigate&destination=6815%20DIXIE%20HWY%20STE%201%2C%20CLARKSTON%2C%20MI%2C%2048346&waypoints=5625%20Water%20Tower%20Place%20ste%20220%2C%20City%20of%20the%20Village%20of%20Clarkston%2C%20Michigan%2C%2048346%7C5625%20Water%20Tower%20Place%20suite%20210%2C%20City%20of%20the%20Village%20of%20Clarkston%2C%20Michigan%2C%2048346%7C5625%20Water%20Tower%20Place%2C%20Village%20of%20Clarkston%2C%20Michigan%2C%2048346%7C7210%20N%20Main%20St%20suite%20205%2C%20City%20of%20the%20Village%20of%20Clarkston%2C%20Michigan%7C5701%20Bow%20Pointe%20Dr%20ste%20100%2C%20Clarkston%2C%20Michigan%2C%2048346%7C5701%20Bow%20Pointe%20Dr%20suite%20305%2C%20City%20of%20the%20Village%20of%20Clarkston%2C%20Michigan%2C%2048346%7C5701%20Bow%20Pointe%20Drive%2C%20Clarkston%2C%20Michigan%2C%2048346%7C6770%20Dixie%20Hwy%20Ste%20303%2C%20Clarkston%2C%20MI%2C%2048346%7C6815%20Dixie%20Hwy%2C%20City%20of%20the%20Village%20of%20Clarkston%2C%20Michigan%2C%2048346
Coty,W4,2026-08-24,C-W4D3,1,0,1,0,0,0,Trenton (1),R16,"GREAT LAKE PHYSICIANS, PC · Epic Primary Care - Ferndale",https://www.google.com/maps/dir/?api=1&travelmode=driving&dir_action=navigate&destination=1675%20Kingsway%20Court%2C%20Trenton%2C%20Michigan%2C%2048183
Coty,W4,2026-08-24,C-W4D4,1,0,1,0,0,0,Whitmore Lake (1),R22,North Valley Internal Medicine · Vital Medicine,https://www.google.com/maps/dir/?api=1&travelmode=driving&dir_action=navigate&destination=9547%20Chilson%20Commons%20Cir%2C%20Whitmore%20Lake%2C%20Michigan%2C%2048189
Coty,W4,2026-08-24,C-W4D5,10,1,3,0,6,6,Rochester Hills (7) • Shelby Township (3),"R03, R20, R27",Office of Josephine A. Iskander MD · Chronic Pain Institute,https://www.google.com/maps/dir/?api=1&travelmode=driving&dir_action=navigate&destination=940%20W%20Avon%20Rd%2C%20Rochester%20Hills%2C%20Michigan%2C%2048307&waypoints=13350%2024%20Mile%20Rd%20ste%20200%2C%20Shelby%20Township%2C%20Michigan%2C%2048315%7C13350%2024%20Mile%20Rd%20%23700b%2C%20Shelby%20Township%2C%20Michigan%2C%2048315%7C49221%20Van%20Dyke%20Ave%2C%20Shelby%20Township%2C%20MI%2C%2048317%7C1701%20E%20South%20Blvd%20ste%20240%2C%20Rochester%20Hills%2C%20Michigan%2C%2048307%7C1701%20E%20South%20Blvd%2C%20Rochester%20Hills%2C%20Michigan%2C%2048307%7C1701%20E%20South%20Blvd%20ste%20104%2C%20Rochester%20Hills%2C%20Michigan%2C%2048307%7C1701%20E%20South%20Blvd%20ste%20160%2C%20Rochester%20Hills%2C%20Michigan%2C%2048307%7C1701%20E%20South%20Blvd%20suite%20b75%2C%20Rochester%20Hills%2C%20Michigan%2C%2048307%7C1701%20South%20Boulevard%20East%2C%20Suite%20290%2C%20Rochester%20Hills%2C%20Michigan%2C%2048307
Coty,W5,2026-08-31,C-W5D1,10,6,3,1,0,14,Clinton Township (4) • Warren (2) • Roseville (2),"R01, R02, R04, R05, R10, R11",Henry Ford Macomb Internal Medicine · Beaumont Associated Family Care - Warren,https://www.google.com/maps/dir/?api=1&travelmode=driving&dir_action=navigate&destination=25100%20Kelly%20Rd%2C%20Roseville%2C%20Michigan%2C%2048066&waypoints=11300%20E%2013%20Mile%20Rd%2C%20Suite%201%2C%20Warren%2C%20MI%2C%2048093%7C15501%20Metro%20Parkway%2C%20Clinton%20Township%2C%20Michigan%2C%2048036%7C43145%20Schoenherr%20Rd%2C%20Sterling%20Heights%2C%20Michigan%2C%2048313%7C42621%20Garfield%20Rd%2C%20ste%20108%2C%20Clinton%20Township%2C%20MI%2C%20480385031%7C43900%20Garfield%20Rd%20ste%20222%2C%20Clinton%20Township%2C%20Michigan%2C%2048038%7C15717%2015%20Mile%20Rd%2C%20Clinton%20Township%2C%20MI%2C%2048035%7C27450%20Schoenherr%2C%20ste%20400%2C%20Warren%2C%20Michigan%2C%2048088%7C26390%20Gratiot%20Ave%2C%20Roseville%2C%20Michigan%2C%2048066%7C21610%209%20Mile%20Rd%2C%20St%20Clair%20Shores%2C%20MI%2C%2048080
Coty,W5,2026-08-31,C-W5D2,10,6,1,0,3,8,Troy (5) • Madison Heights (2) • Berkley (1),"R04, R07, R11, R14, R21, R31",Progressive Health Care · Saurabh Gupta MD,https://www.google.com/maps/dir/?api=1&travelmode=driving&dir_action=navigate&destination=23411%20Ryan%20Rd%2C%20Warren%2C%20MI%2C%2048091&waypoints=1964%2011%20Mile%20Rd%2C%20Berkley%2C%20MI%2C%2048072%7C1380%20Coolidge%20Hwy%20suite%20200%2C%20Troy%2C%20Michigan%2C%2048084%7C1380%20Coolidge%20Hwy%20ste%20100%2C%20Troy%2C%20Michigan%2C%2048084%7C1380%20Coolidge%20Hwy%20suite%20250%2C%20Troy%2C%20Michigan%2C%2048084%7C1380%20Coolidge%20Highway%2C%20ste%20100%2C%20Troy%2C%20Michigan%2C%2048084%7C1627%20W%20Big%20Beaver%20Rd%2C%20Troy%2C%20Michigan%2C%2048084%7C1200%20W%2012%20Mile%20Rd%2C%20Madison%20Heights%2C%20MI%2C%2048071%7C28200%20John%20R%20Road%2C%20Madison%20Heights%2C%20MI%2C%2048071%7C911%20E%209%20Mile%20Rd%2C%20Ferndale%2C%20Michigan%2C%2048220
Coty,W5,2026-08-31,C-W5D3,7,1,2,0,4,2,Livonia (4) • Novi (2) • Farmington Hills (1),"R13, R15",EPIC Southfield - Telegraph Rd office · Epic Healthcare - Southfield,https://www.google.com/maps/dir/?api=1&travelmode=driving&dir_action=navigate&destination=26850%20PROVIDENCE%20PKWY%20STE%20260%2C%20NOVI%2C%20MI%2C%2048374&waypoints=15645%20Farmington%20Rd%2C%20Livonia%2C%20Michigan%2C%2048154%7C36180%205%20MILE%20RD%2C%20LIVONIA%2C%20Michigan%2C%2048154%7C37595%207%20MILE%20RD%20STE%20240%2C%20LIVONIA%2C%20MI%2C%2048152%7C37595%207%20Mile%2C%20Livonia%2C%20Michigan%2C%2048152%7C24100%20Drake%20Rd%2C%20Farmington%20Hills%2C%20Michigan%2C%2048335%7C42350%20Grand%20River%20Ave%2C%20Novi%2C%20Michigan%2C%2048375
Coty,W5,2026-08-31,C-W5D4,7,0,5,0,2,0,St. Clair Shores (5) • Clinton Township (1) • Roseville (1),"R01, R05, R25, R29",Henry Ford St. John Center for Wellness · Sudha Nannapaneni MD,https://www.google.com/maps/dir/?api=1&travelmode=driving&dir_action=navigate&destination=21603%20E%2011%20MILE%20RD%2C%20SAINT%20CLAIR%20SHORES%2C%20Michigan&waypoints=36367%20Harper%20Ave%2C%20Clinton%20Township%2C%20MI%2C%2048035%7C21000%20Twelve%20Mile%20Rd%20Suite%20105%2C%20St%20Clair%20Shores%2C%20Michigan%2C%2048081%7C25631%20Little%20Mack%20Ave%20suite%20102%2C%20St.%20Clair%20Shores%2C%20Michigan%2C%2048081%7C18425%20East%2010%20Mile%20Road%2C%20ste%20130%2C%20Roseville%2C%20Michigan%2C%2048066%7C24911%20Little%20Mack%20Ave%20Ste%20C%2C%20St.%20Clair%20Shores%2C%20Michigan%2C%2048080%7C25631%20LITTLE%20MACK%20AVE%20STE%20103%2C%20SAINT%20CLAIR%20SHORES%2C%20Michigan
Coty,W5,2026-08-31,C-W5D5,3,1,1,0,1,3,Highland Charter Township (1) • Milford (1) • Milford Charter Township (1),R08,Brighton Internal Medicine · EPIC Southfield - Telegraph Rd office,https://www.google.com/maps/dir/?api=1&travelmode=driving&dir_action=navigate&destination=1435%20N%20Milford%20Rd%20suite%20200%20Milford%2C%20Milford%20Charter%20Township%2C%20Michigan%2C%2048381&waypoints=2330%20S%20Milford%20Rd%2C%20ste%20120%20Highland%2C%20Highland%20Charter%20Township%2C%20Michigan%2C%2048357%7C1435%20N.%20Milford%2C%20ste%20100%2C%20Milford%2C%20MI%2C%2048381
Coty,W6,2026-09-07,C-W6D1,1,1,0,0,0,2,New Boston (1),R16,Troy Health Center · Midwest Center for Dermatology - Warren,https://www.google.com/maps/dir/?api=1&travelmode=driving&dir_action=navigate&destination=21057%20Waltz%20Rd%2C%20NEW%20BOSTON%2C%20Michigan%2C%2048164
Coty,W6,2026-09-07,C-W6D2,9,4,5,0,0,10,St. Clair Shores (3) • Roseville (3) • Warren (2),"R01, R04, R05, R11",Troy Health Center · Rochester Medical Group,https://www.google.com/maps/dir/?api=1&travelmode=driving&dir_action=navigate&destination=14050%2014%20Mile%20Rd%2C%20Warren%2C%20MI%2C%2048088&waypoints=23600%20Harper%20Ave%20ste%20103%20St%20Clair%20Shores%2C%20St.%20Clair%20Shores%2C%20Michigan%2C%2048080%7C18303%20E%2010%20Mile%20Rd%20%23500%2C%20Roseville%2C%20Michigan%2C%2048066%7C18285%20East%2010%20Mile%20Road%2C%20Roseville%2C%20Michigan%2C%2048066%7C19959%20Vernier%20Rd%2C%20Suite%20200%2C%20Harper%20Woods%2C%20MI%2C%2048225%7C24100%20Little%20Mack%20Ave%2C%20Saint%20Clair%20Shores%2C%20MI%2C%2048080%7C24800%20Harper%2C%20Saint%20Clair%20Shores%2C%20MI%2C%2048080%7C18325%20E.%2010%20Mile%20Rd%20Suite%20300%2C%20Roseville%2C%20MI%2C%2048066%7C11900%20E%2012%20Mile%20Rd%2C%20ste%20201%2C%20Warren%2C%20MI%2C%20480933490
Coty,W6,2026-09-07,C-W6D3,10,4,4,0,2,4,Madison Heights (5) • Sterling Heights (3) • Sterling Heihhts (1),"R04, R06, R07, R14",Troy Health Center · Rochester Medical Group,https://www.google.com/maps/dir/?api=1&travelmode=driving&dir_action=navigate&destination=2635%20Coolidge%20Hwy%2C%20Berkley%2C%20MI%2C%2048072&waypoints=33703%20Van%20Dyke%20Ave%2C%20Sterling%20Heihhts%2C%20MI%2C%2048312%7C8244%20Metro%20Parkway%2C%20Sterling%20Heights%2C%20Michigan%2C%2048312%7C5195%2015%20Mile%20Rd%2C%20Sterling%20Heights%2C%20Michigan%2C%2048310%7C2405%20E%2014%20Mile%20Rd%2C%20Sterling%20Heights%2C%20MI%2C%2048310%7C610%20E%2012%20Mile%20Rd%2C%20Madison%20Heights%2C%20MI%2C%20480712567%7C27483%20DeQuindre%20Rd%20suite%20302%2C%20Madison%20Heights%2C%20Michigan%2C%2048071%7C27483%20Dequindre%20Rd%20suite%20306%2C%20Madison%20Heights%2C%20Michigan%2C%2048071%7C27483%20Dequindre%20Rd%20suite%20301%2C%20Madison%20Heights%2C%20Michigan%2C%2048071%7C26505%20John%20R%20Rd%2C%20Madison%20Heights%2C%20MI%2C%2048071
Coty,W6,2026-09-07,C-W6D4,10,2,4,0,4,2,Sterling Heights (7) • Troy (1) • Warren (1),"R04, R06, R10, R30",Troy Health Center · Rochester Medical Group,https://www.google.com/maps/dir/?api=1&travelmode=driving&dir_action=navigate&destination=3058%20Metro%20Pkwy%20ste%20204%2C%20Sterling%20Heights%2C%20Michigan%2C%2048310&waypoints=43200%20Dequindre%20Rd.%2C%20Ste%20104%20Sterling%20Heights%2C%20MI%2048314%2C%20United%20States%2C%20Sterling%20Heights%2C%20Michigan%2C%2048314%7C43200%20Dequindre%20Rd%2C%20Sterling%20Heights%2C%20Michigan%2C%2048314%7C4101%20John%20R%20Rd%2C%20Troy%2C%20Michigan%2C%2048085%7C3840%2017%20Mile%20Road%2C%20Sterling%20Heights%2C%20Michigan%2C%2048310%7C5843%2017%20Mile%20Road%2C%20Sterling%20Heights%2C%20Michigan%2C%2048310%7C13801%2015%20Mile%20Rd%2C%20Sterling%20Heights%2C%20Michigan%2C%2048312%7C8545%20Common%20Rd%2C%20Ste%20280%2C%20Warren%2C%20Michigan%2C%20480936772%7C4845%20E%2014%20Mile%20Rd%2C%20Sterling%20Heights%2C%20Michigan%2C%2048310%7C34220%20Ryan%20Road%20Sterling%20Heights%2C%20MI%2048310%2C%20MI%2C%2048310
Coty,W6,2026-09-07,C-W6D5,10,1,2,0,7,1,Rochester Hills (4) • Shelby Township (3) • Macomb (1),"R03, R10, R18, R20, R28",Schoenherr Family Practice · Rochester Medical Group,https://www.google.com/maps/dir/?api=1&travelmode=driving&dir_action=navigate&destination=595%20Barclay%20Cir%20ste%20d%2C%20Rochester%20Hills%2C%20Michigan%2C%2048307&waypoints=46591%20Romeo%20Plank%20Road%2C%20Macomb%2C%20Michigan%2C%2048044%7C50505%20Schoenherr%20Rd%20ste%20120%2C%20Shelby%20Township%2C%20Michigan%2C%2048315%7C50505%20Schoenherr%20Rd%20ste%20300%2C%20Shelby%20Township%2C%20Michigan%2C%2048315%7C50505%20Schoenherr%20Road%2C%20ste%20250%2C%20Shelby%20Township%2C%20Michigan%2C%2048315%7C47733%20Van%20Dyke%20Ave%2C%20Shebly%20Township%2C%20MI%2C%2048317%7C44720%20Van%20Dyke%20Ave%2C%20Utica%2C%20MI%2C%2048317%7C1701%20E%20South%20Blvd%20Ste%20150%2C%20Rochester%20Hills%2C%20MI%2048307%2C%20United%20States%2C%20Rochester%20Hills%2C%20Michigan%2C%2048307%7C1555%20East%20South%20Boulevard%2C%20Rochester%20Hills%2C%20Michigan%2C%2048307%7C1055%20E%20South%20Blvd%20ste%20220%2C%20Rochester%20Hills%2C%20Michigan%2C%2048307
Coty,W7,2026-09-14,C-W7D1,2,2,0,0,0,2,New Haven (1) • New Baltimore (1),R09,Michigan MSK Medicine - Clinton Township · Office of George Nassif MD,https://www.google.com/maps/dir/?api=1&travelmode=driving&dir_action=navigate&destination=34301%2023%20Mile%20Road%2C%20New%20Baltimore%2C%20MI%2C%2048047&waypoints=58144%20Gratiot%20Ave%2C%20New%20Haven%2C%20Michigan%2C%2048048
Coty,W7,2026-09-14,C-W7D2,7,1,0,0,6,1,Howell (7),R17,Springfield Urgent Care - Hamburg · North Valley Internal Medicine,https://www.google.com/maps/dir/?api=1&travelmode=driving&dir_action=navigate&destination=1320%20Byron%20Road%2C%20Howell%2C%20Michigan%2C%2048843&waypoints=1225%20S%20Latson%20Rd%20%23200%2C%20Howell%2C%20Michigan%2C%2048843%7C1225%20S%20Latson%20Rd%20ste%20350%2C%20Howell%2C%20Michigan%2C%2048843%7C1225%20S%20Latson%20Rd%20ste%20260%2C%20Howell%2C%20Michigan%2C%2048843%7C1225%20S%20Latson%20Rd%20ste%20260%2C%20Howell%2C%20Michigan%2C%2048843%7C1225%20S%20Latson%20Rd%2C%20Howell%2C%20Michigan%2C%2048843%7C1225%20S%20Latson%20Rd%20%23340%2C%20Howell%2C%20Michigan%2C%2048843
Coty,W7,2026-09-14,C-W7D3,10,3,2,0,5,3,Troy (5) • Southfield (2) • Berkley (1),"R07, R15, R20, R21, R30",Premier Private Physicians · Frederick Karoub MD PC,https://www.google.com/maps/dir/?api=1&travelmode=driving&dir_action=navigate&destination=633%20E%20South%20Blvd%20%231200%2C%20Rochester%20Hills%2C%20Michigan%2C%2048307&waypoints=29829%20Telegraph%20Rd%20suite%20200%2C%20Southfield%2C%20Michigan%2C%2048034%7C18591%20W%2010%20Mile%20Rd%2C%20SOUTHFIELD%2C%20Michigan%2C%2048075%7C3211%20Coolidge%20Hwy%2C%20Berkley%2C%20Michigan%2C%2048072%7C3250%20W%20Big%20Beaver%20Rd%20%23144%2C%20Troy%2C%20Michigan%2C%2048084%7C1560%20E%20Maple%20Rd%20ste%20200%2C%20Troy%2C%20Michigan%2C%2048083%7C135%20E%20Maple%20Rd%2C%20Troy%2C%20Michigan%2C%2048083%7C314%20N%20Main%20St%2C%20Clawson%2C%20Michigan%2C%2048017%7C1631%20W%20Big%20Beaver%20Rd%2C%20Troy%2C%20Michigan%2C%2048084%7C1500%20W%20Big%20Beaver%20Rd%2C%20Troy%2C%20Michigan%2C%2048084
Coty,W7,2026-09-14,C-W7D4,10,1,0,0,9,6,Macomb (4) • Clinton Township (4) • Shelby Township (2),"R02, R03, R18",Office of George Nassif MD · Chronic Pain Institute,https://www.google.com/maps/dir/?api=1&travelmode=driving&dir_action=navigate&destination=21510%20Harrington%20St%20suite%20101%2C%20Clinton%20Township%2C%20Michigan%2C%2048036&waypoints=13350%2024%20Mile%20Rd%20ste%20200%2C%20Shelby%20Township%2C%20Michigan%2C%2048315%7C13350%2024%20Mile%20Rd%20%23700b%2C%20Shelby%20Township%2C%20Michigan%2C%2048315%7C51218%20Romeo%20Plank%20Rd%2C%20Macomb%2C%20MI%2C%2048042%7C48801%20Romeo%20Plank%20Rd%20ste%20103%2C%20Macomb%2C%20Michigan%2C%2048044%7C48801%20Romeo%20Plank%20Rd%20suite%20103%2C%20Macomb%2C%20Michigan%2C%2048044%7C45441%20Heydenreich%20Rd%2C%20Macomb%2C%20MI%2C%2048044%7C16570%2019%20Mile%20Rd%2C%20Clinton%20Township%2C%20Michigan%2C%2048038%7C39651%20Garfield%20Road%2C%20Clinton%20Township%2C%20Michigan%2C%2048038%7C38525%20Hilldale%20St%2C%20Michigan%2C%2048036
Coty,W7,2026-09-14,C-W7D5,10,1,0,0,9,1,Rochester Hills (6) • Rochester (4),"R19, R27",Physicians in Family Medicine · Meadowbrook Internists,https://www.google.com/maps/dir/?api=1&travelmode=driving&dir_action=navigate&destination=1460%20WALTON%20BLVD%20STE%20200%2C%20ROCHESTER%20HILLS%2C%20MI%2C%2048309&waypoints=1135%20W%20University%20Dr%20suite%20425%2C%20Rochester%2C%20Michigan%2C%2048307%7C1135%20West%20University%2C%20ste%20450%2C%20Rochester%2C%20MI%2C%2048307%7C1135%20W%20University%20Dr%20ste%20240%2C%20Rochester%20Hills%2C%20Michigan%2C%2048307%7C441%20S%20Livernois%20Rd%20suite%20280%2C%20Rochester%20Hills%2C%20Michigan%2C%2048307%7C441%20S%20Livernois%20Rd%20suite%20280%2C%20Rochester%20Hills%2C%20Michigan%2C%2048307%7C441%20S%20Livernois%20Rd%2C%20Rochester%20Hills%2C%20Michigan%2C%2048307%7C455%20S%20Livernois%20Rd%20Suite%20C-24%2C%20Rochester%20Hills%2C%20MI%2048307%2C%20United%20States%2C%20Rochester%20Hills%2C%20Michigan%2C%2048307%7C1202%20Walton%20Blvd%2C%20ste%20216%2C%20Rochester%2C%20Michigan%2C%2048307%7C1202%20Walton%20Blvd.%20ste%20212%2C%20Rochester%2C%20Michigan%2C%2048307
Coty,W8,2026-09-21,C-W8D1,8,4,0,1,3,11,Clinton Township (6) • Warren (1) • Sterling Heights (1),"R02, R04, R10, R25",Henry Ford Macomb Health Center - Fraser · Normandy Family Practice,https://www.google.com/maps/dir/?api=1&travelmode=driving&dir_action=navigate&destination=34025%20Harper%2C%20Clinton%20Township%2C%20MI%2C%2048035&waypoints=11300%20E%2013%20Mile%20Rd%2C%20Suite%201%2C%20Warren%2C%20MI%2C%2048093%7C15501%20Metro%20Parkway%2C%20Clinton%20Township%2C%20Michigan%2C%2048036%7C43145%20Schoenherr%20Rd%2C%20Sterling%20Heights%2C%20Michigan%2C%2048313%7C42621%20Garfield%20Rd%2C%20ste%20108%2C%20Clinton%20Township%2C%20MI%2C%20480385031%7C36500%20Gratiot%20Ave%20suite%20102%2C%20Clinton%20Township%2C%20Michigan%2C%2048035%7C36385%20Harper%20Ave%20Clinton%20Twp%2C%20Clinton%20Township%2C%20Michigan%2C%2048035%7C36385%20Harper%20Ave%2C%20Michigan%2C%2048035
Coty,W8,2026-09-21,C-W8D2,9,8,0,1,0,11,Madison Heights (2) • Warren (2) • Berkley (1),"R04, R05, R07, R11, R14, R21",Macomb Medical Clinic · Office of Steven Trombly MD,https://www.google.com/maps/dir/?api=1&travelmode=driving&dir_action=navigate&destination=26390%20Gratiot%20Ave%2C%20Roseville%2C%20Michigan%2C%2048066&waypoints=1964%2011%20Mile%20Rd%2C%20Berkley%2C%20MI%2C%2048072%7C4045%20West%2013%20Mile%20Road%2C%20Royal%20Oak%2C%20Michigan%2C%2048073%7C1627%20W%20Big%20Beaver%20Rd%2C%20Troy%2C%20Michigan%2C%2048084%7C1200%20W%2012%20Mile%20Rd%2C%20Madison%20Heights%2C%20MI%2C%2048071%7C28200%20John%20R%20Road%2C%20Madison%20Heights%2C%20MI%2C%2048071%7C911%20E%209%20Mile%20Rd%2C%20Ferndale%2C%20Michigan%2C%2048220%7C23411%20Ryan%20Rd%2C%20Warren%2C%20MI%2C%2048091%7C27450%20Schoenherr%2C%20ste%20400%2C%20Warren%2C%20Michigan%2C%2048088
Coty,W8,2026-09-21,C-W8D3,1,1,0,0,0,1,Richmond (1),R09,Cornerstone Internal Medicine · Cornerstone Garfield Family Practice - Ascension,https://www.google.com/maps/dir/?api=1&travelmode=driving&dir_action=navigate&destination=66440%20Gratiot%20Ave%2C%20Richmond%2C%20Michigan%2C%2048050
Coty,W8,2026-09-21,C-W8D4,10,2,2,0,6,2,Clarkston (9) • Village Of Clarkston (1),"R12, R24",Oakland Internal Medicine Associates - Henry Ford · Michigan Institute for Neurological Disorders (MIND) - Farmington Hills,https://www.google.com/maps/dir/?api=1&travelmode=driving&dir_action=navigate&destination=7250%20Dixie%20Hwy%20suite%20100%2C%20City%20of%20the%20Village%20of%20Clarkston%2C%20Michigan%2C%2048346&waypoints=5625%20Water%20Tower%20Place%20ste%20220%2C%20City%20of%20the%20Village%20of%20Clarkston%2C%20Michigan%2C%2048346%7C5625%20Water%20Tower%20Place%20suite%20210%2C%20City%20of%20the%20Village%20of%20Clarkston%2C%20Michigan%2C%2048346%7C7210%20N%20Main%20St%20suite%20205%2C%20City%20of%20the%20Village%20of%20Clarkston%2C%20Michigan%7C5625%20Water%20Tower%20Place%2C%20Village%20of%20Clarkston%2C%20Michigan%2C%2048346%7C5701%20Bow%20Pointe%20Dr%20ste%20100%2C%20Clarkston%2C%20Michigan%2C%2048346%7C5701%20Bow%20Pointe%20Dr%20suite%20305%2C%20City%20of%20the%20Village%20of%20Clarkston%2C%20Michigan%2C%2048346%7C5701%20Bow%20Pointe%20Drive%2C%20Clarkston%2C%20Michigan%2C%2048346%7C7188%20N%20Main%20St%2C%20Clarkston%2C%20Michigan%2C%2048346%7C7192%20N%20Main%20St%2C%20Clarkston%2C%20Michigan%2C%2048346
Coty,W8,2026-09-21,C-W8D5,3,1,1,0,1,3,Highland Charter Township (1) • Milford (1) • Milford Charter Township (1),R08,Michigan Institute for Neurological Disorders (MIND) - Farmington Hills · Vital Medicine,https://www.google.com/maps/dir/?api=1&travelmode=driving&dir_action=navigate&destination=1435%20N%20Milford%20Rd%20suite%20200%20Milford%2C%20Milford%20Charter%20Township%2C%20Michigan%2C%2048381&waypoints=2330%20S%20Milford%20Rd%2C%20ste%20120%20Highland%2C%20Highland%20Charter%20Township%2C%20Michigan%2C%2048357%7C1435%20N.%20Milford%2C%20ste%20100%2C%20Milford%2C%20MI%2C%2048381
Coty,W9,2026-09-28,C-W9D1,8,1,2,2,3,2,Livonia (4) • Southfield (2) • Farmington Hills (1),"R13, R15",EPIC Southfield - Telegraph Rd office · Epic Healthcare - Southfield,https://www.google.com/maps/dir/?api=1&travelmode=driving&dir_action=navigate&destination=24725%20W%2012%20Mile%20Rd%2C%20Southfield%2C%20MI%2C%20480341801&waypoints=15645%20Farmington%20Rd%2C%20Livonia%2C%20Michigan%2C%2048154%7C36180%205%20MILE%20RD%2C%20LIVONIA%2C%20Michigan%2C%2048154%7C37595%207%20MILE%20RD%20STE%20240%2C%20LIVONIA%2C%20MI%2C%2048152%7C37595%207%20Mile%2C%20Livonia%2C%20Michigan%2C%2048152%7C28100%20GRAND%20RIVER%20AVE%20STE%20209%2C%20FARMINGTON%20HILLS%2C%20MI%2C%2048336%7C26400%20West%2012%20Mile%20Rd%2C%20Suite%20170%2C%20Southfield%2C%20MI%2C%2048034%7C28595%20Orchard%20Lake%20Road%2C%20ste%20200%2C%20Farmington%2C%20Michigan%2C%20483342977
Coty,W9,2026-09-28,C-W9D2,10,4,6,0,0,10,St. Clair Shores (6) • Roseville (2) • Harper Woods (1),"R01, R05, R25, R29",Shores Internal Medicine · Premier Family Physicians,https://www.google.com/maps/dir/?api=1&travelmode=driving&dir_action=navigate&destination=36367%20Harper%20Ave%2C%20Clinton%20Township%2C%20MI%2C%2048035&waypoints=23600%20Harper%20Ave%20ste%20103%20St%20Clair%20Shores%2C%20St.%20Clair%20Shores%2C%20Michigan%2C%2048080%7C21610%209%20Mile%20Rd%2C%20St%20Clair%20Shores%2C%20MI%2C%2048080%7C24911%20Little%20Mack%20Ave%20Ste%20C%2C%20St.%20Clair%20Shores%2C%20Michigan%2C%2048080%7C25631%20LITTLE%20MACK%20AVE%20STE%20103%2C%20SAINT%20CLAIR%20SHORES%2C%20Michigan%7C18303%20E%2010%20Mile%20Rd%20%23500%2C%20Roseville%2C%20Michigan%2C%2048066%7C18285%20East%2010%20Mile%20Road%2C%20Roseville%2C%20Michigan%2C%2048066%7C19959%20Vernier%20Rd%2C%20Suite%20200%2C%20Harper%20Woods%2C%20MI%2C%2048225%7C21603%20E%2011%20MILE%20RD%2C%20SAINT%20CLAIR%20SHORES%2C%20Michigan%7C21000%20Twelve%20Mile%20Rd%20Suite%20105%2C%20St%20Clair%20Shores%2C%20Michigan%2C%2048081
Coty,W9,2026-09-28,C-W9D3,10,0,5,0,5,0,Rochester Hills (9) • Rochester (1),"R19, R20, R27, R28",Rochester Medical Group · Colleen Kennedy DO,https://www.google.com/maps/dir/?api=1&travelmode=driving&dir_action=navigate&destination=1701%20E%20South%20Blvd%20ste%20160%2C%20Rochester%20Hills%2C%20Michigan%2C%2048307&waypoints=555%20Barclay%20Circle%2C%20ste%20150%2C%20Rochester%20Hills%2C%20Michigan%2C%2048307%7C75%20Barclay%20Cir%2C%20%23230%2C%20Rochester%20Hills%2C%20Michigan%2C%2048307%7C75%20Barclay%20Cir%20ste%20235%2C%20Rochester%20Hills%2C%20Michigan%2C%2048307%7C75%20Barclay%20Cir%20ste%20208%2C%20Rochester%20Hills%2C%20Michigan%2C%2048307%7C75%20Barclay%20Circle%2C%20ste%20120%2C%20Rochester%2C%20MI%2C%2048307%7C940%20W%20Avon%20Rd%2C%20Rochester%20Hills%2C%20Michigan%2C%2048307%7C1701%20E%20South%20Blvd%20ste%20240%2C%20Rochester%20Hills%2C%20Michigan%2C%2048307%7C1701%20E%20South%20Blvd%2C%20Rochester%20Hills%2C%20Michigan%2C%2048307%7C1701%20E%20South%20Blvd%20ste%20104%2C%20Rochester%20Hills%2C%20Michigan%2C%2048307
Coty,W9,2026-09-28,C-W9D4,10,3,2,0,5,3,Rochester Hills (6) • Sterling Heights (3) • Sterling Heihhts (1),"R04, R06, R20",Hope Medical Center · Rochester Medical Group,https://www.google.com/maps/dir/?api=1&travelmode=driving&dir_action=navigate&destination=33703%20Van%20Dyke%20Ave%2C%20Sterling%20Heihhts%2C%20MI%2C%2048312&waypoints=1701%20South%20Boulevard%20East%2C%20Suite%20290%2C%20Rochester%20Hills%2C%20Michigan%2C%2048307%7C1701%20E%20South%20Blvd%2C%20Rochester%20Hills%2C%20Michigan%2C%2048307%7C1701%20E%20South%20Blvd%20ste%20104%2C%20Rochester%20Hills%2C%20Michigan%2C%2048307%7C1701%20E%20South%20Blvd%20ste%20160%2C%20Rochester%20Hills%2C%20Michigan%2C%2048307%7C1701%20E%20South%20Blvd%20ste%20240%2C%20Rochester%20Hills%2C%20Michigan%2C%2048307%7C1701%20E%20South%20Blvd%20suite%20b75%2C%20Rochester%20Hills%2C%20Michigan%2C%2048307%7C43200%20Dequindre%20Rd.%2C%20Ste%20104%20Sterling%20Heights%2C%20MI%2048314%2C%20United%20States%2C%20Sterling%20Heights%2C%20Michigan%2C%2048314%7C43200%20Dequindre%20Rd%2C%20Sterling%20Heights%2C%20Michigan%2C%2048314%7C5195%2015%20Mile%20Rd%2C%20Sterling%20Heights%2C%20Michigan%2C%2048310
Coty,W9,2026-09-28,C-W9D5,8,3,4,0,1,3,Shelby Township (3) • Sterling Heights (2) • Clinton Township (2),"R02, R03, R06, R10, R18",Urgent Care Family · Schoenherr Family Practice,https://www.google.com/maps/dir/?api=1&travelmode=driving&dir_action=navigate&destination=50505%20Schoenherr%20Road%2C%20ste%20250%2C%20Shelby%20Township%2C%20Michigan%2C%2048315&waypoints=8244%20Metro%20Parkway%2C%20Sterling%20Heights%2C%20Michigan%2C%2048312%7C13801%2015%20Mile%20Rd%2C%20Sterling%20Heights%2C%20Michigan%2C%2048312%7C15717%2015%20Mile%20Rd%2C%20Clinton%20Township%2C%20MI%2C%2048035%7C43900%20Garfield%20Rd%20ste%20222%2C%20Clinton%20Township%2C%20Michigan%2C%2048038%7C46591%20Romeo%20Plank%20Road%2C%20Macomb%2C%20Michigan%2C%2048044%7C50505%20Schoenherr%20Rd%20ste%20120%2C%20Shelby%20Township%2C%20Michigan%2C%2048315%7C50505%20Schoenherr%20Rd%20ste%20300%2C%20Shelby%20Township%2C%20Michigan%2C%2048315
Jasmine,W2,2026-08-10,J-W2D1,10,2,6,1,1,13,Novi (8) • Livonia (2),"R01, R04, R17, R28",Corewell Health Farmington hills Hospital family medicine · NORLIVO INTERNAL MEDICINE,https://www.google.com/maps/dir/?api=1&travelmode=driving&dir_action=navigate&destination=15140%20Levan%20Rd%2C%20Livonia%2C%20Michigan%2C%2048154&waypoints=44000%20W%2012%20MILE%20RD%20STE%20100%2C%20NOVI%2C%20MI%2C%2048377%7C44000%20W%2012%20MILE%20RD%20STE%20200%2C%20NOVI%2C%20MI%2C%2048377%7C44130%20W%2012%20MILE%20RD%2C%20NOVI%2C%20MI%2C%2048377%7C43535%20Grand%20River%2C%20Novi%2C%20Michigan%2C%2048375%7C40015%20Grand%20River%20Ave%2C%20ste%20100%2C%20Novi%2C%20Michigan%2C%2048375%7C39500%20West%2010%20mile%2C%20suite%20100%2C%20Novi%2C%20MI%2C%2048375%7C39555%20West%2010%20Mile%20Road%2C%20Novi%2C%20Michigan%2C%2048375%7C39555%20West%2010%20Mile%20Road%2C%20Novi%2C%20Michigan%2C%2048375%7C37633%20Pembroke%20Avenue%2C%20Livonia%2C%20Michigan%2C%2048152
Jasmine,W2,2026-08-10,J-W2D2,10,7,2,1,0,13,Livonia (5) • Garden City (3) • Inkster (1),"R06, R07, R09, R14, R16, R25",NORLIVO INTERNAL MEDICINE · Frank Lanzilote DO-Family Practice,https://www.google.com/maps/dir/?api=1&travelmode=driving&dir_action=navigate&destination=29370%20Plymouth%20Road%2C%20Livonia%2C%20Michigan%2C%2048150&waypoints=9216%20Middlebelt%20Rd%2C%20Livonia%2C%20Michigan%2C%2048150%7C27155%20CHERRY%20HILL%20RD%2C%20INKSTER%2C%20MI%2C%2048141%7C29454%20Ford%20Road%2C%20Garden%20City%2C%20Michigan%2C%2048135%7C5823%20MIDDLEBELT%20RD%2C%20GARDEN%20CITY%2C%20MI%2C%2048135%7C29150%20FORD%20RD%2C%20GARDEN%20CITY%2C%20MI%2C%2048135%7C25350%20West%20Warren%20Street%2C%20Dearborn%20Heights%2C%20Michigan%2C%2048127%7C28701%20Plymouth%20Rd%2C%20Livonia%2C%20Michigan%2C%2048150%7C20290%20Middlebelt%20Rd%2C%20Livonia%2C%20Michigan%2C%2048152%7C28479%207%20MILE%20RD%2C%20LIVONIA%2C%20MI%2C%2048152
Jasmine,W2,2026-08-10,J-W2D3,10,4,1,0,5,7,Canton (10),"R03, R11","IHA, Primary Care - Cherry Hill Village · Corewell Health Farmington hills Hospital family medicine",https://www.google.com/maps/dir/?api=1&travelmode=driving&dir_action=navigate&destination=1600%20S%20Canton%20Center%20Road%2C%20Canton%2C%20Michigan%2C%2048188&waypoints=6300%20N%20HAGGERTY%20RD%20STE%20220%2C%20CANTON%2C%20MI%2C%2048187%7C2050%20North%20Haggerty%20Road%2C%20Canton%2C%20Michigan%2C%2048187%7C2050%20N%20Haggerty%20Rd%2C%20Canton%2C%20Michigan%2C%2048187%7C2050%20N%20Haggerty%20Road%2C%20Canton%2C%20Michigan%2C%2048187%7C2050%20North%20Haggerty%20Road%2C%20CANTON%2C%20Michigan%2C%2048187%7C2050%20North%20Haggerty%20Road%2C%20Canton%2C%20Michigan%2C%2048187%7C2050%20N%20HAGGERTY%20RD%20STE%20100%2C%20CANTON%2C%20MI%2C%2048187%7C1600%20S%20Canton%20Center%20Road%2C%20Suite%20200%2C%20CANTON%2C%20Michigan%2C%2048188%7C1600%20S%20CANTON%20CENTER%20RD%20STE%202200%2C%20CANTON%2C%20MI%2C%2048188
Jasmine,W2,2026-08-10,J-W2D4,7,2,2,0,3,5,Eastpointe (7),"R05, R26",Frank Lanzilote DO-Family Practice · Roberts Orthopedic Services,https://www.google.com/maps/dir/?api=1&travelmode=driving&dir_action=navigate&destination=22471%20GRATIOT%20AVE%2C%20EASTPOINTE%2C%20Michigan&waypoints=19070%20East%2010%20Mile%20Road%2C%20Eastpointe%2C%20Michigan%2C%2048021%7C24901%20Kelly%20Rd%2C%20Eastpointe%2C%20MI%2C%2048021%7C17000%20E%2010%20Mile%20Rd%2C%20Eastpointe%2C%20MI%2C%2048021%7C18161%20E%208%20Mile%20Rd%2C%20Eastpointe%2C%20Michigan%2C%2048021%7C18621%20East%209%20Mile%20Road%2C%20Eastpointe%2C%20Michigan%2C%2048021%7C17200%20E%2010%20Mile%20Rd%2C%20ste%20130%2C%20Eastpointe%2C%20MI%2C%20480212249
Jasmine,W2,2026-08-10,J-W2D5,10,2,0,1,7,3,Novi (9) • New Hudson (1),"R10, R17",Corewell Health Farmington hills Hospital family medicine · NORLIVO INTERNAL MEDICINE,https://www.google.com/maps/dir/?api=1&travelmode=driving&dir_action=navigate&destination=27204%20Beck%20Rd%2C%20Novi%2C%20Michigan%2C%2048374&waypoints=55840%20Grand%20River%20Ave%20ste%20300%2C%20New%20Hudson%2C%20Michigan%2C%2048165%7C26850%20PROVIDENCE%20PKWY%20STE%20420%2C%20NOVI%2C%20Michigan%2C%2048374%7C26850%20Providence%20Parkway%20Ste%20420%2C%20Novi%2C%20Michigan%2C%2048374%7C26850%20Providence%20Parkway%2C%20ste%20505%2C%20Novi%2C%20Michigan%2C%2048374%7C26850%20PROVIDENCE%20PKWY%20STE%20370%2C%20NOVI%2C%20MI%2C%2048374%7C26850%20Providence%20Parkway%2C%20Novi%2C%20Michigan%2C%2048374%7C26750%20Providence%20Pkwy%20ste%20220%2C%20Novi%2C%20Michigan%2C%2048374%7C26750%20PROVIDENCE%20PKWY%20STE%20200%2C%20NOVI%2C%20MI%2C%2048374%7C47601%20GRAND%20RIVER%20AVE%20STE%20A218%2C%20NOVI%2C%20Michigan%2C%2048374
Jasmine,W3,2026-08-17,J-W3D1,10,3,3,0,4,5,Livonia (5) • Southfield (4) • Farmington Hills (1),"R06, R18, R19, R27, R28",Freedom Medical Clinic (Trinity) · Dedicated senior Medical Center Detroit North,https://www.google.com/maps/dir/?api=1&travelmode=driving&dir_action=navigate&destination=19000%20St%20Joe%27s%20Pkwy%2C%20Livonia%2C%20Michigan%2C%2048152&waypoints=22250%20Providence%20Drive%2C%20ste%20401%2C%20Southfield%2C%20Michigan%2C%2048075%7C22250%20PROVIDENCE%20DR%20STE%20301%2C%20SOUTHFIELD%2C%20Michigan%2C%2048075%7C27207%20Lahser%20Rd%2C%20Southfield%2C%20Michigan%2C%2048034%7C29877%20TELEGRAPH%20RD%20STE%20401%2C%20SOUTHFIELD%2C%20Michigan%2C%20MI%2048034%7C23800%20Orchard%20Lake%20Rd%2C%20Farmington%20Hills%2C%20Michigan%2C%2048336%7C20311%20Farmington%20Road%2C%20Livonia%2C%20Michigan%2C%2048152%7C37595%20W%20Seven%20Mile%20Rd%2C%20Livonia%2C%20Michigan%2C%2048152%7C37595%207%20mile%20rd%2C%20ste%20210%2C%20LIVONIA%2C%20Michigan%2C%2048152%7C37595%20W%20Seven%20Mile%20Rd%2C%20ste%20340%2C%20Livonia%2C%20Michigan%2C%2048152
Jasmine,W3,2026-08-17,J-W3D2,10,4,1,0,5,4,Dearborn (9) • Dearborn Heights (1),"R12, R13, R25","PEDIATRIC AND ADOLESCENT CENTER · PONDURI, KAVITHA, MEDICAL GROUP",https://www.google.com/maps/dir/?api=1&travelmode=driving&dir_action=navigate&destination=1213%20Mason%20St%2C%20Dearborn%2C%20Michigan%2C%2048124&waypoints=17000%20Hubbard%20Dr%2C%20Dearborn%2C%20Michigan%2C%2048126%7C5245%20Schaefer%20Rd%2C%20Dearborn%2C%20Michigan%2C%2048126%7C22361%20W%20VILLAGE%20DR%20STE%20102%2C%20DEARBORN%2C%20MI%2C%2048124%7C3133%20South%20Telegraph%20Road%2C%20Dearborn%2C%20Michigan%2C%2048124%7C3815%20Pelham%20Street%2C%20Dearborn%2C%20Michigan%2C%2048124%7C3902%20Monroe%20St%2C%20Dearborn%20Heights%2C%20Michigan%2C%2048125%7C1951%20MONROE%20ST%2C%20DEARBORN%2C%20MI%2C%2048124%7C1934%20MONROE%20ST%2C%20DEARBORN%2C%20MI%2C%2048124%7C1711%20Monroe%20St%2C%20Dearborn%2C%20Michigan%2C%2048124
Jasmine,W3,2026-08-17,J-W3D3,10,1,4,1,4,1,Livonia (10),"R04, R15, R28",Freedom Medical Clinic (Trinity) · Park Medical Centers - Canton,https://www.google.com/maps/dir/?api=1&travelmode=driving&dir_action=navigate&destination=39000%20West%20Seven%20Mile%20Road%20STE%202600%2C%20Livonia%2C%20Michigan%2C%2048152&waypoints=36650%20Five%20Mile%20Rd%20suite%20106%2C%20Livonia%2C%20Michigan%2C%2048154%7C15160%20Levan%20Rd%2C%20Livonia%2C%20Michigan%2C%2048154%7C15130%20Levan%20Rd%2C%20Livonia%2C%20MI%2C%2048154%7C14555%20Levan%20Rd%20suite%20308%2C%20Livonia%2C%20Michigan%2C%2048154%7C14555%20Levan%20Rd%20Ste%20302%2C%20Livonia%2C%20MI%2C%2048154-5085%7C14555%20Levan%20Road%2C%20Ste%20312%2C%20Livonia%2C%20Michigan%2C%2048154%7C37650%20PROFESSIONAL%20CENTER%20DR%20STE%201010A%2C%20LIVONIA%2C%20MI%2C%2048154%7C39000%207%20MILE%20RD%20Suite%204300%2C%20LIVONIA%2C%20MI%2C%2048152%7C39000%20W%20SEVEN%20MILE%20RD%20STE%202500%2C%20LIVONIA%2C%20MI%2C%2048152
Jasmine,W3,2026-08-17,J-W3D4,4,1,0,0,3,1,Belleville (4),R11,"UofM Canton Health Center General Medicine · PONDURI, KAVITHA, MEDICAL GROUP",https://www.google.com/maps/dir/?api=1&travelmode=driving&dir_action=navigate&destination=25%20Owen%20Street%2C%20Belleville%2C%20Michigan%2C%2048111&waypoints=201%203RD%20ST%20STE%20200%2C%20BELLEVILLE%2C%20Michigan%7C265%20main%20st%2C%20BELLEVILLE%2C%20Michigan%2C%2048111%7C11650%20Belleville%20Road%2C%20Belleville%2C%20Michigan%2C%2048111
Jasmine,W3,2026-08-17,J-W3D5,10,0,5,0,5,0,Plymouth (5) • Canton (4) • Wayne (1),"R02, R03, R09, R22, R30",Care Medical Clinic of Canton · Corewell Health Wayne Hospital Family Medicine -  Canton,https://www.google.com/maps/dir/?api=1&travelmode=driving&dir_action=navigate&destination=4020%20Venoy%20Rd%20suite%20400%2C%20Wayne%2C%20Michigan%2C%2048184&waypoints=990%20W%20Ann%20Arbor%20Trail%20suite%20104%2C%20Plymouth%2C%20Michigan%2C%2048170%7C990%20West%20Ann%20Arbor%20Trail%2C%20Plymouth%2C%20Michigan%2C%2048170%7C990%20w%20Ann%20Arbor%20trail%2C%20ste%20208%2C%20PLYMOUTH%2C%20Michigan%2C%2048170%7C965%20South%20Main%20Street%2C%20Plymouth%2C%20Michigan%2C%2048170%7C1498%20South%20Sheldon%20Road%2C%20Plymouth%2C%20Michigan%2C%2048170%7C49650%20Cherry%20Hill%20Rd%2C%20Canton%2C%20Michigan%2C%2048187%7C43033%20Ford%20Road%2C%20Canton%2C%20Michigan%2C%2048187%7C255%20N%20Lilley%20Rd%2C%20Canton%2C%20Michigan%2C%2048187%7C5900%20N%20LOTZ%20RD%2C%20CANTON%2C%20MI%2C%2048187
Jasmine,W4,2026-08-24,J-W4D1,1,1,0,0,0,1,Detroit (1),R08,Eastpointe Family Physicians · QuickDoc Urgent Care,https://www.google.com/maps/dir/?api=1&travelmode=driving&dir_action=navigate&destination=12871%20East%20Jefferson%20Avenue%2C%20Detroit%2C%20Michigan%2C%2048215
Jasmine,W4,2026-08-24,J-W4D2,10,0,4,0,6,0,Taylor (6) • Southgate (2) • Trenton (1),"R31, R32, R33",OAK STREET HEALTH CHERRY HILL · Plymouth physical therapy services,https://www.google.com/maps/dir/?api=1&travelmode=driving&dir_action=navigate&destination=9340%20TELEGRAPH%20RD%2C%20TAYLOR%2C%20MI%2C%2048180&waypoints=1570%20Kingsway%20Ct%20suite%201%2C%20Trenton%2C%20Michigan%2C%2048183%7C19135%20ALLEN%20RD%20STE%20106%2C%20BROWNSTOWN%2C%20MI%2C%2048183%7C13636%20Dix%20Toledo%2C%20Southgate%2C%20MI%2C%20481952432%7C15555%20Northline%20Road%2C%20Southgate%2C%20Michigan%2C%2048195%7C11368%20Allen%20Road%2C%20Taylor%2C%20Michigan%2C%2048180%7C21801%20GODDARD%20RD%2C%20TAYLOR%2C%20MI%2C%2048180%7C12701%20Telegraph%20Rd%2C%20ste%20103%2C%20TAYLOR%2C%20Michigan%2C%2048180%7C25500%20GODDARD%20RD%2C%20TAYLOR%2C%20MI%2C%2048180%7C25404%20Goddard%20Road%2C%20Taylor%2C%20MI%2C%2048180
Jasmine,W4,2026-08-24,J-W4D3,10,0,2,1,7,0,Ann Arbor (9) • Ypsilanti (1),"R20, R21, R34",Trinity Health IHA Medical Group Primary Care - Canton · Corewell Health Wayne Hospital Internal Medicine - Canton,https://www.google.com/maps/dir/?api=1&travelmode=driving&dir_action=navigate&destination=4350%20Jackson%20Rd%20suite%20200%2C%20Ann%20Arbor%2C%20Michigan%2C%2048103&waypoints=5315%20Elliot%20Dr%2C%20suite%20301%2C%20Ypsilanti%2C%20Michigan%2C%2048197%7C24%20Frank%20Lloyd%20Wright%20Dr%20ste%202300%20lobby%20h%2C%20Ann%20Arbor%2C%20Michigan%2C%2048105%7C4260%20Plymouth%20Rd%2C%20Ann%20Arbor%2C%20Michigan%2C%2048105%7C2200%20Green%20Road%2C%20Ann%20Arbor%2C%20Michigan%2C%2048105%7C3055%20Plymouth%20Road%2C%20Ann%20Arbor%2C%20Michigan%2C%2048105%7C1500%20East%20Medical%20Center%20Drive%2C%20Ann%20Arbor%2C%20Michigan%2C%20481095856%7C1825%20W%20STADIUM%20BLVD%2C%20ANN%20ARBOR%2C%20MI%2C%2048103%7C80%20South%20Zeeb%20Road%2C%20Ann%20Arbor%2C%20Michigan%2C%2048103%7C4350%20JACKSON%20RD%20STE%20350%2C%20ANN%20ARBOR%2C%20MI%2C%2048103
Jasmine,W4,2026-08-24,J-W4D4,10,0,2,0,8,0,Livonia (10),"R04, R06, R07, R16","Trinity Health IHA Medical Group, Primary Care - Southeast Livonia · Livonia Family Medical Center",https://www.google.com/maps/dir/?api=1&travelmode=driving&dir_action=navigate&destination=20321%20FARMINGTON%20RD%2C%20LIVONIA%2C%20MI%2C%2048152&waypoints=9460%20MIDDLEBELT%20RD%2C%20LIVONIA%2C%20MI%2C%2048150%7C9555%20Middlebelt%20Road%2C%20Livonia%2C%20Michigan%2C%2048150%7C29539%20Plymouth%20Rd%2C%20Livonia%2C%20Michigan%2C%2048150%7C29531%20Plymouth%20Road%2C%20Livonia%2C%20Michigan%2C%2048150%7C11502%20Middlebelt%20Road%2C%20Livonia%2C%20Michigan%2C%2048150%7C29370%20Plymouth%20Rd%2C%20Livonia%2C%20Michigan%2C%2048150%7C31610%20Plymouth%20Rd%2C%20Livonia%2C%20MI%2C%2048150%7C20206%20Farmington%20Rd%2C%20Livonia%2C%20MI%2C%2048152%7C20224%20FARMINGTON%20RD%2C%20LIVONIA%2C%20MI%2C%2048152
Jasmine,W4,2026-08-24,J-W4D5,10,0,1,0,9,0,Ann Arbor (6) • Ypsilanti (3) • Saline (1),"R20, R21, R34",Trinity Health IHA Medical Group Primary Care - Canton · Corewell Health Wayne Hospital Internal Medicine - Canton,https://www.google.com/maps/dir/?api=1&travelmode=driving&dir_action=navigate&destination=4936%20Clark%20Rd%20suite%20101%2C%20Ypsilanti%2C%20Michigan%2C%2048197&waypoints=401%20N%20ANN%20ARBOR%20ST%20STE%20D%2C%20SALINE%2C%20MI%2C%2048176%7C4201%20Varsity%20Dr%20suite%20a%2C%20Ann%20Arbor%2C%20Michigan%2C%2048108%7C2800%20S%20State%20St%2C%20suite%20215%2C%20Ann%20Arbor%2C%20Michigan%2C%2048104%7C1801%20Briarwood%20Cir%20building%2010%2C%20Ann%20Arbor%2C%20Michigan%2C%2048108%7C3262%20Washtenaw%20Avenue%2C%20Ann%20Arbor%2C%20Michigan%2C%2048104%7C2650%20Carpenter%20Rd%2C%20Ann%20Arbor%2C%20Michigan%2C%2048108%7C3820%20Packard%20St%2C%20Ann%20Arbor%2C%20Michigan%2C%2048108%7C4940%20Clark%20Rd%2C%20Ypsilanti%2C%20Michigan%2C%2048197%7C4940%20W%20Clark%20Rd%2C%20Ypsilanti%2C%20Michigan%2C%2048197
Jasmine,W5,2026-08-31,J-W5D1,10,3,2,3,2,10,Novi (9) • New Hudson (1),"R01, R10, R17, R29",Corewell Health Family Care of Novi · Office of Robert Brateman,https://www.google.com/maps/dir/?api=1&travelmode=driving&dir_action=navigate&destination=55840%20Grand%20River%20Ave%20ste%20300%2C%20New%20Hudson%2C%20Michigan%2C%2048165&waypoints=44000%20W%2012%20MILE%20RD%20STE%20100%2C%20NOVI%2C%20MI%2C%2048377%7C44000%20W%2012%20MILE%20RD%20STE%20200%2C%20NOVI%2C%20MI%2C%2048377%7C28455%20HAGGERTY%20RD%20STE%20100%2C%20NOVI%2C%20MI%2C%2048377%7C39475%20Lewis%20Dr%20ste%20130%2C%20Novi%2C%20Michigan%2C%2048377%7C39475%20LEWIS%20DR%20STE%20150%2C%20NOVI%2C%20MI%2C%2048377%7C26850%20PROVIDENCE%20PKWY%20STE%20420%2C%20NOVI%2C%20Michigan%2C%2048374%7C26850%20Providence%20Parkway%20Ste%20420%2C%20Novi%2C%20Michigan%2C%2048374%7C26850%20Providence%20Parkway%2C%20ste%20505%2C%20Novi%2C%20Michigan%2C%2048374%7C26850%20PROVIDENCE%20PKWY%20STE%20370%2C%20NOVI%2C%20MI%2C%2048374
Jasmine,W5,2026-08-31,J-W5D2,10,6,3,1,0,23,Canton (6) • Livonia (2) • Inkster (1),"R02, R03, R04, R07, R09, R22",CoreWell Health Family Medicine · Lakes Urgent Care - Livonia,https://www.google.com/maps/dir/?api=1&travelmode=driving&dir_action=navigate&destination=1051%20North%20Canton%20Center%20Road%2C%20Canton%2C%20Michigan%2C%2048187&waypoints=15140%20Levan%20Rd%2C%20Livonia%2C%20Michigan%2C%2048154%7C9216%20Middlebelt%20Rd%2C%20Livonia%2C%20Michigan%2C%2048150%7C27155%20CHERRY%20HILL%20RD%2C%20INKSTER%2C%20MI%2C%2048141%7C34659%20West%20Michigan%20Avenue%2C%20Wayne%2C%20Michigan%2C%2048184%7C6300%20N%20HAGGERTY%20RD%20STE%20220%2C%20CANTON%2C%20MI%2C%2048187%7C5730%20N%20Lilley%20Rd%2C%20ste%20C%2C%20Canton%2C%20MI%2C%2048187%7C8532%20N%20CANTON%20CENTER%20RD%2C%20CANTON%2C%20MI%2C%2048187%7C7330%20N%20CANTON%20CENTER%20RD%20STE%20111%2C%20CANTON%2C%20MI%2C%2048187%7C7330%20N%20CANTON%20CENTER%20RD%20STE%20209%2C%20CANTON%2C%20MI%2C%2048187
Jasmine,W5,2026-08-31,J-W5D3,5,2,3,0,0,5,Eastpointe (5),"R05, R26",Core Institute/Henry Ford Motor City Orthopedics & PT- Southfield · SOUTHFIELD URGENT CARE,https://www.google.com/maps/dir/?api=1&travelmode=driving&dir_action=navigate&destination=18161%20E%208%20Mile%20Rd%2C%20Eastpointe%2C%20Michigan%2C%2048021&waypoints=19070%20East%2010%20Mile%20Road%2C%20Eastpointe%2C%20Michigan%2C%2048021%7C21811%20Kelly%20Rd%2C%20Eastpointe%2C%20Michigan%2C%2048021%7C24901%20Kelly%20Rd%2C%20Eastpointe%2C%20MI%2C%2048021%7C17000%20E%2010%20Mile%20Rd%2C%20Eastpointe%2C%20MI%2C%2048021
Jasmine,W5,2026-08-31,J-W5D4,10,2,1,0,7,4,Dearborn (5) • Detroit (4) • Livonia (1),"R06, R08, R23",COREWELL HEALTH  INTERNAL MEDICINE DEARBORN · The family Doc,https://www.google.com/maps/dir/?api=1&travelmode=driving&dir_action=navigate&destination=5728%20Schaefer%20Road%2C%20Dearborn%2C%20Michigan%2C%2048126&waypoints=20290%20Middlebelt%20Rd%2C%20Livonia%2C%20Michigan%2C%2048152%7C20001%20West%20Seven%20Mile%20Road%2C%20Detroit%2C%20Michigan%2C%2048219%7C16226%20Grand%20River%20Ave%2C%20Detroit%2C%20Michigan%2C%2048227%7C14001%20Greenfield%20Rd%2C%20Detroit%2C%20Michigan%2C%2048227%7C18610%20Fenkell%20ave%2C%20Detroit%2C%20Michigan%2C%2048223%7C14716%20W%20WARREN%20AVE%2C%20DEARBORN%2C%20Michigan%2C%2048126%7C14650%20W%20WARREN%20AVE%20STE%20150%2C%20DEARBORN%2C%20Michigan%2C%2048126%7C13840%20W%20Warren%20Ave%2C%20Dearborn%2C%20Michigan%2C%2048126%7C13320%20West%20Warren%20Avenue%20Ste%20A%2C%20Dearborn%2C%20Michigan%2C%2048126
Jasmine,W5,2026-08-31,J-W5D5,10,3,2,0,5,3,Canton (10),"R03, R11, R22",Lakes Urgent Care - Livonia · BEAUMONT FAMILY MEDICINE BELLEVILLE,https://www.google.com/maps/dir/?api=1&travelmode=driving&dir_action=navigate&destination=1600%20S%20CANTON%20CENTER%20RD%20STE%202200%2C%20CANTON%2C%20MI%2C%2048188&waypoints=43050%20Ford%20Road%20Ste%20150%2C%20Canton%2C%20Michigan%2C%2048187%7C43050%20Ford%20Road%2C%20suite%20170%2C%20CANTON%2C%20Michigan%2C%2048187%7C2050%20North%20Haggerty%20Road%2C%20Canton%2C%20Michigan%2C%2048187%7C2050%20N%20Haggerty%20Rd%2C%20Canton%2C%20Michigan%2C%2048187%7C2050%20N%20Haggerty%20Road%2C%20Canton%2C%20Michigan%2C%2048187%7C2050%20North%20Haggerty%20Road%2C%20CANTON%2C%20Michigan%2C%2048187%7C2050%20North%20Haggerty%20Road%2C%20Canton%2C%20Michigan%2C%2048187%7C2050%20N%20HAGGERTY%20RD%20STE%20100%2C%20CANTON%2C%20MI%2C%2048187%7C1600%20S%20Canton%20Center%20Road%2C%20Suite%20200%2C%20CANTON%2C%20Michigan%2C%2048188
Jasmine,W6,2026-09-07,J-W6D1,1,0,1,0,0,0,Warren (1),R08,ACADEMIC INTERNAL MEDICINE SPECIALISTS · Park Medical Center (Medicaid),https://www.google.com/maps/dir/?api=1&travelmode=driving&dir_action=navigate&destination=1921%208%20Mile%20Road%2C%20Warren%2C%20Michigan%2C%2048091
Jasmine,W6,2026-09-07,J-W6D2,8,2,1,2,3,2,Southfield (7) • Madison Heights (1),"R08, R18, R19",Schaefer Medical · Michigan Urgent Care - Livonia,https://www.google.com/maps/dir/?api=1&travelmode=driving&dir_action=navigate&destination=30851%20Stephenson%20Hwy%2C%20Madison%20Heights%2C%20MI%2C%2048071&waypoints=21816%20w%2011%20mile%20rd%2C%20Southfield%2C%20Michigan%2C%2048076%7C23832%20SOUTHFIELD%20RD%20STE%201%2C%20SOUTHFIELD%2C%20Michigan%7C22250%20Providence%20Drive%2C%20ste%20401%2C%20Southfield%2C%20Michigan%2C%2048075%7C22250%20PROVIDENCE%20DR%20STE%20301%2C%20SOUTHFIELD%2C%20Michigan%2C%2048075%7C27207%20Lahser%20Rd%2C%20Southfield%2C%20Michigan%2C%2048034%7C23832%20Southfield%20Road%2C%20Southfield%2C%20Michigan%2C%2048075%7C26185%20Greenfield%20Rd%2C%20Southfield%2C%20Michigan%2C%2048076
Jasmine,W6,2026-09-07,J-W6D3,10,8,1,0,1,8,Dearborn (5) • Livonia (2) • Garden City (2),"R07, R12, R13, R14, R16, R25",Schaefer Medical · Wayne Primary Care and Walk In,https://www.google.com/maps/dir/?api=1&travelmode=driving&dir_action=navigate&destination=6%20parklane%20Blvd%2C%20Suite%20436%2C%20DEARBORN%2C%20Michigan%2C%2048126&waypoints=28701%20Plymouth%20Rd%2C%20Livonia%2C%20Michigan%2C%2048150%7C29370%20Plymouth%20Road%2C%20Livonia%2C%20Michigan%2C%2048150%7C5823%20MIDDLEBELT%20RD%2C%20GARDEN%20CITY%2C%20MI%2C%2048135%7C29454%20Ford%20Road%2C%20Garden%20City%2C%20Michigan%2C%2048135%7C25350%20West%20Warren%20Street%2C%20Dearborn%20Heights%2C%20Michigan%2C%2048127%7C22361%20W%20VILLAGE%20DR%20STE%20102%2C%20DEARBORN%2C%20MI%2C%2048124%7C3133%20South%20Telegraph%20Road%2C%20Dearborn%2C%20Michigan%2C%2048124%7C3815%20Pelham%20Street%2C%20Dearborn%2C%20Michigan%2C%2048124%7C17000%20Hubbard%20Dr%2C%20Dearborn%2C%20Michigan%2C%2048126
Jasmine,W6,2026-09-07,J-W6D4,10,2,2,0,6,4,Livonia (7) • Farmington Hills (3),"R04, R06, R15, R27, R28",Michigan Urgent Care - Livonia · PROVIDENCE PARK LIVONIA FAMILY MEDICINE,https://www.google.com/maps/dir/?api=1&travelmode=driving&dir_action=navigate&destination=18320%20Farmington%20Rd%2C%20Livonia%2C%20Michigan%2C%2048152&waypoints=20311%20Farmington%20Road%2C%20Livonia%2C%20Michigan%2C%2048152%7C37633%20Pembroke%20Avenue%2C%20Livonia%2C%20Michigan%2C%2048152%7C36650%20Five%20Mile%20Rd%20suite%20106%2C%20Livonia%2C%20Michigan%2C%2048154%7C28479%207%20MILE%20RD%2C%20LIVONIA%2C%20MI%2C%2048152%7C28711%208%20Mile%20Rd%20Ste%20E%2C%20Livonia%2C%20MI%2C%2048152-2041%7C27810%20GRAND%20RIVER%20AVE%2C%20FARMINGTON%20HILLS%2C%20Michigan%2C%2048336%7C28080%20GRAND%20RIVER%20AVE%20STE%20207%2C%20FARMINGTON%20HILLS%2C%20MI%2C%2048336%7C28080%20GRAND%20RIVER%20AVE%20STE%20208N%2C%20FARMINGTON%20HILLS%2C%20MI%2C%2048336%7C30737%207%20Mile%2C%20Livonia%2C%20Michigan%2C%2048152
Jasmine,W6,2026-09-07,J-W6D5,10,0,4,0,6,0,Novi (10),"R01, R17, R29",Trinity IHA Orthopedics - Schoolcraft · Michigan Urgent Care - Livonia,https://www.google.com/maps/dir/?api=1&travelmode=driving&dir_action=navigate&destination=25500%20Meadowbrook%20Rd%2C%20Novi%2C%20MI%2C%2048375-1878&waypoints=44130%20W%2012%20MILE%20RD%2C%20NOVI%2C%20MI%2C%2048377%7C40015%20Grand%20River%20Ave%2C%20ste%20100%2C%20Novi%2C%20Michigan%2C%2048375%7C39500%20West%2010%20mile%2C%20suite%20100%2C%20Novi%2C%20MI%2C%2048375%7C39555%20West%2010%20Mile%20Road%2C%20Novi%2C%20Michigan%2C%2048375%7C39555%20West%2010%20Mile%20Road%2C%20Novi%2C%20Michigan%2C%2048375%7C39595%20W%2010%20Mile%20Road%2C%20NOVI%2C%20Michigan%2C%2048375%7C39595%20West%2010%20Mile%20Road%2C%20ste%20103%2C%20Novi%2C%20Michigan%2C%2048375%7C25500%20MEADOWBROOK%20RD%20STE%20275%2C%20NOVI%2C%20MI%2C%2048375%7C25500%20MEADOWBROOK%20RD%20STE%20260%2C%20NOVI%2C%20Michigan%2C%2048375
Jasmine,W7,2026-09-14,J-W7D1,10,0,6,0,4,0,Livonia (10),"R04, R15, R28",Comprehensive Healthcare Associates and Prevention Medicine · Freedom Medical Clinic (Trinity),https://www.google.com/maps/dir/?api=1&travelmode=driving&dir_action=navigate&destination=19000%20St%20Joe%27s%20Pkwy%2C%20Livonia%2C%20Michigan%2C%2048152&waypoints=15160%20Levan%20Rd%2C%20Livonia%2C%20Michigan%2C%2048154%7C15130%20Levan%20Rd%2C%20Livonia%2C%20MI%2C%2048154%7C14555%20Levan%20Rd%20suite%20308%2C%20Livonia%2C%20Michigan%2C%2048154%7C14555%20Levan%20Rd%20Ste%20302%2C%20Livonia%2C%20MI%2C%2048154-5085%7C14555%20Levan%20Road%2C%20Ste%20312%2C%20Livonia%2C%20Michigan%2C%2048154%7C37650%20PROFESSIONAL%20CENTER%20DR%20STE%201010A%2C%20LIVONIA%2C%20MI%2C%2048154%7C37595%20W%20Seven%20Mile%20Rd%2C%20Livonia%2C%20Michigan%2C%2048152%7C37595%207%20mile%20rd%2C%20ste%20210%2C%20LIVONIA%2C%20Michigan%2C%2048152%7C37595%20W%20Seven%20Mile%20Rd%2C%20ste%20340%2C%20Livonia%2C%20Michigan%2C%2048152
Jasmine,W7,2026-09-14,J-W7D2,10,0,4,0,6,0,Plymouth (5) • Canton (3) • Livonia (2),"R02, R16, R22, R30",Park Medical Centers - Canton · Corewell Health Wayne Hospital Family Medicine -  Canton,https://www.google.com/maps/dir/?api=1&travelmode=driving&dir_action=navigate&destination=38807%20Ann%20Arbor%20Road%2C%20Livonia%2C%20Michigan%2C%2048150&waypoints=990%20W%20Ann%20Arbor%20Trail%20suite%20104%2C%20Plymouth%2C%20Michigan%2C%2048170%7C990%20West%20Ann%20Arbor%20Trail%2C%20Plymouth%2C%20Michigan%2C%2048170%7C990%20w%20Ann%20Arbor%20trail%2C%20ste%20208%2C%20PLYMOUTH%2C%20Michigan%2C%2048170%7C1250%20Plymouth%20Oaks%20Boulevard%2C%20Plymouth%2C%20Michigan%2C%2048170%7C44670%20Ann%20Arbor%20Road%20suite%20100%2C%20Plymouth%2C%20Michigan%2C%2048170%7C49650%20Cherry%20Hill%20Rd%2C%20Canton%2C%20Michigan%2C%2048187%7C44633%20Joy%20Rd.%2C%20Ste%20200%2C%20Canton%2C%20Michigan%2C%2048187%7C44633%20JOY%20RD%20STE%20100%2C%20CANTON%2C%20MI%2C%2048187%7C38935%20Ann%20Arbor%20Road%2C%20Livonia%2C%20Michigan%2C%2048150
Jasmine,W7,2026-09-14,J-W7D3,10,0,1,0,9,0,Westland (3) • Garden City (3) • Livonia (2),"R09, R14, R16",BEAUMONT FAMILY MEDICINE GARDEN CITY · OAK STREET HEALTH CHERRY HILL,https://www.google.com/maps/dir/?api=1&travelmode=driving&dir_action=navigate&destination=2020%20Middlebelt%20Road%2C%20Garden%20City%2C%20Michigan%2C%2048135&waypoints=4020%20Venoy%20Rd%20suite%20400%2C%20Wayne%2C%20Michigan%2C%2048184%7C34725%20Palmer%20Road%2C%20Westland%2C%20Michigan%2C%2048186%7C34725%20Palmer%20Road%2C%20Westland%2C%20Michigan%2C%2048186%7C33200%20Warren%20Rd%2C%20Westland%2C%20Michigan%2C%2048185%7C31705%20Plymouth%20Road%2C%20Livonia%2C%20Michigan%2C%2048150%7C27550%20Joy%20Rd%2C%20Livonia%2C%20Michigan%2C%2048150%7C27144%20Joy%20Rd%2C%20Redford%2C%20MI%2C%2048239%7C6255%20Inkster%20Rd%2C%20Garden%20City%2C%20Michigan%2C%2048135%7C28511%20Ford%20Road%2C%20Garden%20City%2C%20Michigan%2C%2048135
Jasmine,W7,2026-09-14,J-W7D4,10,0,1,0,9,0,Dearborn (10),"R13, R23",Frank Lanzilote DO-Family Practice · OAK STREET HEALTH CHERRY HILL,https://www.google.com/maps/dir/?api=1&travelmode=driving&dir_action=navigate&destination=6840%20Greenfield%20Rd%2C%20Dearborn%2C%20Michigan%2C%2048126&waypoints=5245%20Schaefer%20Rd%2C%20Dearborn%2C%20Michigan%2C%2048126%7C4700%20Schaefer%20Rd%2C%20Suite%20240%2C%20Dearborn%2C%20MI%2C%20481263698%7C5220%20OAKMAN%20BLVD%2C%20DEARBORN%2C%20Michigan%2C%2048126%7C5280%20Oakman%20Blvd%2C%20Dearborn%2C%20Michigan%2C%2048126%7C15044%20Michigan%20Ave%2C%20Dearborn%2C%20Michigan%2C%2048126%7C15120%20Michigan%20Ave%2C%20Ste%20A%2C%20Dearborn%2C%20Michigan%2C%2048126%7C15400%20Michigan%20Ave%2C%20Dearborn%2C%20Michigan%2C%2048126%7C4700%20Greenfield%20Rd%2C%20Dearborn%2C%20Michigan%2C%2048126%7C4726%20Greenfield%20Rd%2C%20Dearborn%2C%20Michigan%2C%2048126
Jasmine,W7,2026-09-14,J-W7D5,10,0,0,0,10,0,Livonia (7) • Novi (3),"R04, R15, R28, R29",Freedom Medical Clinic (Trinity) · Comprehensive Healthcare Associates and Prevention Medicine,https://www.google.com/maps/dir/?api=1&travelmode=driving&dir_action=navigate&destination=20000%20Farmington%20Hills%2C%20Bldg%20E%2C%20Livonia%2C%20MI%2C%2048152&waypoints=39450%20West%2012%20Mile%20Road%2C%20Novi%2C%20Michigan%2C%2048377%7C39450%20W%2012%20Mile%20Rd%20%233c%2C%20Novi%2C%20Michigan%2C%2048377%7C21580%20Novi%20Rd%2C%20Novi%2C%20Michigan%2C%2048375%7C38525%208%20MILE%20RD%2C%20LIVONIA%2C%20MI%2C%2048152%7C37595%207%20Mile%2C%20Livonia%2C%20Michigan%2C%2048152%7C19000%20Saint%20Joe%27s%20Parkway%2C%20Livonia%2C%20Michigan%2C%2048152%7C36475%20Five%20Mile%20Rd%2C%20Livonia%2C%20Michigan%2C%2048154%7C36475%205%20MILE%20RD%2C%20LIVONIA%2C%20Michigan%2C%2048154%7C14555%20Levan%20Rd%20suite%20404%2C%20Livonia%2C%20Michigan%2C%2048154
Jasmine,W8,2026-09-21,J-W8D1,9,3,1,2,3,10,Novi (8) • New Hudson (1),"R01, R10, R17, R29",Village Medical - Novi · Corewell Health Farmington hills Hospital family medicine,https://www.google.com/maps/dir/?api=1&travelmode=driving&dir_action=navigate&destination=30880%20BECK%20RD%2C%20NOVI%2C%20MI%2C%2048377&waypoints=44000%20W%2012%20MILE%20RD%20STE%20100%2C%20NOVI%2C%20MI%2C%2048377%7C44000%20W%2012%20MILE%20RD%20STE%20200%2C%20NOVI%2C%20MI%2C%2048377%7C43535%20Grand%20River%2C%20Novi%2C%20Michigan%2C%2048375%7C26850%20PROVIDENCE%20PKWY%20STE%20420%2C%20NOVI%2C%20Michigan%2C%2048374%7C26850%20Providence%20Parkway%20Ste%20420%2C%20Novi%2C%20Michigan%2C%2048374%7C26850%20Providence%20Parkway%2C%20ste%20505%2C%20Novi%2C%20Michigan%2C%2048374%7C26850%20PROVIDENCE%20PKWY%20STE%20370%2C%20NOVI%2C%20MI%2C%2048374%7C55840%20Grand%20River%20Ave%20ste%20300%2C%20New%20Hudson%2C%20Michigan%2C%2048165
Jasmine,W8,2026-09-21,J-W8D2,10,3,1,1,5,13,Livonia (3) • Garden City (3) • Dearborn Heights (3),"R04, R07, R09, R14, R25","APOLLO HEALTH SERVICES, PC · Plymouth physical therapy services",https://www.google.com/maps/dir/?api=1&travelmode=driving&dir_action=navigate&destination=5928%20N%20Telegraph%20Rd%2C%20Dearborn%20Heights%2C%20Michigan%2C%2048127&waypoints=15140%20Levan%20Rd%2C%20Livonia%2C%20Michigan%2C%2048154%7C9216%20Middlebelt%20Rd%2C%20Livonia%2C%20Michigan%2C%2048150%7C27155%20CHERRY%20HILL%20RD%2C%20INKSTER%2C%20MI%2C%2048141%7C29150%20FORD%20RD%2C%20GARDEN%20CITY%2C%20MI%2C%2048135%7C9460%20MIDDLEBELT%20RD%2C%20LIVONIA%2C%20MI%2C%2048150%7C2020%20MIDDLEBELT%20RD%2C%20GARDEN%20CITY%2C%20MI%2C%2048135%7C2011%20MIDDLEBELT%20RD%2C%20GARDEN%20CITY%2C%20MI%2C%2048135%7C25150%20Ford%20Road%2C%20Dearborn%20Heights%2C%20Michigan%2C%2048127%7C24430%20Ford%20Road%2C%20Dearborn%20Heights%2C%20Michigan%2C%2048127
Jasmine,W8,2026-09-21,J-W8D3,10,5,2,0,3,12,Canton (10),"R02, R03",Care Medical Clinic of Canton · CANTON FOOT & Ankle SPECIALISTS,https://www.google.com/maps/dir/?api=1&travelmode=driving&dir_action=navigate&destination=7330%20N%20CANTON%20CENTER%20RD%20STE%20209%2C%20CANTON%2C%20MI%2C%2048187&waypoints=6300%20N%20HAGGERTY%20RD%20STE%20220%2C%20CANTON%2C%20MI%2C%2048187%7C2050%20North%20Haggerty%20Road%2C%20Canton%2C%20Michigan%2C%2048187%7C2050%20N%20Haggerty%20Rd%2C%20Canton%2C%20Michigan%2C%2048187%7C2050%20N%20Haggerty%20Road%2C%20Canton%2C%20Michigan%2C%2048187%7C2050%20North%20Haggerty%20Road%2C%20CANTON%2C%20Michigan%2C%2048187%7C2050%20North%20Haggerty%20Road%2C%20Canton%2C%20Michigan%2C%2048187%7C2050%20N%20HAGGERTY%20RD%20STE%20100%2C%20CANTON%2C%20MI%2C%2048187%7C8532%20N%20CANTON%20CENTER%20RD%2C%20CANTON%2C%20MI%2C%2048187%7C7330%20N%20CANTON%20CENTER%20RD%20STE%20111%2C%20CANTON%2C%20MI%2C%2048187
Jasmine,W8,2026-09-21,J-W8D4,5,2,3,0,0,5,Eastpointe (5),"R05, R26",Core Institute/Henry Ford Motor City Orthopedics & PT- Southfield · Dedicated senior Medical Center Detroit North,https://www.google.com/maps/dir/?api=1&travelmode=driving&dir_action=navigate&destination=18161%20E%208%20Mile%20Rd%2C%20Eastpointe%2C%20Michigan%2C%2048021&waypoints=19070%20East%2010%20Mile%20Road%2C%20Eastpointe%2C%20Michigan%2C%2048021%7C24901%20Kelly%20Rd%2C%20Eastpointe%2C%20MI%2C%2048021%7C17000%20E%2010%20Mile%20Rd%2C%20Eastpointe%2C%20MI%2C%2048021%7C21811%20Kelly%20Rd%2C%20Eastpointe%2C%20Michigan%2C%2048021
Jasmine,W8,2026-09-21,J-W8D5,5,1,1,1,2,2,Livonia (5),"R04, R06, R28",NORLIVO INTERNAL MEDICINE · Lakes Urgent Care - Livonia,https://www.google.com/maps/dir/?api=1&travelmode=driving&dir_action=navigate&destination=39000%20West%20Seven%20Mile%20Road%20STE%202600%2C%20Livonia%2C%20Michigan%2C%2048152&waypoints=20290%20Middlebelt%20Rd%2C%20Livonia%2C%20Michigan%2C%2048152%7C20206%20Farmington%20Rd%2C%20Livonia%2C%20MI%2C%2048152%7C39000%207%20MILE%20RD%20Suite%204300%2C%20LIVONIA%2C%20MI%2C%2048152%7C39000%20W%20SEVEN%20MILE%20RD%20STE%202500%2C%20LIVONIA%2C%20MI%2C%2048152
Jasmine,W9,2026-09-28,J-W9D1,1,1,0,0,0,1,Belleville (1),R11,Integrative Family Medicine Clinic - Domino's Farms (U of M) · The family Doc,https://www.google.com/maps/dir/?api=1&travelmode=driving&dir_action=navigate&destination=201%203RD%20ST%20STE%20200%2C%20BELLEVILLE%2C%20Michigan
Jasmine,W9,2026-09-28,J-W9D2,1,1,0,0,0,1,Detroit (1),R08,Dedicated Senior Medical Center - Warren · ACADEMIC INTERNAL MEDICINE SPECIALISTS,https://www.google.com/maps/dir/?api=1&travelmode=driving&dir_action=navigate&destination=12871%20East%20Jefferson%20Avenue%2C%20Detroit%2C%20Michigan%2C%2048215
Jasmine,W9,2026-09-28,J-W9D3,5,3,2,0,0,4,Southfield (3) • Detroit (2),"R08, R18, R19",CENTER FOR INTERNAL MEDICINE CONTINUITY CLINIC · Dedicated Senior Medical Center - Warren,https://www.google.com/maps/dir/?api=1&travelmode=driving&dir_action=navigate&destination=27207%20Lahser%20Rd%2C%20Southfield%2C%20Michigan%2C%2048034&waypoints=16226%20Grand%20River%20Ave%2C%20Detroit%2C%20Michigan%2C%2048227%7C20001%20West%20Seven%20Mile%20Road%2C%20Detroit%2C%20Michigan%2C%2048219%7C22250%20Providence%20Drive%2C%20ste%20401%2C%20Southfield%2C%20Michigan%2C%2048075%7C22250%20PROVIDENCE%20DR%20STE%20301%2C%20SOUTHFIELD%2C%20Michigan%2C%2048075
Jasmine,W9,2026-09-28,J-W9D4,7,1,3,0,3,1,Canton (7),"R02, R11, R22",Corwell internal medicine and primary care · The family Doc,https://www.google.com/maps/dir/?api=1&travelmode=driving&dir_action=navigate&destination=5730%20N%20Lilley%20Rd%2C%20ste%20C%2C%20Canton%2C%20MI%2C%2048187&waypoints=1600%20S%20Canton%20Center%20Road%2C%20Suite%20200%2C%20CANTON%2C%20Michigan%2C%2048188%7C1600%20S%20CANTON%20CENTER%20RD%20STE%202200%2C%20CANTON%2C%20MI%2C%2048188%7C1600%20S%20Canton%20Center%20Road%2C%20Canton%2C%20Michigan%2C%2048188%7C1051%20North%20Canton%20Center%20Road%2C%20Canton%2C%20Michigan%2C%2048187%7C43050%20Ford%20Road%20Ste%20150%2C%20Canton%2C%20Michigan%2C%2048187%7C43050%20Ford%20Road%2C%20suite%20170%2C%20CANTON%2C%20Michigan%2C%2048187
Jasmine,W9,2026-09-28,J-W9D5,10,5,4,0,1,5,Dearborn (4) • Southgate (2) • Trenton (1),"R12, R13, R14, R25, R31, R32",The family Doc · CENTER FOR INTERNAL MEDICINE CONTINUITY CLINIC,https://www.google.com/maps/dir/?api=1&travelmode=driving&dir_action=navigate&destination=5823%20MIDDLEBELT%20RD%2C%20GARDEN%20CITY%2C%20MI%2C%2048135&waypoints=1570%20Kingsway%20Ct%20suite%201%2C%20Trenton%2C%20Michigan%2C%2048183%7C19135%20ALLEN%20RD%20STE%20106%2C%20BROWNSTOWN%2C%20MI%2C%2048183%7C13636%20Dix%20Toledo%2C%20Southgate%2C%20MI%2C%20481952432%7C15555%20Northline%20Road%2C%20Southgate%2C%20Michigan%2C%2048195%7C3815%20Pelham%20Street%2C%20Dearborn%2C%20Michigan%2C%2048124%7C22361%20W%20VILLAGE%20DR%20STE%20102%2C%20DEARBORN%2C%20MI%2C%2048124%7C3133%20South%20Telegraph%20Road%2C%20Dearborn%2C%20Michigan%2C%2048124%7C17000%20Hubbard%20Dr%2C%20Dearborn%2C%20Michigan%2C%2048126%7C20211%20ANN%20ARBOR%20TRL%2C%20DEARBORN%20HEIGHTS%2C%20MI%2C%2048127
Kristen,W2,2026-08-10,K-W2D1,10,10,0,0,0,111,Southfield (5) • Farmington Hills (5),"R01, R03, R05, R11","MEDICAL CENTER PEDIATRICS, PLLC · MARY LEE, MD, PC",https://www.google.com/maps/dir/?api=1&travelmode=driving&dir_action=navigate&destination=23700%20Orchard%20Lake%20Rd%2C%20Farmington%20Hills%2C%20MI%2C%2048336-2559&waypoints=24901%20Northwestern%20Highway%2C%20Southfield%2C%20Michigan%2C%2048075%7C26777%20Central%20Park%20Blvd%20suite%20300%2C%20Southfield%2C%20Michigan%2C%2048076%7C30101%20Northwestern%20Hwy%2C%20Farmington%20Hills%2C%20Michigan%2C%2048334%7C30055%20Northwestern%20Hwy%2C%20Farmington%20Hills%2C%20Michigan%2C%2048334%7C29200%20Northwestern%20Hwy%2C%20Southfield%2C%20Michigan%2C%2048034%7C29355%20NORTHWESTERN%20HWY%20STE%20120%2C%20SOUTHFIELD%2C%20MI%2C%2048034%7C29110%20Inkster%20Road%2C%20Suite%20150%2C%20Southfield%2C%20Michigan%2C%2048034%7C31390%20Northwestern%20Hwy.%2C%20Ste%20C%2C%20Farmington%20Hills%2C%20Michigan%2C%2048334%7C29930%20W%2012%20MILE%20RD%20STE%206%2C%20FARMINGTON%20HILLS%2C%20Michigan
Kristen,W2,2026-08-10,K-W2D2,10,8,2,0,0,19,Livonia (5) • Southfield (3) • Farmington (2),"R01, R05, R06, R13, R14","MEDICAL CENTER PEDIATRICS, PLLC · MARY LEE, MD, PC",https://www.google.com/maps/dir/?api=1&travelmode=driving&dir_action=navigate&destination=25899%20W%2012%20Mile%20Rd%2C%20Southfield%2C%20Michigan%2C%2048034&waypoints=38253%20Ann%20Arbor%20Road%2C%20Livonia%2C%20Michigan%2C%2048150%7C14700%20Farmington%20Rd%2C%20Livonia%2C%20Michigan%2C%2048154%7C14700%20Farmington%20Rd%20suite%20105%2C%20Livonia%2C%20Michigan%2C%2048154%7C17800%20Newburgh%20Road%2C%20Livonia%2C%20Michigan%2C%2048152%7C20216%20Farmington%20Road%2C%20Livonia%2C%20Michigan%2C%2048152%7C23330%20%20Rd%20Farmington%2C%20Farmington%2C%20Michigan%2C%2048336%7C23133%20Orchard%20Lake%20Rd%2C%20Farmington%2C%20Michigan%2C%2048336%7C29777%20Telegraph%20Rd%20suite%201555%2C%20Southfield%2C%20Michigan%2C%2048034%7C29201%20Telegraph%20Rd%2C%20ste%20403%2C%20Southfield%2C%20MI%2C%2048034
Kristen,W2,2026-08-10,K-W2D3,10,5,4,1,0,13,Clinton Township (4) • Sterling Heights (3) • Rochester Hills (2),"R07, R12, R21","MEDICAL CENTER PEDIATRICS, PLLC · MARY LEE, MD, PC",https://www.google.com/maps/dir/?api=1&travelmode=driving&dir_action=navigate&destination=35429%20Schoenherr%20Rd%2C%20Sterling%20Heights%2C%20MI%2C%2048312&waypoints=2940%20Crooks%20Rd%2C%20Rochester%20Hills%2C%20Michigan%2C%2048309%7C141%20Hampton%20Cir%2C%20Rochester%20Hills%2C%20MI%2C%2048307-4103%7C44225%20Utica%20Road%2C%20Utica%2C%20Michigan%2C%2048317%7C15520%2019%20Mile%20Road%2C%20Suite%20480%2C%20Clinton%20Township%2C%20MI%2C%2048038%7C43555%20Dalcoma%20Dr%20suite%204%20Clinton%20Twp%2C%20Clinton%20Township%2C%20Michigan%2C%2048038%7C43600%20Garfield%20Rd%2C%20Clinton%20Township%2C%20Michigan%2C%2048038%7C41060%20Hayes%20Road%2C%20Clinton%20Township%2C%20Michigan%2C%2048038%7C13951%20Plumbrook%2C%20Sterling%20Heights%2C%20Michigan%2C%2048312%7C37771%20Schoenherr%20Rd%20Suite%20102%2C%20Sterling%20Heights%2C%20MI%2048312%2C%20United%20States%2C%20Sterling%20Heights%2C%20Michigan%2C%2048312
Kristen,W2,2026-08-10,K-W2D4,10,6,2,2,0,9,Commerce Township (4) • Nan (2) • Walled Lake (2),"R04, R19, R23",DMC PRIMARY AND SPECIALTY CARE WEST BLOOMFIELD · HENRY FORD MEDICAL CENTER FARMINGTON ROAD INTERNAL MEDICINE,https://www.google.com/maps/dir/?api=1&travelmode=driving&dir_action=navigate&destination=308%20S%20Main%20St%2C%20Northville%2C%20Michigan%2C%2048167&waypoints=1%20William%20Carls%20Drive%2C%20Michigan%2C%2048382%7C9640%20Commerce%20Road%2C%20Commerce%20Charter%20Township%2C%20Michigan%2C%2048382%7C2630%20UNION%20LAKE%20RD%20STE%20100%2C%20COMMERCE%20TOWNSHIP%2C%20Michigan%7C2685%20Union%20Lake%20Rd%20Commerce%20Charter%20Twp%2C%20Commerce%20Charter%20Township%2C%20Michigan%2C%2048382%7C2600%20Union%20Lake%20Rd%20suite%20140%20Commerce%20Township%2C%20Michigan%2C%2048382%7C4057%20Pioneer%20Dr%2C%20Suite%20300%2C%20Commerce%20Township%2C%20Michigan%2C%2048390%7C100%20N%20POND%20DR%20STE%20C%2C%20WALLED%20LAKE%2C%20MI%2C%2048390%7C100%20North%20Pond%2C%20Suite%20E%2C%20Walled%20Lake%2C%20Michigan%2C%2048390%7C43440%20W%20Oaks%20Dr%2C%20Novi%2C%20Michigan%2C%2048377
Kristen,W2,2026-08-10,K-W2D5,10,2,8,0,0,4,Westland (6) • Garden City (2) • Livonia (1),"R14, R22",ALLEN PARK FAMILY PHYSICIANS · Corewell Urgent Care - Allen Park,https://www.google.com/maps/dir/?api=1&travelmode=driving&dir_action=navigate&destination=9857%20N%20HAGGERTY%20RD%2C%20PLYMOUTH%2C%20Michigan%2C%20MI%2048170&waypoints=30900%20FORD%20RD%20STE%20B%2C%20GARDEN%20CITY%2C%20MI%2C%2048135%7C6200%20Middlebelt%20Road%2C%20Garden%20City%2C%20Michigan%2C%2048135%7C2001%20S%20MERRIMAN%20RD%20STE%20100%2C%20WESTLAND%2C%20Michigan%7C1203%20S%20WAYNE%20RD%2C%20WESTLAND%2C%20Michigan%7C400%20N%20Wayne%20Rd%2C%20Westland%2C%20Michigan%2C%2048185%7C6149%20Elmwood%20Street%2C%20Westland%2C%20Michigan%2C%2048185%7C6149%20N%20WAYNE%20RD%2C%20WESTLAND%2C%20MI%2C%2048185%7C6149%20North%20Wayne%20Road%2C%20Westland%2C%20Michigan%2C%2048185%7C36600%20Plymouth%20Road%2C%20Livonia%2C%20Michigan%2C%2048150
Kristen,W3,2026-08-17,K-W3D1,10,5,4,1,0,8,Sterling Heights (7) • Madison Heights (1) • Warren (1),"R07, R08, R09, R16, R21",Get Well Urgent Care - Sterling Heights · Tri-County Medical Clinic,https://www.google.com/maps/dir/?api=1&travelmode=driving&dir_action=navigate&destination=37257%20Mound%20Road%2C%20Sterling%20Heights%2C%20Michigan%2C%2048310&waypoints=31005%20John%20R%20Rd%20suite%20a%2C%20Madison%20Heights%2C%20Michigan%2C%2048071%7C27650%20Dequindre%20Road%2C%20Suite%202000%2C%20Warren%2C%20Michigan%2C%2048092%7C2891%20E%20Maple%20Rd%20Ste%20102%2C%20Troy%2C%20MI%2C%2048083%7C39150%20Dequindre%20Rd%20suite%20200%2C%20Sterling%20Heights%2C%20Michigan%2C%2048310%7C41400%20Dequindre%20Rd%2C%20ste%20121%2C%20Sterling%20Heights%2C%20Michigan%2C%2048314%7C44250%20Dequindre%2C%20Sterling%20Heights%2C%20MI%2C%20483141002%7C42755%20Mound%20Rd%2C%20Sterling%20Heights%2C%20Michigan%2C%2048314%7C6055%2019%20MILE%20RD%2C%20STERLING%20HEIGHTS%2C%20Michigan%2C%2048314%7C39880%20Van%20Dyke%2C%20Sterling%20Heights%2C%20MI%2C%2048313
Kristen,W3,2026-08-17,K-W3D2,1,1,0,0,0,23,Ypsilanti (1),R02,Internal Medicine & Primary Care Specialists- 1010 · Vanstone Injury Law,https://www.google.com/maps/dir/?api=1&travelmode=driving&dir_action=navigate&destination=2900%20Packard%20Street%2C%20Ypsilanti%2C%20Michigan%2C%2048197
Kristen,W3,2026-08-17,K-W3D3,10,8,2,0,0,21,Livonia (5) • Redford Charter Township (1) • Redford (1),"R06, R13, R14, R20, R22",Kajy Law · DEIGHTON FAMILY PRACTICE - use this one,https://www.google.com/maps/dir/?api=1&travelmode=driving&dir_action=navigate&destination=23330%20%20Rd%20Farmington%2C%20Farmington%2C%20Michigan%2C%2048336&waypoints=15540%20Beech%20Daly%2C%20Redford%20Charter%20Township%2C%20Michigan%2C%2048239%7C24224%20JOY%20RD%20STE%20100%2C%20REDFORD%2C%20Michigan%7C22318%20Ford%20Road%2C%20Dearborn%20Heights%2C%20Michigan%2C%2048127%7C30900%20FORD%20RD%20STE%20B%2C%20GARDEN%20CITY%2C%20MI%2C%2048135%7C38253%20Ann%20Arbor%20Road%2C%20Livonia%2C%20Michigan%2C%2048150%7C14700%20Farmington%20Rd%2C%20Livonia%2C%20Michigan%2C%2048154%7C14700%20Farmington%20Rd%20suite%20105%2C%20Livonia%2C%20Michigan%2C%2048154%7C17800%20Newburgh%20Road%2C%20Livonia%2C%20Michigan%2C%2048152%7C20216%20Farmington%20Road%2C%20Livonia%2C%20Michigan%2C%2048152
Kristen,W3,2026-08-17,K-W3D4,10,5,5,0,0,6,Warren (8) • Center Line (1) • Royal Oak (1),"R08, R09, R17","Michigan Compassionate Care · DIAB AND KINNER INTERNAL MEDICINE, PC- use",https://www.google.com/maps/dir/?api=1&travelmode=driving&dir_action=navigate&destination=2033%20CROOKS%20RD%2C%20ROYAL%20OAK%2C%20MI%2C%2048073&waypoints=27472%20Schoenherr%20Rd%20%23100%2C%20Warren%2C%20MI%2C%2048088%7C28295%20Schoenherr%20Road%20Suite%20C%2C%20Warren%2C%20Michigan%2C%2048088%7C30061%20Schoenherr%20Rd%2C%20Warren%2C%20Michigan%2C%2048088%7C11270%20East%20Thirteen%20Mile%20Road%2C%20Warren%2C%20Michigan%2C%2048093%7C28111%20HOOVER%20RD%20STE%201A%2C%20WARREN%2C%20Michigan%7C28111%20HOOVER%20RD%20STE%202A%2C%20WARREN%2C%20MI%2C%2048093%7C25511%20Van%20Dyke%20Ave%2C%20Center%20Line%2C%20Michigan%2C%2048015%7C29245%20Ryan%20Rd%20suite%20300%2C%20Warren%2C%20Michigan%2C%2048092%7C2539%20E%2012%20Mile%20Rd%2C%20Warren%2C%20MI%2C%2048092
Kristen,W3,2026-08-17,K-W3D5,3,2,1,0,0,3,Nan (1) • Bloomfield (1) • Pontiac (1),R04,Team Rehab - SMA Bloomfield Hills · Vanstone Injury Law,https://www.google.com/maps/dir/?api=1&travelmode=driving&dir_action=navigate&destination=114%20Orchard%20Lake%20Rd%2C%20Pontiac%2C%20Michigan%2C%2048341&waypoints=43494%20Woodward%20Ave%20Bloomfield%20Township%2C%20Michigan%2C%2048302%7C43700%20WOODWARD%20AVE%20STE%20206%2C%20BLOOMFIELD%2C%20Michigan%2C%20MI%2048302
Kristen,W4,2026-08-24,K-W4D1,10,3,5,1,1,3,Southfield (6) • Bingham Farms (2) • Farmington Hills (2),"R05, R11, R18",Ross Law · Carson Center Specialty,https://www.google.com/maps/dir/?api=1&travelmode=driving&dir_action=navigate&destination=30055%20Northwestern%20Hwy%20%23150%2C%20Farmington%20Hills%2C%20Michigan%2C%2048334&waypoints=31500%20TELEGRAPH%20RD%20STE%20115%2C%20BINGHAM%20FARMS%2C%20MI%2C%2048025%7C31500%20Telegraph%20Rd.%20Ste%20225%2C%20Bingham%20Farms%2C%20Michigan%2C%2048025%7C29355%20Northwestern%20Hwy%20%23210%2C%20Southfield%2C%20Michigan%2C%2048034%7C29355%20Northwestern%20Hwy%2C%20Southfield%2C%20Michigan%2C%2048034%7C29425%20NORTHWESTERN%20HIGHWAY%20STE%20330%2C%20Southfield%2C%20MI%2C%2048034%7C29275%20Northwestern%20Hwy%20suite%20202%2C%20Southfield%2C%20Michigan%2C%2048034%7C29255%20NORTHWESTERN%20HWY%20STE%20203%2C%20SOUTHFIELD%2C%20Michigan%7C26400%20West%2012%20Mile%20Road%2C%20Southfield%2C%20Michigan%2C%2048034%7C30055%20Northwestern%20Hwy%20suite%20170%2C%20Farmington%20Hills%2C%20Michigan%2C%2048334
Kristen,W4,2026-08-24,K-W4D2,10,6,2,2,0,6,Livonia (4) • Farmington (3) • Farmington Hills (3),"R06, R11, R13",Village Medical Farmington · Powers Family Medicine,https://www.google.com/maps/dir/?api=1&travelmode=driving&dir_action=navigate&destination=38215%20W%2010%20MILE%20RD%20STE%208%2C%20FARMINGTON%20HILLS%2C%20Michigan&waypoints=15604%20FARMINGTON%20RD%2C%20LIVONIA%2C%20MI%2C%2048154%7C14700%20Farmington%20Road%2C%20Suite%20103%2C%20Livonia%2C%20Michigan%2C%2048154%2C%20United%20States%2C%20Livonia%2C%20Michigan%2C%2048154%7C33215%20W%20Seven%20Mile%20Rd%2C%20Livonia%2C%20Michigan%2C%2048152%7C33523%20Eight%20Mile%20Rd%20m2%2C%20Livonia%2C%20Michigan%2C%2048152%7C22821%20ORCHARD%20LAKE%20RD%2C%20FARMINGTON%2C%20MI%2C%2048336%7C23800%20Orchard%20Lake%20Rd%20suite%20202%2C%20Farmington%20Hills%2C%20Michigan%2C%2048336%7C30852%20W%2010%20MILE%20RD%2C%20FARMINGTON%20HILLS%2C%20MI%2C%2048336%7C32754%20Grand%20River%20Ave%2C%20Farmington%2C%20Michigan%2C%2048336%7C23366%20FARMINGTON%20RD%2C%20FARMINGTON%2C%20MI%2C%2048336
Kristen,W4,2026-08-24,K-W4D3,6,3,3,0,0,3,Novi (3) • Livonia (2) • Northville (1),"R06, R19","Medical Clinic of Northville · PILLAY INTERNAL MEDICINE ASSOCIATES, PLLC",https://www.google.com/maps/dir/?api=1&travelmode=driving&dir_action=navigate&destination=46325%20W%2012%20MILE%20RD%20STE%20240%2C%20NOVI%2C%20Michigan&waypoints=37508%20W%20SEVEN%20MILE%20RD%2C%20LIVONIA%2C%20Michigan%7C19000%20St%20Joe%27s%20Pkwy%20suite%20200%2C%20Livonia%2C%20Michigan%2C%2048152%7C422%20N%20Center%20St%2C%20Northville%2C%20Michigan%2C%2048167%7C26850%20PROVIDENCE%20PKWY%20STE%20455%2C%20NOVI%2C%20Michigan%7C26750%20PROVIDENCE%20PKWY%20STE%20210%2C%20NOVI%2C%20MI%2C%2048374
Kristen,W4,2026-08-24,K-W4D4,10,5,5,0,0,5,Port Huron (8) • Fort Gratiot (2),"R15, R27",Swetech Medical Center · Macomb Internal Medicine,https://www.google.com/maps/dir/?api=1&travelmode=driving&dir_action=navigate&destination=4190%2024th%20Avenue%2C%20Suite%20208%2C%20Fort%20Gratiot%2C%20Michigan%2C%2048059&waypoints=1225%2010th%20St%2C%20Port%20Huron%2C%20Michigan%2C%2048060%7C1209%2010th%20St%2C%20Port%20Huron%2C%20Michigan%2C%2048060%7C1103%207th%20St%20suite%20a%2C%20Port%20Huron%2C%20Michigan%2C%2048060%7C1117%20Stone%20St%20suite%202%2C%20Port%20Huron%2C%20Michigan%2C%2048060%7C1201%20Stone%20St%20suite%205%2C%20Port%20Huron%2C%20Michigan%2C%2048060%7C1210%2010th%20Avenue%2C%20Port%20Huron%2C%20Michigan%2C%2048060%7C1612%2010th%20Avenue%2C%20Port%20Huron%2C%20Michigan%2C%2048060%7C1943%20Holland%20Ave%2C%20Port%20Huron%2C%20Michigan%2C%2048060%7C4190%2024th%20Ave%2C%20%20Suite%20105%2C%20Fort%20Gratiot%20Township%2C%20Michigan%2C%2048059
Kristen,W4,2026-08-24,K-W4D5,6,2,2,0,2,2,Grosse Pointe (6),R24,Horizon Care Medical Group - Warren · Get Well Urgent Care - Warren,https://www.google.com/maps/dir/?api=1&travelmode=driving&dir_action=navigate&destination=17141%20KERCHEVAL%20AVE%2C%20GROSSE%20POINTE%2C%20Michigan%2C%2048230&waypoints=19251%20Mack%20Ave%20%23333%2C%20Grosse%20Pointe%2C%20Michigan%2C%2048236%7C17000%20Kercheval%20Ave%20suite%20205%2C%20Grosse%20Pointe%2C%20Michigan%2C%2048230%7C15050%20E%20Jefferson%20Ave%20suite%20101%2C%20Grosse%20Pointe%2C%20Michigan%2C%2048230%7C15200%20KERCHEVAL%20AVE%2C%20GROSSE%20POINTE%2C%20MI%2C%2048230%7C16815%20E%20Jefferson%20Ave%20suite%20120%2C%20Grosse%20Pointe%2C%20Michigan%2C%2048230
Kristen,W5,2026-08-31,K-W5D1,10,9,1,0,0,109,Southfield (6) • Farmington Hills (4),"R01, R03, R05, R11",Legend Health - Now One Health · Associates in Internal Medicine - MHP,https://www.google.com/maps/dir/?api=1&travelmode=driving&dir_action=navigate&destination=29930%20W%2012%20MILE%20RD%20STE%206%2C%20FARMINGTON%20HILLS%2C%20Michigan&waypoints=24901%20Northwestern%20Highway%2C%20Southfield%2C%20Michigan%2C%2048075%7C26777%20Central%20Park%20Blvd%20suite%20300%2C%20Southfield%2C%20Michigan%2C%2048076%7C27177%20LAHSER%20RD%20STE%20104%2C%20SOUTHFIELD%2C%20MI%2C%2048034%7C30101%20Northwestern%20Hwy%2C%20Farmington%20Hills%2C%20Michigan%2C%2048334%7C30055%20Northwestern%20Hwy%2C%20Farmington%20Hills%2C%20Michigan%2C%2048334%7C29200%20Northwestern%20Hwy%2C%20Southfield%2C%20Michigan%2C%2048034%7C29355%20NORTHWESTERN%20HWY%20STE%20120%2C%20SOUTHFIELD%2C%20MI%2C%2048034%7C29110%20Inkster%20Road%2C%20Suite%20150%2C%20Southfield%2C%20Michigan%2C%2048034%7C31390%20Northwestern%20Hwy.%2C%20Ste%20C%2C%20Farmington%20Hills%2C%20Michigan%2C%2048334
Kristen,W5,2026-08-31,K-W5D2,10,3,6,1,0,11,Rochester Hills (2) • Rochester (1) • Nan (1),"R04, R07, R12, R21",Associates in Family Practice · David S Weingarden MD & Associates,https://www.google.com/maps/dir/?api=1&travelmode=driving&dir_action=navigate&destination=18%20Market%20Street%2C%20ste%20C%2C%20Mount%20Clemens%2C%20MI%2C%2048043&waypoints=2940%20Crooks%20Rd%2C%20Rochester%20Hills%2C%20Michigan%2C%2048309%7C1136%20S%20%20Rd%20suite%20c%20Rochester%2C%20Rochester%2C%20Michigan%2C%2048307%7C1349%20South%20Rochester%20Road%2C%20ste%20100%2C%20Rochester%20Hills%2C%20Michigan%2C%2048307%7C51220%20Van%20Dyke%20Ave%20Shelby%20Township%2C%20Michigan%2C%2048316%7C44225%20Utica%20Road%2C%20Utica%2C%20Michigan%2C%2048317%7C15520%2019%20Mile%20Road%2C%20Suite%20480%2C%20Clinton%20Township%2C%20MI%2C%2048038%7C43455%20Schoenherr%20Rd%20ste%202%2C%20Sterling%20Heights%2C%20Michigan%2C%2048313%7C45640%20Schoenherr%20Rd%2C%20Shelby%20Township%2C%20Michigan%2C%2048315%7C46600%20Romeo%20Plank%2C%20Ste.%204%2C%20Macomb%20Township%2C%20MI%2C%2048044
Kristen,W5,2026-08-31,K-W5D3,10,5,4,1,0,11,West Bloomfield (5) • Farmington Hills (4) • Nan (1),"R03, R04, R10",Internal Medicine Specialists · Associates in Internal Medicine - MHP,https://www.google.com/maps/dir/?api=1&travelmode=driving&dir_action=navigate&destination=32255%20NORTHWESTERN%20HWY%20STE%20130B%2C%20FARMINGTON%20HILLS%2C%20Michigan%2C%2048334&waypoints=1%20William%20Carls%20Drive%2C%20Michigan%2C%2048382%7C2300%20Haggerty%20Road%2C%20ste%201010%2C%20West%20Bloomfield%2C%20MI%2C%2048323%7C6525%20W%20MAPLE%20RD%20STE%20101E%2C%20WEST%20BLOOMFIELD%2C%20MI%2C%2048322%7C6530%20FARMINGTON%20RD%20STE%20LL-02%2C%20WEST%20BLOOMFIELD%2C%20MI%2C%2048322%7C6089%20W%20MAPLE%20RD%20STE%20200%2C%20WEST%20BLOOMFIELD%2C%20Michigan%7C5799%20W%20MAPLE%20RD%20STE%20163%2C%20WEST%20BLOOMFIELD%2C%20MI%2C%2048322%7C29645%20W%2014%20mile%20rd%2C%20ste%20110%2C%20FARMINGTON%20HILLS%2C%20Michigan%2C%2048334%7C32255%20Northwestern%20Highway%2C%20Suite%20130A%2C%20Farmington%20Hills%2C%20MI%2C%2048334%7C32255%20NORTHWESTERN%20HWY%20STE%20170%2C%20FARMINGTON%20HILLS%2C%20MI%2C%2048334
Kristen,W5,2026-08-31,K-W5D4,10,6,2,2,0,9,Southfield (3) • Farmington Hills (2) • Farmington (1),"R01, R11, R13, R18",Legend Health - Now One Health · Ivy Rehab - Farmington,https://www.google.com/maps/dir/?api=1&travelmode=driving&dir_action=navigate&destination=3270%20Greenfield%20Rd%2C%20Berkley%2C%20Michigan%2C%2048072&waypoints=23700%20Orchard%20Lake%20Rd%2C%20Farmington%20Hills%2C%20MI%2C%2048336-2559%7C23133%20Orchard%20Lake%20Rd%2C%20Farmington%2C%20Michigan%2C%2048336%7C28100%20GRAND%20RIVER%20AVE%20STE%20313%2C%20FARMINGTON%20HILLS%2C%20Michigan%7C25925%20Telegraph%20Road%2C%20Suite%20200%2C%20Southfield%2C%20Michigan%2C%2048033%7C29777%20Telegraph%20Rd%20suite%201555%2C%20Southfield%2C%20Michigan%2C%2048034%7C30400%20TELEGRAPH%20RD%20STE%20101%2C%20BINGHAM%20FARMS%2C%20Michigan%7C18451%20W%2012%20MILE%20RD%20STE%20200%2C%20LATHRUP%20VILLAGE%2C%20Michigan%2C%20MI%2048076%7C17392%20W%2013%20Mile%20Rd%2C%20Beverly%20Hills%2C%20MI%2C%2048025-5438%7C17070%20W%2012%20MILE%20RD%20STE%20A%2C%20SOUTHFIELD%2C%20Michigan%2C%20MI%2048076
Kristen,W5,2026-08-31,K-W5D5,4,1,3,0,0,2,Canton (2) • Northville (1) • Plymouth (1),"R14, R19","PRAVEEN MODI, MD, PC · Park Medical Centers",https://www.google.com/maps/dir/?api=1&travelmode=driving&dir_action=navigate&destination=5624%20Research%20Drive%2C%20Canton%2C%20Michigan%2C%2048188&waypoints=308%20S%20Main%20St%2C%20Northville%2C%20Michigan%2C%2048167%7C41424%20Ann%20Arbor%20Rd%2C%20Plymouth%2C%20Michigan%2C%2048170%7C5820%20N%20CANTON%20CENTER%20RD%20STE%20186%2C%20CANTON%2C%20Michigan
Kristen,W6,2026-09-07,K-W6D1,10,5,4,1,0,14,Livonia (5) • Farmington Hills (4) • Farmington (1),"R03, R06, R11, R13, R14",SHEIKH MEDICAL CENTER · Legacy Family Care,https://www.google.com/maps/dir/?api=1&travelmode=driving&dir_action=navigate&destination=32255%20Northwestern%20Highway%2C%20Suite%20130A%2C%20Farmington%20Hills%2C%20MI%2C%2048334&waypoints=38253%20Ann%20Arbor%20Road%2C%20Livonia%2C%20Michigan%2C%2048150%7C14700%20Farmington%20Rd%2C%20Livonia%2C%20Michigan%2C%2048154%7C14700%20Farmington%20Rd%20suite%20105%2C%20Livonia%2C%20Michigan%2C%2048154%7C17800%20Newburgh%20Road%2C%20Livonia%2C%20Michigan%2C%2048152%7C20216%20Farmington%20Road%2C%20Livonia%2C%20Michigan%2C%2048152%7C23330%20%20Rd%20Farmington%2C%20Farmington%2C%20Michigan%2C%2048336%7C27555%20Farmington%20Rd%20suite%20120%2C%20Farmington%20Hills%2C%20Michigan%2C%2048334%7C32255%20NORTHWESTERN%20HWY%20STE%20180%2C%20FARMINGTON%20HILLS%2C%20Michigan%2C%2048334%7C32255%20NORTHWESTERN%20HWY%20STE%20170%2C%20FARMINGTON%20HILLS%2C%20MI%2C%2048334
Kristen,W6,2026-09-07,K-W6D2,10,4,6,0,0,4,St. Clair Shores (5) • Roseville (3) • Sterling Heights (1),"R09, R21, R25",Roseville Family Practice · METROPOLITAN MEDICAL ASSOCIATES,https://www.google.com/maps/dir/?api=1&travelmode=driving&dir_action=navigate&destination=29703%20HOOVER%20RD%20STE%20A%2C%20WARREN%2C%20Michigan%2C%2048093&waypoints=27850%20Gratiot%20Avenue%2C%20Roseville%2C%20Michigan%2C%2048066%7C20952%20Twelve%20Mile%20Rd%20ste%20101%2C%20St.%20Clair%20Shores%2C%20Michigan%2C%2048081%7C28001%20Harper%2C%20St.%20Clair%20Shores%2C%20Michigan%2C%2048081%7C24725%20E%20Jefferson%2C%20Saint%20Clair%20Shores%2C%20MI%2C%2048080%7C24400%20Greater%20Mack%20Ave%2C%20Saint%20Clair%20Shores%2C%20MI%2C%2048080%7C18263%20E%2010%20Mile%20Rd%2C%20ste%20E%2C%20Roseville%2C%20Michigan%2C%2048066%7C30695%20Little%20Mack%20Avenue%2C%20ste%20500%2C%20Roseville%2C%20Michigan%2C%2048066%7C21099%20Masonic%2C%20St.%20Clair%20Shores%2C%20Michigan%2C%2048082%7C13409%20E%2014%20MILE%20RD%2C%20STERLING%20HEIGHTS%2C%20Michigan%2C%2048312
Kristen,W6,2026-09-07,K-W6D3,4,1,3,0,0,1,Port Huron (2) • Marysville (2),"R15, R27",Huron Family Practice Center · Mitchell Medical Center,https://www.google.com/maps/dir/?api=1&travelmode=driving&dir_action=navigate&destination=3350%20Gratiot%20Boulevard%2C%20Marysville%2C%20Michigan%2C%2048040&waypoints=2540%2016th%20St%2C%20Port%20Huron%2C%20MI%2C%20480606405%7C2425%20Military%20St%20building%202%2C%20Port%20Huron%2C%20Michigan%2C%2048060%7C1985%20Gratiot%20Boulevard%2C%20Marysville%2C%20Michigan%2C%2048040
Kristen,W6,2026-09-07,K-W6D4,2,1,1,0,0,1,Lexington (1) • Croswell (1),R28,Physician HealthCare Network Urgent Care and Walk In- Fort Gratiot · John Mullally MD PC,https://www.google.com/maps/dir/?api=1&travelmode=driving&dir_action=navigate&destination=8%20N%20Howard%20Ave%2C%20Croswell%2C%20Michigan%2C%2048422&waypoints=5294%20Main%20Street%2C%20Lexington%2C%20Michigan%2C%2048450
Kristen,W6,2026-09-07,K-W6D5,2,2,0,0,0,2,Yale (2),R26,Physician HealthCare Network Urgent Care and Walk In- Fort Gratiot · John Mullally MD PC,https://www.google.com/maps/dir/?api=1&travelmode=driving&dir_action=navigate&destination=333%20Gordon%20Drive%2C%20Yale%2C%20Michigan%2C%2048097&waypoints=7470%20South%20Brockway%20Road%2C%20Yale%2C%20Michigan%2C%2048097
Kristen,W7,2026-09-14,K-W7D1,10,7,2,1,0,12,Clinton Township (3) • Washington (2) • Sterling Heights (2),"R04, R07, R12, R16, R21",Macomb Spine Care · Stonebrooke Family Physicians,https://www.google.com/maps/dir/?api=1&travelmode=driving&dir_action=navigate&destination=2891%20E%20Maple%20Rd%20Ste%20102%2C%20Troy%2C%20MI%2C%2048083&waypoints=64541%20Van%20Dyke%2C%20Washington%2C%20Michigan%2C%2048095%7C57850%20Van%20Dyke%20Ave%20ste%20600%2C%20Washington%2C%20Michigan%2C%2048094%7C51220%20Van%20Dyke%20Ave%20Shelby%20Township%2C%20Michigan%2C%2048316%7C44225%20Utica%20Road%2C%20Utica%2C%20Michigan%2C%2048317%7C15520%2019%20Mile%20Road%2C%20Suite%20480%2C%20Clinton%20Township%2C%20MI%2C%2048038%7C43600%20Garfield%20Rd%2C%20Clinton%20Township%2C%20Michigan%2C%2048038%7C43555%20Dalcoma%20Dr%20suite%204%20Clinton%20Twp%2C%20Clinton%20Township%2C%20Michigan%2C%2048038%7C13951%20Plumbrook%2C%20Sterling%20Heights%2C%20Michigan%2C%2048312%7C2567%20Metro%20Parkway%2C%20Sterling%20Heights%2C%20Michigan%2C%2048310
Kristen,W7,2026-09-14,K-W7D2,3,1,2,0,0,1,Hamtramck (2) • Detroit (1),R24,GROSSE POINTE PARK INTERNAL MEDICINE CENTER · Grosse Pointe Physicians and Surgeons,https://www.google.com/maps/dir/?api=1&travelmode=driving&dir_action=navigate&destination=220%20W%20Congress%20St%2C%20Detroit%2C%20Michigan%2C%2048226&waypoints=12169%20JOSEPH%20CAMPAU%20ST%2C%20HAMTRAMCK%2C%20MI%2C%2048212%7C9740%20Conant%2C%20Hamtramck%2C%20Michigan%2C%2048212
Kristen,W7,2026-09-14,K-W7D3,2,0,1,1,0,0,Lenox (1) • New Baltimore (1),R29,Macomb Spine Care · Stonebrooke Family Physicians,https://www.google.com/maps/dir/?api=1&travelmode=driving&dir_action=navigate&destination=36750%2026%20Mile%20Rd%2C%20ste%20140%2C%20New%20Baltimore%2C%20Michigan%2C%2048047&waypoints=36267%2026%20Mile%20Road%2C%20Suite%203%2C%20Lenox%2C%20MI%2C%2048048
Kristen,W7,2026-09-14,K-W7D4,10,8,1,1,0,18,Troy (3) • Madison Heights (3) • Southfield (2),"R01, R07, R08, R09",Berkley Urgent Care · SOUTHFIELD MEDICAL CLINIC AND PREMIER URGENT CARE AND WALK IN CLINIC,https://www.google.com/maps/dir/?api=1&travelmode=driving&dir_action=navigate&destination=22250%20PROVIDENCE%20DR%20STE%20500%2C%20SOUTHFIELD%2C%20Michigan&waypoints=4600%20Investment%20Dr%2C%20ste%20300%2C%20Troy%2C%20MI%2C%2048098%7C1555%20W%20BIG%20BEAVER%20RD%20BLDG%20G%2C%20TROY%2C%20Michigan%7C3456%20Rochester%20Rd%2C%20Troy%2C%20Michigan%2C%2048083%7C31005%20John%20R%20Rd%20suite%20a%2C%20Madison%20Heights%2C%20Michigan%2C%2048071%7C27650%20Dequindre%20Road%2C%20Suite%202000%2C%20Warren%2C%20Michigan%2C%2048092%7C26393%20Dequindre%20Rd%2C%20Madison%20Heights%2C%20Michigan%2C%2048071%7C350%20E%2012%20Mile%20Rd%2C%20Madison%20Heights%2C%20Michigan%2C%2048071%7C215%20East%204th%20Street%2C%20Royal%20Oak%2C%20Michigan%2C%2048067%7C18000%20W%20Nine%20Mile%20Rd%20suite%201400%2C%20Southfield%2C%20Michigan%2C%2048075
Kristen,W7,2026-09-14,K-W7D5,10,4,6,0,0,8,Westland (6) • Garden City (2) • Redford (1),"R20, R22",Dr. Robin’s Heath and Wellness Center · Trinity IHA Primary Care - Schoolcraft Campus,https://www.google.com/maps/dir/?api=1&travelmode=driving&dir_action=navigate&destination=15540%20Beech%20Daly%2C%20Redford%20Charter%20Township%2C%20Michigan%2C%2048239&waypoints=30900%20FORD%20RD%20STE%20B%2C%20GARDEN%20CITY%2C%20MI%2C%2048135%7C6149%20Elmwood%20Street%2C%20Westland%2C%20Michigan%2C%2048185%7C6149%20N%20WAYNE%20RD%2C%20WESTLAND%2C%20MI%2C%2048185%7C6149%20North%20Wayne%20Road%2C%20Westland%2C%20Michigan%2C%2048185%7C400%20N%20Wayne%20Rd%2C%20Westland%2C%20Michigan%2C%2048185%7C1203%20S%20WAYNE%20RD%2C%20WESTLAND%2C%20Michigan%7C2001%20S%20MERRIMAN%20RD%20STE%20100%2C%20WESTLAND%2C%20Michigan%7C6200%20Middlebelt%20Road%2C%20Garden%20City%2C%20Michigan%2C%2048135%7C24224%20JOY%20RD%20STE%20100%2C%20REDFORD%2C%20Michigan
Kristen,W8,2026-09-21,K-W8D1,10,9,1,0,0,112,Southfield (5) • Farmington Hills (3) • Bingham Farms (1),"R01, R03, R04, R05, R18","CHARLES G GODOSHIAN, MD, PC · Corewell Health Family Medicine - Farmington Hills",https://www.google.com/maps/dir/?api=1&travelmode=driving&dir_action=navigate&destination=7031%20Orchard%20Lake%20Rd%20West%20Bloomfield%20Township%2C%20Michigan%2C%2048322&waypoints=24901%20Northwestern%20Highway%2C%20Southfield%2C%20Michigan%2C%2048075%7C26777%20Central%20Park%20Blvd%20suite%20300%2C%20Southfield%2C%20Michigan%2C%2048076%7C30200%20Telegraph%20Rd%2C%20Bingham%20Farms%2C%20Michigan%2C%2048025%7C30101%20Northwestern%20Hwy%2C%20Farmington%20Hills%2C%20Michigan%2C%2048334%7C30055%20Northwestern%20Hwy%2C%20Farmington%20Hills%2C%20Michigan%2C%2048334%7C29200%20Northwestern%20Hwy%2C%20Southfield%2C%20Michigan%2C%2048034%7C29355%20NORTHWESTERN%20HWY%20STE%20120%2C%20SOUTHFIELD%2C%20MI%2C%2048034%7C29110%20Inkster%20Road%2C%20Suite%20150%2C%20Southfield%2C%20Michigan%2C%2048034%7C31390%20Northwestern%20Hwy.%2C%20Ste%20C%2C%20Farmington%20Hills%2C%20Michigan%2C%2048334
Kristen,W8,2026-09-21,K-W8D2,3,0,2,1,0,0,Allen Park (3),R20,Hermann Banks MD PC · Park Medical Centers,https://www.google.com/maps/dir/?api=1&travelmode=driving&dir_action=navigate&destination=8338%20ALLEN%20RD%20STE%20101%2C%20ALLEN%20PARK%2C%20MI%2C%2048101&waypoints=5606%20Southfield%20Road%2C%20Allen%20Park%2C%20Michigan%2C%2048101%7C7445%20Allen%20Road%2C%20Allen%20Park%2C%20Michigan%2C%2048101
Kristen,W8,2026-09-21,K-W8D3,1,0,1,0,0,0,Kimball (1),R27,Port Huron Medicine Associates · Yale Community Heath Center - VA Clinic,https://www.google.com/maps/dir/?api=1&travelmode=driving&dir_action=navigate&destination=5312%20Lapeer%20Rd%2C%20Kimball%2C%20Michigan%2C%2048074
Kristen,W8,2026-09-21,K-W8D4,10,5,5,0,0,5,Port Huron (7) • Fort Gratiot (3),"R15, R27",Port Huron Medicine Associates · Lexington Family Medicine,https://www.google.com/maps/dir/?api=1&travelmode=driving&dir_action=navigate&destination=1201%20Stone%20St%20suite%205%2C%20Port%20Huron%2C%20Michigan%2C%2048060&waypoints=5979%20Lakeshore%20Rd%20Fort%20Gratiot%20Twp%2C%20Fort%20Gratiot%2C%20Michigan%2C%2048059%7C4190%2024th%20Ave%2C%20%20Suite%20105%2C%20Fort%20Gratiot%20Township%2C%20Michigan%2C%2048059%7C4190%2024th%20Avenue%2C%20Suite%20208%2C%20Fort%20Gratiot%2C%20Michigan%2C%2048059%7C1943%20Holland%20Ave%2C%20Port%20Huron%2C%20Michigan%2C%2048060%7C1117%20Stone%20St%20suite%202%2C%20Port%20Huron%2C%20Michigan%2C%2048060%7C1103%207th%20St%20suite%20a%2C%20Port%20Huron%2C%20Michigan%2C%2048060%7C1209%2010th%20St%2C%20Port%20Huron%2C%20Michigan%2C%2048060%7C1225%2010th%20St%2C%20Port%20Huron%2C%20Michigan%2C%2048060%7C1210%2010th%20Avenue%2C%20Port%20Huron%2C%20Michigan%2C%2048060
Kristen,W8,2026-09-21,K-W8D5,10,5,5,0,0,8,Warren (8) • Sterling Heights (2),"R09, R16, R17","DIAB AND KINNER INTERNAL MEDICINE, PC- use · Lupo Chiropractic Center",https://www.google.com/maps/dir/?api=1&travelmode=driving&dir_action=navigate&destination=35200%20Dequindre%20Road%2C%20Sterling%20Heights%2C%20Michigan%2C%2048310&waypoints=21647%20Ryan%20Rd%2C%20Warren%2C%20MI%2C%2048091%7C28401%20Hoover%2C%20Warren%2C%20Michigan%2C%2048093%7C11885%20E.%2012%20Mile%20Rd%2C%20Ste%20100A%2C%20Warren%2C%20Michigan%2C%2048093%7C27540%20Hoover%20Rd%2C%20Warren%2C%20MI%2C%20480934505%7C26000%20Hoover%20Rd%2C%20Warren%2C%20Michigan%2C%2048089%7C26000%20Hoover%20Rd%20%23103%2C%20Warren%2C%20Michigan%2C%2048089%7C27472%20Schoenherr%20Rd%20%23100%2C%20Warren%2C%20MI%2C%2048088%7C28111%20HOOVER%20RD%20STE%201A%2C%20WARREN%2C%20Michigan%7C33200%20Dequindre%20Rd%2C%20Sterling%20Heights%2C%20Michigan%2C%2048310
Kristen,W9,2026-09-28,K-W9D1,10,5,5,0,0,9,Sterling Heights (7) • Rochester Hills (2) • Troy (1),"R07, R16, R21",Get Well Urgent Care - Sterling Heights · MNP,https://www.google.com/maps/dir/?api=1&travelmode=driving&dir_action=navigate&destination=37771%20Schoenherr%20Rd%20Suite%20102%2C%20Sterling%20Heights%2C%20MI%2048312%2C%20United%20States%2C%20Sterling%20Heights%2C%20Michigan%2C%2048312&waypoints=2940%20Crooks%20Rd%2C%20Rochester%20Hills%2C%20Michigan%2C%2048309%7C141%20Hampton%20Cir%2C%20Rochester%20Hills%2C%20MI%2C%2048307-4103%7C1950%20E%20Wattles%20Rd%20suite%20101%2C%20Troy%2C%20Michigan%2C%2048085%7C37450%20DeQuindre%20Rd%2C%20Sterling%20Heights%2C%20MI%2C%2048310%7C36040%20Dequindre%20Road%2C%20Sterling%20Heights%2C%20Michigan%2C%2048310%7C41400%20Dequindre%20Rd%2C%20ste%20121%2C%20Sterling%20Heights%2C%20Michigan%2C%2048314%7C42755%20Mound%20Rd%2C%20Sterling%20Heights%2C%20Michigan%2C%2048314%7C6055%2019%20MILE%20RD%2C%20STERLING%20HEIGHTS%2C%20Michigan%2C%2048314%7C39880%20Van%20Dyke%2C%20Sterling%20Heights%2C%20MI%2C%2048313
Kristen,W9,2026-09-28,K-W9D2,10,7,1,2,0,14,West Bloomfield (3) • Farmington Hills (2) • Farmington (2),"R06, R10, R11, R13, R19","Haller and Hug Internal Medicine · WILLIAMS FAMILY AND SPORTS MEDICAL CENTER, PLC",https://www.google.com/maps/dir/?api=1&travelmode=driving&dir_action=navigate&destination=308%20S%20Main%20St%2C%20Northville%2C%20Michigan%2C%2048167&waypoints=6014%20W%20MAPLE%20RD%2C%20WEST%20BLOOMFIELD%2C%20Michigan%2C%20MI%2048322%7C5821%20W%20Maple%20Rd%20suite%20190%2C%20West%20Bloomfield%20Township%2C%20Michigan%2C%2048322%7C5777%20W%20Maple%20Rd%2C%20Suite%20140%2C%20West%20Bloomfield%2C%20MI%2C%20483222267%7C29930%20W%2012%20MILE%20RD%20STE%206%2C%20FARMINGTON%20HILLS%2C%20Michigan%7C23700%20Orchard%20Lake%20Rd%2C%20Farmington%20Hills%2C%20MI%2C%2048336-2559%7C23133%20Orchard%20Lake%20Rd%2C%20Farmington%2C%20Michigan%2C%2048336%7C23330%20%20Rd%20Farmington%2C%20Farmington%2C%20Michigan%2C%2048336%7C20216%20Farmington%20Road%2C%20Livonia%2C%20Michigan%2C%2048152%7C17800%20Newburgh%20Road%2C%20Livonia%2C%20Michigan%2C%2048152
Kristen,W9,2026-09-28,K-W9D3,10,5,4,0,1,6,Southfield (7) • Bingham Farms (2) • Nan (1),"R01, R04, R05, R18",Berry Johnson Health · Millenium Associated Physicians - 130A,https://www.google.com/maps/dir/?api=1&travelmode=driving&dir_action=navigate&destination=29275%20Northwestern%20Hwy%20suite%20202%2C%20Southfield%2C%20Michigan%2C%2048034&waypoints=36880%20Woodward%20Ave%20Bloomfield%20Township%2C%20Michigan%2C%2048304%7C29777%20Telegraph%20Rd%20suite%201555%2C%20Southfield%2C%20Michigan%2C%2048034%7C25899%20W%2012%20Mile%20Rd%2C%20Southfield%2C%20Michigan%2C%2048034%7C29201%20Telegraph%20Rd%2C%20ste%20403%2C%20Southfield%2C%20MI%2C%2048034%7C31500%20TELEGRAPH%20RD%20STE%20115%2C%20BINGHAM%20FARMS%2C%20MI%2C%2048025%7C31500%20Telegraph%20Rd.%20Ste%20225%2C%20Bingham%20Farms%2C%20Michigan%2C%2048025%7C29355%20Northwestern%20Hwy%20%23210%2C%20Southfield%2C%20Michigan%2C%2048034%7C29355%20Northwestern%20Hwy%2C%20Southfield%2C%20Michigan%2C%2048034%7C29425%20NORTHWESTERN%20HIGHWAY%20STE%20330%2C%20Southfield%2C%20MI%2C%2048034
Kristen,W9,2026-09-28,K-W9D4,10,6,3,1,0,8,Commerce Township (3) • Novi (3) • Nan (2),"R04, R19, R23",Haller and Hug Internal Medicine · Millenium Associated Physicians - 130A,https://www.google.com/maps/dir/?api=1&travelmode=driving&dir_action=navigate&destination=26750%20PROVIDENCE%20PKWY%20STE%20210%2C%20NOVI%2C%20MI%2C%2048374&waypoints=1%20William%20Carls%20Drive%2C%20Michigan%2C%2048382%7C2630%20UNION%20LAKE%20RD%20STE%20100%2C%20COMMERCE%20TOWNSHIP%2C%20Michigan%7C2685%20Union%20Lake%20Rd%20Commerce%20Charter%20Twp%2C%20Commerce%20Charter%20Township%2C%20Michigan%2C%2048382%7C2600%20Union%20Lake%20Rd%20suite%20140%20Commerce%20Township%2C%20Michigan%2C%2048382%7C4057%20Pioneer%20Dr%2C%20Suite%20300%2C%20Commerce%20Township%2C%20Michigan%2C%2048390%7C100%20N%20POND%20DR%20STE%20C%2C%20WALLED%20LAKE%2C%20MI%2C%2048390%7C100%20North%20Pond%2C%20Suite%20E%2C%20Walled%20Lake%2C%20Michigan%2C%2048390%7C43440%20W%20Oaks%20Dr%2C%20Novi%2C%20Michigan%2C%2048377%7C26850%20PROVIDENCE%20PKWY%20STE%20455%2C%20NOVI%2C%20Michigan
Kristen,W9,2026-09-28,K-W9D5,10,6,4,0,0,12,Livonia (7) • Plymouth (2) • Farmington (1),"R06, R13, R14","Greg Monroe DO PC · WILLIAMS FAMILY AND SPORTS MEDICAL CENTER, PLC",https://www.google.com/maps/dir/?api=1&travelmode=driving&dir_action=navigate&destination=22821%20ORCHARD%20LAKE%20RD%2C%20FARMINGTON%2C%20MI%2C%2048336&waypoints=38253%20Ann%20Arbor%20Road%2C%20Livonia%2C%20Michigan%2C%2048150%7C14700%20Farmington%20Rd%2C%20Livonia%2C%20Michigan%2C%2048154%7C14700%20Farmington%20Rd%20suite%20105%2C%20Livonia%2C%20Michigan%2C%2048154%7C15604%20FARMINGTON%20RD%2C%20LIVONIA%2C%20MI%2C%2048154%7C36600%20Plymouth%20Road%2C%20Livonia%2C%20Michigan%2C%2048150%7C9857%20N%20HAGGERTY%20RD%2C%20PLYMOUTH%2C%20Michigan%2C%20MI%2048170%7C41424%20Ann%20Arbor%20Rd%2C%20Plymouth%2C%20Michigan%2C%2048170%7C37508%20W%20SEVEN%20MILE%20RD%2C%20LIVONIA%2C%20Michigan%7C33215%20W%20Seven%20Mile%20Rd%2C%20Livonia%2C%20Michigan%2C%2048152
