week_start,week,pl,route_day,visit_kind,stop,account,role,band,tier,wave,spine_2026,total_b2b,practice_type,city,days_since_visit_jul16,is_first_visit,cycle,base_day,base_stop,home_day,actual_status,building,has_note
2026-07-22,C1-W1,Coty,Day 01,First pass,1,Chronic Pain Institute,Protect (LAPSED),Repeat Spine Referrer,Tier 1,Wave 1,2,2,Pain,Sterling Heights,44.0,True,C1 (executed as planned — true-up from MMC export),,,,,,
2026-07-22,C1-W1,Coty,Day 01,First pass,2,Gilead Pain Care,Prospect first-touch,Visit / Prospect,Prospect,Wave 2,0,0,Pain,Clinton Township,337.0,True,C1 (executed as planned — true-up from MMC export),,,,,,
2026-07-22,C1-W1,Coty,Day 01,First pass,3,The Family Doctor,Protect,Repeat Spine Referrer,Tier 1,Wave 1,2,3,PCP,Clinton Township,6.0,True,C1 (executed as planned — true-up from MMC export),,,,,,
2026-07-22,C1-W1,Coty,Day 01,First pass,4,Henry Ford Macomb Internal Medicine,Reactivate,One Spine Patient,Tier 1,Wave 1,1,4,PCP,Sterling Heights,30.0,True,C1 (executed as planned — true-up from MMC export),,,,,,
2026-07-22,C1-W1,Coty,Day 01,First pass,5,Corondan Medical,Ortho cross-sell,Ortho Referrer,Tier 2,Wave 2,0,1,PCP,Warren,90.0,True,C1 (executed as planned — true-up from MMC export),,,,,,
2026-07-22,C1-W1,Coty,Day 01,First pass,6,DMC Orthopedics & Sports Medicine - Warren,Convert to repeat,One Spine Patient,Tier 1,Wave 1,1,1,Orthopedic,Sterling Heihhts,20.0,True,C1 (executed as planned — true-up from MMC export),,,,,,
2026-07-22,C1-W1,Coty,Day 01,First pass,7,Office of Steven Trombly MD,Convert to repeat,One Spine Patient,Tier 1,Wave 1,1,7,PCP,Sterling Heights,7.0,True,C1 (executed as planned — true-up from MMC export),,,,,,
2026-07-22,C1-W1,Coty,Day 01,First pass,8,Somerset Family Medicine - Sterling Heights,Prospect first-touch,Visit / Prospect,Prospect,Wave 2,0,0,PCP,Sterling Heights,14.0,True,C1 (executed as planned — true-up from MMC export),,,,,,
2026-07-22,C1-W1,Coty,Day 01,First pass,9,Urgent Care Family,Ortho cross-sell,Ortho Referrer,Tier 2,Wave 2,0,1,Urgent Care,Sterling Heights,21.0,True,C1 (executed as planned — true-up from MMC export),,,,,,
2026-07-22,C1-W1,Coty,Day 01,First pass,10,Macomb Physicians Group,Convert to repeat,One Spine Patient,Tier 1,Wave 1,1,9,PCP,Sterling Heights,14.0,True,C1 (executed as planned — true-up from MMC export),,,,,,
2026-07-22,C1-W1,Coty,Day 03,First pass,1,Berkley Primary Care,Prospect first-touch,Visit / Prospect,Prospect,Wave 2,0,0,PCP,Huntington Woods,29.0,True,C1 (executed as planned — true-up from MMC export),,,,,,
2026-07-22,C1-W1,Coty,Day 03,First pass,2,Epic Primary Care - Ferndale,Reactivate,One Spine Patient,Tier 1,Wave 1,1,4,PCP,Ferndale,56.0,True,C1 (executed as planned — true-up from MMC export),,,,,,
2026-07-22,C1-W1,Coty,Day 03,First pass,3,Oak Street Health – Hazel Park,Prospect first-touch,Visit / Prospect,Prospect,Wave 2,0,0,PCP,Hazel Park,22.0,True,C1 (executed as planned — true-up from MMC export),,,,,,
2026-07-22,C1-W1,Coty,Day 03,First pass,4,Primary Medical Services,Prospect first-touch,Visit / Prospect,Prospect,Wave 2,0,0,PCP,HAZEL PARK,22.0,True,C1 (executed as planned — true-up from MMC export),,,,,,
2026-07-22,C1-W1,Coty,Day 03,First pass,5,John R Medical Clinic,Ortho cross-sell,Ortho Referrer,Tier 2,Wave 2,0,1,PCP,Madison Heights,22.0,True,C1 (executed as planned — true-up from MMC export),,,,,,
2026-07-22,C1-W1,Coty,Day 03,First pass,6,Madison Medical Arts,Convert to repeat,One Spine Patient,Tier 1,Wave 1,1,1,PCP,Madison Heights,22.0,True,C1 (executed as planned — true-up from MMC export),,,,,,
2026-07-22,C1-W1,Coty,Day 03,First pass,7,Dennis G Kelly DO,Prospect first-touch,Visit / Prospect,Prospect,Wave 2,0,0,Orthopedic,Madison Heights,76.0,True,C1 (executed as planned — true-up from MMC export),,,,,,
2026-07-22,C1-W1,Coty,Day 03,First pass,8,MHP Internal Medicine,Ortho cross-sell,Ortho Referrer,Tier 2,Wave 2,0,1,PCP,Madison Heights,45.0,True,C1 (executed as planned — true-up from MMC export),,,,,,
2026-07-22,C1-W1,Coty,Day 03,First pass,9,MHP Orthopedics - Madison Heights,Prospect first-touch,Visit / Prospect,Prospect,Wave 2,0,0,Orthopedic,Madison Heights,45.0,True,C1 (executed as planned — true-up from MMC export),,,,,,
2026-07-22,C1-W1,Coty,Day 03,First pass,10,Barry S Meyer DO PC,Reactivate,One Spine Patient,Tier 1,Wave 1,1,1,PCP,Warren,45.0,True,C1 (executed as planned — true-up from MMC export),,,,,,
2026-07-22,C1-W1,Coty,Day 04,First pass,1,James MacKenzie MD,Prospect first-touch,Visit / Prospect,Prospect,Wave 2,0,0,PCP,Troy,15.0,True,C1 (executed as planned — true-up from MMC export),,,,,,
2026-07-22,C1-W1,Coty,Day 04,First pass,2,Ahad MD,Prospect first-touch,Visit / Prospect,Prospect,Wave 2,0,0,PCP,Troy,17.0,True,C1 (executed as planned — true-up from MMC export),,,,,,
2026-07-22,C1-W1,Coty,Day 04,First pass,3,Troy Primary Care,Ortho cross-sell,Ortho Referrer,Tier 2,Wave 2,0,1,PCP,Troy,15.0,True,C1 (executed as planned — true-up from MMC export),,,,,,
2026-07-22,C1-W1,Coty,Day 04,First pass,4,"Office of Sasenarine Persaud, MD",Prospect first-touch,Visit / Prospect,Prospect,Wave 2,0,0,PCP,Clawson,36.0,True,C1 (executed as planned — true-up from MMC export),,,,,,
2026-07-22,C1-W1,Coty,Day 04,First pass,5,Preferred Medical Group,Convert to repeat,One Spine Patient,Tier 1,Wave 1,1,2,Orthopedic,Madison Heights,22.0,True,C1 (executed as planned — true-up from MMC export),,,,,,
2026-07-22,C1-W1,Coty,Day 04,First pass,6,Associated Physicians Group,Prospect first-touch,Visit / Prospect,Prospect,Wave 2,0,0,PCP,Berkley,29.0,True,C1 (executed as planned — true-up from MMC export),,,,,,
2026-07-22,C1-W1,Coty,Day 04,First pass,7,Berkley Medical Center,Prospect first-touch,Visit / Prospect,Prospect,Wave 2,0,0,Urgent Care,Berkley,29.0,True,C1 (executed as planned — true-up from MMC export),,,,,,
2026-07-22,C1-W1,Coty,Day 04,First pass,8,Novus Primary Care,Prospect first-touch,Visit / Prospect,Prospect,Wave 2,0,0,PCP,Berkley,29.0,True,C1 (executed as planned — true-up from MMC export),,,,,,
2026-07-22,C1-W1,Coty,Day 04,First pass,9,Progressive Health Care,Ortho cross-sell,Ortho Referrer,Tier 2,Wave 2,0,2,PCP,Berkley,29.0,True,C1 (executed as planned — true-up from MMC export),,,,,,
2026-07-22,C1-W1,Coty,Day 04,First pass,10,Be Well Medical Center,Protect (LAPSED),Repeat Spine Referrer,Tier 1,Wave 1,3,17,PCP,Berkley,86.0,True,C1 (executed as planned — true-up from MMC export),,,,,,
2026-07-22,C1-W1,Jasmine,Day 02,First pass,1,OAK STREET HEALTH CHERRY HILL,Protect (LAPSED),Repeat Spine Referrer,Tier 1,Wave 1,3,21,PCP,INKSTER,85.0,True,C1 (executed as planned — true-up from MMC export),,,,,,
2026-07-22,C1-W1,Jasmine,Day 02,First pass,2,BEAUMONT FAMILY MEDICINE GARDEN CITY,Other cross-sell,Other Patient Referrer,Tier 3,Wave 2,0,1,PCP,GARDEN CITY,31.0,True,C1 (executed as planned — true-up from MMC export),,,,,,
2026-07-22,C1-W1,Jasmine,Day 02,First pass,3,"APOLLO HEALTH SERVICES, PC",Reactivate,One Spine Patient,Tier 1,Wave 1,1,1,PCP,GARDEN CITY,84.0,True,C1 (executed as planned — true-up from MMC export),,,,,,
2026-07-22,C1-W1,Jasmine,Day 02,First pass,4,Plymouth physical therapy services,Reactivate,One Spine Patient,Tier 1,Wave 1,1,1,PT,Garden City,84.0,True,C1 (executed as planned — true-up from MMC export),,,,,,
2026-07-22,C1-W1,Jasmine,Day 02,First pass,5,"GARDEN CITY MEDICAL CENTER, PC",Prospect first-touch,Visit / Prospect,Prospect,Wave 2,0,0,PCP,GARDEN CITY,31.0,True,C1 (executed as planned — true-up from MMC export),,,,,,
2026-07-22,C1-W1,Jasmine,Day 02,First pass,6,Meridian Rehab,Prospect first-touch,Visit / Prospect,Prospect,Wave 2,0,0,PT,Garden City,31.0,True,C1 (executed as planned — true-up from MMC export),,,,,,
2026-07-22,C1-W1,Jasmine,Day 02,First pass,7,Kris Warszawski MD - MHP,Prospect first-touch,Visit / Prospect,Prospect,Wave 2,0,0,PCP,GARDEN CITY,31.0,True,C1 (executed as planned — true-up from MMC export),,,,,,
2026-07-22,C1-W1,Jasmine,Day 02,First pass,8,Palmer Medical,Prospect first-touch,Visit / Prospect,Prospect,Wave 2,0,0,PCP,Westland,10.0,True,C1 (executed as planned — true-up from MMC export),,,,,,
2026-07-22,C1-W1,Jasmine,Day 02,First pass,9,Arash Kiarash,Prospect first-touch,Visit / Prospect,Prospect,Wave 2,0,0,PCP,Westland,10.0,True,C1 (executed as planned — true-up from MMC export),,,,,,
2026-07-22,C1-W1,Jasmine,Day 02,First pass,10,Wayne Primary Care and Walk In,Ortho cross-sell,Ortho Referrer,Tier 2,Wave 2,0,1,Urgent Care,Wayne,38.0,True,C1 (executed as planned — true-up from MMC export),,,,,,
2026-07-22,C1-W1,Jasmine,Day 05,First pass,1,Michigan Primary Care - Eastpointe,Ortho cross-sell,Ortho Referrer,Tier 2,Wave 2,0,1,PCP,Eastpointe,65.0,True,C1 (executed as planned — true-up from MMC export),,,,,,
2026-07-22,C1-W1,Jasmine,Day 05,First pass,2,Alan Robertson MD,Prospect first-touch,Visit / Prospect,Prospect,Wave 2,0,0,PCP,Eastpointe,65.0,True,C1 (executed as planned — true-up from MMC export),,,,,,
2026-07-22,C1-W1,Jasmine,Day 05,First pass,3,Eastpointe Family Physicians,Reactivate,One Spine Patient,Tier 1,Wave 1,1,4,PCP,Eastpointe,65.0,True,C1 (executed as planned — true-up from MMC export),,,,,,
2026-07-22,C1-W1,Jasmine,Day 05,First pass,4,QuickDoc Urgent Care,Protect (LAPSED),Repeat Spine Referrer,Tier 1,Wave 1,4,4,Urgent Care,Eastpointe,65.0,True,C1 (executed as planned — true-up from MMC export),,,,,,
2026-07-22,C1-W1,Jasmine,Day 05,First pass,5,Office of Douglas Hames MD,Prospect first-touch,Visit / Prospect,Prospect,Wave 2,0,0,PCP,Eastpointe,65.0,True,C1 (executed as planned — true-up from MMC export),,,,,,
2026-07-22,C1-W1,Jasmine,Day 05,First pass,6,Medicare urgent care,Prospect first-touch,Visit / Prospect,Prospect,Wave 2,0,0,Urgent Care,Eastpointe,28.0,True,C1 (executed as planned — true-up from MMC export),,,,,,
2026-07-22,C1-W1,Jasmine,Day 05,First pass,7,Alphonse Ekole MD,Prospect first-touch,Visit / Prospect,Prospect,Wave 2,0,0,PCP,Eastpointe,76.0,True,C1 (executed as planned — true-up from MMC export),,,,,,
2026-07-22,C1-W1,Jasmine,Day 05,First pass,8,Dedicated Senior Medical Center - Eastpointe,Ortho cross-sell,Ortho Referrer,Tier 2,Wave 2,0,2,PCP,Eastpointe,8.0,True,C1 (executed as planned — true-up from MMC export),,,,,,
2026-07-22,C1-W1,Jasmine,Day 05,First pass,9,EPIC - Eastponte,Prospect first-touch,Visit / Prospect,Prospect,Wave 2,0,0,Urgent Care,Eastpointe,76.0,True,C1 (executed as planned — true-up from MMC export),,,,,,
2026-07-22,C1-W1,Jasmine,Day 05,First pass,10,Mansour Mercy Medical Center,Prospect first-touch,Visit / Prospect,Prospect,Wave 2,0,0,PCP,Eastpointe,76.0,True,C1 (executed as planned — true-up from MMC export),,,,,,
2026-07-22,C1-W1,Jasmine,Day 09,First pass,1,Cromwell family chiropractic,Prospect first-touch,Visit / Prospect,Prospect,Wave 2,0,0,Chiropractor,Farmington,108.0,True,C1 (executed as planned — true-up from MMC export),,,,,,
2026-07-22,C1-W1,Jasmine,Day 09,First pass,2,"*NOVAMEDICA, PLLC",Prospect first-touch,Visit / Prospect,Prospect,Wave 2,0,0,PCP,LIVONIA,34.0,True,C1 (executed as planned — true-up from MMC export),,,,,,
2026-07-22,C1-W1,Jasmine,Day 09,First pass,3,BEAUMONT MIDWEST INTERNAL MEDICINE ASSOCIATES LIVONIA,Prospect first-touch,Visit / Prospect,Prospect,Wave 2,0,0,PCP,LIVONIA,34.0,True,C1 (executed as planned — true-up from MMC export),,,,,,
2026-07-22,C1-W1,Jasmine,Day 09,First pass,4,UNIVERSITY OF MICHIGAN LIVONIA HEALTH CENTER,Prospect first-touch,Visit / Prospect,Prospect,Wave 2,0,0,PCP,LIVONIA,8.0,True,C1 (executed as planned — true-up from MMC export),,,,,,
2026-07-22,C1-W1,Jasmine,Day 09,First pass,5,NORLIVO INTERNAL MEDICINE,Protect (LAPSED),Repeat Spine Referrer,Tier 1,Wave 1,3,10,Orthopedic,Livonia,37.0,True,C1 (executed as planned — true-up from MMC export),,,,,,
2026-07-22,C1-W1,Jasmine,Day 09,First pass,6,M.N. Petrous MD,Prospect first-touch,Visit / Prospect,Prospect,Wave 2,0,0,PCP,LIVONIA,8.0,True,C1 (executed as planned — true-up from MMC export),,,,,,
2026-07-22,C1-W1,Jasmine,Day 09,First pass,7,Freedom Medical Clinic (Trinity),Ortho cross-sell,Ortho Referrer,Tier 2,Wave 2,0,3,PCP,Livonia,22.0,True,C1 (executed as planned — true-up from MMC export),,,,,,
2026-07-22,C1-W1,Jasmine,Day 09,First pass,8,"Jowher Khaleel MD, PC",Prospect first-touch,Visit / Prospect,Prospect,Wave 2,0,0,PCP,Livonia,22.0,True,C1 (executed as planned — true-up from MMC export),,,,,,
2026-07-22,C1-W1,Jasmine,Day 09,First pass,9,Endeavor chiropractic,Prospect first-touch,Visit / Prospect,Prospect,Wave 2,0,0,Chiropractor,Livonia,8.0,True,C1 (executed as planned — true-up from MMC export),,,,,,
2026-07-22,C1-W1,Jasmine,Day 09,First pass,10,Medical Center Urgent Care,Prospect first-touch,Visit / Prospect,Prospect,Wave 2,0,0,Urgent Care,Livonia,34.0,True,C1 (executed as planned — true-up from MMC export),,,,,,
2026-07-22,C1-W1,Kristen,Day 02,First pass,1,Corewell Internal Medicine Southfield,Reactivate,One Spine Patient,Tier 1,Wave 2,1,1,PCP,Southfield,50.0,True,C1 (executed as planned — true-up from MMC export),,,,,,
2026-07-22,C1-W1,Kristen,Day 02,First pass,2,Safir Law,Protect (LAPSED),Repeat Spine Referrer,Tier 1,Wave 2,2,2,Attorney / Legal,Southfield,139.0,True,C1 (executed as planned — true-up from MMC export),,,,,,
2026-07-22,C1-W1,Kristen,Day 02,First pass,3,Henry Ford Internal & Family Medicine - Farmington Hills -170,Ortho cross-sell,Ortho Referrer,Tier 2,Wave 2,0,2,PCP,Farmington Hills,69.0,True,C1 (executed as planned — true-up from MMC export),,,,,,
2026-07-22,C1-W1,Kristen,Day 02,First pass,4,Henry Ford Internists - Farmington Hills 150,Ortho cross-sell,Ortho Referrer,Tier 2,Wave 2,0,1,PCP,Farmington Hills,69.0,True,C1 (executed as planned — true-up from MMC export),,,,,,
2026-07-22,C1-W1,Kristen,Day 02,First pass,5,Henry Ford Primary Care Center - 160,Protect (LAPSED),Repeat Spine Referrer,Tier 1,Wave 1,5,6,PCP,Farmington Hills,69.0,True,C1 (executed as planned — true-up from MMC export),,,,,,
2026-07-22,C1-W1,Kristen,Day 02,First pass,6,Michigan Auto Law,Protect (LAPSED),Repeat Spine Referrer,Tier 1,Wave 1,10,15,Attorney / Legal,Farmington Hills,78.0,True,C1 (executed as planned — true-up from MMC export),,,,,,
2026-07-22,C1-W1,Kristen,Day 02,First pass,7,"FARMINGTON HILLS  FAMILY PHYSICIANS, PLLC",Protect (LAPSED),Repeat Spine Referrer,Tier 1,Wave 1,2,2,PCP,FARMINGTON HILLS,66.0,True,C1 (executed as planned — true-up from MMC export),,,,,,
2026-07-22,C1-W1,Kristen,Day 02,First pass,8,ORCHARD PRIMARY CARE,Reactivate,One Spine Patient,Tier 1,Wave 2,1,1,PCP,FARMINGTON HILLS,64.0,True,C1 (executed as planned — true-up from MMC export),,,,,,
2026-07-22,C1-W1,Kristen,Day 02,First pass,9,Corwell Health - Farmington,Other cross-sell,Other Patient Referrer,Tier 3,Wave 2,0,1,PCP,Farmington,66.0,True,C1 (executed as planned — true-up from MMC export),,,,,,
2026-07-22,C1-W1,Kristen,Day 02,First pass,10,Ivy Rehab - Farmington,Protect (LAPSED),Repeat Spine Referrer,Tier 1,Wave 1,2,3,PT,Farmington,38.0,True,C1 (executed as planned — true-up from MMC export),,,,,,
2026-07-22,C1-W1,Kristen,Day 03,First pass,1,Corewell Health Family Medicine - Farmington Hills,Ortho cross-sell,Ortho Referrer,Tier 2,Wave 2,0,4,PCP,FARMINGTON HILLS,69.0,True,C1 (executed as planned — true-up from MMC export),,,,,,
2026-07-22,C1-W1,Kristen,Day 03,First pass,2,Internal Medicine Physicians #170,Other cross-sell,Other Patient Referrer,Tier 3,Wave 2,0,3,PCP,FARMINGTON HILLS,69.0,True,C1 (executed as planned — true-up from MMC export),,,,,,
2026-07-22,C1-W1,Kristen,Day 03,First pass,3,Levine Clinic of Chiropractic,Protect (LAPSED),Repeat Spine Referrer,Tier 1,Wave 1,3,5,Chiropractor,Farmington Hills,69.0,True,C1 (executed as planned — true-up from MMC export),,,,,,
2026-07-22,C1-W1,Kristen,Day 03,First pass,4,Bully Family Physicians,Ortho cross-sell,Ortho Referrer,Tier 2,Wave 2,0,2,PCP,Southfield,50.0,True,C1 (executed as planned — true-up from MMC export),,,,,,
2026-07-22,C1-W1,Kristen,Day 03,First pass,5,Jian Zu MD,Reactivate,One Spine Patient,Tier 1,Wave 2,1,1,PCP,Southfield,50.0,True,C1 (executed as planned — true-up from MMC export),,,,,,
2026-07-22,C1-W1,Kristen,Day 03,First pass,6,Carson Center Specialty,Protect (LAPSED),Repeat Spine Referrer,Tier 1,Wave 1,2,3,PCP,SOUTHFIELD,50.0,True,C1 (executed as planned — true-up from MMC export),,,,,,
2026-07-22,C1-W1,Kristen,Day 03,First pass,7,MDVip - Southfield,Ortho cross-sell,Ortho Referrer,Tier 2,Wave 2,0,2,PCP,Southfield,50.0,True,C1 (executed as planned — true-up from MMC export),,,,,,
2026-07-22,C1-W1,Kristen,Day 03,First pass,8,"FAMILY MEDICINE, PC",Ortho cross-sell,Ortho Referrer,Tier 2,Wave 2,0,2,PCP,SOUTHFIELD,50.0,True,C1 (executed as planned — true-up from MMC export),,,,,,
2026-07-22,C1-W1,Kristen,Day 03,First pass,9,Ross Law,Protect (LAPSED),Repeat Spine Referrer,Tier 1,Wave 1,5,7,Attorney / Legal,Southfield,48.0,True,C1 (executed as planned — true-up from MMC export),,,,,,
2026-07-22,C1-W1,Kristen,Day 03,First pass,10,Berry Johnson Health,Other cross-sell,Other Patient Referrer,Tier 3,Wave 2,0,14,PCP,Southfield,50.0,True,C1 (executed as planned — true-up from MMC export),,,,,,
2026-07-22,C1-W1,Kristen,Day 05,First pass,1,Hesselberg Chiropractic,Protect (LAPSED),Repeat Spine Referrer,Tier 1,Wave 1,23,23,Chiropractor,Ypsilanti,80.0,True,C1 (executed as planned — true-up from MMC export),,,,,,
2026-07-22,C1-W1,Kristen,Day 05,First pass,2,Pryde Athletics and Physical Therapy,Ortho cross-sell,Ortho Referrer,Tier 2,Wave 2,0,2,PT,Canton,35.0,True,C1 (executed as planned — true-up from MMC export),,,,,,
2026-07-22,C1-W1,Kristen,Day 05,First pass,3,SUNNY PEDIATRICS AND FAMILY,Ortho cross-sell,Ortho Referrer,Tier 2,Wave 2,0,7,Pediatrics,CANTON,57.0,True,C1 (executed as planned — true-up from MMC export),,,,,,
2026-07-22,C1-W1,Kristen,Day 05,First pass,4,Plymouth Urgent Care,Ortho cross-sell,Ortho Referrer,Tier 2,Wave 2,0,1,Urgent Care,Plymouth,42.0,True,C1 (executed as planned — true-up from MMC export),,,,,,
2026-07-22,C1-W1,Kristen,Day 05,First pass,5,"PRAVEEN MODI, MD, PC",Ortho cross-sell,Ortho Referrer,Tier 2,Wave 2,0,9,PCP,PLYMOUTH,42.0,True,C1 (executed as planned — true-up from MMC export),,,,,,
2026-07-22,C1-W1,Kristen,Day 05,First pass,6,Park Medical Centers,Protect,Repeat Spine Referrer,Tier 1,Wave 1,5,12,PCP,Livonia,16.0,True,C1 (executed as planned — true-up from MMC export),,,,,,
2026-07-22,C1-W1,Kristen,Day 05,First pass,7,MHP - West,Ortho cross-sell,Ortho Referrer,Tier 2,Wave 2,0,3,PCP,Westland,41.0,True,C1 (executed as planned — true-up from MMC export),,,,,,
2026-07-22,C1-W1,Kristen,Day 05,First pass,8,Village Medical Wayne,Ortho cross-sell,Ortho Referrer,Tier 2,Wave 2,0,2,PCP,Westland,10.0,True,C1 (executed as planned — true-up from MMC export),,,,,,
2026-07-22,C1-W1,Kristen,Day 05,First pass,9,FAITH PRIMARY CARE,Prospect first-touch,Visit / Prospect,Prospect,Wave 2,0,0,PCP,WESTLAND,10.0,True,C1 (executed as planned — true-up from MMC export),,,,,,
2026-07-22,C1-W1,Kristen,Day 05,First pass,10,"WAYNE MEDICAL CENTER, PLLC",Ortho cross-sell,Ortho Referrer,Tier 2,Wave 2,0,4,PCP,WESTLAND,10.0,True,C1 (executed as planned — true-up from MMC export),,,,,,
2026-07-22,C1-W1,Kristen,Day 11 (pull-fwd),Protect overlay,0,Vanstone Injury Law,Protect (LAPSED),Repeat Spine Referrer,Tier 1,Wave 1,5,5,Attorney / Legal,,139.0,True,C1 (executed as planned — true-up from MMC export),,,,,,
2026-07-22,C1-W1,Sean,Day 02,First pass,1,Ryan Medical Associates,Protect (LAPSED),Repeat Spine Referrer,Tier 1,Core Sterling / Macomb Lane,2,3,PCP,Warren,87.0,True,C1 (executed as planned — true-up from MMC export),,,,,,
2026-07-22,C1-W1,Sean,Day 02,First pass,2,Horizon Care Medical Group - Warren,Ortho cross-sell,Ortho Referrer,Tier 2,Core Sterling / Macomb Lane,0,1,PCP,Warren,72.0,True,C1 (executed as planned — true-up from MMC export),,,,,,
2026-07-22,C1-W1,Sean,Day 02,First pass,3,Get Well Urgent Care - Warren,Ortho cross-sell,Ortho Referrer,Tier 2,Core Sterling / Macomb Lane,0,1,Urgent Care,Warren,83.0,True,C1 (executed as planned — true-up from MMC export),,,,,,
2026-07-22,C1-W1,Sean,Day 02,First pass,4,Pioneer Medical Associates - Warren,Ortho cross-sell,Ortho Referrer,Tier 2,Core Sterling / Macomb Lane,0,2,PCP,Warren,56.0,True,C1 (executed as planned — true-up from MMC export),,,,,,
2026-07-22,C1-W1,Sean,Day 02,First pass,5,Michigan Compassionate Care,Protect (LAPSED),Repeat Spine Referrer,Tier 1,Named Sean Priority,2,9,PCP,Warren,127.0,True,C1 (executed as planned — true-up from MMC export),,,,,,
2026-07-22,C1-W1,Sean,Day 02,First pass,6,Michigan Adult and Child Medicine,Ortho cross-sell,Ortho Referrer,Tier 2,Core Sterling / Macomb Lane,0,4,PCP,Warren,114.0,True,C1 (executed as planned — true-up from MMC export),,,,,,
2026-07-22,C1-W1,Sean,Day 02,First pass,7,"DIAB AND KINNER INTERNAL MEDICINE, PC- use",Reactivate,One Spine Patient,Tier 1,Core Sterling / Macomb Lane,1,1,PCP,WARREN,114.0,True,C1 (executed as planned — true-up from MMC export),,,,,,
2026-07-22,C1-W1,Sean,Day 02,First pass,8,MI Family Practice,Protect,Repeat Spine Referrer,Tier 1,Named Sean Priority,3,8,PCP,Warren,7.0,True,C1 (executed as planned — true-up from MMC export),,,,,,
2026-07-22,C1-W1,Sean,Day 02,First pass,9,Henry Ford Medical Center - Warren,Prospect first-touch,Visit / Prospect,Prospect,Named Sean Priority,0,0,PCP,Warren,51.0,True,C1 (executed as planned — true-up from MMC export),,,,,,
2026-07-22,C1-W1,Sean,Day 02,First pass,10,Get Well Urgent Care - Sterling Heights,Reactivate,One Spine Patient,Tier 1,Core Sterling / Macomb Lane,1,2,Urgent Care,Sterling Heights,42.0,True,C1 (executed as planned — true-up from MMC export),,,,,,
2026-07-22,C1-W1,Sean,Day 03,First pass,1,South Lyon Family Docs,Ortho cross-sell,Ortho Referrer,Tier 2,Outside Sean Focus – Review,0,1,PCP,South Lyon,134.0,True,C1 (executed as planned — true-up from MMC export),,,,,,
2026-07-22,C1-W1,Sean,Day 03,First pass,2,Berkley Urgent Care,Reactivate,One Spine Patient,Tier 1,Outside Sean Focus – Review,1,3,Urgent Care,Berkley,115.0,True,C1 (executed as planned — true-up from MMC export),,,,,,
2026-07-22,C1-W1,Sean,Day 03,First pass,3,Downriver Internists,Ortho cross-sell,Ortho Referrer,Tier 2,Outside Sean Focus – Review,0,2,PCP,Oak Park,85.0,True,C1 (executed as planned — true-up from MMC export),,,,,,
2026-07-22,C1-W1,Sean,Day 03,First pass,4,Get Well Urgent Care Madison Heights,Protect (LAPSED),Repeat Spine Referrer,Tier 1,Outside Sean Focus – Review,2,3,Urgent Care,Madison Heights,113.0,True,C1 (executed as planned — true-up from MMC export),,,,,,
2026-07-22,C1-W1,Sean,Day 03,First pass,5,Elite Family Medicine,Ortho cross-sell,Ortho Referrer,Tier 2,Core Sterling / Macomb Lane,0,1,PCP,Sterling Heights,42.0,True,C1 (executed as planned — true-up from MMC export),,,,,,
2026-07-22,C1-W1,Sean,Day 03,First pass,6,Kashat Urgent care,Reactivate,One Spine Patient,Tier 1,Core Sterling / Macomb Lane,1,1,Urgent Care,Sterling Heights,42.0,True,C1 (executed as planned — true-up from MMC export),,,,,,
2026-07-22,C1-W1,Sean,Day 03,First pass,7,Sterling Physicians,Reactivate,One Spine Patient,Tier 1,Core Sterling / Macomb Lane,1,1,PCP,Sterling Heights,42.0,True,C1 (executed as planned — true-up from MMC export),,,,,,
2026-07-22,C1-W1,Sean,Day 03,First pass,8,Tri-County Medical Clinic,Reactivate,One Spine Patient,Tier 1,Core Sterling / Macomb Lane,1,2,PCP,Sterling Heights,106.0,True,C1 (executed as planned — true-up from MMC export),,,,,,
2026-07-22,C1-W1,Sean,Day 03,First pass,9,Wattles Internal Medicine- use,Ortho cross-sell,Ortho Referrer,Tier 2,Outside Sean Focus – Review,0,1,PCP,Troy,41.0,True,C1 (executed as planned — true-up from MMC export),,,,,,
2026-07-22,C1-W1,Sean,Day 03,First pass,10,Brigid Healthcare,Protect (LAPSED),Repeat Spine Referrer,Tier 1,Outside Sean Focus – Review,2,3,PCP,Troy,93.0,True,C1 (executed as planned — true-up from MMC export),,,,,,
2026-07-27,C1-W2,Coty,Day 02,First pass,1,Silver Pine Medical Group Chesterfield,Prospect first-touch,Visit / Prospect,Prospect,Wave 2,0,0,PCP,New Baltimore,58.0,True,C1 (executed as planned — true-up from MMC export),,,,,,
2026-07-27,C1-W2,Coty,Day 02,First pass,2,Anchor Bay Clinic Family Medical Center,Prospect first-touch,Visit / Prospect,Prospect,Wave 2,0,0,PCP,New Baltimore,58.0,True,C1 (executed as planned — true-up from MMC export),,,,,,
2026-07-27,C1-W2,Coty,Day 02,First pass,3,Bay Area Family Physicians,Reactivate,One Spine Patient,Tier 1,Wave 1,1,1,PCP,New Baltimore,58.0,True,C1 (executed as planned — true-up from MMC export),,,,,,
2026-07-27,C1-W2,Coty,Day 02,First pass,4,North Point Medical,Prospect first-touch,Visit / Prospect,Prospect,Wave 2,0,0,PCP,Fair Haven,16.0,True,C1 (executed as planned — true-up from MMC export),,,,,,
2026-07-27,C1-W2,Coty,Day 02,First pass,5,Eastside Surgical Associates,Prospect first-touch,Visit / Prospect,Prospect,Wave 2,0,0,Orthopedic,New Baltimore,70.0,True,C1 (executed as planned — true-up from MMC export),,,,,,
2026-07-27,C1-W2,Coty,Day 02,First pass,6,New Baltimore Family Practice - Chesterfield,Prospect first-touch,Visit / Prospect,Prospect,Wave 2,0,0,PCP,New Baltimore,16.0,True,C1 (executed as planned — true-up from MMC export),,,,,,
2026-07-27,C1-W2,Coty,Day 02,First pass,7,Macomb Family Medicine (Henry Ford) - Chesterfield,Prospect first-touch,Visit / Prospect,Prospect,Wave 2,0,0,PCP,Chesterfield,16.0,True,C1 (executed as planned — true-up from MMC export),,,,,,
2026-07-27,C1-W2,Coty,Day 02,First pass,8,Pulse Primary Care - Lenox,Prospect first-touch,Visit / Prospect,Prospect,Wave 2,0,0,PCP,Lenox,16.0,True,C1 (executed as planned — true-up from MMC export),,,,,,
2026-07-27,C1-W2,Coty,Day 02,First pass,9,Community First Health Centers - New Haven,Convert to repeat,One Spine Patient,Tier 1,Wave 1,1,1,PCP,New Haven,16.0,True,C1 (executed as planned — true-up from MMC export),,,,,,
2026-07-27,C1-W2,Coty,Day 02,First pass,10,North Macomb Medical Associates,Convert to repeat,One Spine Patient,Tier 1,Wave 1,1,1,PCP,Richmond,16.0,True,C1 (executed as planned — true-up from MMC export),,,,,,
2026-07-27,C1-W2,Coty,Day 06,First pass,1,Shorepointe Family Physicians - St. Clair Shores,Prospect first-touch,Visit / Prospect,Prospect,Wave 2,0,0,PCP,St Clair Shores,42.0,True,C1 (executed as planned — true-up from MMC export),,,,,,
2026-07-27,C1-W2,Coty,Day 06,First pass,2,Associated Orthopedists of Detroit-St Clair Shores,Prospect first-touch,Visit / Prospect,Prospect,Wave 2,0,0,Orthopedic,St. Clair Shores,28.0,True,C1 (executed as planned — true-up from MMC export),,,,,,
2026-07-27,C1-W2,Coty,Day 06,First pass,3,Premier Family Physicians,Ortho cross-sell,Ortho Referrer,Tier 2,Wave 2,0,1,PCP,Saint Clair Shores,28.0,True,C1 (executed as planned — true-up from MMC export),,,,,,
2026-07-27,C1-W2,Coty,Day 06,First pass,4,Lakeview Medical Center,Protect,Repeat Spine Referrer,Tier 1,Wave 1,7,13,PCP,St. Clair Shores,7.0,True,C1 (executed as planned — true-up from MMC export),,,,,,
2026-07-27,C1-W2,Coty,Day 06,First pass,5,Shaun Jayakar MD,Ortho cross-sell,Ortho Referrer,Tier 2,Wave 2,0,6,PCP,St Clair Shores,7.0,True,C1 (executed as planned — true-up from MMC export),,,,,,
2026-07-27,C1-W2,Coty,Day 06,First pass,6,Faye Maribao MD,Prospect first-touch,Visit / Prospect,Prospect,Wave 2,0,0,PCP,St. Clair Shores,7.0,True,C1 (executed as planned — true-up from MMC export),,,,,,
2026-07-27,C1-W2,Coty,Day 06,First pass,7,Pointe Family Physicians,Prospect first-touch,Visit / Prospect,Prospect,Wave 2,0,0,PCP,St. Clair Shores,7.0,True,C1 (executed as planned — true-up from MMC export),,,,,,
2026-07-27,C1-W2,Coty,Day 06,First pass,8,Bi-County Physicians,Prospect first-touch,Visit / Prospect,Prospect,Wave 2,0,0,PCP,St. Clair Shores,35.0,True,C1 (executed as planned — true-up from MMC export),,,,,,
2026-07-27,C1-W2,Coty,Day 06,First pass,9,Center for Preventative Medicine,Prospect first-touch,Visit / Prospect,Prospect,Wave 2,0,0,Pain,Grosse Pointe,548.0,True,C1 (executed as planned — true-up from MMC export),,,,,,
2026-07-27,C1-W2,Coty,Day 06,First pass,10,Gratiot Family Medicine,Reactivate,One Spine Patient,Tier 1,Wave 2,1,1,PCP,Harper Woods,119.0,True,C1 (executed as planned — true-up from MMC export),,,,,,
2026-07-27,C1-W2,Coty,Day 12,First pass,1,"MICHIGAN PAIN SPECIALISTS, PLLC",Prospect first-touch,Visit / Prospect,Prospect,Wave 2,0,0,Orthopedic,YPSILANTI,297.0,True,C1 (executed as planned — true-up from MMC export),,,,,,
2026-07-27,C1-W2,Coty,Day 12,First pass,2,Michigan Pain Specialists,Prospect first-touch,Visit / Prospect,Prospect,Wave 2,0,0,Pain,Ypsilanti,1200.0,True,C1 (executed as planned — true-up from MMC export),,,,,,
2026-07-27,C1-W2,Coty,Day 12,First pass,3,Associates In Physical Medicine & Rehabilitation,Prospect first-touch,Visit / Prospect,Prospect,Wave 2,0,0,Orthopedic,Ypsilanti,926.0,True,C1 (executed as planned — true-up from MMC export),,,,,,
2026-07-27,C1-W2,Coty,Day 12,First pass,4,Henry Ford Medical Center - Beck Rd,Prospect first-touch,Visit / Prospect,Prospect,Wave 2,0,0,PCP,Plymouth,24.0,True,C1 (executed as planned — true-up from MMC export),,,,,,
2026-07-27,C1-W2,Coty,Day 12,First pass,5,UofM Northville Health Center,Prospect first-touch,Visit / Prospect,Prospect,Wave 2,0,0,PCP,Northville,24.0,True,C1 (executed as planned — true-up from MMC export),,,,,,
2026-07-27,C1-W2,Coty,Day 12,First pass,6,Levan Internists,Ortho cross-sell,Ortho Referrer,Tier 2,Wave 2,0,2,PCP,Livonia,127.0,True,C1 (executed as planned — true-up from MMC export),,,,,,
2026-07-27,C1-W2,Coty,Day 12,First pass,7,Primary Care Services -Westland,Prospect first-touch,Visit / Prospect,Prospect,Wave 2,0,0,Pain,Westland,48.0,True,C1 (executed as planned — true-up from MMC export),,,,,,
2026-07-27,C1-W2,Coty,Day 12,First pass,8,MDWELL -CO,Prospect first-touch,Visit / Prospect,Prospect,Wave 2,0,0,PCP,Westland,48.0,True,C1 (executed as planned — true-up from MMC export),,,,,,
2026-07-27,C1-W2,Coty,Day 12,First pass,9,Downriver Internists - Wayne,Prospect first-touch,Visit / Prospect,Prospect,Wave 2,0,0,PCP,Wayne,2.0,True,C1 (executed as planned — true-up from MMC export),,,,,,
2026-07-27,C1-W2,Coty,Day 12,First pass,10,MEDPRO PRIMARY CARE - Waltz Rd,Protect (LAPSED),Repeat Spine Referrer,Tier 1,Wave 1,2,2,Pain,NEW BOSTON,149.0,True,C1 (executed as planned — true-up from MMC export),,,,,,
2026-07-27,C1-W2,Coty,Day 17,First pass,1,AMG Oak Park Medical Center,Prospect first-touch,Visit / Prospect,Prospect,Wave 2,0,0,PCP,Oak Park,56.0,True,C1 (executed as planned — true-up from MMC export),,,,,,
2026-07-27,C1-W2,Coty,Day 17,First pass,2,Ascension Providence Partners in Womens Health,Prospect first-touch,Visit / Prospect,Prospect,Wave 2,0,0,Pain,Southfield,673.0,True,C1 (executed as planned — true-up from MMC export),,,,,,
2026-07-27,C1-W2,Coty,Day 17,First pass,3,Epic Healthcare - Southfield,Reactivate,One Spine Patient,Tier 1,Wave 2,1,1,PCP,SOUTHFIELD,133.0,True,C1 (executed as planned — true-up from MMC export),,,,,,
2026-07-27,C1-W2,Coty,Day 17,First pass,4,EPIC Southfield - Telegraph Rd office,Reactivate,One Spine Patient,Tier 1,Wave 1,1,4,PCP,Southfield,49.0,True,C1 (executed as planned — true-up from MMC export),,,,,,
2026-07-27,C1-W2,Coty,Day 17,First pass,5,"Ruffini DC PC, Richard J",Prospect first-touch,Visit / Prospect,Prospect,Wave 2,0,0,Chiropractor,Southfield,49.0,True,C1 (executed as planned — true-up from MMC export),,,,,,
2026-07-27,C1-W2,Coty,Day 17,First pass,6,Neurology Consultants of Southfield,Other cross-sell,Other Patient Referrer,Tier 3,Wave 2,0,1,Neurology,Southfield,8.0,True,C1 (executed as planned — true-up from MMC export),,,,,,
2026-07-27,C1-W2,Coty,Day 17,First pass,7,Pulmonary & Internal Medicine Specialists,Prospect first-touch,Visit / Prospect,Prospect,Wave 2,0,0,PCP,Southfield,49.0,True,C1 (executed as planned — true-up from MMC export),,,,,,
2026-07-27,C1-W2,Coty,Day 17,First pass,8,"TRI COUNTY ORTHOPEDICS, PC",Prospect first-touch,Visit / Prospect,Prospect,Wave 2,0,0,Orthopedic,FARMINGTON HILLS,8.0,True,C1 (executed as planned — true-up from MMC export),,,,,,
2026-07-27,C1-W2,Coty,Day 17,First pass,9,GREAT LAKES ORTHOPAEDICS,Prospect first-touch,Visit / Prospect,Prospect,Wave 2,0,0,Orthopedic,GARDEN CITY,2.0,True,C1 (executed as planned — true-up from MMC export),,,,,,
2026-07-27,C1-W2,Coty,Day 17,First pass,10,Specialists in Spine Surgery - Garden City,Prospect first-touch,Visit / Prospect,Prospect,Wave 2,0,0,Orthopedic,Garden City,2.0,True,C1 (executed as planned — true-up from MMC export),,,,,,
2026-07-27,C1-W2,Jasmine,Day 01,First pass,1,Trupti Patel,Prospect first-touch,Visit / Prospect,Prospect,Wave 2,0,0,PCP,Westland,38.0,True,C1 (executed as planned — true-up from MMC export),,,,,,
2026-07-27,C1-W2,Jasmine,Day 01,First pass,2,CANTON VA CLINIC,Prospect first-touch,Visit / Prospect,Prospect,Wave 2,0,0,PCP,CANTON,10.0,True,C1 (executed as planned — true-up from MMC export),,,,,,
2026-07-27,C1-W2,Jasmine,Day 01,First pass,3,Corwell health orthopedics Canton,Reactivate,One Spine Patient,Tier 1,Wave 1,1,1,Orthopedic,Canton,44.0,True,C1 (executed as planned — true-up from MMC export),,,,,,
2026-07-27,C1-W2,Jasmine,Day 01,First pass,4,CANTON FAMILY HEALTH LLC,Protect,Repeat Spine Referrer,Tier 1,Wave 1,4,6,PCP,CANTON,10.0,True,C1 (executed as planned — true-up from MMC export),,,,,,
2026-07-27,C1-W2,Jasmine,Day 01,First pass,5,Bluestone PT/OT/ST,Prospect first-touch,Visit / Prospect,Prospect,Wave 2,0,0,PT,Livonia,20.0,True,C1 (executed as planned — true-up from MMC export),,,,,,
2026-07-27,C1-W2,Jasmine,Day 01,First pass,6,Buckle Family Chiropractic Ste 5,Prospect first-touch,Visit / Prospect,Prospect,Wave 2,0,0,Chiropractor,Livonia,0.0,True,C1 (executed as planned — true-up from MMC export),,,,,,
2026-07-27,C1-W2,Jasmine,Day 01,First pass,7,BN Nandish MD,Ortho cross-sell,Ortho Referrer,Tier 2,Wave 2,0,2,PCP,Livonia,7.0,True,C1 (executed as planned — true-up from MMC export),,,,,,
2026-07-27,C1-W2,Jasmine,Day 01,First pass,8,Joshua S Faley,Prospect first-touch,Visit / Prospect,Prospect,Wave 2,0,0,PCP,Livonia,7.0,True,C1 (executed as planned — true-up from MMC export),,,,,,
2026-07-27,C1-W2,Jasmine,Day 01,First pass,9,"Sussan J Salas, MD, FAANS",Prospect first-touch,Visit / Prospect,Prospect,Wave 2,0,0,PCP,Livonia,7.0,True,C1 (executed as planned — true-up from MMC export),,,,,,
2026-07-27,C1-W2,Jasmine,Day 01,First pass,10,Comprehensive Healthcare Associates and Prevention Medicine,Protect,Repeat Spine Referrer,Tier 1,Wave 1,6,24,PCP,Livonia,7.0,True,C1 (executed as planned — true-up from MMC export),,,,,,
2026-07-27,C1-W2,Jasmine,Day 07,First pass,1,"ARASH KIARASH, MD, MEDICAL GROUP",Prospect first-touch,Visit / Prospect,Prospect,Wave 2,0,0,PCP,TAYLOR,17.0,True,C1 (executed as planned — true-up from MMC export),,,,,,
2026-07-27,C1-W2,Jasmine,Day 07,First pass,2,BEST MEDICAL CENTER,Prospect first-touch,Visit / Prospect,Prospect,Wave 2,0,0,PCP,Taylor,17.0,True,C1 (executed as planned — true-up from MMC export),,,,,,
2026-07-27,C1-W2,Jasmine,Day 07,First pass,3,icare urgent care,Prospect first-touch,Visit / Prospect,Prospect,Wave 2,0,0,Urgent Care,DEARBORN HEIGHTS,35.0,True,C1 (executed as planned — true-up from MMC export),,,,,,
2026-07-27,C1-W2,Jasmine,Day 07,First pass,4,AMC primary care,Prospect first-touch,Visit / Prospect,Prospect,Wave 2,0,0,PCP,Dearborn Heights,29.0,True,C1 (executed as planned — true-up from MMC export),,,,,,
2026-07-27,C1-W2,Jasmine,Day 07,First pass,5,"DEARBORN FAMILY CLINIC, PC",Reactivate,One Spine Patient,Tier 1,Wave 1,1,3,Orthopedic,Dearborn,87.0,True,C1 (executed as planned — true-up from MMC export),,,,,,
2026-07-27,C1-W2,Jasmine,Day 07,First pass,6,Dearborn medical and geriatric center,Prospect first-touch,Visit / Prospect,Prospect,Wave 2,0,0,PCP,Dearborn,87.0,True,C1 (executed as planned — true-up from MMC export),,,,,,
2026-07-27,C1-W2,Jasmine,Day 07,First pass,7,"DR VIJAYA CHALLA, MD, PC",Prospect first-touch,Visit / Prospect,Prospect,Wave 2,0,0,PCP,DEARBORN,111.0,True,C1 (executed as planned — true-up from MMC export),,,,,,
2026-07-27,C1-W2,Jasmine,Day 07,First pass,8,Ascension Providence Dearborn Internal Medicine,Prospect first-touch,Visit / Prospect,Prospect,Wave 2,0,0,PCP,Dearborn,87.0,True,C1 (executed as planned — true-up from MMC export),,,,,,
2026-07-27,C1-W2,Jasmine,Day 07,First pass,9,Primary Care Center,Prospect first-touch,Visit / Prospect,Prospect,Wave 2,0,0,PCP,Dearborn Heights,29.0,True,C1 (executed as planned — true-up from MMC export),,,,,,
2026-07-27,C1-W2,Jasmine,Day 07,First pass,10,PelHam Primary Care,Reactivate,One Spine Patient,Tier 1,Wave 1,1,1,PCP,Dearborn,71.0,True,C1 (executed as planned — true-up from MMC export),,,,,,
2026-07-27,C1-W2,Jasmine,Day 11,First pass,1,Jeffrey T. Najor Internal Medicine,Prospect first-touch,Visit / Prospect,Prospect,Wave 2,0,0,Orthopedic,Southfield,15.0,True,C1 (executed as planned — true-up from MMC export),,,,,,
2026-07-27,C1-W2,Jasmine,Day 11,First pass,2,Dedicated senior Medical Center Detroit North,Ortho cross-sell,Ortho Referrer,Tier 2,Wave 2,0,4,PCP,Detroit,8.0,True,C1 (executed as planned — true-up from MMC export),,,,,,
2026-07-27,C1-W2,Jasmine,Day 11,First pass,3,Oak Street Health,Prospect first-touch,Visit / Prospect,Prospect,Wave 2,0,0,PCP,Detroit,21.0,True,C1 (executed as planned — true-up from MMC export),,,,,,
2026-07-27,C1-W2,Jasmine,Day 11,First pass,4,Frank Lanzilote DO-Family Practice,Protect (LAPSED),Repeat Spine Referrer,Tier 1,Wave 1,2,23,PCP,Detroit,56.0,True,C1 (executed as planned — true-up from MMC export),,,,,,
2026-07-27,C1-W2,Jasmine,Day 11,First pass,5,Corewell Health Family Medicine - Northside,Prospect first-touch,Visit / Prospect,Prospect,Wave 2,0,0,PCP,Detroit,139.0,True,C1 (executed as planned — true-up from MMC export),,,,,,
2026-07-27,C1-W2,Jasmine,Day 11,First pass,6,Caudell Chiropractic,Prospect first-touch,Visit / Prospect,Prospect,Wave 2,0,0,Chiropractor,Dearborn Heights,140.0,True,C1 (executed as planned — true-up from MMC export),,,,,,
2026-07-27,C1-W2,Jasmine,Day 11,First pass,7,MIND - Dearborn,Prospect first-touch,Visit / Prospect,Prospect,Wave 2,0,0,Orthopedic,Dearborn Heights,113.0,True,C1 (executed as planned — true-up from MMC export),,,,,,
2026-07-27,C1-W2,Jasmine,Day 11,First pass,8,"MICHIGAN INTERNAL MEDICINE ASSOCIATES, PC",Prospect first-touch,Visit / Prospect,Prospect,Wave 2,0,0,PCP,Dearborn Heights,29.0,True,C1 (executed as planned — true-up from MMC export),,,,,,
2026-07-27,C1-W2,Jasmine,Day 11,First pass,9,The family Doc,Ortho cross-sell,Ortho Referrer,Tier 2,Wave 2,0,1,PCP,Dearborn Heights,140.0,True,C1 (executed as planned — true-up from MMC export),,,,,,
2026-07-27,C1-W2,Jasmine,Day 11,First pass,10,Elite Care Physicians PLLC,Prospect first-touch,Visit / Prospect,Prospect,Wave 2,0,0,PCP,Redford,171.0,True,C1 (executed as planned — true-up from MMC export),,,,,,
2026-07-27,C1-W2,Jasmine,Day 12,First pass,1,Doctors of physical therapy and hand therapy,Prospect first-touch,Visit / Prospect,Prospect,Wave 2,0,0,PT,Brighton,41.0,True,C1 (executed as planned — true-up from MMC export),,,,,,
2026-07-27,C1-W2,Jasmine,Day 12,First pass,2,Beatty Chiropractic,Prospect first-touch,Visit / Prospect,Prospect,Wave 2,0,0,Chiropractor,Brighton,41.0,True,C1 (executed as planned — true-up from MMC export),,,,,,
2026-07-27,C1-W2,Jasmine,Day 12,First pass,3,Ouillette Chiropractic,Prospect first-touch,Visit / Prospect,Prospect,Wave 2,0,0,Chiropractor,Brighton,41.0,True,C1 (executed as planned — true-up from MMC export),,,,,,
2026-07-27,C1-W2,Jasmine,Day 12,First pass,4,Duncan Chiropractic Group,Prospect first-touch,Visit / Prospect,Prospect,Wave 2,0,0,Chiropractor,Brighton,93.0,True,C1 (executed as planned — true-up from MMC export),,,,,,
2026-07-27,C1-W2,Jasmine,Day 12,First pass,5,LIVINGSTON MEDICAL CENTER,Prospect first-touch,Visit / Prospect,Prospect,Wave 2,0,0,Orthopedic,Brighton,41.0,True,C1 (executed as planned — true-up from MMC export),,,,,,
2026-07-27,C1-W2,Jasmine,Day 12,First pass,6,ATI PHYSICAL THERAPY,Prospect first-touch,Visit / Prospect,Prospect,Wave 2,0,0,Orthopedic,Brighton,93.0,True,C1 (executed as planned — true-up from MMC export),,,,,,
2026-07-27,C1-W2,Jasmine,Day 12,First pass,7,Grand River Medical Associates,Protect (LAPSED),Repeat Spine Referrer,Tier 1,Wave 1,2,2,PCP,New Hudson,93.0,True,C1 (executed as planned — true-up from MMC export),,,,,,
2026-07-27,C1-W2,Jasmine,Day 12,First pass,8,Michigan Orthopedic Surgeons - Novi,Prospect first-touch,Visit / Prospect,Prospect,Wave 2,0,0,Orthopedic,Novi,6.0,True,C1 (executed as planned — true-up from MMC export),,,,,,
2026-07-27,C1-W2,Jasmine,Day 12,First pass,9,THE CORE INSTITUTE NOVI,Prospect first-touch,Visit / Prospect,Prospect,Wave 2,0,0,Orthopedic,NOVI,24.0,True,C1 (executed as planned — true-up from MMC export),,,,,,
2026-07-27,C1-W2,Jasmine,Day 12,First pass,10,COMPREHENSIVE INTEGRATIVE HEALTH CARE,Prospect first-touch,Visit / Prospect,Prospect,Wave 2,0,0,PCP,NOVI,34.0,True,C1 (executed as planned — true-up from MMC export),,,,,,
2026-07-27,C1-W2,Kristen,Day 01,First pass,1,Mike Morse Law Firm,Protect,Repeat Spine Referrer,Tier 1,Wave 1,75,94,Attorney / Legal,Southfield,22.0,True,C1 (executed as planned — true-up from MMC export),,,,,,
2026-07-27,C1-W2,Kristen,Day 01,First pass,2,Christensen Law,Reactivate,One Spine Patient,Tier 1,Wave 2,1,1,Attorney / Legal,Southfield,121.0,True,C1 (executed as planned — true-up from MMC export),,,,,,
2026-07-27,C1-W2,Kristen,Day 01,First pass,3,Corewell Health Farmington Hills Hospital Family Medicine,Ortho cross-sell,Ortho Referrer,Tier 2,Wave 2,0,4,PCP,FARMINGTON HILLS,64.0,True,C1 (executed as planned — true-up from MMC export),,,,,,
2026-07-27,C1-W2,Kristen,Day 01,First pass,4,Legacy Family Care,Reactivate,One Spine Patient,Tier 1,Wave 2,1,1,PCP,Farmington Hills,66.0,True,C1 (executed as planned — true-up from MMC export),,,,,,
2026-07-27,C1-W2,Kristen,Day 01,First pass,5,Powers Family Medicine,Protect (LAPSED),Repeat Spine Referrer,Tier 1,Wave 1,2,3,PCP,Farmington Hills,64.0,True,C1 (executed as planned — true-up from MMC export),,,,,,
2026-07-27,C1-W2,Kristen,Day 01,First pass,6,Village Medical Farmington,Protect (LAPSED),Repeat Spine Referrer,Tier 1,Wave 1,2,4,PCP,Farmington,66.0,True,C1 (executed as planned — true-up from MMC export),,,,,,
2026-07-27,C1-W2,Kristen,Day 01,First pass,7,SHEIKH MEDICAL CENTER,Reactivate,One Spine Patient,Tier 1,Wave 2,1,2,PCP,FARMINGTON,66.0,True,C1 (executed as planned — true-up from MMC export),,,,,,
2026-07-27,C1-W2,Kristen,Day 01,First pass,8,Henry Ford Health - Family Medicine 8 Mile Livonia,Ortho cross-sell,Ortho Referrer,Tier 2,Wave 2,0,5,PCP,Livonia,17.0,True,C1 (executed as planned — true-up from MMC export),,,,,,
2026-07-27,C1-W2,Kristen,Day 01,First pass,9,Triumph chiropractic,Protect,Repeat Spine Referrer,Tier 1,Wave 1,2,2,Other / Verify,Livonia,17.0,True,C1 (executed as planned — true-up from MMC export),,,,,,
2026-07-27,C1-W2,Kristen,Day 01,First pass,10,Beaumont Medical Center - Redford,Protect (LAPSED),Repeat Spine Referrer,Tier 1,Wave 1,3,23,PCP,Redford Charter Township,76.0,True,C1 (executed as planned — true-up from MMC export),,,,,,
2026-07-27,C1-W2,Kristen,Day 04 (pull-fwd),Protect overlay,0,MedPro Primary Care,Protect (LAPSED),Repeat Spine Referrer,Tier 1,Wave 1,2,4,Urgent Care,Madison Heights,31.0,True,C1 (executed as planned — true-up from MMC export),,,,,,
2026-07-27,C1-W2,Kristen,Day 04 (pull-fwd),Protect overlay,0,Metro Medical Practice,Protect (LAPSED),Repeat Spine Referrer,Tier 1,Wave 1,2,3,PCP,Troy,59.0,True,C1 (executed as planned — true-up from MMC export),,,,,,
2026-07-27,C1-W2,Kristen,Day 04 (pull-fwd),Protect overlay,0,Oakland Family Practice,Protect (LAPSED),Repeat Spine Referrer,Tier 1,Wave 1,2,17,PCP,Warren,31.0,True,C1 (executed as planned — true-up from MMC export),,,,,,
2026-07-27,C1-W2,Kristen,Day 06 (pull-fwd),Protect overlay,0,Lifetime Family Care,Protect (LAPSED),Repeat Spine Referrer,Tier 1,Wave 1,3,3,PCP,Madison Heights,31.0,True,C1 (executed as planned — true-up from MMC export),,,,,,
2026-07-27,C1-W2,Kristen,Day 07,First pass,1,DMC Orthopedics - Commerce Township,Protect,Repeat Spine Referrer,Tier 1,Wave 1,3,3,Orthopedic,,9.0,True,C1 (executed as planned — true-up from MMC export),,,,,,
2026-07-27,C1-W2,Kristen,Day 07,First pass,2,Commerce Internal Medicine,Other cross-sell,Other Patient Referrer,Tier 3,Wave 2,0,1,PCP,Commerce Charter Township,51.0,True,C1 (executed as planned — true-up from MMC export),,,,,,
2026-07-27,C1-W2,Kristen,Day 07,First pass,3,CoreMed - Commerce,Reactivate,One Spine Patient,Tier 1,Wave 2,1,1,PCP,,51.0,True,C1 (executed as planned — true-up from MMC export),,,,,,
2026-07-27,C1-W2,Kristen,Day 07,First pass,4,IHA UNION LAKE PEDIATRICS,Reactivate,One Spine Patient,Tier 1,Wave 2,1,1,Pediatrics,COMMERCE TOWNSHIP,51.0,True,C1 (executed as planned — true-up from MMC export),,,,,,
2026-07-27,C1-W2,Kristen,Day 07,First pass,5,Rodnick Chiropractic,Reactivate,One Spine Patient,Tier 1,Wave 2,1,1,Chiropractor,Commerce Charter Township,51.0,True,C1 (executed as planned — true-up from MMC export),,,,,,
2026-07-27,C1-W2,Kristen,Day 07,First pass,6,IPHCA,Ortho cross-sell,Ortho Referrer,Tier 2,Wave 2,0,1,PCP,Commerce Township,51.0,True,C1 (executed as planned — true-up from MMC export),,,,,,
2026-07-27,C1-W2,Kristen,Day 07,First pass,7,"PILLAY INTERNAL MEDICINE ASSOCIATES, PLLC",Reactivate,One Spine Patient,Tier 1,Wave 2,1,3,PCP,WALLED LAKE,73.0,True,C1 (executed as planned — true-up from MMC export),,,,,,
2026-07-27,C1-W2,Kristen,Day 07,First pass,8,Oakland Physicians,Other cross-sell,Other Patient Referrer,Tier 3,Wave 2,0,1,Pediatrics,Walled Lake,73.0,True,C1 (executed as planned — true-up from MMC export),,,,,,
2026-07-27,C1-W2,Kristen,Day 07,First pass,9,Internal Medicine & Primary Care Specialists- 1010,Ortho cross-sell,Ortho Referrer,Tier 2,Wave 2,0,4,PCP,West Bloomfield,70.0,True,C1 (executed as planned — true-up from MMC export),,,,,,
2026-07-27,C1-W2,Kristen,Day 07,First pass,10,DMC PRIMARY AND SPECIALTY CARE WEST BLOOMFIELD,Protect (LAPSED),Repeat Spine Referrer,Tier 1,Wave 1,5,6,PCP,WEST BLOOMFIELD,70.0,True,C1 (executed as planned — true-up from MMC export),,,,,,
2026-07-27,C1-W2,Kristen,Day 09,First pass,1,Beverly Hills Internal Medicine,Ortho cross-sell,Ortho Referrer,Tier 2,Wave 2,0,1,PCP,Beverly Hills,8.0,True,C1 (executed as planned — true-up from MMC export),,,,,,
2026-07-27,C1-W2,Kristen,Day 09,First pass,2,MICHIGAN PREMIER INTERNISTS,Ortho cross-sell,Ortho Referrer,Tier 2,Wave 2,0,2,PCP,ROYAL OAK,56.0,True,C1 (executed as planned — true-up from MMC export),,,,,,
2026-07-27,C1-W2,Kristen,Day 09,First pass,3,SOMERSET PEDIATRICS,Other cross-sell,Other Patient Referrer,Tier 3,Wave 2,0,1,Pediatrics,TROY,59.0,True,C1 (executed as planned — true-up from MMC export),,,,,,
2026-07-27,C1-W2,Kristen,Day 09,First pass,4,Team Rehab - SMA Bloomfield Hills,Ortho cross-sell,Ortho Referrer,Tier 2,Wave 2,0,1,PT,,71.0,True,C1 (executed as planned — true-up from MMC export),,,,,,
2026-07-27,C1-W2,Kristen,Day 09,First pass,5,Victor Valentino Law,Protect (LAPSED),Repeat Spine Referrer,Tier 1,Wave 2,2,3,Attorney / Legal,,62.0,True,C1 (executed as planned — true-up from MMC export),,,,,,
2026-07-27,C1-W2,Kristen,Day 09,First pass,6,"TWIN LAKES MEDICAL ASSOCIATES, PC",Reactivate,One Spine Patient,Tier 1,Wave 2,1,1,PCP,BLOOMFIELD,71.0,True,C1 (executed as planned — true-up from MMC export),,,,,,
2026-07-27,C1-W2,Kristen,Day 09,First pass,7,Oakland Integrated Healthcare Network,Ortho cross-sell,Ortho Referrer,Tier 2,Wave 2,0,1,PCP,Pontiac,65.0,True,C1 (executed as planned — true-up from MMC export),,,,,,
2026-07-27,C1-W2,Kristen,Day 09,First pass,8,Stonebrooke Family Physicians,Protect (LAPSED),Repeat Spine Referrer,Tier 1,Wave 1,5,17,PCP,Rochester Hills,36.0,True,C1 (executed as planned — true-up from MMC export),,,,,,
2026-07-27,C1-W2,Kristen,Day 09,First pass,9,Limitless Physical Therapy and Performance,Ortho cross-sell,Ortho Referrer,Tier 2,Wave 2,0,1,PT,Rochester,36.0,True,C1 (executed as planned — true-up from MMC export),,,,,,
2026-07-27,C1-W2,Kristen,Day 09,First pass,10,Rochester Primary Care,Other cross-sell,Other Patient Referrer,Tier 3,Wave 2,0,1,PCP,Rochester Hills,36.0,True,C1 (executed as planned — true-up from MMC export),,,,,,
2026-07-27,C1-W2,Kristen,Day 10,First pass,1,"SOUTH EAST MICHIGAN MEDICAL ASSOCIATES, PC",Other cross-sell,Other Patient Referrer,Tier 3,Wave 2,0,1,PCP,LATHRUP VILLAGE,45.0,True,C1 (executed as planned — true-up from MMC export),,,,,,
2026-07-27,C1-W2,Kristen,Day 10,First pass,2,Applebaum & Stone,Protect (LAPSED),Repeat Spine Referrer,Tier 1,Wave 1,5,7,Attorney / Legal,Southfield,122.0,True,C1 (executed as planned — true-up from MMC export),,,,,,
2026-07-27,C1-W2,Kristen,Day 10,First pass,3,"CHARLES G GODOSHIAN, MD, PC",Ortho cross-sell,Ortho Referrer,Tier 2,Wave 2,0,1,PCP,SOUTHFIELD,49.0,True,C1 (executed as planned — true-up from MMC export),,,,,,
2026-07-27,C1-W2,Kristen,Day 10,First pass,4,Wigod & Falzon,Reactivate,One Spine Patient,Tier 1,Wave 2,1,1,Attorney / Legal,Southfield,48.0,True,C1 (executed as planned — true-up from MMC export),,,,,,
2026-07-27,C1-W2,Kristen,Day 10,First pass,5,Legend Health - Now One Health,Ortho cross-sell,Ortho Referrer,Tier 2,Wave 2,0,3,PCP,Southfield,50.0,True,C1 (executed as planned — true-up from MMC export),,,,,,
2026-07-27,C1-W2,Kristen,Day 10,First pass,6,Steinberg Law Firm,Protect (LAPSED),Repeat Spine Referrer,Tier 1,Wave 2,2,2,Attorney / Legal,Southfield,105.0,True,C1 (executed as planned — true-up from MMC export),,,,,,
2026-07-27,C1-W2,Kristen,Day 10,First pass,7,Mark Sisson Law,Ortho cross-sell,Ortho Referrer,Tier 2,Wave 2,0,1,Attorney / Legal,Bingham Farms,8.0,True,C1 (executed as planned — true-up from MMC export),,,,,,
2026-07-27,C1-W2,Kristen,Day 10,First pass,8,"MEDICAL CENTER PEDIATRICS, PLLC",Other cross-sell,Other Patient Referrer,Tier 3,Wave 2,0,1,Pediatrics,BINGHAM FARMS,8.0,True,C1 (executed as planned — true-up from MMC export),,,,,,
2026-07-27,C1-W2,Kristen,Day 10,First pass,9,ROSE MEDICINE,Convert to repeat,One Spine Patient,Tier 1,Wave 2,1,1,PCP,BINGHAM FARMS,8.0,True,C1 (executed as planned — true-up from MMC export),,,,,,
2026-07-27,C1-W2,Kristen,Day 10,First pass,10,Newland Medical Associates,Prospect first-touch,Visit / Prospect,Prospect,Wave 2,0,0,Pain,Bingham Farms,8.0,True,C1 (executed as planned — true-up from MMC export),,,,,,
2026-07-27,C1-W2,Kristen,Day 12 (pull-fwd),Protect overlay,0,GARDEN CITY FAMILY PHYSICIANS,Protect (LAPSED),Repeat Spine Referrer,Tier 1,Wave 1,3,6,PCP,GARDEN CITY,41.0,True,C1 (executed as planned — true-up from MMC export),,,,,,
2026-07-27,C1-W2,Kristen,Day 14 (pull-fwd),Protect overlay,0,Medical Clinic of Northville,Protect (LAPSED),Repeat Spine Referrer,Tier 1,Wave 1,2,18,PCP,Northville,42.0,True,C1 (executed as planned — true-up from MMC export),,,,,,
2026-07-27,C1-W2,Sean,Day 01,First pass,1,Toma & Yaldo Medical Center,Ortho cross-sell,Ortho Referrer,Tier 2,Core Sterling / Macomb Lane,0,1,PCP,Sterling Heights,120.0,True,C1 (executed as planned — true-up from MMC export),,,,,,
2026-07-27,C1-W2,Sean,Day 01,First pass,2,Michigan Primary Care - Sterling Heights,Reactivate,One Spine Patient,Tier 1,Core Sterling / Macomb Lane,1,1,PCP,Sterling Heights,42.0,True,C1 (executed as planned — true-up from MMC export),,,,,,
2026-07-27,C1-W2,Sean,Day 01,First pass,3,Beaumont Family Medicine - Sterling Heights,Other cross-sell,Other Patient Referrer,Tier 3,Named Sean Priority,0,1,PCP,Sterling Heights,36.0,True,C1 (executed as planned — true-up from MMC export),,,,,,
2026-07-27,C1-W2,Sean,Day 01,First pass,4,Associates in Family Practice,Reactivate,One Spine Patient,Tier 1,Named Sean Priority,1,2,PCP,Sterling Heights,41.0,True,C1 (executed as planned — true-up from MMC export),,,,,,
2026-07-27,C1-W2,Sean,Day 01,First pass,5,Sterling Heights Urgent Care,Ortho cross-sell,Ortho Referrer,Tier 2,Core Sterling / Macomb Lane,0,3,Urgent Care,Sterling Heights,78.0,True,C1 (executed as planned — true-up from MMC export),,,,,,
2026-07-27,C1-W2,Sean,Day 01,First pass,6,Schoenherr Parkway Family Practice,Reactivate,One Spine Patient,Tier 1,Core Sterling / Macomb Lane,1,3,PCP,Sterling Heights,78.0,True,C1 (executed as planned — true-up from MMC export),,,,,,
2026-07-27,C1-W2,Sean,Day 01,First pass,7,Macomb Internal Medicine,Protect,Repeat Spine Referrer,Tier 1,Named Sean Priority,4,4,PCP,Clinton Township,6.0,True,C1 (executed as planned — true-up from MMC export),,,,,,
2026-07-27,C1-W2,Sean,Day 01,First pass,8,David S Weingarden MD & Associates,Ortho cross-sell,Ortho Referrer,Tier 2,Core Sterling / Macomb Lane,0,1,Orthopedic,Clinton Township,112.0,True,C1 (executed as planned — true-up from MMC export),,,,,,
2026-07-27,C1-W2,Sean,Day 01,First pass,9,Office of David Mandy DO,Ortho cross-sell,Ortho Referrer,Tier 2,Core Sterling / Macomb Lane,0,1,Pediatrics,Macomb Township,63.0,True,C1 (executed as planned — true-up from MMC export),,,,,,
2026-07-27,C1-W2,Sean,Day 01,First pass,10,Academic Internal Medicine (Ascension),Other cross-sell,Other Patient Referrer,Tier 3,Outside Sean Focus – Review,0,1,PCP,Washington,121.0,True,C1 (executed as planned — true-up from MMC export),,,,,,
2026-07-27,C1-W2,Sean,Day 04,First pass,1,MyCare Health Center - Mt Clemens,Ortho cross-sell,Ortho Referrer,Tier 2,Core Sterling / Macomb Lane,0,1,PCP,Mount Clemens,63.0,True,C1 (executed as planned — true-up from MMC export),,,,,,
2026-07-27,C1-W2,Sean,Day 04,First pass,2,Masonic Medical Center - Ascension,Ortho cross-sell,Ortho Referrer,Tier 2,Core Sterling / Macomb Lane,0,1,PCP,St. Clair Shores,111.0,True,C1 (executed as planned — true-up from MMC export),,,,,,
2026-07-27,C1-W2,Sean,Day 04,First pass,3,Aquino Integrative Internal Medicine,Ortho cross-sell,Ortho Referrer,Tier 2,Core Sterling / Macomb Lane,0,1,PCP,Roseville,126.0,True,C1 (executed as planned — true-up from MMC export),,,,,,
2026-07-27,C1-W2,Sean,Day 04,First pass,4,Cornerstone Lakefront Internists,Reactivate,One Spine Patient,Tier 1,Core Sterling / Macomb Lane,1,1,PCP,St. Clair Shores,80.0,True,C1 (executed as planned — true-up from MMC export),,,,,,
2026-07-27,C1-W2,Sean,Day 04,First pass,5,Epic Health - St Clair Shores,Ortho cross-sell,Ortho Referrer,Tier 2,Core Sterling / Macomb Lane,0,1,PCP,St. Clair Shores,71.0,True,C1 (executed as planned — true-up from MMC export),,,,,,
2026-07-27,C1-W2,Sean,Day 04,First pass,6,Henry Ford Medical Center - East Jefferson,Reactivate,One Spine Patient,Tier 1,Core Sterling / Macomb Lane,1,2,PCP,Saint Clair Shores,80.0,True,C1 (executed as planned — true-up from MMC export),,,,,,
2026-07-27,C1-W2,Sean,Day 04,First pass,7,Waypointe Internal Medicine,Ortho cross-sell,Ortho Referrer,Tier 2,Core Sterling / Macomb Lane,0,1,PCP,Saint Clair Shores,80.0,True,C1 (executed as planned — true-up from MMC export),,,,,,
2026-07-27,C1-W2,Sean,Day 04,First pass,8,Allied Internists,Ortho cross-sell,Ortho Referrer,Tier 2,Core Sterling / Macomb Lane,0,1,PCP,Roseville,87.0,True,C1 (executed as planned — true-up from MMC export),,,,,,
2026-07-27,C1-W2,Sean,Day 04,First pass,9,Roseville Family Practice,Ortho cross-sell,Ortho Referrer,Tier 2,Core Sterling / Macomb Lane,0,2,PCP,Warren,126.0,True,C1 (executed as planned — true-up from MMC export),,,,,,
2026-07-27,C1-W2,Sean,Day 04,First pass,10,Sterling Medical Center & Urgent Care,Ortho cross-sell,Ortho Referrer,Tier 2,Core Sterling / Macomb Lane,0,1,Urgent Care,STERLING HEIGHTS,77.0,True,C1 (executed as planned — true-up from MMC export),,,,,,
2026-08-03,W1,Coty,C-W1D1,Route day,1,Cornerstone Garfield Family Practice - Ascension,Ortho cross-sell,Ortho Referrer,Tier 2,Wave 2,0,3,PCP,Clinton Township,30.0,True,C2-W1 (executed — trued up from Aug 7 MMC export),R06,3.0,R06,completed (MMC check-in Aug 3–7),,
2026-08-03,W1,Coty,C-W1D1,Route day,2,Orthopedic Surgery of Macomb,Prospect first-touch,Visit / Prospect,Prospect,Wave 2,0,0,Orthopedic,Clinton Township,6.0,True,C2-W1 (executed — trued up from Aug 7 MMC export),R06,5.0,R06,no check-in by Aug 7 — cadence clock unchanged,,
2026-08-03,W1,Coty,C-W1D1,Route day,3,Movement Orthopedics,Prospect first-touch,Visit / Prospect,Prospect,Wave 2,0,0,Orthopedic,Clinton Township,30.0,True,C2-W1 (executed — trued up from Aug 7 MMC export),R06,6.0,R06,completed (MMC check-in Aug 3–7),,
2026-08-03,W1,Coty,C-W1D1,Route day,4,Keystone Partners - Macomb,Prospect first-touch,Visit / Prospect,Prospect,Wave 2,0,0,PCP,Macomb,6.0,True,C2-W1 (executed — trued up from Aug 7 MMC export),R06,1.0,R06,completed (MMC check-in Aug 3–7),,
2026-08-03,W1,Coty,C-W1D1,Route day,5,Woods Cardiovascular Internal Medicine Associates - Macomb,Prospect first-touch,Visit / Prospect,Prospect,Wave 2,0,0,PCP,Macomb,57.0,True,C2-W1 (executed — trued up from Aug 7 MMC export),R06,2.0,R06,completed (MMC check-in Aug 3–7),,
2026-08-03,W1,Coty,C-W1D1,Route day,6,Cornerstone Internal Medicine,Reactivate,One Spine Patient,Tier 1,Wave 2,1,2,PCP,Macomb,308.0,True,C2-W1 (executed — trued up from Aug 7 MMC export),R12,4.0,R12,no check-in by Aug 7 — cadence clock unchanged,,
2026-08-03,W1,Coty,C-W1D1,Route day,7,Belamedica,Ortho cross-sell,Ortho Referrer,Tier 2,Wave 2,0,1,PCP,Troy,21.0,True,C2-W1 (executed — trued up from Aug 7 MMC export),R12,10.0,R12,no check-in by Aug 7 — cadence clock unchanged,,
2026-08-03,W1,Coty,C-W1D1,Route day,8,Neuro Pain Consultants - Sterling Heights,Prospect first-touch,Visit / Prospect,Prospect,Wave 2,0,0,Pain,Sterling Heights,20.0,True,C2-W1 (executed — trued up from Aug 7 MMC export),R06,7.0,R06,completed (MMC check-in Aug 3–7),,
2026-08-03,W1,Coty,C-W1D1,Route day,9,Cheryl Lerchin MD Physical Medicine & Rehabilitation,Prospect first-touch,Visit / Prospect,Prospect,Wave 2,0,0,Pain,Shelby Township,34.0,True,C2-W1 (executed — trued up from Aug 7 MMC export),R06,8.0,R06,completed (MMC check-in Aug 3–7),,
2026-08-03,W1,Coty,C-W1D1,Route day,10,Office of George Nassif MD,Protect (LAPSED),Repeat Spine Referrer,Tier 1,Wave 1,4,4,PCP,Clinton Township,28.0,True,C2-W1 (executed — trued up from Aug 7 MMC export),R06,4.0,R06,completed (MMC check-in Aug 3–7),,
2026-08-03,W1,Coty,C-W1D2,Route day,1,Midwest Center for Dermatology - Warren,Ortho cross-sell,Ortho Referrer,Tier 2,Wave 2,0,1,Other / Verify,Warren,1077.0,True,C2-W1 (executed — trued up from Aug 7 MMC export),R24,5.0,R24,no check-in by Aug 7 — cadence clock unchanged,,
2026-08-03,W1,Coty,C-W1D2,Route day,2,Beaumont Associated Family Care - Warren,Ortho cross-sell,Ortho Referrer,Tier 2,Wave 2,0,2,PCP,Warren,7.0,True,C2-W1 (executed — trued up from Aug 7 MMC export),R24,7.0,R24,no check-in by Aug 7 — cadence clock unchanged,,
2026-08-03,W1,Coty,C-W1D2,Route day,3,Henry Ford Macomb Health Center - Fraser,Ortho cross-sell,Ortho Referrer,Tier 2,Wave 2,0,1,PCP,Clinton Township,112.0,True,C2-W1 (executed — trued up from Aug 7 MMC export),R09,8.0,R09,completed (MMC check-in Aug 3–7),,
2026-08-03,W1,Coty,C-W1D2,Route day,4,Oak Street Health - Eastgate,Reactivate,One Spine Patient,Tier 1,Wave 2,1,2,PCP,Roseville,140.0,True,C2-W1 (executed — trued up from Aug 7 MMC export),R09,4.0,R09,completed (MMC check-in Aug 3–7),,
2026-08-03,W1,Coty,C-W1D2,Route day,5,Lakeside Internal Medicine,Ortho cross-sell,Ortho Referrer,Tier 2,Wave 2,0,3,PCP,St Clair Shores,7.0,True,C2-W1 (executed — trued up from Aug 7 MMC export),R09,3.0,R09,completed (MMC check-in Aug 3–7),,
2026-08-03,W1,Coty,C-W1D2,Route day,6,"George Afram MD,",Prospect first-touch,Visit / Prospect,Prospect,Wave 2,0,0,PCP,St. Clair Shores,42.0,True,C2-W1 (executed — trued up from Aug 7 MMC export),R09,2.0,R09,completed (MMC check-in Aug 3–7),,
2026-08-03,W1,Coty,C-W1D2,Route day,7,Maridel Hernadez MD,Prospect first-touch,Visit / Prospect,Prospect,Wave 2,0,0,PCP,St. Clair Shores,28.0,True,C2-W1 (executed — trued up from Aug 7 MMC export),R09,1.0,R09,completed (MMC check-in Aug 3–7),,
2026-08-03,W1,Coty,C-W1D2,Route day,8,Oakland Primary Care,Protect (LAPSED),Repeat Spine Referrer,Tier 1,Wave 1,2,6,PCP,Warren,28.0,True,C2-W1 (executed — trued up from Aug 7 MMC export),R09,5.0,R09,completed (MMC check-in Aug 3–7),,
2026-08-03,W1,Coty,C-W1D2,Route day,9,Metro Pain Clinic  - Warren,Prospect first-touch,Visit / Prospect,Prospect,Wave 2,0,0,Pain,Warren,45.0,True,C2-W1 (executed — trued up from Aug 7 MMC export),R09,6.0,R09,completed (MMC check-in Aug 3–7),,
2026-08-03,W1,Coty,C-W1D2,Route day,10,Center For Physical Medicine & Rehabilitation - Warren,Prospect first-touch,Visit / Prospect,Prospect,Wave 2,0,0,Orthopedic,Warren,420.0,True,C2-W1 (executed — trued up from Aug 7 MMC export),R09,7.0,R09,completed (MMC check-in Aug 3–7),,
2026-08-03,W1,Coty,C-W1D3,Route day,1,Macomb Family Medical Center,Prospect first-touch,Visit / Prospect,Prospect,Wave 2,0,0,PCP,MACOMB,16.0,True,C2-W1 (executed — trued up from Aug 7 MMC export),R03,8.0,R03,completed (MMC check-in Aug 3–7),,
2026-08-03,W1,Coty,C-W1D3,Route day,2,Gregory Gould DO,Prospect first-touch,Visit / Prospect,Prospect,Wave 2,0,0,PCP,Washington,70.0,True,C2-W1 (executed — trued up from Aug 7 MMC export),R03,1.0,R03,completed (MMC check-in Aug 3–7),,
2026-08-03,W1,Coty,C-W1D3,Route day,3,Alliance Washington Township,Prospect first-touch,Visit / Prospect,Prospect,Wave 2,0,0,PCP,Washington,70.0,True,C2-W1 (executed — trued up from Aug 7 MMC export),R03,2.0,R03,completed (MMC check-in Aug 3–7),,
2026-08-03,W1,Coty,C-W1D3,Route day,4,Associated Orthopedists of Detroit-Shelby Township,Ortho cross-sell,Ortho Referrer,Tier 2,Wave 2,0,1,Orthopedic,Shelby Township,9.0,True,C2-W1 (executed — trued up from Aug 7 MMC export),R23,1.0,R23,no check-in by Aug 7 — cadence clock unchanged,,
2026-08-03,W1,Coty,C-W1D3,Route day,5,Alliance - Macomb,Ortho cross-sell,Ortho Referrer,Tier 2,Wave 2,0,2,PCP,Shelby Township,9.0,True,C2-W1 (executed — trued up from Aug 7 MMC export),R23,2.0,R23,no check-in by Aug 7 — cadence clock unchanged,,
2026-08-03,W1,Coty,C-W1D3,Route day,6,Get Well Urgent Care of Shelby,Prospect first-touch,Visit / Prospect,Prospect,Wave 2,0,0,Urgent Care,Shelby Township,9.0,True,C2-W1 (executed — trued up from Aug 7 MMC export),R03,5.0,R03,completed (MMC check-in Aug 3–7),,
2026-08-03,W1,Coty,C-W1D3,Route day,7,Stonebridge Orthopedics,Prospect first-touch,Visit / Prospect,Prospect,Wave 2,0,0,Orthopedic,Shelby Township,9.0,True,C2-W1 (executed — trued up from Aug 7 MMC export),R03,6.0,R03,completed (MMC check-in Aug 3–7),,
2026-08-03,W1,Coty,C-W1D3,Route day,8,Schoenherr Family Practice,Protect,Repeat Spine Referrer,Tier 1,Wave 1,6,8,PCP,Shelby Township,9.0,True,C2-W1 (executed — trued up from Aug 7 MMC export),R03,7.0,R03,completed (MMC check-in Aug 3–7),,
2026-08-03,W1,Coty,C-W1D3,Route day,9,Neuro Pain Consultants - Shelby,Prospect first-touch,Visit / Prospect,Prospect,Wave 2,0,0,Pain,,9.0,True,C2-W1 (executed — trued up from Aug 7 MMC export),R03,4.0,R03,completed (MMC check-in Aug 3–7),,
2026-08-03,W1,Coty,C-W1D3,Route day,10,Washington Family Medicine,Prospect first-touch,Visit / Prospect,Prospect,Wave 2,0,0,PCP,Shelby Township,70.0,True,C2-W1 (executed — trued up from Aug 7 MMC export),R03,3.0,R03,completed (MMC check-in Aug 3–7),,
2026-08-03,W1,Coty,C-W1D4,Route day,1,"Trinity IHA Orthopedics - Brighton,",Prospect first-touch,Visit / Prospect,Prospect,Wave 2,0,0,Orthopedic,Brighton,440.0,True,C2-W1 (executed — trued up from Aug 7 MMC export),R10,1.0,R10,no check-in by Aug 7 — cadence clock unchanged,,
2026-08-03,W1,Coty,C-W1D4,Route day,2,Core Institute - Brighton,Prospect first-touch,Visit / Prospect,Prospect,Wave 2,0,0,Orthopedic,Brighton,93.0,True,C2-W1 (executed — trued up from Aug 7 MMC export),R10,2.0,R10,no check-in by Aug 7 — cadence clock unchanged,,
2026-08-03,W1,Coty,C-W1D4,Route day,3,Restorative Physical Medicine - Brighton,Prospect first-touch,Visit / Prospect,Prospect,Wave 2,0,0,Orthopedic,Brighton,272.0,True,C2-W1 (executed — trued up from Aug 7 MMC export),R10,3.0,R10,no check-in by Aug 7 — cadence clock unchanged,,
2026-08-03,W1,Coty,C-W1D4,Route day,4,Lederman Kwartowitz - Brighton,Prospect first-touch,Visit / Prospect,Prospect,Wave 2,0,0,Orthopedic,Brighton,155.0,True,C2-W1 (executed — trued up from Aug 7 MMC export),R10,4.0,R10,no check-in by Aug 7 — cadence clock unchanged,,
2026-08-03,W1,Coty,C-W1D4,Route day,5,Clarkston Medical Group Adult & Pediatric Medicine,Ortho cross-sell,Ortho Referrer,Tier 2,Wave 2,0,1,PCP,Village of Clarkston,38.0,True,C2-W1 (executed — trued up from Aug 7 MMC export),R26,7.0,R26,no check-in by Aug 7 — cadence clock unchanged,,
2026-08-03,W1,Coty,C-W1D4,Route day,6,North Valley Internal Medicine,Protect,Repeat Spine Referrer,Tier 1,Wave 1,3,3,PCP,Highland Charter Township,0.0,True,C2-W1 (executed — trued up from Aug 7 MMC export),R10,9.0,R10,no check-in by Aug 7 — cadence clock unchanged,,
2026-08-03,W1,Coty,C-W1D4,Route day,7,Providence Family & Athletic Medicine,Prospect first-touch,Visit / Prospect,Prospect,Wave 2,0,0,Orthopedic,Milford,0.0,True,C2-W1 (executed — trued up from Aug 7 MMC export),R10,5.0,R10,no check-in by Aug 7 — cadence clock unchanged,,
2026-08-03,W1,Coty,C-W1D4,Route day,8,Oakland Internal Medicine Associates - Henry Ford,Ortho cross-sell,Ortho Referrer,Tier 2,Wave 2,0,2,PCP,Milford,0.0,True,C2-W1 (executed — trued up from Aug 7 MMC export),R10,6.0,R10,no check-in by Aug 7 — cadence clock unchanged,,
2026-08-03,W1,Coty,C-W1D4,Route day,9,Prime Internal Medicine (MDVIP),Prospect first-touch,Visit / Prospect,Prospect,Wave 2,0,0,PCP,Milford Charter Township,0.0,True,C2-W1 (executed — trued up from Aug 7 MMC export),R10,7.0,R10,no check-in by Aug 7 — cadence clock unchanged,,
2026-08-03,W1,Coty,C-W1D4,Route day,10,DMC Primary and Specialty Care - Milford,Prospect first-touch,Visit / Prospect,Prospect,Wave 2,0,0,PCP,Milford Charter Township,0.0,True,C2-W1 (executed — trued up from Aug 7 MMC export),R10,8.0,R10,no check-in by Aug 7 — cadence clock unchanged,,
2026-08-03,W1,Coty,C-W1D5,Route day,1,Premiere Pediatrics,Reactivate,One Spine Patient,Tier 1,Wave 2,1,1,Pediatrics,City of the Village of Clarkston,616.0,True,C2-W1 (executed — trued up from Aug 7 MMC export),R17,1.0,R17,no check-in by Aug 7 — cadence clock unchanged,,
2026-08-03,W1,Coty,C-W1D5,Route day,2,Michigan Institute for Neurological Disorders (MIND) - Farmington Hills,Cross-sell (other service),Other Patient Referrer,Tier 3,Wave 2,0,2,Pain,Farmington,49.0,True,C2-W1 (executed — trued up from Aug 7 MMC export),R17,3.0,R17,no check-in by Aug 7 — cadence clock unchanged,,
2026-08-03,W1,Coty,C-W1D5,Route day,3,Jagannathan Neurosurgery,Prospect first-touch,Visit / Prospect,Prospect,Wave 2,0,0,Orthopedic,Troy,3.0,True,C2-W1 (executed — trued up from Aug 7 MMC export),R17,4.0,R17,no check-in by Aug 7 — cadence clock unchanged,,
2026-08-03,W1,Coty,C-W1D5,Route day,4,CarePoint Internal Medicine,Prospect first-touch,Visit / Prospect,Prospect,Wave 2,0,0,PCP,Troy,3.0,True,C2-W1 (executed — trued up from Aug 7 MMC export),R17,5.0,R17,no check-in by Aug 7 — cadence clock unchanged,,
2026-08-03,W1,Coty,C-W1D5,Route day,5,Vital Medicine,Ortho cross-sell,Ortho Referrer,Tier 2,Wave 2,0,1,PCP,LIVONIA,27.0,True,C2-W1 (executed — trued up from Aug 7 MMC export),R04,2.0,R04,completed (MMC check-in Aug 3–7),,
2026-08-03,W1,Coty,C-W1D5,Route day,6,Rosemary Aquiler-Angeles MD,Prospect first-touch,Visit / Prospect,Prospect,Wave 2,0,0,PCP,Livonia,27.0,True,C2-W1 (executed — trued up from Aug 7 MMC export),R04,3.0,R04,completed (MMC check-in Aug 3–7),,
2026-08-03,W1,Coty,C-W1D5,Route day,7,Enhance Center - Livonia,Prospect first-touch,Visit / Prospect,Prospect,Wave 2,0,0,Orthopedic,Livonia,486.0,True,C2-W1 (executed — trued up from Aug 7 MMC export),R04,4.0,R04,completed (MMC check-in Aug 3–7),,
2026-08-03,W1,Coty,C-W1D5,Route day,8,"GREAT LAKE PHYSICIANS, PC",Ortho cross-sell,Ortho Referrer,Tier 2,Wave 2,0,1,Orthopedic,LIVONIA,27.0,True,C2-W1 (executed — trued up from Aug 7 MMC export),R04,5.0,R04,completed (MMC check-in Aug 3–7),,
2026-08-03,W1,Coty,C-W1D5,Route day,9,Michigan Physicians Group - Livonia,Prospect first-touch,Visit / Prospect,Prospect,Wave 2,0,0,Pain,Livonia,27.0,True,C2-W1 (executed — trued up from Aug 7 MMC export),R04,6.0,R04,completed (MMC check-in Aug 3–7),,
2026-08-03,W1,Coty,C-W1D5,Route day,10,Faith Internal Medicine & Urgent Care,Protect,Repeat Spine Referrer,Tier 1,Wave 1,2,10,PCP,Livonia,27.0,True,C2-W1 (executed — trued up from Aug 7 MMC export),R04,7.0,R04,completed (MMC check-in Aug 3–7),,
2026-08-03,W1,Jasmine,J-W1D1,Route day,1,Office of Robert Brateman,Ortho cross-sell,Ortho Referrer,Tier 2,Wave 2,0,5,PCP,Novi,23.0,True,C2-W1 (executed — trued up from Aug 7 MMC export),R22,4.0,R22,no check-in by Aug 7 — cadence clock unchanged,,
2026-08-03,W1,Jasmine,J-W1D1,Route day,2,Primecare of Novi,Ortho cross-sell,Ortho Referrer,Tier 2,Wave 2,0,1,Pain,Novi,15.0,True,C2-W1 (executed — trued up from Aug 7 MMC export),R22,6.0,R22,no check-in by Aug 7 — cadence clock unchanged,,
2026-08-03,W1,Jasmine,J-W1D1,Route day,3,ASCENSION MEDICAL GROUP WEST BLOOMFIELD FAMILY PRACTICE,Cross-sell (other service),Other Patient Referrer,Tier 3,Wave 2,0,1,PCP,NOVI,1.0,True,C2-W1 (executed — trued up from Aug 7 MMC export),R02,3.0,R02,no check-in by Aug 7 — cadence clock unchanged,,
2026-08-03,W1,Jasmine,J-W1D1,Route day,4,Novi Medicine,Cross-sell (other service),Other Patient Referrer,Tier 3,Wave 2,0,4,PCP,NOVI,1.0,True,C2-W1 (executed — trued up from Aug 7 MMC export),R02,5.0,R02,completed (MMC check-in Aug 3–7),,
2026-08-03,W1,Jasmine,J-W1D1,Route day,5,DMC SPORTS MEDICINE NOVI,Protect,Repeat Spine Referrer,Tier 1,Wave 1,7,7,Orthopedic,NOVI,22.0,True,C2-W1 (executed — trued up from Aug 7 MMC export),R02,7.0,R02,no check-in by Aug 7 — cadence clock unchanged,,
2026-08-03,W1,Jasmine,J-W1D1,Route day,6,WEST OAKLAND INTERNISTS,Ortho cross-sell,Ortho Referrer,Tier 2,Wave 2,0,7,PCP,NOVI,6.0,True,C2-W1 (executed — trued up from Aug 7 MMC export),R02,8.0,R02,completed (MMC check-in Aug 3–7),,
2026-08-03,W1,Jasmine,J-W1D1,Route day,7,Henry Ford Family Medicine/Internal Medicine  - Novi,Prospect first-touch,Visit / Prospect,Prospect,Wave 2,0,0,Pain,Novi,42.0,True,C2-W1 (executed — trued up from Aug 7 MMC export),R02,1.0,R02,no check-in by Aug 7 — cadence clock unchanged,,
2026-08-03,W1,Jasmine,J-W1D1,Route day,8,Henry Ford Pain Clinic - Novi,Prospect first-touch,Visit / Prospect,Prospect,Wave 2,0,0,Pain,Novi,22.0,True,C2-W1 (executed — trued up from Aug 7 MMC export),R02,2.0,R02,no check-in by Aug 7 — cadence clock unchanged,,
2026-08-03,W1,Jasmine,J-W1D1,Route day,9,VillageMD Eastern Michigan,Prospect first-touch,Visit / Prospect,Prospect,Wave 2,0,0,PCP,Novi,1.0,True,C2-W1 (executed — trued up from Aug 7 MMC export),R02,4.0,R02,completed (MMC check-in Aug 3–7),,
2026-08-03,W1,Jasmine,J-W1D1,Route day,10,Village Medical - Novi,Ortho cross-sell,Ortho Referrer,Tier 2,Wave 2,0,3,Pain,Novi,23.0,True,C2-W1 (executed — trued up from Aug 7 MMC export),R02,6.0,R02,completed (MMC check-in Aug 3–7),,
2026-08-03,W1,Jasmine,J-W1D2,Route day,1,Park Medical Centers - Canton,Protect,Repeat Spine Referrer,Tier 1,Wave 1,5,9,PCP,CANTON,14.0,True,C2-W1 (executed — trued up from Aug 7 MMC export),R03,3.0,R03,completed (MMC check-in Aug 3–7),,
2026-08-03,W1,Jasmine,J-W1D2,Route day,2,Corewell Health Wayne Hospital Family Medicine -  Canton,Convert to repeat,One Spine Patient,Tier 1,Wave 1,1,3,PCP,CANTON,44.0,True,C2-W1 (executed — trued up from Aug 7 MMC export),R03,4.0,R03,completed (MMC check-in Aug 3–7),,
2026-08-03,W1,Jasmine,J-W1D2,Route day,3,Corewell Health Wayne Hospital Internal Medicine - Canton,Ortho cross-sell,Ortho Referrer,Tier 2,Wave 2,0,5,PCP,CANTON,14.0,True,C2-W1 (executed — trued up from Aug 7 MMC export),R03,5.0,R03,completed (MMC check-in Aug 3–7),,
2026-08-03,W1,Jasmine,J-W1D2,Route day,4,Integrative Medicine & Hijama Clinic,Prospect first-touch,Visit / Prospect,Prospect,Wave 2,0,0,PCP,Canton,10.0,True,C2-W1 (executed — trued up from Aug 7 MMC export),R03,1.0,R03,completed (MMC check-in Aug 3–7),,
2026-08-03,W1,Jasmine,J-W1D2,Route day,5,Brackney Chiropractic,Prospect first-touch,Visit / Prospect,Prospect,Wave 2,0,0,Chiropractor,Canton,14.0,True,C2-W1 (executed — trued up from Aug 7 MMC export),R03,2.0,R03,completed (MMC check-in Aug 3–7),,
2026-08-03,W1,Jasmine,J-W1D2,Route day,6,MDWell,Prospect first-touch,Visit / Prospect,Prospect,Wave 2,0,0,PCP,Canton,35.0,True,C2-W1 (executed — trued up from Aug 7 MMC export),R03,6.0,R03,no check-in by Aug 7 — cadence clock unchanged,,
2026-08-03,W1,Jasmine,J-W1D2,Route day,7,Canton Family Medicine,Prospect first-touch,Visit / Prospect,Prospect,Wave 2,0,0,PCP,Canton,14.0,True,C2-W1 (executed — trued up from Aug 7 MMC export),R03,7.0,R03,completed (MMC check-in Aug 3–7),,
2026-08-03,W1,Jasmine,J-W1D2,Route day,8,Michigan family Wellness,Prospect first-touch,Visit / Prospect,Prospect,Wave 2,0,0,Chiropractor,Canton,10.0,True,C2-W1 (executed — trued up from Aug 7 MMC export),R03,8.0,R03,completed (MMC check-in Aug 3–7),,
2026-08-03,W1,Jasmine,J-W1D2,Route day,9,CANTON URGENT CARE,Prospect first-touch,Visit / Prospect,Prospect,Wave 2,0,0,Orthopedic,Canton,1.0,True,C2-W1 (executed — trued up from Aug 7 MMC export),R03,9.0,R03,no check-in by Aug 7 — cadence clock unchanged,,
2026-08-03,W1,Jasmine,J-W1D2,Route day,10,CANTON FOOT & Ankle SPECIALISTS,Ortho cross-sell,Ortho Referrer,Tier 2,Wave 2,0,1,Podiatry,Canton,182.0,True,C2-W1 (executed — trued up from Aug 7 MMC export),R03,10.0,R03,completed (MMC check-in Aug 3–7),,
2026-08-03,W1,Jasmine,J-W1D3,Route day,1,Garden City urgent care/primary care,Prospect first-touch,Visit / Prospect,Prospect,Wave 2,0,0,Urgent Care,Garden City,64.0,True,C2-W1 (executed — trued up from Aug 7 MMC export),R06,1.0,R06,no check-in by Aug 7 — cadence clock unchanged,,
2026-08-03,W1,Jasmine,J-W1D3,Route day,2,ASSOCIATES IN INTERNAL MEDICINE SPECIALTIES,Prospect first-touch,Visit / Prospect,Prospect,Wave 2,0,0,PCP,Garden City,31.0,True,C2-W1 (executed — trued up from Aug 7 MMC export),R06,2.0,R06,no check-in by Aug 7 — cadence clock unchanged,,
2026-08-03,W1,Jasmine,J-W1D3,Route day,3,"MEDICAL GROUP PRACTICE, PC (Olympia health)",Ortho cross-sell,Ortho Referrer,Tier 2,Wave 2,0,1,PCP,LIVONIA,135.0,True,C2-W1 (executed — trued up from Aug 7 MMC export),R06,5.0,R06,no check-in by Aug 7 — cadence clock unchanged,,
2026-08-03,W1,Jasmine,J-W1D3,Route day,4,Fox Michael DO,Prospect first-touch,Visit / Prospect,Prospect,Wave 2,0,0,PCP,Livonia,27.0,True,C2-W1 (executed — trued up from Aug 7 MMC export),R06,3.0,R06,no check-in by Aug 7 — cadence clock unchanged,,
2026-08-03,W1,Jasmine,J-W1D3,Route day,5,Synergy Medical Primary Care,Protect,Repeat Spine Referrer,Tier 1,Wave 1,4,19,PCP,Livonia,8.0,True,C2-W1 (executed — trued up from Aug 7 MMC export),R06,4.0,R06,no check-in by Aug 7 — cadence clock unchanged,,
2026-08-03,W1,Jasmine,J-W1D3,Route day,6,"SEEMAB GUL KHAN, MD, PC",Prospect first-touch,Visit / Prospect,Prospect,Wave 2,0,0,Orthopedic,Livonia,20.0,True,C2-W1 (executed — trued up from Aug 7 MMC export),R06,6.0,R06,no check-in by Aug 7 — cadence clock unchanged,,
2026-08-03,W1,Jasmine,J-W1D3,Route day,7,ATI,Prospect first-touch,Visit / Prospect,Prospect,Wave 2,0,0,PT,Livonia,8.0,True,C2-W1 (executed — trued up from Aug 7 MMC export),R06,7.0,R06,no check-in by Aug 7 — cadence clock unchanged,,
2026-08-03,W1,Jasmine,J-W1D3,Route day,8,The Joint Chiropractic - Livonia,Prospect first-touch,Visit / Prospect,Prospect,Wave 2,0,0,Chiropractor,Livonia,27.0,True,C2-W1 (executed — trued up from Aug 7 MMC export),R06,8.0,R06,no check-in by Aug 7 — cadence clock unchanged,,
2026-08-03,W1,Jasmine,J-W1D3,Route day,9,1st choice Urgent Care Livonia,Prospect first-touch,Visit / Prospect,Prospect,Wave 2,0,0,Urgent Care,Livonia,37.0,True,C2-W1 (executed — trued up from Aug 7 MMC export),R06,9.0,R06,no check-in by Aug 7 — cadence clock unchanged,,
2026-08-03,W1,Jasmine,J-W1D3,Route day,10,Livonia Family Medical Center,Convert to repeat,One Spine Patient,Tier 1,Wave 1,1,3,PCP,Livonia,20.0,True,C2-W1 (executed — trued up from Aug 7 MMC export),R06,10.0,R06,no check-in by Aug 7 — cadence clock unchanged,,
2026-08-03,W1,Jasmine,J-W1D4,Route day,1,"IMMEDIATE CARE MEDICAL CENTER, PC",Prospect first-touch,Visit / Prospect,Prospect,Wave 2,0,0,PCP,FARMINGTON HILLS,66.0,True,C2-W1 (executed — trued up from Aug 7 MMC export),R11,5.0,R11,no check-in by Aug 7 — cadence clock unchanged,,
2026-08-03,W1,Jasmine,J-W1D4,Route day,2,Glazer Spine Center- use,Prospect first-touch,Visit / Prospect,Prospect,Wave 2,0,0,Chiropractor,Southfield,7.0,True,C2-W1 (executed — trued up from Aug 7 MMC export),R11,2.0,R11,no check-in by Aug 7 — cadence clock unchanged,,
2026-08-03,W1,Jasmine,J-W1D4,Route day,3,FARMBROOK INTERVENTIONAL PAIN AND EMG,Prospect first-touch,Visit / Prospect,Prospect,Wave 2,0,0,Pain,SOUTHFIELD,15.0,True,C2-W1 (executed — trued up from Aug 7 MMC export),R11,1.0,R11,no check-in by Aug 7 — cadence clock unchanged,,
2026-08-03,W1,Jasmine,J-W1D4,Route day,4,Leonard Sahn MD,Prospect first-touch,Visit / Prospect,Prospect,Wave 2,0,0,PCP,Southfield,15.0,True,C2-W1 (executed — trued up from Aug 7 MMC export),R11,3.0,R11,no check-in by Aug 7 — cadence clock unchanged,,
2026-08-03,W1,Jasmine,J-W1D4,Route day,5,Premier Medicine Medical Center - Livonia,Protect,Repeat Spine Referrer,Tier 1,Wave 1,2,7,Urgent Care,Livonia,20.0,True,C2-W1 (executed — trued up from Aug 7 MMC export),R11,6.0,R11,no check-in by Aug 7 — cadence clock unchanged,,
2026-08-03,W1,Jasmine,J-W1D4,Route day,6,Botsford General Hospital,Prospect first-touch,Visit / Prospect,Prospect,Wave 2,0,0,PCP,Livonia,20.0,True,C2-W1 (executed — trued up from Aug 7 MMC export),R11,7.0,R11,no check-in by Aug 7 — cadence clock unchanged,,
2026-08-03,W1,Jasmine,J-W1D4,Route day,7,Corewell Health Urgent Care,Prospect first-touch,Visit / Prospect,Prospect,Wave 2,0,0,Urgent Care,FARMINGTON HILLS,66.0,True,C2-W1 (executed — trued up from Aug 7 MMC export),R11,8.0,R11,no check-in by Aug 7 — cadence clock unchanged,,
2026-08-03,W1,Jasmine,J-W1D4,Route day,8,MICHIGAN ORTHOPEDIC SPECIALISTS - Farmington Hills,Prospect first-touch,Visit / Prospect,Prospect,Wave 2,0,0,Orthopedic,FARMINGTON HILLS,14.0,True,C2-W1 (executed — trued up from Aug 7 MMC export),R11,9.0,R11,no check-in by Aug 7 — cadence clock unchanged,,
2026-08-03,W1,Jasmine,J-W1D4,Route day,9,SPECIALISTS IN SPINE SURGERY - Farmington Hills,Prospect first-touch,Visit / Prospect,Prospect,Wave 2,0,0,Orthopedic,FARMINGTON HILLS,154.0,True,C2-W1 (executed — trued up from Aug 7 MMC export),R11,10.0,R11,no check-in by Aug 7 — cadence clock unchanged,,
2026-08-03,W1,Jasmine,J-W1D4,Route day,10,Pain Clinic of Michigan,Prospect first-touch,Visit / Prospect,Prospect,Wave 2,0,0,Pain,Farmington Hills,57.0,True,C2-W1 (executed — trued up from Aug 7 MMC export),R11,4.0,R11,no check-in by Aug 7 — cadence clock unchanged,,
2026-08-03,W1,Jasmine,J-W1D5,Route day,1,EASTPOINTE URGENT CARE,Prospect first-touch,Visit / Prospect,Prospect,Wave 2,0,0,Orthopedic,EASTPOINTE,65.0,True,C2-W1 (executed — trued up from Aug 7 MMC export),R08,7.0,R08,no check-in by Aug 7 — cadence clock unchanged,,
2026-08-03,W1,Jasmine,J-W1D5,Route day,2,Tri County Neurology,Ortho cross-sell,Ortho Referrer,Tier 2,Wave 2,0,1,Neurology,Eastpointe,65.0,True,C2-W1 (executed — trued up from Aug 7 MMC export),R08,6.0,R08,no check-in by Aug 7 — cadence clock unchanged,,
2026-08-03,W1,Jasmine,J-W1D5,Route day,3,City Medical - Madison Heights,Prospect first-touch,Visit / Prospect,Prospect,Wave 2,0,0,Urgent Care,Madison Heights,105.0,True,C2-W1 (executed — trued up from Aug 7 MMC export),R08,9.0,R08,no check-in by Aug 7 — cadence clock unchanged,,
2026-08-03,W1,Jasmine,J-W1D5,Route day,4,Core Institute/Henry Ford Motor City Orthopedics & PT- Southfield,Convert to repeat,One Spine Patient,Tier 1,Wave 1,1,1,Orthopedic,Southfield,7.0,True,C2-W1 (executed — trued up from Aug 7 MMC export),R08,10.0,R08,no check-in by Aug 7 — cadence clock unchanged,,
2026-08-03,W1,Jasmine,J-W1D5,Route day,5,Dedicated Senior Medical Center - Warren,Ortho cross-sell,Ortho Referrer,Tier 2,Wave 2,0,6,Orthopedic,Warren,21.0,True,C2-W1 (executed — trued up from Aug 7 MMC export),R08,8.0,R08,no check-in by Aug 7 — cadence clock unchanged,,
2026-08-03,W1,Jasmine,J-W1D5,Route day,6,"EASTBORN CLINIC, PLLC",Prospect first-touch,Visit / Prospect,Prospect,Wave 2,0,0,PCP,DEARBORN,45.0,True,C2-W1 (executed — trued up from Aug 7 MMC export),R08,1.0,R08,no check-in by Aug 7 — cadence clock unchanged,,
2026-08-03,W1,Jasmine,J-W1D5,Route day,7,"APPOLINE MEDICAL CLINIC, PC",Prospect first-touch,Visit / Prospect,Prospect,Wave 2,0,0,Orthopedic,Dearborn,2.0,True,C2-W1 (executed — trued up from Aug 7 MMC export),R08,2.0,R08,no check-in by Aug 7 — cadence clock unchanged,,
2026-08-03,W1,Jasmine,J-W1D5,Route day,8,Wayne state Internal Medicine,Prospect first-touch,Visit / Prospect,Prospect,Wave 2,0,0,PCP,Detroit,78.0,True,C2-W1 (executed — trued up from Aug 7 MMC export),R08,3.0,R08,no check-in by Aug 7 — cadence clock unchanged,,
2026-08-03,W1,Jasmine,J-W1D5,Route day,9,Park Medical Center (Medicaid),Reactivate,One Spine Patient,Tier 1,Wave 1,1,2,PCP,Detroit,83.0,True,C2-W1 (executed — trued up from Aug 7 MMC export),R08,4.0,R08,no check-in by Aug 7 — cadence clock unchanged,,
2026-08-03,W1,Jasmine,J-W1D5,Route day,10,Dedicated Senior Medical Center East Jefferson,Prospect first-touch,Visit / Prospect,Prospect,Wave 2,0,0,PCP,Detroit,21.0,True,C2-W1 (executed — trued up from Aug 7 MMC export),R08,5.0,R08,no check-in by Aug 7 — cadence clock unchanged,,
2026-08-03,W1,Kristen,K-W1D1,Route day,1,Pioneer Medical Associates - Warren,Ortho cross-sell · new-PL intro,Ortho Referrer,Tier 2,Core Sterling / Macomb Lane,0,2,PCP,Warren,56.0,True,C2-W1 (executed — trued up from Aug 7 MMC export),R19,4.0,R19,completed (MMC check-in Aug 3–7),,
2026-08-03,W1,Kristen,K-W1D1,Route day,2,Horizon Care Medical Group - Warren,Ortho cross-sell · new-PL intro,Ortho Referrer,Tier 2,Core Sterling / Macomb Lane,0,1,PCP,Warren,72.0,True,C2-W1 (executed — trued up from Aug 7 MMC export),R19,2.0,R19,completed (MMC check-in Aug 3–7),,
2026-08-03,W1,Kristen,K-W1D1,Route day,3,Get Well Urgent Care - Warren,Ortho cross-sell · new-PL intro,Ortho Referrer,Tier 2,Core Sterling / Macomb Lane,0,1,Urgent Care,Warren,83.0,True,C2-W1 (executed — trued up from Aug 7 MMC export),R19,3.0,R19,completed (MMC check-in Aug 3–7),,
2026-08-03,W1,Kristen,K-W1D1,Route day,4,Ryan Medical Associates,Protect (LAPSED) · new-PL intro,Repeat Spine Referrer,Tier 1,Core Sterling / Macomb Lane,2,3,PCP,Warren,87.0,True,C2-W1 (executed — trued up from Aug 7 MMC export),R19,1.0,R19,completed (MMC check-in Aug 3–7),,
2026-08-03,W1,Kristen,K-W1D1,Route day,5,"DIAB AND KINNER INTERNAL MEDICINE, PC- use",Reactivate · new-PL intro,One Spine Patient,Tier 1,Core Sterling / Macomb Lane,1,1,PCP,WARREN,114.0,True,C2-W1 (executed — trued up from Aug 7 MMC export),R19,7.0,R19,completed (MMC check-in Aug 3–7),,
2026-08-03,W1,Kristen,K-W1D1,Route day,6,Michigan Compassionate Care,Protect (LAPSED) · new-PL intro,Repeat Spine Referrer,Tier 1,Named Sean Priority,2,9,PCP,Warren,127.0,True,C2-W1 (executed — trued up from Aug 7 MMC export),R19,5.0,R19,completed (MMC check-in Aug 3–7),,
2026-08-03,W1,Kristen,K-W1D1,Route day,7,Michigan Adult and Child Medicine,Ortho cross-sell · new-PL intro,Ortho Referrer,Tier 2,Core Sterling / Macomb Lane,0,4,PCP,Warren,114.0,True,C2-W1 (executed — trued up from Aug 7 MMC export),R19,6.0,R19,completed (MMC check-in Aug 3–7),,
2026-08-03,W1,Kristen,K-W1D1,Route day,8,MI Family Practice,Protect · new-PL intro,Repeat Spine Referrer,Tier 1,Named Sean Priority,3,8,PCP,Warren,7.0,True,C2-W1 (executed — trued up from Aug 7 MMC export),R19,8.0,R19,no check-in by Aug 7 — cadence clock unchanged,,
2026-08-03,W1,Kristen,K-W1D1,Route day,9,Henry Ford Medical Center - Warren,Prospect first-touch · new-PL intro,Visit / Prospect,Prospect,Named Sean Priority,0,0,PCP,Warren,51.0,True,C2-W1 (executed — trued up from Aug 7 MMC export),R19,9.0,R19,completed (MMC check-in Aug 3–7),,
2026-08-03,W1,Kristen,K-W1D1,Route day,10,Get Well Urgent Care - Sterling Heights,Convert to repeat · new-PL intro,One Spine Patient,Tier 1,Core Sterling / Macomb Lane,1,2,Urgent Care,Sterling Heights,42.0,True,C2-W1 (executed — trued up from Aug 7 MMC export),R19,10.0,R19,completed (MMC check-in Aug 3–7),,
2026-08-03,W1,Kristen,K-W1D2,Route day,1,Get Well Urgent Care Madison Heights,Protect (LAPSED) · new-PL intro,Repeat Spine Referrer,Tier 1,Outside Sean Focus – Review,2,3,Urgent Care,Madison Heights,113.0,True,C2-W1 (executed — trued up from Aug 7 MMC export),R20,4.0,R20,completed (MMC check-in Aug 3–7),,
2026-08-03,W1,Kristen,K-W1D2,Route day,2,Berkley Urgent Care,Reactivate · new-PL intro,One Spine Patient,Tier 1,Outside Sean Focus – Review,1,3,Urgent Care,Berkley,115.0,True,C2-W1 (executed — trued up from Aug 7 MMC export),R20,2.0,R20,completed (MMC check-in Aug 3–7),,
2026-08-03,W1,Kristen,K-W1D2,Route day,3,Brigid Healthcare,Protect (LAPSED) · new-PL intro,Repeat Spine Referrer,Tier 1,Outside Sean Focus – Review,2,3,PCP,Troy,93.0,True,C2-W1 (executed — trued up from Aug 7 MMC export),R20,10.0,R20,completed (MMC check-in Aug 3–7),,
2026-08-03,W1,Kristen,K-W1D2,Route day,4,Wattles Internal Medicine- use,Ortho cross-sell · new-PL intro,Ortho Referrer,Tier 2,Outside Sean Focus – Review,0,1,PCP,Troy,41.0,True,C2-W1 (executed — trued up from Aug 7 MMC export),R20,9.0,R20,completed (MMC check-in Aug 3–7),,
2026-08-03,W1,Kristen,K-W1D2,Route day,5,South Lyon Family Docs,Ortho cross-sell · new-PL intro,Ortho Referrer,Tier 2,Outside Sean Focus – Review,0,1,PCP,South Lyon,134.0,True,C2-W1 (executed — trued up from Aug 7 MMC export),R20,1.0,R20,completed (MMC check-in Aug 3–7),,
2026-08-03,W1,Kristen,K-W1D2,Route day,6,Downriver Internists,Ortho cross-sell · new-PL intro,Ortho Referrer,Tier 2,Outside Sean Focus – Review,0,2,PCP,Oak Park,85.0,True,C2-W1 (executed — trued up from Aug 7 MMC export),R20,3.0,R20,completed (MMC check-in Aug 3–7),,
2026-08-03,W1,Kristen,K-W1D2,Route day,7,Elite Family Medicine,Ortho cross-sell · new-PL intro,Ortho Referrer,Tier 2,Core Sterling / Macomb Lane,0,1,PCP,Sterling Heights,42.0,True,C2-W1 (executed — trued up from Aug 7 MMC export),R20,5.0,R20,completed (MMC check-in Aug 3–7),,
2026-08-03,W1,Kristen,K-W1D2,Route day,8,Kashat Urgent care,Convert to repeat · new-PL intro,One Spine Patient,Tier 1,Core Sterling / Macomb Lane,1,1,Urgent Care,Sterling Heights,42.0,True,C2-W1 (executed — trued up from Aug 7 MMC export),R20,6.0,R20,completed (MMC check-in Aug 3–7),,
2026-08-03,W1,Kristen,K-W1D2,Route day,9,Sterling Physicians,Convert to repeat · new-PL intro,One Spine Patient,Tier 1,Core Sterling / Macomb Lane,1,1,PCP,Sterling Heights,42.0,True,C2-W1 (executed — trued up from Aug 7 MMC export),R20,7.0,R20,completed (MMC check-in Aug 3–7),,
2026-08-03,W1,Kristen,K-W1D2,Route day,10,Tri-County Medical Clinic,Reactivate · new-PL intro,One Spine Patient,Tier 1,Core Sterling / Macomb Lane,1,2,PCP,Sterling Heights,106.0,True,C2-W1 (executed — trued up from Aug 7 MMC export),R20,8.0,R20,completed (MMC check-in Aug 3–7),,
2026-08-03,W1,Kristen,K-W1D3,Route day,1,DEIGHTON FAMILY PRACTICE - use this one,Convert to repeat,One Spine Patient,Tier 1,Wave 2,1,3,PCP,SOUTHFIELD,48.0,True,C2-W1 (executed — trued up from Aug 7 MMC export),R05,7.0,R05,completed (MMC check-in Aug 3–7),,
2026-08-03,W1,Kristen,K-W1D3,Route day,2,Corewell Urgent Care - Royal Oak,Cross-sell (other service),Other Patient Referrer,Tier 3,Wave 2,0,1,Urgent Care,Royal Oak,56.0,True,C2-W1 (executed — trued up from Aug 7 MMC export),R05,2.0,R05,completed (MMC check-in Aug 3–7),,
2026-08-03,W1,Kristen,K-W1D3,Route day,3,Ross Gilders Law,Reactivate,One Spine Patient,Tier 1,Wave 2,1,3,Attorney / Legal,Royal Oak,105.0,True,C2-W1 (executed — trued up from Aug 7 MMC export),R05,3.0,R05,completed (MMC check-in Aug 3–7),,
2026-08-03,W1,Kristen,K-W1D3,Route day,4,Pavilion Family Practice - use this one,Ortho cross-sell,Ortho Referrer,Tier 2,Wave 2,0,1,PCP,SOUTHFIELD,49.0,True,C2-W1 (executed — trued up from Aug 7 MMC export),R05,5.0,R05,completed (MMC check-in Aug 3–7),,
2026-08-03,W1,Kristen,K-W1D3,Route day,5,Superior Family Medicine - Health Venters Detroit -use this onea,Ortho cross-sell,Ortho Referrer,Tier 2,Wave 2,0,2,PCP,Southfield,49.0,True,C2-W1 (executed — trued up from Aug 7 MMC export),R05,4.0,R05,completed (MMC check-in Aug 3–7),,
2026-08-03,W1,Kristen,K-W1D3,Route day,6,APH - Pavillion IM Use this one,Ortho cross-sell,Ortho Referrer,Tier 2,Wave 2,0,1,PCP,Southfield,48.0,True,C2-W1 (executed — trued up from Aug 7 MMC export),R05,6.0,R05,completed (MMC check-in Aug 3–7),,
2026-08-03,W1,Kristen,K-W1D3,Route day,7,Kajy Law,Protect,Repeat Spine Referrer,Tier 1,Wave 1,5,5,Attorney / Legal,Southfield,17.0,True,C2-W1 (executed — trued up from Aug 7 MMC export),R05,8.0,R05,completed (MMC check-in Aug 3–7),,
2026-08-03,W1,Kristen,K-W1D3,Route day,8,SOUTHFIELD MEDICAL CLINIC AND PREMIER URGENT CARE AND WALK IN CLINIC,Convert to repeat,One Spine Patient,Tier 1,Wave 2,1,1,Urgent Care,SOUTHFIELD,45.0,True,C2-W1 (executed — trued up from Aug 7 MMC export),R05,9.0,R05,completed (MMC check-in Aug 3–7),,
2026-08-03,W1,Kristen,K-W1D3,Route day,9,Sterling Family Medicine,Ortho cross-sell,Ortho Referrer,Tier 2,Wave 2,0,2,PCP,Warren,3.0,True,C2-W1 (executed — trued up from Aug 7 MMC export),R12,6.0,R12,no check-in by Aug 7 — cadence clock unchanged,,
2026-08-03,W1,Kristen,K-W1D3,Route day,10,Plumbrook Medical Center,Ortho cross-sell,Ortho Referrer,Tier 2,Wave 2,0,1,PCP,Sterling Heights,24.0,True,C2-W1 (executed — trued up from Aug 7 MMC export),R12,9.0,R12,no check-in by Aug 7 — cadence clock unchanged,,
2026-08-03,W1,Kristen,K-W1D4,Route day,1,Beaumont Family Medicine - Sterling Heights,Cross-sell (other service) · new-PL intro,Other Patient Referrer,Tier 3,Named Sean Priority,0,1,PCP,Sterling Heights,36.0,True,C2-W1 (executed — trued up from Aug 7 MMC export),R21,3.0,R21,no check-in by Aug 7 — cadence clock unchanged,,
2026-08-03,W1,Kristen,K-W1D4,Route day,2,Macomb Internal Medicine,Protect · new-PL intro,Repeat Spine Referrer,Tier 1,Named Sean Priority,4,4,PCP,Clinton Township,6.0,True,C2-W1 (executed — trued up from Aug 7 MMC export),R21,7.0,R21,no check-in by Aug 7 — cadence clock unchanged,,
2026-08-03,W1,Kristen,K-W1D4,Route day,3,David S Weingarden MD & Associates,Ortho cross-sell · new-PL intro,Ortho Referrer,Tier 2,Core Sterling / Macomb Lane,0,1,Orthopedic,Clinton Township,112.0,True,C2-W1 (executed — trued up from Aug 7 MMC export),R21,8.0,R21,no check-in by Aug 7 — cadence clock unchanged,,
2026-08-03,W1,Kristen,K-W1D4,Route day,4,Office of David Mandy DO,Ortho cross-sell · new-PL intro,Ortho Referrer,Tier 2,Core Sterling / Macomb Lane,0,1,Pediatrics,Macomb Township,63.0,True,C2-W1 (executed — trued up from Aug 7 MMC export),R21,9.0,R21,no check-in by Aug 7 — cadence clock unchanged,,
2026-08-03,W1,Kristen,K-W1D4,Route day,5,Academic Internal Medicine (Ascension),Cross-sell (other service) · new-PL intro,Other Patient Referrer,Tier 3,Outside Sean Focus – Review,0,1,PCP,Washington,121.0,True,C2-W1 (executed — trued up from Aug 7 MMC export),R21,10.0,R21,no check-in by Aug 7 — cadence clock unchanged,,
2026-08-03,W1,Kristen,K-W1D4,Route day,6,Toma & Yaldo Medical Center,Ortho cross-sell · new-PL intro,Ortho Referrer,Tier 2,Core Sterling / Macomb Lane,0,1,PCP,Sterling Heights,120.0,True,C2-W1 (executed — trued up from Aug 7 MMC export),R21,1.0,R21,no check-in by Aug 7 — cadence clock unchanged,,
2026-08-03,W1,Kristen,K-W1D4,Route day,7,Sterling Heights Urgent Care,Ortho cross-sell · new-PL intro,Ortho Referrer,Tier 2,Core Sterling / Macomb Lane,0,3,Urgent Care,Sterling Heights,78.0,True,C2-W1 (executed — trued up from Aug 7 MMC export),R21,5.0,R21,no check-in by Aug 7 — cadence clock unchanged,,
2026-08-03,W1,Kristen,K-W1D4,Route day,8,Schoenherr Parkway Family Practice,Reactivate · new-PL intro,One Spine Patient,Tier 1,Core Sterling / Macomb Lane,1,3,PCP,Sterling Heights,78.0,True,C2-W1 (executed — trued up from Aug 7 MMC export),R21,6.0,R21,no check-in by Aug 7 — cadence clock unchanged,,
2026-08-03,W1,Kristen,K-W1D4,Route day,9,Michigan Primary Care - Sterling Heights,Convert to repeat · new-PL intro,One Spine Patient,Tier 1,Core Sterling / Macomb Lane,1,1,PCP,Sterling Heights,42.0,True,C2-W1 (executed — trued up from Aug 7 MMC export),R21,2.0,R21,no check-in by Aug 7 — cadence clock unchanged,,
2026-08-03,W1,Kristen,K-W1D4,Route day,10,Associates in Family Practice,Convert to repeat · new-PL intro,One Spine Patient,Tier 1,Named Sean Priority,1,2,PCP,Sterling Heights,41.0,True,C2-W1 (executed — trued up from Aug 7 MMC export),R21,4.0,R21,no check-in by Aug 7 — cadence clock unchanged,,
2026-08-03,W1,Kristen,K-W1D5,Route day,1,Henry Ford Health Medical Center - Seven Mile Road,Convert to repeat,One Spine Patient,Tier 1,Wave 2,1,3,PCP,LIVONIA,16.0,True,C2-W1 (executed — trued up from Aug 7 MMC export),R08,9.0,R08,no check-in by Aug 7 — cadence clock unchanged,,
2026-08-03,W1,Kristen,K-W1D5,Route day,2,ARBOR LANE FAMILY PHYSICIANS,Reactivate,One Spine Patient,Tier 1,Wave 2,1,2,PCP,REDFORD,76.0,True,C2-W1 (executed — trued up from Aug 7 MMC export),R15,5.0,R15,no check-in by Aug 7 — cadence clock unchanged,,
2026-08-03,W1,Kristen,K-W1D5,Route day,3,Primal Recovery and PT,Ortho cross-sell,Ortho Referrer,Tier 2,Wave 2,0,4,PT,Livonia,16.0,True,C2-W1 (executed — trued up from Aug 7 MMC export),R08,2.0,R08,no check-in by Aug 7 — cadence clock unchanged,,
2026-08-03,W1,Kristen,K-W1D5,Route day,4,Brentwood Pediatric Associates,Convert to repeat,One Spine Patient,Tier 1,Wave 2,1,11,Pediatrics,Livonia,16.0,True,C2-W1 (executed — trued up from Aug 7 MMC export),R08,7.0,R08,no check-in by Aug 7 — cadence clock unchanged,,
2026-08-03,W1,Kristen,K-W1D5,Route day,5,Village Medical - Livonia,Protect,Repeat Spine Referrer,Tier 1,Wave 1,2,6,PCP,Livonia,16.0,True,C2-W1 (executed — trued up from Aug 7 MMC export),R08,8.0,R08,no check-in by Aug 7 — cadence clock unchanged,,
2026-08-03,W1,Kristen,K-W1D5,Route day,6,"AGHA INTERNAL MEDICINE AND ASSOCIATES, PC",Convert to repeat,One Spine Patient,Tier 1,Wave 2,1,3,PCP,LIVONIA,17.0,True,C2-W1 (executed — trued up from Aug 7 MMC export),R08,6.0,R08,no check-in by Aug 7 — cadence clock unchanged,,
2026-08-03,W1,Kristen,K-W1D5,Route day,7,Dr. Robin’s Heath and Wellness Center,Ortho cross-sell,Ortho Referrer,Tier 2,Wave 2,0,1,PCP,Livonia,17.0,True,C2-W1 (executed — trued up from Aug 7 MMC export),R08,3.0,R08,no check-in by Aug 7 — cadence clock unchanged,,
2026-08-03,W1,Kristen,K-W1D5,Route day,8,Hermann Banks MD PC,Protect,Repeat Spine Referrer,Tier 1,Wave 1,3,3,Neurology,Livonia,17.0,True,C2-W1 (executed — trued up from Aug 7 MMC export),R08,4.0,R08,no check-in by Aug 7 — cadence clock unchanged,,
2026-08-03,W1,Kristen,K-W1D5,Route day,9,iTest Health Family Medicine,Ortho cross-sell,Ortho Referrer,Tier 2,Wave 2,0,2,PCP,Livonia,17.0,True,C2-W1 (executed — trued up from Aug 7 MMC export),R08,5.0,R08,no check-in by Aug 7 — cadence clock unchanged,,
2026-08-03,W1,Kristen,K-W1D5,Route day,10,BETTER HEALTH CLINIC,Prospect first-touch,Visit / Prospect,Prospect,Wave 2,0,0,PCP,WESTLAND,10.0,True,C2-W1 (executed — trued up from Aug 7 MMC export),R08,1.0,R08,no check-in by Aug 7 — cadence clock unchanged,,
2026-08-10,W2,Coty,C-W2D1,Route day,1,MI Family Practice,Protect (LAPSED) · new-PL intro,Repeat Spine Referrer,Tier 1,Named Sean Priority,3,8,PCP,Warren,32.0,True,"C2 (Aug 7 refresh: actuals-seeded, territory v3)",R04,2.0,R04,,"42.52098,-83.01292",True
2026-08-10,W2,Coty,C-W2D1,Route day,2,The Family Doctor,Protect (LAPSED),Repeat Spine Referrer,Tier 1,Wave 1,2,3,PCP,Clinton Township,31.0,True,"C2 (Aug 7 refresh: actuals-seeded, territory v3)",R02,1.0,R02,,"42.56722,-82.96555",True
2026-08-10,W2,Coty,C-W2D1,Route day,3,Chronic Pain Institute,Protect (LAPSED),Repeat Spine Referrer,Tier 1,Wave 1,2,2,Pain,Sterling Heights,69.0,True,"C2 (Aug 7 refresh: actuals-seeded, territory v3)",R10,7.0,R10,,"42.61191,-82.99371",True
2026-08-10,W2,Coty,C-W2D1,Route day,4,Cornerstone Internal Medicine,Reactivate,One Spine Patient,Tier 1,Wave 2,1,2,PCP,Macomb,333.0,True,"C2 (Aug 7 refresh: actuals-seeded, territory v3)",R18,4.0,R18,,"42.64046,-82.93749",True
2026-08-10,W2,Coty,C-W2D1,Route day,5,Associated Orthopedists of Detroit-Shelby Township,Ortho cross-sell,Ortho Referrer,Tier 2,Wave 2,0,1,Orthopedic,Shelby Township,34.0,True,"C2 (Aug 7 refresh: actuals-seeded, territory v3)",R03,3.0,R03,,"42.66723,-82.99821",True
2026-08-10,W2,Coty,C-W2D1,Route day,6,Alliance - Macomb,Ortho cross-sell,Ortho Referrer,Tier 2,Wave 2,0,2,PCP,Shelby Township,34.0,True,"C2 (Aug 7 refresh: actuals-seeded, territory v3)",R03,4.0,R03,,"42.66723,-82.99821",True
2026-08-10,W2,Coty,C-W2D1,Route day,7,Michigan Surgery Specialists - Shelby Township,Prospect first-touch,Visit / Prospect,Prospect,Wave 2,0,0,Orthopedic,Shelby Township,34.0,True,"C2 (Aug 7 refresh: actuals-seeded, territory v3)",R03,5.0,R03,,"42.66723,-82.99821",True
2026-08-10,W2,Coty,C-W2D1,Route day,8,Alliance - Shelby Township,Prospect first-touch,Visit / Prospect,Prospect,Wave 2,0,0,PCP,Shelby Township,34.0,True,"C2 (Aug 7 refresh: actuals-seeded, territory v3)",R03,2.0,R03,,"42.65771,-83.03272",True
2026-08-10,W2,Coty,C-W2D1,Route day,9,Office of Josephine A. Iskander MD,Convert to repeat,One Spine Patient,Tier 1,Wave 1,1,1,PCP,Sterling Heights,28.0,True,"C2 (Aug 7 refresh: actuals-seeded, territory v3)",R06,1.0,R06,,"42.60917,-83.08971",True
2026-08-10,W2,Coty,C-W2D1,Route day,10,Skywalk Internal Medicine,NEW account — first touch,Visit / Prospect,Prospect,,0,0,PCP,Sterling Heights,,True,"C2 (Aug 7 refresh: actuals-seeded, territory v3)",R06,2.0,R06,,"42.60917,-83.08971",False
2026-08-10,W2,Coty,C-W2D2,Route day,1,Be Well Medical Center,Protect (LAPSED),Repeat Spine Referrer,Tier 1,Wave 1,3,17,PCP,Berkley,111.0,True,"C2 (Aug 7 refresh: actuals-seeded, territory v3)",R07,4.0,R07,,"42.48915,-83.17682",True
2026-08-10,W2,Coty,C-W2D2,Route day,2,Progressive Health Care,Ortho cross-sell,Ortho Referrer,Tier 2,Wave 2,0,2,PCP,Berkley,54.0,True,"C2 (Aug 7 refresh: actuals-seeded, territory v3)",R07,3.0,R07,,"42.49625,-83.18401",True
2026-08-10,W2,Coty,C-W2D2,Route day,3,Frederick Karoub MD PC,Cross-sell (other service),Other Patient Referrer,Tier 3,Wave 2,0,1,PCP,Royal Oak,54.0,True,"C2 (Aug 7 refresh: actuals-seeded, territory v3)",R07,8.0,R07,,"42.51738,-83.19841",True
2026-08-10,W2,Coty,C-W2D2,Route day,4,Premier Private Physicians,Convert to repeat,One Spine Patient,Tier 1,Wave 1,1,1,PCP,Troy,18.0,False,"C2 (Aug 7 refresh: actuals-seeded, territory v3)",R21,4.0,R21,,"42.56114,-83.17129",True
2026-08-10,W2,Coty,C-W2D2,Route day,5,Belamedica,Ortho cross-sell,Ortho Referrer,Tier 2,Wave 2,0,1,PCP,Troy,46.0,True,"C2 (Aug 7 refresh: actuals-seeded, territory v3)",R21,3.0,R21,,"42.56237,-83.19381",True
2026-08-10,W2,Coty,C-W2D2,Route day,6,Precise Chiropractic,Ortho cross-sell,Ortho Referrer,Tier 2,Wave 2,0,1,Chiropractor,Troy,28.0,True,"C2 (Aug 7 refresh: actuals-seeded, territory v3)",R30,7.0,R30,,"42.57986,-83.10982",True
2026-08-10,W2,Coty,C-W2D2,Route day,7,Hope Medical Center,Ortho cross-sell,Ortho Referrer,Tier 2,Wave 2,0,1,PCP,Sterling Heights,45.0,True,"C2 (Aug 7 refresh: actuals-seeded, territory v3)",R06,3.0,R06,,"42.57883,-83.07126",True
2026-08-10,W2,Coty,C-W2D2,Route day,8,Urgent Care Family,Ortho cross-sell,Ortho Referrer,Tier 2,Wave 2,0,1,Urgent Care,Sterling Heights,46.0,True,"C2 (Aug 7 refresh: actuals-seeded, territory v3)",R06,9.0,R06,,"42.58025,-83.05050",True
2026-08-10,W2,Coty,C-W2D2,Route day,9,Macomb Physicians Group,Convert to repeat,One Spine Patient,Tier 1,Wave 1,1,9,PCP,Sterling Heights,39.0,True,"C2 (Aug 7 refresh: actuals-seeded, territory v3)",R06,10.0,R06,,"42.56500,-83.02489",True
2026-08-10,W2,Coty,C-W2D2,Route day,10,DMC Orthopedics & Sports Medicine - Warren,Convert to repeat,One Spine Patient,Tier 1,Wave 1,1,1,Orthopedic,Sterling Heihhts,45.0,True,"C2 (Aug 7 refresh: actuals-seeded, territory v3)",R04,5.0,R04,,"42.54192,-83.02960",True
2026-08-10,W2,Coty,C-W2D3,Route day,1,North Valley Internal Medicine,Protect,Repeat Spine Referrer,Tier 1,Wave 1,3,3,PCP,Highland Charter Township,25.0,True,"C2 (Aug 7 refresh: actuals-seeded, territory v3)",R08,4.0,R08,,"42.61744,-83.61681",True
2026-08-10,W2,Coty,C-W2D3,Route day,2,Oakland Internal Medicine Associates - Henry Ford,Ortho cross-sell,Ortho Referrer,Tier 2,Wave 2,0,2,PCP,Milford,25.0,True,"C2 (Aug 7 refresh: actuals-seeded, territory v3)",R08,6.0,R08,,"42.60380,-83.61146",True
2026-08-10,W2,Coty,C-W2D3,Route day,3,Prime Internal Medicine (MDVIP),Prospect first-touch,Visit / Prospect,Prospect,Wave 2,0,0,PCP,Milford Charter Township,25.0,True,"C2 (Aug 7 refresh: actuals-seeded, territory v3)",R08,2.0,R08,,"42.60380,-83.61146",True
2026-08-10,W2,Coty,C-W2D3,Route day,4,DMC Primary and Specialty Care - Milford,Prospect first-touch,Visit / Prospect,Prospect,Wave 2,0,0,PCP,Milford Charter Township,25.0,True,"C2 (Aug 7 refresh: actuals-seeded, territory v3)",R08,1.0,R08,,"42.60501,-83.61225",True
2026-08-10,W2,Coty,C-W2D3,Route day,5,Urgent Care of Milford,Prospect first-touch,Visit / Prospect,Prospect,Wave 2,0,0,Urgent Care,Milford Charter Township,25.0,True,"C2 (Aug 7 refresh: actuals-seeded, territory v3)",R08,3.0,R08,,"42.59323,-83.60438",True
2026-08-10,W2,Coty,C-W2D3,Route day,6,Providence Family & Athletic Medicine,Prospect first-touch,Visit / Prospect,Prospect,Wave 2,0,0,Orthopedic,Milford,25.0,True,"C2 (Aug 7 refresh: actuals-seeded, territory v3)",R08,5.0,R08,,"42.55834,-83.61415",True
2026-08-10,W2,Coty,C-W2D4,Route day,1,Preferred Medical Group,Convert to repeat,One Spine Patient,Tier 1,Wave 1,1,2,Orthopedic,Madison Heights,47.0,True,"C2 (Aug 7 refresh: actuals-seeded, territory v3)",R14,1.0,R14,,"42.50479,-83.11903",True
2026-08-10,W2,Coty,C-W2D4,Route day,2,Madison Medical Arts,Convert to repeat,One Spine Patient,Tier 1,Wave 1,1,1,PCP,Madison Heights,47.0,True,"C2 (Aug 7 refresh: actuals-seeded, territory v3)",R14,2.0,R14,,"42.50066,-83.10524",True
2026-08-10,W2,Coty,C-W2D4,Route day,3,Saurabh Gupta MD,Ortho cross-sell,Ortho Referrer,Tier 2,Wave 2,0,1,PCP,Madison Heights,451.0,True,"C2 (Aug 7 refresh: actuals-seeded, territory v3)",R14,3.0,R14,,"42.50456,-83.10100",True
2026-08-10,W2,Coty,C-W2D4,Route day,4,MHP Internal Medicine,Ortho cross-sell,Ortho Referrer,Tier 2,Wave 2,0,1,PCP,Madison Heights,70.0,True,"C2 (Aug 7 refresh: actuals-seeded, territory v3)",R14,5.0,R14,,"42.49483,-83.08680",True
2026-08-10,W2,Coty,C-W2D4,Route day,5,MHP Orthopedics - Madison Heights,Prospect first-touch,Visit / Prospect,Prospect,Wave 2,0,0,Orthopedic,Madison Heights,70.0,True,"C2 (Aug 7 refresh: actuals-seeded, territory v3)",R14,6.0,R14,,"42.49483,-83.08680",True
2026-08-10,W2,Coty,C-W2D4,Route day,6,Oakland Macomb Surgical Group - Madison Heights,Prospect first-touch,Visit / Prospect,Prospect,Wave 2,0,0,Orthopedic,Madison Heights,385.0,True,"C2 (Aug 7 refresh: actuals-seeded, territory v3)",R14,7.0,R14,,"42.49483,-83.08680",False
2026-08-10,W2,Coty,C-W2D4,Route day,7,John R Medical Clinic,Ortho cross-sell,Ortho Referrer,Tier 2,Wave 2,0,1,PCP,Madison Heights,47.0,True,"C2 (Aug 7 refresh: actuals-seeded, territory v3)",R14,8.0,R14,,"42.48738,-83.10540",True
2026-08-10,W2,Coty,C-W2D4,Route day,8,Epic Primary Care - Ferndale,Reactivate,One Spine Patient,Tier 1,Wave 1,1,4,PCP,Ferndale,81.0,True,"C2 (Aug 7 refresh: actuals-seeded, territory v3)",R04,9.0,R04,,"42.46114,-83.12113",True
2026-08-10,W2,Coty,C-W2D4,Route day,9,Barry S Meyer DO PC,Reactivate,One Spine Patient,Tier 1,Wave 1,1,1,PCP,Warren,70.0,True,"C2 (Aug 7 refresh: actuals-seeded, territory v3)",R11,1.0,R11,,"42.46519,-83.06496",True
2026-08-10,W2,Coty,C-W2D4,Route day,10,Beaumont Associated Family Care - Warren,Ortho cross-sell,Ortho Referrer,Tier 2,Wave 2,0,2,PCP,Warren,32.0,True,"C2 (Aug 7 refresh: actuals-seeded, territory v3)",R04,1.0,R04,,"42.51422,-83.02277",True
2026-08-10,W2,Coty,C-W2D5,Route day,1,Community First Health Centers - New Haven,Convert to repeat,One Spine Patient,Tier 1,Wave 1,1,1,PCP,New Haven,41.0,True,"C2 (Aug 7 refresh: actuals-seeded, territory v3)",R09,8.0,R09,,"42.72766,-82.78966",True
2026-08-10,W2,Coty,C-W2D5,Route day,2,Bay Area Family Physicians,Reactivate,One Spine Patient,Tier 1,Wave 1,1,1,PCP,New Baltimore,83.0,True,"C2 (Aug 7 refresh: actuals-seeded, territory v3)",R09,3.0,R09,,"42.67664,-82.76434",True
2026-08-10,W2,Coty,C-W2D5,Route day,3,Silver Pine Medical Group Chesterfield,Prospect first-touch,Visit / Prospect,Prospect,Wave 2,0,0,PCP,New Baltimore,83.0,True,"C2 (Aug 7 refresh: actuals-seeded, territory v3)",R09,2.0,R09,,"42.67514,-82.79540",True
2026-08-10,W2,Coty,C-W2D5,Route day,4,Corewell Health Family Medicine,NEW account — first touch,Visit / Prospect,Prospect,,0,0,PCP,New Baltimore,,True,"C2 (Aug 7 refresh: actuals-seeded, territory v3)",R09,1.0,R09,,"42.67110,-82.83777",False
2026-08-10,W2,Coty,C-W2D5,Route day,5,St Clair Orthpaedics & Sports Medicine - Macomb,Prospect first-touch,Visit / Prospect,Prospect,Wave 2,0,0,Orthopedic,Macomb,96.0,True,"C2 (Aug 7 refresh: actuals-seeded, territory v3)",R18,10.0,R18,,"42.63055,-82.88038",True
2026-08-10,W2,Coty,C-W2D5,Route day,6,Michigan MSK Medicine - Clinton Township,Cross-sell (other service),Other Patient Referrer,Tier 3,Wave 2,0,1,Neurology,Clinton Township,460.0,True,"C2 (Aug 7 refresh: actuals-seeded, territory v3)",R25,3.0,R25,,"42.56556,-82.87210",True
2026-08-10,W2,Coty,C-W2D5,Route day,7,Michigan MSK Medicine,NEW account — first touch,Visit / Prospect,Prospect,,0,0,Pain,Clinton Township,11.0,False,"C2 (Aug 7 refresh: actuals-seeded, territory v3)",R25,4.0,R25,,"42.56556,-82.87210",False
2026-08-10,W2,Coty,C-W2D5,Route day,8,ESSENTIAL CARE FAMILY MEDICINE,Ortho cross-sell,Ortho Referrer,Tier 2,Wave 2,0,3,PCP,St. Clair Shores,46.0,True,"C2 (Aug 7 refresh: actuals-seeded, territory v3)",R29,3.0,R29,,"42.49644,-82.89609",True
2026-08-10,W2,Coty,C-W2D5,Route day,9,Corewell Health Family Medicine -SAINT CLAIR SHORES,Ortho cross-sell,Ortho Referrer,Tier 2,Wave 2,0,1,PCP,St. Clair Shores,24.0,True,"C2 (Aug 7 refresh: actuals-seeded, territory v3)",R01,9.0,R01,,"42.48335,-82.90767",True
2026-08-10,W2,Coty,C-W2D5,Route day,10,Henry Ford Health Medical Center (Ascension),Ortho cross-sell,Ortho Referrer,Tier 2,Wave 2,0,3,PCP,St. Clair Shores,53.0,True,"C2 (Aug 7 refresh: actuals-seeded, territory v3)",R01,7.0,R01,,"42.47927,-82.90774",True
2026-08-17,W3,Coty,C-W3D1,Route day,1,Lakeview Medical Center,Protect,Repeat Spine Referrer,Tier 1,Wave 1,7,13,PCP,St. Clair Shores,11.0,False,"C2 (Aug 7 refresh: actuals-seeded, territory v3)",R01,4.0,R01,,"42.46905,-82.90609",True
2026-08-17,W3,Coty,C-W3D1,Route day,2,Premier Family Physicians,Ortho cross-sell,Ortho Referrer,Tier 2,Wave 2,0,1,PCP,St. Clair Shores,53.0,True,"C2 (Aug 7 refresh: actuals-seeded, territory v3)",R01,5.0,R01,,"42.47230,-82.90642",True
2026-08-17,W3,Coty,C-W3D1,Route day,3,Shores Internal Medicine,Ortho cross-sell,Ortho Referrer,Tier 2,Wave 2,0,1,PCP,St. Clair Shores,46.0,True,"C2 (Aug 7 refresh: actuals-seeded, territory v3)",R01,10.0,R01,,"42.47841,-82.90206",True
2026-08-17,W3,Coty,C-W3D1,Route day,4,Henry Ford St. John Center for Wellness,Convert to repeat,One Spine Patient,Tier 1,Wave 1,1,3,PCP,Roseville,24.0,True,"C2 (Aug 7 refresh: actuals-seeded, territory v3)",R05,2.0,R05,,"42.48144,-82.93247",True
2026-08-17,W3,Coty,C-W3D1,Route day,5,Sudha Nannapaneni MD,Convert to repeat,One Spine Patient,Tier 1,Wave 1,1,1,PCP,Roseville,24.0,True,"C2 (Aug 7 refresh: actuals-seeded, territory v3)",R05,3.0,R05,,"42.48141,-82.93249",False
2026-08-17,W3,Coty,C-W3D1,Route day,6,Corewell Health Medical Group East,Ortho cross-sell,Ortho Referrer,Tier 2,Wave 2,0,1,PCP,Roseville,24.0,True,"C2 (Aug 7 refresh: actuals-seeded, territory v3)",R05,4.0,R05,,"42.48054,-82.93243",True
2026-08-17,W3,Coty,C-W3D1,Route day,7,Gratiot Family Medicine,Reactivate,One Spine Patient,Tier 1,Wave 2,1,1,PCP,Harper Woods,144.0,True,"C2 (Aug 7 refresh: actuals-seeded, territory v3)",R05,7.0,R05,,"42.44819,-82.92411",True
2026-08-17,W3,Coty,C-W3D1,Route day,8,Faye Maribao MD,Prospect first-touch,Visit / Prospect,Prospect,Wave 2,0,0,PCP,St. Clair Shores,32.0,True,"C2 (Aug 7 refresh: actuals-seeded, territory v3)",R01,2.0,R01,,"42.46411,-82.90831",True
2026-08-17,W3,Coty,C-W3D1,Route day,9,Shorepointe Family Physicians - St. Clair Shores,Prospect first-touch,Visit / Prospect,Prospect,Wave 2,0,0,PCP,St. Clair Shores,67.0,True,"C2 (Aug 7 refresh: actuals-seeded, territory v3)",R29,1.0,R29,,"42.46632,-82.89204",True
2026-08-17,W3,Coty,C-W3D1,Route day,10,Associated Orthopedists of Detroit-St Clair Shores,Prospect first-touch,Visit / Prospect,Prospect,Wave 2,0,0,Orthopedic,St. Clair Shores,53.0,True,"C2 (Aug 7 refresh: actuals-seeded, territory v3)",R01,6.0,R01,,"42.47773,-82.90745",False
2026-08-17,W3,Coty,C-W3D2,Route day,1,Macomb Medical Clinic,Convert to repeat,One Spine Patient,Tier 1,Wave 1,1,12,PCP,Sterling Heights,39.0,True,"C2 (Aug 7 refresh: actuals-seeded, territory v3)",R06,8.0,R06,,"42.53540,-83.08186",True
2026-08-17,W3,Coty,C-W3D2,Route day,2,Office of Steven Trombly MD,Convert to repeat,One Spine Patient,Tier 1,Wave 1,1,7,PCP,Sterling Heights,32.0,True,"C2 (Aug 7 refresh: actuals-seeded, territory v3)",R06,6.0,R06,,"42.55076,-83.05622",True
2026-08-17,W3,Coty,C-W3D2,Route day,3,Henry Ford Macomb Internal Medicine,Convert to repeat,One Spine Patient,Tier 1,Wave 1,1,4,PCP,Sterling Heights,55.0,True,"C2 (Aug 7 refresh: actuals-seeded, territory v3)",R10,6.0,R10,,"42.55286,-82.98748",True
2026-08-17,W3,Coty,C-W3D2,Route day,4,Corondan Medical,Ortho cross-sell,Ortho Referrer,Tier 2,Wave 2,0,1,PCP,Warren,115.0,True,"C2 (Aug 7 refresh: actuals-seeded, territory v3)",R04,4.0,R04,,"42.53770,-82.98262",True
2026-08-17,W3,Coty,C-W3D2,Route day,5,Midwest Center for Dermatology - Warren,Ortho cross-sell,Ortho Referrer,Tier 2,Wave 2,0,1,Other / Verify,Warren,1102.0,True,"C2 (Aug 7 refresh: actuals-seeded, territory v3)",R11,9.0,R11,,"42.50587,-83.00301",False
2026-08-17,W3,Coty,C-W3D2,Route day,6,Motor City Orthopedics - Warren,Prospect first-touch,Visit / Prospect,Prospect,Wave 2,0,0,Orthopedic,Warren,97.0,True,"C2 (Aug 7 refresh: actuals-seeded, territory v3)",R11,10.0,R11,,"42.50599,-83.00322",True
2026-08-17,W3,Coty,C-W3D2,Route day,7,Greater Michigan Orthopedics and Sports Medicine - Warren,Prospect first-touch,Visit / Prospect,Prospect,Wave 2,0,0,Orthopedic,Warren,70.0,True,"C2 (Aug 7 refresh: actuals-seeded, territory v3)",R11,7.0,R11,,"42.50068,-82.98788",True
2026-08-17,W3,Coty,C-W3D2,Route day,8,Forum Medical Clinic,Prospect first-touch,Visit / Prospect,Prospect,Wave 2,0,0,PCP,Warren,28.0,True,"C2 (Aug 7 refresh: actuals-seeded, territory v3)",R11,3.0,R11,,"42.48349,-82.98729",True
2026-08-17,W3,Coty,C-W3D2,Route day,9,Maan Askar MD - Hoover (Thursdays),Prospect first-touch,Visit / Prospect,Prospect,Wave 2,0,0,PCP,Warren,32.0,True,"C2 (Aug 7 refresh: actuals-seeded, territory v3)",R11,2.0,R11,,"42.48849,-83.00581",True
2026-08-17,W3,Coty,C-W3D2,Route day,10,Maan Askar MD - 13 Mile,Prospect first-touch,Visit / Prospect,Prospect,Wave 2,0,0,PCP,Warren,32.0,True,"C2 (Aug 7 refresh: actuals-seeded, territory v3)",R04,3.0,R04,,"42.52143,-82.98961",True
2026-08-17,W3,Coty,C-W3D3,Route day,1,Brighton Internal Medicine,Convert to repeat,One Spine Patient,Tier 1,Wave 1,1,1,PCP,Howell,25.0,True,"C2 (Aug 7 refresh: actuals-seeded, territory v3)",R17,2.0,R17,,"42.58301,-83.87295",True
2026-08-17,W3,Coty,C-W3D3,Route day,2,Byron Medical Group,Prospect first-touch,Visit / Prospect,Prospect,Wave 2,0,0,PCP,Howell,25.0,True,"C2 (Aug 7 refresh: actuals-seeded, territory v3)",R17,3.0,R17,,"42.58301,-83.87295",True
2026-08-17,W3,Coty,C-W3D3,Route day,3,Howell Family Medicine,Prospect first-touch,Visit / Prospect,Prospect,Wave 2,0,0,PCP,Howell,25.0,True,"C2 (Aug 7 refresh: actuals-seeded, territory v3)",R17,4.0,R17,,"42.58301,-83.87295",True
2026-08-17,W3,Coty,C-W3D3,Route day,4,Newland Medical Associates - Howell,Prospect first-touch,Visit / Prospect,Prospect,Wave 2,0,0,PCP,Howell,25.0,True,"C2 (Aug 7 refresh: actuals-seeded, territory v3)",R17,5.0,R17,,"42.58301,-83.87295",False
2026-08-17,W3,Coty,C-W3D3,Route day,5,My Health Urgent Care (Ascension) - Howell,Prospect first-touch,Visit / Prospect,Prospect,Wave 2,0,0,Urgent Care,Howell,25.0,True,"C2 (Aug 7 refresh: actuals-seeded, territory v3)",R17,6.0,R17,,"42.58301,-83.87295",False
2026-08-17,W3,Coty,C-W3D3,Route day,6,Premier Family Medicine - Livingston,Prospect first-touch,Visit / Prospect,Prospect,Wave 2,0,0,PCP,Howell,104.0,True,"C2 (Aug 7 refresh: actuals-seeded, territory v3)",R17,7.0,R17,,"42.58301,-83.87295",True
2026-08-17,W3,Coty,C-W3D3,Route day,7,Motor City Ortho - Howell,Prospect first-touch,Visit / Prospect,Prospect,Wave 2,0,0,Orthopedic,Howell,25.0,True,"C2 (Aug 7 refresh: actuals-seeded, territory v3)",R17,8.0,R17,,"42.58238,-83.87300",False
2026-08-17,W3,Coty,C-W3D3,Route day,8,"Trinity IHA Orthopedics - Brighton,",Prospect first-touch,Visit / Prospect,Prospect,Wave 2,0,0,Orthopedic,Brighton,465.0,True,"C2 (Aug 7 refresh: actuals-seeded, territory v3)",R22,1.0,R22,,"42.56881,-83.80507",False
2026-08-17,W3,Coty,C-W3D3,Route day,9,Advanced Orthopedic Specialists,Prospect first-touch,Visit / Prospect,Prospect,Wave 2,0,0,Orthopedic,Brighton,497.0,True,"C2 (Aug 7 refresh: actuals-seeded, territory v3)",R22,2.0,R22,,"42.56881,-83.80507",False
2026-08-17,W3,Coty,C-W3D3,Route day,10,Restorative Physical Medicine - Brighton,Prospect first-touch,Visit / Prospect,Prospect,Wave 2,0,0,Orthopedic,Brighton,297.0,True,"C2 (Aug 7 refresh: actuals-seeded, territory v3)",R22,4.0,R22,,"42.55091,-83.78848",False
2026-08-17,W3,Coty,C-W3D4,Route day,1,North Macomb Medical Associates,Convert to repeat,One Spine Patient,Tier 1,Wave 1,1,1,PCP,Richmond,41.0,True,"C2 (Aug 7 refresh: actuals-seeded, territory v3)",R09,9.0,R09,,"42.79066,-82.73826",True
2026-08-17,W3,Coty,C-W3D4,Route day,2,Pulse Primary Care - Lenox,Prospect first-touch,Visit / Prospect,Prospect,Wave 2,0,0,PCP,Lenox,41.0,True,"C2 (Aug 7 refresh: actuals-seeded, territory v3)",R09,6.0,R09,,"42.72417,-82.74369",True
2026-08-17,W3,Coty,C-W3D4,Route day,3,New Baltimore Family Practice - Chesterfield,Prospect first-touch,Visit / Prospect,Prospect,Wave 2,0,0,PCP,New Baltimore,41.0,True,"C2 (Aug 7 refresh: actuals-seeded, territory v3)",R09,5.0,R09,,"42.71962,-82.73970",True
2026-08-17,W3,Coty,C-W3D4,Route day,4,Eastside Surgical Associates,Prospect first-touch,Visit / Prospect,Prospect,Wave 2,0,0,Orthopedic,New Baltimore,95.0,True,"C2 (Aug 7 refresh: actuals-seeded, territory v3)",R09,4.0,R09,,"42.71962,-82.73970",False
2026-08-17,W3,Coty,C-W3D4,Route day,5,North Point Medical,Prospect first-touch,Visit / Prospect,Prospect,Wave 2,0,0,PCP,Fair Haven,41.0,True,"C2 (Aug 7 refresh: actuals-seeded, territory v3)",R09,7.0,R09,,"42.69155,-82.69002",True
2026-08-17,W3,Coty,C-W3D5,Route day,1,EPIC Southfield - Telegraph Rd office,Reactivate,One Spine Patient,Tier 1,Wave 1,1,4,PCP,Southfield,74.0,True,"C2 (Aug 7 refresh: actuals-seeded, territory v3)",R15,3.0,R15,,"42.50687,-83.28664",True
2026-08-17,W3,Coty,C-W3D5,Route day,2,Neurology Consultants of Southfield,Cross-sell (other service),Other Patient Referrer,Tier 3,Wave 2,0,1,Neurology,Southfield,33.0,True,"C2 (Aug 7 refresh: actuals-seeded, territory v3)",R15,1.0,R15,,"42.50193,-83.30683",True
2026-08-17,W3,Coty,C-W3D5,Route day,3,Michigan Institute for Neurological Disorders (MIND) - Farmington Hills,Cross-sell (other service),Other Patient Referrer,Tier 3,Wave 2,0,2,Pain,Farmington,74.0,True,"C2 (Aug 7 refresh: actuals-seeded, territory v3)",R15,10.0,R15,,"42.50781,-83.35992",True
2026-08-17,W3,Coty,C-W3D5,Route day,4,Millennium Orthopedics,Prospect first-touch,Visit / Prospect,Prospect,Wave 2,0,0,Orthopedic,Farmington Hills,33.0,True,"C2 (Aug 7 refresh: actuals-seeded, territory v3)",R15,8.0,R15,,"42.52242,-83.34902",True
2026-08-17,W3,Coty,C-W3D5,Route day,5,Tri County Pain Consultants,Prospect first-touch,Visit / Prospect,Prospect,Wave 2,0,0,Orthopedic,Farmington Hills,33.0,True,"C2 (Aug 7 refresh: actuals-seeded, territory v3)",R15,9.0,R15,,"42.52242,-83.34902",True
2026-08-17,W3,Coty,C-W3D5,Route day,6,ANDERSON SPORTS MEDICINE,Prospect first-touch,Visit / Prospect,Prospect,Wave 2,0,0,Orthopedic,Bingham Farms,33.0,True,"C2 (Aug 7 refresh: actuals-seeded, territory v3)",R15,5.0,R15,,"42.52502,-83.28422",True
2026-08-17,W3,Coty,C-W3D5,Route day,7,Epic Healthcare - Southfield,Reactivate,One Spine Patient,Tier 1,Wave 2,1,1,PCP,Southfield,158.0,True,"C2 (Aug 7 refresh: actuals-seeded, territory v3)",R15,4.0,R15,,"42.47298,-83.22664",True
2026-08-17,W3,Coty,C-W3D5,Route day,8,AMG Oak Park Medical Center,Prospect first-touch,Visit / Prospect,Prospect,Wave 2,0,0,PCP,Oak Park,81.0,True,"C2 (Aug 7 refresh: actuals-seeded, territory v3)",R07,7.0,R07,,"42.45968,-83.19916",True
2026-08-17,W3,Coty,C-W3D5,Route day,9,Berkley Primary Care,Prospect first-touch,Visit / Prospect,Prospect,Wave 2,0,0,PCP,Huntington Woods,54.0,True,"C2 (Aug 7 refresh: actuals-seeded, territory v3)",R07,6.0,R07,,"42.48730,-83.15746",True
2026-08-17,W3,Coty,C-W3D5,Route day,10,Troy Health Center,Ortho cross-sell,Ortho Referrer,Tier 2,Wave 2,0,2,PCP,Troy,18.0,False,"C2 (Aug 7 refresh: actuals-seeded, territory v3)",R30,4.0,R30,,"42.54803,-83.11916",False
2026-08-24,W4,Coty,C-W4D1,Route day,1,Rochester Medical Group,Convert to repeat,One Spine Patient,Tier 1,Wave 1,1,1,PCP,Rochester Hills,21.0,True,"C2 (Aug 7 refresh: actuals-seeded, territory v3)",R20,1.0,R20,,"42.62427,-83.11776",True
2026-08-24,W4,Coty,C-W4D1,Route day,2,Corewell Internal Medicine Midway,Ortho cross-sell,Ortho Referrer,Tier 2,Wave 2,0,1,PCP,Rochester Hills,26.0,True,"C2 (Aug 7 refresh: actuals-seeded, territory v3)",R28,9.0,R28,,"42.64189,-83.12419",True
2026-08-24,W4,Coty,C-W4D1,Route day,3,Meadowbrook Internists,Ortho cross-sell,Ortho Referrer,Tier 2,Wave 2,0,1,PCP,Rochester Hills,48.0,True,"C2 (Aug 7 refresh: actuals-seeded, territory v3)",R28,3.0,R28,,"42.64336,-83.13014",True
2026-08-24,W4,Coty,C-W4D1,Route day,4,Ciarlone Orthopedics,Prospect first-touch,Visit / Prospect,Prospect,Wave 2,0,0,Orthopedic,Rochester Hills,26.0,True,"C2 (Aug 7 refresh: actuals-seeded, territory v3)",R28,1.0,R28,,"42.64336,-83.13014",True
2026-08-24,W4,Coty,C-W4D1,Route day,5,Amabir Khaira MD,Prospect first-touch,Visit / Prospect,Prospect,Wave 2,0,0,PCP,Rochester Hills,26.0,True,"C2 (Aug 7 refresh: actuals-seeded, territory v3)",R28,2.0,R28,,"42.64336,-83.13014",True
2026-08-24,W4,Coty,C-W4D1,Route day,6,Barclay Internists,Ortho cross-sell,Ortho Referrer,Tier 2,Wave 2,0,1,PCP,Rochester,26.0,True,"C2 (Aug 7 refresh: actuals-seeded, territory v3)",R19,6.0,R19,,"42.64336,-83.13014",True
2026-08-24,W4,Coty,C-W4D1,Route day,7,Specialists in Rehabilitation Medicine,Reactivate,One Spine Patient,Tier 1,Wave 1,1,1,Orthopedic,Rochester,389.0,True,"C2 (Aug 7 refresh: actuals-seeded, territory v3)",R19,3.0,R19,,"42.67900,-83.15028",False
2026-08-24,W4,Coty,C-W4D1,Route day,8,University Orthopedic Specialists,Prospect first-touch,Visit / Prospect,Prospect,Wave 2,0,0,Orthopedic,Rochester,20.0,True,"C2 (Aug 7 refresh: actuals-seeded, territory v3)",R19,4.0,R19,,"42.67900,-83.15028",True
2026-08-24,W4,Coty,C-W4D1,Route day,9,Oakland Macomb Surgical Group,Prospect first-touch,Visit / Prospect,Prospect,Wave 2,0,0,Orthopedic,Rochester Hills,552.0,True,"C2 (Aug 7 refresh: actuals-seeded, territory v3)",R27,3.0,R27,,"42.67900,-83.15028",False
2026-08-24,W4,Coty,C-W4D1,Route day,10,Colleen Kennedy DO,Cross-sell (other service),Other Patient Referrer,Tier 3,Wave 2,0,1,PCP,Rochester,103.0,True,"C2 (Aug 7 refresh: actuals-seeded, territory v3)",R19,5.0,R19,,"42.68168,-83.13844",True
2026-08-24,W4,Coty,C-W4D2,Route day,1,McLaren Oakland Center for Spine & Pain Management,Reactivate,One Spine Patient,Tier 1,Wave 2,1,2,Pain,Clarkston,161.0,True,"C2 (Aug 7 refresh: actuals-seeded, territory v3)",R12,3.0,R12,,"42.72570,-83.43338",True
2026-08-24,W4,Coty,C-W4D2,Route day,2,Dixie Highway Internal Medicine,Prospect first-touch,Visit / Prospect,Prospect,Wave 2,0,0,PCP,Clarkston,63.0,True,"C2 (Aug 7 refresh: actuals-seeded, territory v3)",R12,4.0,R12,,"42.72570,-83.43338",True
2026-08-24,W4,Coty,C-W4D2,Route day,3,Clarkston Medical Group Adult & Pediatric Medicine,Ortho cross-sell,Ortho Referrer,Tier 2,Wave 2,0,1,PCP,Village of Clarkston,63.0,True,"C2 (Aug 7 refresh: actuals-seeded, territory v3)",R24,4.0,R24,,"42.72557,-83.43315",True
2026-08-24,W4,Coty,C-W4D2,Route day,4,Premiere Pediatrics,Reactivate,One Spine Patient,Tier 1,Wave 2,1,1,Pediatrics,Clarkston,641.0,True,"C2 (Aug 7 refresh: actuals-seeded, territory v3)",R12,10.0,R12,,"42.74333,-83.41843",True
2026-08-24,W4,Coty,C-W4D2,Route day,5,Clarkston Medical Group,Ortho cross-sell,Ortho Referrer,Tier 2,Wave 2,0,1,PCP,Clarkston,63.0,True,"C2 (Aug 7 refresh: actuals-seeded, territory v3)",R24,1.0,R24,,"42.72739,-83.37679",True
2026-08-24,W4,Coty,C-W4D2,Route day,6,Neuro Pain Consultants - Clarkston,Prospect 2nd touch,Visit / Prospect,Prospect,Wave 2,0,0,Pain,Clarkston,5.0,False,"C2 (Aug 7 refresh: actuals-seeded, territory v3)",R24,2.0,R24,,"42.72739,-83.37679",True
2026-08-24,W4,Coty,C-W4D2,Route day,7,MDVIP Clarkston,Prospect first-touch,Visit / Prospect,Prospect,Wave 2,0,0,PCP,Clarkston,63.0,True,"C2 (Aug 7 refresh: actuals-seeded, territory v3)",R24,3.0,R24,,"42.72739,-83.37679",True
2026-08-24,W4,Coty,C-W4D2,Route day,8,Trinity IHA Primary Care - Clarkston,Prospect first-touch,Visit / Prospect,Prospect,Wave 2,0,0,Pain,Clarkston,376.0,True,"C2 (Aug 7 refresh: actuals-seeded, territory v3)",R12,7.0,R12,,"42.72324,-83.42091",False
2026-08-24,W4,Coty,C-W4D2,Route day,9,Clarkston Pain & Rehab,Prospect first-touch,Visit / Prospect,Prospect,Wave 2,0,0,Orthopedic,Clarkston,557.0,True,"C2 (Aug 7 refresh: actuals-seeded, territory v3)",R12,5.0,R12,,"42.72206,-83.42247",False
2026-08-24,W4,Coty,C-W4D2,Route day,10,Oakland Orthopedics & Sports Medicine,Prospect first-touch,Visit / Prospect,Prospect,Wave 2,0,0,Orthopedic,Clarkston,376.0,True,"C2 (Aug 7 refresh: actuals-seeded, territory v3)",R12,6.0,R12,,"42.72206,-83.42247",False
2026-08-24,W4,Coty,C-W4D3,Route day,1,"TRENTON TOTAL HEALTH CARE CENTER, PC",Ortho cross-sell,Ortho Referrer,Tier 2,Wave 2,0,1,Orthopedic,Trenton,136.0,True,"C2 (Aug 7 refresh: actuals-seeded, territory v3)",R16,8.0,R16,,"42.15345,-83.19082",True
2026-08-24,W4,Coty,C-W4D4,Route day,1,Springfield Urgent Care - Hamburg,Ortho cross-sell,Ortho Referrer,Tier 2,Wave 2,0,1,Urgent Care,Whitmore Lake,180.0,True,"C2 (Aug 7 refresh: actuals-seeded, territory v3)",R22,7.0,R22,,"42.46246,-83.83304",True
2026-08-24,W4,Coty,C-W4D5,Route day,1,Schoenherr Family Practice,Protect,Repeat Spine Referrer,Tier 1,Wave 1,6,8,PCP,Shelby Township,7.0,False,"C2 (Aug 7 refresh: actuals-seeded, territory v3)",R03,8.0,R03,,"42.68397,-82.99785",True
2026-08-24,W4,Coty,C-W4D5,Route day,2,Stonebridge Orthopedics,Prospect 2nd touch,Visit / Prospect,Prospect,Wave 2,0,0,Orthopedic,Shelby Township,7.0,False,"C2 (Aug 7 refresh: actuals-seeded, territory v3)",R03,7.0,R03,,"42.68397,-82.99785",True
2026-08-24,W4,Coty,C-W4D5,Route day,3,Shelbydale Medical Clinic PC,Prospect first-touch,Visit / Prospect,Prospect,Wave 2,0,0,PCP,Shelby Township,34.0,True,"C2 (Aug 7 refresh: actuals-seeded, territory v3)",R03,1.0,R03,,"42.65684,-83.03410",True
2026-08-24,W4,Coty,C-W4D5,Route day,4,Prism Medical Group - Family Medicine Ste 240,Ortho cross-sell,Ortho Referrer,Tier 2,Wave 2,0,2,PCP,Rochester Hills,21.0,True,"C2 (Aug 7 refresh: actuals-seeded, territory v3)",R20,7.0,R20,,"42.62474,-83.09609",True
2026-08-24,W4,Coty,C-W4D5,Route day,5,Poley Sports Medicine,Prospect first-touch,Visit / Prospect,Prospect,Wave 2,0,0,Orthopedic,Rochester Hills,21.0,True,"C2 (Aug 7 refresh: actuals-seeded, territory v3)",R20,4.0,R20,,"42.62474,-83.09609",False
2026-08-24,W4,Coty,C-W4D5,Route day,6,Southeast Michigan Center for Orthopedics - Rochester Hlls,Prospect first-touch,Visit / Prospect,Prospect,Wave 2,0,0,Orthopedic,Rochester Hills,21.0,True,"C2 (Aug 7 refresh: actuals-seeded, territory v3)",R20,5.0,R20,,"42.62474,-83.09609",True
2026-08-24,W4,Coty,C-W4D5,Route day,7,Prism Medical Group - Family Medicine Ste 160,Prospect first-touch,Visit / Prospect,Prospect,Wave 2,0,0,PCP,Rochester Hills,48.0,True,"C2 (Aug 7 refresh: actuals-seeded, territory v3)",R20,6.0,R20,,"42.62474,-83.09609",True
2026-08-24,W4,Coty,C-W4D5,Route day,8,Precise Medical,Prospect first-touch,Visit / Prospect,Prospect,Wave 2,0,0,PCP,Rochester Hills,21.0,True,"C2 (Aug 7 refresh: actuals-seeded, territory v3)",R20,8.0,R20,,"42.62474,-83.09609",True
2026-08-24,W4,Coty,C-W4D5,Route day,9,Prism Medical Group - Internal Medicine,Ortho cross-sell,Ortho Referrer,Tier 2,Wave 2,0,1,PCP,Rochester Hills,21.0,True,"C2 (Aug 7 refresh: actuals-seeded, territory v3)",R20,9.0,R20,,"42.62474,-83.09609",True
2026-08-24,W4,Coty,C-W4D5,Route day,10,Physicians in Family Medicine,Ortho cross-sell,Ortho Referrer,Tier 2,Wave 2,0,1,PCP,Rochester Hills,20.0,True,"C2 (Aug 7 refresh: actuals-seeded, territory v3)",R27,8.0,R27,,"42.66660,-83.15096",True
2026-08-31,W5,Coty,C-W5D1,Route day,1,MI Family Practice,Protect,Repeat Spine Referrer,Tier 1,Named Sean Priority,3,8,PCP,Warren,32.0,False,"C2 (Aug 7 refresh: actuals-seeded, territory v3)",R04,2.0,R04,,"42.52098,-83.01292",True
2026-08-31,W5,Coty,C-W5D1,Route day,2,The Family Doctor,Protect,Repeat Spine Referrer,Tier 1,Wave 1,2,3,PCP,Clinton Township,31.0,False,"C2 (Aug 7 refresh: actuals-seeded, territory v3)",R02,1.0,R02,,"42.56722,-82.96555",True
2026-08-31,W5,Coty,C-W5D1,Route day,3,Chronic Pain Institute,Protect,Repeat Spine Referrer,Tier 1,Wave 1,2,2,Pain,Sterling Heights,69.0,False,"C2 (Aug 7 refresh: actuals-seeded, territory v3)",R10,7.0,R10,,"42.61191,-82.99371",True
2026-08-31,W5,Coty,C-W5D1,Route day,4,Office of George Nassif MD,Protect,Repeat Spine Referrer,Tier 1,Wave 1,4,4,PCP,Clinton Township,5.0,False,"C2 (Aug 7 refresh: actuals-seeded, territory v3)",R02,4.0,R02,,"42.60986,-82.95423",True
2026-08-31,W5,Coty,C-W5D1,Route day,5,Cornerstone Garfield Family Practice - Ascension,Ortho cross-sell,Ortho Referrer,Tier 2,Wave 2,0,3,PCP,Clinton Township,5.0,False,"C2 (Aug 7 refresh: actuals-seeded, territory v3)",R02,8.0,R02,,"42.61997,-82.95183",True
2026-08-31,W5,Coty,C-W5D1,Route day,6,Henry Ford Macomb Health Center - Fraser,Ortho cross-sell,Ortho Referrer,Tier 2,Wave 2,0,1,PCP,Clinton Township,4.0,False,"C2 (Aug 7 refresh: actuals-seeded, territory v3)",R02,2.0,R02,,"42.55401,-82.96456",True
2026-08-31,W5,Coty,C-W5D1,Route day,7,Oakland Primary Care,Protect,Repeat Spine Referrer,Tier 1,Wave 1,2,6,PCP,Warren,4.0,False,"C2 (Aug 7 refresh: actuals-seeded, territory v3)",R11,4.0,R11,,"42.49509,-82.98614",True
2026-08-31,W5,Coty,C-W5D1,Route day,8,Oak Street Health - Eastgate,Convert to repeat,One Spine Patient,Tier 1,Wave 2,1,2,PCP,Roseville,4.0,False,"C2 (Aug 7 refresh: actuals-seeded, territory v3)",R05,1.0,R05,,"42.49054,-82.94011",True
2026-08-31,W5,Coty,C-W5D1,Route day,9,Shaun Jayakar MD,Ortho cross-sell,Ortho Referrer,Tier 2,Wave 2,0,6,PCP,St. Clair Shores,11.0,False,"C2 (Aug 7 refresh: actuals-seeded, territory v3)",R01,3.0,R01,,"42.46598,-82.90612",True
2026-08-31,W5,Coty,C-W5D1,Route day,10,Michigan Institute for Neurological Disorders (MIND) - Roseville,Cross-sell (other service),Other Patient Referrer,Tier 3,Wave 2,0,1,Pain,Roseville,24.0,True,"C2 (Aug 7 refresh: actuals-seeded, territory v3)",R05,6.0,R05,,"42.48095,-82.92686",True
2026-08-31,W5,Coty,C-W5D2,Route day,1,Be Well Medical Center,Protect,Repeat Spine Referrer,Tier 1,Wave 1,3,17,PCP,Berkley,111.0,False,"C2 (Aug 7 refresh: actuals-seeded, territory v3)",R07,4.0,R07,,"42.48915,-83.17682",True
2026-08-31,W5,Coty,C-W5D2,Route day,2,Troy Primary Care,Ortho cross-sell,Ortho Referrer,Tier 2,Wave 2,0,1,PCP,Troy,12.0,False,"C2 (Aug 7 refresh: actuals-seeded, territory v3)",R31,3.0,R31,,"42.54532,-83.18546",True
2026-08-31,W5,Coty,C-W5D2,Route day,3,James MacKenzie MD,Prospect 2nd touch,Visit / Prospect,Prospect,Wave 2,0,0,PCP,Troy,12.0,False,"C2 (Aug 7 refresh: actuals-seeded, territory v3)",R31,1.0,R31,,"42.54532,-83.18546",True
2026-08-31,W5,Coty,C-W5D2,Route day,4,Ahad MD,Prospect 2nd touch,Visit / Prospect,Prospect,Wave 2,0,0,PCP,Troy,12.0,False,"C2 (Aug 7 refresh: actuals-seeded, territory v3)",R31,2.0,R31,,"42.54532,-83.18546",False
2026-08-31,W5,Coty,C-W5D2,Route day,5,Amro Shata MD,Prospect first-touch,Visit / Prospect,Prospect,Wave 2,0,0,PCP,Troy,67.0,True,"C2 (Aug 7 refresh: actuals-seeded, territory v3)",R31,4.0,R31,,"42.54532,-83.18546",False
2026-08-31,W5,Coty,C-W5D2,Route day,6,Premier Private Physicians,Convert to repeat,One Spine Patient,Tier 1,Wave 1,1,1,PCP,Troy,18.0,False,"C2 (Aug 7 refresh: actuals-seeded, territory v3)",R21,4.0,R21,,"42.56114,-83.17129",True
2026-08-31,W5,Coty,C-W5D2,Route day,7,Preferred Medical Group,Convert to repeat,One Spine Patient,Tier 1,Wave 1,1,2,Orthopedic,Madison Heights,47.0,False,"C2 (Aug 7 refresh: actuals-seeded, territory v3)",R14,1.0,R14,,"42.50479,-83.11903",True
2026-08-31,W5,Coty,C-W5D2,Route day,8,Madison Medical Arts,Convert to repeat,One Spine Patient,Tier 1,Wave 1,1,1,PCP,Madison Heights,47.0,False,"C2 (Aug 7 refresh: actuals-seeded, territory v3)",R14,2.0,R14,,"42.50066,-83.10524",True
2026-08-31,W5,Coty,C-W5D2,Route day,9,Epic Primary Care - Ferndale,Convert to repeat,One Spine Patient,Tier 1,Wave 1,1,4,PCP,Ferndale,81.0,False,"C2 (Aug 7 refresh: actuals-seeded, territory v3)",R04,9.0,R04,,"42.46114,-83.12113",True
2026-08-31,W5,Coty,C-W5D2,Route day,10,Barry S Meyer DO PC,Convert to repeat,One Spine Patient,Tier 1,Wave 1,1,1,PCP,Warren,70.0,False,"C2 (Aug 7 refresh: actuals-seeded, territory v3)",R11,1.0,R11,,"42.46519,-83.06496",True
2026-08-31,W5,Coty,C-W5D3,Route day,1,Faith Internal Medicine & Urgent Care,Protect,Repeat Spine Referrer,Tier 1,Wave 1,2,10,PCP,Livonia,6.0,False,"C2 (Aug 7 refresh: actuals-seeded, territory v3)",R13,5.0,R13,,"42.40042,-83.37421",True
2026-08-31,W5,Coty,C-W5D3,Route day,2,"GREAT LAKE PHYSICIANS, PC",Ortho cross-sell,Ortho Referrer,Tier 2,Wave 2,0,1,Orthopedic,Livonia,6.0,False,"C2 (Aug 7 refresh: actuals-seeded, territory v3)",R13,6.0,R13,,"42.39694,-83.40161",True
2026-08-31,W5,Coty,C-W5D3,Route day,3,Vital Medicine,Ortho cross-sell,Ortho Referrer,Tier 2,Wave 2,0,1,PCP,Livonia,6.0,False,"C2 (Aug 7 refresh: actuals-seeded, territory v3)",R13,1.0,R13,,"42.42407,-83.41577",True
2026-08-31,W5,Coty,C-W5D3,Route day,4,infinity Primary Care,NEW account — first touch,Visit / Prospect,Prospect,,0,0,PCP,Livonia,,True,"C2 (Aug 7 refresh: actuals-seeded, territory v3)",R13,2.0,R13,,"42.42407,-83.41577",False
2026-08-31,W5,Coty,C-W5D3,Route day,5,Healthquest Chiropractic,Prospect first-touch,Visit / Prospect,Prospect,Wave 2,0,0,Chiropractor,Farmington Hills,33.0,True,"C2 (Aug 7 refresh: actuals-seeded, territory v3)",R15,6.0,R15,,"42.46824,-83.39568",True
2026-08-31,W5,Coty,C-W5D3,Route day,6,Restorative Physical Medicine - Novi,Prospect first-touch,Visit / Prospect,Prospect,Wave 2,0,0,Orthopedic,Novi,411.0,True,"C2 (Aug 7 refresh: actuals-seeded, territory v3)",R13,9.0,R13,,"42.47913,-83.46460",True
2026-08-31,W5,Coty,C-W5D3,Route day,7,MOTOR CITY ORTHOPEDICS - Novi,Prospect first-touch,Visit / Prospect,Prospect,Wave 2,0,0,Orthopedic,Novi,49.0,True,"C2 (Aug 7 refresh: actuals-seeded, territory v3)",R13,8.0,R13,,"42.48691,-83.52220",True
2026-08-31,W5,Coty,C-W5D4,Route day,1,Normandy Family Practice,Ortho cross-sell,Ortho Referrer,Tier 2,Wave 2,0,1,PCP,Clinton Township,11.0,False,"C2 (Aug 7 refresh: actuals-seeded, territory v3)",R25,5.0,R25,,"42.56527,-82.87239",True
2026-08-31,W5,Coty,C-W5D4,Route day,2,Lakeside Internal Medicine,Ortho cross-sell,Ortho Referrer,Tier 2,Wave 2,0,3,PCP,St. Clair Shores,4.0,False,"C2 (Aug 7 refresh: actuals-seeded, territory v3)",R29,5.0,R29,,"42.50877,-82.90513",True
2026-08-31,W5,Coty,C-W5D4,Route day,3,Premier Orthopedics & Sports Medicine,Prospect first-touch,Visit / Prospect,Prospect,Wave 2,0,0,Orthopedic,St. Clair Shores,24.0,True,"C2 (Aug 7 refresh: actuals-seeded, territory v3)",R01,8.0,R01,,"42.48330,-82.90768",True
2026-08-31,W5,Coty,C-W5D4,Route day,4,Michigan Surgery Specialists  - Roseville,Prospect first-touch,Visit / Prospect,Prospect,Wave 2,0,0,Orthopedic,Roseville,34.0,True,"C2 (Aug 7 refresh: actuals-seeded, territory v3)",R05,5.0,R05,,"42.48032,-82.93025",False
2026-08-31,W5,Coty,C-W5D4,Route day,5,Henry Ford Health Medical Center (Ascension),Ortho cross-sell,Ortho Referrer,Tier 2,Wave 2,0,3,PCP,St. Clair Shores,53.0,False,"C2 (Aug 7 refresh: actuals-seeded, territory v3)",R01,7.0,R01,,"42.47927,-82.90774",True
2026-08-31,W5,Coty,C-W5D4,Route day,6,Corewell Health Family Medicine -SAINT CLAIR SHORES,Ortho cross-sell,Ortho Referrer,Tier 2,Wave 2,0,1,PCP,St. Clair Shores,24.0,False,"C2 (Aug 7 refresh: actuals-seeded, territory v3)",R01,9.0,R01,,"42.48335,-82.90767",True
2026-08-31,W5,Coty,C-W5D4,Route day,7,ESSENTIAL CARE FAMILY MEDICINE,Ortho cross-sell,Ortho Referrer,Tier 2,Wave 2,0,3,PCP,St. Clair Shores,46.0,False,"C2 (Aug 7 refresh: actuals-seeded, territory v3)",R29,3.0,R29,,"42.49644,-82.89609",True
2026-08-31,W5,Coty,C-W5D5,Route day,1,North Valley Internal Medicine,Protect,Repeat Spine Referrer,Tier 1,Wave 1,3,3,PCP,Highland Charter Township,25.0,False,"C2 (Aug 7 refresh: actuals-seeded, territory v3)",R08,4.0,R08,,"42.61744,-83.61681",True
2026-08-31,W5,Coty,C-W5D5,Route day,2,Oakland Internal Medicine Associates - Henry Ford,Ortho cross-sell,Ortho Referrer,Tier 2,Wave 2,0,2,PCP,Milford,25.0,False,"C2 (Aug 7 refresh: actuals-seeded, territory v3)",R08,6.0,R08,,"42.60380,-83.61146",True
2026-08-31,W5,Coty,C-W5D5,Route day,3,Prime Internal Medicine (MDVIP),Prospect 2nd touch,Visit / Prospect,Prospect,Wave 2,0,0,PCP,Milford Charter Township,25.0,False,"C2 (Aug 7 refresh: actuals-seeded, territory v3)",R08,2.0,R08,,"42.60380,-83.61146",True
2026-09-07,W6,Coty,C-W6D1,Route day,1,MEDPRO PRIMARY CARE - Waltz Rd,Protect,Repeat Spine Referrer,Tier 1,Wave 1,2,2,Pain,New Boston,6.0,False,"C2 (Aug 7 refresh: actuals-seeded, territory v3)",R16,9.0,R16,,"42.15111,-83.40229",True
2026-09-07,W6,Coty,C-W6D2,Route day,1,Lakeview Medical Center,Protect,Repeat Spine Referrer,Tier 1,Wave 1,7,13,PCP,St. Clair Shores,11.0,False,"C2 (Aug 7 refresh: actuals-seeded, territory v3)",R01,4.0,R01,,"42.46905,-82.90609",True
2026-09-07,W6,Coty,C-W6D2,Route day,2,Henry Ford St. John Center for Wellness,Convert to repeat,One Spine Patient,Tier 1,Wave 1,1,3,PCP,Roseville,24.0,False,"C2 (Aug 7 refresh: actuals-seeded, territory v3)",R05,2.0,R05,,"42.48144,-82.93247",True
2026-09-07,W6,Coty,C-W6D2,Route day,3,Sudha Nannapaneni MD,Convert to repeat,One Spine Patient,Tier 1,Wave 1,1,1,PCP,Roseville,24.0,False,"C2 (Aug 7 refresh: actuals-seeded, territory v3)",R05,3.0,R05,,"42.48141,-82.93249",False
2026-09-07,W6,Coty,C-W6D2,Route day,4,Gratiot Family Medicine,Convert to repeat,One Spine Patient,Tier 1,Wave 2,1,1,PCP,Harper Woods,144.0,False,"C2 (Aug 7 refresh: actuals-seeded, territory v3)",R05,7.0,R05,,"42.44819,-82.92411",True
2026-09-07,W6,Coty,C-W6D2,Route day,5,Premier Family Physicians,Ortho cross-sell,Ortho Referrer,Tier 2,Wave 2,0,1,PCP,St. Clair Shores,53.0,False,"C2 (Aug 7 refresh: actuals-seeded, territory v3)",R01,5.0,R01,,"42.47230,-82.90642",True
2026-09-07,W6,Coty,C-W6D2,Route day,6,Shores Internal Medicine,Ortho cross-sell,Ortho Referrer,Tier 2,Wave 2,0,1,PCP,St. Clair Shores,46.0,False,"C2 (Aug 7 refresh: actuals-seeded, territory v3)",R01,10.0,R01,,"42.47841,-82.90206",True
2026-09-07,W6,Coty,C-W6D2,Route day,7,Corewell Health Medical Group East,Ortho cross-sell,Ortho Referrer,Tier 2,Wave 2,0,1,PCP,Roseville,24.0,False,"C2 (Aug 7 refresh: actuals-seeded, territory v3)",R05,4.0,R05,,"42.48054,-82.93243",True
2026-09-07,W6,Coty,C-W6D2,Route day,8,Midwest Center for Dermatology - Warren,Ortho cross-sell,Ortho Referrer,Tier 2,Wave 2,0,1,Other / Verify,Warren,1102.0,False,"C2 (Aug 7 refresh: actuals-seeded, territory v3)",R11,9.0,R11,,"42.50587,-83.00301",False
2026-09-07,W6,Coty,C-W6D2,Route day,9,Corondan Medical,Ortho cross-sell,Ortho Referrer,Tier 2,Wave 2,0,1,PCP,Warren,115.0,False,"C2 (Aug 7 refresh: actuals-seeded, territory v3)",R04,4.0,R04,,"42.53770,-82.98262",True
2026-09-07,W6,Coty,C-W6D3,Route day,1,DMC Orthopedics & Sports Medicine - Warren,Convert to repeat,One Spine Patient,Tier 1,Wave 1,1,1,Orthopedic,Sterling Heihhts,45.0,False,"C2 (Aug 7 refresh: actuals-seeded, territory v3)",R04,5.0,R04,,"42.54192,-83.02960",True
2026-09-07,W6,Coty,C-W6D3,Route day,2,Macomb Physicians Group,Convert to repeat,One Spine Patient,Tier 1,Wave 1,1,9,PCP,Sterling Heights,39.0,False,"C2 (Aug 7 refresh: actuals-seeded, territory v3)",R06,10.0,R06,,"42.56500,-83.02489",True
2026-09-07,W6,Coty,C-W6D3,Route day,3,Office of Steven Trombly MD,Convert to repeat,One Spine Patient,Tier 1,Wave 1,1,7,PCP,Sterling Heights,32.0,False,"C2 (Aug 7 refresh: actuals-seeded, territory v3)",R06,6.0,R06,,"42.55076,-83.05622",True
2026-09-07,W6,Coty,C-W6D3,Route day,4,Macomb Medical Clinic,Convert to repeat,One Spine Patient,Tier 1,Wave 1,1,12,PCP,Sterling Heights,39.0,False,"C2 (Aug 7 refresh: actuals-seeded, territory v3)",R06,8.0,R06,,"42.53540,-83.08186",True
2026-09-07,W6,Coty,C-W6D3,Route day,5,Saurabh Gupta MD,Ortho cross-sell,Ortho Referrer,Tier 2,Wave 2,0,1,PCP,Madison Heights,451.0,False,"C2 (Aug 7 refresh: actuals-seeded, territory v3)",R14,3.0,R14,,"42.50456,-83.10100",True
2026-09-07,W6,Coty,C-W6D3,Route day,6,MHP Internal Medicine,Ortho cross-sell,Ortho Referrer,Tier 2,Wave 2,0,1,PCP,Madison Heights,70.0,False,"C2 (Aug 7 refresh: actuals-seeded, territory v3)",R14,5.0,R14,,"42.49483,-83.08680",True
2026-09-07,W6,Coty,C-W6D3,Route day,7,MHP Orthopedics - Madison Heights,Prospect 2nd touch,Visit / Prospect,Prospect,Wave 2,0,0,Orthopedic,Madison Heights,70.0,False,"C2 (Aug 7 refresh: actuals-seeded, territory v3)",R14,6.0,R14,,"42.49483,-83.08680",True
2026-09-07,W6,Coty,C-W6D3,Route day,8,Oakland Macomb Surgical Group - Madison Heights,Prospect 2nd touch,Visit / Prospect,Prospect,Wave 2,0,0,Orthopedic,Madison Heights,385.0,False,"C2 (Aug 7 refresh: actuals-seeded, territory v3)",R14,7.0,R14,,"42.49483,-83.08680",False
2026-09-07,W6,Coty,C-W6D3,Route day,9,John R Medical Clinic,Ortho cross-sell,Ortho Referrer,Tier 2,Wave 2,0,1,PCP,Madison Heights,47.0,False,"C2 (Aug 7 refresh: actuals-seeded, territory v3)",R14,8.0,R14,,"42.48738,-83.10540",True
2026-09-07,W6,Coty,C-W6D3,Route day,10,Progressive Health Care,Ortho cross-sell,Ortho Referrer,Tier 2,Wave 2,0,2,PCP,Berkley,54.0,False,"C2 (Aug 7 refresh: actuals-seeded, territory v3)",R07,3.0,R07,,"42.49625,-83.18401",True
2026-09-07,W6,Coty,C-W6D4,Route day,1,Office of Josephine A. Iskander MD,Convert to repeat,One Spine Patient,Tier 1,Wave 1,1,1,PCP,Sterling Heights,28.0,False,"C2 (Aug 7 refresh: actuals-seeded, territory v3)",R06,1.0,R06,,"42.60917,-83.08971",True
2026-09-07,W6,Coty,C-W6D4,Route day,2,Skywalk Internal Medicine,NEW account — first touch,Visit / Prospect,Prospect,,0,0,PCP,Sterling Heights,,False,"C2 (Aug 7 refresh: actuals-seeded, territory v3)",R06,2.0,R06,,"42.60917,-83.08971",False
2026-09-07,W6,Coty,C-W6D4,Route day,3,Precise Chiropractic,Ortho cross-sell,Ortho Referrer,Tier 2,Wave 2,0,1,Chiropractor,Troy,28.0,False,"C2 (Aug 7 refresh: actuals-seeded, territory v3)",R30,7.0,R30,,"42.57986,-83.10982",True
2026-09-07,W6,Coty,C-W6D4,Route day,4,Hope Medical Center,Ortho cross-sell,Ortho Referrer,Tier 2,Wave 2,0,1,PCP,Sterling Heights,45.0,False,"C2 (Aug 7 refresh: actuals-seeded, territory v3)",R06,3.0,R06,,"42.57883,-83.07126",True
2026-09-07,W6,Coty,C-W6D4,Route day,5,Urgent Care Family,Ortho cross-sell,Ortho Referrer,Tier 2,Wave 2,0,1,Urgent Care,Sterling Heights,46.0,False,"C2 (Aug 7 refresh: actuals-seeded, territory v3)",R06,9.0,R06,,"42.58025,-83.05050",True
2026-09-07,W6,Coty,C-W6D4,Route day,6,Henry Ford Macomb Internal Medicine,Convert to repeat,One Spine Patient,Tier 1,Wave 1,1,4,PCP,Sterling Heights,55.0,False,"C2 (Aug 7 refresh: actuals-seeded, territory v3)",R10,6.0,R10,,"42.55286,-82.98748",True
2026-09-07,W6,Coty,C-W6D4,Route day,7,Beaumont Associated Family Care - Warren,Ortho cross-sell,Ortho Referrer,Tier 2,Wave 2,0,2,PCP,Warren,32.0,False,"C2 (Aug 7 refresh: actuals-seeded, territory v3)",R04,1.0,R04,,"42.51422,-83.02277",True
2026-09-07,W6,Coty,C-W6D4,Route day,8,AS Medical Group,Prospect first-touch,Visit / Prospect,Prospect,Wave 2,0,0,PCP,Sterling Heights,45.0,True,"C2 (Aug 7 refresh: actuals-seeded, territory v3)",R06,7.0,R06,,"42.53619,-83.05798",True
2026-09-07,W6,Coty,C-W6D4,Route day,9,Farrah Ahmad MD,Prospect first-touch,Visit / Prospect,Prospect,Wave 2,0,0,PCP,Mi 48310,45.0,True,"C2 (Aug 7 refresh: actuals-seeded, territory v3)",R04,6.0,R04,,"42.54426,-83.06855",True
2026-09-07,W6,Coty,C-W6D4,Route day,10,Bones & Joints Clinic,Prospect first-touch,Visit / Prospect,Prospect,Wave 2,0,0,Pain,Sterling Heights,69.0,True,"C2 (Aug 7 refresh: actuals-seeded, territory v3)",R06,5.0,R06,,"42.56374,-83.07813",True
2026-09-07,W6,Coty,C-W6D5,Route day,1,Cornerstone Internal Medicine,Convert to repeat,One Spine Patient,Tier 1,Wave 2,1,2,PCP,Macomb,333.0,False,"C2 (Aug 7 refresh: actuals-seeded, territory v3)",R18,4.0,R18,,"42.64046,-82.93749",True
2026-09-07,W6,Coty,C-W6D5,Route day,2,Associated Orthopedists of Detroit-Shelby Township,Ortho cross-sell,Ortho Referrer,Tier 2,Wave 2,0,1,Orthopedic,Shelby Township,34.0,False,"C2 (Aug 7 refresh: actuals-seeded, territory v3)",R03,3.0,R03,,"42.66723,-82.99821",True
2026-09-07,W6,Coty,C-W6D5,Route day,3,Alliance - Macomb,Ortho cross-sell,Ortho Referrer,Tier 2,Wave 2,0,2,PCP,Shelby Township,34.0,False,"C2 (Aug 7 refresh: actuals-seeded, territory v3)",R03,4.0,R03,,"42.66723,-82.99821",True
2026-09-07,W6,Coty,C-W6D5,Route day,4,Michigan Surgery Specialists - Shelby Township,Prospect 2nd touch,Visit / Prospect,Prospect,Wave 2,0,0,Orthopedic,Shelby Township,34.0,False,"C2 (Aug 7 refresh: actuals-seeded, territory v3)",R03,5.0,R03,,"42.66723,-82.99821",True
2026-09-07,W6,Coty,C-W6D5,Route day,5,MD VIP - Utica,Prospect first-touch,Visit / Prospect,Prospect,Wave 2,0,0,PCP,Shebly Township,34.0,True,"C2 (Aug 7 refresh: actuals-seeded, territory v3)",R10,1.0,R10,,"42.64604,-83.03390",True
2026-09-07,W6,Coty,C-W6D5,Route day,6,Osteopathic Health Care Associates,Prospect first-touch,Visit / Prospect,Prospect,Wave 2,0,0,PCP,Utica,48.0,True,"C2 (Aug 7 refresh: actuals-seeded, territory v3)",R10,3.0,R10,,"42.62358,-83.03187",True
2026-09-07,W6,Coty,C-W6D5,Route day,7,PRISM Extended Care and Urgent Care,Prospect first-touch,Visit / Prospect,Prospect,Wave 2,0,0,Urgent Care,Rochester Hills,48.0,True,"C2 (Aug 7 refresh: actuals-seeded, territory v3)",R20,10.0,R20,,"42.62476,-83.09574",True
2026-09-07,W6,Coty,C-W6D5,Route day,8,Corewell Center for Pain Management,Prospect first-touch,Visit / Prospect,Prospect,Wave 2,0,0,Pain,Rochester Hills,482.0,True,"C2 (Aug 7 refresh: actuals-seeded, territory v3)",R20,3.0,R20,,"42.62438,-83.10023",False
2026-09-07,W6,Coty,C-W6D5,Route day,9,Arcturus Healthcare - Rochester Hills,Prospect first-touch,Visit / Prospect,Prospect,Wave 2,0,0,PCP,Rochester Hills,21.0,True,"C2 (Aug 7 refresh: actuals-seeded, territory v3)",R20,2.0,R20,,"42.62425,-83.10991",True
2026-09-07,W6,Coty,C-W6D5,Route day,10,Rochester Family Practice,Prospect first-touch,Visit / Prospect,Prospect,Wave 2,0,0,PCP,Rochester Hills,26.0,True,"C2 (Aug 7 refresh: actuals-seeded, territory v3)",R28,10.0,R28,,"42.64146,-83.12400",True
2026-09-14,W7,Coty,C-W7D1,Route day,1,Community First Health Centers - New Haven,Convert to repeat,One Spine Patient,Tier 1,Wave 1,1,1,PCP,New Haven,41.0,False,"C2 (Aug 7 refresh: actuals-seeded, territory v3)",R09,8.0,R09,,"42.72766,-82.78966",True
2026-09-14,W7,Coty,C-W7D1,Route day,2,Bay Area Family Physicians,Convert to repeat,One Spine Patient,Tier 1,Wave 1,1,1,PCP,New Baltimore,83.0,False,"C2 (Aug 7 refresh: actuals-seeded, territory v3)",R09,3.0,R09,,"42.67664,-82.76434",True
2026-09-14,W7,Coty,C-W7D2,Route day,1,Brighton Internal Medicine,Convert to repeat,One Spine Patient,Tier 1,Wave 1,1,1,PCP,Howell,25.0,False,"C2 (Aug 7 refresh: actuals-seeded, territory v3)",R17,2.0,R17,,"42.58301,-83.87295",True
2026-09-14,W7,Coty,C-W7D2,Route day,2,Byron Medical Group,Prospect 2nd touch,Visit / Prospect,Prospect,Wave 2,0,0,PCP,Howell,25.0,False,"C2 (Aug 7 refresh: actuals-seeded, territory v3)",R17,3.0,R17,,"42.58301,-83.87295",True
2026-09-14,W7,Coty,C-W7D2,Route day,3,Howell Family Medicine,Prospect 2nd touch,Visit / Prospect,Prospect,Wave 2,0,0,PCP,Howell,25.0,False,"C2 (Aug 7 refresh: actuals-seeded, territory v3)",R17,4.0,R17,,"42.58301,-83.87295",True
2026-09-14,W7,Coty,C-W7D2,Route day,4,Newland Medical Associates - Howell,Prospect 2nd touch,Visit / Prospect,Prospect,Wave 2,0,0,PCP,Howell,25.0,False,"C2 (Aug 7 refresh: actuals-seeded, territory v3)",R17,5.0,R17,,"42.58301,-83.87295",False
2026-09-14,W7,Coty,C-W7D2,Route day,5,My Health Urgent Care (Ascension) - Howell,Prospect 2nd touch,Visit / Prospect,Prospect,Wave 2,0,0,Urgent Care,Howell,25.0,False,"C2 (Aug 7 refresh: actuals-seeded, territory v3)",R17,6.0,R17,,"42.58301,-83.87295",False
2026-09-14,W7,Coty,C-W7D2,Route day,6,Premier Family Medicine - Livingston,Prospect 2nd touch,Visit / Prospect,Prospect,Wave 2,0,0,PCP,Howell,104.0,False,"C2 (Aug 7 refresh: actuals-seeded, territory v3)",R17,7.0,R17,,"42.58301,-83.87295",True
2026-09-14,W7,Coty,C-W7D2,Route day,7,Kathleen Knapp DO,Prospect first-touch,Visit / Prospect,Prospect,Wave 2,0,0,Orthopedic,Howell,472.0,True,"C2 (Aug 7 refresh: actuals-seeded, territory v3)",R17,1.0,R17,,"42.61943,-83.94101",False
2026-09-14,W7,Coty,C-W7D3,Route day,1,EPIC Southfield - Telegraph Rd office,Convert to repeat,One Spine Patient,Tier 1,Wave 1,1,4,PCP,Southfield,74.0,False,"C2 (Aug 7 refresh: actuals-seeded, territory v3)",R15,3.0,R15,,"42.50687,-83.28664",True
2026-09-14,W7,Coty,C-W7D3,Route day,2,Epic Healthcare - Southfield,Convert to repeat,One Spine Patient,Tier 1,Wave 2,1,1,PCP,Southfield,158.0,False,"C2 (Aug 7 refresh: actuals-seeded, territory v3)",R15,4.0,R15,,"42.47298,-83.22664",True
2026-09-14,W7,Coty,C-W7D3,Route day,3,Novus Primary Care,Prospect first-touch,Visit / Prospect,Prospect,Wave 2,0,0,PCP,Berkley,54.0,True,"C2 (Aug 7 refresh: actuals-seeded, territory v3)",R07,1.0,R07,,"42.50166,-83.18421",True
2026-09-14,W7,Coty,C-W7D3,Route day,4,Belamedica,Ortho cross-sell,Ortho Referrer,Tier 2,Wave 2,0,1,PCP,Troy,46.0,False,"C2 (Aug 7 refresh: actuals-seeded, territory v3)",R21,3.0,R21,,"42.56237,-83.19381",True
2026-09-14,W7,Coty,C-W7D3,Route day,5,Troy Health Center,Ortho cross-sell,Ortho Referrer,Tier 2,Wave 2,0,2,PCP,Troy,18.0,False,"C2 (Aug 7 refresh: actuals-seeded, territory v3)",R30,4.0,R30,,"42.54803,-83.11916",False
2026-09-14,W7,Coty,C-W7D3,Route day,6,"John Joseph MD,",Prospect first-touch,Visit / Prospect,Prospect,Wave 2,0,0,PCP,Troy,42.0,True,"C2 (Aug 7 refresh: actuals-seeded, territory v3)",R30,2.0,R30,,"42.54872,-83.14386",True
2026-09-14,W7,Coty,C-W7D3,Route day,7,"Office of Sasenarine Persaud, MD",Prospect first-touch,Visit / Prospect,Prospect,Wave 2,0,0,PCP,Clawson,61.0,True,"C2 (Aug 7 refresh: actuals-seeded, territory v3)",R30,10.0,R30,,"42.53552,-83.14605",True
2026-09-14,W7,Coty,C-W7D3,Route day,8,Salta Direct Primary Care - Troy,Prospect first-touch,Visit / Prospect,Prospect,Wave 2,0,0,PCP,Troy,40.0,True,"C2 (Aug 7 refresh: actuals-seeded, territory v3)",R21,7.0,R21,,"42.56147,-83.16990",True
2026-09-14,W7,Coty,C-W7D3,Route day,9,Yousif Orthopedic Surgery,NEW account — first touch,Visit / Prospect,Prospect,,0,0,Orthopedics,Troy,,True,"C2 (Aug 7 refresh: actuals-seeded, territory v3)",R21,8.0,R21,,"42.56277,-83.16923",False
2026-09-14,W7,Coty,C-W7D3,Route day,10,Rochester Medical Group,Convert to repeat,One Spine Patient,Tier 1,Wave 1,1,1,PCP,Rochester Hills,21.0,False,"C2 (Aug 7 refresh: actuals-seeded, territory v3)",R20,1.0,R20,,"42.62427,-83.11776",True
2026-09-14,W7,Coty,C-W7D4,Route day,1,Schoenherr Family Practice,Protect,Repeat Spine Referrer,Tier 1,Wave 1,6,8,PCP,Shelby Township,7.0,False,"C2 (Aug 7 refresh: actuals-seeded, territory v3)",R03,8.0,R03,,"42.68397,-82.99785",True
2026-09-14,W7,Coty,C-W7D4,Route day,2,Stonebridge Orthopedics,Prospect 2nd touch,Visit / Prospect,Prospect,Wave 2,0,0,Orthopedic,Shelby Township,7.0,False,"C2 (Aug 7 refresh: actuals-seeded, territory v3)",R03,7.0,R03,,"42.68397,-82.99785",True
2026-09-14,W7,Coty,C-W7D4,Route day,3,Emil Sitto MD,Prospect first-touch,Visit / Prospect,Prospect,Wave 2,0,0,PCP,Macomb,31.0,True,"C2 (Aug 7 refresh: actuals-seeded, territory v3)",R18,7.0,R18,,"42.67410,-82.94035",True
2026-09-14,W7,Coty,C-W7D4,Route day,4,Silver Pine Medical Group Romeo Plank,Prospect first-touch,Visit / Prospect,Prospect,Wave 2,0,0,PCP,Macomb,31.0,True,"C2 (Aug 7 refresh: actuals-seeded, territory v3)",R18,5.0,R18,,"42.65587,-82.93797",True
2026-09-14,W7,Coty,C-W7D4,Route day,5,Neuro Pain Consultants - Macomb,Prospect 2nd touch,Visit / Prospect,Prospect,Wave 2,0,0,Orthopedic,Macomb,5.0,False,"C2 (Aug 7 refresh: actuals-seeded, territory v3)",R18,6.0,R18,,"42.65587,-82.93797",False
2026-09-14,W7,Coty,C-W7D4,Route day,6,McLaren Macomb Primary Care,Prospect first-touch,Visit / Prospect,Prospect,Wave 2,0,0,Pain,Macomb,31.0,True,"C2 (Aug 7 refresh: actuals-seeded, territory v3)",R18,9.0,R18,,"42.63195,-82.91647",True
2026-09-14,W7,Coty,C-W7D4,Route day,7,Orthopedic Surgery of Macomb,Prospect first-touch,Visit / Prospect,Prospect,Wave 2,0,0,Orthopedic,Clinton Township,31.0,True,"C2 (Aug 7 refresh: actuals-seeded, territory v3)",R02,6.0,R02,,"42.61207,-82.95587",True
2026-09-14,W7,Coty,C-W7D4,Route day,8,Gilead Pain Care,Prospect first-touch,Visit / Prospect,Prospect,Wave 2,0,0,Pain,Clinton Township,362.0,True,"C2 (Aug 7 refresh: actuals-seeded, territory v3)",R02,3.0,R02,,"42.58833,-82.95294",True
2026-09-14,W7,Coty,C-W7D4,Route day,9,Macomb Orthopedics,NEW account — first touch,Visit / Prospect,Prospect,,0,0,Orthopedics,Clinton Township,,True,"C2 (Aug 7 refresh: actuals-seeded, territory v3)",R02,10.0,R02,,"42.58412,-82.90139",False
2026-09-14,W7,Coty,C-W7D4,Route day,10,Center for Orthopedic Surgery,Prospect first-touch,Visit / Prospect,Prospect,Wave 2,0,0,Orthopedic,Clinton Township,137.0,True,"C2 (Aug 7 refresh: actuals-seeded, territory v3)",R02,9.0,R02,,"42.58699,-82.90051",False
2026-09-14,W7,Coty,C-W7D5,Route day,1,Specialists in Rehabilitation Medicine,Convert to repeat,One Spine Patient,Tier 1,Wave 1,1,1,Orthopedic,Rochester,389.0,False,"C2 (Aug 7 refresh: actuals-seeded, territory v3)",R19,3.0,R19,,"42.67900,-83.15028",False
2026-09-14,W7,Coty,C-W7D5,Route day,2,University Orthopedic Specialists,Prospect 2nd touch,Visit / Prospect,Prospect,Wave 2,0,0,Orthopedic,Rochester,20.0,False,"C2 (Aug 7 refresh: actuals-seeded, territory v3)",R19,4.0,R19,,"42.67900,-83.15028",True
2026-09-14,W7,Coty,C-W7D5,Route day,3,Oakland Macomb Surgical Group,Prospect 2nd touch,Visit / Prospect,Prospect,Wave 2,0,0,Orthopedic,Rochester Hills,552.0,False,"C2 (Aug 7 refresh: actuals-seeded, territory v3)",R27,3.0,R27,,"42.67900,-83.15028",False
2026-09-14,W7,Coty,C-W7D5,Route day,4,Stoney Creek Physicians,Prospect first-touch,Visit / Prospect,Prospect,Wave 2,0,0,PCP,Rochester Hills,20.0,True,"C2 (Aug 7 refresh: actuals-seeded, territory v3)",R27,4.0,R27,,"42.67564,-83.15223",True
2026-09-14,W7,Coty,C-W7D5,Route day,5,Your Physicians,Prospect first-touch,Visit / Prospect,Prospect,Wave 2,0,0,PCP,Rochester Hills,20.0,True,"C2 (Aug 7 refresh: actuals-seeded, territory v3)",R27,5.0,R27,,"42.67564,-83.15223",False
2026-09-14,W7,Coty,C-W7D5,Route day,6,Balanced Living Chiropractic,Prospect first-touch,Visit / Prospect,Prospect,Wave 2,0,0,Chiropractor,Rochester Hills,103.0,True,"C2 (Aug 7 refresh: actuals-seeded, territory v3)",R27,6.0,R27,,"42.67564,-83.15223",True
2026-09-14,W7,Coty,C-W7D5,Route day,7,"Internal Medicine Associates of Rochester Hills, PC",Prospect first-touch,Visit / Prospect,Prospect,Wave 2,0,0,PCP,Rochester Hills,35.0,True,"C2 (Aug 7 refresh: actuals-seeded, territory v3)",R27,7.0,R27,,"42.67457,-83.15208",True
2026-09-14,W7,Coty,C-W7D5,Route day,8,Rochester Hills Family Physicians (Corewell),Prospect first-touch,Visit / Prospect,Prospect,Wave 2,0,0,PCP,Rochester,20.0,True,"C2 (Aug 7 refresh: actuals-seeded, territory v3)",R19,1.0,R19,,"42.68272,-83.15038",True
2026-09-14,W7,Coty,C-W7D5,Route day,9,WellHealth Medical Associates - Rochester,Prospect first-touch,Visit / Prospect,Prospect,Wave 2,0,0,PCP,Rochester,20.0,True,"C2 (Aug 7 refresh: actuals-seeded, territory v3)",R19,2.0,R19,,"42.68272,-83.15038",False
2026-09-14,W7,Coty,C-W7D5,Route day,10,Legacy Medical Group,Prospect first-touch,Visit / Prospect,Prospect,Wave 2,0,0,PCP,Rochester Hills,20.0,True,"C2 (Aug 7 refresh: actuals-seeded, territory v3)",R27,2.0,R27,,"42.68216,-83.15961",True
2026-09-21,W8,Coty,C-W8D1,Route day,1,MI Family Practice,Protect,Repeat Spine Referrer,Tier 1,Named Sean Priority,3,8,PCP,Warren,32.0,False,"C2 (Aug 7 refresh: actuals-seeded, territory v3)",R04,2.0,R04,,"42.52098,-83.01292",True
2026-09-21,W8,Coty,C-W8D1,Route day,2,The Family Doctor,Protect,Repeat Spine Referrer,Tier 1,Wave 1,2,3,PCP,Clinton Township,31.0,False,"C2 (Aug 7 refresh: actuals-seeded, territory v3)",R02,1.0,R02,,"42.56722,-82.96555",True
2026-09-21,W8,Coty,C-W8D1,Route day,3,Chronic Pain Institute,Protect,Repeat Spine Referrer,Tier 1,Wave 1,2,2,Pain,Sterling Heights,69.0,False,"C2 (Aug 7 refresh: actuals-seeded, territory v3)",R10,7.0,R10,,"42.61191,-82.99371",True
2026-09-21,W8,Coty,C-W8D1,Route day,4,Office of George Nassif MD,Protect,Repeat Spine Referrer,Tier 1,Wave 1,4,4,PCP,Clinton Township,5.0,False,"C2 (Aug 7 refresh: actuals-seeded, territory v3)",R02,4.0,R02,,"42.60986,-82.95423",True
2026-09-21,W8,Coty,C-W8D1,Route day,5,Multi-Specialty Clinic,Prospect first-touch,Visit / Prospect,Prospect,Wave 2,0,0,PCP,Clinton Township,55.0,True,"C2 (Aug 7 refresh: actuals-seeded, territory v3)",R25,1.0,R25,,"42.56589,-82.89298",False
2026-09-21,W8,Coty,C-W8D1,Route day,6,Michigan MSK Medicine - Clinton Township,Cross-sell (other service),Other Patient Referrer,Tier 3,Wave 2,0,1,Neurology,Clinton Township,460.0,False,"C2 (Aug 7 refresh: actuals-seeded, territory v3)",R25,3.0,R25,,"42.56556,-82.87210",True
2026-09-21,W8,Coty,C-W8D1,Route day,7,Michigan MSK Medicine,NEW account — first touch,Visit / Prospect,Prospect,,0,0,Pain,Clinton Township,11.0,False,"C2 (Aug 7 refresh: actuals-seeded, territory v3)",R25,4.0,R25,,"42.56556,-82.87210",False
2026-09-21,W8,Coty,C-W8D1,Route day,8,Michigan Neurology Associates - Clinton Township,Prospect first-touch,Visit / Prospect,Prospect,Wave 2,0,0,Pain,Clinton Township,494.0,True,"C2 (Aug 7 refresh: actuals-seeded, territory v3)",R25,6.0,R25,,"42.54727,-82.87731",False
2026-09-21,W8,Coty,C-W8D2,Route day,1,Be Well Medical Center,Protect,Repeat Spine Referrer,Tier 1,Wave 1,3,17,PCP,Berkley,111.0,False,"C2 (Aug 7 refresh: actuals-seeded, territory v3)",R07,4.0,R07,,"42.48915,-83.17682",True
2026-09-21,W8,Coty,C-W8D2,Route day,2,Frederick Karoub MD PC,Cross-sell (other service),Other Patient Referrer,Tier 3,Wave 2,0,1,PCP,Royal Oak,54.0,False,"C2 (Aug 7 refresh: actuals-seeded, territory v3)",R07,8.0,R07,,"42.51738,-83.19841",True
2026-09-21,W8,Coty,C-W8D2,Route day,3,Premier Private Physicians,Convert to repeat,One Spine Patient,Tier 1,Wave 1,1,1,PCP,Troy,18.0,False,"C2 (Aug 7 refresh: actuals-seeded, territory v3)",R21,4.0,R21,,"42.56114,-83.17129",True
2026-09-21,W8,Coty,C-W8D2,Route day,4,Preferred Medical Group,Convert to repeat,One Spine Patient,Tier 1,Wave 1,1,2,Orthopedic,Madison Heights,47.0,False,"C2 (Aug 7 refresh: actuals-seeded, territory v3)",R14,1.0,R14,,"42.50479,-83.11903",True
2026-09-21,W8,Coty,C-W8D2,Route day,5,Madison Medical Arts,Convert to repeat,One Spine Patient,Tier 1,Wave 1,1,1,PCP,Madison Heights,47.0,False,"C2 (Aug 7 refresh: actuals-seeded, territory v3)",R14,2.0,R14,,"42.50066,-83.10524",True
2026-09-21,W8,Coty,C-W8D2,Route day,6,Epic Primary Care - Ferndale,Convert to repeat,One Spine Patient,Tier 1,Wave 1,1,4,PCP,Ferndale,81.0,False,"C2 (Aug 7 refresh: actuals-seeded, territory v3)",R04,9.0,R04,,"42.46114,-83.12113",True
2026-09-21,W8,Coty,C-W8D2,Route day,7,Barry S Meyer DO PC,Convert to repeat,One Spine Patient,Tier 1,Wave 1,1,1,PCP,Warren,70.0,False,"C2 (Aug 7 refresh: actuals-seeded, territory v3)",R11,1.0,R11,,"42.46519,-83.06496",True
2026-09-21,W8,Coty,C-W8D2,Route day,8,Oakland Primary Care,Protect,Repeat Spine Referrer,Tier 1,Wave 1,2,6,PCP,Warren,4.0,False,"C2 (Aug 7 refresh: actuals-seeded, territory v3)",R11,4.0,R11,,"42.49509,-82.98614",True
2026-09-21,W8,Coty,C-W8D2,Route day,9,Oak Street Health - Eastgate,Convert to repeat,One Spine Patient,Tier 1,Wave 2,1,2,PCP,Roseville,4.0,False,"C2 (Aug 7 refresh: actuals-seeded, territory v3)",R05,1.0,R05,,"42.49054,-82.94011",True
2026-09-21,W8,Coty,C-W8D3,Route day,1,North Macomb Medical Associates,Convert to repeat,One Spine Patient,Tier 1,Wave 1,1,1,PCP,Richmond,41.0,False,"C2 (Aug 7 refresh: actuals-seeded, territory v3)",R09,9.0,R09,,"42.79066,-82.73826",True
2026-09-21,W8,Coty,C-W8D4,Route day,1,McLaren Oakland Center for Spine & Pain Management,Convert to repeat,One Spine Patient,Tier 1,Wave 2,1,2,Pain,Clarkston,161.0,False,"C2 (Aug 7 refresh: actuals-seeded, territory v3)",R12,3.0,R12,,"42.72570,-83.43338",True
2026-09-21,W8,Coty,C-W8D4,Route day,2,Dixie Highway Internal Medicine,Prospect 2nd touch,Visit / Prospect,Prospect,Wave 2,0,0,PCP,Clarkston,63.0,False,"C2 (Aug 7 refresh: actuals-seeded, territory v3)",R12,4.0,R12,,"42.72570,-83.43338",True
2026-09-21,W8,Coty,C-W8D4,Route day,3,Premiere Pediatrics,Convert to repeat,One Spine Patient,Tier 1,Wave 2,1,1,Pediatrics,Clarkston,641.0,False,"C2 (Aug 7 refresh: actuals-seeded, territory v3)",R12,10.0,R12,,"42.74333,-83.41843",True
2026-09-21,W8,Coty,C-W8D4,Route day,4,Clarkston Medical Group Adult & Pediatric Medicine,Ortho cross-sell,Ortho Referrer,Tier 2,Wave 2,0,1,PCP,Village of Clarkston,63.0,False,"C2 (Aug 7 refresh: actuals-seeded, territory v3)",R24,4.0,R24,,"42.72557,-83.43315",True
2026-09-21,W8,Coty,C-W8D4,Route day,5,Clarkston Medical Group,Ortho cross-sell,Ortho Referrer,Tier 2,Wave 2,0,1,PCP,Clarkston,63.0,False,"C2 (Aug 7 refresh: actuals-seeded, territory v3)",R24,1.0,R24,,"42.72739,-83.37679",True
2026-09-21,W8,Coty,C-W8D4,Route day,6,Neuro Pain Consultants - Clarkston,Prospect 2nd touch,Visit / Prospect,Prospect,Wave 2,0,0,Pain,Clarkston,5.0,False,"C2 (Aug 7 refresh: actuals-seeded, territory v3)",R24,2.0,R24,,"42.72739,-83.37679",True
2026-09-21,W8,Coty,C-W8D4,Route day,7,MDVIP Clarkston,Prospect 2nd touch,Visit / Prospect,Prospect,Wave 2,0,0,PCP,Clarkston,63.0,False,"C2 (Aug 7 refresh: actuals-seeded, territory v3)",R24,3.0,R24,,"42.72739,-83.37679",True
2026-09-21,W8,Coty,C-W8D4,Route day,8,Clarkston Internal Medicine,Prospect first-touch,Visit / Prospect,Prospect,Wave 2,0,0,PCP,Clarkston,63.0,True,"C2 (Aug 7 refresh: actuals-seeded, territory v3)",R12,8.0,R12,,"42.74295,-83.41857",True
2026-09-21,W8,Coty,C-W8D4,Route day,9,Independence Urgent Care,Prospect first-touch,Visit / Prospect,Prospect,Wave 2,0,0,Urgent Care,Clarkston,63.0,True,"C2 (Aug 7 refresh: actuals-seeded, territory v3)",R12,9.0,R12,,"42.74297,-83.41871",False
2026-09-21,W8,Coty,C-W8D4,Route day,10,Clarkston Family Medicine,Prospect first-touch,Visit / Prospect,Prospect,Wave 2,0,0,PCP,Clarkston,63.0,True,"C2 (Aug 7 refresh: actuals-seeded, territory v3)",R12,2.0,R12,,"42.72713,-83.43196",True
2026-09-21,W8,Coty,C-W8D5,Route day,1,North Valley Internal Medicine,Protect,Repeat Spine Referrer,Tier 1,Wave 1,3,3,PCP,Highland Charter Township,25.0,False,"C2 (Aug 7 refresh: actuals-seeded, territory v3)",R08,4.0,R08,,"42.61744,-83.61681",True
2026-09-21,W8,Coty,C-W8D5,Route day,2,Oakland Internal Medicine Associates - Henry Ford,Ortho cross-sell,Ortho Referrer,Tier 2,Wave 2,0,2,PCP,Milford,25.0,False,"C2 (Aug 7 refresh: actuals-seeded, territory v3)",R08,6.0,R08,,"42.60380,-83.61146",True
2026-09-21,W8,Coty,C-W8D5,Route day,3,Prime Internal Medicine (MDVIP),Prospect 2nd touch,Visit / Prospect,Prospect,Wave 2,0,0,PCP,Milford Charter Township,25.0,False,"C2 (Aug 7 refresh: actuals-seeded, territory v3)",R08,2.0,R08,,"42.60380,-83.61146",True
2026-09-28,W9,Coty,C-W9D1,Route day,1,Faith Internal Medicine & Urgent Care,Protect,Repeat Spine Referrer,Tier 1,Wave 1,2,10,PCP,Livonia,6.0,False,"C2 (Aug 7 refresh: actuals-seeded, territory v3)",R13,5.0,R13,,"42.40042,-83.37421",True
2026-09-28,W9,Coty,C-W9D1,Route day,2,"GREAT LAKE PHYSICIANS, PC",Ortho cross-sell,Ortho Referrer,Tier 2,Wave 2,0,1,Orthopedic,Livonia,6.0,False,"C2 (Aug 7 refresh: actuals-seeded, territory v3)",R13,6.0,R13,,"42.39694,-83.40161",True
2026-09-28,W9,Coty,C-W9D1,Route day,3,Vital Medicine,Ortho cross-sell,Ortho Referrer,Tier 2,Wave 2,0,1,PCP,Livonia,6.0,False,"C2 (Aug 7 refresh: actuals-seeded, territory v3)",R13,1.0,R13,,"42.42407,-83.41577",True
2026-09-28,W9,Coty,C-W9D1,Route day,4,infinity Primary Care,NEW account — first touch,Visit / Prospect,Prospect,,0,0,PCP,Livonia,,False,"C2 (Aug 7 refresh: actuals-seeded, territory v3)",R13,2.0,R13,,"42.42407,-83.41577",False
2026-09-28,W9,Coty,C-W9D1,Route day,5,"TRI COUNTY ORTHOPEDICS, PC",Prospect first-touch,Visit / Prospect,Prospect,Wave 2,0,0,Orthopedic,Farmington Hills,33.0,True,"C2 (Aug 7 refresh: actuals-seeded, territory v3)",R15,7.0,R15,,"42.44447,-83.32460",True
2026-09-28,W9,Coty,C-W9D1,Route day,6,Neurology Consultants of Southfield,Cross-sell (other service),Other Patient Referrer,Tier 3,Wave 2,0,1,Neurology,Southfield,33.0,False,"C2 (Aug 7 refresh: actuals-seeded, territory v3)",R15,1.0,R15,,"42.50193,-83.30683",True
2026-09-28,W9,Coty,C-W9D1,Route day,7,Michigan Institute for Neurological Disorders (MIND) - Farmington Hills,Cross-sell (other service),Other Patient Referrer,Tier 3,Wave 2,0,2,Pain,Farmington,74.0,False,"C2 (Aug 7 refresh: actuals-seeded, territory v3)",R15,10.0,R15,,"42.50781,-83.35992",True
2026-09-28,W9,Coty,C-W9D1,Route day,8,"Ruffini DC PC, Richard J",Prospect first-touch,Visit / Prospect,Prospect,Wave 2,0,0,Chiropractor,Southfield,74.0,True,"C2 (Aug 7 refresh: actuals-seeded, territory v3)",R15,2.0,R15,,"42.49956,-83.28945",True
2026-09-28,W9,Coty,C-W9D2,Route day,1,Lakeview Medical Center,Protect,Repeat Spine Referrer,Tier 1,Wave 1,7,13,PCP,St. Clair Shores,11.0,False,"C2 (Aug 7 refresh: actuals-seeded, territory v3)",R01,4.0,R01,,"42.46905,-82.90609",True
2026-09-28,W9,Coty,C-W9D2,Route day,2,Shaun Jayakar MD,Ortho cross-sell,Ortho Referrer,Tier 2,Wave 2,0,6,PCP,St. Clair Shores,11.0,False,"C2 (Aug 7 refresh: actuals-seeded, territory v3)",R01,3.0,R01,,"42.46598,-82.90612",True
2026-09-28,W9,Coty,C-W9D2,Route day,3,Henry Ford Health Medical Center (Ascension),Ortho cross-sell,Ortho Referrer,Tier 2,Wave 2,0,3,PCP,St. Clair Shores,53.0,False,"C2 (Aug 7 refresh: actuals-seeded, territory v3)",R01,7.0,R01,,"42.47927,-82.90774",True
2026-09-28,W9,Coty,C-W9D2,Route day,4,Corewell Health Family Medicine -SAINT CLAIR SHORES,Ortho cross-sell,Ortho Referrer,Tier 2,Wave 2,0,1,PCP,St. Clair Shores,24.0,False,"C2 (Aug 7 refresh: actuals-seeded, territory v3)",R01,9.0,R01,,"42.48335,-82.90767",True
2026-09-28,W9,Coty,C-W9D2,Route day,5,Henry Ford St. John Center for Wellness,Convert to repeat,One Spine Patient,Tier 1,Wave 1,1,3,PCP,Roseville,24.0,False,"C2 (Aug 7 refresh: actuals-seeded, territory v3)",R05,2.0,R05,,"42.48144,-82.93247",True
2026-09-28,W9,Coty,C-W9D2,Route day,6,Sudha Nannapaneni MD,Convert to repeat,One Spine Patient,Tier 1,Wave 1,1,1,PCP,Roseville,24.0,False,"C2 (Aug 7 refresh: actuals-seeded, territory v3)",R05,3.0,R05,,"42.48141,-82.93249",False
2026-09-28,W9,Coty,C-W9D2,Route day,7,Gratiot Family Medicine,Convert to repeat,One Spine Patient,Tier 1,Wave 2,1,1,PCP,Harper Woods,144.0,False,"C2 (Aug 7 refresh: actuals-seeded, territory v3)",R05,7.0,R05,,"42.44819,-82.92411",True
2026-09-28,W9,Coty,C-W9D2,Route day,8,ESSENTIAL CARE FAMILY MEDICINE,Ortho cross-sell,Ortho Referrer,Tier 2,Wave 2,0,3,PCP,St. Clair Shores,46.0,False,"C2 (Aug 7 refresh: actuals-seeded, territory v3)",R29,3.0,R29,,"42.49644,-82.89609",True
2026-09-28,W9,Coty,C-W9D2,Route day,9,Lakeside Internal Medicine,Ortho cross-sell,Ortho Referrer,Tier 2,Wave 2,0,3,PCP,St. Clair Shores,4.0,False,"C2 (Aug 7 refresh: actuals-seeded, territory v3)",R29,5.0,R29,,"42.50877,-82.90513",True
2026-09-28,W9,Coty,C-W9D2,Route day,10,Normandy Family Practice,Ortho cross-sell,Ortho Referrer,Tier 2,Wave 2,0,1,PCP,Clinton Township,11.0,False,"C2 (Aug 7 refresh: actuals-seeded, territory v3)",R25,5.0,R25,,"42.56527,-82.87239",True
2026-09-28,W9,Coty,C-W9D3,Route day,1,Corewell Internal Medicine Midway,Ortho cross-sell,Ortho Referrer,Tier 2,Wave 2,0,1,PCP,Rochester Hills,26.0,False,"C2 (Aug 7 refresh: actuals-seeded, territory v3)",R28,9.0,R28,,"42.64189,-83.12419",True
2026-09-28,W9,Coty,C-W9D3,Route day,2,Meadowbrook Internists,Ortho cross-sell,Ortho Referrer,Tier 2,Wave 2,0,1,PCP,Rochester Hills,48.0,False,"C2 (Aug 7 refresh: actuals-seeded, territory v3)",R28,3.0,R28,,"42.64336,-83.13014",True
2026-09-28,W9,Coty,C-W9D3,Route day,3,Ciarlone Orthopedics,Prospect 2nd touch,Visit / Prospect,Prospect,Wave 2,0,0,Orthopedic,Rochester Hills,26.0,False,"C2 (Aug 7 refresh: actuals-seeded, territory v3)",R28,1.0,R28,,"42.64336,-83.13014",True
2026-09-28,W9,Coty,C-W9D3,Route day,4,Amabir Khaira MD,Prospect 2nd touch,Visit / Prospect,Prospect,Wave 2,0,0,PCP,Rochester Hills,26.0,False,"C2 (Aug 7 refresh: actuals-seeded, territory v3)",R28,2.0,R28,,"42.64336,-83.13014",True
2026-09-28,W9,Coty,C-W9D3,Route day,5,Barclay Internists,Ortho cross-sell,Ortho Referrer,Tier 2,Wave 2,0,1,PCP,Rochester,26.0,False,"C2 (Aug 7 refresh: actuals-seeded, territory v3)",R19,6.0,R19,,"42.64336,-83.13014",True
2026-09-28,W9,Coty,C-W9D3,Route day,6,Physicians in Family Medicine,Ortho cross-sell,Ortho Referrer,Tier 2,Wave 2,0,1,PCP,Rochester Hills,20.0,False,"C2 (Aug 7 refresh: actuals-seeded, territory v3)",R27,8.0,R27,,"42.66660,-83.15096",True
2026-09-28,W9,Coty,C-W9D3,Route day,7,Prism Medical Group - Family Medicine Ste 240,Ortho cross-sell,Ortho Referrer,Tier 2,Wave 2,0,2,PCP,Rochester Hills,21.0,False,"C2 (Aug 7 refresh: actuals-seeded, territory v3)",R20,7.0,R20,,"42.62474,-83.09609",True
2026-09-28,W9,Coty,C-W9D3,Route day,8,Poley Sports Medicine,Prospect 2nd touch,Visit / Prospect,Prospect,Wave 2,0,0,Orthopedic,Rochester Hills,21.0,False,"C2 (Aug 7 refresh: actuals-seeded, territory v3)",R20,4.0,R20,,"42.62474,-83.09609",False
2026-09-28,W9,Coty,C-W9D3,Route day,9,Southeast Michigan Center for Orthopedics - Rochester Hlls,Prospect 2nd touch,Visit / Prospect,Prospect,Wave 2,0,0,Orthopedic,Rochester Hills,21.0,False,"C2 (Aug 7 refresh: actuals-seeded, territory v3)",R20,5.0,R20,,"42.62474,-83.09609",True
2026-09-28,W9,Coty,C-W9D3,Route day,10,Prism Medical Group - Family Medicine Ste 160,Prospect 2nd touch,Visit / Prospect,Prospect,Wave 2,0,0,PCP,Rochester Hills,48.0,False,"C2 (Aug 7 refresh: actuals-seeded, territory v3)",R20,6.0,R20,,"42.62474,-83.09609",True
2026-09-28,W9,Coty,C-W9D4,Route day,1,Prism Medical Group - Internal Medicine,Ortho cross-sell,Ortho Referrer,Tier 2,Wave 2,0,1,PCP,Rochester Hills,21.0,False,"C2 (Aug 7 refresh: actuals-seeded, territory v3)",R20,9.0,R20,,"42.62474,-83.09609",True
2026-09-28,W9,Coty,C-W9D4,Route day,2,Poley Sports Medicine,Prospect 2nd touch,Visit / Prospect,Prospect,Wave 2,0,0,Orthopedic,Rochester Hills,21.0,False,"C2 (Aug 7 refresh: actuals-seeded, territory v3)",R20,4.0,R20,,"42.62474,-83.09609",False
2026-09-28,W9,Coty,C-W9D4,Route day,3,Southeast Michigan Center for Orthopedics - Rochester Hlls,Prospect 2nd touch,Visit / Prospect,Prospect,Wave 2,0,0,Orthopedic,Rochester Hills,21.0,False,"C2 (Aug 7 refresh: actuals-seeded, territory v3)",R20,5.0,R20,,"42.62474,-83.09609",True
2026-09-28,W9,Coty,C-W9D4,Route day,4,Prism Medical Group - Family Medicine Ste 160,Prospect 2nd touch,Visit / Prospect,Prospect,Wave 2,0,0,PCP,Rochester Hills,48.0,False,"C2 (Aug 7 refresh: actuals-seeded, territory v3)",R20,6.0,R20,,"42.62474,-83.09609",True
2026-09-28,W9,Coty,C-W9D4,Route day,5,Prism Medical Group - Family Medicine Ste 240,Ortho cross-sell,Ortho Referrer,Tier 2,Wave 2,0,2,PCP,Rochester Hills,21.0,False,"C2 (Aug 7 refresh: actuals-seeded, territory v3)",R20,7.0,R20,,"42.62474,-83.09609",True
2026-09-28,W9,Coty,C-W9D4,Route day,6,Precise Medical,Prospect 2nd touch,Visit / Prospect,Prospect,Wave 2,0,0,PCP,Rochester Hills,21.0,False,"C2 (Aug 7 refresh: actuals-seeded, territory v3)",R20,8.0,R20,,"42.62474,-83.09609",True
2026-09-28,W9,Coty,C-W9D4,Route day,7,Office of Josephine A. Iskander MD,Convert to repeat,One Spine Patient,Tier 1,Wave 1,1,1,PCP,Sterling Heights,28.0,False,"C2 (Aug 7 refresh: actuals-seeded, territory v3)",R06,1.0,R06,,"42.60917,-83.08971",True
2026-09-28,W9,Coty,C-W9D4,Route day,8,Skywalk Internal Medicine,NEW account — first touch,Visit / Prospect,Prospect,,0,0,PCP,Sterling Heights,,False,"C2 (Aug 7 refresh: actuals-seeded, territory v3)",R06,2.0,R06,,"42.60917,-83.08971",False
2026-09-28,W9,Coty,C-W9D4,Route day,9,Office of Steven Trombly MD,Convert to repeat,One Spine Patient,Tier 1,Wave 1,1,7,PCP,Sterling Heights,32.0,False,"C2 (Aug 7 refresh: actuals-seeded, territory v3)",R06,6.0,R06,,"42.55076,-83.05622",True
2026-09-28,W9,Coty,C-W9D4,Route day,10,DMC Orthopedics & Sports Medicine - Warren,Convert to repeat,One Spine Patient,Tier 1,Wave 1,1,1,Orthopedic,Sterling Heihhts,45.0,False,"C2 (Aug 7 refresh: actuals-seeded, territory v3)",R04,5.0,R04,,"42.54192,-83.02960",True
2026-09-28,W9,Coty,C-W9D5,Route day,1,Macomb Physicians Group,Convert to repeat,One Spine Patient,Tier 1,Wave 1,1,9,PCP,Sterling Heights,39.0,False,"C2 (Aug 7 refresh: actuals-seeded, territory v3)",R06,10.0,R06,,"42.56500,-83.02489",True
2026-09-28,W9,Coty,C-W9D5,Route day,2,Henry Ford Macomb Internal Medicine,Convert to repeat,One Spine Patient,Tier 1,Wave 1,1,4,PCP,Sterling Heights,55.0,False,"C2 (Aug 7 refresh: actuals-seeded, territory v3)",R10,6.0,R10,,"42.55286,-82.98748",True
2026-09-28,W9,Coty,C-W9D5,Route day,3,Henry Ford Macomb Health Center - Fraser,Ortho cross-sell,Ortho Referrer,Tier 2,Wave 2,0,1,PCP,Clinton Township,4.0,False,"C2 (Aug 7 refresh: actuals-seeded, territory v3)",R02,2.0,R02,,"42.55401,-82.96456",True
2026-09-28,W9,Coty,C-W9D5,Route day,4,Cornerstone Garfield Family Practice - Ascension,Ortho cross-sell,Ortho Referrer,Tier 2,Wave 2,0,3,PCP,Clinton Township,5.0,False,"C2 (Aug 7 refresh: actuals-seeded, territory v3)",R02,8.0,R02,,"42.61997,-82.95183",True
2026-09-28,W9,Coty,C-W9D5,Route day,5,Cornerstone Internal Medicine,Convert to repeat,One Spine Patient,Tier 1,Wave 2,1,2,PCP,Macomb,333.0,False,"C2 (Aug 7 refresh: actuals-seeded, territory v3)",R18,4.0,R18,,"42.64046,-82.93749",True
2026-09-28,W9,Coty,C-W9D5,Route day,6,Associated Orthopedists of Detroit-Shelby Township,Ortho cross-sell,Ortho Referrer,Tier 2,Wave 2,0,1,Orthopedic,Shelby Township,34.0,False,"C2 (Aug 7 refresh: actuals-seeded, territory v3)",R03,3.0,R03,,"42.66723,-82.99821",True
2026-09-28,W9,Coty,C-W9D5,Route day,7,Alliance - Macomb,Ortho cross-sell,Ortho Referrer,Tier 2,Wave 2,0,2,PCP,Shelby Township,34.0,False,"C2 (Aug 7 refresh: actuals-seeded, territory v3)",R03,4.0,R03,,"42.66723,-82.99821",True
2026-09-28,W9,Coty,C-W9D5,Route day,8,Michigan Surgery Specialists - Shelby Township,Prospect 2nd touch,Visit / Prospect,Prospect,Wave 2,0,0,Orthopedic,Shelby Township,34.0,False,"C2 (Aug 7 refresh: actuals-seeded, territory v3)",R03,5.0,R03,,"42.66723,-82.99821",True
2026-08-10,W2,Jasmine,J-W2D1,Route day,1,DMC SPORTS MEDICINE NOVI,Protect (LAPSED),Repeat Spine Referrer,Tier 1,Wave 1,7,7,Orthopedic,Novi,47.0,True,"C2 (Aug 7 refresh: actuals-seeded, territory v3)",R01,1.0,R01,,"42.49620,-83.48208",True
2026-08-10,W2,Jasmine,J-W2D1,Route day,2,WEST OAKLAND INTERNISTS,Ortho cross-sell,Ortho Referrer,Tier 2,Wave 2,0,7,PCP,Novi,7.0,False,"C2 (Aug 7 refresh: actuals-seeded, territory v3)",R01,2.0,R01,,"42.49620,-83.48208",True
2026-08-10,W2,Jasmine,J-W2D1,Route day,3,Corewell Health Family Care of Novi,Ortho cross-sell,Ortho Referrer,Tier 2,Wave 2,0,5,PCP,Novi,31.0,True,"C2 (Aug 7 refresh: actuals-seeded, territory v3)",R17,10.0,R17,,"42.49712,-83.48326",True
2026-08-10,W2,Jasmine,J-W2D1,Route day,4,Corewell Urgent Care - Novi,Cross-sell (other service),Other Patient Referrer,Tier 3,Wave 2,0,1,Urgent Care,Novi,48.0,True,"C2 (Aug 7 refresh: actuals-seeded, territory v3)",R01,3.0,R01,,"42.48081,-83.47690",True
2026-08-10,W2,Jasmine,J-W2D1,Route day,5,Office of Robert Brateman,Ortho cross-sell,Ortho Referrer,Tier 2,Wave 2,0,5,PCP,Novi,48.0,True,"C2 (Aug 7 refresh: actuals-seeded, territory v3)",R01,7.0,R01,,"42.47279,-83.44172",True
2026-08-10,W2,Jasmine,J-W2D1,Route day,6,Family Care Physicians PC,Ortho cross-sell,Ortho Referrer,Tier 2,Wave 2,0,1,PCP,Novi,48.0,True,"C2 (Aug 7 refresh: actuals-seeded, territory v3)",R01,8.0,R01,,"42.46902,-83.43651",True
2026-08-10,W2,Jasmine,J-W2D1,Route day,7,Primecare of Novi,Ortho cross-sell,Ortho Referrer,Tier 2,Wave 2,0,1,Pain,Novi,40.0,True,"C2 (Aug 7 refresh: actuals-seeded, territory v3)",R01,9.0,R01,,"42.46741,-83.43764",True
2026-08-10,W2,Jasmine,J-W2D1,Route day,8,"PRIMECARE URGENT CARE, PLLC",Prospect first-touch,Visit / Prospect,Prospect,Wave 2,0,0,Orthopedic,Novi,40.0,True,"C2 (Aug 7 refresh: actuals-seeded, territory v3)",R01,10.0,R01,,"42.46741,-83.43764",True
2026-08-10,W2,Jasmine,J-W2D1,Route day,9,Corwell internal medicine and primary care,Ortho cross-sell,Ortho Referrer,Tier 2,Wave 2,0,1,PCP,Livonia,62.0,True,"C2 (Aug 7 refresh: actuals-seeded, territory v3)",R28,10.0,R28,,"42.43238,-83.41735",False
2026-08-10,W2,Jasmine,J-W2D1,Route day,10,Comprehensive Healthcare Associates and Prevention Medicine,Protect (LAPSED),Repeat Spine Referrer,Tier 1,Wave 1,6,24,PCP,Livonia,32.0,True,"C2 (Aug 7 refresh: actuals-seeded, territory v3)",R04,4.0,R04,,"42.39382,-83.40209",True
2026-08-10,W2,Jasmine,J-W2D2,Route day,1,Synergy Medical Primary Care,Protect (LAPSED),Repeat Spine Referrer,Tier 1,Wave 1,4,19,PCP,Livonia,33.0,True,"C2 (Aug 7 refresh: actuals-seeded, territory v3)",R07,10.0,R07,,"42.35993,-83.33214",True
2026-08-10,W2,Jasmine,J-W2D2,Route day,2,OAK STREET HEALTH CHERRY HILL,Protect (LAPSED),Repeat Spine Referrer,Tier 1,Wave 1,3,21,PCP,Inkster,110.0,True,"C2 (Aug 7 refresh: actuals-seeded, territory v3)",R09,4.0,R09,,"42.31160,-83.30742",True
2026-08-10,W2,Jasmine,J-W2D2,Route day,3,Plymouth physical therapy services,Reactivate,One Spine Patient,Tier 1,Wave 1,1,1,PT,Garden City,109.0,True,"C2 (Aug 7 refresh: actuals-seeded, territory v3)",R14,1.0,R14,,"42.32622,-83.33207",True
2026-08-10,W2,Jasmine,J-W2D2,Route day,4,"APOLLO HEALTH SERVICES, PC",Reactivate,One Spine Patient,Tier 1,Wave 1,1,1,PCP,Garden City,109.0,True,"C2 (Aug 7 refresh: actuals-seeded, territory v3)",R14,2.0,R14,,"42.32786,-83.33147",True
2026-08-10,W2,Jasmine,J-W2D2,Route day,5,BEAUMONT FAMILY MEDICINE GARDEN CITY,Cross-sell (other service),Other Patient Referrer,Tier 3,Wave 2,0,1,PCP,Garden City,56.0,True,"C2 (Aug 7 refresh: actuals-seeded, territory v3)",R14,3.0,R14,,"42.32588,-83.32906",True
2026-08-10,W2,Jasmine,J-W2D2,Route day,6,The family Doc,Ortho cross-sell,Ortho Referrer,Tier 2,Wave 2,0,1,PCP,Dearborn Heights,165.0,True,"C2 (Aug 7 refresh: actuals-seeded, territory v3)",R25,1.0,R25,,"42.34134,-83.28758",False
2026-08-10,W2,Jasmine,J-W2D2,Route day,7,Livonia Family Medical Center,Convert to repeat,One Spine Patient,Tier 1,Wave 1,1,3,PCP,Livonia,45.0,True,"C2 (Aug 7 refresh: actuals-seeded, territory v3)",R16,1.0,R16,,"42.36890,-83.32576",True
2026-08-10,W2,Jasmine,J-W2D2,Route day,8,Premier Medicine Medical Center - Livonia,Protect (LAPSED),Repeat Spine Referrer,Tier 1,Wave 1,2,7,Urgent Care,Livonia,45.0,True,"C2 (Aug 7 refresh: actuals-seeded, territory v3)",R06,9.0,R06,,"42.43769,-83.33532",True
2026-08-10,W2,Jasmine,J-W2D2,Route day,9,CENTER FOR INTERNAL MEDICINE CONTINUITY CLINIC,Ortho cross-sell,Ortho Referrer,Tier 2,Wave 2,0,1,PCP,Livonia,59.0,True,"C2 (Aug 7 refresh: actuals-seeded, territory v3)",R06,8.0,R06,,"42.42683,-83.32690",True
2026-08-10,W2,Jasmine,J-W2D2,Route day,10,"Trinity Health IHA Medical Group, Primary Care - Southeast Livonia",Convert to repeat,One Spine Patient,Tier 1,Wave 1,1,3,PCP,Livonia,45.0,True,"C2 (Aug 7 refresh: actuals-seeded, territory v3)",R07,3.0,R07,,"42.36972,-83.33238",True
2026-08-10,W2,Jasmine,J-W2D3,Route day,1,CANTON FAMILY HEALTH LLC,Protect (LAPSED),Repeat Spine Referrer,Tier 1,Wave 1,4,6,PCP,Canton,35.0,True,"C2 (Aug 7 refresh: actuals-seeded, territory v3)",R03,7.0,R03,,"42.32886,-83.44744",True
2026-08-10,W2,Jasmine,J-W2D3,Route day,2,Corwell health orthopedics Canton,Convert to repeat,One Spine Patient,Tier 1,Wave 1,1,1,Orthopedic,Canton,18.0,False,"C2 (Aug 7 refresh: actuals-seeded, territory v3)",R03,1.0,R03,,"42.32062,-83.44835",True
2026-08-10,W2,Jasmine,J-W2D3,Route day,3,A1 Family Medicine,Convert to repeat,One Spine Patient,Tier 1,Wave 1,1,3,PCP,Canton,10.0,False,"C2 (Aug 7 refresh: actuals-seeded, territory v3)",R03,2.0,R03,,"42.32062,-83.44835",True
2026-08-10,W2,Jasmine,J-W2D3,Route day,4,CoreWell Health Family Medicine,Ortho cross-sell,Ortho Referrer,Tier 2,Wave 2,0,10,PCP,Canton,39.0,True,"C2 (Aug 7 refresh: actuals-seeded, territory v3)",R03,3.0,R03,,"42.32062,-83.44835",True
2026-08-10,W2,Jasmine,J-W2D3,Route day,5,Michigan family wellness,Prospect first-touch,Visit / Prospect,Prospect,Wave 2,0,0,Pain,Canton,39.0,True,"C2 (Aug 7 refresh: actuals-seeded, territory v3)",R03,4.0,R03,,"42.32062,-83.44835",False
2026-08-10,W2,Jasmine,J-W2D3,Route day,6,Sarju Shah Family Medicine and Geriatrics,Prospect first-touch,Visit / Prospect,Prospect,Wave 2,0,0,PCP,Canton,39.0,True,"C2 (Aug 7 refresh: actuals-seeded, territory v3)",R03,5.0,R03,,"42.32062,-83.44835",True
2026-08-10,W2,Jasmine,J-W2D3,Route day,7,BEAUMONT CHERRY HILL INTERNAL MEDICAL ASSOCIATES CANTON,Prospect 2nd touch,Visit / Prospect,Prospect,Wave 2,0,0,PCP,Canton,18.0,False,"C2 (Aug 7 refresh: actuals-seeded, territory v3)",R03,6.0,R03,,"42.32062,-83.44835",True
2026-08-10,W2,Jasmine,J-W2D3,Route day,8,Trinity Health IHA Medical Group Primary Care - Canton,Convert to repeat,One Spine Patient,Tier 1,Wave 1,1,1,PCP,Canton,26.0,True,"C2 (Aug 7 refresh: actuals-seeded, territory v3)",R11,3.0,R11,,"42.29431,-83.48807",True
2026-08-10,W2,Jasmine,J-W2D3,Route day,9,IHA ORTHOPAEDIC SURGERY ASSOCIATES - CANTON,Prospect 2nd touch,Visit / Prospect,Prospect,Wave 2,0,0,Orthopedic,Canton,18.0,False,"C2 (Aug 7 refresh: actuals-seeded, territory v3)",R11,1.0,R11,,"42.29431,-83.48807",True
2026-08-10,W2,Jasmine,J-W2D3,Route day,10,Trinity URGENT CARE CANTON,Prospect first-touch,Visit / Prospect,Prospect,Wave 2,0,0,Orthopedic,Canton,26.0,True,"C2 (Aug 7 refresh: actuals-seeded, territory v3)",R11,2.0,R11,,"42.29431,-83.48807",True
2026-08-10,W2,Jasmine,J-W2D4,Route day,1,QuickDoc Urgent Care,Protect (LAPSED),Repeat Spine Referrer,Tier 1,Wave 1,4,4,Urgent Care,Eastpointe,90.0,True,"C2 (Aug 7 refresh: actuals-seeded, territory v3)",R05,9.0,R05,,"42.48002,-82.92224",True
2026-08-10,W2,Jasmine,J-W2D4,Route day,2,Eastpointe Family Physicians,Convert to repeat,One Spine Patient,Tier 1,Wave 1,1,4,PCP,Eastpointe,17.0,False,"C2 (Aug 7 refresh: actuals-seeded, territory v3)",R05,8.0,R05,,"42.47904,-82.92813",True
2026-08-10,W2,Jasmine,J-W2D4,Route day,3,Michigan Primary Care - Eastpointe,Ortho cross-sell,Ortho Referrer,Tier 2,Wave 2,0,1,PCP,Eastpointe,90.0,True,"C2 (Aug 7 refresh: actuals-seeded, territory v3)",R26,1.0,R26,,"42.47943,-82.94632",True
2026-08-10,W2,Jasmine,J-W2D4,Route day,4,Tri County Neurology,Ortho cross-sell,Ortho Referrer,Tier 2,Wave 2,0,1,Neurology,Eastpointe,90.0,True,"C2 (Aug 7 refresh: actuals-seeded, territory v3)",R26,2.0,R26,,"42.45086,-82.93217",True
2026-08-10,W2,Jasmine,J-W2D4,Route day,5,Medicare urgent care,Prospect first-touch,Visit / Prospect,Prospect,Wave 2,0,0,Urgent Care,Eastpointe,53.0,True,"C2 (Aug 7 refresh: actuals-seeded, territory v3)",R05,6.0,R05,,"42.46571,-82.92797",True
2026-08-10,W2,Jasmine,J-W2D4,Route day,6,Alan Robertson MD,Prospect first-touch,Visit / Prospect,Prospect,Wave 2,0,0,PCP,Eastpointe,90.0,True,"C2 (Aug 7 refresh: actuals-seeded, territory v3)",R05,10.0,R05,,"42.47925,-82.94324",True
2026-08-10,W2,Jasmine,J-W2D4,Route day,7,EASTPOINTE URGENT CARE,Prospect first-touch,Visit / Prospect,Prospect,Wave 2,0,0,Orthopedic,Eastpointe,90.0,True,"C2 (Aug 7 refresh: actuals-seeded, territory v3)",R05,1.0,R05,,"42.46335,-82.96009",True
2026-08-10,W2,Jasmine,J-W2D5,Route day,1,Grand River Medical Associates,Protect (LAPSED),Repeat Spine Referrer,Tier 1,Wave 1,2,2,PCP,New Hudson,118.0,True,"C2 (Aug 7 refresh: actuals-seeded, territory v3)",R10,7.0,R10,,"42.50975,-83.60407",True
2026-08-10,W2,Jasmine,J-W2D5,Route day,2,Karma Internists,Convert to repeat,One Spine Patient,Tier 1,Wave 1,1,1,PCP,Novi,19.0,False,"C2 (Aug 7 refresh: actuals-seeded, territory v3)",R17,7.0,R17,,"42.48691,-83.52220",True
2026-08-10,W2,Jasmine,J-W2D5,Route day,3,Rivi Medical Associates,Prospect first-touch,Visit / Prospect,Prospect,Wave 2,0,0,PCP,Novi,48.0,True,"C2 (Aug 7 refresh: actuals-seeded, territory v3)",R17,4.0,R17,,"42.48691,-83.52220",True
2026-08-10,W2,Jasmine,J-W2D5,Route day,4,Park Internal Medicine,Prospect first-touch,Visit / Prospect,Prospect,Wave 2,0,0,PCP,Novi,48.0,True,"C2 (Aug 7 refresh: actuals-seeded, territory v3)",R17,5.0,R17,,"42.48691,-83.52220",True
2026-08-10,W2,Jasmine,J-W2D5,Route day,5,Park Family Practice - Novi,Cross-sell (other service),Other Patient Referrer,Tier 3,Wave 2,0,1,PCP,Novi,48.0,True,"C2 (Aug 7 refresh: actuals-seeded, territory v3)",R17,6.0,R17,,"42.48691,-83.52220",True
2026-08-10,W2,Jasmine,J-W2D5,Route day,6,MDVIP-Novi,Prospect first-touch,Visit / Prospect,Prospect,Wave 2,0,0,PCP,Novi,48.0,True,"C2 (Aug 7 refresh: actuals-seeded, territory v3)",R17,3.0,R17,,"42.48618,-83.52231",True
2026-08-10,W2,Jasmine,J-W2D5,Route day,7,Michigan Orthopedic Surgeons - Novi,Prospect first-touch,Visit / Prospect,Prospect,Wave 2,0,0,Orthopedic,Novi,31.0,True,"C2 (Aug 7 refresh: actuals-seeded, territory v3)",R17,1.0,R17,,"42.48588,-83.52388",True
2026-08-10,W2,Jasmine,J-W2D5,Route day,8,THE CORE INSTITUTE NOVI,Prospect first-touch,Visit / Prospect,Prospect,Wave 2,0,0,Orthopedic,Novi,49.0,True,"C2 (Aug 7 refresh: actuals-seeded, territory v3)",R17,2.0,R17,,"42.48588,-83.52388",True
2026-08-10,W2,Jasmine,J-W2D5,Route day,9,"Providence Internal Medicine, Diabetes/Endocrinology",Prospect first-touch,Visit / Prospect,Prospect,Wave 2,0,0,PCP,Novi,31.0,True,"C2 (Aug 7 refresh: actuals-seeded, territory v3)",R17,8.0,R17,,"42.48723,-83.51982",True
2026-08-10,W2,Jasmine,J-W2D5,Route day,10,IEP Urgent Care- Novi,Prospect first-touch,Visit / Prospect,Prospect,Wave 2,0,0,Urgent Care,Novi,47.0,True,"C2 (Aug 7 refresh: actuals-seeded, territory v3)",R17,9.0,R17,,"42.49065,-83.51456",True
2026-08-17,W3,Jasmine,J-W3D1,Route day,1,Core Institute/Henry Ford Motor City Orthopedics & PT- Southfield,Convert to repeat,One Spine Patient,Tier 1,Wave 1,1,1,Orthopedic,Southfield,32.0,True,"C2 (Aug 7 refresh: actuals-seeded, territory v3)",R19,1.0,R19,,"42.45644,-83.20586",True
2026-08-17,W3,Jasmine,J-W3D1,Route day,2,ACADEMIC INTERNAL MEDICINE SPECIALISTS,Ortho cross-sell,Ortho Referrer,Tier 2,Wave 2,0,1,PCP,Southfield,14.0,False,"C2 (Aug 7 refresh: actuals-seeded, territory v3)",R19,2.0,R19,,"42.45644,-83.20586",True
2026-08-17,W3,Jasmine,J-W3D1,Route day,3,Roberts Orthopedic Services,Convert to repeat,One Spine Patient,Tier 1,Wave 1,1,1,Orthopedic,Southfield,12.0,False,"C2 (Aug 7 refresh: actuals-seeded, territory v3)",R18,4.0,R18,,"42.48842,-83.26379",True
2026-08-17,W3,Jasmine,J-W3D1,Route day,4,FARMBROOK INTERVENTIONAL PAIN AND EMG,Prospect first-touch,Visit / Prospect,Prospect,Wave 2,0,0,Pain,Southfield,40.0,True,"C2 (Aug 7 refresh: actuals-seeded, territory v3)",R18,3.0,R18,,"42.50745,-83.28779",True
2026-08-17,W3,Jasmine,J-W3D1,Route day,5,Pain Clinic of Michigan,Prospect first-touch,Visit / Prospect,Prospect,Wave 2,0,0,Pain,Farmington Hills,21.0,True,"C2 (Aug 7 refresh: actuals-seeded, territory v3)",R27,1.0,R27,,"42.46753,-83.35601",True
2026-08-17,W3,Jasmine,J-W3D1,Route day,6,NORLIVO INTERNAL MEDICINE,Protect,Repeat Spine Referrer,Tier 1,Wave 1,3,10,Orthopedic,Livonia,11.0,False,"C2 (Aug 7 refresh: actuals-seeded, territory v3)",R06,2.0,R06,,"42.43844,-83.37564",True
2026-08-17,W3,Jasmine,J-W3D1,Route day,7,Michigan Urgent Care - Livonia,Ortho cross-sell,Ortho Referrer,Tier 2,Wave 2,0,1,Orthopedic,Livonia,25.0,True,"C2 (Aug 7 refresh: actuals-seeded, territory v3)",R28,9.0,R28,,"42.42407,-83.41577",True
2026-08-17,W3,Jasmine,J-W3D1,Route day,8,Trinity IHA Academic Family Medicine - Livonia,Prospect first-touch,Visit / Prospect,Prospect,Wave 2,0,0,Pain,Livonia,25.0,True,"C2 (Aug 7 refresh: actuals-seeded, territory v3)",R28,7.0,R28,,"42.42407,-83.41577",True
2026-08-17,W3,Jasmine,J-W3D1,Route day,9,Trinity Health IHA Academic Internal Medicine,Prospect first-touch,Visit / Prospect,Prospect,Wave 2,0,0,PCP,Livonia,52.0,True,"C2 (Aug 7 refresh: actuals-seeded, territory v3)",R28,8.0,R28,,"42.42407,-83.41577",True
2026-08-17,W3,Jasmine,J-W3D1,Route day,10,Trinity IHA Orthopedics - Schoolcraft,Ortho cross-sell,Ortho Referrer,Tier 2,Wave 2,0,1,Orthopedic,Livonia,25.0,True,"C2 (Aug 7 refresh: actuals-seeded, territory v3)",R28,5.0,R28,,"42.42198,-83.42613",False
2026-08-17,W3,Jasmine,J-W3D2,Route day,1,COREWELL HEALTH  INTERNAL MEDICINE DEARBORN,Convert to repeat,One Spine Patient,Tier 1,Wave 1,1,1,PCP,Dearborn,27.0,True,"C2 (Aug 7 refresh: actuals-seeded, territory v3)",R13,2.0,R13,,"42.32245,-83.21108",True
2026-08-17,W3,Jasmine,J-W3D2,Route day,2,Schaefer Medical,Ortho cross-sell,Ortho Referrer,Tier 2,Wave 2,0,1,PCP,Dearborn,96.0,True,"C2 (Aug 7 refresh: actuals-seeded, territory v3)",R13,10.0,R13,,"42.32633,-83.17642",True
2026-08-17,W3,Jasmine,J-W3D2,Route day,3,"TENNY INTERNAL MEDICINE, PLLC",Reactivate,One Spine Patient,Tier 1,Wave 1,1,3,PCP,Dearborn,129.0,True,"C2 (Aug 7 refresh: actuals-seeded, territory v3)",R12,6.0,R12,,"42.30375,-83.25000",True
2026-08-17,W3,Jasmine,J-W3D2,Route day,4,"DEARBORN FAMILY CLINIC, PC",Reactivate,One Spine Patient,Tier 1,Wave 1,1,3,Orthopedic,Dearborn,112.0,True,"C2 (Aug 7 refresh: actuals-seeded, territory v3)",R12,4.0,R12,,"42.28839,-83.27044",True
2026-08-17,W3,Jasmine,J-W3D2,Route day,5,PelHam Primary Care,Reactivate,One Spine Patient,Tier 1,Wave 1,1,1,PCP,Dearborn,96.0,True,"C2 (Aug 7 refresh: actuals-seeded, territory v3)",R13,1.0,R13,,"42.28319,-83.23137",True
2026-08-17,W3,Jasmine,J-W3D2,Route day,6,Primary Care Center,Prospect first-touch,Visit / Prospect,Prospect,Wave 2,0,0,PCP,Dearborn Heights,54.0,True,"C2 (Aug 7 refresh: actuals-seeded, territory v3)",R25,9.0,R25,,"42.28201,-83.25140",True
2026-08-17,W3,Jasmine,J-W3D2,Route day,7,CEDAR MEDICAL ASSOCIATES,Prospect first-touch,Visit / Prospect,Prospect,Wave 2,0,0,PCP,Dearborn,96.0,True,"C2 (Aug 7 refresh: actuals-seeded, territory v3)",R12,10.0,R12,,"42.29851,-83.24466",True
2026-08-17,W3,Jasmine,J-W3D2,Route day,8,"SUNSTRUM MEDICAL ASSOCIATES, PC",Prospect first-touch,Visit / Prospect,Prospect,Wave 2,0,0,PCP,Dearborn,70.0,True,"C2 (Aug 7 refresh: actuals-seeded, territory v3)",R12,9.0,R12,,"42.29887,-83.24500",True
2026-08-17,W3,Jasmine,J-W3D2,Route day,9,Fayda Zakaria MD Family Medicine,Prospect first-touch,Visit / Prospect,Prospect,Wave 2,0,0,PCP,Dearborn,96.0,True,"C2 (Aug 7 refresh: actuals-seeded, territory v3)",R12,8.0,R12,,"42.30015,-83.24331",True
2026-08-17,W3,Jasmine,J-W3D2,Route day,10,MDWell,Prospect first-touch,Visit / Prospect,Prospect,Wave 2,0,0,PCP,Dearborn,96.0,True,"C2 (Aug 7 refresh: actuals-seeded, territory v3)",R12,7.0,R12,,"42.30368,-83.24459",True
2026-08-17,W3,Jasmine,J-W3D3,Route day,1,Lakes Urgent Care - Livonia,Convert to repeat,One Spine Patient,Tier 1,Wave 1,1,32,Urgent Care,Livonia,20.0,True,"C2 (Aug 7 refresh: actuals-seeded, territory v3)",R15,5.0,R15,,"42.39727,-83.40539",True
2026-08-17,W3,Jasmine,J-W3D3,Route day,2,Western Wayne Physicians - Livonia,Ortho cross-sell,Ortho Referrer,Tier 2,Wave 2,0,2,PCP,Livonia,32.0,True,"C2 (Aug 7 refresh: actuals-seeded, territory v3)",R04,6.0,R04,,"42.39515,-83.40241",True
2026-08-17,W3,Jasmine,J-W3D3,Route day,3,Levan Internists,Ortho cross-sell,Ortho Referrer,Tier 2,Wave 2,0,2,PCP,Livonia,152.0,True,"C2 (Aug 7 refresh: actuals-seeded, territory v3)",R04,5.0,R04,,"42.39370,-83.40206",True
2026-08-17,W3,Jasmine,J-W3D3,Route day,4,BN Nandish MD,Ortho cross-sell,Ortho Referrer,Tier 2,Wave 2,0,2,PCP,Livonia,32.0,True,"C2 (Aug 7 refresh: actuals-seeded, territory v3)",R04,1.0,R04,,"42.39364,-83.40448",False
2026-08-17,W3,Jasmine,J-W3D3,Route day,5,Joshua S Faley,Prospect first-touch,Visit / Prospect,Prospect,Wave 2,0,0,PCP,Livonia,32.0,True,"C2 (Aug 7 refresh: actuals-seeded, territory v3)",R04,2.0,R04,,"42.39364,-83.40448",False
2026-08-17,W3,Jasmine,J-W3D3,Route day,6,"Sussan J Salas, MD, FAANS",Prospect first-touch,Visit / Prospect,Prospect,Wave 2,0,0,PCP,Livonia,32.0,True,"C2 (Aug 7 refresh: actuals-seeded, territory v3)",R04,3.0,R04,,"42.39364,-83.40448",False
2026-08-17,W3,Jasmine,J-W3D3,Route day,7,PROVIDENCE PARK LIVONIA FAMILY MEDICINE,Ortho cross-sell,Ortho Referrer,Tier 2,Wave 2,0,1,PCP,Livonia,52.0,True,"C2 (Aug 7 refresh: actuals-seeded, territory v3)",R15,2.0,R15,,"42.40975,-83.41468",True
2026-08-17,W3,Jasmine,J-W3D3,Route day,8,Corewell Health Farmington hills Hospital family medicine,Cross-sell (other service),Other Patient Referrer,Tier 3,Wave 2,0,2,PCP,Livonia,33.0,True,"C2 (Aug 7 refresh: actuals-seeded, territory v3)",R28,1.0,R28,,"42.42743,-83.42747",True
2026-08-17,W3,Jasmine,J-W3D3,Route day,9,ORTHOPEDIC INSTITUTE OF MICHIGAN,Prospect first-touch,Visit / Prospect,Prospect,Wave 2,0,0,Orthopedic,Livonia,33.0,True,"C2 (Aug 7 refresh: actuals-seeded, territory v3)",R28,2.0,R28,,"42.42743,-83.42747",True
2026-08-17,W3,Jasmine,J-W3D3,Route day,10,"PRIZM PAIN SPECIALISTS, PLLC",Prospect first-touch,Visit / Prospect,Prospect,Wave 2,0,0,Orthopedic,Livonia,25.0,True,"C2 (Aug 7 refresh: actuals-seeded, territory v3)",R28,3.0,R28,,"42.42743,-83.42747",True
2026-08-17,W3,Jasmine,J-W3D4,Route day,1,BEAUMONT FAMILY MEDICINE BELLEVILLE,Reactivate,One Spine Patient,Tier 1,Wave 1,1,5,PCP,Belleville,73.0,True,"C2 (Aug 7 refresh: actuals-seeded, territory v3)",R11,5.0,R11,,"42.20609,-83.48980",True
2026-08-17,W3,Jasmine,J-W3D4,Route day,2,WELLHEALTH MEDICAL ASSOCIATES - Belleville,Prospect first-touch,Visit / Prospect,Prospect,Wave 2,0,0,Pain,Belleville,74.0,True,"C2 (Aug 7 refresh: actuals-seeded, territory v3)",R11,6.0,R11,,"42.20702,-83.48910",True
2026-08-17,W3,Jasmine,J-W3D4,Route day,3,VAN BUREN URGENT CARE,Prospect first-touch,Visit / Prospect,Prospect,Wave 2,0,0,Orthopedic,Belleville,74.0,True,"C2 (Aug 7 refresh: actuals-seeded, territory v3)",R11,7.0,R11,,"42.21604,-83.48699",False
2026-08-17,W3,Jasmine,J-W3D4,Route day,4,Gretchen’s place,Prospect first-touch,Visit / Prospect,Prospect,Wave 2,0,0,PCP,Belleville,73.0,True,"C2 (Aug 7 refresh: actuals-seeded, territory v3)",R11,8.0,R11,,"42.19763,-83.48406",True
2026-08-17,W3,Jasmine,J-W3D5,Route day,1,Office of Robert Vartabedian MD,Ortho cross-sell,Ortho Referrer,Tier 2,Wave 2,0,2,PCP,Plymouth,49.0,True,"C2 (Aug 7 refresh: actuals-seeded, territory v3)",R30,5.0,R30,,"42.37034,-83.47137",True
2026-08-17,W3,Jasmine,J-W3D5,Route day,2,Office of Jeff The DO,Ortho cross-sell,Ortho Referrer,Tier 2,Wave 2,0,1,PCP,Plymouth,28.0,True,"C2 (Aug 7 refresh: actuals-seeded, territory v3)",R30,4.0,R30,,"42.37034,-83.47137",True
2026-08-17,W3,Jasmine,J-W3D5,Route day,3,IHA Plymouth Primary Care,Ortho cross-sell,Ortho Referrer,Tier 2,Wave 2,0,4,PCP,Plymouth,28.0,True,"C2 (Aug 7 refresh: actuals-seeded, territory v3)",R30,6.0,R30,,"42.37034,-83.47137",True
2026-08-17,W3,Jasmine,J-W3D5,Route day,4,THE PILOT DOCTORS,Prospect first-touch,Visit / Prospect,Prospect,Wave 2,0,0,Orthopedic,Plymouth,28.0,True,"C2 (Aug 7 refresh: actuals-seeded, territory v3)",R30,3.0,R30,,"42.36353,-83.46946",True
2026-08-17,W3,Jasmine,J-W3D5,Route day,5,Plymouth urgent care walk-in clinic,Prospect first-touch,Visit / Prospect,Prospect,Wave 2,0,0,Orthopedic,Plymouth,28.0,True,"C2 (Aug 7 refresh: actuals-seeded, territory v3)",R30,2.0,R30,,"42.35881,-83.48030",True
2026-08-17,W3,Jasmine,J-W3D5,Route day,6,"IHA, Primary Care - Cherry Hill Village",Ortho cross-sell,Ortho Referrer,Tier 2,Wave 2,0,2,PCP,Canton,19.0,False,"C2 (Aug 7 refresh: actuals-seeded, territory v3)",R02,1.0,R02,,"42.30654,-83.53002",True
2026-08-17,W3,Jasmine,J-W3D5,Route day,7,CANTON URGENT CARE,Prospect first-touch,Visit / Prospect,Prospect,Wave 2,0,0,Orthopedic,Canton,26.0,True,"C2 (Aug 7 refresh: actuals-seeded, territory v3)",R22,8.0,R22,,"42.32209,-83.46523",True
2026-08-17,W3,Jasmine,J-W3D5,Route day,8,Partners in Internal Medicine,Prospect first-touch,Visit / Prospect,Prospect,Wave 2,0,0,PCP,Canton,39.0,True,"C2 (Aug 7 refresh: actuals-seeded, territory v3)",R03,9.0,R03,,"42.30926,-83.45852",True
2026-08-17,W3,Jasmine,J-W3D5,Route day,9,CANTON VA CLINIC,Prospect first-touch,Visit / Prospect,Prospect,Wave 2,0,0,PCP,Canton,35.0,True,"C2 (Aug 7 refresh: actuals-seeded, territory v3)",R03,8.0,R03,,"42.32717,-83.43010",True
2026-08-17,W3,Jasmine,J-W3D5,Route day,10,Wayne Primary Care and Walk In,Ortho cross-sell,Ortho Referrer,Tier 2,Wave 2,0,1,Urgent Care,Wayne,63.0,True,"C2 (Aug 7 refresh: actuals-seeded, territory v3)",R09,7.0,R09,,"42.27858,-83.36406",True
2026-08-24,W4,Jasmine,J-W4D1,Route day,1,Park Medical Center (Medicaid),Reactivate,One Spine Patient,Tier 1,Wave 1,1,2,PCP,Detroit,108.0,True,"C2 (Aug 7 refresh: actuals-seeded, territory v3)",R08,6.0,R08,,"42.37078,-82.95435",True
2026-08-24,W4,Jasmine,J-W4D2,Route day,1,MD VIP - Trenton,Ortho cross-sell,Ortho Referrer,Tier 2,Wave 2,0,2,PCP,Trenton,146.0,True,"C2 (Aug 7 refresh: actuals-seeded, territory v3)",R31,6.0,R31,,"42.15466,-83.19186",True
2026-08-24,W4,Jasmine,J-W4D2,Route day,2,"BADHWAR ASSOCIATES, MD, PC",Ortho cross-sell,Ortho Referrer,Tier 2,Wave 2,0,1,PCP,Brownstown,73.0,True,"C2 (Aug 7 refresh: actuals-seeded, territory v3)",R31,10.0,R31,,"42.16777,-83.22615",True
2026-08-24,W4,Jasmine,J-W4D2,Route day,3,City Medical - Southgate,Ortho cross-sell,Ortho Referrer,Tier 2,Wave 2,0,1,PCP,Southgate,110.0,True,"C2 (Aug 7 refresh: actuals-seeded, territory v3)",R32,2.0,R32,,"42.20853,-83.20056",True
2026-08-24,W4,Jasmine,J-W4D2,Route day,4,PEDIATRIC AND ADOLESCENT CENTER,Ortho cross-sell,Ortho Referrer,Tier 2,Wave 2,0,1,Pediatrics,Southgate,11.0,False,"C2 (Aug 7 refresh: actuals-seeded, territory v3)",R32,1.0,R32,,"42.21316,-83.21108",True
2026-08-24,W4,Jasmine,J-W4D2,Route day,5,"ALLENWOOD FAMILY HEALTH CARE, PC",Prospect first-touch,Visit / Prospect,Prospect,Wave 2,0,0,PCP,Taylor,124.0,True,"C2 (Aug 7 refresh: actuals-seeded, territory v3)",R33,8.0,R33,,"42.22286,-83.23002",True
2026-08-24,W4,Jasmine,J-W4D2,Route day,6,"DOWNRIVER INTERNISTS, PC",Prospect first-touch,Visit / Prospect,Prospect,Wave 2,0,0,PCP,Taylor,158.0,True,"C2 (Aug 7 refresh: actuals-seeded, territory v3)",R33,7.0,R33,,"42.22681,-83.24716",True
2026-08-24,W4,Jasmine,J-W4D2,Route day,7,PARK PLACE FAMILY PRACTICE AND INTERNAL MEDICINE,Prospect first-touch,Visit / Prospect,Prospect,Wave 2,0,0,Pain,Taylor,124.0,True,"C2 (Aug 7 refresh: actuals-seeded, territory v3)",R33,9.0,R33,,"42.21428,-83.26814",True
2026-08-24,W4,Jasmine,J-W4D2,Route day,8,"ARASH KIARASH, MD, MEDICAL GROUP",Prospect first-touch,Visit / Prospect,Prospect,Wave 2,0,0,PCP,Taylor,42.0,True,"C2 (Aug 7 refresh: actuals-seeded, territory v3)",R33,1.0,R33,,"42.22644,-83.28484",True
2026-08-24,W4,Jasmine,J-W4D2,Route day,9,BEST MEDICAL CENTER,Prospect first-touch,Visit / Prospect,Prospect,Wave 2,0,0,PCP,Taylor,42.0,True,"C2 (Aug 7 refresh: actuals-seeded, territory v3)",R33,2.0,R33,,"42.22692,-83.28466",True
2026-08-24,W4,Jasmine,J-W4D2,Route day,10,BEAUMONT FAMILY MEDICINE CLINIC TAYLOR,Prospect first-touch,Visit / Prospect,Prospect,Wave 2,0,0,PCP,Taylor,124.0,True,"C2 (Aug 7 refresh: actuals-seeded, territory v3)",R33,3.0,R33,,"42.23948,-83.27036",True
2026-08-24,W4,Jasmine,J-W4D3,Route day,1,Trinity Health Orthopedic group-Ypsilanti,Ortho cross-sell,Ortho Referrer,Tier 2,Wave 2,0,1,Orthopedic,Ypsilanti,41.0,True,"C2 (Aug 7 refresh: actuals-seeded, territory v3)",R34,5.0,R34,,"42.26306,-83.65361",True
2026-08-24,W4,Jasmine,J-W4D3,Route day,2,Integrative Family Medicine Clinic - Domino's Farms (U of M),Cross-sell (other service),Other Patient Referrer,Tier 3,Wave 2,0,1,PCP,Ann Arbor,117.0,True,"C2 (Aug 7 refresh: actuals-seeded, territory v3)",R21,8.0,R21,,"42.31799,-83.68272",False
2026-08-24,W4,Jasmine,J-W4D3,Route day,3,Adult Medicine & Pediatrics at East Ann Arbor Health and Geriatrics Center,Prospect first-touch,Visit / Prospect,Prospect,Wave 2,0,0,Orthopedic,Ann Arbor,117.0,True,"C2 (Aug 7 refresh: actuals-seeded, territory v3)",R21,9.0,R21,,"42.30802,-83.67384",False
2026-08-24,W4,Jasmine,J-W4D3,Route day,4,Partners in internal medicine,Prospect first-touch,Visit / Prospect,Prospect,Wave 2,0,0,PCP,Ann Arbor,94.0,True,"C2 (Aug 7 refresh: actuals-seeded, territory v3)",R21,7.0,R21,,"42.30645,-83.69180",True
2026-08-24,W4,Jasmine,J-W4D3,Route day,5,"NASSER SUKHON, MD, PC",Prospect first-touch,Visit / Prospect,Prospect,Wave 2,0,0,Orthopedic,Ann Arbor,199.0,True,"C2 (Aug 7 refresh: actuals-seeded, territory v3)",R21,6.0,R21,,"42.30338,-83.70089",False
2026-08-24,W4,Jasmine,J-W4D3,Route day,6,Internal Medicine Clinic - Taubman Center,Prospect first-touch,Visit / Prospect,Prospect,Wave 2,0,0,PCP,Ann Arbor,62.0,True,"C2 (Aug 7 refresh: actuals-seeded, territory v3)",R21,5.0,R21,,"42.28469,-83.72910",False
2026-08-24,W4,Jasmine,J-W4D3,Route day,7,STEINER HEALTH,Prospect first-touch,Visit / Prospect,Prospect,Wave 2,0,0,PCP,Ann Arbor,94.0,True,"C2 (Aug 7 refresh: actuals-seeded, territory v3)",R20,8.0,R20,,"42.26757,-83.77143",True
2026-08-24,W4,Jasmine,J-W4D3,Route day,8,MI Express Urgent Care,Ortho cross-sell,Ortho Referrer,Tier 2,Wave 2,0,1,Orthopedic,Ann Arbor,60.0,True,"C2 (Aug 7 refresh: actuals-seeded, territory v3)",R20,1.0,R20,,"42.28729,-83.83956",False
2026-08-24,W4,Jasmine,J-W4D3,Route day,9,Trinity IHA Orthopedics - West Arbor,Prospect first-touch,Visit / Prospect,Prospect,Wave 2,0,0,Orthopedic,Ann Arbor,35.0,True,"C2 (Aug 7 refresh: actuals-seeded, territory v3)",R20,2.0,R20,,"42.28631,-83.81599",False
2026-08-24,W4,Jasmine,J-W4D3,Route day,10,Trinity IHA Primary Care - West Arbor,Prospect first-touch,Visit / Prospect,Prospect,Wave 2,0,0,PCP,Ann Arbor,35.0,True,"C2 (Aug 7 refresh: actuals-seeded, territory v3)",R20,3.0,R20,,"42.28631,-83.81599",True
2026-08-24,W4,Jasmine,J-W4D4,Route day,1,"MEDICAL GROUP PRACTICE, PC (Olympia health)",Ortho cross-sell,Ortho Referrer,Tier 2,Wave 2,0,1,PCP,Livonia,160.0,True,"C2 (Aug 7 refresh: actuals-seeded, territory v3)",R07,9.0,R07,,"42.36161,-83.33221",True
2026-08-24,W4,Jasmine,J-W4D4,Route day,2,"SEEMAB GUL KHAN, MD, PC",Prospect first-touch,Visit / Prospect,Prospect,Wave 2,0,0,Orthopedic,Livonia,45.0,True,"C2 (Aug 7 refresh: actuals-seeded, territory v3)",R07,8.0,R07,,"42.36252,-83.33321",True
2026-08-24,W4,Jasmine,J-W4D4,Route day,3,ATI,Prospect first-touch,Visit / Prospect,Prospect,Wave 2,0,0,PT,Livonia,33.0,True,"C2 (Aug 7 refresh: actuals-seeded, territory v3)",R07,6.0,R07,,"42.36858,-83.33470",False
2026-08-24,W4,Jasmine,J-W4D4,Route day,4,Henry Ford urgent care Livonia,Prospect first-touch,Visit / Prospect,Prospect,Wave 2,0,0,Urgent Care,Livonia,20.0,True,"C2 (Aug 7 refresh: actuals-seeded, territory v3)",R07,7.0,R07,,"42.36868,-83.33480",True
2026-08-24,W4,Jasmine,J-W4D4,Route day,5,1st choice Urgent Care Livonia,Prospect first-touch,Visit / Prospect,Prospect,Wave 2,0,0,Urgent Care,Livonia,20.0,True,"C2 (Aug 7 refresh: actuals-seeded, territory v3)",R07,4.0,R07,,"42.36879,-83.33243",True
2026-08-24,W4,Jasmine,J-W4D4,Route day,6,TRINITY HEALTH URGENT CARE- Livonia,Prospect first-touch,Visit / Prospect,Prospect,Wave 2,0,0,Urgent Care,Livonia,20.0,True,"C2 (Aug 7 refresh: actuals-seeded, territory v3)",R07,2.0,R07,,"42.36977,-83.33238",True
2026-08-24,W4,Jasmine,J-W4D4,Route day,7,"Lawrence Lipnik MD,",Prospect first-touch,Visit / Prospect,Prospect,Wave 2,0,0,PCP,Livonia,62.0,True,"C2 (Aug 7 refresh: actuals-seeded, territory v3)",R16,3.0,R16,,"42.36900,-83.35518",True
2026-08-24,W4,Jasmine,J-W4D4,Route day,8,Freedom Medical Clinic (Trinity),Ortho cross-sell,Ortho Referrer,Tier 2,Wave 2,0,3,PCP,Livonia,11.0,False,"C2 (Aug 7 refresh: actuals-seeded, territory v3)",R04,10.0,R04,,"42.43742,-83.37468",True
2026-08-24,W4,Jasmine,J-W4D4,Route day,9,M.N. Petrous MD,Prospect first-touch,Visit / Prospect,Prospect,Wave 2,0,0,PCP,Livonia,33.0,True,"C2 (Aug 7 refresh: actuals-seeded, territory v3)",R06,1.0,R06,,"42.43781,-83.37444",True
2026-08-24,W4,Jasmine,J-W4D4,Route day,10,UNIVERSITY OF MICHIGAN LIVONIA HEALTH CENTER,Prospect first-touch,Visit / Prospect,Prospect,Wave 2,0,0,PCP,Livonia,33.0,True,"C2 (Aug 7 refresh: actuals-seeded, territory v3)",R06,3.0,R06,,"42.43879,-83.37614",True
2026-08-24,W4,Jasmine,J-W4D5,Route day,1,"TERRY D HOWELL, MD, PC",Ortho cross-sell,Ortho Referrer,Tier 2,Wave 2,0,1,PCP,Saline,294.0,True,"C2 (Aug 7 refresh: actuals-seeded, territory v3)",R21,10.0,R21,,"42.17144,-83.78468",True
2026-08-24,W4,Jasmine,J-W4D5,Route day,2,Bio Energy Medical Center,Prospect first-touch,Visit / Prospect,Prospect,Wave 2,0,0,PCP,Ann Arbor,35.0,True,"C2 (Aug 7 refresh: actuals-seeded, territory v3)",R21,1.0,R21,,"42.22448,-83.72567",True
2026-08-24,W4,Jasmine,J-W4D5,Route day,3,Integrative Healthcare Providers,Prospect first-touch,Visit / Prospect,Prospect,Wave 2,0,0,Pain,Ann Arbor,24.0,True,"C2 (Aug 7 refresh: actuals-seeded, territory v3)",R20,10.0,R20,,"42.24610,-83.74023",True
2026-08-24,W4,Jasmine,J-W4D5,Route day,4,Briarwood Family Medicine,Prospect first-touch,Visit / Prospect,Prospect,Wave 2,0,0,PCP,Ann Arbor,117.0,True,"C2 (Aug 7 refresh: actuals-seeded, territory v3)",R20,9.0,R20,,"42.24275,-83.75061",True
2026-08-24,W4,Jasmine,J-W4D5,Route day,5,Michigan urgent care,Prospect first-touch,Visit / Prospect,Prospect,Wave 2,0,0,Urgent Care,Ann Arbor,20.0,True,"C2 (Aug 7 refresh: actuals-seeded, territory v3)",R21,4.0,R21,,"42.25579,-83.69551",True
2026-08-24,W4,Jasmine,J-W4D5,Route day,6,Packard Health - Ann Arbor,Prospect first-touch,Visit / Prospect,Prospect,Wave 2,0,0,PCP,Ann Arbor,41.0,True,"C2 (Aug 7 refresh: actuals-seeded, territory v3)",R21,3.0,R21,,"42.24966,-83.68130",True
2026-08-24,W4,Jasmine,J-W4D5,Route day,7,MDVIP Ann Arbor,Prospect first-touch,Visit / Prospect,Prospect,Wave 2,0,0,PCP,Ann Arbor,80.0,True,"C2 (Aug 7 refresh: actuals-seeded, territory v3)",R21,2.0,R21,,"42.24411,-83.68449",True
2026-08-24,W4,Jasmine,J-W4D5,Route day,8,IHA Family Medicine,Prospect first-touch,Visit / Prospect,Prospect,Wave 2,0,0,PCP,Ypsilanti,28.0,True,"C2 (Aug 7 refresh: actuals-seeded, territory v3)",R34,1.0,R34,,"42.25783,-83.66281",True
2026-08-24,W4,Jasmine,J-W4D5,Route day,9,IHA ARBOR PARK PRIMARY CARE,Prospect first-touch,Visit / Prospect,Prospect,Wave 2,0,0,Pain,Ypsilanti,154.0,True,"C2 (Aug 7 refresh: actuals-seeded, territory v3)",R34,2.0,R34,,"42.25782,-83.66264",False
2026-08-24,W4,Jasmine,J-W4D5,Route day,10,Trinity IHA Pediatrics - Arbor Park,Prospect first-touch,Visit / Prospect,Prospect,Wave 2,0,0,Orthopedic,Ypsilanti,84.0,True,"C2 (Aug 7 refresh: actuals-seeded, territory v3)",R34,3.0,R34,,"42.25830,-83.66275",True
2026-08-31,W5,Jasmine,J-W5D1,Route day,1,DMC SPORTS MEDICINE NOVI,Protect,Repeat Spine Referrer,Tier 1,Wave 1,7,7,Orthopedic,Novi,47.0,False,"C2 (Aug 7 refresh: actuals-seeded, territory v3)",R01,1.0,R01,,"42.49620,-83.48208",True
2026-08-31,W5,Jasmine,J-W5D1,Route day,2,WEST OAKLAND INTERNISTS,Ortho cross-sell,Ortho Referrer,Tier 2,Wave 2,0,7,PCP,Novi,7.0,False,"C2 (Aug 7 refresh: actuals-seeded, territory v3)",R01,2.0,R01,,"42.49620,-83.48208",True
2026-08-31,W5,Jasmine,J-W5D1,Route day,3,ASCENSION MEDICAL GROUP WEST BLOOMFIELD FAMILY PRACTICE,Cross-sell (other service),Other Patient Referrer,Tier 3,Wave 2,0,1,PCP,Novi,26.0,True,"C2 (Aug 7 refresh: actuals-seeded, territory v3)",R29,5.0,R29,,"42.50188,-83.43835",True
2026-08-31,W5,Jasmine,J-W5D1,Route day,4,Village Medical - Novi,Ortho cross-sell,Ortho Referrer,Tier 2,Wave 2,0,3,Pain,Novi,7.0,False,"C2 (Aug 7 refresh: actuals-seeded, territory v3)",R29,8.0,R29,,"42.50758,-83.43755",True
2026-08-31,W5,Jasmine,J-W5D1,Route day,5,Novi Medicine,Cross-sell (other service),Other Patient Referrer,Tier 3,Wave 2,0,4,PCP,Novi,7.0,False,"C2 (Aug 7 refresh: actuals-seeded, territory v3)",R29,7.0,R29,,"42.50758,-83.43755",True
2026-08-31,W5,Jasmine,J-W5D1,Route day,6,Karma Internists,Convert to repeat,One Spine Patient,Tier 1,Wave 1,1,1,PCP,Novi,19.0,False,"C2 (Aug 7 refresh: actuals-seeded, territory v3)",R17,7.0,R17,,"42.48691,-83.52220",True
2026-08-31,W5,Jasmine,J-W5D1,Route day,7,Rivi Medical Associates,Prospect 2nd touch,Visit / Prospect,Prospect,Wave 2,0,0,PCP,Novi,48.0,False,"C2 (Aug 7 refresh: actuals-seeded, territory v3)",R17,4.0,R17,,"42.48691,-83.52220",True
2026-08-31,W5,Jasmine,J-W5D1,Route day,8,Park Internal Medicine,Prospect 2nd touch,Visit / Prospect,Prospect,Wave 2,0,0,PCP,Novi,48.0,False,"C2 (Aug 7 refresh: actuals-seeded, territory v3)",R17,5.0,R17,,"42.48691,-83.52220",True
2026-08-31,W5,Jasmine,J-W5D1,Route day,9,Park Family Practice - Novi,Cross-sell (other service),Other Patient Referrer,Tier 3,Wave 2,0,1,PCP,Novi,48.0,False,"C2 (Aug 7 refresh: actuals-seeded, territory v3)",R17,6.0,R17,,"42.48691,-83.52220",True
2026-08-31,W5,Jasmine,J-W5D1,Route day,10,Grand River Medical Associates,Protect,Repeat Spine Referrer,Tier 1,Wave 1,2,2,PCP,New Hudson,118.0,False,"C2 (Aug 7 refresh: actuals-seeded, territory v3)",R10,7.0,R10,,"42.50975,-83.60407",True
2026-08-31,W5,Jasmine,J-W5D2,Route day,1,Comprehensive Healthcare Associates and Prevention Medicine,Protect,Repeat Spine Referrer,Tier 1,Wave 1,6,24,PCP,Livonia,32.0,False,"C2 (Aug 7 refresh: actuals-seeded, territory v3)",R04,4.0,R04,,"42.39382,-83.40209",True
2026-08-31,W5,Jasmine,J-W5D2,Route day,2,Synergy Medical Primary Care,Protect,Repeat Spine Referrer,Tier 1,Wave 1,4,19,PCP,Livonia,33.0,False,"C2 (Aug 7 refresh: actuals-seeded, territory v3)",R07,10.0,R07,,"42.35993,-83.33214",True
2026-08-31,W5,Jasmine,J-W5D2,Route day,3,OAK STREET HEALTH CHERRY HILL,Protect,Repeat Spine Referrer,Tier 1,Wave 1,3,21,PCP,Inkster,110.0,False,"C2 (Aug 7 refresh: actuals-seeded, territory v3)",R09,4.0,R09,,"42.31160,-83.30742",True
2026-08-31,W5,Jasmine,J-W5D2,Route day,4,"PONDURI, KAVITHA, MEDICAL GROUP",Cross-sell (other service),Other Patient Referrer,Tier 3,Wave 2,0,1,PCP,Wayne,28.0,True,"C2 (Aug 7 refresh: actuals-seeded, territory v3)",R09,6.0,R09,,"42.28142,-83.38079",True
2026-08-31,W5,Jasmine,J-W5D2,Route day,5,CANTON FAMILY HEALTH LLC,Protect,Repeat Spine Referrer,Tier 1,Wave 1,4,6,PCP,Canton,35.0,False,"C2 (Aug 7 refresh: actuals-seeded, territory v3)",R03,7.0,R03,,"42.32886,-83.44744",True
2026-08-31,W5,Jasmine,J-W5D2,Route day,6,Care Medical Clinic of Canton,Ortho cross-sell,Ortho Referrer,Tier 2,Wave 2,0,1,PCP,Canton,13.0,False,"C2 (Aug 7 refresh: actuals-seeded, territory v3)",R22,7.0,R22,,"42.32383,-83.45829",False
2026-08-31,W5,Jasmine,J-W5D2,Route day,7,Park Medical Centers - Canton,Protect,Repeat Spine Referrer,Tier 1,Wave 1,5,9,PCP,Canton,6.0,False,"C2 (Aug 7 refresh: actuals-seeded, territory v3)",R02,8.0,R02,,"42.34882,-83.48884",True
2026-08-31,W5,Jasmine,J-W5D2,Route day,8,Corewell Health Wayne Hospital Family Medicine -  Canton,Convert to repeat,One Spine Patient,Tier 1,Wave 1,1,3,PCP,Canton,6.0,False,"C2 (Aug 7 refresh: actuals-seeded, territory v3)",R02,6.0,R02,,"42.33787,-83.48722",True
2026-08-31,W5,Jasmine,J-W5D2,Route day,9,Corewell Health Wayne Hospital Internal Medicine - Canton,Ortho cross-sell,Ortho Referrer,Tier 2,Wave 2,0,5,PCP,Canton,6.0,False,"C2 (Aug 7 refresh: actuals-seeded, territory v3)",R02,7.0,R02,,"42.33787,-83.48722",True
2026-08-31,W5,Jasmine,J-W5D2,Route day,10,UofM Canton Health Center General Medicine,Ortho cross-sell,Ortho Referrer,Tier 2,Wave 2,0,1,PCP,Canton,13.0,False,"C2 (Aug 7 refresh: actuals-seeded, territory v3)",R02,2.0,R02,,"42.31430,-83.48812",True
2026-08-31,W5,Jasmine,J-W5D3,Route day,1,QuickDoc Urgent Care,Protect,Repeat Spine Referrer,Tier 1,Wave 1,4,4,Urgent Care,Eastpointe,90.0,False,"C2 (Aug 7 refresh: actuals-seeded, territory v3)",R05,9.0,R05,,"42.48002,-82.92224",True
2026-08-31,W5,Jasmine,J-W5D3,Route day,2,Dedicated Senior Medical Center - Eastpointe,Ortho cross-sell,Ortho Referrer,Tier 2,Wave 2,0,2,PCP,Eastpointe,10.0,False,"C2 (Aug 7 refresh: actuals-seeded, territory v3)",R05,4.0,R05,,"42.45893,-82.93348",True
2026-08-31,W5,Jasmine,J-W5D3,Route day,3,Eastpointe Family Physicians,Convert to repeat,One Spine Patient,Tier 1,Wave 1,1,4,PCP,Eastpointe,17.0,False,"C2 (Aug 7 refresh: actuals-seeded, territory v3)",R05,8.0,R05,,"42.47904,-82.92813",True
2026-08-31,W5,Jasmine,J-W5D3,Route day,4,Michigan Primary Care - Eastpointe,Ortho cross-sell,Ortho Referrer,Tier 2,Wave 2,0,1,PCP,Eastpointe,90.0,False,"C2 (Aug 7 refresh: actuals-seeded, territory v3)",R26,1.0,R26,,"42.47943,-82.94632",True
2026-08-31,W5,Jasmine,J-W5D3,Route day,5,Tri County Neurology,Ortho cross-sell,Ortho Referrer,Tier 2,Wave 2,0,1,Neurology,Eastpointe,90.0,False,"C2 (Aug 7 refresh: actuals-seeded, territory v3)",R26,2.0,R26,,"42.45086,-82.93217",True
2026-08-31,W5,Jasmine,J-W5D4,Route day,1,Premier Medicine Medical Center - Livonia,Protect,Repeat Spine Referrer,Tier 1,Wave 1,2,7,Urgent Care,Livonia,45.0,False,"C2 (Aug 7 refresh: actuals-seeded, territory v3)",R06,9.0,R06,,"42.43769,-83.33532",True
2026-08-31,W5,Jasmine,J-W5D4,Route day,2,Dedicated senior Medical Center Detroit North,Ortho cross-sell,Ortho Referrer,Tier 2,Wave 2,0,4,PCP,Detroit,10.0,False,"C2 (Aug 7 refresh: actuals-seeded, territory v3)",R08,1.0,R08,,"42.42911,-83.23933",True
2026-08-31,W5,Jasmine,J-W5D4,Route day,3,Frank Lanzilote DO-Family Practice,Protect,Repeat Spine Referrer,Tier 1,Wave 1,2,23,PCP,Detroit,10.0,False,"C2 (Aug 7 refresh: actuals-seeded, territory v3)",R08,3.0,R08,,"42.39635,-83.20689",True
2026-08-31,W5,Jasmine,J-W5D4,Route day,4,Corewell Health Family Medicine - Northside,Prospect first-touch,Visit / Prospect,Prospect,Wave 2,0,0,PCP,Detroit,164.0,True,"C2 (Aug 7 refresh: actuals-seeded, territory v3)",R08,4.0,R08,,"42.38864,-83.19854",True
2026-08-31,W5,Jasmine,J-W5D4,Route day,5,Oak Street Health,Prospect first-touch,Visit / Prospect,Prospect,Wave 2,0,0,PCP,Detroit,46.0,True,"C2 (Aug 7 refresh: actuals-seeded, territory v3)",R08,2.0,R08,,"42.40170,-83.22436",True
2026-08-31,W5,Jasmine,J-W5D4,Route day,6,WARRENFIELD MEDICAL CENTER (Medicaid),Prospect first-touch,Visit / Prospect,Prospect,Wave 2,0,0,PCP,Dearborn,70.0,True,"C2 (Aug 7 refresh: actuals-seeded, territory v3)",R23,7.0,R23,,"42.34396,-83.18815",True
2026-08-31,W5,Jasmine,J-W5D4,Route day,7,"EAST DEARBORN MEDICAL CLINIC, PC (Medicaid)",Prospect first-touch,Visit / Prospect,Prospect,Wave 2,0,0,PCP,Dearborn,70.0,True,"C2 (Aug 7 refresh: actuals-seeded, territory v3)",R23,6.0,R23,,"42.34405,-83.18753",True
2026-08-31,W5,Jasmine,J-W5D4,Route day,8,Dearborn Health Clinic,Prospect first-touch,Visit / Prospect,Prospect,Wave 2,0,0,PCP,Dearborn,27.0,True,"C2 (Aug 7 refresh: actuals-seeded, territory v3)",R23,5.0,R23,,"42.34409,-83.17994",True
2026-08-31,W5,Jasmine,J-W5D4,Route day,9,Bingham Medical Center,Prospect first-touch,Visit / Prospect,Prospect,Wave 2,0,0,PCP,Dearborn,96.0,True,"C2 (Aug 7 refresh: actuals-seeded, territory v3)",R23,4.0,R23,,"42.34432,-83.17512",True
2026-08-31,W5,Jasmine,J-W5D4,Route day,10,PRIME CARE MEDICAL CLINIC,Prospect first-touch,Visit / Prospect,Prospect,Wave 2,0,0,Orthopedic,Dearborn,102.0,True,"C2 (Aug 7 refresh: actuals-seeded, territory v3)",R23,1.0,R23,,"42.33091,-83.17579",True
2026-08-31,W5,Jasmine,J-W5D5,Route day,1,CANTON FOOT & Ankle SPECIALISTS,Ortho cross-sell,Ortho Referrer,Tier 2,Wave 2,0,1,Podiatry,Canton,6.0,False,"C2 (Aug 7 refresh: actuals-seeded, territory v3)",R22,4.0,R22,,"42.32351,-83.46191",False
2026-08-31,W5,Jasmine,J-W5D5,Route day,2,Advanced Primary Care,Prospect 2nd touch,Visit / Prospect,Prospect,Wave 2,0,0,PCP,Canton,18.0,False,"C2 (Aug 7 refresh: actuals-seeded, territory v3)",R22,5.0,R22,,"42.32351,-83.46191",False
2026-08-31,W5,Jasmine,J-W5D5,Route day,3,Corwell health orthopedics Canton,Convert to repeat,One Spine Patient,Tier 1,Wave 1,1,1,Orthopedic,Canton,18.0,False,"C2 (Aug 7 refresh: actuals-seeded, territory v3)",R03,1.0,R03,,"42.32062,-83.44835",True
2026-08-31,W5,Jasmine,J-W5D5,Route day,4,A1 Family Medicine,Convert to repeat,One Spine Patient,Tier 1,Wave 1,1,3,PCP,Canton,10.0,False,"C2 (Aug 7 refresh: actuals-seeded, territory v3)",R03,2.0,R03,,"42.32062,-83.44835",True
2026-08-31,W5,Jasmine,J-W5D5,Route day,5,CoreWell Health Family Medicine,Ortho cross-sell,Ortho Referrer,Tier 2,Wave 2,0,10,PCP,Canton,39.0,False,"C2 (Aug 7 refresh: actuals-seeded, territory v3)",R03,3.0,R03,,"42.32062,-83.44835",True
2026-08-31,W5,Jasmine,J-W5D5,Route day,6,Michigan family wellness,Prospect 2nd touch,Visit / Prospect,Prospect,Wave 2,0,0,Pain,Canton,39.0,False,"C2 (Aug 7 refresh: actuals-seeded, territory v3)",R03,4.0,R03,,"42.32062,-83.44835",False
2026-08-31,W5,Jasmine,J-W5D5,Route day,7,Sarju Shah Family Medicine and Geriatrics,Prospect 2nd touch,Visit / Prospect,Prospect,Wave 2,0,0,PCP,Canton,39.0,False,"C2 (Aug 7 refresh: actuals-seeded, territory v3)",R03,5.0,R03,,"42.32062,-83.44835",True
2026-08-31,W5,Jasmine,J-W5D5,Route day,8,BEAUMONT CHERRY HILL INTERNAL MEDICAL ASSOCIATES CANTON,Prospect 2nd touch,Visit / Prospect,Prospect,Wave 2,0,0,PCP,Canton,18.0,False,"C2 (Aug 7 refresh: actuals-seeded, territory v3)",R03,6.0,R03,,"42.32062,-83.44835",True
2026-08-31,W5,Jasmine,J-W5D5,Route day,9,Trinity Health IHA Medical Group Primary Care - Canton,Convert to repeat,One Spine Patient,Tier 1,Wave 1,1,1,PCP,Canton,26.0,False,"C2 (Aug 7 refresh: actuals-seeded, territory v3)",R11,3.0,R11,,"42.29431,-83.48807",True
2026-08-31,W5,Jasmine,J-W5D5,Route day,10,IHA ORTHOPAEDIC SURGERY ASSOCIATES - CANTON,Prospect 2nd touch,Visit / Prospect,Prospect,Wave 2,0,0,Orthopedic,Canton,18.0,False,"C2 (Aug 7 refresh: actuals-seeded, territory v3)",R11,1.0,R11,,"42.29431,-83.48807",True
2026-09-07,W6,Jasmine,J-W6D1,Route day,1,Dedicated Senior Medical Center - Warren,Ortho cross-sell,Ortho Referrer,Tier 2,Wave 2,0,6,Orthopedic,Warren,10.0,False,"C2 (Aug 7 refresh: actuals-seeded, territory v3)",R08,8.0,R08,,"42.44776,-83.08299",True
2026-09-07,W6,Jasmine,J-W6D2,Route day,1,DEDICATED SENIOR MEDICAL CENTER - Southfield,Cross-sell (other service),Other Patient Referrer,Tier 3,Wave 2,0,2,Orthopedic,Southfield,14.0,False,"C2 (Aug 7 refresh: actuals-seeded, territory v3)",R18,5.0,R18,,"42.48791,-83.25991",True
2026-09-07,W6,Jasmine,J-W6D2,Route day,2,SOUTHFIELD URGENT CARE,Cross-sell (other service),Other Patient Referrer,Tier 3,Wave 2,0,1,Urgent Care,Southfield,14.0,False,"C2 (Aug 7 refresh: actuals-seeded, territory v3)",R18,9.0,R18,,"42.46584,-83.21993",True
2026-09-07,W6,Jasmine,J-W6D2,Route day,3,Core Institute/Henry Ford Motor City Orthopedics & PT- Southfield,Convert to repeat,One Spine Patient,Tier 1,Wave 1,1,1,Orthopedic,Southfield,32.0,False,"C2 (Aug 7 refresh: actuals-seeded, territory v3)",R19,1.0,R19,,"42.45644,-83.20586",True
2026-09-07,W6,Jasmine,J-W6D2,Route day,4,ACADEMIC INTERNAL MEDICINE SPECIALISTS,Ortho cross-sell,Ortho Referrer,Tier 2,Wave 2,0,1,PCP,Southfield,14.0,False,"C2 (Aug 7 refresh: actuals-seeded, territory v3)",R19,2.0,R19,,"42.45644,-83.20586",True
2026-09-07,W6,Jasmine,J-W6D2,Route day,5,Roberts Orthopedic Services,Convert to repeat,One Spine Patient,Tier 1,Wave 1,1,1,Orthopedic,Southfield,12.0,False,"C2 (Aug 7 refresh: actuals-seeded, territory v3)",R18,4.0,R18,,"42.48842,-83.26379",True
2026-09-07,W6,Jasmine,J-W6D2,Route day,6,Get Well Urgent Care Southfield,Prospect first-touch,Visit / Prospect,Prospect,Wave 2,0,0,Urgent Care,Southfield,41.0,True,"C2 (Aug 7 refresh: actuals-seeded, territory v3)",R18,8.0,R18,,"42.46603,-83.22020",True
2026-09-07,W6,Jasmine,J-W6D2,Route day,7,Concentra Urgent Care - Southfield,Prospect first-touch,Visit / Prospect,Prospect,Wave 2,0,0,Urgent Care,Southfield,32.0,True,"C2 (Aug 7 refresh: actuals-seeded, territory v3)",R19,3.0,R19,,"42.48221,-83.20378",True
2026-09-07,W6,Jasmine,J-W6D2,Route day,8,City Medical - Madison Heights,Prospect first-touch,Visit / Prospect,Prospect,Wave 2,0,0,Urgent Care,Madison Heights,130.0,True,"C2 (Aug 7 refresh: actuals-seeded, territory v3)",R08,9.0,R08,,"42.51737,-83.12012",True
2026-09-07,W6,Jasmine,J-W6D3,Route day,1,Livonia Family Medical Center,Convert to repeat,One Spine Patient,Tier 1,Wave 1,1,3,PCP,Livonia,45.0,False,"C2 (Aug 7 refresh: actuals-seeded, territory v3)",R16,1.0,R16,,"42.36890,-83.32576",True
2026-09-07,W6,Jasmine,J-W6D3,Route day,2,"Trinity Health IHA Medical Group, Primary Care - Southeast Livonia",Convert to repeat,One Spine Patient,Tier 1,Wave 1,1,3,PCP,Livonia,45.0,False,"C2 (Aug 7 refresh: actuals-seeded, territory v3)",R07,3.0,R07,,"42.36972,-83.33238",True
2026-09-07,W6,Jasmine,J-W6D3,Route day,3,"APOLLO HEALTH SERVICES, PC",Convert to repeat,One Spine Patient,Tier 1,Wave 1,1,1,PCP,Garden City,109.0,False,"C2 (Aug 7 refresh: actuals-seeded, territory v3)",R14,2.0,R14,,"42.32786,-83.33147",True
2026-09-07,W6,Jasmine,J-W6D3,Route day,4,Plymouth physical therapy services,Convert to repeat,One Spine Patient,Tier 1,Wave 1,1,1,PT,Garden City,109.0,False,"C2 (Aug 7 refresh: actuals-seeded, territory v3)",R14,1.0,R14,,"42.32622,-83.33207",True
2026-09-07,W6,Jasmine,J-W6D3,Route day,5,The family Doc,Ortho cross-sell,Ortho Referrer,Tier 2,Wave 2,0,1,PCP,Dearborn Heights,165.0,False,"C2 (Aug 7 refresh: actuals-seeded, territory v3)",R25,1.0,R25,,"42.34134,-83.28758",False
2026-09-07,W6,Jasmine,J-W6D3,Route day,6,"TENNY INTERNAL MEDICINE, PLLC",Convert to repeat,One Spine Patient,Tier 1,Wave 1,1,3,PCP,Dearborn,129.0,False,"C2 (Aug 7 refresh: actuals-seeded, territory v3)",R12,6.0,R12,,"42.30375,-83.25000",True
2026-09-07,W6,Jasmine,J-W6D3,Route day,7,"DEARBORN FAMILY CLINIC, PC",Convert to repeat,One Spine Patient,Tier 1,Wave 1,1,3,Orthopedic,Dearborn,112.0,False,"C2 (Aug 7 refresh: actuals-seeded, territory v3)",R12,4.0,R12,,"42.28839,-83.27044",True
2026-09-07,W6,Jasmine,J-W6D3,Route day,8,PelHam Primary Care,Convert to repeat,One Spine Patient,Tier 1,Wave 1,1,1,PCP,Dearborn,96.0,False,"C2 (Aug 7 refresh: actuals-seeded, territory v3)",R13,1.0,R13,,"42.28319,-83.23137",True
2026-09-07,W6,Jasmine,J-W6D3,Route day,9,COREWELL HEALTH  INTERNAL MEDICINE DEARBORN,Convert to repeat,One Spine Patient,Tier 1,Wave 1,1,1,PCP,Dearborn,27.0,False,"C2 (Aug 7 refresh: actuals-seeded, territory v3)",R13,2.0,R13,,"42.32245,-83.21108",True
2026-09-07,W6,Jasmine,J-W6D3,Route day,10,BRYANT PRIMARY CARE Updated,Prospect first-touch,Visit / Prospect,Prospect,Wave 2,0,0,Pain,Dearborn,130.0,True,"C2 (Aug 7 refresh: actuals-seeded, territory v3)",R13,3.0,R13,,"42.32453,-83.20665",True
2026-09-07,W6,Jasmine,J-W6D4,Route day,1,NORLIVO INTERNAL MEDICINE,Protect,Repeat Spine Referrer,Tier 1,Wave 1,3,10,Orthopedic,Livonia,11.0,False,"C2 (Aug 7 refresh: actuals-seeded, territory v3)",R06,2.0,R06,,"42.43844,-83.37564",True
2026-09-07,W6,Jasmine,J-W6D4,Route day,2,Corwell internal medicine and primary care,Ortho cross-sell,Ortho Referrer,Tier 2,Wave 2,0,1,PCP,Livonia,62.0,False,"C2 (Aug 7 refresh: actuals-seeded, territory v3)",R28,10.0,R28,,"42.43238,-83.41735",False
2026-09-07,W6,Jasmine,J-W6D4,Route day,3,Lakes Urgent Care - Livonia,Convert to repeat,One Spine Patient,Tier 1,Wave 1,1,32,Urgent Care,Livonia,20.0,False,"C2 (Aug 7 refresh: actuals-seeded, territory v3)",R15,5.0,R15,,"42.39727,-83.40539",True
2026-09-07,W6,Jasmine,J-W6D4,Route day,4,CENTER FOR INTERNAL MEDICINE CONTINUITY CLINIC,Ortho cross-sell,Ortho Referrer,Tier 2,Wave 2,0,1,PCP,Livonia,59.0,False,"C2 (Aug 7 refresh: actuals-seeded, territory v3)",R06,8.0,R06,,"42.42683,-83.32690",True
2026-09-07,W6,Jasmine,J-W6D4,Route day,5,Botsford General Hospital,Prospect first-touch,Visit / Prospect,Prospect,Wave 2,0,0,PCP,Livonia,45.0,True,"C2 (Aug 7 refresh: actuals-seeded, territory v3)",R06,10.0,R06,,"42.44127,-83.32955",True
2026-09-07,W6,Jasmine,J-W6D4,Route day,6,Corewell Health Urgent Care,Prospect first-touch,Visit / Prospect,Prospect,Wave 2,0,0,Urgent Care,Farmington Hills,21.0,True,"C2 (Aug 7 refresh: actuals-seeded, territory v3)",R27,5.0,R27,,"42.44318,-83.32210",True
2026-09-07,W6,Jasmine,J-W6D4,Route day,7,MICHIGAN ORTHOPEDIC SPECIALISTS - Farmington Hills,Prospect first-touch,Visit / Prospect,Prospect,Wave 2,0,0,Orthopedic,Farmington Hills,39.0,True,"C2 (Aug 7 refresh: actuals-seeded, territory v3)",R27,3.0,R27,,"42.44640,-83.32444",True
2026-09-07,W6,Jasmine,J-W6D4,Route day,8,SPECIALISTS IN SPINE SURGERY - Farmington Hills,Prospect first-touch,Visit / Prospect,Prospect,Wave 2,0,0,Orthopedic,Farmington Hills,20.0,True,"C2 (Aug 7 refresh: actuals-seeded, territory v3)",R27,4.0,R27,,"42.44640,-83.32444",True
2026-09-07,W6,Jasmine,J-W6D4,Route day,9,Medical Center Urgent Care,Prospect first-touch,Visit / Prospect,Prospect,Wave 2,0,0,Urgent Care,Livonia,59.0,True,"C2 (Aug 7 refresh: actuals-seeded, territory v3)",R06,6.0,R06,,"42.42651,-83.35022",True
2026-09-07,W6,Jasmine,J-W6D4,Route day,10,Endeavor chiropractic,Prospect first-touch,Visit / Prospect,Prospect,Wave 2,0,0,Chiropractor,Livonia,33.0,True,"C2 (Aug 7 refresh: actuals-seeded, territory v3)",R04,8.0,R04,,"42.41999,-83.37422",False
2026-09-07,W6,Jasmine,J-W6D5,Route day,1,Corewell Health Family Care of Novi,Ortho cross-sell,Ortho Referrer,Tier 2,Wave 2,0,5,PCP,Novi,31.0,False,"C2 (Aug 7 refresh: actuals-seeded, territory v3)",R17,10.0,R17,,"42.49712,-83.48326",True
2026-09-07,W6,Jasmine,J-W6D5,Route day,2,Office of Robert Brateman,Ortho cross-sell,Ortho Referrer,Tier 2,Wave 2,0,5,PCP,Novi,48.0,False,"C2 (Aug 7 refresh: actuals-seeded, territory v3)",R01,7.0,R01,,"42.47279,-83.44172",True
2026-09-07,W6,Jasmine,J-W6D5,Route day,3,Family Care Physicians PC,Ortho cross-sell,Ortho Referrer,Tier 2,Wave 2,0,1,PCP,Novi,48.0,False,"C2 (Aug 7 refresh: actuals-seeded, territory v3)",R01,8.0,R01,,"42.46902,-83.43651",True
2026-09-07,W6,Jasmine,J-W6D5,Route day,4,Primecare of Novi,Ortho cross-sell,Ortho Referrer,Tier 2,Wave 2,0,1,Pain,Novi,40.0,False,"C2 (Aug 7 refresh: actuals-seeded, territory v3)",R01,9.0,R01,,"42.46741,-83.43764",True
2026-09-07,W6,Jasmine,J-W6D5,Route day,5,"PRIMECARE URGENT CARE, PLLC",Prospect 2nd touch,Visit / Prospect,Prospect,Wave 2,0,0,Orthopedic,Novi,40.0,False,"C2 (Aug 7 refresh: actuals-seeded, territory v3)",R01,10.0,R01,,"42.46741,-83.43764",True
2026-09-07,W6,Jasmine,J-W6D5,Route day,6,Everside Health,Prospect first-touch,Visit / Prospect,Prospect,Wave 2,0,0,Pain,Novi,40.0,True,"C2 (Aug 7 refresh: actuals-seeded, territory v3)",R29,1.0,R29,,"42.46734,-83.43930",True
2026-09-07,W6,Jasmine,J-W6D5,Route day,7,Southeast Michigan Rehab & Pain,Prospect first-touch,Visit / Prospect,Prospect,Wave 2,0,0,Pain,Novi,31.0,True,"C2 (Aug 7 refresh: actuals-seeded, territory v3)",R29,2.0,R29,,"42.46734,-83.43930",True
2026-09-07,W6,Jasmine,J-W6D5,Route day,8,"ORTHOPEDIC SURGERY SPECIALISTS, PLLC",Prospect first-touch,Visit / Prospect,Prospect,Wave 2,0,0,Orthopedic,Novi,31.0,True,"C2 (Aug 7 refresh: actuals-seeded, territory v3)",R01,4.0,R01,,"42.48092,-83.45428",True
2026-09-07,W6,Jasmine,J-W6D5,Route day,9,Gem Health and Wellness,Prospect first-touch,Visit / Prospect,Prospect,Wave 2,0,0,PCP,Novi,26.0,True,"C2 (Aug 7 refresh: actuals-seeded, territory v3)",R01,5.0,R01,,"42.48092,-83.45428",True
2026-09-07,W6,Jasmine,J-W6D5,Route day,10,Oakland Rehabilitation Associates,Prospect first-touch,Visit / Prospect,Prospect,Wave 2,0,0,PT,Novi,26.0,True,"C2 (Aug 7 refresh: actuals-seeded, territory v3)",R01,6.0,R01,,"42.48092,-83.45428",True
2026-09-14,W7,Jasmine,J-W7D1,Route day,1,Western Wayne Physicians - Livonia,Ortho cross-sell,Ortho Referrer,Tier 2,Wave 2,0,2,PCP,Livonia,32.0,False,"C2 (Aug 7 refresh: actuals-seeded, territory v3)",R04,6.0,R04,,"42.39515,-83.40241",True
2026-09-14,W7,Jasmine,J-W7D1,Route day,2,Levan Internists,Ortho cross-sell,Ortho Referrer,Tier 2,Wave 2,0,2,PCP,Livonia,152.0,False,"C2 (Aug 7 refresh: actuals-seeded, territory v3)",R04,5.0,R04,,"42.39370,-83.40206",True
2026-09-14,W7,Jasmine,J-W7D1,Route day,3,BN Nandish MD,Ortho cross-sell,Ortho Referrer,Tier 2,Wave 2,0,2,PCP,Livonia,32.0,False,"C2 (Aug 7 refresh: actuals-seeded, territory v3)",R04,1.0,R04,,"42.39364,-83.40448",False
2026-09-14,W7,Jasmine,J-W7D1,Route day,4,Joshua S Faley,Prospect 2nd touch,Visit / Prospect,Prospect,Wave 2,0,0,PCP,Livonia,32.0,False,"C2 (Aug 7 refresh: actuals-seeded, territory v3)",R04,2.0,R04,,"42.39364,-83.40448",False
2026-09-14,W7,Jasmine,J-W7D1,Route day,5,"Sussan J Salas, MD, FAANS",Prospect 2nd touch,Visit / Prospect,Prospect,Wave 2,0,0,PCP,Livonia,32.0,False,"C2 (Aug 7 refresh: actuals-seeded, territory v3)",R04,3.0,R04,,"42.39364,-83.40448",False
2026-09-14,W7,Jasmine,J-W7D1,Route day,6,PROVIDENCE PARK LIVONIA FAMILY MEDICINE,Ortho cross-sell,Ortho Referrer,Tier 2,Wave 2,0,1,PCP,Livonia,52.0,False,"C2 (Aug 7 refresh: actuals-seeded, territory v3)",R15,2.0,R15,,"42.40975,-83.41468",True
2026-09-14,W7,Jasmine,J-W7D1,Route day,7,Michigan Urgent Care - Livonia,Ortho cross-sell,Ortho Referrer,Tier 2,Wave 2,0,1,Orthopedic,Livonia,25.0,False,"C2 (Aug 7 refresh: actuals-seeded, territory v3)",R28,9.0,R28,,"42.42407,-83.41577",True
2026-09-14,W7,Jasmine,J-W7D1,Route day,8,Trinity IHA Academic Family Medicine - Livonia,Prospect 2nd touch,Visit / Prospect,Prospect,Wave 2,0,0,Pain,Livonia,25.0,False,"C2 (Aug 7 refresh: actuals-seeded, territory v3)",R28,7.0,R28,,"42.42407,-83.41577",True
2026-09-14,W7,Jasmine,J-W7D1,Route day,9,Trinity Health IHA Academic Internal Medicine,Prospect 2nd touch,Visit / Prospect,Prospect,Wave 2,0,0,PCP,Livonia,52.0,False,"C2 (Aug 7 refresh: actuals-seeded, territory v3)",R28,8.0,R28,,"42.42407,-83.41577",True
2026-09-14,W7,Jasmine,J-W7D1,Route day,10,Trinity IHA Orthopedics - Schoolcraft,Ortho cross-sell,Ortho Referrer,Tier 2,Wave 2,0,1,Orthopedic,Livonia,25.0,False,"C2 (Aug 7 refresh: actuals-seeded, territory v3)",R28,5.0,R28,,"42.42198,-83.42613",False
2026-09-14,W7,Jasmine,J-W7D2,Route day,1,Office of Robert Vartabedian MD,Ortho cross-sell,Ortho Referrer,Tier 2,Wave 2,0,2,PCP,Plymouth,49.0,False,"C2 (Aug 7 refresh: actuals-seeded, territory v3)",R30,5.0,R30,,"42.37034,-83.47137",True
2026-09-14,W7,Jasmine,J-W7D2,Route day,2,Office of Jeff The DO,Ortho cross-sell,Ortho Referrer,Tier 2,Wave 2,0,1,PCP,Plymouth,28.0,False,"C2 (Aug 7 refresh: actuals-seeded, territory v3)",R30,4.0,R30,,"42.37034,-83.47137",True
2026-09-14,W7,Jasmine,J-W7D2,Route day,3,IHA Plymouth Primary Care,Ortho cross-sell,Ortho Referrer,Tier 2,Wave 2,0,4,PCP,Plymouth,28.0,False,"C2 (Aug 7 refresh: actuals-seeded, territory v3)",R30,6.0,R30,,"42.37034,-83.47137",True
2026-09-14,W7,Jasmine,J-W7D2,Route day,4,Ethos Physical Therapy,Prospect first-touch,Visit / Prospect,Prospect,Wave 2,0,0,PT,Plymouth,28.0,True,"C2 (Aug 7 refresh: actuals-seeded, territory v3)",R30,7.0,R30,,"42.38219,-83.47661",True
2026-09-14,W7,Jasmine,J-W7D2,Route day,5,Gingell Chiropractic,Prospect first-touch,Visit / Prospect,Prospect,Wave 2,0,0,Chiropractor,Plymouth,28.0,True,"C2 (Aug 7 refresh: actuals-seeded, territory v3)",R30,1.0,R30,,"42.35961,-83.48140",False
2026-09-14,W7,Jasmine,J-W7D2,Route day,6,"IHA, Primary Care - Cherry Hill Village",Ortho cross-sell,Ortho Referrer,Tier 2,Wave 2,0,2,PCP,Canton,19.0,False,"C2 (Aug 7 refresh: actuals-seeded, territory v3)",R02,1.0,R02,,"42.30654,-83.53002",True
2026-09-14,W7,Jasmine,J-W7D2,Route day,7,Michigan Orthopedic Specialists,Prospect first-touch,Visit / Prospect,Prospect,Wave 2,0,0,Orthopedic,Canton,39.0,True,"C2 (Aug 7 refresh: actuals-seeded, territory v3)",R22,3.0,R22,,"42.35055,-83.48092",True
2026-09-14,W7,Jasmine,J-W7D2,Route day,8,PLYMOUTH CANTON FAMILY HEALTH,Prospect first-touch,Visit / Prospect,Prospect,Wave 2,0,0,PCP,Canton,39.0,True,"C2 (Aug 7 refresh: actuals-seeded, territory v3)",R22,2.0,R22,,"42.35055,-83.48092",True
2026-09-14,W7,Jasmine,J-W7D2,Route day,9,Bluestone PT/OT/ST,Prospect first-touch,Visit / Prospect,Prospect,Wave 2,0,0,PT,Livonia,45.0,True,"C2 (Aug 7 refresh: actuals-seeded, territory v3)",R16,6.0,R16,,"42.35958,-83.42618",True
2026-09-14,W7,Jasmine,J-W7D2,Route day,10,Buckle Family Chiropractic Ste 5,Prospect first-touch,Visit / Prospect,Prospect,Wave 2,0,0,Chiropractor,Livonia,25.0,True,"C2 (Aug 7 refresh: actuals-seeded, territory v3)",R16,5.0,R16,,"42.35961,-83.42502",False
2026-09-14,W7,Jasmine,J-W7D3,Route day,1,Wayne Primary Care and Walk In,Ortho cross-sell,Ortho Referrer,Tier 2,Wave 2,0,1,Urgent Care,Wayne,63.0,False,"C2 (Aug 7 refresh: actuals-seeded, territory v3)",R09,7.0,R09,,"42.27858,-83.36406",True
2026-09-14,W7,Jasmine,J-W7D3,Route day,2,Palmer Medical,Prospect first-touch,Visit / Prospect,Prospect,Wave 2,0,0,PCP,Westland,35.0,True,"C2 (Aug 7 refresh: actuals-seeded, territory v3)",R09,2.0,R09,,"42.29548,-83.38108",True
2026-09-14,W7,Jasmine,J-W7D3,Route day,3,Arash Kiarash,Prospect first-touch,Visit / Prospect,Prospect,Wave 2,0,0,PCP,Westland,35.0,True,"C2 (Aug 7 refresh: actuals-seeded, territory v3)",R09,1.0,R09,,"42.29550,-83.38129",False
2026-09-14,W7,Jasmine,J-W7D3,Route day,4,Trupti Patel,Prospect first-touch,Visit / Prospect,Prospect,Wave 2,0,0,PCP,Westland,63.0,True,"C2 (Aug 7 refresh: actuals-seeded, territory v3)",R09,3.0,R09,,"42.33972,-83.36882",False
2026-09-14,W7,Jasmine,J-W7D3,Route day,5,"CARSON, DARCELLE M, MEDICAL GROUP",Prospect first-touch,Visit / Prospect,Prospect,Wave 2,0,0,Orthopedic,Livonia,62.0,True,"C2 (Aug 7 refresh: actuals-seeded, territory v3)",R16,4.0,R16,,"42.36831,-83.35644",True
2026-09-14,W7,Jasmine,J-W7D3,Route day,6,Fox Michael DO,Prospect first-touch,Visit / Prospect,Prospect,Wave 2,0,0,PCP,Livonia,52.0,True,"C2 (Aug 7 refresh: actuals-seeded, territory v3)",R16,2.0,R16,,"42.35559,-83.31486",True
2026-09-14,W7,Jasmine,J-W7D3,Route day,7,Elite Care Physicians PLLC,Prospect first-touch,Visit / Prospect,Prospect,Wave 2,0,0,PCP,Redford,196.0,True,"C2 (Aug 7 refresh: actuals-seeded, territory v3)",R14,9.0,R14,,"42.35575,-83.31042",True
2026-09-14,W7,Jasmine,J-W7D3,Route day,8,ASSOCIATES IN INTERNAL MEDICINE SPECIALTIES,Prospect first-touch,Visit / Prospect,Prospect,Wave 2,0,0,PCP,Garden City,56.0,True,"C2 (Aug 7 refresh: actuals-seeded, territory v3)",R14,8.0,R14,,"42.33247,-83.31374",True
2026-09-14,W7,Jasmine,J-W7D3,Route day,9,Garden City urgent care/primary care,Prospect first-touch,Visit / Prospect,Prospect,Wave 2,0,0,Urgent Care,Garden City,20.0,True,"C2 (Aug 7 refresh: actuals-seeded, territory v3)",R14,7.0,R14,,"42.32558,-83.32269",True
2026-09-14,W7,Jasmine,J-W7D3,Route day,10,Meridian Rehab,Prospect first-touch,Visit / Prospect,Prospect,Wave 2,0,0,PT,Garden City,56.0,True,"C2 (Aug 7 refresh: actuals-seeded, territory v3)",R14,4.0,R14,,"42.32447,-83.33017",True
2026-09-14,W7,Jasmine,J-W7D4,Route day,1,Schaefer Medical,Ortho cross-sell,Ortho Referrer,Tier 2,Wave 2,0,1,PCP,Dearborn,96.0,False,"C2 (Aug 7 refresh: actuals-seeded, territory v3)",R13,10.0,R13,,"42.32633,-83.17642",True
2026-09-14,W7,Jasmine,J-W7D4,Route day,2,"Corwell health internal medicine, Dearborn",Prospect first-touch,Visit / Prospect,Prospect,Wave 2,0,0,PCP,Dearborn,27.0,True,"C2 (Aug 7 refresh: actuals-seeded, territory v3)",R13,9.0,R13,,"42.32193,-83.17555",True
2026-09-14,W7,Jasmine,J-W7D4,Route day,3,"GREENFIELD MEDICAL CENTER OF DEARBORN, PC",Prospect first-touch,Visit / Prospect,Prospect,Wave 2,0,0,Pain,Dearborn,101.0,True,"C2 (Aug 7 refresh: actuals-seeded, territory v3)",R23,3.0,R23,,"42.32609,-83.16838",True
2026-09-14,W7,Jasmine,J-W7D4,Route day,4,"Oakman, Medical Center",Prospect first-touch,Visit / Prospect,Prospect,Wave 2,0,0,PCP,Dearborn,27.0,True,"C2 (Aug 7 refresh: actuals-seeded, territory v3)",R23,2.0,R23,,"42.32694,-83.16839",True
2026-09-14,W7,Jasmine,J-W7D4,Route day,5,EASTBORN MEDICAL GROUP,Prospect first-touch,Visit / Prospect,Prospect,Wave 2,0,0,Orthopedic,Dearborn,27.0,True,"C2 (Aug 7 refresh: actuals-seeded, territory v3)",R13,8.0,R13,,"42.31824,-83.19045",False
2026-09-14,W7,Jasmine,J-W7D4,Route day,6,"ALI M NASSER, MD, PC",Prospect first-touch,Visit / Prospect,Prospect,Wave 2,0,0,Orthopedic,Dearborn,27.0,True,"C2 (Aug 7 refresh: actuals-seeded, territory v3)",R13,7.0,R13,,"42.31798,-83.19105",True
2026-09-14,W7,Jasmine,J-W7D4,Route day,7,PULSE PRIMARY/SENIOR CARE,Prospect first-touch,Visit / Prospect,Prospect,Wave 2,0,0,PCP,Dearborn,27.0,True,"C2 (Aug 7 refresh: actuals-seeded, territory v3)",R13,6.0,R13,,"42.31730,-83.19402",True
2026-09-14,W7,Jasmine,J-W7D4,Route day,8,Associated physicians of Dearborn,Prospect first-touch,Visit / Prospect,Prospect,Wave 2,0,0,PCP,Dearborn,112.0,True,"C2 (Aug 7 refresh: actuals-seeded, territory v3)",R13,5.0,R13,,"42.31923,-83.19484",True
2026-09-14,W7,Jasmine,J-W7D4,Route day,9,Dearborn Family Doctors,Prospect first-touch,Visit / Prospect,Prospect,Wave 2,0,0,PCP,Dearborn,82.0,True,"C2 (Aug 7 refresh: actuals-seeded, territory v3)",R13,4.0,R13,,"42.31968,-83.19494",True
2026-09-14,W7,Jasmine,J-W7D4,Route day,10,Raad Al-Saraf MD PC,Prospect first-touch,Visit / Prospect,Prospect,Wave 2,0,0,Orthopedic,Dearborn,70.0,True,"C2 (Aug 7 refresh: actuals-seeded, territory v3)",R23,8.0,R23,,"42.34072,-83.19580",True
2026-09-14,W7,Jasmine,J-W7D5,Route day,1,Henry Ford Family Medicine/Internal Medicine  - Novi,Prospect first-touch,Visit / Prospect,Prospect,Wave 2,0,0,Pain,Novi,67.0,True,"C2 (Aug 7 refresh: actuals-seeded, territory v3)",R29,3.0,R29,,"42.49797,-83.43755",True
2026-09-14,W7,Jasmine,J-W7D5,Route day,2,Henry Ford Pain Clinic - Novi,Prospect first-touch,Visit / Prospect,Prospect,Wave 2,0,0,Pain,Novi,47.0,True,"C2 (Aug 7 refresh: actuals-seeded, territory v3)",R29,4.0,R29,,"42.49805,-83.43773",True
2026-09-14,W7,Jasmine,J-W7D5,Route day,3,Northville-Novi Family Medicine,Prospect first-touch,Visit / Prospect,Prospect,Wave 2,0,0,PCP,Novi,48.0,True,"C2 (Aug 7 refresh: actuals-seeded, territory v3)",R29,10.0,R29,,"42.44687,-83.47322",True
2026-09-14,W7,Jasmine,J-W7D5,Route day,4,MICHIGAN INSTITUTE OF MEDICINE,Prospect first-touch,Visit / Prospect,Prospect,Wave 2,0,0,PCP,Livonia,32.0,True,"C2 (Aug 7 refresh: actuals-seeded, territory v3)",R15,1.0,R15,,"42.43891,-83.42514",True
2026-09-14,W7,Jasmine,J-W7D5,Route day,5,Henry Ford employer solutions,Prospect first-touch,Visit / Prospect,Prospect,Wave 2,0,0,PCP,Livonia,52.0,True,"C2 (Aug 7 refresh: actuals-seeded, territory v3)",R28,6.0,R28,,"42.42399,-83.41632",True
2026-09-14,W7,Jasmine,J-W7D5,Route day,6,IHA urgent care Livonia,Prospect first-touch,Visit / Prospect,Prospect,Wave 2,0,0,Urgent Care,Livonia,52.0,True,"C2 (Aug 7 refresh: actuals-seeded, territory v3)",R28,4.0,R28,,"42.42203,-83.42666",False
2026-09-14,W7,Jasmine,J-W7D5,Route day,7,Trinity Health - Emergency Medicine,Prospect first-touch,Visit / Prospect,Prospect,Wave 2,0,0,PCP,Livonia,59.0,True,"C2 (Aug 7 refresh: actuals-seeded, territory v3)",R15,6.0,R15,,"42.39456,-83.40436",True
2026-09-14,W7,Jasmine,J-W7D5,Route day,8,"Trinity Health IHA Medical Group, Hospital Medicine",Prospect first-touch,Visit / Prospect,Prospect,Wave 2,0,0,PCP,Livonia,59.0,True,"C2 (Aug 7 refresh: actuals-seeded, territory v3)",R15,7.0,R15,,"42.39397,-83.40484",True
2026-09-14,W7,Jasmine,J-W7D5,Route day,9,Intensive Pulmonary & Internal Medicine,Prospect first-touch,Visit / Prospect,Prospect,Wave 2,0,0,PCP,Livonia,32.0,True,"C2 (Aug 7 refresh: actuals-seeded, territory v3)",R15,8.0,R15,,"42.39372,-83.40438",True
2026-09-14,W7,Jasmine,J-W7D5,Route day,10,"Jowher Khaleel MD, PC",Prospect first-touch,Visit / Prospect,Prospect,Wave 2,0,0,PCP,Livonia,47.0,True,"C2 (Aug 7 refresh: actuals-seeded, territory v3)",R04,9.0,R04,,"42.43571,-83.37509",True
2026-09-21,W8,Jasmine,J-W8D1,Route day,1,DMC SPORTS MEDICINE NOVI,Protect,Repeat Spine Referrer,Tier 1,Wave 1,7,7,Orthopedic,Novi,47.0,False,"C2 (Aug 7 refresh: actuals-seeded, territory v3)",R01,1.0,R01,,"42.49620,-83.48208",True
2026-09-21,W8,Jasmine,J-W8D1,Route day,2,WEST OAKLAND INTERNISTS,Ortho cross-sell,Ortho Referrer,Tier 2,Wave 2,0,7,PCP,Novi,7.0,False,"C2 (Aug 7 refresh: actuals-seeded, territory v3)",R01,2.0,R01,,"42.49620,-83.48208",True
2026-09-21,W8,Jasmine,J-W8D1,Route day,3,Corewell Urgent Care - Novi,Cross-sell (other service),Other Patient Referrer,Tier 3,Wave 2,0,1,Urgent Care,Novi,48.0,False,"C2 (Aug 7 refresh: actuals-seeded, territory v3)",R01,3.0,R01,,"42.48081,-83.47690",True
2026-09-21,W8,Jasmine,J-W8D1,Route day,4,Karma Internists,Convert to repeat,One Spine Patient,Tier 1,Wave 1,1,1,PCP,Novi,19.0,False,"C2 (Aug 7 refresh: actuals-seeded, territory v3)",R17,7.0,R17,,"42.48691,-83.52220",True
2026-09-21,W8,Jasmine,J-W8D1,Route day,5,Rivi Medical Associates,Prospect 2nd touch,Visit / Prospect,Prospect,Wave 2,0,0,PCP,Novi,48.0,False,"C2 (Aug 7 refresh: actuals-seeded, territory v3)",R17,4.0,R17,,"42.48691,-83.52220",True
2026-09-21,W8,Jasmine,J-W8D1,Route day,6,Park Internal Medicine,Prospect 2nd touch,Visit / Prospect,Prospect,Wave 2,0,0,PCP,Novi,48.0,False,"C2 (Aug 7 refresh: actuals-seeded, territory v3)",R17,5.0,R17,,"42.48691,-83.52220",True
2026-09-21,W8,Jasmine,J-W8D1,Route day,7,Park Family Practice - Novi,Cross-sell (other service),Other Patient Referrer,Tier 3,Wave 2,0,1,PCP,Novi,48.0,False,"C2 (Aug 7 refresh: actuals-seeded, territory v3)",R17,6.0,R17,,"42.48691,-83.52220",True
2026-09-21,W8,Jasmine,J-W8D1,Route day,8,Grand River Medical Associates,Protect,Repeat Spine Referrer,Tier 1,Wave 1,2,2,PCP,New Hudson,118.0,False,"C2 (Aug 7 refresh: actuals-seeded, territory v3)",R10,7.0,R10,,"42.50975,-83.60407",True
2026-09-21,W8,Jasmine,J-W8D1,Route day,9,COMPREHENSIVE INTEGRATIVE HEALTH CARE,Prospect first-touch,Visit / Prospect,Prospect,Wave 2,0,0,PCP,Novi,59.0,True,"C2 (Aug 7 refresh: actuals-seeded, territory v3)",R29,9.0,R29,,"42.52154,-83.51665",True
2026-09-21,W8,Jasmine,J-W8D2,Route day,1,Comprehensive Healthcare Associates and Prevention Medicine,Protect,Repeat Spine Referrer,Tier 1,Wave 1,6,24,PCP,Livonia,32.0,False,"C2 (Aug 7 refresh: actuals-seeded, territory v3)",R04,4.0,R04,,"42.39382,-83.40209",True
2026-09-21,W8,Jasmine,J-W8D2,Route day,2,Synergy Medical Primary Care,Protect,Repeat Spine Referrer,Tier 1,Wave 1,4,19,PCP,Livonia,33.0,False,"C2 (Aug 7 refresh: actuals-seeded, territory v3)",R07,10.0,R07,,"42.35993,-83.33214",True
2026-09-21,W8,Jasmine,J-W8D2,Route day,3,OAK STREET HEALTH CHERRY HILL,Protect,Repeat Spine Referrer,Tier 1,Wave 1,3,21,PCP,Inkster,110.0,False,"C2 (Aug 7 refresh: actuals-seeded, territory v3)",R09,4.0,R09,,"42.31160,-83.30742",True
2026-09-21,W8,Jasmine,J-W8D2,Route day,4,BEAUMONT FAMILY MEDICINE GARDEN CITY,Cross-sell (other service),Other Patient Referrer,Tier 3,Wave 2,0,1,PCP,Garden City,56.0,False,"C2 (Aug 7 refresh: actuals-seeded, territory v3)",R14,3.0,R14,,"42.32588,-83.32906",True
2026-09-21,W8,Jasmine,J-W8D2,Route day,5,"MEDICAL GROUP PRACTICE, PC (Olympia health)",Ortho cross-sell,Ortho Referrer,Tier 2,Wave 2,0,1,PCP,Livonia,160.0,False,"C2 (Aug 7 refresh: actuals-seeded, territory v3)",R07,9.0,R07,,"42.36161,-83.33221",True
2026-09-21,W8,Jasmine,J-W8D2,Route day,6,"GARDEN CITY MEDICAL CENTER, PC",Prospect first-touch,Visit / Prospect,Prospect,Wave 2,0,0,PCP,Garden City,56.0,True,"C2 (Aug 7 refresh: actuals-seeded, territory v3)",R14,5.0,R14,,"42.32453,-83.33038",True
2026-09-21,W8,Jasmine,J-W8D2,Route day,7,Kris Warszawski MD - MHP,Prospect first-touch,Visit / Prospect,Prospect,Wave 2,0,0,PCP,Garden City,56.0,True,"C2 (Aug 7 refresh: actuals-seeded, territory v3)",R14,6.0,R14,,"42.32396,-83.33127",True
2026-09-21,W8,Jasmine,J-W8D2,Route day,8,MIND - Dearborn,Prospect first-touch,Visit / Prospect,Prospect,Wave 2,0,0,Orthopedic,Dearborn Heights,21.0,True,"C2 (Aug 7 refresh: actuals-seeded, territory v3)",R25,6.0,R25,,"42.32709,-83.28448",True
2026-09-21,W8,Jasmine,J-W8D2,Route day,9,MICHIGAN INTERVENTIONAL PAIN CENTER (this is an ASC),Prospect first-touch,Visit / Prospect,Prospect,Wave 2,0,0,Orthopedic,Dearborn Heights,196.0,True,"C2 (Aug 7 refresh: actuals-seeded, territory v3)",R25,5.0,R25,,"42.32720,-83.27704",True
2026-09-21,W8,Jasmine,J-W8D2,Route day,10,Caudell Chiropractic,Prospect first-touch,Visit / Prospect,Prospect,Wave 2,0,0,Chiropractor,Dearborn Heights,21.0,True,"C2 (Aug 7 refresh: actuals-seeded, territory v3)",R25,3.0,R25,,"42.32996,-83.27228",True
2026-09-21,W8,Jasmine,J-W8D3,Route day,1,CANTON FAMILY HEALTH LLC,Protect,Repeat Spine Referrer,Tier 1,Wave 1,4,6,PCP,Canton,35.0,False,"C2 (Aug 7 refresh: actuals-seeded, territory v3)",R03,7.0,R03,,"42.32886,-83.44744",True
2026-09-21,W8,Jasmine,J-W8D3,Route day,2,Corwell health orthopedics Canton,Convert to repeat,One Spine Patient,Tier 1,Wave 1,1,1,Orthopedic,Canton,18.0,False,"C2 (Aug 7 refresh: actuals-seeded, territory v3)",R03,1.0,R03,,"42.32062,-83.44835",True
2026-09-21,W8,Jasmine,J-W8D3,Route day,3,A1 Family Medicine,Convert to repeat,One Spine Patient,Tier 1,Wave 1,1,3,PCP,Canton,10.0,False,"C2 (Aug 7 refresh: actuals-seeded, territory v3)",R03,2.0,R03,,"42.32062,-83.44835",True
2026-09-21,W8,Jasmine,J-W8D3,Route day,4,CoreWell Health Family Medicine,Ortho cross-sell,Ortho Referrer,Tier 2,Wave 2,0,10,PCP,Canton,39.0,False,"C2 (Aug 7 refresh: actuals-seeded, territory v3)",R03,3.0,R03,,"42.32062,-83.44835",True
2026-09-21,W8,Jasmine,J-W8D3,Route day,5,Michigan family wellness,Prospect 2nd touch,Visit / Prospect,Prospect,Wave 2,0,0,Pain,Canton,39.0,False,"C2 (Aug 7 refresh: actuals-seeded, territory v3)",R03,4.0,R03,,"42.32062,-83.44835",False
2026-09-21,W8,Jasmine,J-W8D3,Route day,6,Sarju Shah Family Medicine and Geriatrics,Prospect 2nd touch,Visit / Prospect,Prospect,Wave 2,0,0,PCP,Canton,39.0,False,"C2 (Aug 7 refresh: actuals-seeded, territory v3)",R03,5.0,R03,,"42.32062,-83.44835",True
2026-09-21,W8,Jasmine,J-W8D3,Route day,7,BEAUMONT CHERRY HILL INTERNAL MEDICAL ASSOCIATES CANTON,Prospect 2nd touch,Visit / Prospect,Prospect,Wave 2,0,0,PCP,Canton,18.0,False,"C2 (Aug 7 refresh: actuals-seeded, territory v3)",R03,6.0,R03,,"42.32062,-83.44835",True
2026-09-21,W8,Jasmine,J-W8D3,Route day,8,Park Medical Centers - Canton,Protect,Repeat Spine Referrer,Tier 1,Wave 1,5,9,PCP,Canton,6.0,False,"C2 (Aug 7 refresh: actuals-seeded, territory v3)",R02,8.0,R02,,"42.34882,-83.48884",True
2026-09-21,W8,Jasmine,J-W8D3,Route day,9,Corewell Health Wayne Hospital Family Medicine -  Canton,Convert to repeat,One Spine Patient,Tier 1,Wave 1,1,3,PCP,Canton,6.0,False,"C2 (Aug 7 refresh: actuals-seeded, territory v3)",R02,6.0,R02,,"42.33787,-83.48722",True
2026-09-21,W8,Jasmine,J-W8D3,Route day,10,Corewell Health Wayne Hospital Internal Medicine - Canton,Ortho cross-sell,Ortho Referrer,Tier 2,Wave 2,0,5,PCP,Canton,6.0,False,"C2 (Aug 7 refresh: actuals-seeded, territory v3)",R02,7.0,R02,,"42.33787,-83.48722",True
2026-09-21,W8,Jasmine,J-W8D4,Route day,1,QuickDoc Urgent Care,Protect,Repeat Spine Referrer,Tier 1,Wave 1,4,4,Urgent Care,Eastpointe,90.0,False,"C2 (Aug 7 refresh: actuals-seeded, territory v3)",R05,9.0,R05,,"42.48002,-82.92224",True
2026-09-21,W8,Jasmine,J-W8D4,Route day,2,Eastpointe Family Physicians,Convert to repeat,One Spine Patient,Tier 1,Wave 1,1,4,PCP,Eastpointe,17.0,False,"C2 (Aug 7 refresh: actuals-seeded, territory v3)",R05,8.0,R05,,"42.47904,-82.92813",True
2026-09-21,W8,Jasmine,J-W8D4,Route day,3,Michigan Primary Care - Eastpointe,Ortho cross-sell,Ortho Referrer,Tier 2,Wave 2,0,1,PCP,Eastpointe,90.0,False,"C2 (Aug 7 refresh: actuals-seeded, territory v3)",R26,1.0,R26,,"42.47943,-82.94632",True
2026-09-21,W8,Jasmine,J-W8D4,Route day,4,Dedicated Senior Medical Center - Eastpointe,Ortho cross-sell,Ortho Referrer,Tier 2,Wave 2,0,2,PCP,Eastpointe,10.0,False,"C2 (Aug 7 refresh: actuals-seeded, territory v3)",R05,4.0,R05,,"42.45893,-82.93348",True
2026-09-21,W8,Jasmine,J-W8D4,Route day,5,Tri County Neurology,Ortho cross-sell,Ortho Referrer,Tier 2,Wave 2,0,1,Neurology,Eastpointe,90.0,False,"C2 (Aug 7 refresh: actuals-seeded, territory v3)",R26,2.0,R26,,"42.45086,-82.93217",True
2026-09-21,W8,Jasmine,J-W8D5,Route day,1,Premier Medicine Medical Center - Livonia,Protect,Repeat Spine Referrer,Tier 1,Wave 1,2,7,Urgent Care,Livonia,45.0,False,"C2 (Aug 7 refresh: actuals-seeded, territory v3)",R06,9.0,R06,,"42.43769,-83.33532",True
2026-09-21,W8,Jasmine,J-W8D5,Route day,2,Freedom Medical Clinic (Trinity),Ortho cross-sell,Ortho Referrer,Tier 2,Wave 2,0,3,PCP,Livonia,11.0,False,"C2 (Aug 7 refresh: actuals-seeded, territory v3)",R04,10.0,R04,,"42.43742,-83.37468",True
2026-09-21,W8,Jasmine,J-W8D5,Route day,3,Corewell Health Farmington hills Hospital family medicine,Cross-sell (other service),Other Patient Referrer,Tier 3,Wave 2,0,2,PCP,Livonia,33.0,False,"C2 (Aug 7 refresh: actuals-seeded, territory v3)",R28,1.0,R28,,"42.42743,-83.42747",True
2026-09-21,W8,Jasmine,J-W8D5,Route day,4,ORTHOPEDIC INSTITUTE OF MICHIGAN,Prospect 2nd touch,Visit / Prospect,Prospect,Wave 2,0,0,Orthopedic,Livonia,33.0,False,"C2 (Aug 7 refresh: actuals-seeded, territory v3)",R28,2.0,R28,,"42.42743,-83.42747",True
2026-09-21,W8,Jasmine,J-W8D5,Route day,5,"PRIZM PAIN SPECIALISTS, PLLC",Prospect 2nd touch,Visit / Prospect,Prospect,Wave 2,0,0,Orthopedic,Livonia,25.0,False,"C2 (Aug 7 refresh: actuals-seeded, territory v3)",R28,3.0,R28,,"42.42743,-83.42747",True
2026-09-28,W9,Jasmine,J-W9D1,Route day,1,BEAUMONT FAMILY MEDICINE BELLEVILLE,Convert to repeat,One Spine Patient,Tier 1,Wave 1,1,5,PCP,Belleville,73.0,False,"C2 (Aug 7 refresh: actuals-seeded, territory v3)",R11,5.0,R11,,"42.20609,-83.48980",True
2026-09-28,W9,Jasmine,J-W9D2,Route day,1,Park Medical Center (Medicaid),Convert to repeat,One Spine Patient,Tier 1,Wave 1,1,2,PCP,Detroit,108.0,False,"C2 (Aug 7 refresh: actuals-seeded, territory v3)",R08,6.0,R08,,"42.37078,-82.95435",True
2026-09-28,W9,Jasmine,J-W9D3,Route day,1,Frank Lanzilote DO-Family Practice,Protect,Repeat Spine Referrer,Tier 1,Wave 1,2,23,PCP,Detroit,10.0,False,"C2 (Aug 7 refresh: actuals-seeded, territory v3)",R08,3.0,R08,,"42.39635,-83.20689",True
2026-09-28,W9,Jasmine,J-W9D3,Route day,2,Dedicated senior Medical Center Detroit North,Ortho cross-sell,Ortho Referrer,Tier 2,Wave 2,0,4,PCP,Detroit,10.0,False,"C2 (Aug 7 refresh: actuals-seeded, territory v3)",R08,1.0,R08,,"42.42911,-83.23933",True
2026-09-28,W9,Jasmine,J-W9D3,Route day,3,Core Institute/Henry Ford Motor City Orthopedics & PT- Southfield,Convert to repeat,One Spine Patient,Tier 1,Wave 1,1,1,Orthopedic,Southfield,32.0,False,"C2 (Aug 7 refresh: actuals-seeded, territory v3)",R19,1.0,R19,,"42.45644,-83.20586",True
2026-09-28,W9,Jasmine,J-W9D3,Route day,4,ACADEMIC INTERNAL MEDICINE SPECIALISTS,Ortho cross-sell,Ortho Referrer,Tier 2,Wave 2,0,1,PCP,Southfield,14.0,False,"C2 (Aug 7 refresh: actuals-seeded, territory v3)",R19,2.0,R19,,"42.45644,-83.20586",True
2026-09-28,W9,Jasmine,J-W9D3,Route day,5,Roberts Orthopedic Services,Convert to repeat,One Spine Patient,Tier 1,Wave 1,1,1,Orthopedic,Southfield,12.0,False,"C2 (Aug 7 refresh: actuals-seeded, territory v3)",R18,4.0,R18,,"42.48842,-83.26379",True
2026-09-28,W9,Jasmine,J-W9D4,Route day,1,Trinity Health IHA Medical Group Primary Care - Canton,Convert to repeat,One Spine Patient,Tier 1,Wave 1,1,1,PCP,Canton,26.0,False,"C2 (Aug 7 refresh: actuals-seeded, territory v3)",R11,3.0,R11,,"42.29431,-83.48807",True
2026-09-28,W9,Jasmine,J-W9D4,Route day,2,IHA ORTHOPAEDIC SURGERY ASSOCIATES - CANTON,Prospect 2nd touch,Visit / Prospect,Prospect,Wave 2,0,0,Orthopedic,Canton,18.0,False,"C2 (Aug 7 refresh: actuals-seeded, territory v3)",R11,1.0,R11,,"42.29431,-83.48807",True
2026-09-28,W9,Jasmine,J-W9D4,Route day,3,Trinity URGENT CARE CANTON,Prospect 2nd touch,Visit / Prospect,Prospect,Wave 2,0,0,Orthopedic,Canton,26.0,False,"C2 (Aug 7 refresh: actuals-seeded, territory v3)",R11,2.0,R11,,"42.29431,-83.48807",True
2026-09-28,W9,Jasmine,J-W9D4,Route day,4,UofM Canton Health Center General Medicine,Ortho cross-sell,Ortho Referrer,Tier 2,Wave 2,0,1,PCP,Canton,13.0,False,"C2 (Aug 7 refresh: actuals-seeded, territory v3)",R02,2.0,R02,,"42.31430,-83.48812",True
2026-09-28,W9,Jasmine,J-W9D4,Route day,5,CANTON FOOT & Ankle SPECIALISTS,Ortho cross-sell,Ortho Referrer,Tier 2,Wave 2,0,1,Podiatry,Canton,6.0,False,"C2 (Aug 7 refresh: actuals-seeded, territory v3)",R22,4.0,R22,,"42.32351,-83.46191",False
2026-09-28,W9,Jasmine,J-W9D4,Route day,6,Advanced Primary Care,Prospect 2nd touch,Visit / Prospect,Prospect,Wave 2,0,0,PCP,Canton,18.0,False,"C2 (Aug 7 refresh: actuals-seeded, territory v3)",R22,5.0,R22,,"42.32351,-83.46191",False
2026-09-28,W9,Jasmine,J-W9D4,Route day,7,Care Medical Clinic of Canton,Ortho cross-sell,Ortho Referrer,Tier 2,Wave 2,0,1,PCP,Canton,13.0,False,"C2 (Aug 7 refresh: actuals-seeded, territory v3)",R22,7.0,R22,,"42.32383,-83.45829",False
2026-09-28,W9,Jasmine,J-W9D5,Route day,1,MD VIP - Trenton,Ortho cross-sell,Ortho Referrer,Tier 2,Wave 2,0,2,PCP,Trenton,146.0,False,"C2 (Aug 7 refresh: actuals-seeded, territory v3)",R31,6.0,R31,,"42.15466,-83.19186",True
2026-09-28,W9,Jasmine,J-W9D5,Route day,2,"BADHWAR ASSOCIATES, MD, PC",Ortho cross-sell,Ortho Referrer,Tier 2,Wave 2,0,1,PCP,Brownstown,73.0,False,"C2 (Aug 7 refresh: actuals-seeded, territory v3)",R31,10.0,R31,,"42.16777,-83.22615",True
2026-09-28,W9,Jasmine,J-W9D5,Route day,3,City Medical - Southgate,Ortho cross-sell,Ortho Referrer,Tier 2,Wave 2,0,1,PCP,Southgate,110.0,False,"C2 (Aug 7 refresh: actuals-seeded, territory v3)",R32,2.0,R32,,"42.20853,-83.20056",True
2026-09-28,W9,Jasmine,J-W9D5,Route day,4,PEDIATRIC AND ADOLESCENT CENTER,Ortho cross-sell,Ortho Referrer,Tier 2,Wave 2,0,1,Pediatrics,Southgate,11.0,False,"C2 (Aug 7 refresh: actuals-seeded, territory v3)",R32,1.0,R32,,"42.21316,-83.21108",True
2026-09-28,W9,Jasmine,J-W9D5,Route day,5,PelHam Primary Care,Convert to repeat,One Spine Patient,Tier 1,Wave 1,1,1,PCP,Dearborn,96.0,False,"C2 (Aug 7 refresh: actuals-seeded, territory v3)",R13,1.0,R13,,"42.28319,-83.23137",True
2026-09-28,W9,Jasmine,J-W9D5,Route day,6,"TENNY INTERNAL MEDICINE, PLLC",Convert to repeat,One Spine Patient,Tier 1,Wave 1,1,3,PCP,Dearborn,129.0,False,"C2 (Aug 7 refresh: actuals-seeded, territory v3)",R12,6.0,R12,,"42.30375,-83.25000",True
2026-09-28,W9,Jasmine,J-W9D5,Route day,7,"DEARBORN FAMILY CLINIC, PC",Convert to repeat,One Spine Patient,Tier 1,Wave 1,1,3,Orthopedic,Dearborn,112.0,False,"C2 (Aug 7 refresh: actuals-seeded, territory v3)",R12,4.0,R12,,"42.28839,-83.27044",True
2026-09-28,W9,Jasmine,J-W9D5,Route day,8,COREWELL HEALTH  INTERNAL MEDICINE DEARBORN,Convert to repeat,One Spine Patient,Tier 1,Wave 1,1,1,PCP,Dearborn,27.0,False,"C2 (Aug 7 refresh: actuals-seeded, territory v3)",R13,2.0,R13,,"42.32245,-83.21108",True
2026-09-28,W9,Jasmine,J-W9D5,Route day,9,RIVER OAKS PRIMARY CARE,Prospect first-touch,Visit / Prospect,Prospect,Wave 2,0,0,PCP,Dearborn Heights,96.0,True,"C2 (Aug 7 refresh: actuals-seeded, territory v3)",R25,8.0,R25,,"42.33545,-83.23748",True
2026-09-28,W9,Jasmine,J-W9D5,Route day,10,"APOLLO HEALTH SERVICES, PC",Convert to repeat,One Spine Patient,Tier 1,Wave 1,1,1,PCP,Garden City,109.0,False,"C2 (Aug 7 refresh: actuals-seeded, territory v3)",R14,2.0,R14,,"42.32786,-83.33147",True
2026-08-10,W2,Kristen,K-W2D1,Route day,1,Mike Morse Law Firm,Protect (LAPSED),Repeat Spine Referrer,Tier 1,Wave 1,75,94,Attorney / Legal,Southfield,47.0,True,"C2 (Aug 7 refresh: actuals-seeded, territory v3)",R01,5.0,R01,,"42.47093,-83.24160",True
2026-08-10,W2,Kristen,K-W2D1,Route day,2,Applebaum & Stone,Protect (LAPSED),Repeat Spine Referrer,Tier 1,Wave 1,5,7,Attorney / Legal,Southfield,147.0,True,"C2 (Aug 7 refresh: actuals-seeded, territory v3)",R01,4.0,R01,,"42.48560,-83.24552",True
2026-08-10,W2,Kristen,K-W2D1,Route day,3,Michigan Auto Law,Protect (LAPSED),Repeat Spine Referrer,Tier 1,Wave 1,10,15,Attorney / Legal,Farmington Hills,103.0,True,"C2 (Aug 7 refresh: actuals-seeded, territory v3)",R03,2.0,R03,,"42.50815,-83.32278",True
2026-08-10,W2,Kristen,K-W2D1,Route day,4,Henry Ford Primary Care Center - 160,Protect (LAPSED),Repeat Spine Referrer,Tier 1,Wave 1,5,6,PCP,Farmington Hills,94.0,True,"C2 (Aug 7 refresh: actuals-seeded, territory v3)",R03,1.0,R03,,"42.50597,-83.32140",True
2026-08-10,W2,Kristen,K-W2D1,Route day,5,Ross Law,Protect (LAPSED),Repeat Spine Referrer,Tier 1,Wave 1,5,7,Attorney / Legal,Southfield,73.0,True,"C2 (Aug 7 refresh: actuals-seeded, territory v3)",R05,8.0,R05,,"42.50345,-83.31078",True
2026-08-10,W2,Kristen,K-W2D1,Route day,6,Carson Center Specialty,Protect (LAPSED),Repeat Spine Referrer,Tier 1,Wave 1,2,3,PCP,Southfield,75.0,True,"C2 (Aug 7 refresh: actuals-seeded, territory v3)",R05,4.0,R05,,"42.50260,-83.31480",True
2026-08-10,W2,Kristen,K-W2D1,Route day,7,Safir Law,Protect (LAPSED),Repeat Spine Referrer,Tier 1,Wave 2,2,2,Attorney / Legal,Southfield,164.0,True,"C2 (Aug 7 refresh: actuals-seeded, territory v3)",R05,1.0,R05,,"42.50188,-83.31856",True
2026-08-10,W2,Kristen,K-W2D1,Route day,8,Levine Clinic of Chiropractic,Protect (LAPSED),Repeat Spine Referrer,Tier 1,Wave 1,3,5,Chiropractor,Farmington Hills,94.0,True,"C2 (Aug 7 refresh: actuals-seeded, territory v3)",R03,3.0,R03,,"42.51747,-83.33619",True
2026-08-10,W2,Kristen,K-W2D1,Route day,9,"FARMINGTON HILLS  FAMILY PHYSICIANS, PLLC",Protect (LAPSED),Repeat Spine Referrer,Tier 1,Wave 1,2,2,PCP,Farmington Hills,91.0,True,"C2 (Aug 7 refresh: actuals-seeded, territory v3)",R11,3.0,R11,,"42.50001,-83.34527",True
2026-08-10,W2,Kristen,K-W2D1,Route day,10,Powers Family Medicine,Protect (LAPSED),Repeat Spine Referrer,Tier 1,Wave 1,2,3,PCP,Farmington Hills,89.0,True,"C2 (Aug 7 refresh: actuals-seeded, territory v3)",R11,7.0,R11,,"42.46672,-83.35613",True
2026-08-10,W2,Kristen,K-W2D2,Route day,1,Park Medical Centers,Protect (LAPSED),Repeat Spine Referrer,Tier 1,Wave 1,5,12,PCP,Livonia,41.0,True,"C2 (Aug 7 refresh: actuals-seeded, territory v3)",R14,6.0,R14,,"42.35947,-83.42018",True
2026-08-10,W2,Kristen,K-W2D2,Route day,2,Hermann Banks MD PC,Protect (LAPSED),Repeat Spine Referrer,Tier 1,Wave 1,3,3,Neurology,Livonia,42.0,True,"C2 (Aug 7 refresh: actuals-seeded, territory v3)",R06,9.0,R06,,"42.39142,-83.37263",True
2026-08-10,W2,Kristen,K-W2D2,Route day,3,iTest Health Family Medicine,Ortho cross-sell,Ortho Referrer,Tier 2,Wave 2,0,2,PCP,Livonia,42.0,True,"C2 (Aug 7 refresh: actuals-seeded, territory v3)",R06,10.0,R06,,"42.39142,-83.37263",True
2026-08-10,W2,Kristen,K-W2D2,Route day,4,Village Medical - Livonia,Protect (LAPSED),Repeat Spine Referrer,Tier 1,Wave 1,2,6,PCP,Livonia,41.0,True,"C2 (Aug 7 refresh: actuals-seeded, territory v3)",R06,3.0,R06,,"42.41630,-83.41310",True
2026-08-10,W2,Kristen,K-W2D2,Route day,5,Triumph chiropractic,Protect (LAPSED),Repeat Spine Referrer,Tier 1,Wave 1,2,2,Other / Verify,Livonia,42.0,True,"C2 (Aug 7 refresh: actuals-seeded, territory v3)",R06,5.0,R06,,"42.43795,-83.37430",True
2026-08-10,W2,Kristen,K-W2D2,Route day,6,Ivy Rehab - Farmington,Protect (LAPSED),Repeat Spine Referrer,Tier 1,Wave 1,2,3,PT,Farmington,63.0,True,"C2 (Aug 7 refresh: actuals-seeded, territory v3)",R13,2.0,R13,,"42.46272,-83.37414",True
2026-08-10,W2,Kristen,K-W2D2,Route day,7,Village Medical Farmington,Protect (LAPSED),Repeat Spine Referrer,Tier 1,Wave 1,2,4,PCP,Farmington,91.0,True,"C2 (Aug 7 refresh: actuals-seeded, territory v3)",R13,4.0,R13,,"42.46139,-83.35743",True
2026-08-10,W2,Kristen,K-W2D2,Route day,8,Steinberg Law Firm,Protect (LAPSED),Repeat Spine Referrer,Tier 1,Wave 2,2,2,Attorney / Legal,Southfield,130.0,True,"C2 (Aug 7 refresh: actuals-seeded, territory v3)",R01,2.0,R01,,"42.50550,-83.28699",True
2026-08-10,W2,Kristen,K-W2D2,Route day,9,Legend Health - Now One Health,Ortho cross-sell,Ortho Referrer,Tier 2,Wave 2,0,3,PCP,Southfield,75.0,True,"C2 (Aug 7 refresh: actuals-seeded, territory v3)",R01,1.0,R01,,"42.50365,-83.28669",True
2026-08-10,W2,Kristen,K-W2D2,Route day,10,Wigod & Falzon,Reactivate,One Spine Patient,Tier 1,Wave 2,1,1,Attorney / Legal,Southfield,73.0,True,"C2 (Aug 7 refresh: actuals-seeded, territory v3)",R05,10.0,R05,,"42.50004,-83.30152",True
2026-08-10,W2,Kristen,K-W2D3,Route day,1,Stonebrooke Family Physicians,Protect (LAPSED),Repeat Spine Referrer,Tier 1,Wave 1,5,17,PCP,Rochester Hills,61.0,True,"C2 (Aug 7 refresh: actuals-seeded, territory v3)",R07,7.0,R07,,"42.63630,-83.17140",True
2026-08-10,W2,Kristen,K-W2D3,Route day,2,Neil King Physical Therapy,Ortho cross-sell,Ortho Referrer,Tier 2,Wave 2,0,1,PT,Rochester Hills,63.0,True,"C2 (Aug 7 refresh: actuals-seeded, territory v3)",R07,8.0,R07,,"42.64333,-83.12849",True
2026-08-10,W2,Kristen,K-W2D3,Route day,3,MNP,Protect (LAPSED),Repeat Spine Referrer,Tier 1,Wave 1,2,11,PCP,Utica,49.0,True,"C2 (Aug 7 refresh: actuals-seeded, territory v3)",R21,8.0,R21,,"42.61921,-83.03827",True
2026-08-10,W2,Kristen,K-W2D3,Route day,4,Macomb Internal Medicine,Protect (LAPSED) · new-PL intro,Repeat Spine Referrer,Tier 1,Named Sean Priority,4,4,PCP,Clinton Township,31.0,True,"C2 (Aug 7 refresh: actuals-seeded, territory v3)",R12,2.0,R12,,"42.61147,-82.96810",True
2026-08-10,W2,Kristen,K-W2D3,Route day,5,David S Weingarden MD & Associates,Ortho cross-sell · new-PL intro,Ortho Referrer,Tier 2,Core Sterling / Macomb Lane,0,1,Orthopedic,Clinton Township,137.0,True,"C2 (Aug 7 refresh: actuals-seeded, territory v3)",R12,3.0,R12,,"42.61681,-82.96361",True
2026-08-10,W2,Kristen,K-W2D3,Route day,6,Swetech Medical Center,Convert to repeat,One Spine Patient,Tier 1,Wave 2,1,2,PCP,Clinton Township,56.0,True,"C2 (Aug 7 refresh: actuals-seeded, territory v3)",R12,4.0,R12,,"42.61702,-82.95215",True
2026-08-10,W2,Kristen,K-W2D3,Route day,7,Macomb Spine Care,Cross-sell (other service),Other Patient Referrer,Tier 3,Wave 2,0,1,Chiropractor,Clinton Township,56.0,True,"C2 (Aug 7 refresh: actuals-seeded, territory v3)",R12,1.0,R12,,"42.59805,-82.97100",True
2026-08-10,W2,Kristen,K-W2D3,Route day,8,Schoenherr Parkway Family Practice,Reactivate · new-PL intro,One Spine Patient,Tier 1,Core Sterling / Macomb Lane,1,3,PCP,Sterling Heights,103.0,True,"C2 (Aug 7 refresh: actuals-seeded, territory v3)",R21,4.0,R21,,"42.57490,-82.98720",True
2026-08-10,W2,Kristen,K-W2D3,Route day,9,Sterling Heights Urgent Care,Ortho cross-sell · new-PL intro,Ortho Referrer,Tier 2,Core Sterling / Macomb Lane,0,3,Urgent Care,Sterling Heights,103.0,True,"C2 (Aug 7 refresh: actuals-seeded, territory v3)",R21,5.0,R21,,"42.56807,-82.98897",True
2026-08-10,W2,Kristen,K-W2D3,Route day,10,Legacy Family Medicine,Ortho cross-sell,Ortho Referrer,Tier 2,Wave 2,0,4,PCP,Sterling Heights,49.0,True,"C2 (Aug 7 refresh: actuals-seeded, territory v3)",R21,6.0,R21,,"42.55554,-82.98917",True
2026-08-10,W2,Kristen,K-W2D4,Route day,1,DMC Orthopedics - Commerce Township,Protect (LAPSED),Repeat Spine Referrer,Tier 1,Wave 1,3,3,Orthopedic,Nan,34.0,True,"C2 (Aug 7 refresh: actuals-seeded, territory v3)",R04,1.0,R04,,"42.59392,-83.49747",True
2026-08-10,W2,Kristen,K-W2D4,Route day,2,Commerce Internal Medicine,Cross-sell (other service),Other Patient Referrer,Tier 3,Wave 2,0,1,PCP,Commerce Township,76.0,True,"C2 (Aug 7 refresh: actuals-seeded, territory v3)",R23,1.0,R23,,"42.59226,-83.47456",True
2026-08-10,W2,Kristen,K-W2D4,Route day,3,IHA UNION LAKE PEDIATRICS,Reactivate,One Spine Patient,Tier 1,Wave 2,1,1,Pediatrics,Commerce Township,76.0,True,"C2 (Aug 7 refresh: actuals-seeded, territory v3)",R23,2.0,R23,,"42.59656,-83.44664",True
2026-08-10,W2,Kristen,K-W2D4,Route day,4,Rodnick Chiropractic,Reactivate,One Spine Patient,Tier 1,Wave 2,1,1,Chiropractor,Commerce Township,76.0,True,"C2 (Aug 7 refresh: actuals-seeded, territory v3)",R23,3.0,R23,,"42.59632,-83.44561",True
2026-08-10,W2,Kristen,K-W2D4,Route day,5,CoreMed - Commerce,Reactivate,One Spine Patient,Tier 1,Wave 2,1,1,PCP,Nan,76.0,True,"C2 (Aug 7 refresh: actuals-seeded, territory v3)",R04,2.0,R04,,"42.59757,-83.44660",True
2026-08-10,W2,Kristen,K-W2D4,Route day,6,IPHCA,Ortho cross-sell,Ortho Referrer,Tier 2,Wave 2,0,1,PCP,Commerce Township,76.0,True,"C2 (Aug 7 refresh: actuals-seeded, territory v3)",R23,4.0,R23,,"42.57718,-83.45356",True
2026-08-10,W2,Kristen,K-W2D4,Route day,7,"PILLAY INTERNAL MEDICINE ASSOCIATES, PLLC",Convert to repeat,One Spine Patient,Tier 1,Wave 2,1,3,PCP,Walled Lake,20.0,True,"C2 (Aug 7 refresh: actuals-seeded, territory v3)",R23,5.0,R23,,"42.54206,-83.48120",True
2026-08-10,W2,Kristen,K-W2D4,Route day,8,Oakland Physicians,Cross-sell (other service),Other Patient Referrer,Tier 3,Wave 2,0,1,Pediatrics,Walled Lake,20.0,True,"C2 (Aug 7 refresh: actuals-seeded, territory v3)",R23,6.0,R23,,"42.54206,-83.48120",True
2026-08-10,W2,Kristen,K-W2D4,Route day,9,Ivy Rehab - Novi,Ortho cross-sell,Ortho Referrer,Tier 2,Wave 2,0,2,PT,Novi,70.0,True,"C2 (Aug 7 refresh: actuals-seeded, territory v3)",R19,4.0,R19,,"42.49468,-83.47750",True
2026-08-10,W2,Kristen,K-W2D4,Route day,10,Medical Clinic of Northville,Protect (LAPSED),Repeat Spine Referrer,Tier 1,Wave 1,2,18,PCP,Northville,67.0,True,"C2 (Aug 7 refresh: actuals-seeded, territory v3)",R19,6.0,R19,,"42.42888,-83.47583",True
2026-08-10,W2,Kristen,K-W2D5,Route day,1,GARDEN CITY FAMILY PHYSICIANS,Protect (LAPSED),Repeat Spine Referrer,Tier 1,Wave 1,3,6,PCP,Garden City,66.0,True,"C2 (Aug 7 refresh: actuals-seeded, territory v3)",R22,9.0,R22,,"42.32550,-83.34591",True
2026-08-10,W2,Kristen,K-W2D5,Route day,2,Corewell Health Urgent Care - Garden City,Ortho cross-sell,Ortho Referrer,Tier 2,Wave 2,0,3,Urgent Care,Garden City,66.0,True,"C2 (Aug 7 refresh: actuals-seeded, territory v3)",R22,10.0,R22,,"42.33100,-83.33068",True
2026-08-10,W2,Kristen,K-W2D5,Route day,3,BEAUMONT FAMILY MEDICINE WESTLAND,Ortho cross-sell,Ortho Referrer,Tier 2,Wave 2,0,3,PCP,Westland,66.0,True,"C2 (Aug 7 refresh: actuals-seeded, territory v3)",R22,7.0,R22,,"42.29531,-83.34796",True
2026-08-10,W2,Kristen,K-W2D5,Route day,4,"WAYNE MEDICAL CENTER, PLLC",Ortho cross-sell,Ortho Referrer,Tier 2,Wave 2,0,4,PCP,Westland,35.0,True,"C2 (Aug 7 refresh: actuals-seeded, territory v3)",R22,6.0,R22,,"42.30034,-83.38789",True
2026-08-10,W2,Kristen,K-W2D5,Route day,5,Village Medical Wayne,Ortho cross-sell,Ortho Referrer,Tier 2,Wave 2,0,2,PCP,Westland,35.0,True,"C2 (Aug 7 refresh: actuals-seeded, territory v3)",R22,4.0,R22,,"42.31199,-83.38787",True
2026-08-10,W2,Kristen,K-W2D5,Route day,6,Greg Monroe DO PC,Reactivate,One Spine Patient,Tier 1,Wave 2,1,1,PCP,Westland,66.0,True,"C2 (Aug 7 refresh: actuals-seeded, territory v3)",R22,3.0,R22,,"42.32968,-83.38810",True
2026-08-10,W2,Kristen,K-W2D5,Route day,7,WESTLAND CLINIC - use,Ortho cross-sell,Ortho Referrer,Tier 2,Wave 2,0,1,PCP,Westland,66.0,True,"C2 (Aug 7 refresh: actuals-seeded, territory v3)",R22,2.0,R22,,"42.32962,-83.38822",True
2026-08-10,W2,Kristen,K-W2D5,Route day,8,MHP - West,Ortho cross-sell,Ortho Referrer,Tier 2,Wave 2,0,3,PCP,Westland,66.0,True,"C2 (Aug 7 refresh: actuals-seeded, territory v3)",R22,1.0,R22,,"42.32957,-83.38881",True
2026-08-10,W2,Kristen,K-W2D5,Route day,9,Primal Recovery and PT,Ortho cross-sell,Ortho Referrer,Tier 2,Wave 2,0,4,PT,Livonia,41.0,True,"C2 (Aug 7 refresh: actuals-seeded, territory v3)",R14,5.0,R14,,"42.36786,-83.40417",True
2026-08-10,W2,Kristen,K-W2D5,Route day,10,"PRAVEEN MODI, MD, PC",Ortho cross-sell,Ortho Referrer,Tier 2,Wave 2,0,9,PCP,Plymouth,67.0,True,"C2 (Aug 7 refresh: actuals-seeded, territory v3)",R14,2.0,R14,,"42.36076,-83.44582",True
2026-08-17,W3,Kristen,K-W3D1,Route day,1,MedPro Primary Care,Protect (LAPSED),Repeat Spine Referrer,Tier 1,Wave 1,2,4,Urgent Care,Madison Heights,56.0,True,"C2 (Aug 7 refresh: actuals-seeded, territory v3)",R08,5.0,R08,,"42.52038,-83.10690",True
2026-08-17,W3,Kristen,K-W3D1,Route day,2,Oakland Family Practice,Protect (LAPSED),Repeat Spine Referrer,Tier 1,Wave 1,2,17,PCP,Warren,56.0,True,"C2 (Aug 7 refresh: actuals-seeded, territory v3)",R09,1.0,R09,,"42.49547,-83.08383",True
2026-08-17,W3,Kristen,K-W3D1,Route day,3,Metro Medical Practice,Protect (LAPSED),Repeat Spine Referrer,Tier 1,Wave 1,2,3,PCP,Troy,84.0,True,"C2 (Aug 7 refresh: actuals-seeded, territory v3)",R07,5.0,R07,,"42.54995,-83.08984",True
2026-08-17,W3,Kristen,K-W3D1,Route day,4,Toma & Yaldo Medical Center,Ortho cross-sell · new-PL intro,Ortho Referrer,Tier 2,Core Sterling / Macomb Lane,0,1,PCP,Sterling Heights,145.0,True,"C2 (Aug 7 refresh: actuals-seeded, territory v3)",R16,3.0,R16,,"42.57980,-83.08866",True
2026-08-17,W3,Kristen,K-W3D1,Route day,5,Michigan Primary Care - Sterling Heights,Reactivate · new-PL intro,One Spine Patient,Tier 1,Core Sterling / Macomb Lane,1,1,PCP,Sterling Heights,67.0,True,"C2 (Aug 7 refresh: actuals-seeded, territory v3)",R16,2.0,R16,,"42.59564,-83.08948",True
2026-08-17,W3,Kristen,K-W3D1,Route day,6,Beaumont Family Medicine - Sterling Heights,Cross-sell (other service) · new-PL intro,Other Patient Referrer,Tier 3,Named Sean Priority,0,1,PCP,Sterling Heights,61.0,True,"C2 (Aug 7 refresh: actuals-seeded, territory v3)",R16,1.0,R16,,"42.61739,-83.09018",True
2026-08-17,W3,Kristen,K-W3D1,Route day,7,Associates in Family Practice,Reactivate · new-PL intro,One Spine Patient,Tier 1,Named Sean Priority,1,2,PCP,Sterling Heights,66.0,True,"C2 (Aug 7 refresh: actuals-seeded, territory v3)",R21,1.0,R21,,"42.60679,-83.05187",True
2026-08-17,W3,Kristen,K-W3D1,Route day,8,BASEL BRIKHO MEDICAL GROUP - use this one,Ortho cross-sell,Ortho Referrer,Tier 2,Wave 2,0,1,PCP,Sterling Heights,66.0,True,"C2 (Aug 7 refresh: actuals-seeded, territory v3)",R21,2.0,R21,,"42.60934,-83.04948",True
2026-08-17,W3,Kristen,K-W3D1,Route day,9,Plumbrook Medical Center,Ortho cross-sell,Ortho Referrer,Tier 2,Wave 2,0,1,PCP,Sterling Heights,49.0,True,"C2 (Aug 7 refresh: actuals-seeded, territory v3)",R16,10.0,R16,,"42.58640,-83.02966",True
2026-08-17,W3,Kristen,K-W3D1,Route day,10,Purdy Chiropractic Center,Ortho cross-sell,Ortho Referrer,Tier 2,Wave 2,0,1,Chiropractor,Sterling Heights,53.0,True,"C2 (Aug 7 refresh: actuals-seeded, territory v3)",R16,9.0,R16,,"42.56700,-83.05024",True
2026-08-17,W3,Kristen,K-W3D2,Route day,1,Hesselberg Chiropractic,Protect,Repeat Spine Referrer,Tier 1,Wave 1,23,23,Chiropractor,Ypsilanti,12.0,False,"C2 (Aug 7 refresh: actuals-seeded, territory v3)",R02,1.0,R02,,"42.24524,-83.65724",True
2026-08-17,W3,Kristen,K-W3D3,Route day,1,Beaumont Medical Center - Redford,Protect,Repeat Spine Referrer,Tier 1,Wave 1,3,23,PCP,Redford Charter Township,21.0,True,"C2 (Aug 7 refresh: actuals-seeded, territory v3)",R20,3.0,R20,,"42.40305,-83.29563",True
2026-08-17,W3,Kristen,K-W3D3,Route day,2,ARBOR LANE FAMILY PHYSICIANS,Convert to repeat,One Spine Patient,Tier 1,Wave 2,1,2,PCP,Redford,21.0,True,"C2 (Aug 7 refresh: actuals-seeded, territory v3)",R20,1.0,R20,,"42.35715,-83.27646",True
2026-08-17,W3,Kristen,K-W3D3,Route day,3,Premier Pediatrics Dearborn Heights,Ortho cross-sell,Ortho Referrer,Tier 2,Wave 2,0,4,Pediatrics,Dearborn Heights,41.0,True,"C2 (Aug 7 refresh: actuals-seeded, territory v3)",R20,2.0,R20,,"42.32752,-83.25678",True
2026-08-17,W3,Kristen,K-W3D3,Route day,4,GARDEN CITY FAMILY PHYSICIANS,Protect,Repeat Spine Referrer,Tier 1,Wave 1,3,6,PCP,Garden City,66.0,False,"C2 (Aug 7 refresh: actuals-seeded, territory v3)",R22,9.0,R22,,"42.32550,-83.34591",True
2026-08-17,W3,Kristen,K-W3D3,Route day,5,Park Medical Centers,Protect,Repeat Spine Referrer,Tier 1,Wave 1,5,12,PCP,Livonia,41.0,False,"C2 (Aug 7 refresh: actuals-seeded, territory v3)",R14,6.0,R14,,"42.35947,-83.42018",True
2026-08-17,W3,Kristen,K-W3D3,Route day,6,Hermann Banks MD PC,Protect,Repeat Spine Referrer,Tier 1,Wave 1,3,3,Neurology,Livonia,42.0,False,"C2 (Aug 7 refresh: actuals-seeded, territory v3)",R06,9.0,R06,,"42.39142,-83.37263",True
2026-08-17,W3,Kristen,K-W3D3,Route day,7,iTest Health Family Medicine,Ortho cross-sell,Ortho Referrer,Tier 2,Wave 2,0,2,PCP,Livonia,42.0,False,"C2 (Aug 7 refresh: actuals-seeded, territory v3)",R06,10.0,R06,,"42.39142,-83.37263",True
2026-08-17,W3,Kristen,K-W3D3,Route day,8,Village Medical - Livonia,Protect,Repeat Spine Referrer,Tier 1,Wave 1,2,6,PCP,Livonia,41.0,False,"C2 (Aug 7 refresh: actuals-seeded, territory v3)",R06,3.0,R06,,"42.41630,-83.41310",True
2026-08-17,W3,Kristen,K-W3D3,Route day,9,Triumph chiropractic,Protect,Repeat Spine Referrer,Tier 1,Wave 1,2,2,Other / Verify,Livonia,42.0,False,"C2 (Aug 7 refresh: actuals-seeded, territory v3)",R06,5.0,R06,,"42.43795,-83.37430",True
2026-08-17,W3,Kristen,K-W3D3,Route day,10,Ivy Rehab - Farmington,Protect,Repeat Spine Referrer,Tier 1,Wave 1,2,3,PT,Farmington,63.0,False,"C2 (Aug 7 refresh: actuals-seeded, territory v3)",R13,2.0,R13,,"42.46272,-83.37414",True
2026-08-17,W3,Kristen,K-W3D4,Route day,1,Pulmonary & Medical Associates,Protect,Repeat Spine Referrer,Tier 1,Wave 1,2,8,PCP,Warren,28.0,True,"C2 (Aug 7 refresh: actuals-seeded, territory v3)",R17,4.0,R17,,"42.49573,-82.98654",True
2026-08-17,W3,Kristen,K-W3D4,Route day,2,Roseville Family Practice,Ortho cross-sell · new-PL intro,Ortho Referrer,Tier 2,Core Sterling / Macomb Lane,0,2,PCP,Warren,151.0,True,"C2 (Aug 7 refresh: actuals-seeded, territory v3)",R17,5.0,R17,,"42.50220,-82.98783",True
2026-08-17,W3,Kristen,K-W3D4,Route day,3,Northpointe Pediatrics,Convert to repeat,One Spine Patient,Tier 1,Wave 2,1,4,Pediatrics,Warren,26.0,True,"C2 (Aug 7 refresh: actuals-seeded, territory v3)",R17,6.0,R17,,"42.51599,-82.98877",True
2026-08-17,W3,Kristen,K-W3D4,Route day,4,Henry Ford Warren Family Physicians,Convert to repeat,One Spine Patient,Tier 1,Wave 2,1,4,PCP,Warren,26.0,True,"C2 (Aug 7 refresh: actuals-seeded, territory v3)",R09,5.0,R09,,"42.52103,-83.01356",True
2026-08-17,W3,Kristen,K-W3D4,Route day,5,"FERRIS, MARY C, MEDICAL GROUP",Convert to repeat,One Spine Patient,Tier 1,Wave 2,1,7,PCP,Warren,28.0,True,"C2 (Aug 7 refresh: actuals-seeded, territory v3)",R09,9.0,R09,,"42.50155,-83.00701",True
2026-08-17,W3,Kristen,K-W3D4,Route day,6,METROPOLITAN MEDICAL ASSOCIATES,Ortho cross-sell,Ortho Referrer,Tier 2,Wave 2,0,1,PCP,Warren,28.0,True,"C2 (Aug 7 refresh: actuals-seeded, territory v3)",R09,10.0,R09,,"42.50140,-83.00702",True
2026-08-17,W3,Kristen,K-W3D4,Route day,7,Health Care Medical Center,Ortho cross-sell,Ortho Referrer,Tier 2,Wave 2,0,1,PCP,Center Line,28.0,True,"C2 (Aug 7 refresh: actuals-seeded, territory v3)",R17,8.0,R17,,"42.48211,-83.02779",True
2026-08-17,W3,Kristen,K-W3D4,Route day,8,Corewell Health-East,Convert to repeat,One Spine Patient,Tier 1,Wave 2,1,1,PCP,Warren,28.0,True,"C2 (Aug 7 refresh: actuals-seeded, territory v3)",R09,3.0,R09,,"42.50776,-83.06827",True
2026-08-17,W3,Kristen,K-W3D4,Route day,9,Sterling Family Medicine,Ortho cross-sell,Ortho Referrer,Tier 2,Wave 2,0,2,PCP,Warren,28.0,True,"C2 (Aug 7 refresh: actuals-seeded, territory v3)",R09,2.0,R09,,"42.50580,-83.07904",True
2026-08-17,W3,Kristen,K-W3D4,Route day,10,MICHIGAN PREMIER INTERNISTS,Ortho cross-sell,Ortho Referrer,Tier 2,Wave 2,0,2,PCP,Royal Oak,81.0,True,"C2 (Aug 7 refresh: actuals-seeded, territory v3)",R08,1.0,R08,,"42.50632,-83.15430",True
2026-08-17,W3,Kristen,K-W3D5,Route day,1,Victor Valentino Law,Protect,Repeat Spine Referrer,Tier 1,Wave 2,2,3,Attorney / Legal,Nan,19.0,False,"C2 (Aug 7 refresh: actuals-seeded, territory v3)",R04,4.0,R04,,"42.60786,-83.26714",True
2026-08-17,W3,Kristen,K-W3D5,Route day,2,"TWIN LAKES MEDICAL ASSOCIATES, PC",Convert to repeat,One Spine Patient,Tier 1,Wave 2,1,1,PCP,Bloomfield,19.0,False,"C2 (Aug 7 refresh: actuals-seeded, territory v3)",R04,7.0,R04,,"42.60963,-83.26848",True
2026-08-17,W3,Kristen,K-W3D5,Route day,3,Oakland Integrated Healthcare Network,Ortho cross-sell,Ortho Referrer,Tier 2,Wave 2,0,1,PCP,Pontiac,90.0,True,"C2 (Aug 7 refresh: actuals-seeded, territory v3)",R04,8.0,R04,,"42.63488,-83.29561",True
2026-08-24,W4,Kristen,K-W4D1,Route day,1,ROSE MEDICINE,Convert to repeat,One Spine Patient,Tier 1,Wave 2,1,1,PCP,Bingham Farms,33.0,True,"C2 (Aug 7 refresh: actuals-seeded, territory v3)",R18,7.0,R18,,"42.51915,-83.28493",True
2026-08-24,W4,Kristen,K-W4D1,Route day,2,Newland Medical Associates,Prospect first-touch,Visit / Prospect,Prospect,Wave 2,0,0,Pain,Bingham Farms,33.0,True,"C2 (Aug 7 refresh: actuals-seeded, territory v3)",R18,8.0,R18,,"42.51915,-83.28493",True
2026-08-24,W4,Kristen,K-W4D1,Route day,3,Corewell Internal Medicine Southfield,Reactivate,One Spine Patient,Tier 1,Wave 2,1,1,PCP,Southfield,75.0,True,"C2 (Aug 7 refresh: actuals-seeded, territory v3)",R05,3.0,R05,,"42.50266,-83.31490",True
2026-08-24,W4,Kristen,K-W4D1,Route day,4,Jian Zu MD,Reactivate,One Spine Patient,Tier 1,Wave 2,1,1,PCP,Southfield,75.0,True,"C2 (Aug 7 refresh: actuals-seeded, territory v3)",R05,2.0,R05,,"42.50268,-83.31491",True
2026-08-24,W4,Kristen,K-W4D1,Route day,5,Bully Family Physicians,Ortho cross-sell,Ortho Referrer,Tier 2,Wave 2,0,2,PCP,Southfield,75.0,True,"C2 (Aug 7 refresh: actuals-seeded, territory v3)",R05,5.0,R05,,"42.50333,-83.31454",True
2026-08-24,W4,Kristen,K-W4D1,Route day,6,MDVip - Southfield,Ortho cross-sell,Ortho Referrer,Tier 2,Wave 2,0,2,PCP,Southfield,75.0,True,"C2 (Aug 7 refresh: actuals-seeded, territory v3)",R05,6.0,R05,,"42.50286,-83.31356",True
2026-08-24,W4,Kristen,K-W4D1,Route day,7,"FAMILY MEDICINE, PC",Ortho cross-sell,Ortho Referrer,Tier 2,Wave 2,0,2,PCP,Southfield,75.0,True,"C2 (Aug 7 refresh: actuals-seeded, territory v3)",R05,7.0,R05,,"42.50259,-83.31284",True
2026-08-24,W4,Kristen,K-W4D1,Route day,8,Berry Johnson Health,Cross-sell (other service),Other Patient Referrer,Tier 3,Wave 2,0,14,PCP,Southfield,75.0,True,"C2 (Aug 7 refresh: actuals-seeded, territory v3)",R05,9.0,R05,,"42.50182,-83.30752",True
2026-08-24,W4,Kristen,K-W4D1,Route day,9,Henry Ford Internal & Family Medicine - Farmington Hills -170,Ortho cross-sell,Ortho Referrer,Tier 2,Wave 2,0,2,PCP,Farmington Hills,94.0,True,"C2 (Aug 7 refresh: actuals-seeded, territory v3)",R11,10.0,R11,,"42.50594,-83.32063",True
2026-08-24,W4,Kristen,K-W4D1,Route day,10,Henry Ford Internists - Farmington Hills 150,Ortho cross-sell,Ortho Referrer,Tier 2,Wave 2,0,1,PCP,Farmington Hills,94.0,True,"C2 (Aug 7 refresh: actuals-seeded, territory v3)",R11,9.0,R11,,"42.50589,-83.32102",True
2026-08-24,W4,Kristen,K-W4D2,Route day,1,"AGHA INTERNAL MEDICINE AND ASSOCIATES, PC",Convert to repeat,One Spine Patient,Tier 1,Wave 2,1,3,PCP,Livonia,42.0,True,"C2 (Aug 7 refresh: actuals-seeded, territory v3)",R06,7.0,R06,,"42.39990,-83.37322",True
2026-08-24,W4,Kristen,K-W4D2,Route day,2,Dr. Robin’s Heath and Wellness Center,Ortho cross-sell,Ortho Referrer,Tier 2,Wave 2,0,1,PCP,Livonia,42.0,True,"C2 (Aug 7 refresh: actuals-seeded, territory v3)",R06,8.0,R06,,"42.39142,-83.37271",True
2026-08-24,W4,Kristen,K-W4D2,Route day,3,Brentwood Pediatric Associates,Convert to repeat,One Spine Patient,Tier 1,Wave 2,1,11,Pediatrics,Livonia,41.0,True,"C2 (Aug 7 refresh: actuals-seeded, territory v3)",R06,4.0,R06,,"42.42582,-83.37280",True
2026-08-24,W4,Kristen,K-W4D2,Route day,4,Henry Ford Health - Family Medicine 8 Mile Livonia,Ortho cross-sell,Ortho Referrer,Tier 2,Wave 2,0,5,PCP,Livonia,42.0,True,"C2 (Aug 7 refresh: actuals-seeded, territory v3)",R06,6.0,R06,,"42.43981,-83.38208",True
2026-08-24,W4,Kristen,K-W4D2,Route day,5,SHEIKH MEDICAL CENTER,Reactivate,One Spine Patient,Tier 1,Wave 2,1,2,PCP,Farmington,91.0,True,"C2 (Aug 7 refresh: actuals-seeded, territory v3)",R13,5.0,R13,,"42.45865,-83.35703",True
2026-08-24,W4,Kristen,K-W4D2,Route day,6,Legacy Family Care,Reactivate,One Spine Patient,Tier 1,Wave 2,1,1,PCP,Farmington Hills,91.0,True,"C2 (Aug 7 refresh: actuals-seeded, territory v3)",R11,6.0,R11,,"42.46741,-83.35605",True
2026-08-24,W4,Kristen,K-W4D2,Route day,7,ORCHARD PRIMARY CARE,Reactivate,One Spine Patient,Tier 1,Wave 2,1,1,PCP,Farmington Hills,89.0,True,"C2 (Aug 7 refresh: actuals-seeded, territory v3)",R11,5.0,R11,,"42.47057,-83.35373",True
2026-08-24,W4,Kristen,K-W4D2,Route day,8,Corwell Health - Farmington,Cross-sell (other service),Other Patient Referrer,Tier 3,Wave 2,0,1,PCP,Farmington,91.0,True,"C2 (Aug 7 refresh: actuals-seeded, territory v3)",R13,3.0,R13,,"42.46375,-83.37030",True
2026-08-24,W4,Kristen,K-W4D2,Route day,9,"WILLIAMS FAMILY AND SPORTS MEDICAL CENTER, PLC",Cross-sell (other service),Other Patient Referrer,Tier 3,Wave 2,0,1,Orthopedic,Farmington,91.0,True,"C2 (Aug 7 refresh: actuals-seeded, territory v3)",R13,1.0,R13,,"42.46373,-83.37600",True
2026-08-24,W4,Kristen,K-W4D2,Route day,10,"TONI BALLITCH TRATE, DO, PC",Reactivate,One Spine Patient,Tier 1,Wave 2,1,2,PCP,Farmington Hills,91.0,True,"C2 (Aug 7 refresh: actuals-seeded, territory v3)",R11,1.0,R11,,"42.46768,-83.42491",True
2026-08-24,W4,Kristen,K-W4D3,Route day,1,Henry Ford Health Medical Center - Seven Mile Road,Convert to repeat,One Spine Patient,Tier 1,Wave 2,1,3,PCP,Livonia,41.0,True,"C2 (Aug 7 refresh: actuals-seeded, territory v3)",R06,2.0,R06,,"42.42570,-83.41590",True
2026-08-24,W4,Kristen,K-W4D3,Route day,2,Trinity IHA Primary Care - Schoolcraft Campus,Ortho cross-sell,Ortho Referrer,Tier 2,Wave 2,0,3,PCP,Livonia,41.0,True,"C2 (Aug 7 refresh: actuals-seeded, territory v3)",R06,1.0,R06,,"42.42298,-83.42908",True
2026-08-24,W4,Kristen,K-W4D3,Route day,3,Village Medical - Northville West,Reactivate,One Spine Patient,Tier 1,Wave 2,1,1,PCP,Northville,67.0,True,"C2 (Aug 7 refresh: actuals-seeded, territory v3)",R19,5.0,R19,,"42.43532,-83.48274",True
2026-08-24,W4,Kristen,K-W4D3,Route day,4,Providence Park Pediatrics - Novi,Reactivate,One Spine Patient,Tier 1,Wave 2,1,6,Pediatrics,Novi,70.0,True,"C2 (Aug 7 refresh: actuals-seeded, territory v3)",R19,2.0,R19,,"42.48665,-83.52208",True
2026-08-24,W4,Kristen,K-W4D3,Route day,5,ASCENSION MEDICAL GROUP PROVIDENCE FAMILY AND ATHLETIC MEDICINE,Ortho cross-sell,Ortho Referrer,Tier 2,Wave 2,0,3,PCP,Novi,70.0,True,"C2 (Aug 7 refresh: actuals-seeded, territory v3)",R19,1.0,R19,,"42.48588,-83.52388",True
2026-08-24,W4,Kristen,K-W4D3,Route day,6,WELL BEING PEDIATRICS,Ortho cross-sell,Ortho Referrer,Tier 2,Wave 2,0,1,Pediatrics,Novi,70.0,True,"C2 (Aug 7 refresh: actuals-seeded, territory v3)",R19,3.0,R19,,"42.49403,-83.50411",True
2026-08-24,W4,Kristen,K-W4D4,Route day,1,Huron Family Practice Center,Convert to repeat,One Spine Patient,Tier 1,Wave 2,1,1,PCP,Port Huron,46.0,True,"C2 (Aug 7 refresh: actuals-seeded, territory v3)",R15,8.0,R15,,"42.97061,-82.43323",True
2026-08-24,W4,Kristen,K-W4D4,Route day,2,Mitchell Medical Center,Convert to repeat,One Spine Patient,Tier 1,Wave 2,1,8,PCP,Port Huron,55.0,True,"C2 (Aug 7 refresh: actuals-seeded, territory v3)",R15,7.0,R15,,"42.97117,-82.43308",True
2026-08-24,W4,Kristen,K-W4D4,Route day,3,Michigan Neurology and Spine Center,Convert to repeat,One Spine Patient,Tier 1,Wave 2,1,1,Pain,Port Huron,55.0,True,"C2 (Aug 7 refresh: actuals-seeded, territory v3)",R15,6.0,R15,,"42.97216,-82.42848",True
2026-08-24,W4,Kristen,K-W4D4,Route day,4,John Mullally MD PC,Convert to repeat,One Spine Patient,Tier 1,Wave 2,1,2,PCP,Port Huron,55.0,True,"C2 (Aug 7 refresh: actuals-seeded, territory v3)",R15,5.0,R15,,"42.98605,-82.43093",True
2026-08-24,W4,Kristen,K-W4D4,Route day,5,Internal Medicine Associates Port Huron,Ortho cross-sell,Ortho Referrer,Tier 2,Wave 2,0,2,PCP,Port Huron,46.0,True,"C2 (Aug 7 refresh: actuals-seeded, territory v3)",R15,4.0,R15,,"42.98667,-82.43134",True
2026-08-24,W4,Kristen,K-W4D4,Route day,6,Blue Water Internal Medicine PC,Ortho cross-sell,Ortho Referrer,Tier 2,Wave 2,0,2,PCP,Port Huron,55.0,True,"C2 (Aug 7 refresh: actuals-seeded, territory v3)",R15,3.0,R15,,"42.98660,-82.43358",True
2026-08-24,W4,Kristen,K-W4D4,Route day,7,Blue Water Urgent Care - Port Huron,Ortho cross-sell,Ortho Referrer,Tier 2,Wave 2,0,1,Urgent Care,Port Huron,46.0,True,"C2 (Aug 7 refresh: actuals-seeded, territory v3)",R15,2.0,R15,,"42.99114,-82.43372",True
2026-08-24,W4,Kristen,K-W4D4,Route day,8,Dr. Carley and Associates,Ortho cross-sell,Ortho Referrer,Tier 2,Wave 2,0,2,PCP,Port Huron,46.0,True,"C2 (Aug 7 refresh: actuals-seeded, territory v3)",R15,1.0,R15,,"43.01657,-82.44571",True
2026-08-24,W4,Kristen,K-W4D4,Route day,9,Physician HealthCare Network Urgent Care and Walk In- Fort Gratiot,Convert to repeat,One Spine Patient,Tier 1,Wave 2,1,15,Urgent Care,Fort Gratiot,18.0,False,"C2 (Aug 7 refresh: actuals-seeded, territory v3)",R27,3.0,R27,,"43.02967,-82.45449",True
2026-08-24,W4,Kristen,K-W4D4,Route day,10,Lake Huron Medical Center - Fort Gratiot,Ortho cross-sell,Ortho Referrer,Tier 2,Wave 2,0,1,PCP,Fort Gratiot,18.0,False,"C2 (Aug 7 refresh: actuals-seeded, territory v3)",R27,2.0,R27,,"43.02967,-82.45449",True
2026-08-24,W4,Kristen,K-W4D5,Route day,1,Henry Ford Main Internal Medicine - Grosse Pointe,Convert to repeat,One Spine Patient,Tier 1,Wave 2,1,1,PCP,Grosse Pointe,34.0,True,"C2 (Aug 7 refresh: actuals-seeded, territory v3)",R24,6.0,R24,,"42.41955,-82.91100",True
2026-08-24,W4,Kristen,K-W4D5,Route day,2,Grosse Pointe Physicians and Surgeons,Ortho cross-sell,Ortho Referrer,Tier 2,Wave 2,0,2,PCP,Grosse Pointe,34.0,True,"C2 (Aug 7 refresh: actuals-seeded, territory v3)",R24,4.0,R24,,"42.38968,-82.91654",True
2026-08-24,W4,Kristen,K-W4D5,Route day,3,Jefferson Family Practice (Cornerstone),Convert to repeat,One Spine Patient,Tier 1,Wave 2,1,2,PCP,Grosse Pointe,34.0,True,"C2 (Aug 7 refresh: actuals-seeded, territory v3)",R24,2.0,R24,,"42.37526,-82.93754",True
2026-08-24,W4,Kristen,K-W4D5,Route day,4,GROSSE POINTE PARK INTERNAL MEDICINE CENTER,Ortho cross-sell,Ortho Referrer,Tier 2,Wave 2,0,1,PCP,Grosse Pointe,34.0,True,"C2 (Aug 7 refresh: actuals-seeded, territory v3)",R24,1.0,R24,,"42.38153,-82.93935",True
2026-08-24,W4,Kristen,K-W4D5,Route day,5,Corewell Family Medicine - Grosse Pointe,Prospect first-touch,Visit / Prospect,Prospect,Wave 2,0,0,PCP,Grosse Pointe,34.0,True,"C2 (Aug 7 refresh: actuals-seeded, territory v3)",R24,3.0,R24,,"42.38315,-82.91426",True
2026-08-24,W4,Kristen,K-W4D5,Route day,6,Henry Ford  SAINT CLAIR ADULT MEDICINE SPECIALISTS,Prospect first-touch,Visit / Prospect,Prospect,Wave 2,0,0,PCP,Grosse Pointe,34.0,True,"C2 (Aug 7 refresh: actuals-seeded, territory v3)",R24,5.0,R24,,"42.39097,-82.91492",True
2026-08-31,W5,Kristen,K-W5D1,Route day,1,Mike Morse Law Firm,Protect,Repeat Spine Referrer,Tier 1,Wave 1,75,94,Attorney / Legal,Southfield,47.0,False,"C2 (Aug 7 refresh: actuals-seeded, territory v3)",R01,5.0,R01,,"42.47093,-83.24160",True
2026-08-31,W5,Kristen,K-W5D1,Route day,2,Applebaum & Stone,Protect,Repeat Spine Referrer,Tier 1,Wave 1,5,7,Attorney / Legal,Southfield,147.0,False,"C2 (Aug 7 refresh: actuals-seeded, territory v3)",R01,4.0,R01,,"42.48560,-83.24552",True
2026-08-31,W5,Kristen,K-W5D1,Route day,3,"CHARLES G GODOSHIAN, MD, PC",Ortho cross-sell,Ortho Referrer,Tier 2,Wave 2,0,1,PCP,Southfield,74.0,True,"C2 (Aug 7 refresh: actuals-seeded, territory v3)",R01,3.0,R01,,"42.48856,-83.26258",True
2026-08-31,W5,Kristen,K-W5D1,Route day,4,Michigan Auto Law,Protect,Repeat Spine Referrer,Tier 1,Wave 1,10,15,Attorney / Legal,Farmington Hills,103.0,False,"C2 (Aug 7 refresh: actuals-seeded, territory v3)",R03,2.0,R03,,"42.50815,-83.32278",True
2026-08-31,W5,Kristen,K-W5D1,Route day,5,Henry Ford Primary Care Center - 160,Protect,Repeat Spine Referrer,Tier 1,Wave 1,5,6,PCP,Farmington Hills,94.0,False,"C2 (Aug 7 refresh: actuals-seeded, territory v3)",R03,1.0,R03,,"42.50597,-83.32140",True
2026-08-31,W5,Kristen,K-W5D1,Route day,6,Ross Law,Protect,Repeat Spine Referrer,Tier 1,Wave 1,5,7,Attorney / Legal,Southfield,73.0,False,"C2 (Aug 7 refresh: actuals-seeded, territory v3)",R05,8.0,R05,,"42.50345,-83.31078",True
2026-08-31,W5,Kristen,K-W5D1,Route day,7,Carson Center Specialty,Protect,Repeat Spine Referrer,Tier 1,Wave 1,2,3,PCP,Southfield,75.0,False,"C2 (Aug 7 refresh: actuals-seeded, territory v3)",R05,4.0,R05,,"42.50260,-83.31480",True
2026-08-31,W5,Kristen,K-W5D1,Route day,8,Safir Law,Protect,Repeat Spine Referrer,Tier 1,Wave 2,2,2,Attorney / Legal,Southfield,164.0,False,"C2 (Aug 7 refresh: actuals-seeded, territory v3)",R05,1.0,R05,,"42.50188,-83.31856",True
2026-08-31,W5,Kristen,K-W5D1,Route day,9,Levine Clinic of Chiropractic,Protect,Repeat Spine Referrer,Tier 1,Wave 1,3,5,Chiropractor,Farmington Hills,94.0,False,"C2 (Aug 7 refresh: actuals-seeded, territory v3)",R03,3.0,R03,,"42.51747,-83.33619",True
2026-08-31,W5,Kristen,K-W5D1,Route day,10,"FARMINGTON HILLS  FAMILY PHYSICIANS, PLLC",Protect,Repeat Spine Referrer,Tier 1,Wave 1,2,2,PCP,Farmington Hills,91.0,False,"C2 (Aug 7 refresh: actuals-seeded, territory v3)",R11,3.0,R11,,"42.50001,-83.34527",True
2026-08-31,W5,Kristen,K-W5D2,Route day,1,Stonebrooke Family Physicians,Protect,Repeat Spine Referrer,Tier 1,Wave 1,5,17,PCP,Rochester Hills,61.0,False,"C2 (Aug 7 refresh: actuals-seeded, territory v3)",R07,7.0,R07,,"42.63630,-83.17140",True
2026-08-31,W5,Kristen,K-W5D2,Route day,2,Limitless Physical Therapy and Performance,Ortho cross-sell,Ortho Referrer,Tier 2,Wave 2,0,1,PT,Rochester,61.0,True,"C2 (Aug 7 refresh: actuals-seeded, territory v3)",R07,10.0,R07,,"42.66311,-83.13669",True
2026-08-31,W5,Kristen,K-W5D2,Route day,3,Rochester Primary Care,Cross-sell (other service),Other Patient Referrer,Tier 3,Wave 2,0,1,PCP,Rochester Hills,61.0,True,"C2 (Aug 7 refresh: actuals-seeded, territory v3)",R07,9.0,R07,,"42.66124,-83.13132",True
2026-08-31,W5,Kristen,K-W5D2,Route day,4,Souva PT and Performance,Ortho cross-sell,Ortho Referrer,Tier 2,Wave 2,0,6,PT,Nan,49.0,True,"C2 (Aug 7 refresh: actuals-seeded, territory v3)",R04,6.0,R04,,"42.67076,-83.03392",True
2026-08-31,W5,Kristen,K-W5D2,Route day,5,MNP,Protect,Repeat Spine Referrer,Tier 1,Wave 1,2,11,PCP,Utica,49.0,False,"C2 (Aug 7 refresh: actuals-seeded, territory v3)",R21,8.0,R21,,"42.61921,-83.03827",True
2026-08-31,W5,Kristen,K-W5D2,Route day,6,Macomb Internal Medicine,Protect,Repeat Spine Referrer,Tier 1,Named Sean Priority,4,4,PCP,Clinton Township,31.0,False,"C2 (Aug 7 refresh: actuals-seeded, territory v3)",R12,2.0,R12,,"42.61147,-82.96810",True
2026-08-31,W5,Kristen,K-W5D2,Route day,7,Silver Pine Medical Group - Sterling Heights,Ortho cross-sell,Ortho Referrer,Tier 2,Wave 2,0,3,PCP,Sterling Heights,49.0,True,"C2 (Aug 7 refresh: actuals-seeded, territory v3)",R21,3.0,R21,,"42.61413,-82.99353",True
2026-08-31,W5,Kristen,K-W5D2,Route day,8,Cornerstone St. Clair Internists,Ortho cross-sell,Ortho Referrer,Tier 2,Wave 2,0,3,PCP,Shelby Township,49.0,True,"C2 (Aug 7 refresh: actuals-seeded, territory v3)",R12,7.0,R12,,"42.63127,-82.99233",True
2026-08-31,W5,Kristen,K-W5D2,Route day,9,Office of David Mandy DO,Ortho cross-sell · new-PL intro,Ortho Referrer,Tier 2,Core Sterling / Macomb Lane,0,1,Pediatrics,Macomb,88.0,True,"C2 (Aug 7 refresh: actuals-seeded, territory v3)",R12,5.0,R12,,"42.64026,-82.93552",True
2026-08-31,W5,Kristen,K-W5D2,Route day,10,MyCare Health Center - Mt Clemens,Ortho cross-sell · new-PL intro,Ortho Referrer,Tier 2,Core Sterling / Macomb Lane,0,1,PCP,Mt. Clemens,88.0,True,"C2 (Aug 7 refresh: actuals-seeded, territory v3)",R12,6.0,R12,,"42.59941,-82.87449",True
2026-08-31,W5,Kristen,K-W5D3,Route day,1,DMC Orthopedics - Commerce Township,Protect,Repeat Spine Referrer,Tier 1,Wave 1,3,3,Orthopedic,Nan,34.0,False,"C2 (Aug 7 refresh: actuals-seeded, territory v3)",R04,1.0,R04,,"42.59392,-83.49747",True
2026-08-31,W5,Kristen,K-W5D3,Route day,2,Internal Medicine & Primary Care Specialists- 1010,Ortho cross-sell,Ortho Referrer,Tier 2,Wave 2,0,4,PCP,West Bloomfield,10.0,False,"C2 (Aug 7 refresh: actuals-seeded, territory v3)",R10,1.0,R10,,"42.55694,-83.43772",True
2026-08-31,W5,Kristen,K-W5D3,Route day,3,DMC PRIMARY AND SPECIALTY CARE WEST BLOOMFIELD,Protect,Repeat Spine Referrer,Tier 1,Wave 1,5,6,PCP,West Bloomfield,10.0,False,"C2 (Aug 7 refresh: actuals-seeded, territory v3)",R10,2.0,R10,,"42.54126,-83.40186",True
2026-08-31,W5,Kristen,K-W5D3,Route day,4,HENRY FORD MEDICAL CENTER FARMINGTON ROAD INTERNAL MEDICINE,Convert to repeat,One Spine Patient,Tier 1,Wave 2,1,2,PCP,West Bloomfield,10.0,False,"C2 (Aug 7 refresh: actuals-seeded, territory v3)",R10,3.0,R10,,"42.54171,-83.38146",True
2026-08-31,W5,Kristen,K-W5D3,Route day,5,Center For Hollistic Medicine,Convert to repeat,One Spine Patient,Tier 1,Wave 2,1,1,Other / Verify,West Bloomfield,10.0,False,"C2 (Aug 7 refresh: actuals-seeded, territory v3)",R10,4.0,R10,,"42.54115,-83.37962",True
2026-08-31,W5,Kristen,K-W5D3,Route day,6,"MARY LEE, MD, PC",Convert to repeat,One Spine Patient,Tier 1,Wave 2,1,3,PCP,West Bloomfield,11.0,False,"C2 (Aug 7 refresh: actuals-seeded, territory v3)",R10,7.0,R10,,"42.54159,-83.36619",True
2026-08-31,W5,Kristen,K-W5D3,Route day,7,Corewell Health Family Medicine - Farmington Hills,Ortho cross-sell,Ortho Referrer,Tier 2,Wave 2,0,4,PCP,Farmington Hills,94.0,True,"C2 (Aug 7 refresh: actuals-seeded, territory v3)",R03,8.0,R03,,"42.52840,-83.34225",True
2026-08-31,W5,Kristen,K-W5D3,Route day,8,Millenium Associated Physicians - 130A,Ortho cross-sell,Ortho Referrer,Tier 2,Wave 2,0,1,PCP,Farmington Hills,94.0,True,"C2 (Aug 7 refresh: actuals-seeded, territory v3)",R03,5.0,R03,,"42.52242,-83.34902",True
2026-08-31,W5,Kristen,K-W5D3,Route day,9,Internal Medicine Physicians #170,Cross-sell (other service),Other Patient Referrer,Tier 3,Wave 2,0,3,PCP,Farmington Hills,94.0,True,"C2 (Aug 7 refresh: actuals-seeded, territory v3)",R03,4.0,R03,,"42.52242,-83.34902",True
2026-08-31,W5,Kristen,K-W5D3,Route day,10,Millennium Affiliated Physicians - 130B,Ortho cross-sell,Ortho Referrer,Tier 2,Wave 2,0,2,PCP,Farmington Hills,94.0,True,"C2 (Aug 7 refresh: actuals-seeded, territory v3)",R03,6.0,R03,,"42.52242,-83.34902",True
2026-08-31,W5,Kristen,K-W5D4,Route day,1,Powers Family Medicine,Protect,Repeat Spine Referrer,Tier 1,Wave 1,2,3,PCP,Farmington Hills,89.0,False,"C2 (Aug 7 refresh: actuals-seeded, territory v3)",R11,7.0,R11,,"42.46672,-83.35613",True
2026-08-31,W5,Kristen,K-W5D4,Route day,2,Village Medical Farmington,Protect,Repeat Spine Referrer,Tier 1,Wave 1,2,4,PCP,Farmington,91.0,False,"C2 (Aug 7 refresh: actuals-seeded, territory v3)",R13,4.0,R13,,"42.46139,-83.35743",True
2026-08-31,W5,Kristen,K-W5D4,Route day,3,Corewell Health Farmington Hills Hospital Family Medicine,Ortho cross-sell,Ortho Referrer,Tier 2,Wave 2,0,4,PCP,Farmington Hills,89.0,True,"C2 (Aug 7 refresh: actuals-seeded, territory v3)",R11,8.0,R11,,"42.44431,-83.32475",True
2026-08-31,W5,Kristen,K-W5D4,Route day,4,Christensen Law,Convert to repeat,One Spine Patient,Tier 1,Wave 2,1,1,Attorney / Legal,Southfield,17.0,False,"C2 (Aug 7 refresh: actuals-seeded, territory v3)",R18,6.0,R18,,"42.47866,-83.28642",True
2026-08-31,W5,Kristen,K-W5D4,Route day,5,Steinberg Law Firm,Protect,Repeat Spine Referrer,Tier 1,Wave 2,2,2,Attorney / Legal,Southfield,130.0,False,"C2 (Aug 7 refresh: actuals-seeded, territory v3)",R01,2.0,R01,,"42.50550,-83.28699",True
2026-08-31,W5,Kristen,K-W5D4,Route day,6,"MEDICAL CENTER PEDIATRICS, PLLC",Cross-sell (other service),Other Patient Referrer,Tier 3,Wave 2,0,1,Pediatrics,Bingham Farms,33.0,True,"C2 (Aug 7 refresh: actuals-seeded, territory v3)",R18,9.0,R18,,"42.51067,-83.28418",True
2026-08-31,W5,Kristen,K-W5D4,Route day,7,"SOUTH EAST MICHIGAN MEDICAL ASSOCIATES, PC",Cross-sell (other service),Other Patient Referrer,Tier 3,Wave 2,0,1,PCP,Lathrup Village,70.0,True,"C2 (Aug 7 refresh: actuals-seeded, territory v3)",R18,1.0,R18,,"42.50209,-83.22715",True
2026-08-31,W5,Kristen,K-W5D4,Route day,8,Beverly Hills Internal Medicine,Ortho cross-sell,Ortho Referrer,Tier 2,Wave 2,0,1,PCP,Beverly Hills,33.0,True,"C2 (Aug 7 refresh: actuals-seeded, territory v3)",R18,3.0,R18,,"42.51734,-83.21894",True
2026-08-31,W5,Kristen,K-W5D4,Route day,9,SOUTHFIELD MEDICAL CLINIC AND PREMIER URGENT CARE AND WALK IN CLINIC,Convert to repeat,One Spine Patient,Tier 1,Wave 2,1,1,Urgent Care,Southfield,4.0,False,"C2 (Aug 7 refresh: actuals-seeded, territory v3)",R18,5.0,R18,,"42.50308,-83.21507",True
2026-08-31,W5,Kristen,K-W5D4,Route day,10,Berkley Urgent Care,Convert to repeat,One Spine Patient,Tier 1,Outside Sean Focus – Review,1,3,Urgent Care,Berkley,6.0,False,"C2 (Aug 7 refresh: actuals-seeded, territory v3)",R18,2.0,R18,,"42.50182,-83.20265",True
2026-08-31,W5,Kristen,K-W5D5,Route day,1,Medical Clinic of Northville,Protect,Repeat Spine Referrer,Tier 1,Wave 1,2,18,PCP,Northville,67.0,False,"C2 (Aug 7 refresh: actuals-seeded, territory v3)",R19,6.0,R19,,"42.42888,-83.47583",True
2026-08-31,W5,Kristen,K-W5D5,Route day,2,Plymouth Urgent Care,Ortho cross-sell,Ortho Referrer,Tier 2,Wave 2,0,1,Urgent Care,Plymouth,67.0,True,"C2 (Aug 7 refresh: actuals-seeded, territory v3)",R14,1.0,R14,,"42.36028,-83.44866",True
2026-08-31,W5,Kristen,K-W5D5,Route day,3,SUNNY PEDIATRICS AND FAMILY,Ortho cross-sell,Ortho Referrer,Tier 2,Wave 2,0,7,Pediatrics,Canton,82.0,True,"C2 (Aug 7 refresh: actuals-seeded, territory v3)",R14,4.0,R14,,"42.32428,-83.48723",True
2026-08-31,W5,Kristen,K-W5D5,Route day,4,Pryde Athletics and Physical Therapy,Ortho cross-sell,Ortho Referrer,Tier 2,Wave 2,0,2,PT,Canton,60.0,True,"C2 (Aug 7 refresh: actuals-seeded, territory v3)",R14,3.0,R14,,"42.26454,-83.50095",True
2026-09-07,W6,Kristen,K-W6D1,Route day,1,Park Medical Centers,Protect,Repeat Spine Referrer,Tier 1,Wave 1,5,12,PCP,Livonia,41.0,False,"C2 (Aug 7 refresh: actuals-seeded, territory v3)",R14,6.0,R14,,"42.35947,-83.42018",True
2026-09-07,W6,Kristen,K-W6D1,Route day,2,Hermann Banks MD PC,Protect,Repeat Spine Referrer,Tier 1,Wave 1,3,3,Neurology,Livonia,42.0,False,"C2 (Aug 7 refresh: actuals-seeded, territory v3)",R06,9.0,R06,,"42.39142,-83.37263",True
2026-09-07,W6,Kristen,K-W6D1,Route day,3,iTest Health Family Medicine,Ortho cross-sell,Ortho Referrer,Tier 2,Wave 2,0,2,PCP,Livonia,42.0,False,"C2 (Aug 7 refresh: actuals-seeded, territory v3)",R06,10.0,R06,,"42.39142,-83.37263",True
2026-09-07,W6,Kristen,K-W6D1,Route day,4,Village Medical - Livonia,Protect,Repeat Spine Referrer,Tier 1,Wave 1,2,6,PCP,Livonia,41.0,False,"C2 (Aug 7 refresh: actuals-seeded, territory v3)",R06,3.0,R06,,"42.41630,-83.41310",True
2026-09-07,W6,Kristen,K-W6D1,Route day,5,Triumph chiropractic,Protect,Repeat Spine Referrer,Tier 1,Wave 1,2,2,Other / Verify,Livonia,42.0,False,"C2 (Aug 7 refresh: actuals-seeded, territory v3)",R06,5.0,R06,,"42.43795,-83.37430",True
2026-09-07,W6,Kristen,K-W6D1,Route day,6,Ivy Rehab - Farmington,Protect,Repeat Spine Referrer,Tier 1,Wave 1,2,3,PT,Farmington,63.0,False,"C2 (Aug 7 refresh: actuals-seeded, territory v3)",R13,2.0,R13,,"42.46272,-83.37414",True
2026-09-07,W6,Kristen,K-W6D1,Route day,7,Haller and Hug Internal Medicine,Ortho cross-sell,Ortho Referrer,Tier 2,Wave 2,0,12,PCP,Farmington Hills,91.0,True,"C2 (Aug 7 refresh: actuals-seeded, territory v3)",R11,2.0,R11,,"42.49670,-83.37960",True
2026-09-07,W6,Kristen,K-W6D1,Route day,8,Premier Internists - Suite 180,Ortho cross-sell,Ortho Referrer,Tier 2,Wave 2,0,5,PCP,Farmington Hills,94.0,True,"C2 (Aug 7 refresh: actuals-seeded, territory v3)",R03,7.0,R03,,"42.52242,-83.34902",True
2026-09-07,W6,Kristen,K-W6D1,Route day,9,Internal Medicine Physicians #170,Cross-sell (other service),Other Patient Referrer,Tier 3,Wave 2,0,3,PCP,Farmington Hills,94.0,False,"C2 (Aug 7 refresh: actuals-seeded, territory v3)",R03,4.0,R03,,"42.52242,-83.34902",True
2026-09-07,W6,Kristen,K-W6D1,Route day,10,Millenium Associated Physicians - 130A,Ortho cross-sell,Ortho Referrer,Tier 2,Wave 2,0,1,PCP,Farmington Hills,94.0,False,"C2 (Aug 7 refresh: actuals-seeded, territory v3)",R03,5.0,R03,,"42.52242,-83.34902",True
2026-09-07,W6,Kristen,K-W6D2,Route day,1,Lupo Chiropractic Center,Convert to repeat,One Spine Patient,Tier 1,Wave 2,1,1,Chiropractor,Roseville,20.0,True,"C2 (Aug 7 refresh: actuals-seeded, territory v3)",R25,7.0,R25,,"42.50119,-82.93325",True
2026-09-07,W6,Kristen,K-W6D2,Route day,2,Cornerstone Lakefront Internists,Reactivate · new-PL intro,One Spine Patient,Tier 1,Core Sterling / Macomb Lane,1,1,PCP,St. Clair Shores,105.0,True,"C2 (Aug 7 refresh: actuals-seeded, territory v3)",R25,1.0,R25,,"42.50912,-82.90663",True
2026-09-07,W6,Kristen,K-W6D2,Route day,3,Epic Health - St Clair Shores,Ortho cross-sell · new-PL intro,Ortho Referrer,Tier 2,Core Sterling / Macomb Lane,0,1,PCP,St. Clair Shores,96.0,True,"C2 (Aug 7 refresh: actuals-seeded, territory v3)",R25,2.0,R25,,"42.49911,-82.89812",True
2026-09-07,W6,Kristen,K-W6D2,Route day,4,Henry Ford Medical Center - East Jefferson,Reactivate · new-PL intro,One Spine Patient,Tier 1,Core Sterling / Macomb Lane,1,2,PCP,St. Clair Shores,105.0,True,"C2 (Aug 7 refresh: actuals-seeded, territory v3)",R25,3.0,R25,,"42.47489,-82.88988",True
2026-09-07,W6,Kristen,K-W6D2,Route day,5,Waypointe Internal Medicine,Ortho cross-sell · new-PL intro,Ortho Referrer,Tier 2,Core Sterling / Macomb Lane,0,1,PCP,St. Clair Shores,105.0,True,"C2 (Aug 7 refresh: actuals-seeded, territory v3)",R25,4.0,R25,,"42.47268,-82.89466",True
2026-09-07,W6,Kristen,K-W6D2,Route day,6,Allied Internists,Ortho cross-sell · new-PL intro,Ortho Referrer,Tier 2,Core Sterling / Macomb Lane,0,1,PCP,Roseville,24.0,True,"C2 (Aug 7 refresh: actuals-seeded, territory v3)",R25,6.0,R25,,"42.48258,-82.93381",True
2026-09-07,W6,Kristen,K-W6D2,Route day,7,Aquino Integrative Internal Medicine,Ortho cross-sell · new-PL intro,Ortho Referrer,Tier 2,Core Sterling / Macomb Lane,0,1,PCP,Roseville,24.0,True,"C2 (Aug 7 refresh: actuals-seeded, territory v3)",R25,8.0,R25,,"42.52096,-82.90943",True
2026-09-07,W6,Kristen,K-W6D2,Route day,8,Masonic Medical Center - Ascension,Ortho cross-sell · new-PL intro,Ortho Referrer,Tier 2,Core Sterling / Macomb Lane,0,1,PCP,St. Clair Shores,136.0,True,"C2 (Aug 7 refresh: actuals-seeded, territory v3)",R25,5.0,R25,,"42.53276,-82.90396",True
2026-09-07,W6,Kristen,K-W6D2,Route day,9,Sterling Medical Center & Urgent Care,Ortho cross-sell · new-PL intro,Ortho Referrer,Tier 2,Core Sterling / Macomb Lane,0,1,Urgent Care,Sterling Heights,102.0,True,"C2 (Aug 7 refresh: actuals-seeded, territory v3)",R21,7.0,R21,,"42.53834,-82.99161",True
2026-09-07,W6,Kristen,K-W6D2,Route day,10,"DIAB AND KINNER INTERNAL MEDICINE, PC- use",Convert to repeat,One Spine Patient,Tier 1,Core Sterling / Macomb Lane,1,1,PCP,Warren,7.0,False,"C2 (Aug 7 refresh: actuals-seeded, territory v3)",R09,6.0,R09,,"42.51303,-83.00772",True
2026-09-07,W6,Kristen,K-W6D3,Route day,1,Port Huron Medicine Associates,Convert to repeat,One Spine Patient,Tier 1,Wave 2,1,6,PCP,Port Huron,55.0,True,"C2 (Aug 7 refresh: actuals-seeded, territory v3)",R15,10.0,R15,,"42.95649,-82.44133",True
2026-09-07,W6,Kristen,K-W6D3,Route day,2,Physician HeathCare Network - Michele Raymond DO,Ortho cross-sell,Ortho Referrer,Tier 2,Wave 2,0,3,PCP,Port Huron,55.0,True,"C2 (Aug 7 refresh: actuals-seeded, territory v3)",R15,9.0,R15,,"42.95837,-82.42855",True
2026-09-07,W6,Kristen,K-W6D3,Route day,3,Patrick Kut MD PC,Ortho cross-sell,Ortho Referrer,Tier 2,Wave 2,0,4,PCP,Marysville,18.0,False,"C2 (Aug 7 refresh: actuals-seeded, territory v3)",R27,7.0,R27,,"42.91599,-82.48457",True
2026-09-07,W6,Kristen,K-W6D3,Route day,4,Physician HeathCare Network - Marysville,Ortho cross-sell,Ortho Referrer,Tier 2,Wave 2,0,1,PCP,Marysville,18.0,False,"C2 (Aug 7 refresh: actuals-seeded, territory v3)",R27,6.0,R27,,"42.91067,-82.49844",True
2026-09-07,W6,Kristen,K-W6D4,Route day,1,Lexington Family Medicine,Reactivate,One Spine Patient,Tier 1,Wave 2,1,1,PCP,Lexington,62.0,True,"C2 (Aug 7 refresh: actuals-seeded, territory v3)",R28,1.0,R28,,"43.27281,-82.53151",True
2026-09-07,W6,Kristen,K-W6D4,Route day,2,Croswell Clinic - McKenzie Health System,Ortho cross-sell,Ortho Referrer,Tier 2,Wave 2,0,1,PCP,Croswell,62.0,True,"C2 (Aug 7 refresh: actuals-seeded, territory v3)",R28,2.0,R28,,"43.27225,-82.61992",True
2026-09-07,W6,Kristen,K-W6D5,Route day,1,Yale Community Heath Center - VA Clinic,Reactivate,One Spine Patient,Tier 1,Wave 2,1,22,PCP,Yale,62.0,True,"C2 (Aug 7 refresh: actuals-seeded, territory v3)",R26,2.0,R26,,"43.11490,-82.79084",True
2026-09-07,W6,Kristen,K-W6D5,Route day,2,Yale Family Care,Reactivate,One Spine Patient,Tier 1,Wave 2,1,2,PCP,Yale,62.0,True,"C2 (Aug 7 refresh: actuals-seeded, territory v3)",R26,1.0,R26,,"43.12358,-82.79258",True
2026-09-14,W7,Kristen,K-W7D1,Route day,1,Team Rehabilitation  - Washington,Convert to repeat,One Spine Patient,Tier 1,Wave 2,1,2,PT,Washington,46.0,True,"C2 (Aug 7 refresh: actuals-seeded, territory v3)",R12,9.0,R12,,"42.77000,-83.01892",True
2026-09-14,W7,Kristen,K-W7D1,Route day,2,Academic Internal Medicine (Ascension),Cross-sell (other service) · new-PL intro,Other Patient Referrer,Tier 3,Outside Sean Focus – Review,0,1,PCP,Washington,146.0,True,"C2 (Aug 7 refresh: actuals-seeded, territory v3)",R12,8.0,R12,,"42.71940,-83.03512",True
2026-09-14,W7,Kristen,K-W7D1,Route day,3,Souva PT and Performance,Ortho cross-sell,Ortho Referrer,Tier 2,Wave 2,0,6,PT,Nan,49.0,False,"C2 (Aug 7 refresh: actuals-seeded, territory v3)",R04,6.0,R04,,"42.67076,-83.03392",True
2026-09-14,W7,Kristen,K-W7D1,Route day,4,MNP,Protect,Repeat Spine Referrer,Tier 1,Wave 1,2,11,PCP,Utica,49.0,False,"C2 (Aug 7 refresh: actuals-seeded, territory v3)",R21,8.0,R21,,"42.61921,-83.03827",True
2026-09-14,W7,Kristen,K-W7D1,Route day,5,Macomb Internal Medicine,Protect,Repeat Spine Referrer,Tier 1,Named Sean Priority,4,4,PCP,Clinton Township,31.0,False,"C2 (Aug 7 refresh: actuals-seeded, territory v3)",R12,2.0,R12,,"42.61147,-82.96810",True
2026-09-14,W7,Kristen,K-W7D1,Route day,6,Swetech Medical Center,Convert to repeat,One Spine Patient,Tier 1,Wave 2,1,2,PCP,Clinton Township,56.0,False,"C2 (Aug 7 refresh: actuals-seeded, territory v3)",R12,4.0,R12,,"42.61702,-82.95215",True
2026-09-14,W7,Kristen,K-W7D1,Route day,7,David S Weingarden MD & Associates,Ortho cross-sell,Ortho Referrer,Tier 2,Core Sterling / Macomb Lane,0,1,Orthopedic,Clinton Township,137.0,False,"C2 (Aug 7 refresh: actuals-seeded, territory v3)",R12,3.0,R12,,"42.61681,-82.96361",True
2026-09-14,W7,Kristen,K-W7D1,Route day,8,Schoenherr Parkway Family Practice,Convert to repeat,One Spine Patient,Tier 1,Core Sterling / Macomb Lane,1,3,PCP,Sterling Heights,103.0,False,"C2 (Aug 7 refresh: actuals-seeded, territory v3)",R21,4.0,R21,,"42.57490,-82.98720",True
2026-09-14,W7,Kristen,K-W7D1,Route day,9,Get Well Urgent Care - Sterling Heights,Convert to repeat,One Spine Patient,Tier 1,Core Sterling / Macomb Lane,1,2,Urgent Care,Sterling Heights,7.0,False,"C2 (Aug 7 refresh: actuals-seeded, territory v3)",R16,5.0,R16,,"42.56482,-83.08241",True
2026-09-14,W7,Kristen,K-W7D1,Route day,10,Metro Medical Practice,Protect,Repeat Spine Referrer,Tier 1,Wave 1,2,3,PCP,Troy,84.0,False,"C2 (Aug 7 refresh: actuals-seeded, territory v3)",R07,5.0,R07,,"42.54995,-83.08984",True
2026-09-14,W7,Kristen,K-W7D2,Route day,1,"FAMILY CARE CENTER OF HAMTRAMCK, PC",Reactivate,One Spine Patient,Tier 1,Wave 2,1,4,PCP,Hamtramck,83.0,True,"C2 (Aug 7 refresh: actuals-seeded, territory v3)",R24,7.0,R24,,"42.40587,-83.06427",True
2026-09-14,W7,Kristen,K-W7D2,Route day,2,Hamtramck Community Medical Center,Ortho cross-sell,Ortho Referrer,Tier 2,Wave 2,0,3,PCP,Hamtramck,83.0,True,"C2 (Aug 7 refresh: actuals-seeded, territory v3)",R24,8.0,R24,,"42.39970,-83.05051",True
2026-09-14,W7,Kristen,K-W7D2,Route day,3,Marko Law,Ortho cross-sell,Ortho Referrer,Tier 2,Wave 2,0,2,Attorney / Legal,Detroit,137.0,True,"C2 (Aug 7 refresh: actuals-seeded, territory v3)",R24,9.0,R24,,"42.32927,-83.04870",True
2026-09-14,W7,Kristen,K-W7D3,Route day,1,Physician HealthCare Network,Ortho cross-sell,Ortho Referrer,Tier 2,Wave 2,0,2,PCP,Lenox,62.0,True,"C2 (Aug 7 refresh: actuals-seeded, territory v3)",R29,2.0,R29,,"42.72313,-82.74700",True
2026-09-14,W7,Kristen,K-W7D3,Route day,2,Henry Ford Orthopedics & Sports Medicine - Chesterfield,Cross-sell (other service),Other Patient Referrer,Tier 3,Wave 2,0,1,Orthopedic,New Baltimore,62.0,True,"C2 (Aug 7 refresh: actuals-seeded, territory v3)",R29,1.0,R29,,"42.71962,-82.73970",True
2026-09-14,W7,Kristen,K-W7D4,Route day,1,Troy Internal Medicine,Ortho cross-sell,Ortho Referrer,Tier 2,Wave 2,0,1,PCP,Troy,87.0,True,"C2 (Aug 7 refresh: actuals-seeded, territory v3)",R07,1.0,R07,,"42.58926,-83.17114",True
2026-09-14,W7,Kristen,K-W7D4,Route day,2,SOMERSET PEDIATRICS,Cross-sell (other service),Other Patient Referrer,Tier 3,Wave 2,0,1,Pediatrics,Troy,84.0,True,"C2 (Aug 7 refresh: actuals-seeded, territory v3)",R07,2.0,R07,,"42.56099,-83.17003",True
2026-09-14,W7,Kristen,K-W7D4,Route day,3,Brigid Healthcare,Protect,Repeat Spine Referrer,Tier 1,Outside Sean Focus – Review,2,3,PCP,Troy,6.0,False,"C2 (Aug 7 refresh: actuals-seeded, territory v3)",R07,3.0,R07,,"42.56970,-83.12756",True
2026-09-14,W7,Kristen,K-W7D4,Route day,4,MedPro Primary Care,Protect,Repeat Spine Referrer,Tier 1,Wave 1,2,4,Urgent Care,Madison Heights,56.0,False,"C2 (Aug 7 refresh: actuals-seeded, territory v3)",R08,5.0,R08,,"42.52038,-83.10690",True
2026-09-14,W7,Kristen,K-W7D4,Route day,5,Oakland Family Practice,Protect,Repeat Spine Referrer,Tier 1,Wave 1,2,17,PCP,Warren,56.0,False,"C2 (Aug 7 refresh: actuals-seeded, territory v3)",R09,1.0,R09,,"42.49547,-83.08383",True
2026-09-14,W7,Kristen,K-W7D4,Route day,6,Lifetime Family Care,Protect,Repeat Spine Referrer,Tier 1,Wave 1,3,3,PCP,Madison Heights,4.0,False,"C2 (Aug 7 refresh: actuals-seeded, territory v3)",R08,7.0,R08,,"42.48758,-83.08573",True
2026-09-14,W7,Kristen,K-W7D4,Route day,7,Get Well Urgent Care Madison Heights,Protect,Repeat Spine Referrer,Tier 1,Outside Sean Focus – Review,2,3,Urgent Care,Madison Heights,6.0,False,"C2 (Aug 7 refresh: actuals-seeded, territory v3)",R08,6.0,R08,,"42.50463,-83.10280",True
2026-09-14,W7,Kristen,K-W7D4,Route day,8,Ross Gilders Law,Convert to repeat,One Spine Patient,Tier 1,Wave 2,1,3,Attorney / Legal,Royal Oak,4.0,False,"C2 (Aug 7 refresh: actuals-seeded, territory v3)",R08,3.0,R08,,"42.48751,-83.14252",True
2026-09-14,W7,Kristen,K-W7D4,Route day,9,Kajy Law,Protect,Repeat Spine Referrer,Tier 1,Wave 1,5,5,Attorney / Legal,Southfield,4.0,False,"C2 (Aug 7 refresh: actuals-seeded, territory v3)",R01,6.0,R01,,"42.45959,-83.21823",True
2026-09-14,W7,Kristen,K-W7D4,Route day,10,DEIGHTON FAMILY PRACTICE - use this one,Convert to repeat,One Spine Patient,Tier 1,Wave 2,1,3,PCP,Southfield,4.0,False,"C2 (Aug 7 refresh: actuals-seeded, territory v3)",R01,8.0,R01,,"42.45641,-83.20585",True
2026-09-14,W7,Kristen,K-W7D5,Route day,1,GARDEN CITY FAMILY PHYSICIANS,Protect,Repeat Spine Referrer,Tier 1,Wave 1,3,6,PCP,Garden City,66.0,False,"C2 (Aug 7 refresh: actuals-seeded, territory v3)",R22,9.0,R22,,"42.32550,-83.34591",True
2026-09-14,W7,Kristen,K-W7D5,Route day,2,Greg Monroe DO PC,Convert to repeat,One Spine Patient,Tier 1,Wave 2,1,1,PCP,Westland,66.0,False,"C2 (Aug 7 refresh: actuals-seeded, territory v3)",R22,3.0,R22,,"42.32968,-83.38810",True
2026-09-14,W7,Kristen,K-W7D5,Route day,3,WESTLAND CLINIC - use,Ortho cross-sell,Ortho Referrer,Tier 2,Wave 2,0,1,PCP,Westland,66.0,False,"C2 (Aug 7 refresh: actuals-seeded, territory v3)",R22,2.0,R22,,"42.32962,-83.38822",True
2026-09-14,W7,Kristen,K-W7D5,Route day,4,MHP - West,Ortho cross-sell,Ortho Referrer,Tier 2,Wave 2,0,3,PCP,Westland,66.0,False,"C2 (Aug 7 refresh: actuals-seeded, territory v3)",R22,1.0,R22,,"42.32957,-83.38881",True
2026-09-14,W7,Kristen,K-W7D5,Route day,5,Village Medical Wayne,Ortho cross-sell,Ortho Referrer,Tier 2,Wave 2,0,2,PCP,Westland,35.0,False,"C2 (Aug 7 refresh: actuals-seeded, territory v3)",R22,4.0,R22,,"42.31199,-83.38787",True
2026-09-14,W7,Kristen,K-W7D5,Route day,6,"WAYNE MEDICAL CENTER, PLLC",Ortho cross-sell,Ortho Referrer,Tier 2,Wave 2,0,4,PCP,Westland,35.0,False,"C2 (Aug 7 refresh: actuals-seeded, territory v3)",R22,6.0,R22,,"42.30034,-83.38789",True
2026-09-14,W7,Kristen,K-W7D5,Route day,7,BEAUMONT FAMILY MEDICINE WESTLAND,Ortho cross-sell,Ortho Referrer,Tier 2,Wave 2,0,3,PCP,Westland,66.0,False,"C2 (Aug 7 refresh: actuals-seeded, territory v3)",R22,7.0,R22,,"42.29531,-83.34796",True
2026-09-14,W7,Kristen,K-W7D5,Route day,8,Corewell Health Urgent Care - Garden City,Ortho cross-sell,Ortho Referrer,Tier 2,Wave 2,0,3,Urgent Care,Garden City,66.0,False,"C2 (Aug 7 refresh: actuals-seeded, territory v3)",R22,10.0,R22,,"42.33100,-83.33068",True
2026-09-14,W7,Kristen,K-W7D5,Route day,9,ARBOR LANE FAMILY PHYSICIANS,Convert to repeat,One Spine Patient,Tier 1,Wave 2,1,2,PCP,Redford,21.0,False,"C2 (Aug 7 refresh: actuals-seeded, territory v3)",R20,1.0,R20,,"42.35715,-83.27646",True
2026-09-14,W7,Kristen,K-W7D5,Route day,10,Beaumont Medical Center - Redford,Protect,Repeat Spine Referrer,Tier 1,Wave 1,3,23,PCP,Redford Charter Township,21.0,False,"C2 (Aug 7 refresh: actuals-seeded, territory v3)",R20,3.0,R20,,"42.40305,-83.29563",True
2026-09-21,W8,Kristen,K-W8D1,Route day,1,Mike Morse Law Firm,Protect,Repeat Spine Referrer,Tier 1,Wave 1,75,94,Attorney / Legal,Southfield,47.0,False,"C2 (Aug 7 refresh: actuals-seeded, territory v3)",R01,5.0,R01,,"42.47093,-83.24160",True
2026-09-21,W8,Kristen,K-W8D1,Route day,2,Applebaum & Stone,Protect,Repeat Spine Referrer,Tier 1,Wave 1,5,7,Attorney / Legal,Southfield,147.0,False,"C2 (Aug 7 refresh: actuals-seeded, territory v3)",R01,4.0,R01,,"42.48560,-83.24552",True
2026-09-21,W8,Kristen,K-W8D1,Route day,3,Mark Sisson Law,Ortho cross-sell,Ortho Referrer,Tier 2,Wave 2,0,1,Attorney / Legal,Bingham Farms,11.0,False,"C2 (Aug 7 refresh: actuals-seeded, territory v3)",R18,10.0,R18,,"42.51019,-83.28254",True
2026-09-21,W8,Kristen,K-W8D1,Route day,4,Michigan Auto Law,Protect,Repeat Spine Referrer,Tier 1,Wave 1,10,15,Attorney / Legal,Farmington Hills,103.0,False,"C2 (Aug 7 refresh: actuals-seeded, territory v3)",R03,2.0,R03,,"42.50815,-83.32278",True
2026-09-21,W8,Kristen,K-W8D1,Route day,5,Henry Ford Primary Care Center - 160,Protect,Repeat Spine Referrer,Tier 1,Wave 1,5,6,PCP,Farmington Hills,94.0,False,"C2 (Aug 7 refresh: actuals-seeded, territory v3)",R03,1.0,R03,,"42.50597,-83.32140",True
2026-09-21,W8,Kristen,K-W8D1,Route day,6,Ross Law,Protect,Repeat Spine Referrer,Tier 1,Wave 1,5,7,Attorney / Legal,Southfield,73.0,False,"C2 (Aug 7 refresh: actuals-seeded, territory v3)",R05,8.0,R05,,"42.50345,-83.31078",True
2026-09-21,W8,Kristen,K-W8D1,Route day,7,Carson Center Specialty,Protect,Repeat Spine Referrer,Tier 1,Wave 1,2,3,PCP,Southfield,75.0,False,"C2 (Aug 7 refresh: actuals-seeded, territory v3)",R05,4.0,R05,,"42.50260,-83.31480",True
2026-09-21,W8,Kristen,K-W8D1,Route day,8,Safir Law,Protect,Repeat Spine Referrer,Tier 1,Wave 2,2,2,Attorney / Legal,Southfield,164.0,False,"C2 (Aug 7 refresh: actuals-seeded, territory v3)",R05,1.0,R05,,"42.50188,-83.31856",True
2026-09-21,W8,Kristen,K-W8D1,Route day,9,Levine Clinic of Chiropractic,Protect,Repeat Spine Referrer,Tier 1,Wave 1,3,5,Chiropractor,Farmington Hills,94.0,False,"C2 (Aug 7 refresh: actuals-seeded, territory v3)",R03,3.0,R03,,"42.51747,-83.33619",True
2026-09-21,W8,Kristen,K-W8D1,Route day,10,Vanstone Injury Law,Protect,Repeat Spine Referrer,Tier 1,Wave 1,5,5,Attorney / Legal,Nan,5.0,False,"C2 (Aug 7 refresh: actuals-seeded, territory v3)",R04,3.0,R04,,"42.53513,-83.35942",True
2026-09-21,W8,Kristen,K-W8D2,Route day,1,Corewell Urgent Care - Allen Park,Ortho cross-sell,Ortho Referrer,Tier 2,Wave 2,0,2,Urgent Care,Allen Park,21.0,True,"C2 (Aug 7 refresh: actuals-seeded, territory v3)",R20,6.0,R20,,"42.25993,-83.20743",True
2026-09-21,W8,Kristen,K-W8D2,Route day,2,ALLEN PARK FAMILY PHYSICIANS,Ortho cross-sell,Ortho Referrer,Tier 2,Wave 2,0,2,PCP,Allen Park,21.0,True,"C2 (Aug 7 refresh: actuals-seeded, territory v3)",R20,5.0,R20,,"42.25430,-83.21474",True
2026-09-21,W8,Kristen,K-W8D2,Route day,3,"WESTERN WAYNE PHYSICIANS, PLC Allen Park",Cross-sell (other service),Other Patient Referrer,Tier 3,Wave 2,0,1,PCP,Allen Park,21.0,True,"C2 (Aug 7 refresh: actuals-seeded, territory v3)",R20,4.0,R20,,"42.24863,-83.21890",True
2026-09-21,W8,Kristen,K-W8D3,Route day,1,Wadhams Family Care,Ortho cross-sell,Ortho Referrer,Tier 2,Wave 2,0,2,PCP,Kimball,18.0,False,"C2 (Aug 7 refresh: actuals-seeded, territory v3)",R27,5.0,R27,,"42.98743,-82.53658",True
2026-09-21,W8,Kristen,K-W8D4,Route day,1,McLaren Port Huron Fort Gratiot Internal Medicine,Ortho cross-sell,Ortho Referrer,Tier 2,Wave 2,0,1,PCP,Fort Gratiot,18.0,False,"C2 (Aug 7 refresh: actuals-seeded, territory v3)",R27,1.0,R27,,"43.08213,-82.47529",True
2026-09-21,W8,Kristen,K-W8D4,Route day,2,Physician HealthCare Network Urgent Care and Walk In- Fort Gratiot,Convert to repeat,One Spine Patient,Tier 1,Wave 2,1,15,Urgent Care,Fort Gratiot,18.0,False,"C2 (Aug 7 refresh: actuals-seeded, territory v3)",R27,3.0,R27,,"43.02967,-82.45449",True
2026-09-21,W8,Kristen,K-W8D4,Route day,3,Lake Huron Medical Center - Fort Gratiot,Ortho cross-sell,Ortho Referrer,Tier 2,Wave 2,0,1,PCP,Fort Gratiot,18.0,False,"C2 (Aug 7 refresh: actuals-seeded, territory v3)",R27,2.0,R27,,"43.02967,-82.45449",True
2026-09-21,W8,Kristen,K-W8D4,Route day,4,Dr. Carley and Associates,Ortho cross-sell,Ortho Referrer,Tier 2,Wave 2,0,2,PCP,Port Huron,46.0,False,"C2 (Aug 7 refresh: actuals-seeded, territory v3)",R15,1.0,R15,,"43.01657,-82.44571",True
2026-09-21,W8,Kristen,K-W8D4,Route day,5,John Mullally MD PC,Convert to repeat,One Spine Patient,Tier 1,Wave 2,1,2,PCP,Port Huron,55.0,False,"C2 (Aug 7 refresh: actuals-seeded, territory v3)",R15,5.0,R15,,"42.98605,-82.43093",True
2026-09-21,W8,Kristen,K-W8D4,Route day,6,Michigan Neurology and Spine Center,Convert to repeat,One Spine Patient,Tier 1,Wave 2,1,1,Pain,Port Huron,55.0,False,"C2 (Aug 7 refresh: actuals-seeded, territory v3)",R15,6.0,R15,,"42.97216,-82.42848",True
2026-09-21,W8,Kristen,K-W8D4,Route day,7,Mitchell Medical Center,Convert to repeat,One Spine Patient,Tier 1,Wave 2,1,8,PCP,Port Huron,55.0,False,"C2 (Aug 7 refresh: actuals-seeded, territory v3)",R15,7.0,R15,,"42.97117,-82.43308",True
2026-09-21,W8,Kristen,K-W8D4,Route day,8,Huron Family Practice Center,Convert to repeat,One Spine Patient,Tier 1,Wave 2,1,1,PCP,Port Huron,46.0,False,"C2 (Aug 7 refresh: actuals-seeded, territory v3)",R15,8.0,R15,,"42.97061,-82.43323",True
2026-09-21,W8,Kristen,K-W8D4,Route day,9,Blue Water Internal Medicine PC,Ortho cross-sell,Ortho Referrer,Tier 2,Wave 2,0,2,PCP,Port Huron,55.0,False,"C2 (Aug 7 refresh: actuals-seeded, territory v3)",R15,3.0,R15,,"42.98660,-82.43358",True
2026-09-21,W8,Kristen,K-W8D4,Route day,10,Internal Medicine Associates Port Huron,Ortho cross-sell,Ortho Referrer,Tier 2,Wave 2,0,2,PCP,Port Huron,46.0,False,"C2 (Aug 7 refresh: actuals-seeded, territory v3)",R15,4.0,R15,,"42.98667,-82.43134",True
2026-09-21,W8,Kristen,K-W8D5,Route day,1,Ryan Medical Associates,Protect,Repeat Spine Referrer,Tier 1,Core Sterling / Macomb Lane,2,3,PCP,Warren,7.0,False,"C2 (Aug 7 refresh: actuals-seeded, territory v3)",R17,7.0,R17,,"42.45520,-83.06482",True
2026-09-21,W8,Kristen,K-W8D5,Route day,2,Michigan Compassionate Care,Protect,Repeat Spine Referrer,Tier 1,Named Sean Priority,2,9,PCP,Warren,7.0,False,"C2 (Aug 7 refresh: actuals-seeded, territory v3)",R09,8.0,R09,,"42.50300,-83.00716",True
2026-09-21,W8,Kristen,K-W8D5,Route day,3,Michigan Adult and Child Medicine,Ortho cross-sell,Ortho Referrer,Tier 2,Core Sterling / Macomb Lane,0,4,PCP,Warren,7.0,False,"C2 (Aug 7 refresh: actuals-seeded, territory v3)",R09,7.0,R09,,"42.50755,-83.00393",True
2026-09-21,W8,Kristen,K-W8D5,Route day,4,Pioneer Medical Associates - Warren,Ortho cross-sell,Ortho Referrer,Tier 2,Core Sterling / Macomb Lane,0,2,PCP,Warren,7.0,False,"C2 (Aug 7 refresh: actuals-seeded, territory v3)",R17,1.0,R17,,"42.49737,-83.00585",True
2026-09-21,W8,Kristen,K-W8D5,Route day,5,Get Well Urgent Care - Warren,Ortho cross-sell,Ortho Referrer,Tier 2,Core Sterling / Macomb Lane,0,1,Urgent Care,Warren,7.0,False,"C2 (Aug 7 refresh: actuals-seeded, territory v3)",R17,3.0,R17,,"42.48537,-83.00562",True
2026-09-21,W8,Kristen,K-W8D5,Route day,6,Horizon Care Medical Group - Warren,Ortho cross-sell,Ortho Referrer,Tier 2,Core Sterling / Macomb Lane,0,1,PCP,Warren,7.0,False,"C2 (Aug 7 refresh: actuals-seeded, territory v3)",R17,2.0,R17,,"42.48537,-83.00562",True
2026-09-21,W8,Kristen,K-W8D5,Route day,7,Pulmonary & Medical Associates,Protect,Repeat Spine Referrer,Tier 1,Wave 1,2,8,PCP,Warren,28.0,False,"C2 (Aug 7 refresh: actuals-seeded, territory v3)",R17,4.0,R17,,"42.49573,-82.98654",True
2026-09-21,W8,Kristen,K-W8D5,Route day,8,"FERRIS, MARY C, MEDICAL GROUP",Convert to repeat,One Spine Patient,Tier 1,Wave 2,1,7,PCP,Warren,28.0,False,"C2 (Aug 7 refresh: actuals-seeded, territory v3)",R09,9.0,R09,,"42.50155,-83.00701",True
2026-09-21,W8,Kristen,K-W8D5,Route day,9,Elite Family Medicine,Ortho cross-sell,Ortho Referrer,Tier 2,Core Sterling / Macomb Lane,0,1,PCP,Sterling Heights,6.0,False,"C2 (Aug 7 refresh: actuals-seeded, territory v3)",R16,8.0,R16,,"42.53660,-83.08588",True
2026-09-21,W8,Kristen,K-W8D5,Route day,10,Kashat Urgent care,Convert to repeat,One Spine Patient,Tier 1,Core Sterling / Macomb Lane,1,1,Urgent Care,Sterling Heights,6.0,False,"C2 (Aug 7 refresh: actuals-seeded, territory v3)",R16,7.0,R16,,"42.55180,-83.08776",True
2026-09-28,W9,Kristen,K-W9D1,Route day,1,Stonebrooke Family Physicians,Protect,Repeat Spine Referrer,Tier 1,Wave 1,5,17,PCP,Rochester Hills,61.0,False,"C2 (Aug 7 refresh: actuals-seeded, territory v3)",R07,7.0,R07,,"42.63630,-83.17140",True
2026-09-28,W9,Kristen,K-W9D1,Route day,2,Neil King Physical Therapy,Ortho cross-sell,Ortho Referrer,Tier 2,Wave 2,0,1,PT,Rochester Hills,63.0,False,"C2 (Aug 7 refresh: actuals-seeded, territory v3)",R07,8.0,R07,,"42.64333,-83.12849",True
2026-09-28,W9,Kristen,K-W9D1,Route day,3,Wattles Internal Medicine- use,Ortho cross-sell,Ortho Referrer,Tier 2,Outside Sean Focus – Review,0,1,PCP,Troy,6.0,False,"C2 (Aug 7 refresh: actuals-seeded, territory v3)",R07,4.0,R07,,"42.57761,-83.11061",True
2026-09-28,W9,Kristen,K-W9D1,Route day,4,Tri-County Medical Clinic,Convert to repeat,One Spine Patient,Tier 1,Core Sterling / Macomb Lane,1,2,PCP,Sterling Heights,6.0,False,"C2 (Aug 7 refresh: actuals-seeded, territory v3)",R16,4.0,R16,,"42.56718,-83.08797",True
2026-09-28,W9,Kristen,K-W9D1,Route day,5,Sterling Physicians,Convert to repeat,One Spine Patient,Tier 1,Core Sterling / Macomb Lane,1,1,PCP,Sterling Heights,6.0,False,"C2 (Aug 7 refresh: actuals-seeded, territory v3)",R16,6.0,R16,,"42.55663,-83.08750",True
2026-09-28,W9,Kristen,K-W9D1,Route day,6,Michigan Primary Care - Sterling Heights,Convert to repeat,One Spine Patient,Tier 1,Core Sterling / Macomb Lane,1,1,PCP,Sterling Heights,67.0,False,"C2 (Aug 7 refresh: actuals-seeded, territory v3)",R16,2.0,R16,,"42.59564,-83.08948",True
2026-09-28,W9,Kristen,K-W9D1,Route day,7,Associates in Family Practice,Convert to repeat,One Spine Patient,Tier 1,Named Sean Priority,1,2,PCP,Sterling Heights,66.0,False,"C2 (Aug 7 refresh: actuals-seeded, territory v3)",R21,1.0,R21,,"42.60679,-83.05187",True
2026-09-28,W9,Kristen,K-W9D1,Route day,8,BASEL BRIKHO MEDICAL GROUP - use this one,Ortho cross-sell,Ortho Referrer,Tier 2,Wave 2,0,1,PCP,Sterling Heights,66.0,False,"C2 (Aug 7 refresh: actuals-seeded, territory v3)",R21,2.0,R21,,"42.60934,-83.04948",True
2026-09-28,W9,Kristen,K-W9D1,Route day,9,Plumbrook Medical Center,Ortho cross-sell,Ortho Referrer,Tier 2,Wave 2,0,1,PCP,Sterling Heights,49.0,False,"C2 (Aug 7 refresh: actuals-seeded, territory v3)",R16,10.0,R16,,"42.58640,-83.02966",True
2026-09-28,W9,Kristen,K-W9D1,Route day,10,Sterling Heights Urgent Care,Ortho cross-sell,Ortho Referrer,Tier 2,Core Sterling / Macomb Lane,0,3,Urgent Care,Sterling Heights,103.0,False,"C2 (Aug 7 refresh: actuals-seeded, territory v3)",R21,5.0,R21,,"42.56807,-82.98897",True
2026-09-28,W9,Kristen,K-W9D2,Route day,1,"WEST BLOOMFIELD INTERNAL MEDICINE, PLLC",Ortho cross-sell,Ortho Referrer,Tier 2,Wave 2,0,2,PCP,West Bloomfield,11.0,False,"C2 (Aug 7 refresh: actuals-seeded, territory v3)",R10,5.0,R10,,"42.54427,-83.37635",True
2026-09-28,W9,Kristen,K-W9D2,Route day,2,Internal Medicine Specialists,Cross-sell (other service),Other Patient Referrer,Tier 3,Wave 2,0,1,PCP,West Bloomfield,11.0,False,"C2 (Aug 7 refresh: actuals-seeded, territory v3)",R10,6.0,R10,,"42.54155,-83.36778",True
2026-09-28,W9,Kristen,K-W9D2,Route day,3,Associates in Internal Medicine - MHP,Cross-sell (other service),Other Patient Referrer,Tier 3,Wave 2,0,1,PCP,West Bloomfield,11.0,False,"C2 (Aug 7 refresh: actuals-seeded, territory v3)",R10,8.0,R10,,"42.54223,-83.36499",True
2026-09-28,W9,Kristen,K-W9D2,Route day,4,"FARMINGTON HILLS  FAMILY PHYSICIANS, PLLC",Protect,Repeat Spine Referrer,Tier 1,Wave 1,2,2,PCP,Farmington Hills,91.0,False,"C2 (Aug 7 refresh: actuals-seeded, territory v3)",R11,3.0,R11,,"42.50001,-83.34527",True
2026-09-28,W9,Kristen,K-W9D2,Route day,5,Powers Family Medicine,Protect,Repeat Spine Referrer,Tier 1,Wave 1,2,3,PCP,Farmington Hills,89.0,False,"C2 (Aug 7 refresh: actuals-seeded, territory v3)",R11,7.0,R11,,"42.46672,-83.35613",True
2026-09-28,W9,Kristen,K-W9D2,Route day,6,Village Medical Farmington,Protect,Repeat Spine Referrer,Tier 1,Wave 1,2,4,PCP,Farmington,91.0,False,"C2 (Aug 7 refresh: actuals-seeded, territory v3)",R13,4.0,R13,,"42.46139,-83.35743",True
2026-09-28,W9,Kristen,K-W9D2,Route day,7,Ivy Rehab - Farmington,Protect,Repeat Spine Referrer,Tier 1,Wave 1,2,3,PT,Farmington,63.0,False,"C2 (Aug 7 refresh: actuals-seeded, territory v3)",R13,2.0,R13,,"42.46272,-83.37414",True
2026-09-28,W9,Kristen,K-W9D2,Route day,8,Triumph chiropractic,Protect,Repeat Spine Referrer,Tier 1,Wave 1,2,2,Other / Verify,Livonia,42.0,False,"C2 (Aug 7 refresh: actuals-seeded, territory v3)",R06,5.0,R06,,"42.43795,-83.37430",True
2026-09-28,W9,Kristen,K-W9D2,Route day,9,Village Medical - Livonia,Protect,Repeat Spine Referrer,Tier 1,Wave 1,2,6,PCP,Livonia,41.0,False,"C2 (Aug 7 refresh: actuals-seeded, territory v3)",R06,3.0,R06,,"42.41630,-83.41310",True
2026-09-28,W9,Kristen,K-W9D2,Route day,10,Medical Clinic of Northville,Protect,Repeat Spine Referrer,Tier 1,Wave 1,2,18,PCP,Northville,67.0,False,"C2 (Aug 7 refresh: actuals-seeded, territory v3)",R19,6.0,R19,,"42.42888,-83.47583",True
2026-09-28,W9,Kristen,K-W9D3,Route day,1,Team Rehab - SMA Bloomfield Hills,Ortho cross-sell,Ortho Referrer,Tier 2,Wave 2,0,1,PT,Nan,12.0,False,"C2 (Aug 7 refresh: actuals-seeded, territory v3)",R04,5.0,R04,,"42.55922,-83.22256",True
2026-09-28,W9,Kristen,K-W9D3,Route day,2,Steinberg Law Firm,Protect,Repeat Spine Referrer,Tier 1,Wave 2,2,2,Attorney / Legal,Southfield,130.0,False,"C2 (Aug 7 refresh: actuals-seeded, territory v3)",R01,2.0,R01,,"42.50550,-83.28699",True
2026-09-28,W9,Kristen,K-W9D3,Route day,3,Wigod & Falzon,Convert to repeat,One Spine Patient,Tier 1,Wave 2,1,1,Attorney / Legal,Southfield,73.0,False,"C2 (Aug 7 refresh: actuals-seeded, territory v3)",R05,10.0,R05,,"42.50004,-83.30152",True
2026-09-28,W9,Kristen,K-W9D3,Route day,4,Legend Health - Now One Health,Ortho cross-sell,Ortho Referrer,Tier 2,Wave 2,0,3,PCP,Southfield,75.0,False,"C2 (Aug 7 refresh: actuals-seeded, territory v3)",R01,1.0,R01,,"42.50365,-83.28669",True
2026-09-28,W9,Kristen,K-W9D3,Route day,5,ROSE MEDICINE,Convert to repeat,One Spine Patient,Tier 1,Wave 2,1,1,PCP,Bingham Farms,33.0,False,"C2 (Aug 7 refresh: actuals-seeded, territory v3)",R18,7.0,R18,,"42.51915,-83.28493",True
2026-09-28,W9,Kristen,K-W9D3,Route day,6,Newland Medical Associates,Prospect 2nd touch,Visit / Prospect,Prospect,Wave 2,0,0,Pain,Bingham Farms,33.0,False,"C2 (Aug 7 refresh: actuals-seeded, territory v3)",R18,8.0,R18,,"42.51915,-83.28493",True
2026-09-28,W9,Kristen,K-W9D3,Route day,7,Corewell Internal Medicine Southfield,Convert to repeat,One Spine Patient,Tier 1,Wave 2,1,1,PCP,Southfield,75.0,False,"C2 (Aug 7 refresh: actuals-seeded, territory v3)",R05,3.0,R05,,"42.50266,-83.31490",True
2026-09-28,W9,Kristen,K-W9D3,Route day,8,Jian Zu MD,Convert to repeat,One Spine Patient,Tier 1,Wave 2,1,1,PCP,Southfield,75.0,False,"C2 (Aug 7 refresh: actuals-seeded, territory v3)",R05,2.0,R05,,"42.50268,-83.31491",True
2026-09-28,W9,Kristen,K-W9D3,Route day,9,Bully Family Physicians,Ortho cross-sell,Ortho Referrer,Tier 2,Wave 2,0,2,PCP,Southfield,75.0,False,"C2 (Aug 7 refresh: actuals-seeded, territory v3)",R05,5.0,R05,,"42.50333,-83.31454",True
2026-09-28,W9,Kristen,K-W9D3,Route day,10,MDVip - Southfield,Ortho cross-sell,Ortho Referrer,Tier 2,Wave 2,0,2,PCP,Southfield,75.0,False,"C2 (Aug 7 refresh: actuals-seeded, territory v3)",R05,6.0,R05,,"42.50286,-83.31356",True
2026-09-28,W9,Kristen,K-W9D4,Route day,1,DMC Orthopedics - Commerce Township,Protect,Repeat Spine Referrer,Tier 1,Wave 1,3,3,Orthopedic,Nan,34.0,False,"C2 (Aug 7 refresh: actuals-seeded, territory v3)",R04,1.0,R04,,"42.59392,-83.49747",True
2026-09-28,W9,Kristen,K-W9D4,Route day,2,IHA UNION LAKE PEDIATRICS,Convert to repeat,One Spine Patient,Tier 1,Wave 2,1,1,Pediatrics,Commerce Township,76.0,False,"C2 (Aug 7 refresh: actuals-seeded, territory v3)",R23,2.0,R23,,"42.59656,-83.44664",True
2026-09-28,W9,Kristen,K-W9D4,Route day,3,Rodnick Chiropractic,Convert to repeat,One Spine Patient,Tier 1,Wave 2,1,1,Chiropractor,Commerce Township,76.0,False,"C2 (Aug 7 refresh: actuals-seeded, territory v3)",R23,3.0,R23,,"42.59632,-83.44561",True
2026-09-28,W9,Kristen,K-W9D4,Route day,4,CoreMed - Commerce,Convert to repeat,One Spine Patient,Tier 1,Wave 2,1,1,PCP,Nan,76.0,False,"C2 (Aug 7 refresh: actuals-seeded, territory v3)",R04,2.0,R04,,"42.59757,-83.44660",True
2026-09-28,W9,Kristen,K-W9D4,Route day,5,IPHCA,Ortho cross-sell,Ortho Referrer,Tier 2,Wave 2,0,1,PCP,Commerce Township,76.0,False,"C2 (Aug 7 refresh: actuals-seeded, territory v3)",R23,4.0,R23,,"42.57718,-83.45356",True
2026-09-28,W9,Kristen,K-W9D4,Route day,6,"PILLAY INTERNAL MEDICINE ASSOCIATES, PLLC",Convert to repeat,One Spine Patient,Tier 1,Wave 2,1,3,PCP,Walled Lake,20.0,False,"C2 (Aug 7 refresh: actuals-seeded, territory v3)",R23,5.0,R23,,"42.54206,-83.48120",True
2026-09-28,W9,Kristen,K-W9D4,Route day,7,Oakland Physicians,Cross-sell (other service),Other Patient Referrer,Tier 3,Wave 2,0,1,Pediatrics,Walled Lake,20.0,False,"C2 (Aug 7 refresh: actuals-seeded, territory v3)",R23,6.0,R23,,"42.54206,-83.48120",True
2026-09-28,W9,Kristen,K-W9D4,Route day,8,Ivy Rehab - Novi,Ortho cross-sell,Ortho Referrer,Tier 2,Wave 2,0,2,PT,Novi,70.0,False,"C2 (Aug 7 refresh: actuals-seeded, territory v3)",R19,4.0,R19,,"42.49468,-83.47750",True
2026-09-28,W9,Kristen,K-W9D4,Route day,9,Providence Park Pediatrics - Novi,Convert to repeat,One Spine Patient,Tier 1,Wave 2,1,6,Pediatrics,Novi,70.0,False,"C2 (Aug 7 refresh: actuals-seeded, territory v3)",R19,2.0,R19,,"42.48665,-83.52208",True
2026-09-28,W9,Kristen,K-W9D4,Route day,10,ASCENSION MEDICAL GROUP PROVIDENCE FAMILY AND ATHLETIC MEDICINE,Ortho cross-sell,Ortho Referrer,Tier 2,Wave 2,0,3,PCP,Novi,70.0,False,"C2 (Aug 7 refresh: actuals-seeded, territory v3)",R19,1.0,R19,,"42.48588,-83.52388",True
2026-09-28,W9,Kristen,K-W9D5,Route day,1,Park Medical Centers,Protect,Repeat Spine Referrer,Tier 1,Wave 1,5,12,PCP,Livonia,41.0,False,"C2 (Aug 7 refresh: actuals-seeded, territory v3)",R14,6.0,R14,,"42.35947,-83.42018",True
2026-09-28,W9,Kristen,K-W9D5,Route day,2,Hermann Banks MD PC,Protect,Repeat Spine Referrer,Tier 1,Wave 1,3,3,Neurology,Livonia,42.0,False,"C2 (Aug 7 refresh: actuals-seeded, territory v3)",R06,9.0,R06,,"42.39142,-83.37263",True
2026-09-28,W9,Kristen,K-W9D5,Route day,3,iTest Health Family Medicine,Ortho cross-sell,Ortho Referrer,Tier 2,Wave 2,0,2,PCP,Livonia,42.0,False,"C2 (Aug 7 refresh: actuals-seeded, territory v3)",R06,10.0,R06,,"42.39142,-83.37263",True
2026-09-28,W9,Kristen,K-W9D5,Route day,4,"AGHA INTERNAL MEDICINE AND ASSOCIATES, PC",Convert to repeat,One Spine Patient,Tier 1,Wave 2,1,3,PCP,Livonia,42.0,False,"C2 (Aug 7 refresh: actuals-seeded, territory v3)",R06,7.0,R06,,"42.39990,-83.37322",True
2026-09-28,W9,Kristen,K-W9D5,Route day,5,Primal Recovery and PT,Ortho cross-sell,Ortho Referrer,Tier 2,Wave 2,0,4,PT,Livonia,41.0,False,"C2 (Aug 7 refresh: actuals-seeded, territory v3)",R14,5.0,R14,,"42.36786,-83.40417",True
2026-09-28,W9,Kristen,K-W9D5,Route day,6,"PRAVEEN MODI, MD, PC",Ortho cross-sell,Ortho Referrer,Tier 2,Wave 2,0,9,PCP,Plymouth,67.0,False,"C2 (Aug 7 refresh: actuals-seeded, territory v3)",R14,2.0,R14,,"42.36076,-83.44582",True
2026-09-28,W9,Kristen,K-W9D5,Route day,7,Plymouth Urgent Care,Ortho cross-sell,Ortho Referrer,Tier 2,Wave 2,0,1,Urgent Care,Plymouth,67.0,False,"C2 (Aug 7 refresh: actuals-seeded, territory v3)",R14,1.0,R14,,"42.36028,-83.44866",True
2026-09-28,W9,Kristen,K-W9D5,Route day,8,Henry Ford Health Medical Center - Seven Mile Road,Convert to repeat,One Spine Patient,Tier 1,Wave 2,1,3,PCP,Livonia,41.0,False,"C2 (Aug 7 refresh: actuals-seeded, territory v3)",R06,2.0,R06,,"42.42570,-83.41590",True
2026-09-28,W9,Kristen,K-W9D5,Route day,9,Brentwood Pediatric Associates,Convert to repeat,One Spine Patient,Tier 1,Wave 2,1,11,Pediatrics,Livonia,41.0,False,"C2 (Aug 7 refresh: actuals-seeded, territory v3)",R06,4.0,R06,,"42.42582,-83.37280",True
2026-09-28,W9,Kristen,K-W9D5,Route day,10,SHEIKH MEDICAL CENTER,Convert to repeat,One Spine Patient,Tier 1,Wave 2,1,2,PCP,Farmington,91.0,False,"C2 (Aug 7 refresh: actuals-seeded, territory v3)",R13,5.0,R13,,"42.45865,-83.35703",True
