Rank,Sean Focus Callout,Route Eligibility,Current PL / Owner,Target Score,Tier,Referral Evidence Band,Operating Lane,Account / Practice,MMC Company ID,Practice Type,City,Full Address,MMC Groups,2026 Spine Patients,2026 Ortho Patients,2026 Other Patients,2026 Total B2B Patients,Last Patient Date,Last Completed Visit,Days Since Visit,Visit-Days 4W,Visit-Days 12W,Linked People,Frequency Status,Planned Cadence Days,Operating Status,Next Action,Coordinate Status,Referral Sources / Review Notes
1,Named Sean Priority,Priority route,Sean / Sean Sweeney,91,Tier 1,Repeat Spine Referrer,Proven Spine / Protect,Macomb Internal Medicine,5271bbd8-dfe5-4d54-a0a2-f5547050cafe,PCP,Clinton Township,"15520 19 Mile Road, Suite 480, Clinton Township, MI, 48038",Internal Medicine/PCP,4,0,0,4,2026-07-08 00:00:00,2026-07-10 00:00:00,6,1,3,12,Up to date,14,Likely Open – recent MMC visit,"Protect: thank, learn and expand spine",Exact MMC coordinate,"Named focus account: Macomb Internal Medicine. Matched referral source(s): Duvoor MD, Anu; Kosal DO, Linda"
2,Named Sean Priority,Priority route,Sean / Sean Sweeney,90,Tier 1,Repeat Spine Referrer,Proven Spine / Protect,MI Family Practice,6aee51ce-625f-4968-96c5-5d9a6936bf27,PCP,Warren,"11300 E 13 Mile Rd, Suite 1, Warren, MI, 48093",Internal Medicine/PCP,3,5,0,8,2026-07-07 00:00:00,2026-07-09 00:00:00,7,1,1,3,Unknown,14,Likely Open – recent MMC visit,"Protect: thank, learn and expand spine",Exact MMC coordinate,"Named focus account: MI Family Practice. Matched referral source(s): GARZA DO, MATTHEW; Lisowsky DO, Taras"
3,Named Sean Priority,Priority route,Sean / Sean Sweeney,82,Tier 1,Repeat Spine Referrer,Proven Spine / Protect,Michigan Compassionate Care,33d0c0aa-7d47-450d-9673-71acb651321c,PCP,Warren,"28401 Hoover, Warren, Michigan, 48093",Internal Medicine/PCP,2,6,1,9,2026-05-11 00:00:00,2026-03-11 00:00:00,127,0,0,2,Unknown,14,Likely Open – recent MMC visit,"Protect: thank, learn and expand spine",Exact MMC coordinate,"Named focus account: Michigan Compassionate Care. Matched referral source(s): Michigan Compassionate Care; Vasiq MD, Muhammad"
4,Named Sean Priority,Priority route,Sean / Sean Sweeney,70,Tier 1,One Spine Patient,Proven Spine / Protect,Associates in Family Practice,1205856432,PCP,Sterling Heights,"42755 Mound Rd, Sterling Heights, Michigan, 48314",Internal Medicine/PCP,1,1,0,2,2026-04-20 00:00:00,2026-06-05 00:00:00,41,0,1,15,Unknown,14,Likely Open – recent MMC visit,Convert: ask for the next spine patient,Exact MMC coordinate,"Named focus account: Associates in Family Practice. Matched referral source(s): Oska MD, Fadi"
5,Named Sean Priority,Priority route,Sean / Sean Sweeney,23,Tier 3,Other Patient Referrer,Other B2B / Cross-Sell,Beaumont Family Medicine - Sterling Heights,1952519001,PCP,Sterling Heights,"44250 Dequindre, Sterling Heights, MI, 483141002",Internal Medicine/PCP,0,0,1,1,2026-04-16 00:00:00,2026-06-10 00:00:00,36,0,3,42,Unknown,30,Likely Open – recent MMC visit,Cross-sell: qualify spine opportunity,Exact MMC coordinate,"Named focus account: Beaumont Family Medicine - Sterling Heights. Matched referral source(s): Eraqi MD, Hany"
6,Named Sean Priority,Priority route,Sean / Sean Sweeney,9,Prospect,Visit / Prospect,Expansion / Test,Henry Ford Medical Center - Warren,1932273448,PCP,Warren,"8600 Chicago Road St, Warren, MI, 48093",Internal Medicine/PCP,0,0,0,0,,2026-05-26 00:00:00,51,0,1,7,Unknown,45,Likely Open – recent MMC visit,Test: add to next spine route,Exact MMC coordinate,Named focus account: Henry Ford Medical Center - Warren. No deterministically attributed 2026 B2B patient in the supplied referral file
7,Named Sean Priority,Ownership review,Coty / Coty Oetjens,84,Tier 1,Repeat Spine Referrer,Proven Spine / Protect,Oakland Primary Care,1952660706,PCP,Warren,"27450 Schoenherr, ste 400, Warren, Michigan, 48088",Internal Medicine/PCP,2,4,0,6,2026-06-15 00:00:00,2026-06-18 00:00:00,28,1,1,14,Up to date,14,Likely Open – recent MMC visit,"Protect: thank, learn and expand spine",Exact MMC coordinate,"Named focus account: Oakland Primary Care. Keep on Coty's route until ownership is reassigned. Matched referral source(s): Rahman MD, Uroob; Ryan Smith DO; Soffa DO, Jason; Soffa DO, Jason I; Soffa, Jason I"
8,Named Sean Priority,Ownership review,Coty / Coty Oetjens,72,Tier 1,One Spine Patient,Proven Spine / Protect,Macomb Medical Clinic,1992782320,PCP,Sterling Heights,"2405 E 14 Mile Rd, Sterling Heights, MI, 48310",Internal Medicine/PCP,1,10,1,12,2026-07-09 00:00:00,2026-07-02 00:00:00,14,1,2,6,Unknown,14,Likely Open – recent MMC visit,Convert: ask for the next spine patient,Exact MMC coordinate,"Named focus account: Macomb Medical Clinic. Keep on Coty's route until ownership is reassigned. Matched referral source(s): GIANCOLA PA, DAVID; Kurjakovic PA-C, Amar; MONTICCIOLO PA C, JILLIAN; Macomb Medical Clinic; Rosenberg DO, Mark S; TOBIA PA, BROOKE"
9,Named Sean Priority,Ownership review,Coty / Coty Oetjens,72,Tier 1,One Spine Patient,Proven Spine / Protect,Macomb Physicians Group,fdefbf3e-907d-4d68-bbd3-2d70f4818b7a,PCP,Sterling Heights,"8244 Metro Parkway, Sterling Heights, Michigan, 48312",Neurology;Internal Medicine/PCP,1,8,0,9,2026-07-07 00:00:00,2026-07-02 00:00:00,14,1,3,11,Up to date,14,Likely Open – recent MMC visit,Convert: ask for the next spine patient,Exact MMC coordinate,"Named focus account: Macomb Physicians Group. Keep on Coty's route until ownership is reassigned. Matched referral source(s): Diora MD, Gordhan; Diora, Gordhan; KONERU MD, LALITHA; Stephen MD, Mark; Stephen MD, Mark  H"
10,Named Sean Priority,Ownership review,Coty / Coty Oetjens,53,Tier 2,Ortho Referrer,Ortho / Cross-Sell,Lakeside Internal Medicine,1c5c4e69-60f0-4d66-a3ee-9a33e818a99b,PCP,St Clair Shores,"21000 Twelve Mile Rd Suite 105, St Clair Shores, Michigan, 48081",Internal Medicine/PCP,0,3,0,3,2026-03-10 00:00:00,2026-07-09 00:00:00,7,1,2,8,Unknown,21,Likely Open – recent MMC visit,Cross-sell: make a direct spine ask,Exact MMC coordinate,"Named focus account: Lakeside Internal Medicine. Keep on Coty's route until ownership is reassigned. Matched referral source(s): Skardarasy MD, Charles"
11,Core Sterling / Macomb Lane,Priority route,Sean / Sean Sweeney,82,Tier 1,Repeat Spine Referrer,Proven Spine / Protect,Ryan Medical Associates,c88f05f1-5992-43b0-947c-469a44a0feef,PCP,Warren,"21647 Ryan Rd, Warren, MI, 48091",Internal Medicine/PCP,2,1,0,3,2026-04-07 00:00:00,2026-04-20 00:00:00,87,0,0,4,Unknown,14,Likely Open – recent MMC visit,"Protect: thank, learn and expand spine",Exact MMC coordinate,"Matched referral source(s): Agrest DO, Kevin A; England NP, Christine; Kraft DO, Jeffrey A"
12,Core Sterling / Macomb Lane,Priority route,Sean / Sean Sweeney,71,Tier 1,One Spine Patient,Proven Spine / Protect,Sterling Physicians,1972593499,PCP,Sterling Heights,"36040 Dequindre Road, Sterling Heights, Michigan, 48310",Internal Medicine/PCP,1,0,0,1,2026-07-07 00:00:00,2026-06-04 00:00:00,42,0,2,2,Unknown,14,Likely Open – recent MMC visit,Convert: ask for the next spine patient,Exact MMC coordinate,"Matched referral source(s): Burtka MD, James"
13,Core Sterling / Macomb Lane,Priority route,Sean / Sean Sweeney,70,Tier 1,One Spine Patient,Proven Spine / Protect,Cornerstone Lakefront Internists,16c0ac85-6d3c-4c74-97b4-385a2a7fac00,PCP,St. Clair Shores,"20952 Twelve Mile Rd ste 101, St. Clair Shores, Michigan, 48081",Internal Medicine/PCP,1,0,0,1,2026-02-10 00:00:00,2026-04-27 00:00:00,80,0,1,3,Unknown,14,Likely Open – recent MMC visit,Convert: ask for the next spine patient,Exact MMC coordinate,"Matched referral source(s): Osowa MD, Benjamin"
14,Core Sterling / Macomb Lane,Priority route,Sean / Sean Sweeney,70,Tier 1,One Spine Patient,Proven Spine / Protect,Get Well Urgent Care - Sterling Heights,1bcc2e23-5fc1-428c-ad41-dc35c5345bf7,Urgent Care,Sterling Heights,"2567 Metro Parkway, Sterling Heights, Michigan, 48310",Urgent care,1,1,0,2,2026-05-26 00:00:00,2026-06-04 00:00:00,42,0,1,3,Unknown,14,Likely Open – recent MMC visit,Convert: ask for the next spine patient,Exact MMC coordinate,Matched referral source(s): Get Well Urgent Care - Sterling Heights; Get Well Urgent Care Of Sterling Heights
15,Core Sterling / Macomb Lane,Priority route,Sean / Sean Sweeney,70,Tier 1,One Spine Patient,Proven Spine / Protect,Henry Ford Medical Center - East Jefferson,1043384555,PCP,Saint Clair Shores,"24725 E Jefferson, Saint Clair Shores, MI, 48080",Internal Medicine/PCP,1,1,0,2,2026-06-01 00:00:00,2026-04-27 00:00:00,80,0,1,6,Unknown,14,Likely Open – recent MMC visit,Convert: ask for the next spine patient,Exact MMC coordinate,"Matched referral source(s): Turk MD, Eshel"
16,Core Sterling / Macomb Lane,Priority route,Sean / Sean Sweeney,70,Tier 1,One Spine Patient,Proven Spine / Protect,Kashat Urgent care,0b9485b1-39bd-4f21-8222-387834af8472,Urgent Care,Sterling Heights,"35200 Dequindre Road, Sterling Heights, Michigan, 48310",Urgent care,1,0,0,1,2026-06-03 00:00:00,2026-06-04 00:00:00,42,0,1,2,Unknown,14,Likely Open – recent MMC visit,Convert: ask for the next spine patient,Exact MMC coordinate,"Matched referral source(s): Kashat MD, Ghazawan K"
17,Core Sterling / Macomb Lane,Priority route,Sean / Sean Sweeney,70,Tier 1,One Spine Patient,Proven Spine / Protect,Michigan Primary Care - Sterling Heights,ce3b56cf-1381-41d0-b067-752448464958,PCP,Sterling Heights,"41400 Dequindre Rd, ste 121, Sterling Heights, Michigan, 48314",Internal Medicine/PCP,1,0,0,1,2026-05-19 00:00:00,2026-06-04 00:00:00,42,0,1,3,Unknown,14,Likely Open – recent MMC visit,Convert: ask for the next spine patient,Exact MMC coordinate,"Matched referral source(s): Tasevski NP, Aleksandra"
18,Core Sterling / Macomb Lane,Priority route,Sean / Sean Sweeney,70,Tier 1,One Spine Patient,Proven Spine / Protect,Schoenherr Parkway Family Practice,62e680e9-a222-400d-9186-a369d13cf23f,PCP,Sterling Heights,"13951 Plumbrook, Sterling Heights, Michigan, 48312",Internal Medicine/PCP,1,2,0,3,2026-04-01 00:00:00,2026-04-29 00:00:00,78,0,1,2,Unknown,14,Likely Open – recent MMC visit,Convert: ask for the next spine patient,Exact MMC coordinate,"Matched referral source(s): Khater MD, Mona"
19,Core Sterling / Macomb Lane,Priority route,Sean / Sean Sweeney,69,Tier 1,One Spine Patient,Proven Spine / Protect,"DIAB AND KINNER INTERNAL MEDICINE, PC- use",954353cc-a941-4b77-90f3-f3fb1c62e161,PCP,WARREN,"29703 HOOVER RD STE A, WARREN, Michigan, 48093",Internal Medicine/PCP,1,0,0,1,2026-01-15 00:00:00,2026-03-24 00:00:00,114,0,0,2,Unknown,14,Likely Open – recent MMC visit,Convert: ask for the next spine patient,Exact MMC coordinate,"Matched referral source(s): Kinner DO, Carolann"
20,Core Sterling / Macomb Lane,Priority route,Sean / Sean Sweeney,69,Tier 1,One Spine Patient,Proven Spine / Protect,Tri-County Medical Clinic,1386634749,PCP,Sterling Heights,"37450 DeQuindre Rd, Sterling Heights, MI, 48310",Internal Medicine/PCP,1,1,0,2,2026-02-03 00:00:00,2026-04-01 00:00:00,106,0,0,9,Unknown,14,Likely Open – recent MMC visit,Convert: ask for the next spine patient,Exact MMC coordinate,"Matched referral source(s): Deitch DO, Jeffrey S; Wolok Do, Kenneth J"
21,Core Sterling / Macomb Lane,Priority route,Sean / Sean Sweeney,56,Tier 2,Ortho Referrer,Ortho / Cross-Sell,Michigan Adult and Child Medicine,1700860103,PCP,Warren,"11885 E. 12 Mile Rd, Ste 100A, Warren, Michigan, 48093",Internal Medicine/PCP;Pediatrician,0,4,0,4,2026-07-09 00:00:00,2026-03-24 00:00:00,114,0,0,8,Unknown,21,Likely Open – recent MMC visit,Cross-sell: make a direct spine ask,Exact MMC coordinate,"Matched referral source(s): Byrne MD, John; Fisher MD, Jeffrey; Paye MD, Renee Y"
22,Core Sterling / Macomb Lane,Priority route,Sean / Sean Sweeney,51,Tier 2,Ortho Referrer,Ortho / Cross-Sell,Pioneer Medical Associates - Warren,1750481842,PCP,Warren,"27540 Hoover Rd, Warren, MI, 480934505",Internal Medicine/PCP,0,2,0,2,2026-03-18 00:00:00,2026-05-21 00:00:00,56,0,1,5,Unknown,21,Likely Open – recent MMC visit,Cross-sell: make a direct spine ask,Exact MMC coordinate,"Matched referral source(s): Koneru, Srinivas; Marcotte, Robert"
23,Core Sterling / Macomb Lane,Priority route,Sean / Sean Sweeney,51,Tier 2,Ortho Referrer,Ortho / Cross-Sell,Sterling Heights Urgent Care,719fbbb9-0131-4ed6-bfd7-14646d9c41fb,Urgent Care,Sterling Heights,"37771 Schoenherr Rd Suite 102, Sterling Heights, MI 48312, United States, Sterling Heights, Michigan, 48312",Urgent care,0,2,1,3,2026-04-17 00:00:00,2026-04-29 00:00:00,78,0,1,3,Unknown,21,Likely Open – recent MMC visit,Cross-sell: make a direct spine ask,Exact MMC coordinate,Matched referral source(s): Sterling Heights Urgent Care
24,Core Sterling / Macomb Lane,Priority route,Sean / Sean Sweeney,50,Tier 2,Ortho Referrer,Ortho / Cross-Sell,Roseville Family Practice,c96dc780-a933-4f9f-aaa3-e1da22d0f35e,PCP,Warren,"28295 Schoenherr Road Suite C, Warren, Michigan, 48088",Internal Medicine/PCP,0,2,0,2,2026-02-02 00:00:00,2026-03-12 00:00:00,126,0,0,4,Unknown,21,Likely Open – recent MMC visit,Cross-sell: make a direct spine ask,Exact MMC coordinate,"Matched referral source(s): Holowinski MD, Mark"
25,Core Sterling / Macomb Lane,Priority route,Sean / Sean Sweeney,46,Tier 2,Ortho Referrer,Ortho / Cross-Sell,David S Weingarden MD & Associates,ec2dcadc-ce63-4324-aea0-52ae2b2bdd91,Orthopedic,Clinton Township,"43555 Dalcoma Dr suite 4 Clinton Twp, Clinton Township, Michigan, 48038",Neurology;Physiatry;Pain Management,0,1,0,1,2026-05-29 00:00:00,2026-03-26 00:00:00,112,0,0,9,Unknown,21,Likely Open – recent MMC visit,Cross-sell: make a direct spine ask,Exact MMC coordinate,"Matched referral source(s): Davis MD, David"
26,Core Sterling / Macomb Lane,Priority route,Sean / Sean Sweeney,46,Tier 2,Ortho Referrer,Ortho / Cross-Sell,Elite Family Medicine,3b700a13-2f3b-4e83-bd1f-61bd1cca19e6,PCP,Sterling Heights,"33200 Dequindre Rd, Sterling Heights, Michigan, 48310",Internal Medicine/PCP,0,1,0,1,2026-03-16 00:00:00,2026-06-04 00:00:00,42,0,1,2,Unknown,21,Likely Open – recent MMC visit,Cross-sell: make a direct spine ask,Exact MMC coordinate,"Matched referral source(s): Hasso MD, Maha"
27,Core Sterling / Macomb Lane,Priority route,Sean / Sean Sweeney,46,Tier 2,Ortho Referrer,Ortho / Cross-Sell,Epic Health - St Clair Shores,8c04fb31-3380-488f-aa8a-954ff32146f2,PCP,St. Clair Shores,"28001 Harper, St. Clair Shores, Michigan, 48081",Internal Medicine/PCP,0,1,0,1,2026-05-26 00:00:00,2026-05-06 00:00:00,71,0,1,7,Unknown,21,Likely Open – recent MMC visit,Cross-sell: make a direct spine ask,Exact MMC coordinate,"Matched referral source(s): Barnett DO, Ronald"
28,Core Sterling / Macomb Lane,Priority route,Sean / Sean Sweeney,46,Tier 2,Ortho Referrer,Ortho / Cross-Sell,Get Well Urgent Care - Warren,8ae19fc3-b1ab-4f35-ab71-b73d93833918,Urgent Care,Warren,"26000 Hoover Rd, Warren, Michigan, 48089",Urgent care,0,1,0,1,2026-05-01 00:00:00,2026-04-24 00:00:00,83,0,1,4,Unknown,21,Likely Open – recent MMC visit,Cross-sell: make a direct spine ask,Exact MMC coordinate,Matched referral source(s): Get Well Urgent Care Warren
29,Core Sterling / Macomb Lane,Priority route,Sean / Sean Sweeney,46,Tier 2,Ortho Referrer,Ortho / Cross-Sell,MyCare Health Center - Mt Clemens,1427049683,PCP,Mount Clemens,"18 Market Street, ste C, Mount Clemens, MI, 48043",Internal Medicine/PCP,0,1,0,1,2026-04-27 00:00:00,2026-05-14 00:00:00,63,0,1,3,Unknown,21,Likely Open – recent MMC visit,Cross-sell: make a direct spine ask,Exact MMC coordinate,"Matched referral source(s): Allor FNP-C, Christine M"
30,Core Sterling / Macomb Lane,Priority route,Sean / Sean Sweeney,46,Tier 2,Ortho Referrer,Ortho / Cross-Sell,Sterling Medical Center & Urgent Care,f30f611c-772a-406a-9d92-231790b785c2,Urgent Care,STERLING HEIGHTS,"13409 E 14 MILE RD, STERLING HEIGHTS, Michigan, 48312",Urgent care,0,1,0,1,2026-04-20 00:00:00,2026-04-30 00:00:00,77,0,1,4,Past due,21,Likely Open – recent MMC visit,Cross-sell: make a direct spine ask,Exact MMC coordinate,"Matched referral source(s): Bazzy, Mohammed Nader"
31,Core Sterling / Macomb Lane,Priority route,Sean / Sean Sweeney,46,Tier 2,Ortho Referrer,Ortho / Cross-Sell,Waypointe Internal Medicine,1164469821,PCP,Saint Clair Shores,"24400 Greater Mack Ave, Saint Clair Shores, MI, 48080",Internal Medicine/PCP,0,1,0,1,2026-03-20 00:00:00,2026-04-27 00:00:00,80,0,1,5,Unknown,21,Likely Open – recent MMC visit,Cross-sell: make a direct spine ask,Exact MMC coordinate,"Matched referral source(s): Fox MD, Sara Ann"
32,Core Sterling / Macomb Lane,Priority route,Sean / Sean Sweeney,45,Tier 2,Ortho Referrer,Ortho / Cross-Sell,Allied Internists,1063423176,PCP,Roseville,"18263 E 10 Mile Rd, ste E, Roseville, Michigan, 48066",Internal Medicine/PCP,0,1,0,1,2026-02-05 00:00:00,2026-04-20 00:00:00,87,0,0,2,Unknown,21,Likely Open – recent MMC visit,Cross-sell: make a direct spine ask,Exact MMC coordinate,"Matched referral source(s): Ishaqsei MD, Wahed"
33,Core Sterling / Macomb Lane,Priority route,Sean / Sean Sweeney,45,Tier 2,Ortho Referrer,Ortho / Cross-Sell,Aquino Integrative Internal Medicine,1780671461,PCP,Roseville,"30695 Little Mack Avenue, ste 500, Roseville, Michigan, 48066",Internal Medicine/PCP,0,1,0,1,2026-03-30 00:00:00,2026-03-12 00:00:00,126,0,0,2,Unknown,21,Likely Open – recent MMC visit,Cross-sell: make a direct spine ask,Exact MMC coordinate,"Matched referral source(s): Aquino DO, Robert"
34,Core Sterling / Macomb Lane,Priority route,Sean / Sean Sweeney,45,Tier 2,Ortho Referrer,Ortho / Cross-Sell,Horizon Care Medical Group - Warren,476bc8e4-84c4-4063-97a9-b649ed44dddf,PCP,Warren,"26000 Hoover Rd #103, Warren, Michigan, 48089",Internal Medicine/PCP,0,1,0,1,2026-03-11 00:00:00,2026-05-05 00:00:00,72,0,1,1,Unknown,21,Likely Open – recent MMC visit,Cross-sell: make a direct spine ask,Exact MMC coordinate,"Matched referral source(s): Spearman MD, Anthony"
35,Core Sterling / Macomb Lane,Priority route,Sean / Sean Sweeney,45,Tier 2,Ortho Referrer,Ortho / Cross-Sell,Masonic Medical Center - Ascension,e73f759b-87dc-444f-a504-b954ddeeace1,PCP,St. Clair Shores,"21099 Masonic, St. Clair Shores, Michigan, 48082",Internal Medicine/PCP,0,1,0,1,2026-05-15 00:00:00,2026-03-27 00:00:00,111,0,0,12,Unknown,21,Likely Open – recent MMC visit,Cross-sell: make a direct spine ask,Exact MMC coordinate,"Matched referral source(s): WILSON MD, JEANETTE  ELIZABETH"
36,Core Sterling / Macomb Lane,Priority route,Sean / Sean Sweeney,45,Tier 2,Ortho Referrer,Ortho / Cross-Sell,Toma & Yaldo Medical Center,d1255d1a-17e8-4765-bfe5-45c6c087c8ed,PCP,Sterling Heights,"39150 Dequindre Rd suite 200, Sterling Heights, Michigan, 48310",Internal Medicine/PCP,0,1,0,1,2026-07-07 00:00:00,2026-03-18 00:00:00,120,0,0,2,Unknown,21,Likely Open – recent MMC visit,Cross-sell: make a direct spine ask,Exact MMC coordinate,"Matched referral source(s): Toma MD, Raad"
37,Core Sterling / Macomb Lane,Priority route,Sean / Sean Sweeney,44,Tier 2,Ortho Referrer,Ortho / Cross-Sell,Office of David Mandy DO,da57adc9-a2cf-4705-886d-76146cbbde06,Pediatrics,Macomb Township,"46600 Romeo Plank, Ste. 4, Macomb Township, MI, 48044",Pediatrician,0,1,0,1,2026-01-06 00:00:00,2026-05-14 00:00:00,63,0,1,1,Unknown,21,Likely Open – recent MMC visit,Cross-sell: make a direct spine ask,Exact MMC coordinate,"Matched referral source(s): MANDY, DAVID"
38,Core Sterling / Macomb Lane,Route pool,Sean / Sean Sweeney,11,Prospect,Visit / Prospect,Current / Maintain,Livewell Medical Clinic,1a50a3fe-5c81-47ac-8c33-c39f41b5453f,PCP,Warren,"24831 Ryan Rd, Warren, Michigan, 48091",Internal Medicine/PCP,0,0,0,0,,2026-07-06 00:00:00,10,1,3,2,Unknown,45,Likely Open – recent MMC visit,Keep: reinforce spine access,Exact MMC coordinate,No deterministically attributed 2026 B2B patient in the supplied referral file
39,Core Sterling / Macomb Lane,Route pool,Sean / Sean Sweeney,11,Prospect,Visit / Prospect,Current / Maintain,Michigan Surgery Specialists,a6425ca5-5f40-4eb9-b8d3-f9f9387bc6a3,Orthopedic,Warren,"11012 13 Mile Rd ste 112, Warren, Michigan, 48093",Orthopedic - PT;Orthopedic Surgery,0,0,0,0,,2026-07-07 00:00:00,9,1,1,5,Unknown,45,Likely Open – recent MMC visit,Keep: reinforce spine access,Exact MMC coordinate,No deterministically attributed 2026 B2B patient in the supplied referral file
40,Core Sterling / Macomb Lane,Route pool,Sean / Sean Sweeney,10,Prospect,Visit / Prospect,Expansion / Test,Elite Internal Medicine,f1101477-8d8b-4dfb-95cb-9be7ef328263,PCP,Sterling Heights,"34580 Dequindre Rd, Sterling Heights, Michigan, 48310",Internal Medicine/PCP,0,0,0,0,,2026-06-04 00:00:00,42,0,2,3,Unknown,45,Likely Open – recent MMC visit,Test: add to next spine route,Exact MMC coordinate,No deterministically attributed 2026 B2B patient in the supplied referral file
41,Core Sterling / Macomb Lane,Route pool,Sean / Sean Sweeney,10,Prospect,Visit / Prospect,Current / Maintain,Farmbrooke Family Medicine,8aca94c9-b375-4da0-9d0f-c7861c72e822,PCP,Macomb,"16800 24 Mile Rd, Macomb, Michigan, 48042",Internal Medicine/PCP,0,0,0,0,,2026-06-30 00:00:00,16,1,2,1,Unknown,45,Likely Open – recent MMC visit,Keep: reinforce spine access,Exact MMC coordinate,No deterministically attributed 2026 B2B patient in the supplied referral file
42,Core Sterling / Macomb Lane,Route pool,Sean / Sean Sweeney,10,Prospect,Visit / Prospect,Expansion / Test,Insight Pain Clinic - Warren,b3bfba2d-21ca-471b-b3b4-4f58148197b4,Pain,Warren,"21230 Dequindre Rd, Warren, Michigan, 48091",Pain Management,0,0,0,0,,2026-05-05 00:00:00,72,0,1,6,Unknown,45,Likely Open – recent MMC visit,Test: add to next spine route,Exact MMC coordinate,No deterministically attributed 2026 B2B patient in the supplied referral file
43,Core Sterling / Macomb Lane,Route pool,Sean / Sean Sweeney,10,Prospect,Visit / Prospect,Reactivation,Macomb Pain Management,1158487e-32f5-4bad-ac3b-9844a0cb9437,Pain,Shelby Township,"8152 25 Mile Rd suite b, Shelby Township, Michigan, 48316",Pain Management,0,0,0,0,,2026-04-23 00:00:00,84,0,1,3,Past due,45,Likely Open – recent MMC visit,Increase: visit now; reset cadence,Exact MMC coordinate,No deterministically attributed 2026 B2B patient in the supplied referral file
44,Core Sterling / Macomb Lane,Route pool,Sean / Sean Sweeney,10,Prospect,Visit / Prospect,Expansion / Test,Nu Life Medical - Shelby Township,eb99f0db-4d6a-4e65-b31a-a1f28abc9c8c,Pain,Shelby Township,"45445 Mound Rd, Shelby Township, Michigan, 48317",Pain Management,0,0,0,0,,2026-04-23 00:00:00,84,0,1,9,Unknown,45,Likely Open – recent MMC visit,Test: add to next spine route,Exact MMC coordinate,No deterministically attributed 2026 B2B patient in the supplied referral file
45,Core Sterling / Macomb Lane,Route pool,Sean / Sean Sweeney,10,Prospect,Visit / Prospect,Expansion / Test,Pioneer Medical Associates - Clinton Township,f531b857-e35d-42db-91eb-2d379ec53611,PCP,Clinton Township,"15945 19 Mile Rd, ste 206, Clinton Township, Michigan, 48038",Internal Medicine/PCP,0,0,0,0,,2026-05-19 00:00:00,58,0,2,2,Unknown,45,Likely Open – recent MMC visit,Test: add to next spine route,Exact MMC coordinate,No deterministically attributed 2026 B2B patient in the supplied referral file
46,Core Sterling / Macomb Lane,Route pool,Sean / Sean Sweeney,10,Prospect,Visit / Prospect,Expansion / Test,Schoenherr Internal Medicine,a92c6a22-db49-4fd2-b6ea-8c9411430f92,PCP,Sterling Heights,"37771 Schoenherr Rd suite 103, Sterling Heights, Michigan, 48312",Internal Medicine/PCP,0,0,0,0,,2026-05-01 00:00:00,76,0,2,2,Unknown,45,Likely Open – recent MMC visit,Test: add to next spine route,Exact MMC coordinate,No deterministically attributed 2026 B2B patient in the supplied referral file
47,Core Sterling / Macomb Lane,Route pool,Sean / Sean Sweeney,10,Prospect,Visit / Prospect,Expansion / Test,St Clair Orthopaedics & Sports Medicine - St Clair Shores,1760694533,Orthopedic,Saint Clair Shores,"23829 Little Mack Ave, Saint Clair Shores, MI, 480801186",Orthopedic Surgery,0,0,0,0,,2026-05-06 00:00:00,71,0,1,11,Unknown,45,Likely Open – recent MMC visit,Test: add to next spine route,Exact MMC coordinate,No deterministically attributed 2026 B2B patient in the supplied referral file
48,Core Sterling / Macomb Lane,Route pool,Sean / Sean Sweeney,9,Prospect,Visit / Prospect,Expansion / Test,Advanced Physical Medicine,1659376267,Pain,Saint Clair Shores,"24345 Harper Ave, Saint Clair Shores, MI, 48080",Pain Management,0,0,0,0,,2026-04-27 00:00:00,80,0,1,1,Unknown,45,Likely Open – recent MMC visit,Test: add to next spine route,Exact MMC coordinate,No deterministically attributed 2026 B2B patient in the supplied referral file
49,Core Sterling / Macomb Lane,Route pool,Sean / Sean Sweeney,9,Prospect,Visit / Prospect,Expansion / Test,Advantage Family Health Center,5dc68cde-498d-472c-9153-b9ca63eee06a,PCP,Warren,"4669 8 Mile Rd, Warren, Michigan, 48091",Internal Medicine/PCP,0,0,0,0,,2026-05-13 00:00:00,64,0,1,2,Unknown,45,Likely Open – recent MMC visit,Test: add to next spine route,Exact MMC coordinate,No deterministically attributed 2026 B2B patient in the supplied referral file
50,Core Sterling / Macomb Lane,Route pool,Sean / Sean Sweeney,9,Prospect,Visit / Prospect,Reactivation,Aggarwal & Associates MD PC,f2e93acd-cb0f-4b5e-b05c-493f59998d87,PCP,Warren,"29610 Ryan Rd, Warren, MI, 48092",PCP,0,0,0,0,,2026-04-24 00:00:00,83,0,1,2,Past due,45,Likely Open – recent MMC visit,Increase: visit now; reset cadence,Exact MMC coordinate,No deterministically attributed 2026 B2B patient in the supplied referral file
51,Core Sterling / Macomb Lane,Route pool,Sean / Sean Sweeney,9,Prospect,Visit / Prospect,Expansion / Test,Arthritis and Internal Medicine,b01a4dc6-eb44-44d9-bd28-84707680bad3,PCP,Sterling Heights,"37300 Dequindre Rd ste 138, Sterling Heights, Michigan, 48310",Internal Medicine/PCP;Rheumatologists,0,0,0,0,,2026-06-05 00:00:00,41,0,2,1,Unknown,45,Likely Open – recent MMC visit,Test: add to next spine route,Exact MMC coordinate,No deterministically attributed 2026 B2B patient in the supplied referral file
52,Core Sterling / Macomb Lane,Route pool,Sean / Sean Sweeney,9,Prospect,Visit / Prospect,Expansion / Test,ASCENSION MACOMB OAKLAND HOSPITAL MOTOR CITY INTERNISTS,dc78e75f-e0d1-4c67-8de9-8ea4f13f15a1,PCP,WARREN,"11885 E 12 MILE RD STE 200B, WARREN, Michigan, 48093",Internal Medicine/PCP,0,0,0,0,,2026-04-24 00:00:00,83,0,1,3,Unknown,45,Likely Open – recent MMC visit,Test: add to next spine route,Exact MMC coordinate,No deterministically attributed 2026 B2B patient in the supplied referral file
53,Core Sterling / Macomb Lane,Route pool,Sean / Sean Sweeney,9,Prospect,Visit / Prospect,Expansion / Test,Concentra Urgent Care - Warren,08-992-7098,Urgent Care,Warren,"11569 E 12 Mile Rd, Warren, Michigan, 48093-2645",Urgent care,0,0,0,0,,2026-04-24 00:00:00,83,0,1,3,Unknown,45,Likely Open – recent MMC visit,Test: add to next spine route,Exact MMC coordinate,No deterministically attributed 2026 B2B patient in the supplied referral file
54,Core Sterling / Macomb Lane,Route pool,Sean / Sean Sweeney,9,Prospect,Visit / Prospect,Expansion / Test,Enhance Center - Clinton Township,3d816b41-5e66-4296-9926-a3f561c34546,Pain,Clinton Township,"42645 Garfield Rd suite 103, Clinton Township, Michigan, 48038",Pain Management,0,0,0,0,,2026-04-21 00:00:00,86,0,0,7,Unknown,45,Likely Open – recent MMC visit,Test: add to next spine route,Exact MMC coordinate,No deterministically attributed 2026 B2B patient in the supplied referral file
55,Core Sterling / Macomb Lane,Route pool,Sean / Sean Sweeney,9,Prospect,Visit / Prospect,Expansion / Test,Evolve Chiropractic,3ba22115-ae74-4ab7-a206-55166daa0904,Chiropractor,Clinton Township,"19199 15 Mile Road, Clinton Township, Michigan, 48035",Chiropractor,0,0,0,0,,2026-05-12 00:00:00,65,0,1,2,Unknown,45,Likely Open – recent MMC visit,Test: add to next spine route,Exact MMC coordinate,No deterministically attributed 2026 B2B patient in the supplied referral file
56,Core Sterling / Macomb Lane,Route pool,Sean / Sean Sweeney,9,Prospect,Visit / Prospect,Expansion / Test,Family Practice Care,1629157326,PCP,Warren,"28351 Schoenherr Rd, Warren, Michigan, 48088",Internal Medicine/PCP,0,0,0,0,,2026-05-19 00:00:00,58,0,1,2,Unknown,45,Likely Open – recent MMC visit,Test: add to next spine route,Exact MMC coordinate,No deterministically attributed 2026 B2B patient in the supplied referral file
57,Core Sterling / Macomb Lane,Route pool,Sean / Sean Sweeney,9,Prospect,Visit / Prospect,Expansion / Test,Greater Shores Primary Care & Walk-In Clinic,1740397207,PCP,Saint Clair Shores,"22631 Greater Mack Ave, ste 100, Saint Clair Shores, MI, 48080",Internal Medicine/PCP,0,0,0,0,,2026-05-06 00:00:00,71,0,1,4,Unknown,45,Likely Open – recent MMC visit,Test: add to next spine route,Exact MMC coordinate,No deterministically attributed 2026 B2B patient in the supplied referral file
58,Core Sterling / Macomb Lane,Route pool,Sean / Sean Sweeney,9,Prospect,Visit / Prospect,Reactivation,Henry Ford Medical Center - Lakeside,"Beaumont Dearborn, Beaumont Trenton",Orthopedic,Sterling Heights,"14500 Hall Rd, Sterling Heights, MI, 48313",Orthopedic Surgery;Cardiology,0,0,0,0,,2026-03-31 00:00:00,107,0,0,8,Unknown,45,Likely Open – recent MMC visit,Test: re-engage and qualify spine,Exact MMC coordinate,No deterministically attributed 2026 B2B patient in the supplied referral file
59,Core Sterling / Macomb Lane,Route pool,Sean / Sean Sweeney,9,Prospect,Visit / Prospect,Expansion / Test,Macomb Township Chiropractic,1316964927,Chiropractor,Macomb,"48866 Hayes Rd, Macomb, MI, 480441954",Chiropractor,0,0,0,0,,2026-05-26 00:00:00,51,0,2,1,Unknown,45,Likely Open – recent MMC visit,Test: add to next spine route,Exact MMC coordinate,No deterministically attributed 2026 B2B patient in the supplied referral file
60,Core Sterling / Macomb Lane,Route pool,Sean / Sean Sweeney,9,Prospect,Visit / Prospect,Expansion / Test,Maplecrest Medical Urgent Care,65b1fbb3-7ede-4c04-85dd-5d6d03be8a00,Urgent Care,STERLING HEIGHTS,"35450 DEQUINDRE RD STE 103, STERLING HEIGHTS, Michigan, 48310",Urgent care,0,0,0,0,,2026-06-04 00:00:00,42,0,1,2,Unknown,45,Likely Open – recent MMC visit,Test: add to next spine route,Exact MMC coordinate,No deterministically attributed 2026 B2B patient in the supplied referral file
61,Core Sterling / Macomb Lane,Route pool,Sean / Sean Sweeney,9,Prospect,Visit / Prospect,Reactivation,McLaren Macomb Orthopedics & Trauma,1376524603,Orthopedic,Mount Clemens,"1030 Harrington St, ste 303, Mount Clemens, MI, 480432967",Orthopedic Surgery,0,0,0,0,,2026-02-02 00:00:00,164,0,0,4,Unknown,45,Likely Open – recent MMC visit,Test: re-engage and qualify spine,Exact MMC coordinate,No deterministically attributed 2026 B2B patient in the supplied referral file
62,Core Sterling / Macomb Lane,Route pool,Sean / Sean Sweeney,9,Prospect,Visit / Prospect,Reactivation,MCLAREN MACOMB OSTEOPATHIC MANIPULATIVE MEDICINE,ce3fb96f-8ab2-46f8-b0d7-b367f4fbfa75,Orthopedic,MOUNT CLEMENS,"1030 HARRINGTON ST STE 304, MOUNT CLEMENS, MI, 48043",Orthopedic - PT;Physical Therapy,0,0,0,0,,2026-02-02 00:00:00,164,0,0,4,Unknown,45,Likely Open – recent MMC visit,Test: re-engage and qualify spine,Exact MMC coordinate,No deterministically attributed 2026 B2B patient in the supplied referral file
63,Core Sterling / Macomb Lane,Route pool,Sean / Sean Sweeney,9,Prospect,Visit / Prospect,Reactivation,Michigan Advanced Pain & Spine,1c5047ff-7604-400b-9ce1-28c73249aa1a,Orthopedic,Warren,"27101 Schoenherr Rd, Warren, Michigan, 48088",Spine;Surgery Center,0,0,0,0,,2026-03-24 00:00:00,114,0,0,4,Unknown,45,Likely Open – recent MMC visit,Test: re-engage and qualify spine,Exact MMC coordinate,No deterministically attributed 2026 B2B patient in the supplied referral file
64,Core Sterling / Macomb Lane,Route pool,Sean / Sean Sweeney,9,Prospect,Visit / Prospect,Reactivation,Michigan Orthopedic Surgeons - Shelby Township,8160a797-3415-4e80-b1ed-48863ed65af9,Orthopedic,Shelby Township,"45816 Schoenherr Rd, Shelby Township, Michigan, 48315",Orthopedic Surgery,0,0,0,0,,2026-01-22 00:00:00,175,0,0,15,Unknown,45,Likely Open – recent MMC visit,Test: re-engage and qualify spine,Exact MMC coordinate,No deterministically attributed 2026 B2B patient in the supplied referral file
65,Core Sterling / Macomb Lane,Route pool,Sean / Sean Sweeney,9,Prospect,Visit / Prospect,Reactivation,Omni Medical Center,6052b89f-ca5f-408d-b0e0-861848ee044e,Pain,Sterling Heights,"38300 Van Dyke Ave ste 104, Sterling Heights, Michigan, 48312",Internal Medicine/PCP;Pain Management,0,0,0,0,,2026-03-18 00:00:00,120,0,0,2,Unknown,45,Likely Open – recent MMC visit,Test: re-engage and qualify spine,Exact MMC coordinate,No deterministically attributed 2026 B2B patient in the supplied referral file
66,Core Sterling / Macomb Lane,Route pool,Sean / Sean Sweeney,9,Prospect,Visit / Prospect,Expansion / Test,PEDIATRIC AND ADOLESCENT CARE ASSOCIATES,737db59d-0144-4c00-84f1-d0493904d41a,PCP,STERLING HEIGHTS,"43184 DEQUINDRE RD STE 208, STERLING HEIGHTS, Michigan",Internal Medicine/PCP;Pediatrician,0,0,0,0,,2026-05-07 00:00:00,70,0,1,3,Unknown,45,Likely Open – recent MMC visit,Test: add to next spine route,Exact MMC coordinate,No deterministically attributed 2026 B2B patient in the supplied referral file
67,Core Sterling / Macomb Lane,Route pool,Sean / Sean Sweeney,9,Prospect,Visit / Prospect,Expansion / Test,Pioneer Medical Associates,da5f0c30-6e43-4e83-ad66-93022143dd8d,PCP,Warren,"27560 Hoover Rd, Warren, Michigan, 48093",Internal Medicine/PCP,0,0,0,0,,2026-05-21 00:00:00,56,0,1,13,Up to date,45,Likely Open – recent MMC visit,Test: add to next spine route,Exact MMC coordinate,No deterministically attributed 2026 B2B patient in the supplied referral file
68,Core Sterling / Macomb Lane,Route pool,Sean / Sean Sweeney,9,Prospect,Visit / Prospect,Expansion / Test,Rauch Chiropractic Life Center PLLC,84f626ba-51ef-41c4-8ac8-56b619a06a4a,Chiropractor,Sterling Heights,"37300 Dequindre Rd, Sterling Heights, Michigan, 48310",Chiropractor,0,0,0,0,,2026-06-04 00:00:00,42,0,1,3,Unknown,45,Likely Open – recent MMC visit,Test: add to next spine route,Exact MMC coordinate,No deterministically attributed 2026 B2B patient in the supplied referral file
69,Core Sterling / Macomb Lane,Route pool,Sean / Sean Sweeney,9,Prospect,Visit / Prospect,Expansion / Test,Shoreline chiropractic center,d42d53b5-4076-4ad1-b90c-65f0d547a4d9,Chiropractor,St. Clair Shores,"31010 Harper Avenue, St. Clair Shores, Michigan, 48082",Chiropractor,0,0,0,0,,2026-05-06 00:00:00,71,0,1,3,Unknown,45,Likely Open – recent MMC visit,Test: add to next spine route,Exact MMC coordinate,No deterministically attributed 2026 B2B patient in the supplied referral file
70,Core Sterling / Macomb Lane,Route pool,Sean / Sean Sweeney,9,Prospect,Visit / Prospect,Expansion / Test,Suburban Chiropractic,1999ae47-3729-46a1-a7c1-cb109f99e1fc,Chiropractor,St. Clair Shores,"22701 Greater Mack Ave St Clair Shores, St. Clair Shores, Michigan, 48080",Chiropractor,0,0,0,0,,2026-04-27 00:00:00,80,0,1,3,Unknown,45,Likely Open – recent MMC visit,Test: add to next spine route,Exact MMC coordinate,No deterministically attributed 2026 B2B patient in the supplied referral file
71,Core Sterling / Macomb Lane,Route pool,Sean / Sean Sweeney,9,Prospect,Visit / Prospect,Expansion / Test,Total Health Systems,d76d26cf-c291-47de-9b69-c56ac7b7af35,Pain,St. Clair Shores,"30045 Harper Ave St Clair Shores, St. Clair Shores, Michigan, 48082",Internal Medicine/PCP;Pain Management;Physical Therapy;Chiropractor,0,0,0,0,,2026-05-06 00:00:00,71,0,1,1,Unknown,45,Likely Open – recent MMC visit,Test: add to next spine route,Exact MMC coordinate,No deterministically attributed 2026 B2B patient in the supplied referral file
72,Core Sterling / Macomb Lane,Route pool,Sean / Sean Sweeney,9,Prospect,Visit / Prospect,Expansion / Test,Trinity Medical Center,fd916cf0-7e60-4f1d-bf81-a8f9d6051c63,PCP,Sterling Heights,"34764 Dequindre Rd, Sterling Heights, Michigan, 48310",Internal Medicine/PCP,0,0,0,0,,2026-06-04 00:00:00,42,0,2,1,Unknown,45,Likely Open – recent MMC visit,Test: add to next spine route,Exact MMC coordinate,No deterministically attributed 2026 B2B patient in the supplied referral file
73,Core Sterling / Macomb Lane,Route pool,Sean / Sean Sweeney,8,Prospect,Visit / Prospect,Reactivation,Alliance Health - Clinton Township,5ab9e122-19cd-4d41-b17c-f3ed0fc771fc,PCP,Clinton Township,"15500 19 Mile Rd ste 360, Clinton Township, Michigan, 48038",Internal Medicine/PCP,0,0,0,0,,2026-03-26 00:00:00,112,0,0,3,Unknown,45,Likely Open – recent MMC visit,Test: re-engage and qualify spine,Exact MMC coordinate,No deterministically attributed 2026 B2B patient in the supplied referral file
74,Core Sterling / Macomb Lane,Route pool,Sean / Sean Sweeney,8,Prospect,Visit / Prospect,Expansion / Test,"ALLIANCE HEALTH PROFESSIONALS, PLLC",e965aea6-5da9-43a6-aceb-8b1f08c3b26a,PCP,CLINTON TOWNSHIP,"43421 GARFIELD RD STE 1, CLINTON TOWNSHIP, Michigan, 48038",Internal Medicine/PCP,0,0,0,0,,2026-04-21 00:00:00,86,0,0,7,Unknown,45,Likely Open – recent MMC visit,Test: add to next spine route,Exact MMC coordinate,No deterministically attributed 2026 B2B patient in the supplied referral file
75,Core Sterling / Macomb Lane,Route pool,Sean / Sean Sweeney,8,Prospect,Visit / Prospect,Expansion / Test,Ausi Medical Center,82e3eff2-83b7-4ed1-97e4-e44b94bc82fa,PCP,Sterling Heights,"37300 Dequindre, ste 120, Sterling Heights, Michigan, 48310",Internal Medicine/PCP,0,0,0,0,,2026-06-04 00:00:00,42,0,1,1,Unknown,45,Likely Open – recent MMC visit,Test: add to next spine route,Exact MMC coordinate,No deterministically attributed 2026 B2B patient in the supplied referral file
76,Core Sterling / Macomb Lane,Route pool,Sean / Sean Sweeney,8,Prospect,Visit / Prospect,Reactivation,Baetens Chiropractic,efc60f47-6030-4637-b586-00583fc5fc7d,Chiropractor,St. Clair Shores,"26000 Harper Ave St Clair Shores, St. Clair Shores, Michigan, 48081",Chiropractor,0,0,0,0,,2026-03-27 00:00:00,111,0,0,2,Unknown,45,Likely Open – recent MMC visit,Test: re-engage and qualify spine,Exact MMC coordinate,No deterministically attributed 2026 B2B patient in the supplied referral file
77,Core Sterling / Macomb Lane,Route pool,Sean / Sean Sweeney,8,Prospect,Visit / Prospect,Reactivation,Beaumont Family Medical Center - St Clair Shores,1629093158,PCP,St Clair Shores,"21400 East 11 Mile Rd, St Clair Shores, MI, 48081",Internal Medicine/PCP,0,0,0,0,,2025-03-10 00:00:00,493,0,0,4,Unknown,45,Verify before route,Test: re-engage and qualify spine,Exact MMC coordinate,No deterministically attributed 2026 B2B patient in the supplied referral file
78,Core Sterling / Macomb Lane,Route pool,Sean / Sean Sweeney,8,Prospect,Visit / Prospect,Reactivation,BENCHMARK HEALTH,70557b72-628e-4306-8680-aa29539cb9e2,PCP,WARREN,"11477 E 12 MILE RD, WARREN, MI, 48093",Internal Medicine/PCP,0,0,0,0,,2025-11-19 00:00:00,239,0,0,2,Unknown,45,Verify before route,Test: re-engage and qualify spine,Exact MMC coordinate,No deterministically attributed 2026 B2B patient in the supplied referral file
79,Core Sterling / Macomb Lane,Route pool,Sean / Sean Sweeney,8,Prospect,Visit / Prospect,Expansion / Test,Clinton Urgent Care,67f2f078-da32-4cd1-a854-b9ff5b08333f,Urgent Care,Clinton Township,"37150 S Gratiot Avenue, Clinton Township, Michigan, 48036",Urgent care,0,0,0,0,,2026-05-14 00:00:00,63,0,1,1,Unknown,45,Likely Open – recent MMC visit,Test: add to next spine route,Exact MMC coordinate,No deterministically attributed 2026 B2B patient in the supplied referral file
80,Core Sterling / Macomb Lane,Route pool,Sean / Sean Sweeney,8,Prospect,Visit / Prospect,Reactivation,Complete Family Care,1619931268,PCP,Sterling Heights,"43956 Mound Rd, Sterling Heights, Michigan, 48314",Internal Medicine/PCP,0,0,0,0,,2026-03-31 00:00:00,107,0,0,7,Unknown,45,Likely Open – recent MMC visit,Test: re-engage and qualify spine,Exact MMC coordinate,No deterministically attributed 2026 B2B patient in the supplied referral file
81,Core Sterling / Macomb Lane,Route pool,Sean / Sean Sweeney,8,Prospect,Visit / Prospect,Reactivation,Corewell East Area Family Practice - Roseville,1073597985,PCP,Roseville,"30695 Little Mack Ave, ste 200, Roseville, MI, 48066",Internal Medicine/PCP,0,0,0,0,,2026-03-12 00:00:00,126,0,0,11,Unknown,45,Likely Open – recent MMC visit,Test: re-engage and qualify spine,Exact MMC coordinate,No deterministically attributed 2026 B2B patient in the supplied referral file
82,Core Sterling / Macomb Lane,Route pool,Sean / Sean Sweeney,8,Prospect,Visit / Prospect,Reactivation,Doctors Urgent Care Shelby & Telemedicine By Doctors Urgent Care Group,33c640ab-ff39-43cd-8763-8b105bfcf999,Urgent Care,Shelby Township,"46961 Van Dyke Ave, Shelby Township, MI 48317, United States, Shelby Township, Michigan, 48317",Urgent care,0,0,0,0,,2026-03-18 00:00:00,120,0,0,2,Past due,45,Likely Open – recent MMC visit,Increase: visit now; reset cadence,Exact MMC coordinate,No deterministically attributed 2026 B2B patient in the supplied referral file
83,Core Sterling / Macomb Lane,Route pool,Sean / Sean Sweeney,8,Prospect,Visit / Prospect,Expansion / Test,Downriver Podiatrists,10-997-2166,PCP,Warren,"31730 Hoover Rd Ste B, Warren, MI, 48093-1700",Internal Medicine/PCP,0,0,0,0,,2026-05-15 00:00:00,62,0,1,1,Unknown,45,Likely Open – recent MMC visit,Test: add to next spine route,Exact MMC coordinate,No deterministically attributed 2026 B2B patient in the supplied referral file
84,Core Sterling / Macomb Lane,Route pool,Sean / Sean Sweeney,8,Prospect,Visit / Prospect,Reactivation,Expressmed Urgent Care,523162cb-c15f-490a-9e71-30dc36cee76c,Urgent Care,Sterling Heights,"37300 Dequindre Rd ste 102, Sterling Heights, Michigan, 48310",Urgent care,0,0,0,0,,2025-07-09 00:00:00,372,0,0,2,Unknown,45,Verify before route,Test: re-engage and qualify spine,Exact MMC coordinate,No deterministically attributed 2026 B2B patient in the supplied referral file
85,Core Sterling / Macomb Lane,Route pool,Sean / Sean Sweeney,8,Prospect,Visit / Prospect,Expansion / Test,Get Well Roseville Urgent Care,f3235615-8fd1-4de2-978b-94c69071539e,Urgent Care,Roseville,"20769 E 13 Mile Rd, Roseville, MI, 48066",Urgent care,0,0,0,0,,2026-05-06 00:00:00,71,0,1,1,Unknown,45,Likely Open – recent MMC visit,Test: add to next spine route,Exact MMC coordinate,No deterministically attributed 2026 B2B patient in the supplied referral file
86,Core Sterling / Macomb Lane,Route pool,Sean / Sean Sweeney,8,Prospect,Visit / Prospect,Expansion / Test,Get Well Urgent Care,d84a7cc0-d4e2-4ab5-a0ca-cbf8e0430f50,Urgent Care,Clinton Township,"15945 19 Mile Road, Clinton Township, Michigan, 48038",Urgent care,0,0,0,0,,2026-05-19 00:00:00,58,0,1,1,Unknown,45,Likely Open – recent MMC visit,Test: add to next spine route,Exact MMC coordinate,No deterministically attributed 2026 B2B patient in the supplied referral file
87,Core Sterling / Macomb Lane,Route pool,Sean / Sean Sweeney,8,Prospect,Visit / Prospect,Expansion / Test,Gohealth Urgent Care,5ce07655-cb3f-4556-84f0-be71d54f4f5d,Urgent Care,Mount Clemens,"40463 S Groesbeck Hwy Mt Clemens, Mount Clemens, Michigan, 48043",Urgent care,0,0,0,0,,2026-04-20 00:00:00,87,0,0,2,Unknown,45,Likely Open – recent MMC visit,Test: add to next spine route,Exact MMC coordinate,No deterministically attributed 2026 B2B patient in the supplied referral file
88,Core Sterling / Macomb Lane,Route pool,Sean / Sean Sweeney,8,Prospect,Visit / Prospect,Reactivation,Grace Family Care,87465866-4c21-47b3-af52-9df7ab3344fc,PCP,Warren,"31500 Dequindre Road, Warren, Michigan, 48092",Internal Medicine/PCP,0,0,0,0,,2026-04-16 00:00:00,91,0,0,2,Unknown,45,Likely Open – recent MMC visit,Test: re-engage and qualify spine,Exact MMC coordinate,No deterministically attributed 2026 B2B patient in the supplied referral file
89,Core Sterling / Macomb Lane,Route pool,Sean / Sean Sweeney,8,Prospect,Visit / Prospect,Reactivation,Harper Chiropractic Center,48b8ce6e-11ea-4323-a197-e77ee9d99d4b,Chiropractor,St. Clair Shores,"27889 Harper, St. Clair Shores, MI, St. Clair Shores, Michigan, 48081",Chiropractor,0,0,0,0,,2026-01-16 00:00:00,181,0,0,2,Unknown,45,Verify before route,Test: re-engage and qualify spine,Exact MMC coordinate,No deterministically attributed 2026 B2B patient in the supplied referral file
90,Core Sterling / Macomb Lane,Route pool,Sean / Sean Sweeney,8,Prospect,Visit / Prospect,Reactivation,Henry Ford Macomb Family Medicine Residency,1962421883,PCP,Clinton Township,"15400 19 Mile Rd, ste 150, Clinton Township, Michigan, 480386327",Internal Medicine/PCP,0,0,0,0,,2026-03-26 00:00:00,112,0,0,3,Unknown,45,Likely Open – recent MMC visit,Test: re-engage and qualify spine,Exact MMC coordinate,No deterministically attributed 2026 B2B patient in the supplied referral file
91,Core Sterling / Macomb Lane,Route pool,Sean / Sean Sweeney,8,Prospect,Visit / Prospect,Reactivation,HYPERBARIC MEDICAL CENTER,c577c408-2474-483d-9b55-eb616b6b30d5,Pain,CLINTON TOWNSHIP,"42490 GARFIELD RD STE 207, CLINTON TOWNSHIP, MI, 48038",Pain Management,0,0,0,0,,2024-12-18 00:00:00,575,0,0,1,Unknown,45,Verify before route,Test: re-engage and qualify spine,Exact MMC coordinate,No deterministically attributed 2026 B2B patient in the supplied referral file
92,Core Sterling / Macomb Lane,Route pool,Sean / Sean Sweeney,8,Prospect,Visit / Prospect,Expansion / Test,Johr Chiropractic PLLC,9bf850e1-5ccc-4bc2-965b-40d0befb0459,Chiropractor,St. Clair Shores,"27200 Harper Ave St Clair Shores, St. Clair Shores, Michigan, 48081",Chiropractor,0,0,0,0,,2026-05-06 00:00:00,71,0,1,1,Unknown,45,Likely Open – recent MMC visit,Test: add to next spine route,Exact MMC coordinate,No deterministically attributed 2026 B2B patient in the supplied referral file
93,Core Sterling / Macomb Lane,Route pool,Sean / Sean Sweeney,8,Prospect,Visit / Prospect,Expansion / Test,"Joyanta SAHA, MD, PLC",8a4c801f-d7fa-4faf-b0aa-00215693fb41,PCP,CLINTON TOWNSHIP,"43211 DALCOMA DR STE 1, CLINTON TOWNSHIP, Michigan, 48038",Internal Medicine/PCP,0,0,0,0,,2026-05-19 00:00:00,58,0,1,1,Unknown,45,Likely Open – recent MMC visit,Test: add to next spine route,Exact MMC coordinate,No deterministically attributed 2026 B2B patient in the supplied referral file
94,Core Sterling / Macomb Lane,Route pool,Sean / Sean Sweeney,8,Prospect,Visit / Prospect,Reactivation,McLaren Pediatrics & Family Medicine,a12dc8f6-538a-4d3f-b05c-34764cc7d509,PCP,Sterling Heights,"35111 Dodge Park Rd, Sterling Heights, Michigan, 48312",Internal Medicine/PCP;Pediatrician,0,0,0,0,,2026-03-18 00:00:00,120,0,0,2,Unknown,45,Likely Open – recent MMC visit,Test: re-engage and qualify spine,Exact MMC coordinate,No deterministically attributed 2026 B2B patient in the supplied referral file
95,Core Sterling / Macomb Lane,Route pool,Sean / Sean Sweeney,8,Prospect,Visit / Prospect,Expansion / Test,"Office of Audrey M Sim MD,",1881604577,PCP,Saint Clair Shores,"25915 Harper Ave, ste B, Saint Clair Shores, MI, 480813770",Internal Medicine/PCP,0,0,0,0,,2026-05-06 00:00:00,71,0,1,1,Unknown,45,Likely Open – recent MMC visit,Test: add to next spine route,Exact MMC coordinate,No deterministically attributed 2026 B2B patient in the supplied referral file
96,Core Sterling / Macomb Lane,Route pool,Sean / Sean Sweeney,8,Prospect,Visit / Prospect,Expansion / Test,Office of Dudley Roberts III MD,24d85a4f-b79f-444f-82e1-6b6c9fe044c3,PCP,Roseville,"25910 Kelly Road, Roseville, Michigan, 48066",Internal Medicine/PCP,0,0,0,0,,2026-05-06 00:00:00,71,0,1,1,Unknown,45,Likely Open – recent MMC visit,Test: add to next spine route,Exact MMC coordinate,No deterministically attributed 2026 B2B patient in the supplied referral file
97,Core Sterling / Macomb Lane,Route pool,Sean / Sean Sweeney,8,Prospect,Visit / Prospect,Expansion / Test,Office of Lillman Dwarka MD,144c374c-b718-48c1-9b9f-daffbf7ba530,PCP,Sterling Heights,"38300 Van Dyke Ave, ste 105, Sterling Heights, MI, 48312",Internal Medicine/PCP,0,0,0,0,,2026-04-29 00:00:00,78,0,1,1,Unknown,45,Likely Open – recent MMC visit,Test: add to next spine route,Exact MMC coordinate,No deterministically attributed 2026 B2B patient in the supplied referral file
98,Core Sterling / Macomb Lane,Route pool,Sean / Sean Sweeney,8,Prospect,Visit / Prospect,Reactivation,"Office of Mazen Alsaqa, MD",1cb6b68e-47b4-42a4-8094-5f5c6e3e358f,PCP,Sterling Heights,"37548 Dequindre Rd, Sterling Heights, Michigan, 48310",Internal Medicine/PCP,0,0,0,0,,2026-03-20 00:00:00,118,0,0,2,Unknown,45,Likely Open – recent MMC visit,Test: re-engage and qualify spine,Exact MMC coordinate,No deterministically attributed 2026 B2B patient in the supplied referral file
99,Core Sterling / Macomb Lane,Route pool,Sean / Sean Sweeney,8,Prospect,Visit / Prospect,Expansion / Test,"Office of Richard Fici DO,",1730292079,PCP,Roseville,"20905 Twelve Mile Road, ste 300, Roseville, Michigan, 48066",Internal Medicine/PCP,0,0,0,0,,2026-05-06 00:00:00,71,0,1,1,Unknown,45,Likely Open – recent MMC visit,Test: add to next spine route,Exact MMC coordinate,No deterministically attributed 2026 B2B patient in the supplied referral file
100,Core Sterling / Macomb Lane,Route pool,Sean / Sean Sweeney,8,Prospect,Visit / Prospect,Expansion / Test,Office of Vincent Maribao MD,1730114760,PCP,Saint Clair Shores,"29167 Jefferson Avenue, Suite 100, Saint Clair Shores, MI, 48081",Weight Management;Hollistic Medicine;Internal Medicine/PCP,0,0,0,0,,2026-05-06 00:00:00,71,0,1,1,Unknown,45,Likely Open – recent MMC visit,Test: add to next spine route,Exact MMC coordinate,No deterministically attributed 2026 B2B patient in the supplied referral file
101,Core Sterling / Macomb Lane,Route pool,Sean / Sean Sweeney,8,Prospect,Visit / Prospect,Expansion / Test,Poirer Chiropractic,b82d7730-c597-4829-8f69-cd95fb99527f,Chiropractor,Shelby Township,"47101 Hayes Rd, Shelby Township, Michigan, 48315",Chiropractor,0,0,0,0,,2026-05-26 00:00:00,51,0,1,1,Unknown,45,Likely Open – recent MMC visit,Test: add to next spine route,Exact MMC coordinate,No deterministically attributed 2026 B2B patient in the supplied referral file
102,Core Sterling / Macomb Lane,Route pool,Sean / Sean Sweeney,8,Prospect,Visit / Prospect,Expansion / Test,ProMed Urgent Care and Primary Care,bc1966c5-6f92-4afa-ad26-6886bba399f9,Urgent Care,Roseville,"19041 Twelve Mile Road, Roseville, Michigan, 48066",Urgent care,0,0,0,0,,2026-05-06 00:00:00,71,0,1,1,Unknown,45,Likely Open – recent MMC visit,Test: add to next spine route,Exact MMC coordinate,No deterministically attributed 2026 B2B patient in the supplied referral file
103,Core Sterling / Macomb Lane,Route pool,Sean / Sean Sweeney,8,Prospect,Visit / Prospect,Expansion / Test,Salta Direct Primary Care - Shelby Township,1306865910,PCP,Shelby Township,"51221 Schoenherr Road, ste 103, Shelby Township, Michigan, 48315",Concierge Physicians;Internal Medicine/PCP,0,0,0,0,,2026-05-26 00:00:00,51,0,1,1,Unknown,45,Likely Open – recent MMC visit,Test: add to next spine route,Exact MMC coordinate,No deterministically attributed 2026 B2B patient in the supplied referral file
104,Core Sterling / Macomb Lane,Route pool,Sean / Sean Sweeney,8,Prospect,Visit / Prospect,Reactivation,South Macomb Internists,1669479846,PCP,Warren,"11885 E 12 Mile Rd. Ste. 100B, Warren, Michigan, 48093",Internal Medicine/PCP,0,0,0,0,,2026-04-16 00:00:00,91,0,0,5,Unknown,45,Likely Open – recent MMC visit,Test: re-engage and qualify spine,Exact MMC coordinate,No deterministically attributed 2026 B2B patient in the supplied referral file
105,Core Sterling / Macomb Lane,Route pool,Sean / Sean Sweeney,8,Prospect,Visit / Prospect,Reactivation,Spinal Recovery Center,8a8ab0c0-0b58-4f4a-99fa-ac580c9ceed2,Pain,Warren,"2243 Twelve Mile Rd, Warren, Michigan, 48092",Pain Management;Chiropractor,0,0,0,0,,2026-04-16 00:00:00,91,0,0,1,Unknown,45,Likely Open – recent MMC visit,Test: re-engage and qualify spine,Exact MMC coordinate,No deterministically attributed 2026 B2B patient in the supplied referral file
106,Core Sterling / Macomb Lane,Route pool,Sean / Sean Sweeney,8,Prospect,Visit / Prospect,Reactivation,Spinal Solutions Chiropractic & Wellness Center,b62e7019-8cec-4bc4-8795-042402b0f988,Chiropractor,Shelby Township,"8152 25 Mile Rd suite e, Shelby Township, Michigan, 48316",Chiropractor,0,0,0,0,,2026-02-25 00:00:00,141,0,0,2,Unknown,45,Likely Open – recent MMC visit,Test: re-engage and qualify spine,Exact MMC coordinate,No deterministically attributed 2026 B2B patient in the supplied referral file
107,Core Sterling / Macomb Lane,Route pool,Sean / Sean Sweeney,8,Prospect,Visit / Prospect,Reactivation,"St Clair Shores, Ascension MyHealth Urgent Care",1ffb9253-14b8-4f7d-9d22-7a16ea0d7d91,Urgent Care,St. Clair Shores,"25515 Harper Ave, St. Clair Shores, Michigan, 48081",Urgent care,0,0,0,0,,2026-03-27 00:00:00,111,0,0,2,Unknown,45,Likely Open – recent MMC visit,Test: re-engage and qualify spine,Exact MMC coordinate,No deterministically attributed 2026 B2B patient in the supplied referral file
108,Core Sterling / Macomb Lane,Route pool,Sean / Sean Sweeney,8,Prospect,Visit / Prospect,Reactivation,Sterling Heights Primary Care,1326039116,PCP,Sterling Heights,"11600 15 Mile Rd, Sterling Heights, Michigan, 483125100",Internal Medicine/PCP,0,0,0,0,,2026-04-01 00:00:00,106,0,0,2,Unknown,45,Likely Open – recent MMC visit,Test: re-engage and qualify spine,Exact MMC coordinate,No deterministically attributed 2026 B2B patient in the supplied referral file
109,Core Sterling / Macomb Lane,Route pool,Sean / Sean Sweeney,8,Prospect,Visit / Prospect,Reactivation,Total Care Physicians Group,7dc76552-40a2-4fcd-9dba-21f6ba37b8f2,PCP,Clinton Township,"43361 Commons Dr, Clinton Township, Michigan, 48038",Internal Medicine/PCP,0,0,0,0,,2026-03-26 00:00:00,112,0,0,3,Past due,45,Likely Open – recent MMC visit,Increase: visit now; reset cadence,Exact MMC coordinate,No deterministically attributed 2026 B2B patient in the supplied referral file
110,Core Sterling / Macomb Lane,Route pool,Sean / Sean Sweeney,8,Prospect,Visit / Prospect,Reactivation,Warren Urgent Care,ecbb2f66-1bc0-45b0-a9fa-72913b2703bf,Urgent Care,Warren,"31700 Van Dyke Ave, Warren, Michigan, 48093",Urgent care,0,0,0,0,,2026-04-16 00:00:00,91,0,0,3,Unknown,45,Likely Open – recent MMC visit,Test: re-engage and qualify spine,Exact MMC coordinate,No deterministically attributed 2026 B2B patient in the supplied referral file
111,Core Sterling / Macomb Lane,Route pool,Sean / Sean Sweeney,8,Prospect,Visit / Prospect,Expansion / Test,Waterford Clinic and Urgent Care,48a82421-a6d1-4f19-a9ae-b0175f5da78a,Urgent Care,Warren,"4402 E 9 Mile Rd, Warren, Michigan, 48091",Urgent care,0,0,0,0,,2026-05-05 00:00:00,72,0,1,1,Unknown,45,Likely Open – recent MMC visit,Test: add to next spine route,Exact MMC coordinate,No deterministically attributed 2026 B2B patient in the supplied referral file
112,Core Sterling / Macomb Lane,Route pool,Sean / Sean Sweeney,7,Prospect,Visit / Prospect,Reactivation,24 Hour Lifeline Urgent Care,31c5e79f-2b0c-424c-8880-34c73f3d5822,Urgent Care,Warren,"12640 Twelve Mile Road, Warren, Michigan, 48093",Urgent care,0,0,0,0,,2026-03-24 00:00:00,114,0,0,1,Unknown,45,Likely Open – recent MMC visit,Test: re-engage and qualify spine,Exact MMC coordinate,No deterministically attributed 2026 B2B patient in the supplied referral file
113,Core Sterling / Macomb Lane,Route pool,Sean / Sean Sweeney,7,Prospect,Visit / Prospect,Reactivation,Basmit Medical Center,2da1dbcd-ee9a-4340-aa9e-f489bf31f67c,PCP,Sterling Heights,"35614 Dequindre Rd, Sterling Heights, Michigan, 48310",Internal Medicine/PCP;Geriatrics,0,0,0,0,,2026-03-20 00:00:00,118,0,0,1,Unknown,45,Likely Open – recent MMC visit,Test: re-engage and qualify spine,Exact MMC coordinate,No deterministically attributed 2026 B2B patient in the supplied referral file
114,Core Sterling / Macomb Lane,Route pool,Sean / Sean Sweeney,7,Prospect,Visit / Prospect,Reactivation,Beaumont St Clair Shores Family Medicine Center,8b21a717-0275-4903-9e29-5e0876aeea12,PCP,St. Clair Shores,"21400 11 Mile Rd, St. Clair Shores, MI, 48081",Internal Medicine/PCP,0,0,0,0,,2025-03-19 00:00:00,484,0,0,1,Unknown,45,Verify before route,Test: re-engage and qualify spine,Exact MMC coordinate,No deterministically attributed 2026 B2B patient in the supplied referral file
115,Core Sterling / Macomb Lane,Route pool,Sean / Sean Sweeney,7,Prospect,Visit / Prospect,Reactivation,Beaumont Urgent Care - Macomb,95815d25-928b-44a9-9eab-ebb314264337,Urgent Care,Macomb,"15959 Hall Rd SUITE 104, Macomb, MI 48044, United States, Macomb, Michigan, 48044",Urgent care,0,0,0,0,,2026-03-31 00:00:00,107,0,0,1,Unknown,45,Likely Open – recent MMC visit,Test: re-engage and qualify spine,Exact MMC coordinate,No deterministically attributed 2026 B2B patient in the supplied referral file
116,Core Sterling / Macomb Lane,Route pool,Sean / Sean Sweeney,7,Prospect,Visit / Prospect,Reactivation,Concentra Urgent Care - Sterling Heights,dc6067ed-60f7-4ae5-8b5b-7b8b03095484,Urgent Care,Sterling Heights,"39333 Van Dyke Ave, Sterling Heights, MI 48313, United States, Sterling Heights, Michigan, 48313",Urgent care,0,0,0,0,,2026-03-18 00:00:00,120,0,0,1,Unknown,45,Likely Open – recent MMC visit,Test: re-engage and qualify spine,Exact MMC coordinate,No deterministically attributed 2026 B2B patient in the supplied referral file
117,Core Sterling / Macomb Lane,Route pool,Sean / Sean Sweeney,7,Prospect,Visit / Prospect,Expansion / Test,DMC Primary Care Physicians,aa84092d-9fe9-4da4-894a-3cee1c6a4eae,PCP,St. Clair Shores,"24400 Greater Mack Ave, St. Clair Shores, Michigan, 48080",Geriatrics,0,0,0,0,,,,0,0,1,Unknown,45,Verify before route,Test: add to next spine route,Exact MMC coordinate,No deterministically attributed 2026 B2B patient in the supplied referral file
118,Core Sterling / Macomb Lane,Route pool,Sean / Sean Sweeney,7,Prospect,Visit / Prospect,Reactivation,Dobra Medical,d4fae452-4372-4249-834e-907b5d3a44c2,PCP,Sterling Heights,"38300 Van Dyke Ave, Sterling Heights, Michigan, 48312",Internal Medicine/PCP,0,0,0,0,,2026-03-18 00:00:00,120,0,0,1,Unknown,45,Likely Open – recent MMC visit,Test: re-engage and qualify spine,Exact MMC coordinate,No deterministically attributed 2026 B2B patient in the supplied referral file
119,Core Sterling / Macomb Lane,Route pool,Sean / Sean Sweeney,7,Prospect,Visit / Prospect,Reactivation,Duchene Chiropractic Center,1528062080,Chiropractor,Clinton Township,"19199 15 Mile Rd, Clinton Township, MI, 480352508",Chiropractor,0,0,0,0,,2026-03-19 00:00:00,119,0,0,1,Unknown,45,Likely Open – recent MMC visit,Test: re-engage and qualify spine,Exact MMC coordinate,No deterministically attributed 2026 B2B patient in the supplied referral file
120,Core Sterling / Macomb Lane,Route pool,Sean / Sean Sweeney,7,Prospect,Visit / Prospect,Reactivation,IEP Urgent Care - Clinton Township,873f8470-c8da-4605-9536-b1303a57969d,Urgent Care,Clinton Township,"16601 15 Mile Rd Clinton Twp, Clinton Township, Michigan, 48035",Urgent care,0,0,0,0,,2026-03-19 00:00:00,119,0,0,1,Unknown,45,Likely Open – recent MMC visit,Test: re-engage and qualify spine,Exact MMC coordinate,No deterministically attributed 2026 B2B patient in the supplied referral file
121,Core Sterling / Macomb Lane,Route pool,Sean / Sean Sweeney,7,Prospect,Visit / Prospect,Reactivation,Lake Victoria Medical Associates,1255407631,PCP,Roseville,"25959 Kelly Road, Roseville, Michigan, 48066",Internal Medicine/PCP,0,0,0,0,,2026-03-27 00:00:00,111,0,0,1,Unknown,45,Likely Open – recent MMC visit,Test: re-engage and qualify spine,Exact MMC coordinate,No deterministically attributed 2026 B2B patient in the supplied referral file
122,Core Sterling / Macomb Lane,Route pool,Sean / Sean Sweeney,7,Prospect,Visit / Prospect,Reactivation,"Mouhamad Rihawi, MD",3a0e67cc-4884-44a8-9cc3-605a71f50747,PCP,Clinton Township,"15945 19 Mile Rd. Ste. 204, Clinton Township, Michigan, 48038",Internal Medicine/PCP,0,0,0,0,,2026-03-26 00:00:00,112,0,0,1,Unknown,45,Likely Open – recent MMC visit,Test: re-engage and qualify spine,Exact MMC coordinate,No deterministically attributed 2026 B2B patient in the supplied referral file
123,Core Sterling / Macomb Lane,Route pool,Sean / Sean Sweeney,7,Prospect,Visit / Prospect,Reactivation,NuVision Health Center,f0618db9-7947-42e6-a170-17896c7120ca,Chiropractor,Macomb,"15300 21 Mile Rd, Macomb, Michigan, 48044",Chiropractor,0,0,0,0,,2026-01-02 00:00:00,195,0,0,1,Unknown,45,Verify before route,Test: re-engage and qualify spine,Exact MMC coordinate,No deterministically attributed 2026 B2B patient in the supplied referral file
124,Core Sterling / Macomb Lane,Route pool,Sean / Sean Sweeney,7,Prospect,Visit / Prospect,Expansion / Test,Office of Clara Kamath Wood MD,ccad7a72-2fa8-4c91-af14-5995cd5adacf,PCP,Roseville,"18245 East 10 Mile Road, ste 120, Roseville, Michigan, 48066",Internal Medicine/PCP,0,0,0,0,,2026-04-20 00:00:00,87,0,0,1,Unknown,45,Likely Open – recent MMC visit,Test: add to next spine route,Exact MMC coordinate,No deterministically attributed 2026 B2B patient in the supplied referral file
125,Core Sterling / Macomb Lane,Route pool,Sean / Sean Sweeney,7,Prospect,Visit / Prospect,Reactivation,Office of Mohammad Ghaffarloo MD,1275631764,PCP,Clinton Township,"15945 19 Mile Rd, ste 100, Clinton Township, Michigan, 480381147",Internal Medicine/PCP;Endocrinology,0,0,0,0,,2026-03-26 00:00:00,112,0,0,1,Unknown,45,Likely Open – recent MMC visit,Test: re-engage and qualify spine,Exact MMC coordinate,No deterministically attributed 2026 B2B patient in the supplied referral file
126,Core Sterling / Macomb Lane,Route pool,Sean / Sean Sweeney,7,Prospect,Visit / Prospect,Reactivation,Quality Medical Care,b6ab26a5-4fc4-4e01-8eb2-0ad308df928a,PCP,Sterling Heights,"38800 Ryan Rd, Sterling Heights, Michigan, 48310",Internal Medicine/PCP,0,0,0,0,,2026-03-31 00:00:00,107,0,0,1,Unknown,45,Likely Open – recent MMC visit,Test: re-engage and qualify spine,Exact MMC coordinate,No deterministically attributed 2026 B2B patient in the supplied referral file
127,Core Sterling / Macomb Lane,Route pool,Sean / Sean Sweeney,7,Prospect,Visit / Prospect,Reactivation,Roseville Medical,6b8b88a7-f328-4ed9-a513-eeb82ab243c8,PCP,Roseville,"25959 Kelly Rd, ste A, Roseville, MI, 48066",Internal Medicine/PCP;Hematology - oncology,0,0,0,0,,2026-03-27 00:00:00,111,0,0,1,Unknown,45,Likely Open – recent MMC visit,Test: re-engage and qualify spine,Exact MMC coordinate,No deterministically attributed 2026 B2B patient in the supplied referral file
128,Core Sterling / Macomb Lane,Route pool,Sean / Sean Sweeney,5,Prospect,Visit / Prospect,Reactivation,BEAUMONT FAMILY MEDICINE CENTER,1d604048-db89-4d0e-a02f-5b32cbb05cef,PCP,SAINT CLAIR SHORES,"21400 E 11 MILE RD, SAINT CLAIR SHORES, Michigan",Internal Medicine/PCP,0,0,0,0,,2024-12-26 00:00:00,567,0,0,0,Unknown,45,Verify before route,Test: re-engage and qualify spine,Exact MMC coordinate,No deterministically attributed 2026 B2B patient in the supplied referral file
129,Core Sterling / Macomb Lane,Route pool,Sean / Sean Sweeney,5,Prospect,Visit / Prospect,Reactivation,Beaumont Urgent Care - Shelby Township,7029908f-15ae-4392-bee1-092ccc4acb4d,Urgent Care,Utica,"56293 Van Dyke Ave, Utica, MI 48316, United States, Utica, Michigan, 48316",Urgent care,0,0,0,0,,2025-12-01 00:00:00,227,0,0,0,Unknown,45,Verify before route,Test: re-engage and qualify spine,Exact MMC coordinate,No deterministically attributed 2026 B2B patient in the supplied referral file
130,Core Sterling / Macomb Lane,Route pool,Sean / Sean Sweeney,5,Prospect,Visit / Prospect,Reactivation,Chaldean Community Foundation Primary Care,1033349626,PCP,Sterling Heights,"3601 15 Mile Rd, ste 100, Sterling Heights, MI, 48310",Internal Medicine/PCP,0,0,0,0,,2025-03-05 00:00:00,498,0,0,0,Unknown,45,Verify before route,Test: re-engage and qualify spine,Exact MMC coordinate,No deterministically attributed 2026 B2B patient in the supplied referral file
131,Core Sterling / Macomb Lane,Route pool,Sean / Sean Sweeney,5,Prospect,Visit / Prospect,Reactivation,HENRY FORD MACOMB HOSPITAL NEIGHBORS CARING FOR NEIGHBORS CLINIC,21c9d7c9-d864-48c6-bf43-cdad0a36da33,PCP,CLINTON TOWNSHIP,"15420 19 MILE RD STE 200, CLINTON TOWNSHIP, Michigan, 48038",Internal Medicine/PCP,0,0,0,0,,2025-07-10 00:00:00,371,0,0,0,Unknown,45,Verify before route,Test: re-engage and qualify spine,Exact MMC coordinate,No deterministically attributed 2026 B2B patient in the supplied referral file
132,Core Sterling / Macomb Lane,Route pool,Sean / Sean Sweeney,5,Prospect,Visit / Prospect,Reactivation,Medpointe Urgent Care - Fraser,5997bbe4-c6c0-4d81-83f5-64224165cbfe,Urgent Care,Fraser,"31290 Groesbeck Hwy, Fraser, Michigan, 48026",Urgent care,0,0,0,0,,2025-09-10 00:00:00,309,0,0,0,Unknown,45,Verify before route,Test: re-engage and qualify spine,Exact MMC coordinate,No deterministically attributed 2026 B2B patient in the supplied referral file
133,Core Sterling / Macomb Lane,Route pool,Sean / Sean Sweeney,5,Prospect,Visit / Prospect,Reactivation,Medpointe Urgent Care - Macomb,e069fd65-f64e-40c3-9079-98b80425db51,Urgent Care,Macomb,"20761 Hall Rd, Macomb, Michigan, 48044",Urgent care,0,0,0,0,,2025-07-29 00:00:00,352,0,0,0,Unknown,45,Verify before route,Test: re-engage and qualify spine,Exact MMC coordinate,No deterministically attributed 2026 B2B patient in the supplied referral file
134,Core Sterling / Macomb Lane,Route pool,Sean / Sean Sweeney,5,Prospect,Visit / Prospect,Reactivation,Michigan Urgent Care - Clinton Twp,bff6105d-462d-4354-9aed-19ca722a8eba,Urgent Care,Clinton Township,"22500 Metro Parkway, Clinton Township, Michigan, 48035",Urgent care,0,0,0,0,,2025-05-07 00:00:00,435,0,0,0,Unknown,45,Verify before route,Test: re-engage and qualify spine,Exact MMC coordinate,No deterministically attributed 2026 B2B patient in the supplied referral file
135,Core Sterling / Macomb Lane,Route pool,Sean / Sean Sweeney,5,Prospect,Visit / Prospect,Reactivation,My Health Urgent Care (Ascension) - Clinton Township,f37e51fa-a303-438f-a2cf-88f9fad4c310,Urgent Care,Clinton Township,"44472 Hayes Rd, Clinton Twp, MI 48038, United States, Clinton Township, Michigan, 48038",Urgent care,0,0,0,0,,2026-02-05 00:00:00,161,0,0,0,Unknown,45,Likely Open – recent MMC visit,Test: re-engage and qualify spine,Exact MMC coordinate,No deterministically attributed 2026 B2B patient in the supplied referral file
136,Core Sterling / Macomb Lane,Route pool,Sean / Sean Sweeney,5,Prospect,Visit / Prospect,Reactivation,MyHealth Ascenion Urgent Care - Warren,915e7f03-470f-402c-8bb4-3514cb79c6a8,Urgent Care,Warren,"31200 Mound Road, Warren, Michigan, 48092",Urgent care,0,0,0,0,,2025-02-25 00:00:00,506,0,0,0,Unknown,45,Verify before route,Test: re-engage and qualify spine,Exact MMC coordinate,No deterministically attributed 2026 B2B patient in the supplied referral file
137,Core Sterling / Macomb Lane,Route pool,Sean / Sean Sweeney,5,Prospect,Visit / Prospect,Reactivation,Schaefer chiropractic center,f06c4a23-c5e9-4410-801d-af21ffec19ee,Chiropractor,Sterling Heights,"4200 17 Mile Road, Sterling Heights, Michigan, 48310",Chiropractor,0,0,0,0,,2025-06-06 00:00:00,405,0,0,0,Unknown,45,Verify before route,Test: re-engage and qualify spine,Exact MMC coordinate,No deterministically attributed 2026 B2B patient in the supplied referral file
138,Core Sterling / Macomb Lane,Route pool,Sean / Sean Sweeney,5,Prospect,Visit / Prospect,Reactivation,Sunrise Urgent Care,0b2dd364-857f-4064-8780-c446479449c9,Urgent Care,Warren,"31500 Dequindre Rd suite 200, Warren, Michigan, 48092",Urgent care,0,0,0,0,,2026-04-16 00:00:00,91,0,0,0,Unknown,45,Likely Open – recent MMC visit,Test: re-engage and qualify spine,Exact MMC coordinate,No deterministically attributed 2026 B2B patient in the supplied referral file
139,Core Sterling / Macomb Lane,Route pool,Sean / Sean Sweeney,4,Prospect,Visit / Prospect,Reactivation,Professional Physical Therapy,01-159-9219,PT,Warren,"31150 Hoover Rd Ste C, Warren, MI, 48093-7618",Physical Therapy,0,0,0,0,,2025-02-24 00:00:00,507,0,0,0,Unknown,45,Verify before route,Test: re-engage and qualify spine,Exact MMC coordinate,No deterministically attributed 2026 B2B patient in the supplied referral file
140,Outside Sean Focus – Review,Priority route,Sean / Sean Sweeney,82,Tier 1,Repeat Spine Referrer,Proven Spine / Protect,Brigid Healthcare,63bf16ad-3645-45fb-8f1d-e1eb3a131efc,PCP,Troy,"3456 Rochester Rd, Troy, Michigan, 48083",Internal Medicine/PCP,2,1,0,3,2026-04-17 00:00:00,2026-04-14 00:00:00,93,0,0,2,Unknown,14,Likely Open – recent MMC visit,"Protect: thank, learn and expand spine",Exact MMC coordinate,"Matched referral source(s): Wang PA, Hui"
141,Outside Sean Focus – Review,Priority route,Sean / Sean Sweeney,82,Tier 1,Repeat Spine Referrer,Proven Spine / Protect,Get Well Urgent Care Madison Heights,346a1335-a97f-4a1a-9847-77f9e71383c3,Urgent Care,Madison Heights,"350 E 12 Mile Rd, Madison Heights, Michigan, 48071",Urgent care,2,1,0,3,2026-06-24 00:00:00,2026-03-25 00:00:00,113,0,0,9,Unknown,14,Likely Open – recent MMC visit,"Protect: thank, learn and expand spine",Exact MMC coordinate,Matched referral source(s): Get Well Urgent Care - Madison Heights; Getwell Urgent Care- Madison Heights
142,Outside Sean Focus – Review,Priority route,Sean / Sean Sweeney,69,Tier 1,One Spine Patient,Proven Spine / Protect,Berkley Urgent Care,1774d7c7-2d8b-42c6-9dac-78c2a9cf3ed8,Urgent Care,Berkley,"3270 Greenfield Rd, Berkley, Michigan, 48072",Urgent care,1,1,1,3,2026-05-21 00:00:00,2026-03-23 00:00:00,115,0,0,3,Unknown,14,Likely Open – recent MMC visit,Convert: ask for the next spine patient,Exact MMC coordinate,Matched referral source(s): Berkley Urgent Care
143,Outside Sean Focus – Review,Priority route,Sean / Sean Sweeney,50,Tier 2,Ortho Referrer,Ortho / Cross-Sell,Downriver Internists,1992798961,PCP,Oak Park,"13801 W 9 Mile Rd, Oak Park, MI, 48237",Internal Medicine/PCP,0,2,0,2,2026-05-14 00:00:00,2026-04-22 00:00:00,85,0,0,2,Unknown,21,Likely Open – recent MMC visit,Cross-sell: make a direct spine ask,Exact MMC coordinate,"Matched referral source(s): Gatla MD, Srinivas"
144,Outside Sean Focus – Review,Priority route,Sean / Sean Sweeney,46,Tier 2,Ortho Referrer,Ortho / Cross-Sell,Wattles Internal Medicine- use,ea9682a6-09ea-4d32-a71d-171ffffb7847,PCP,Troy,"1950 E Wattles Rd suite 101, Troy, Michigan, 48085",Internal Medicine/PCP,0,1,0,1,2026-07-07 00:00:00,2026-06-05 00:00:00,41,0,1,4,Unknown,21,Likely Open – recent MMC visit,Cross-sell: make a direct spine ask,Exact MMC coordinate,"Matched referral source(s): Zohoury DO, Mark"
145,Outside Sean Focus – Review,Priority route,Sean / Sean Sweeney,45,Tier 2,Ortho Referrer,Ortho / Cross-Sell,South Lyon Family Docs,573750f7-b7bd-4246-b7ac-f1217823639f,PCP,South Lyon,"26006 Pontiac Trail, South Lyon, MI, 48178",Internal Medicine/PCP,0,1,0,1,2026-05-20 00:00:00,2026-03-04 00:00:00,134,0,0,3,Unknown,21,Likely Open – recent MMC visit,Cross-sell: make a direct spine ask,Exact MMC coordinate,"Matched referral source(s): Eberhardt DO, Brandy"
146,Outside Sean Focus – Review,Priority route,Sean / Sean Sweeney,21,Tier 3,Other Patient Referrer,Other B2B / Cross-Sell,Academic Internal Medicine (Ascension),97ae4125-fd10-47de-8cae-c053e42232d0,PCP,Washington,"57850 Van Dyke Ave ste 600, Washington, Michigan, 48094",Internal Medicine/PCP,0,0,1,1,2026-04-16 00:00:00,2026-03-17 00:00:00,121,0,0,5,Unknown,30,Likely Open – recent MMC visit,Cross-sell: qualify spine opportunity,Exact MMC coordinate,"Matched referral source(s): Kulairi MD, Zain"
147,Outside Sean Focus – Review,Hold – outside Sean focus,Sean / Sean Sweeney,11,Prospect,Visit / Prospect,Expansion / Test,Center for Advanced Orthopedics,9d3b5b54-e102-4968-bcd9-7834c90f6b25,Orthopedic,Auburn Hills,"3100 Cross Creek Pkwy #200, Auburn Hills, Michigan, 48326",Orthopedic Surgery,0,0,0,0,,2026-05-15 00:00:00,62,0,2,15,Unknown,45,Likely Open – recent MMC visit,Test: add to next spine route,Exact MMC coordinate,No deterministically attributed 2026 B2B patient in the supplied referral file
148,Outside Sean Focus – Review,Hold – outside Sean focus,Sean / Sean Sweeney,11,Prospect,Visit / Prospect,Expansion / Test,Institute for Athletic Medicine,11803989-f262-4602-9387-bb964016ac84,Orthopedic,Auburn Hills,"937 N Opdyke Rd, Auburn Hills, Michigan, 48326",Sports Medicine;Orthopedic Surgery,0,0,0,0,,2026-05-22 00:00:00,55,0,2,2,Unknown,45,Likely Open – recent MMC visit,Test: add to next spine route,Exact MMC coordinate,No deterministically attributed 2026 B2B patient in the supplied referral file
149,Outside Sean Focus – Review,Hold – outside Sean focus,Sean / Sean Sweeney,11,Prospect,Visit / Prospect,Expansion / Test,Michigan Surgery Specialists - Auburn Hills,f84205f7-5e39-4dc7-9a6d-9395aadc8a43,Orthopedic,Auburn Hills,"3100 Cross Creek Pkwy suite 150, Auburn Hills, Michigan, 48326",Orthopedic Surgery,0,0,0,0,,2026-06-02 00:00:00,44,0,3,5,Unknown,45,Likely Open – recent MMC visit,Test: add to next spine route,Exact MMC coordinate,No deterministically attributed 2026 B2B patient in the supplied referral file
150,Outside Sean Focus – Review,Hold – outside Sean focus,Sean / Sean Sweeney,11,Prospect,Visit / Prospect,Expansion / Test,Pain Clinic of Michigan - Rochester Hills,09-980-4799,Pain,Rochester Hills,"2820 Crooks Rd Ste 100, Rochester Hills, MI, 48309",Pain Management,0,0,0,0,,2026-05-20 00:00:00,57,0,2,2,Unknown,45,Likely Open – recent MMC visit,Test: add to next spine route,Exact MMC coordinate,No deterministically attributed 2026 B2B patient in the supplied referral file
151,Outside Sean Focus – Review,Hold – outside Sean focus,Sean / Sean Sweeney,11,Prospect,Visit / Prospect,Expansion / Test,Pain Clinic of Michigan - Troy,a04caf22-eaed-4ceb-9ebe-445dd911f769,Pain,Troy,"2885 E Long Lake Rd suite a b, Troy, Michigan, 48085",Pain Management,0,0,0,0,,2026-05-20 00:00:00,57,0,3,2,Unknown,45,Likely Open – recent MMC visit,Test: add to next spine route,Exact MMC coordinate,No deterministically attributed 2026 B2B patient in the supplied referral file
152,Outside Sean Focus – Review,Hold – outside Sean focus,Sean / Sean Sweeney,10,Prospect,Visit / Prospect,Expansion / Test,1st Choice Urgent Care - Crooks Rd,06-596-5505,Urgent Care,Royal Oak,"4080 Crooks Rd, Royal Oak, Michigan, 48073-2428",Urgent care,0,0,0,0,,2026-06-08 00:00:00,38,0,2,2,Unknown,45,Likely Open – recent MMC visit,Test: add to next spine route,Exact MMC coordinate,No deterministically attributed 2026 B2B patient in the supplied referral file
153,Outside Sean Focus – Review,Hold – outside Sean focus,Sean / Sean Sweeney,10,Prospect,Visit / Prospect,Expansion / Test,Beaumont Orthopedic Institute,1497736771,Orthopedic,Royal Oak,"535 West 13 Mile Road, Suite 742, Royal Oak, MI, 48073",Orthopedic Surgery,0,0,0,0,,2026-05-06 00:00:00,71,0,1,5,Unknown,45,Likely Open – recent MMC visit,Test: add to next spine route,Exact MMC coordinate,No deterministically attributed 2026 B2B patient in the supplied referral file
154,Outside Sean Focus – Review,Hold – outside Sean focus,Sean / Sean Sweeney,10,Prospect,Visit / Prospect,Expansion / Test,Ducharme Chiropractic,4fbb2f0d-43bd-46f7-addf-1c08e071fe49,Chiropractor,Rochester Hills,"111 Rochdale Dr S, Rochester Hills, Michigan, 48309",Chiropractor,0,0,0,0,,2026-05-19 00:00:00,58,0,2,2,Unknown,45,Likely Open – recent MMC visit,Test: add to next spine route,Exact MMC coordinate,No deterministically attributed 2026 B2B patient in the supplied referral file
155,Outside Sean Focus – Review,Hold – outside Sean focus,Sean / Sean Sweeney,10,Prospect,Visit / Prospect,Current / Maintain,Emcura Immediate Care - Royal Oak,06dff44e-ffaa-482c-b11f-92de008ce8b9,Urgent Care,Royal Oak,"2140 Twelve Mile Road, Royal Oak, Michigan, 48067",Urgent care,0,0,0,0,,2026-06-24 00:00:00,22,1,2,1,Unknown,45,Likely Open – recent MMC visit,Keep: reinforce spine access,Exact MMC coordinate,No deterministically attributed 2026 B2B patient in the supplied referral file
156,Outside Sean Focus – Review,Hold – outside Sean focus,Sean / Sean Sweeney,10,Prospect,Visit / Prospect,Reactivation,Michigan Orthopedic Surgeons - Kirts Blvd,1568420305,Orthopedic,Troy,"1350 Kirts Blvd, Troy, Michigan, 480844851",Orthopedic Surgery,0,0,0,0,,2026-05-06 00:00:00,71,0,1,10,Past due,45,Likely Open – recent MMC visit,Increase: visit now; reset cadence,Exact MMC coordinate,No deterministically attributed 2026 B2B patient in the supplied referral file
157,Outside Sean Focus – Review,Hold – outside Sean focus,Sean / Sean Sweeney,10,Prospect,Visit / Prospect,Expansion / Test,Michigan Orthopedic Surgeons - Royal Oak,1760484901,Orthopedic,Royal Oak,"30575 Woodward Ave, Royal Oak, MI, 480730980",Orthopedic - PT;Orthopedic Surgery,0,0,0,0,,2026-05-06 00:00:00,71,0,1,10,Unknown,45,Likely Open – recent MMC visit,Test: add to next spine route,Exact MMC coordinate,No deterministically attributed 2026 B2B patient in the supplied referral file
158,Outside Sean Focus – Review,Hold – outside Sean focus,Sean / Sean Sweeney,10,Prospect,Visit / Prospect,Expansion / Test,Michigan Orthopedic Surgeons - Troy,6fdb18a7-08ae-47a1-b793-46b6c7ee7379,Orthopedic,Troy,"4967 Crooks Rd suite 100, Troy, Michigan, 48098",Orthopedic - PT;Orthopedic Surgery,0,0,0,0,,2026-05-06 00:00:00,71,0,1,21,Unknown,45,Likely Open – recent MMC visit,Test: add to next spine route,Exact MMC coordinate,No deterministically attributed 2026 B2B patient in the supplied referral file
159,Outside Sean Focus – Review,Hold – outside Sean focus,Sean / Sean Sweeney,10,Prospect,Visit / Prospect,Expansion / Test,North Oakland Internists,c8cbcf8b-4aa4-4011-8d68-19fae889caac,PCP,Auburn Hills,"3100 Cross Creek Pkwy ste 220, Auburn Hills, Michigan, 48326",Internal Medicine/PCP,0,0,0,0,,2026-06-02 00:00:00,44,0,3,4,Unknown,45,Likely Open – recent MMC visit,Test: add to next spine route,Exact MMC coordinate,No deterministically attributed 2026 B2B patient in the supplied referral file
160,Outside Sean Focus – Review,Hold – outside Sean focus,Sean / Sean Sweeney,10,Prospect,Visit / Prospect,Current / Maintain,Silver Pine Medical Group - Washington,1265581730,PCP,Washington,"57850 Van Dyke Ave #100, Washington, Michigan, 48094",Internal Medicine/PCP,0,0,0,0,,2026-06-22 00:00:00,24,1,1,3,Unknown,45,Likely Open – recent MMC visit,Keep: reinforce spine access,Exact MMC coordinate,No deterministically attributed 2026 B2B patient in the supplied referral file
161,Outside Sean Focus – Review,Hold – outside Sean focus,Sean / Sean Sweeney,10,Prospect,Visit / Prospect,Expansion / Test,Troy Family Practice,c0726f10-f8db-4b5e-b4db-86b28a64fe5c,PCP,Troy,"2041 E Square Lake Rd suite 300, Troy, Michigan, 48085",Internal Medicine/PCP,0,0,0,0,,2026-06-05 00:00:00,41,0,3,4,Unknown,45,Likely Open – recent MMC visit,Test: add to next spine route,Exact MMC coordinate,No deterministically attributed 2026 B2B patient in the supplied referral file
162,Outside Sean Focus – Review,Hold – outside Sean focus,Sean / Sean Sweeney,10,Prospect,Visit / Prospect,Current / Maintain,WARREN MEDICAL,065aadab-0cbb-4d19-86de-28b68a78c5fa,PCP,DEARBORN,"12940 W WARREN AVE, DEARBORN, MI, 48126",Internal Medicine/PCP,0,0,0,0,,2026-06-29 00:00:00,17,1,1,4,Unknown,45,Likely Open – recent MMC visit,Keep: reinforce spine access,Exact MMC coordinate,No deterministically attributed 2026 B2B patient in the supplied referral file
163,Outside Sean Focus – Review,Hold – outside Sean focus,Sean / Sean Sweeney,10,Prospect,Visit / Prospect,Expansion / Test,WILLIAM BEAUMONT HOSPITAL CENTER FOR PAIN MEDICINE,d82fac56-aca3-453e-8768-e3cc4abf8d84,Orthopedic,ROYAL OAK,"4949 COOLIDGE HWY STE G, ROYAL OAK, Michigan, MI 48073",Spine,0,0,0,0,,2026-05-20 00:00:00,57,0,1,4,Unknown,45,Likely Open – recent MMC visit,Test: add to next spine route,Exact MMC coordinate,No deterministically attributed 2026 B2B patient in the supplied referral file
164,Outside Sean Focus – Review,Hold – outside Sean focus,Sean / Sean Sweeney,9,Prospect,Visit / Prospect,Expansion / Test,Absolute wellness chiropractic,62d47d64-efe1-43dd-9a0b-f4d75f2031c3,Chiropractor,Clawson,"625 W 14 Mile Rd, Clawson, Michigan, 48017",Chiropractor,0,0,0,0,,2026-06-08 00:00:00,38,0,2,1,Unknown,45,Likely Open – recent MMC visit,Test: add to next spine route,Exact MMC coordinate,No deterministically attributed 2026 B2B patient in the supplied referral file
165,Outside Sean Focus – Review,Hold – outside Sean focus,Sean / Sean Sweeney,9,Prospect,Visit / Prospect,Expansion / Test,Advanced Health Chiropractic,cecc3d94-9008-4e8c-bbb2-069b0c4f5fcb,Chiropractor,Rochester Hills,"6585 Rochester Rd, Rochester Hills, Michigan, 48307",Chiropractor,0,0,0,0,,2026-06-09 00:00:00,37,0,1,2,Unknown,45,Likely Open – recent MMC visit,Test: add to next spine route,Exact MMC coordinate,No deterministically attributed 2026 B2B patient in the supplied referral file
166,Outside Sean Focus – Review,Hold – outside Sean focus,Sean / Sean Sweeney,9,Prospect,Visit / Prospect,Expansion / Test,Advanced Primary Care,56f69f53-18a5-4b41-9f51-39a064965a82,PCP,Troy,"2888 E Long Lake Rd ste 105, Troy, Michigan, 48085",Internal Medicine/PCP,0,0,0,0,,2026-06-05 00:00:00,41,0,1,2,Unknown,45,Likely Open – recent MMC visit,Test: add to next spine route,Exact MMC coordinate,No deterministically attributed 2026 B2B patient in the supplied referral file
167,Outside Sean Focus – Review,Hold – outside Sean focus,Sean / Sean Sweeney,9,Prospect,Visit / Prospect,Expansion / Test,Clairpointe Family Chiropractic,1dd5d50d-eb6b-4600-8f96-515c63bd5fac,Chiropractor,Grosse Pointe,"18720 Mack Ave Ste 120, Grosse Pointe, Michigan, 48236",Chiropractor,0,0,0,0,,2026-06-03 00:00:00,43,0,1,2,Unknown,45,Likely Open – recent MMC visit,Test: add to next spine route,Exact MMC coordinate,No deterministically attributed 2026 B2B patient in the supplied referral file
168,Outside Sean Focus – Review,Hold – outside Sean focus,Sean / Sean Sweeney,9,Prospect,Visit / Prospect,Expansion / Test,Clearwater Family Medicine,e1d25735-a893-4b22-800e-d0205bf06fe2,PCP,Washington Township,"64321 Van Dyke, Washington Township, Michigan, 48095",Internal Medicine/PCP,0,0,0,0,,2026-05-27 00:00:00,50,0,1,3,Unknown,45,Likely Open – recent MMC visit,Test: add to next spine route,Exact MMC coordinate,No deterministically attributed 2026 B2B patient in the supplied referral file
169,Outside Sean Focus – Review,Hold – outside Sean focus,Sean / Sean Sweeney,9,Prospect,Visit / Prospect,Expansion / Test,Corewell Health Urgent Care - Troy Square Lake,9987970f-e745-49c3-858e-9412593241a2,Urgent Care,Troy,"43037 Dequindre Rd, Troy, MI 48085, United States, Troy, Michigan, 48085",Urgent care,0,0,0,0,,2026-06-04 00:00:00,42,0,2,1,Unknown,45,Likely Open – recent MMC visit,Test: add to next spine route,Exact MMC coordinate,No deterministically attributed 2026 B2B patient in the supplied referral file
170,Outside Sean Focus – Review,Hold – outside Sean focus,Sean / Sean Sweeney,9,Prospect,Visit / Prospect,Expansion / Test,County Creek Family Physicians,6add0584-1457-4c11-93cd-400c9ebc25e4,PCP,Rochester,"4986 Adams Rd, Rochester, Michigan, 48306",Internal Medicine/PCP,0,0,0,0,,2026-06-09 00:00:00,37,0,1,2,Unknown,45,Likely Open – recent MMC visit,Test: add to next spine route,Exact MMC coordinate,No deterministically attributed 2026 B2B patient in the supplied referral file
171,Outside Sean Focus – Review,Hold – outside Sean focus,Sean / Sean Sweeney,9,Prospect,Visit / Prospect,Reactivation,Embody Chiropractic,b06436d7-cb22-4385-be7b-61950a43b575,Chiropractor,Troy,"2888 East Long Lake Road Ste 130, Troy, Michigan, 48085",Chiropractor,0,0,0,0,,2026-06-05 00:00:00,41,0,1,2,Past due,45,Likely Open – recent MMC visit,Increase: visit now; reset cadence,Exact MMC coordinate,No deterministically attributed 2026 B2B patient in the supplied referral file
172,Outside Sean Focus – Review,Hold – outside Sean focus,Sean / Sean Sweeney,9,Prospect,Visit / Prospect,Expansion / Test,Emcura Immediate Care - Grosse Pointe,bf549ea4-0d9c-4877-927c-ed3f99bf0988,Urgent Care,Grosse Pointe Woods,"20599 Mack Ave, Grosse Pointe Woods, Michigan, 48236",Urgent care,0,0,0,0,,2026-06-03 00:00:00,43,0,1,2,Unknown,45,Likely Open – recent MMC visit,Test: add to next spine route,Exact MMC coordinate,No deterministically attributed 2026 B2B patient in the supplied referral file
173,Outside Sean Focus – Review,Hold – outside Sean focus,Sean / Sean Sweeney,9,Prospect,Visit / Prospect,Expansion / Test,Henry Ford Health Primary Care-Dequindre Road,1f15006c-89e3-40e9-b4f0-d88268c4389b,PCP,TROY,"41069 DEQUINDRE RD STE 103, TROY, Michigan, 48085",Internal Medicine/PCP,0,0,0,0,,2026-05-05 00:00:00,72,0,1,3,Unknown,45,Likely Open – recent MMC visit,Test: add to next spine route,Exact MMC coordinate,No deterministically attributed 2026 B2B patient in the supplied referral file
174,Outside Sean Focus – Review,Hold – outside Sean focus,Sean / Sean Sweeney,9,Prospect,Visit / Prospect,Expansion / Test,Henry Ford- GoHealth Urgent Care,3c8aa5aa-74dd-4a8d-92d5-82fa20d6e1fe,Urgent Care,Berkley,"27897 Woodward Ave, Berkley, Michigan, 48072",Urgent care,0,0,0,0,,2026-06-08 00:00:00,38,0,1,3,Unknown,45,Likely Open – recent MMC visit,Test: add to next spine route,Exact MMC coordinate,No deterministically attributed 2026 B2B patient in the supplied referral file
175,Outside Sean Focus – Review,Hold – outside Sean focus,Sean / Sean Sweeney,9,Prospect,Visit / Prospect,Expansion / Test,IEP Urgent Care - Grosse Pointe,d918a4df-8481-4c88-81d6-74ecfceb6111,Urgent Care,Grosse Pointe Woods,"19815 Mack Ave, Grosse Pointe Woods, Michigan, 48236",Urgent care,0,0,0,0,,2026-06-03 00:00:00,43,0,1,2,Unknown,45,Likely Open – recent MMC visit,Test: add to next spine route,Exact MMC coordinate,No deterministically attributed 2026 B2B patient in the supplied referral file
176,Outside Sean Focus – Review,Hold – outside Sean focus,Sean / Sean Sweeney,9,Prospect,Visit / Prospect,Expansion / Test,Kraft Chiropractic Clinic,743a9d0a-c188-41bc-8969-ff483bb6d346,Chiropractor,Rochester Hills,"165 W Auburn Rd, Rochester Hills, Michigan, 48307",Chiropractor,0,0,0,0,,2026-05-27 00:00:00,50,0,3,1,Unknown,45,Likely Open – recent MMC visit,Test: add to next spine route,Exact MMC coordinate,No deterministically attributed 2026 B2B patient in the supplied referral file
177,Outside Sean Focus – Review,Hold – outside Sean focus,Sean / Sean Sweeney,9,Prospect,Visit / Prospect,Expansion / Test,Michigan Knee and Hip - Troy,4cf459a1-3096-493a-b42b-3a45e554f532,Orthopedic,Troy,"6905 Rochester Rd, Troy, Michigan, 48085",Orthopedic Surgery,0,0,0,0,,2026-04-22 00:00:00,85,0,0,6,Unknown,45,Likely Open – recent MMC visit,Test: add to next spine route,Exact MMC coordinate,No deterministically attributed 2026 B2B patient in the supplied referral file
178,Outside Sean Focus – Review,Hold – outside Sean focus,Sean / Sean Sweeney,9,Prospect,Visit / Prospect,Expansion / Test,MyHealth Urgent Care - Washington,a16fd563-cf2b-4941-8741-8aa078e058a7,Urgent Care,Washington,"7701 26 Mile Rd, Washington, Michigan, 48094",Urgent care,0,0,0,0,,2026-05-26 00:00:00,51,0,1,2,Unknown,45,Likely Open – recent MMC visit,Test: add to next spine route,Exact MMC coordinate,No deterministically attributed 2026 B2B patient in the supplied referral file
179,Outside Sean Focus – Review,Hold – outside Sean focus,Sean / Sean Sweeney,9,Prospect,Visit / Prospect,Expansion / Test,NAKKASH AND NAKKASH MEDICAL GROUP,4796e8d2-11c3-43c3-b890-19d19e115a1e,PCP,TROY,"1899 E WATTLES RD, TROY, Michigan, 48085",Internal Medicine/PCP,0,0,0,0,,2026-06-05 00:00:00,41,0,1,2,Unknown,45,Likely Open – recent MMC visit,Test: add to next spine route,Exact MMC coordinate,No deterministically attributed 2026 B2B patient in the supplied referral file
180,Outside Sean Focus – Review,Hold – outside Sean focus,Sean / Sean Sweeney,9,Prospect,Visit / Prospect,Expansion / Test,Neighborhood Primary Care,59c5bbdb-0c27-4437-86f3-467741b77bee,PCP,Orion Township,"1261 S Lapeer Rd ste 202, Orion Township, Michigan, 48360",Internal Medicine/PCP,0,0,0,0,,2026-05-13 00:00:00,64,0,1,2,Unknown,45,Likely Open – recent MMC visit,Test: add to next spine route,Exact MMC coordinate,No deterministically attributed 2026 B2B patient in the supplied referral file
181,Outside Sean Focus – Review,Hold – outside Sean focus,Sean / Sean Sweeney,9,Prospect,Visit / Prospect,Expansion / Test,"Office of Curtis Hunt MD,",1326022781,PCP,Troy,"2888 E Long Lake Rd, Troy, MI, 48085",Internal Medicine/PCP,0,0,0,0,,2026-06-05 00:00:00,41,0,2,1,Unknown,45,Likely Open – recent MMC visit,Test: add to next spine route,Exact MMC coordinate,No deterministically attributed 2026 B2B patient in the supplied referral file
182,Outside Sean Focus – Review,Hold – outside Sean focus,Sean / Sean Sweeney,9,Prospect,Visit / Prospect,Expansion / Test,Pain Away Centers,9d728762-98e3-4ed5-ad74-0a5666e74ee2,Pain,,"5799 W Maple Rd Ste 165 West Bloomfield Township, Michigan, 48322",Pain Management,0,0,0,0,,2026-05-20 00:00:00,57,0,1,2,Unknown,45,Likely Open – recent MMC visit,Test: add to next spine route,Exact MMC coordinate,No deterministically attributed 2026 B2B patient in the supplied referral file
183,Outside Sean Focus – Review,Hold – outside Sean focus,Sean / Sean Sweeney,9,Prospect,Visit / Prospect,Expansion / Test,Pro-Health Urgent Care,8a7eadb6-b69e-4a3a-8b66-2010f31cfd84,Urgent Care,Rochester Hills,"1268 W University Dr., Rochester Hills, Michigan, 48307",Urgent care,0,0,0,0,,2026-05-22 00:00:00,55,0,1,3,Unknown,45,Likely Open – recent MMC visit,Test: add to next spine route,Exact MMC coordinate,No deterministically attributed 2026 B2B patient in the supplied referral file
184,Outside Sean Focus – Review,Hold – outside Sean focus,Sean / Sean Sweeney,9,Prospect,Visit / Prospect,Expansion / Test,Purdy Chiropractic,e1cabdef-6e84-4450-bf92-6811666634a8,Chiropractor,Washington,"64401 Van Dyke Ave, Washington, Michigan, 48095",Chiropractor,0,0,0,0,,2026-05-27 00:00:00,50,0,2,1,Unknown,45,Likely Open – recent MMC visit,Test: add to next spine route,Exact MMC coordinate,No deterministically attributed 2026 B2B patient in the supplied referral file
185,Outside Sean Focus – Review,Hold – outside Sean focus,Sean / Sean Sweeney,9,Prospect,Visit / Prospect,Expansion / Test,Rochester Family Chiropractic,1243ffa0-a9ee-4f96-bd1c-02a04dd60f95,Chiropractor,Rochester Hills,"3062 Walton Boulevard, Rochester Hills, Michigan, 48309",Chiropractor,0,0,0,0,,2026-06-09 00:00:00,37,0,2,1,Unknown,45,Likely Open – recent MMC visit,Test: add to next spine route,Exact MMC coordinate,No deterministically attributed 2026 B2B patient in the supplied referral file
186,Outside Sean Focus – Review,Hold – outside Sean focus,Sean / Sean Sweeney,9,Prospect,Visit / Prospect,Expansion / Test,Rochester Urgent Care,3c4eba1b-a0e6-446b-a99e-5428aa6288f5,Urgent Care,Rochester Hills,"2915 Walton Blvd., Rochester Hills, Michigan, 48309",Urgent care,0,0,0,0,,2026-06-09 00:00:00,37,0,1,2,Unknown,45,Likely Open – recent MMC visit,Test: add to next spine route,Exact MMC coordinate,No deterministically attributed 2026 B2B patient in the supplied referral file
187,Outside Sean Focus – Review,Hold – outside Sean focus,Sean / Sean Sweeney,9,Prospect,Visit / Prospect,Expansion / Test,Sheldon Chiropractic & Wellness,e58ff402-5e62-4803-897d-c542b9bf3220,Chiropractor,Auburn Hills,"32 S Squirrel Rd, Auburn Hills, Michigan, 48326",Chiropractor,0,0,0,0,,2026-06-08 00:00:00,38,0,1,2,Unknown,45,Likely Open – recent MMC visit,Test: add to next spine route,Exact MMC coordinate,No deterministically attributed 2026 B2B patient in the supplied referral file
188,Outside Sean Focus – Review,Hold – outside Sean focus,Sean / Sean Sweeney,9,Prospect,Visit / Prospect,Expansion / Test,The Joint Chiropractic - Royal Oak,ada75887-b02a-4103-96d1-2d6fd258975f,Chiropractor,Royal Oak,"815 S Main St, Royal Oak, Michigan, 48067",Chiropractor,0,0,0,0,,2026-05-12 00:00:00,65,0,1,4,Unknown,45,Likely Open – recent MMC visit,Test: add to next spine route,Exact MMC coordinate,No deterministically attributed 2026 B2B patient in the supplied referral file
189,Outside Sean Focus – Review,Hold – outside Sean focus,Sean / Sean Sweeney,9,Prospect,Visit / Prospect,Expansion / Test,Village Health Urgent and Family Care,1306939285,Urgent Care,Washington,"12150 30 Mile Rd, ste 101, Washington, Michigan, 48095",Urgent care;Internal Medicine/PCP,0,0,0,0,,2026-05-27 00:00:00,50,0,1,5,Unknown,45,Likely Open – recent MMC visit,Test: add to next spine route,Exact MMC coordinate,No deterministically attributed 2026 B2B patient in the supplied referral file
190,Outside Sean Focus – Review,Hold – outside Sean focus,Sean / Sean Sweeney,8,Prospect,Visit / Prospect,Expansion / Test,Active Health Chiropractic Clinic,5138851e-e580-4132-807a-863711bf577b,Chiropractor,Village of Clarkston,"7743 Sashabaw Rd, Village of Clarkston, Michigan, 48346",Chiropractor,0,0,0,0,,2026-06-02 00:00:00,44,0,1,1,Unknown,45,Likely Open – recent MMC visit,Test: add to next spine route,Exact MMC coordinate,No deterministically attributed 2026 B2B patient in the supplied referral file
191,Outside Sean Focus – Review,Hold – outside Sean focus,Sean / Sean Sweeney,8,Prospect,Visit / Prospect,Reactivation,AS Medical Group,f7f3d021-5ea1-4430-b650-f06bc9e9c0f2,Pain,Madison Heights,"32600 John R Road, Madison Heights, Michigan, 48071",Pain Management,0,0,0,0,,2025-03-07 00:00:00,496,0,0,1,Unknown,45,Verify before route,Test: re-engage and qualify spine,Exact MMC coordinate,No deterministically attributed 2026 B2B patient in the supplied referral file
192,Outside Sean Focus – Review,Hold – outside Sean focus,Sean / Sean Sweeney,8,Prospect,Visit / Prospect,Reactivation,ASCENSION MEDICAL GROUP AUBURN HILLS PRIMARY CARE,738761ab-282a-4e37-a798-5fb32f137cd3,PCP,AUBURN HILLS,"2251 N Squirrel Rd, ste 201b, AUBURN HILLS, Michigan, 48326",Internal Medicine/PCP,0,0,0,0,,2026-03-23 00:00:00,115,0,0,3,Unknown,45,Likely Open – recent MMC visit,Test: re-engage and qualify spine,Exact MMC coordinate,No deterministically attributed 2026 B2B patient in the supplied referral file
193,Outside Sean Focus – Review,Hold – outside Sean focus,Sean / Sean Sweeney,8,Prospect,Visit / Prospect,Reactivation,Auburn Hills Medical Clinic,1598856841,PCP,Auburn Hills,"3095 E Walton Blvd, Auburn Hills, MI, 48326",Internal Medicine/PCP,0,0,0,0,,2026-03-23 00:00:00,115,0,0,3,Unknown,45,Likely Open – recent MMC visit,Test: re-engage and qualify spine,Exact MMC coordinate,No deterministically attributed 2026 B2B patient in the supplied referral file
194,Outside Sean Focus – Review,Hold – outside Sean focus,Sean / Sean Sweeney,8,Prospect,Visit / Prospect,Expansion / Test,Back and Neck Chiropractic Wellness Center,c6e59a01-04d6-4d38-8870-f1d5aefeedd8,Chiropractor,Troy,"1977 E Wattles Rd, Troy, Michigan, 48085",Chiropractor,0,0,0,0,,2026-06-05 00:00:00,41,0,1,1,Unknown,45,Likely Open – recent MMC visit,Test: add to next spine route,Exact MMC coordinate,No deterministically attributed 2026 B2B patient in the supplied referral file
195,Outside Sean Focus – Review,Hold – outside Sean focus,Sean / Sean Sweeney,8,Prospect,Visit / Prospect,Reactivation,Beaumont Internal Medicine - Berkley,7f34f403-3ebe-40cb-8ac9-0a313e03c54b,PCP,Berkley,"1949 Twelve Mile Rd ste 100, Berkley, Michigan, 48072",Internal Medicine/PCP,0,0,0,0,,2026-03-23 00:00:00,115,0,0,13,Unknown,45,Likely Open – recent MMC visit,Test: re-engage and qualify spine,Exact MMC coordinate,No deterministically attributed 2026 B2B patient in the supplied referral file
196,Outside Sean Focus – Review,Hold – outside Sean focus,Sean / Sean Sweeney,8,Prospect,Visit / Prospect,Reactivation,Birmingham Royal Oak Medical Group,1184704728,PCP,Royal Oak,"5130 Coolidge Hwy, Royal Oak, MI, 48073",Internal Medicine/PCP,0,0,0,0,,2026-03-13 00:00:00,125,0,0,5,Unknown,45,Likely Open – recent MMC visit,Test: re-engage and qualify spine,Exact MMC coordinate,No deterministically attributed 2026 B2B patient in the supplied referral file
197,Outside Sean Focus – Review,Hold – outside Sean focus,Sean / Sean Sweeney,8,Prospect,Visit / Prospect,Reactivation,Carecore Health Center,3ff84339-c8a8-4a77-9204-d38129f6fe7f,PCP,Troy,"5032 Rochester Rd, ste 200, Troy, Michigan, 48085",Internal Medicine/PCP,0,0,0,0,,2026-04-14 00:00:00,93,0,0,2,Unknown,45,Likely Open – recent MMC visit,Test: re-engage and qualify spine,Exact MMC coordinate,No deterministically attributed 2026 B2B patient in the supplied referral file
198,Outside Sean Focus – Review,Hold – outside Sean focus,Sean / Sean Sweeney,8,Prospect,Visit / Prospect,Expansion / Test,Chiropractic & Integrative Health Specialists,a9ba5684-e0cf-4ea2-86e3-4d22636954e2,Chiropractor,West Bloomfield,"5829 W Maple Rd Ste 123, West Bloomfield, Michigan, 48322",Chiropractor,0,0,0,0,,2026-05-20 00:00:00,57,0,1,1,Unknown,45,Likely Open – recent MMC visit,Test: add to next spine route,Exact MMC coordinate,No deterministically attributed 2026 B2B patient in the supplied referral file
199,Outside Sean Focus – Review,Hold – outside Sean focus,Sean / Sean Sweeney,8,Prospect,Visit / Prospect,Expansion / Test,Complete Spine and Joint Center,7018518b-9096-4e4b-81a1-93f832371742,Chiropractor,Royal Oak,"1638 E Lincoln Ave, Royal Oak, Michigan, 48067",Chiropractor,0,0,0,0,,2026-05-18 00:00:00,59,0,1,1,Unknown,45,Likely Open – recent MMC visit,Test: add to next spine route,Exact MMC coordinate,No deterministically attributed 2026 B2B patient in the supplied referral file
200,Outside Sean Focus – Review,Hold – outside Sean focus,Sean / Sean Sweeney,8,Prospect,Visit / Prospect,Expansion / Test,Corewell Health Urgent Care,95936ffa-cdaf-4522-977c-bb5d4e9474d5,Urgent Care,ROYAL OAK,"30955 WOODWARD AVE STE 705, ROYAL OAK, Michigan",Urgent care,0,0,0,0,,2026-06-08 00:00:00,38,0,1,1,Unknown,45,Likely Open – recent MMC visit,Test: add to next spine route,Exact MMC coordinate,No deterministically attributed 2026 B2B patient in the supplied referral file
201,Outside Sean Focus – Review,Hold – outside Sean focus,Sean / Sean Sweeney,8,Prospect,Visit / Prospect,Expansion / Test,Embrace Life Chiropractic,138c0606-2313-4642-9769-718345fe8abf,Chiropractor,Rochester Hills,"2100 W Auburn Rd, Rochester Hills, Michigan, 48309",Chiropractor,0,0,0,0,,2026-05-22 00:00:00,55,0,1,1,Unknown,45,Likely Open – recent MMC visit,Test: add to next spine route,Exact MMC coordinate,No deterministically attributed 2026 B2B patient in the supplied referral file
202,Outside Sean Focus – Review,Hold – outside Sean focus,Sean / Sean Sweeney,8,Prospect,Visit / Prospect,Expansion / Test,Epic Healthcare - Royal Oak,1591d571-f2bb-48d8-9d19-771a589e07e9,PCP,Royal Oak,"26300 Woodward Ave, Royal Oak, Michigan, 48067",Internal Medicine/PCP,0,0,0,0,,2026-05-12 00:00:00,65,0,1,1,Unknown,45,Likely Open – recent MMC visit,Test: add to next spine route,Exact MMC coordinate,No deterministically attributed 2026 B2B patient in the supplied referral file
203,Outside Sean Focus – Review,Hold – outside Sean focus,Sean / Sean Sweeney,8,Prospect,Visit / Prospect,Expansion / Test,Evolution Chiropractic Health and Sport Fitness,b0cae484-42c9-40d8-9ec3-c7a5417fd2ce,Chiropractor,Troy,"2041 E Square Lake Rd ste 500, Troy, Michigan, 48085",Chiropractor,0,0,0,0,,2026-06-05 00:00:00,41,0,1,1,Unknown,45,Likely Open – recent MMC visit,Test: add to next spine route,Exact MMC coordinate,No deterministically attributed 2026 B2B patient in the supplied referral file
204,Outside Sean Focus – Review,Hold – outside Sean focus,Sean / Sean Sweeney,8,Prospect,Visit / Prospect,Reactivation,Henry Ford Macomb Primary Care - Washington,23c092a1-dde7-4080-9cc5-19c0a7def954,PCP,Washington,"12150 30 Mile Rd ste 201, Washington, Michigan, 48095",Internal Medicine/PCP,0,0,0,0,,2026-03-17 00:00:00,121,0,0,3,Unknown,45,Likely Open – recent MMC visit,Test: re-engage and qualify spine,Exact MMC coordinate,No deterministically attributed 2026 B2B patient in the supplied referral file
205,Outside Sean Focus – Review,Hold – outside Sean focus,Sean / Sean Sweeney,8,Prospect,Visit / Prospect,Expansion / Test,Kraft Chiropractic,9afd3a8e-7eb0-43b4-bea6-02b810398765,Chiropractor,Troy,"3330 Rochester Rd, Troy, Michigan, 48083",Chiropractor,0,0,0,0,,2026-05-01 00:00:00,76,0,1,1,Unknown,45,Likely Open – recent MMC visit,Test: add to next spine route,Exact MMC coordinate,No deterministically attributed 2026 B2B patient in the supplied referral file
206,Outside Sean Focus – Review,Hold – outside Sean focus,Sean / Sean Sweeney,8,Prospect,Visit / Prospect,Reactivation,LaFontaine Internal Medicine,1396742151,PCP,Grosse Pointe,"18601 Mack Ave, ste 2, Grosse Pointe, MI, 482363250",Internal Medicine/PCP,0,0,0,0,,2026-03-19 00:00:00,119,0,0,2,Unknown,45,Likely Open – recent MMC visit,Test: re-engage and qualify spine,Exact MMC coordinate,No deterministically attributed 2026 B2B patient in the supplied referral file
207,Outside Sean Focus – Review,Hold – outside Sean focus,Sean / Sean Sweeney,8,Prospect,Visit / Prospect,Expansion / Test,Livewell Medical Clinic,1bda0957-7259-4436-b54d-618aed3a063d,PCP,Highland Park,"1535 E State Fair, Highland Park, Michigan, 48203",Internal Medicine/PCP,0,0,0,0,,2026-05-21 00:00:00,56,0,1,1,Unknown,45,Likely Open – recent MMC visit,Test: add to next spine route,Exact MMC coordinate,No deterministically attributed 2026 B2B patient in the supplied referral file
208,Outside Sean Focus – Review,Hold – outside Sean focus,Sean / Sean Sweeney,8,Prospect,Visit / Prospect,Reactivation,Madison Heights Chiropractic Center,3eedce2a-9e07-4078-ab62-44d336110ba5,Chiropractor,Madison Heights,"28107 John R Rd, Madison Heights, MI, 480712710",Chiropractor,0,0,0,0,,2026-03-25 00:00:00,113,0,0,3,Unknown,45,Likely Open – recent MMC visit,Test: re-engage and qualify spine,Exact MMC coordinate,No deterministically attributed 2026 B2B patient in the supplied referral file
209,Outside Sean Focus – Review,Hold – outside Sean focus,Sean / Sean Sweeney,8,Prospect,Visit / Prospect,Reactivation,Michigan Physicians Group - Berkley,1639156441,PCP,Berkley,"2905 Twelve Mile Road, Berkley, Michigan, 48072",Internal Medicine/PCP,0,0,0,0,,2026-03-23 00:00:00,115,0,0,5,Unknown,45,Likely Open – recent MMC visit,Test: re-engage and qualify spine,Exact MMC coordinate,No deterministically attributed 2026 B2B patient in the supplied referral file
210,Outside Sean Focus – Review,Hold – outside Sean focus,Sean / Sean Sweeney,8,Prospect,Visit / Prospect,Expansion / Test,MiLife Health & Wellness,432734dc-735c-41b0-b5ff-a10a6ee2dab1,PCP,Madison Heights,"300 W 13 Mile Rd, Madison Heights, Michigan, 48071",Internal Medicine/PCP,0,0,0,0,,2026-05-18 00:00:00,59,0,1,1,Unknown,45,Likely Open – recent MMC visit,Test: add to next spine route,Exact MMC coordinate,No deterministically attributed 2026 B2B patient in the supplied referral file
211,Outside Sean Focus – Review,Hold – outside Sean focus,Sean / Sean Sweeney,8,Prospect,Visit / Prospect,Expansion / Test,Office of Bassam Matti MD,bae06525-7767-440d-9dcd-17d18fc13420,PCP,Grosse Pointe,"468 Cadieux Rd, Grosse Pointe, Michigan, 48230",Internal Medicine/PCP,0,0,0,0,,2026-06-03 00:00:00,43,0,1,1,Unknown,45,Likely Open – recent MMC visit,Test: add to next spine route,Exact MMC coordinate,No deterministically attributed 2026 B2B patient in the supplied referral file
212,Outside Sean Focus – Review,Hold – outside Sean focus,Sean / Sean Sweeney,8,Prospect,Visit / Prospect,Expansion / Test,Office of Peter Samet MD,1447293246,Orthopedic,Ferndale,"641 W 9 Mile Rd, Ferndale, MI, 48220",Physiatry,0,0,0,0,,2026-04-22 00:00:00,85,0,0,1,Unknown,45,Likely Open – recent MMC visit,Test: add to next spine route,Exact MMC coordinate,No deterministically attributed 2026 B2B patient in the supplied referral file
213,Outside Sean Focus – Review,Hold – outside Sean focus,Sean / Sean Sweeney,8,Prospect,Visit / Prospect,Expansion / Test,Office of Robin Samyn MD,1275525198,PCP,Grosse Pointe Woods,"20825 Mack Ave, Grosse Pointe Woods, Michigan, 48236",Internal Medicine/PCP,0,0,0,0,,2026-06-03 00:00:00,43,0,1,1,Unknown,45,Likely Open – recent MMC visit,Test: add to next spine route,Exact MMC coordinate,No deterministically attributed 2026 B2B patient in the supplied referral file
214,Outside Sean Focus – Review,Hold – outside Sean focus,Sean / Sean Sweeney,8,Prospect,Visit / Prospect,Expansion / Test,Office of Steven Minnick MD,55411fc7-f7ca-4227-919c-cccbff7dacee,PCP,Grosse Pointe,"22151 Moross Rd g33, Grosse Pointe, Michigan, 48236",Internal Medicine/PCP,0,0,0,0,,2026-06-03 00:00:00,43,0,1,1,Unknown,45,Likely Open – recent MMC visit,Test: add to next spine route,Exact MMC coordinate,No deterministically attributed 2026 B2B patient in the supplied referral file
215,Outside Sean Focus – Review,Hold – outside Sean focus,Sean / Sean Sweeney,8,Prospect,Visit / Prospect,Reactivation,One Health,0daacd4e-c7e1-4704-b9d1-efe7f6b22924,Urgent Care,South Lyon,"12660 10 Mile Rd, South Lyon, Michigan, 48178",Urgent care;Internal Medicine/PCP,0,0,0,0,,2026-03-04 00:00:00,134,0,0,3,Unknown,45,Likely Open – recent MMC visit,Test: re-engage and qualify spine,Exact MMC coordinate,No deterministically attributed 2026 B2B patient in the supplied referral file
216,Outside Sean Focus – Review,Hold – outside Sean focus,Sean / Sean Sweeney,8,Prospect,Visit / Prospect,Reactivation,One Health Community Care,ae33622e-dac2-4241-92df-718b9ce3cc61,PCP,Detroit,"22711 Grand River, Detroit, Michigan, 48219",Internal Medicine/PCP,0,0,0,0,,2026-02-24 00:00:00,142,0,0,7,Unknown,45,Likely Open – recent MMC visit,Test: re-engage and qualify spine,Exact MMC coordinate,No deterministically attributed 2026 B2B patient in the supplied referral file
217,Outside Sean Focus – Review,Hold – outside Sean focus,Sean / Sean Sweeney,8,Prospect,Visit / Prospect,Reactivation,Opdyke Medical,2880b297-388c-497a-9db9-377f392d2887,PCP,Pontiac,"3959 Centerpoint Pkwy, Pontiac, Michigan, 48341",Internal Medicine/PCP,0,0,0,0,,2026-03-13 00:00:00,125,0,0,6,Unknown,45,Likely Open – recent MMC visit,Test: re-engage and qualify spine,Exact MMC coordinate,No deterministically attributed 2026 B2B patient in the supplied referral file
218,Outside Sean Focus – Review,Hold – outside Sean focus,Sean / Sean Sweeney,8,Prospect,Visit / Prospect,Expansion / Test,Peer Chiropractic,1679543292,Chiropractor,Rochester,"3950 S Rocherster Rd, Rochester, MI, 483075160",Chiropractor,0,0,0,0,,2026-06-09 00:00:00,37,0,1,1,Unknown,45,Likely Open – recent MMC visit,Test: add to next spine route,Exact MMC coordinate,No deterministically attributed 2026 B2B patient in the supplied referral file
219,Outside Sean Focus – Review,Hold – outside Sean focus,Sean / Sean Sweeney,8,Prospect,Visit / Prospect,Reactivation,Providence Medical Center - South Lyon,367eabbf-8d5c-49d7-bd04-2c9b6a2c3c0b,PCP,South Lyon,"210 N Lafayette St, South Lyon, Michigan, 48178",Internal Medicine/PCP,0,0,0,0,,2026-03-04 00:00:00,134,0,0,14,Unknown,45,Likely Open – recent MMC visit,Test: re-engage and qualify spine,Exact MMC coordinate,No deterministically attributed 2026 B2B patient in the supplied referral file
220,Outside Sean Focus – Review,Hold – outside Sean focus,Sean / Sean Sweeney,8,Prospect,Visit / Prospect,Reactivation,Rochester Community Primary Care - Ascension,4262f685-06fc-4639-bb62-4d0bdb225ca0,PCP,Rochester Hills,"1000 W University Dr ste 100, Rochester Hills, Michigan, 48307",Internal Medicine/PCP,0,0,0,0,,2026-03-17 00:00:00,121,0,0,5,Unknown,45,Likely Open – recent MMC visit,Test: re-engage and qualify spine,Exact MMC coordinate,No deterministically attributed 2026 B2B patient in the supplied referral file
221,Outside Sean Focus – Review,Hold – outside Sean focus,Sean / Sean Sweeney,8,Prospect,Visit / Prospect,Reactivation,Romeo Family Practice,03-690-4915,PCP,Washington,"64580 Van Dyke Rd ste c, Washington, MI, 48095",Internal Medicine/PCP,0,0,0,0,,2026-03-17 00:00:00,121,0,0,6,Unknown,45,Likely Open – recent MMC visit,Test: re-engage and qualify spine,Exact MMC coordinate,No deterministically attributed 2026 B2B patient in the supplied referral file
222,Outside Sean Focus – Review,Hold – outside Sean focus,Sean / Sean Sweeney,8,Prospect,Visit / Prospect,Reactivation,The Joint Chiropractic - Troy,76c4006f-b4ff-4e44-837c-b7f1861f1a8b,Chiropractor,Troy,"788 E Big Beaver Rd Troy, Troy, Michigan, 48083",Chiropractor,0,0,0,0,,2026-03-25 00:00:00,113,0,0,4,Unknown,45,Likely Open – recent MMC visit,Test: re-engage and qualify spine,Exact MMC coordinate,No deterministically attributed 2026 B2B patient in the supplied referral file
223,Outside Sean Focus – Review,Hold – outside Sean focus,Sean / Sean Sweeney,8,Prospect,Visit / Prospect,Reactivation,Trinity IHA Primary & Urgent Care - South Lyon,efc01329-3254-49cb-8fd4-1a6de92fe5ba,PCP,South Lyon,"23200 Pontiac Trail, South Lyon, MI, 48178",Internal Medicine/PCP,0,0,0,0,,2026-03-04 00:00:00,134,0,0,5,Unknown,45,Likely Open – recent MMC visit,Test: re-engage and qualify spine,Exact MMC coordinate,No deterministically attributed 2026 B2B patient in the supplied referral file
224,Outside Sean Focus – Review,Hold – outside Sean focus,Sean / Sean Sweeney,8,Prospect,Visit / Prospect,Reactivation,Troy Urgent Care,9ec6b0b9-6a5a-4350-a95d-3b157fd44824,Urgent Care,Troy,"4060 Rochester Road, Troy, Michigan, 48085",Urgent care,0,0,0,0,,2026-03-27 00:00:00,111,0,0,3,Unknown,45,Likely Open – recent MMC visit,Test: re-engage and qualify spine,Exact MMC coordinate,No deterministically attributed 2026 B2B patient in the supplied referral file
225,Outside Sean Focus – Review,Hold – outside Sean focus,Sean / Sean Sweeney,8,Prospect,Visit / Prospect,Expansion / Test,Upchurch Chiropractic,e0f7dcb7-addc-4737-a549-eb0c50cd993e,Chiropractor,Royal Oak,"2436 Rochester Rd, Royal Oak, Michigan, 48073",Chiropractor,0,0,0,0,,2026-05-12 00:00:00,65,0,1,1,Unknown,45,Likely Open – recent MMC visit,Test: add to next spine route,Exact MMC coordinate,No deterministically attributed 2026 B2B patient in the supplied referral file
226,Outside Sean Focus – Review,Hold – outside Sean focus,Sean / Sean Sweeney,8,Prospect,Visit / Prospect,Reactivation,VanEvery Family Chiropractic Center,fd9a8bf3-91d4-46b0-83bf-30fbcacd7d81,Chiropractor,Royal Oak,"4203 Rochester Rd, Royal Oak, Michigan, 48073",Chiropractor,0,0,0,0,,2026-03-13 00:00:00,125,0,0,2,Unknown,45,Likely Open – recent MMC visit,Test: re-engage and qualify spine,Exact MMC coordinate,No deterministically attributed 2026 B2B patient in the supplied referral file
227,Outside Sean Focus – Review,Hold – outside Sean focus,Sean / Sean Sweeney,8,Prospect,Visit / Prospect,Reactivation,Village Medical - South Lyon Family Physicians,1770582793,PCP,South Lyon,"12660 10 mile Rd, South Lyon, MI, 48178",Internal Medicine/PCP,0,0,0,0,,2026-03-04 00:00:00,134,0,0,4,Unknown,45,Likely Open – recent MMC visit,Test: re-engage and qualify spine,Exact MMC coordinate,No deterministically attributed 2026 B2B patient in the supplied referral file
228,Outside Sean Focus – Review,Hold – outside Sean focus,Sean / Sean Sweeney,7,Prospect,Visit / Prospect,Expansion / Test,1st Choice Urgent Care- Rochester,a86dc162-e205-4e2c-a7ef-b46512dc14ba,Urgent Care,Rochester Hills,"2952 S Rochester Rd, Rochester Hills, Michigan, 48307",Urgent care,0,0,0,0,,2026-06-05 00:00:00,41,0,2,0,Unknown,45,Likely Open – recent MMC visit,Test: add to next spine route,Exact MMC coordinate,No deterministically attributed 2026 B2B patient in the supplied referral file
229,Outside Sean Focus – Review,Hold – outside Sean focus,Sean / Sean Sweeney,7,Prospect,Visit / Prospect,Reactivation,ADVANCE MEDICAL HOME PHYSICIANS,f7057c59-a9e2-4860-882c-35356925e1e7,PCP,TROY,"2888 E LONG LAKE RD STE 150, TROY, Michigan, 48085",Internal Medicine/PCP,0,0,0,0,,2026-03-25 00:00:00,113,0,0,1,Unknown,45,Likely Open – recent MMC visit,Test: re-engage and qualify spine,Exact MMC coordinate,No deterministically attributed 2026 B2B patient in the supplied referral file
230,Outside Sean Focus – Review,Hold – outside Sean focus,Sean / Sean Sweeney,7,Prospect,Visit / Prospect,Reactivation,"Beaumont Royal Oak - Hospital Consultants, PC",1295719409,ER / Hospital,Royal Oak,"3601 W 13 Mile Rd, Royal Oak, MI, 480736712",Hospitalist,0,0,0,0,,2026-02-23 00:00:00,143,0,0,2,Unknown,45,Likely Open – recent MMC visit,Test: re-engage and qualify spine,Exact MMC coordinate,No deterministically attributed 2026 B2B patient in the supplied referral file
231,Outside Sean Focus – Review,Hold – outside Sean focus,Sean / Sean Sweeney,7,Prospect,Visit / Prospect,Reactivation,Bi County Health Urgent Care,66a4e7af-d40d-44b4-95b7-83984f1d24ff,Urgent Care,Detroit,"116 8 Mile Rd, Detroit, Michigan",Urgent care,0,0,0,0,,2026-02-17 00:00:00,149,0,0,1,Unknown,45,Likely Open – recent MMC visit,Test: re-engage and qualify spine,Exact MMC coordinate,No deterministically attributed 2026 B2B patient in the supplied referral file
232,Outside Sean Focus – Review,Hold – outside Sean focus,Sean / Sean Sweeney,7,Prospect,Visit / Prospect,Reactivation,Chesterfield Family Chiropractic - Pontiac,cbc6eeec-d414-4adb-a286-adc0225234e8,Chiropractor,Pontiac,"133 S Telegraph Rd, Pontiac, MI, 48341",Chiropractor,0,0,0,0,,2025-03-18 00:00:00,485,0,0,1,Unknown,45,Verify before route,Test: re-engage and qualify spine,Exact MMC coordinate,No deterministically attributed 2026 B2B patient in the supplied referral file
233,Outside Sean Focus – Review,Hold – outside Sean focus,Sean / Sean Sweeney,7,Prospect,Visit / Prospect,Reactivation,Eisman Chiropractic Clinic,680423a8-4a33-4a8e-b2d3-61b7778233d6,Chiropractor,Detroit,"17401 Greenfield, Detroit, MI, 48235",Chiropractor,0,0,0,0,,2026-02-18 00:00:00,148,0,0,1,Unknown,45,Likely Open – recent MMC visit,Test: re-engage and qualify spine,Exact MMC coordinate,No deterministically attributed 2026 B2B patient in the supplied referral file
234,Outside Sean Focus – Review,Hold – outside Sean focus,Sean / Sean Sweeney,7,Prospect,Visit / Prospect,Reactivation,GetWell Urgent Care,6988fcda-1e8b-4a33-aa04-cdab4472c7a9,Urgent Care,Detroit,"19335 Grand River Ave, Detroit, Michigan, 48223",Urgent care,0,0,0,0,,2026-02-18 00:00:00,148,0,0,1,Unknown,45,Likely Open – recent MMC visit,Test: re-engage and qualify spine,Exact MMC coordinate,No deterministically attributed 2026 B2B patient in the supplied referral file
235,Outside Sean Focus – Review,Hold – outside Sean focus,Sean / Sean Sweeney,7,Prospect,Visit / Prospect,Reactivation,Gregory Clague DO,b2c35755-69e0-4325-9ece-76ce4295f3b7,PCP,Oak Park,"10300 W 9 Mile Rd, Oak Park, MI, 48237",Internal Medicine/PCP,0,0,0,0,,2025-04-23 00:00:00,449,0,0,1,Unknown,45,Verify before route,Test: re-engage and qualify spine,Exact MMC coordinate,No deterministically attributed 2026 B2B patient in the supplied referral file
236,Outside Sean Focus – Review,Hold – outside Sean focus,Sean / Sean Sweeney,7,Prospect,Visit / Prospect,Expansion / Test,IEP Urgent Care - Ferndale,94dc1578-a97b-49be-89f7-eceebcf39b9e,Urgent Care,Ferndale,"1111 West Nine Mile Road, Ferndale, Michigan, 48220",Urgent care,0,0,0,0,,2026-04-22 00:00:00,85,0,0,1,Unknown,45,Likely Open – recent MMC visit,Test: add to next spine route,Exact MMC coordinate,No deterministically attributed 2026 B2B patient in the supplied referral file
237,Outside Sean Focus – Review,Hold – outside Sean focus,Sean / Sean Sweeney,7,Prospect,Visit / Prospect,Reactivation,Livernois Primary and Urgent Care,ec0a00f1-51cd-41e6-b55a-50b9d4644067,Urgent Care,Detroit,"18254 Livernois, Detroit, Michigan, 48221",Urgent care,0,0,0,0,,2026-02-18 00:00:00,148,0,0,1,Unknown,45,Likely Open – recent MMC visit,Test: re-engage and qualify spine,Exact MMC coordinate,No deterministically attributed 2026 B2B patient in the supplied referral file
238,Outside Sean Focus – Review,Hold – outside Sean focus,Sean / Sean Sweeney,7,Prospect,Visit / Prospect,Expansion / Test,Lukosavich Chiropractic Center,b5fccab1-1908-43a7-9f1e-bc743c6c9cd0,Chiropractor,,"48881 Hayes Rd Shelby Township, Michigan, 48315",Chiropractor,0,0,0,0,,2026-05-06 00:00:00,71,0,1,1,Unknown,45,Likely Open – recent MMC visit,Test: add to next spine route,Exact MMC coordinate,No deterministically attributed 2026 B2B patient in the supplied referral file
239,Outside Sean Focus – Review,Hold – outside Sean focus,Sean / Sean Sweeney,7,Prospect,Visit / Prospect,Reactivation,Office of Floyd J. Raeon,c96dcb1c-07de-43f7-aab6-f3b28a03c230,Chiropractor,Rochester Hills,"1832 Auburn Rd, Rochester Hills, Michigan, 48307",Chiropractor,0,0,0,0,,2025-08-22 00:00:00,328,0,0,1,Unknown,45,Verify before route,Test: re-engage and qualify spine,Exact MMC coordinate,No deterministically attributed 2026 B2B patient in the supplied referral file
240,Outside Sean Focus – Review,Hold – outside Sean focus,Sean / Sean Sweeney,7,Prospect,Visit / Prospect,Reactivation,PREMISE HEALTH,a8a0dd2b-3ea7-412d-86cd-d029e409c2d1,PCP,MADISON HEIGHTS,"300 W 13 MILE RD, MADISON HEIGHTS, MI, 48071",Internal Medicine/PCP,0,0,0,0,,2025-03-07 00:00:00,496,0,0,1,Unknown,45,Verify before route,Test: re-engage and qualify spine,Exact MMC coordinate,No deterministically attributed 2026 B2B patient in the supplied referral file
241,Outside Sean Focus – Review,Hold – outside Sean focus,Sean / Sean Sweeney,7,Prospect,Visit / Prospect,Reactivation,"Samarian MD, Bruce",1720002090,PCP,Berkley,"1695 W 12 Mile Rd, Berkley, Michigan, 480722100",Internal Medicine/PCP,0,0,0,0,,2026-03-23 00:00:00,115,0,0,1,Unknown,45,Likely Open – recent MMC visit,Test: re-engage and qualify spine,Exact MMC coordinate,No deterministically attributed 2026 B2B patient in the supplied referral file
242,Outside Sean Focus – Review,Hold – outside Sean focus,Sean / Sean Sweeney,7,Prospect,Visit / Prospect,Reactivation,Select Medical Group Of Michigan,332b188a-cebd-4a68-a7fc-90065edb5017,PCP,Oak Park,"23350 Greenfield Rd ste 200, Oak Park, Michigan, 48237",Internal Medicine/PCP,0,0,0,0,,2026-03-03 00:00:00,135,0,0,1,Unknown,45,Likely Open – recent MMC visit,Test: re-engage and qualify spine,Exact MMC coordinate,No deterministically attributed 2026 B2B patient in the supplied referral file
243,Outside Sean Focus – Review,Hold – outside Sean focus,Sean / Sean Sweeney,7,Prospect,Visit / Prospect,Reactivation,Southeastern Michigan Medical Consultants,4951f1d5-81df-4107-a831-602a12be4183,PCP,Grosse Pointe Woods,"20825 Mack Ave ste 3, Grosse Pointe Woods, Michigan, 48236",Internal Medicine/PCP,0,0,0,0,,2026-02-18 00:00:00,148,0,0,1,Unknown,45,Likely Open – recent MMC visit,Test: re-engage and qualify spine,Exact MMC coordinate,No deterministically attributed 2026 B2B patient in the supplied referral file
244,Outside Sean Focus – Review,Hold – outside Sean focus,Sean / Sean Sweeney,6,Prospect,Visit / Prospect,Expansion / Test,Corewell Health Urgent Care,1d0a3fc4-bd55-4b73-b1fa-eb6ad99ce4e0,Urgent Care,GROSSE POINTE,"18700 MACK AVE, GROSSE POINTE, Michigan",Urgent care,0,0,0,0,,2026-06-03 00:00:00,43,0,1,0,Unknown,45,Likely Open – recent MMC visit,Test: add to next spine route,Exact MMC coordinate,No deterministically attributed 2026 B2B patient in the supplied referral file
245,Outside Sean Focus – Review,Hold – outside Sean focus,Sean / Sean Sweeney,6,Prospect,Visit / Prospect,Reactivation,Gio Urgent Care,8bc04147-6e95-43da-9e2c-757f68b7f12c,Pain,Madison Heights,"28373 Dequindre Road, Madison Heights, Michigan, 48071",Neurology;Pain Management,0,0,0,0,,2025-03-07 00:00:00,496,0,0,0,Unknown,45,Verify before route,Test: re-engage and qualify spine,Exact MMC coordinate,No deterministically attributed 2026 B2B patient in the supplied referral file
246,Outside Sean Focus – Review,Hold – outside Sean focus,Sean / Sean Sweeney,5,Prospect,Visit / Prospect,Reactivation,Advanced Urgent Care & Walk-In Clinic,d3007bd2-f587-4b99-bdbc-9df98ce7e515,Urgent Care,South Lyon,"22316 Pontiac Trail, South Lyon, Michigan",Urgent care,0,0,0,0,,2025-10-02 00:00:00,287,0,0,0,Unknown,45,Verify before route,Test: re-engage and qualify spine,Exact MMC coordinate,No deterministically attributed 2026 B2B patient in the supplied referral file
247,Outside Sean Focus – Review,Hold – outside Sean focus,Sean / Sean Sweeney,5,Prospect,Visit / Prospect,Reactivation,Birmingham royal oak urgent care,7ea7612e-0487-4a32-b3ef-e9310493617b,Urgent Care,Royal Oak,"5140 Coolidge Highway, Royal Oak, Michigan, 48073",Urgent care,0,0,0,0,,2025-09-19 00:00:00,300,0,0,0,Unknown,45,Verify before route,Test: re-engage and qualify spine,Exact MMC coordinate,No deterministically attributed 2026 B2B patient in the supplied referral file
248,Outside Sean Focus – Review,Hold – outside Sean focus,Sean / Sean Sweeney,5,Prospect,Visit / Prospect,Reactivation,Doctors Urgent Care - Troy West,88a60813-1557-4919-bc0a-1e58de97e342,Urgent Care,Troy,"1933 W Maple Rd, Troy, Michigan, 48084",Urgent care,0,0,0,0,,2026-02-11 00:00:00,155,0,0,0,Unknown,45,Likely Open – recent MMC visit,Test: re-engage and qualify spine,Exact MMC coordinate,No deterministically attributed 2026 B2B patient in the supplied referral file
249,Outside Sean Focus – Review,Hold – outside Sean focus,Sean / Sean Sweeney,5,Prospect,Visit / Prospect,Reactivation,ELIZABETH LAKE URGENT CARE,cbf02257-6580-4123-b820-8743dadd22bc,Urgent Care,WATERFORD,"2446 ELIZABETH LAKE RD, WATERFORD, Michigan",Urgent care,0,0,0,0,,2025-02-14 00:00:00,517,0,0,0,Unknown,45,Verify before route,Test: re-engage and qualify spine,Exact MMC coordinate,No deterministically attributed 2026 B2B patient in the supplied referral file
250,Outside Sean Focus – Review,Hold – outside Sean focus,Sean / Sean Sweeney,5,Prospect,Visit / Prospect,Reactivation,Get well urgent care Bloomfield,10-542-1543,Urgent Care,Pontiac,"983 Orchard Lake Road, Pontiac, Michigan, 48341",Urgent care,0,0,0,0,,2025-02-14 00:00:00,517,0,0,0,Unknown,45,Verify before route,Test: re-engage and qualify spine,Exact MMC coordinate,No deterministically attributed 2026 B2B patient in the supplied referral file
251,Outside Sean Focus – Review,Hold – outside Sean focus,Sean / Sean Sweeney,5,Prospect,Visit / Prospect,Reactivation,Medpointe Rochester Urgent Care,e18ec0d7-5471-4da3-8ed3-1254b9b40800,Urgent Care,Rochester,"150 S Main St, Rochester, Michigan, 48307",Urgent care,0,0,0,0,,2026-01-21 00:00:00,176,0,0,0,Unknown,45,Likely Open – recent MMC visit,Test: re-engage and qualify spine,Exact MMC coordinate,No deterministically attributed 2026 B2B patient in the supplied referral file
252,Outside Sean Focus – Review,Hold – outside Sean focus,Sean / Sean Sweeney,5,Prospect,Visit / Prospect,Reactivation,UMC Urgent Care,713ccf1e-12fc-4d5a-b9af-557a02ed0e01,Urgent Care,Detroit,"15615 W McNichols Rd, Detroit, Michigan, 48235",Urgent care,0,0,0,0,,2025-05-20 00:00:00,422,0,0,0,Unknown,45,Verify before route,Test: re-engage and qualify spine,Exact MMC coordinate,No deterministically attributed 2026 B2B patient in the supplied referral file
253,Outside Sean Focus – Review,Hold – outside Sean focus,Sean / Sean Sweeney,5,Prospect,Visit / Prospect,Reactivation,VISITING PHYSICIANS ASSOCIATION TROY,479fa1a1-7df5-4f9e-8af3-88ec2d012e50,PCP,TROY,"500 KIRTS BLVD STE 200, TROY, Michigan",Internal Medicine/PCP,0,0,0,0,,2025-01-15 00:00:00,547,0,0,0,Unknown,45,Verify before route,Test: re-engage and qualify spine,Exact MMC coordinate,No deterministically attributed 2026 B2B patient in the supplied referral file
