Campaign,Ad Group,Match Type,Keyword,Keyword (as entered),Status,Final URL (Phase 1 - launch with this),"Final URL (Phase 2 - proposed, after page build)",US Vol/mo,Action,Notes
"BOD - Neck, Back, Spine - Sterling Heights",Spine Specialist,Exact,spine specialist near me,[spine specialist near me],Enabled,https://synergyhealth.org/specialty/spine-neck-back/sterling-heights/,same as Phase 1,5400,EXISTING,"8.9 conv, ROAS 0.81"
"BOD - Neck, Back, Spine - Sterling Heights",Spine Specialist,Exact,spine specialist,[spine specialist],Enabled,https://synergyhealth.org/specialty/spine-neck-back/sterling-heights/,same as Phase 1,4400,EXISTING,16.7 conv
"BOD - Neck, Back, Spine - Sterling Heights",Spine Specialist,Exact,spine doctor near me,[spine doctor near me],Enabled,https://synergyhealth.org/specialty/spine-neck-back/sterling-heights/,same as Phase 1,,NEW,"phrase ver = $51 CPA, best in spine"
"BOD - Neck, Back, Spine - Sterling Heights",Spine Specialist,Exact,spine doctors,[spine doctors],Enabled,https://synergyhealth.org/specialty/spine-neck-back/sterling-heights/,same as Phase 1,,REACTIVATE,"phrase ver paused w/ $21,223 spend, 76 conv"
"BOD - Neck, Back, Spine - Sterling Heights",Spine Specialist,Exact,orthopedic spine specialist near me,[orthopedic spine specialist near me],Enabled,https://synergyhealth.org/specialty/spine-neck-back/sterling-heights/,same as Phase 1,590,NEW,
"BOD - Neck, Back, Spine - Sterling Heights",Spine Specialist,Exact,ortho spine specialist,[ortho spine specialist],Enabled,https://synergyhealth.org/specialty/spine-neck-back/sterling-heights/,same as Phase 1,,EXISTING,5.0 conv
"BOD - Neck, Back, Spine - Sterling Heights",Spine Specialist,Exact,spine pain specialist near me,[spine pain specialist near me],Enabled,https://synergyhealth.org/specialty/spine-neck-back/sterling-heights/,same as Phase 1,170,NEW,
"BOD - Neck, Back, Spine - Sterling Heights",Spine Specialist,Exact,best spine specialist near me,[best spine specialist near me],Enabled,https://synergyhealth.org/specialty/spine-neck-back/sterling-heights/,same as Phase 1,210,NEW,
"BOD - Neck, Back, Spine - Sterling Heights",Spine Specialist,Exact,back and spine specialist near me,[back and spine specialist near me],Enabled,https://synergyhealth.org/specialty/spine-neck-back/sterling-heights/,same as Phase 1,320,NEW,
"BOD - Neck, Back, Spine - Sterling Heights",Spine Specialist,Exact,spine doctors in my area,[spine doctors in my area],Enabled,https://synergyhealth.org/specialty/spine-neck-back/sterling-heights/,same as Phase 1,,EXISTING,
"BOD - Neck, Back, Spine - Sterling Heights",Spine Specialist,Exact,best spine doctors in michigan,[best spine doctors in michigan],Enabled,https://synergyhealth.org/specialty/spine-neck-back/sterling-heights/,same as Phase 1,,EXISTING,4.0 conv
"BOD - Neck, Back, Spine - Sterling Heights",Spine Specialist,Phrase,spine specialist near me,"""spine specialist near me""",Enabled,https://synergyhealth.org/specialty/spine-neck-back/sterling-heights/,same as Phase 1,5400,EXISTING,41.4 conv @ $91 CPA
"BOD - Neck, Back, Spine - Sterling Heights",Spine Specialist,Phrase,spine doctor near me,"""spine doctor near me""",Enabled,https://synergyhealth.org/specialty/spine-neck-back/sterling-heights/,same as Phase 1,,EXISTING,28.9 conv @ $51 CPA - best CPA in spine
"BOD - Neck, Back, Spine - Sterling Heights",Spine Specialist,Phrase,spine doctors,"""spine doctors""",Enabled,https://synergyhealth.org/specialty/spine-neck-back/sterling-heights/,same as Phase 1,,REACTIVATE,"PAUSED - was #2 kw by spend, $279 CPA"
"BOD - Neck, Back, Spine - Sterling Heights",Spine Specialist,Phrase,spine specialist,"""spine specialist""",Enabled,https://synergyhealth.org/specialty/spine-neck-back/sterling-heights/,same as Phase 1,4400,EXISTING,
"BOD - Neck, Back, Spine - Sterling Heights",Spine Specialist,Phrase,spine pain specialist,"""spine pain specialist""",Enabled,https://synergyhealth.org/specialty/spine-neck-back/sterling-heights/,same as Phase 1,,EXISTING,30.6 conv @ $244
"BOD - Neck, Back, Spine - Sterling Heights",Spine Specialist,Phrase,spine pain specialist near me,"""spine pain specialist near me""",Enabled,https://synergyhealth.org/specialty/spine-neck-back/sterling-heights/,same as Phase 1,170,EXISTING,13.0 conv @ $78
"BOD - Neck, Back, Spine - Sterling Heights",Spine Specialist,Phrase,orthopedic spine specialist,"""orthopedic spine specialist""",Enabled,https://synergyhealth.org/specialty/spine-neck-back/sterling-heights/,same as Phase 1,1600,NEW,
"BOD - Neck, Back, Spine - Sterling Heights",Spine Specialist,Phrase,spine and orthopedic specialists,"""spine and orthopedic specialists""",Enabled,https://synergyhealth.org/specialty/spine-neck-back/sterling-heights/,same as Phase 1,1600,NEW,
"BOD - Neck, Back, Spine - Sterling Heights",Spine Specialist,Phrase,back and spine specialist,"""back and spine specialist""",Enabled,https://synergyhealth.org/specialty/spine-neck-back/sterling-heights/,same as Phase 1,320,NEW,
"BOD - Neck, Back, Spine - Sterling Heights",Spine Specialist,Phrase,cervical spine specialist,"""cervical spine specialist""",Enabled,https://synergyhealth.org/specialty/spine-neck-back/sterling-heights/,same as Phase 1,210,NEW,
"BOD - Neck, Back, Spine - Sterling Heights",Spine Specialist,Phrase,spine center near me,"""spine center near me""",Enabled,https://synergyhealth.org/specialty/spine-neck-back/sterling-heights/,same as Phase 1,170,NEW,
"BOD - Neck, Back, Spine - Sterling Heights",Spine Specialist,Phrase,spine clinic near me,"""spine clinic near me""",Enabled,https://synergyhealth.org/specialty/spine-neck-back/sterling-heights/,same as Phase 1,210,NEW,
"BOD - Neck, Back, Spine - Sterling Heights",Spine Specialist,Phrase,non surgical spine specialist,"""non surgical spine specialist""",Enabled,https://synergyhealth.org/specialty/spine-neck-back/sterling-heights/,same as Phase 1,170,NEW,
"BOD - Neck, Back, Spine - Sterling Heights",Spine Specialist,Phrase,ortho spine specialist,"""ortho spine specialist""",Enabled,https://synergyhealth.org/specialty/spine-neck-back/sterling-heights/,same as Phase 1,,EXISTING,18.0 conv @ $71
"BOD - Neck, Back, Spine - Sterling Heights",Spine Specialist,Phrase,best spine doctor near me,"""best spine doctor near me""",Enabled,https://synergyhealth.org/specialty/spine-neck-back/sterling-heights/,same as Phase 1,,EXISTING,
"BOD - Neck, Back, Spine - Sterling Heights",Spine Specialist,Negative (ad group list),"-salary -jobs -""icd 10"" -""what is a"" -school -residency -nyc -nj -""new jersey"" -""long island"" -dallas -texas -florida","-salary -jobs -""icd 10"" -""what is a"" -school -residency -nyc -nj -""new jersey"" -""long island"" -dallas -texas -florida",Enabled,,,,NEW,apply as ad-group negative keyword list
"BOD - Neck, Back, Spine - Sterling Heights",Back Pain Specialist,Exact,back doctors near me,[back doctors near me],Enabled,https://synergyhealth.org/specialty/spine-neck-back/sterling-heights/,https://synergyhealth.org/specialty/spine-neck-back/sterling-heights/back-pain/,2900,EXISTING,"4.0 conv, ROAS 2.00 - best ROAS in spine"
"BOD - Neck, Back, Spine - Sterling Heights",Back Pain Specialist,Exact,back doctor near me,[back doctor near me],Enabled,https://synergyhealth.org/specialty/spine-neck-back/sterling-heights/,https://synergyhealth.org/specialty/spine-neck-back/sterling-heights/back-pain/,4400,EXISTING,"11.0 conv, ROAS 1.23"
"BOD - Neck, Back, Spine - Sterling Heights",Back Pain Specialist,Exact,back specialist near me,[back specialist near me],Enabled,https://synergyhealth.org/specialty/spine-neck-back/sterling-heights/,https://synergyhealth.org/specialty/spine-neck-back/sterling-heights/back-pain/,,EXISTING,"13.0 conv, ROAS 1.00"
"BOD - Neck, Back, Spine - Sterling Heights",Back Pain Specialist,Exact,back dr near me,[back dr near me],Enabled,https://synergyhealth.org/specialty/spine-neck-back/sterling-heights/,https://synergyhealth.org/specialty/spine-neck-back/sterling-heights/back-pain/,,EXISTING,"8.5 conv, ROAS 1.01"
"BOD - Neck, Back, Spine - Sterling Heights",Back Pain Specialist,Exact,back pain doctor near me,[back pain doctor near me],Enabled,https://synergyhealth.org/specialty/spine-neck-back/sterling-heights/,https://synergyhealth.org/specialty/spine-neck-back/sterling-heights/back-pain/,2400,NEW,phrase ver = 16.5 conv @ $105
"BOD - Neck, Back, Spine - Sterling Heights",Back Pain Specialist,Exact,back doctor,[back doctor],Enabled,https://synergyhealth.org/specialty/spine-neck-back/sterling-heights/,https://synergyhealth.org/specialty/spine-neck-back/sterling-heights/back-pain/,5400,EXISTING,7.5 conv
"BOD - Neck, Back, Spine - Sterling Heights",Back Pain Specialist,Exact,back pain doctor,[back pain doctor],Enabled,https://synergyhealth.org/specialty/spine-neck-back/sterling-heights/,https://synergyhealth.org/specialty/spine-neck-back/sterling-heights/back-pain/,5400,EXISTING,1.5 conv
"BOD - Neck, Back, Spine - Sterling Heights",Back Pain Specialist,Exact,back pain specialist,[back pain specialist],Enabled,https://synergyhealth.org/specialty/spine-neck-back/sterling-heights/,https://synergyhealth.org/specialty/spine-neck-back/sterling-heights/back-pain/,,EXISTING,9.2 conv @ $286
"BOD - Neck, Back, Spine - Sterling Heights",Back Pain Specialist,Exact,back pain specialist near me,[back pain specialist near me],Enabled,https://synergyhealth.org/specialty/spine-neck-back/sterling-heights/,https://synergyhealth.org/specialty/spine-neck-back/sterling-heights/back-pain/,,EXISTING,1.0 conv
"BOD - Neck, Back, Spine - Sterling Heights",Back Pain Specialist,Exact,back pain doctors near me,[back pain doctors near me],Enabled,https://synergyhealth.org/specialty/spine-neck-back/sterling-heights/,https://synergyhealth.org/specialty/spine-neck-back/sterling-heights/back-pain/,390,NEW,
"BOD - Neck, Back, Spine - Sterling Heights",Back Pain Specialist,Exact,lower back pain doctor,[lower back pain doctor],Enabled,https://synergyhealth.org/specialty/spine-neck-back/sterling-heights/,https://synergyhealth.org/specialty/spine-neck-back/sterling-heights/back-pain/,1900,NEW,
"BOD - Neck, Back, Spine - Sterling Heights",Back Pain Specialist,Exact,orthopedic back doctor near me,[orthopedic back doctor near me],Enabled,https://synergyhealth.org/specialty/spine-neck-back/sterling-heights/,https://synergyhealth.org/specialty/spine-neck-back/sterling-heights/back-pain/,260,NEW,
"BOD - Neck, Back, Spine - Sterling Heights",Back Pain Specialist,Exact,best back doctor near me,[best back doctor near me],Enabled,https://synergyhealth.org/specialty/spine-neck-back/sterling-heights/,https://synergyhealth.org/specialty/spine-neck-back/sterling-heights/back-pain/,320,NEW,
"BOD - Neck, Back, Spine - Sterling Heights",Back Pain Specialist,Exact,back and spine doctor near me,[back and spine doctor near me],Enabled,https://synergyhealth.org/specialty/spine-neck-back/sterling-heights/,https://synergyhealth.org/specialty/spine-neck-back/sterling-heights/back-pain/,210,NEW,
"BOD - Neck, Back, Spine - Sterling Heights",Back Pain Specialist,Exact,doctor for back pain near me,[doctor for back pain near me],Enabled,https://synergyhealth.org/specialty/spine-neck-back/sterling-heights/,https://synergyhealth.org/specialty/spine-neck-back/sterling-heights/back-pain/,260,NEW,
"BOD - Neck, Back, Spine - Sterling Heights",Back Pain Specialist,Phrase,back doctors near me,"""back doctors near me""",Enabled,https://synergyhealth.org/specialty/spine-neck-back/sterling-heights/,https://synergyhealth.org/specialty/spine-neck-back/sterling-heights/back-pain/,2900,EXISTING,17.0 conv @ $140
"BOD - Neck, Back, Spine - Sterling Heights",Back Pain Specialist,Phrase,back pain doctor near me,"""back pain doctor near me""",Enabled,https://synergyhealth.org/specialty/spine-neck-back/sterling-heights/,https://synergyhealth.org/specialty/spine-neck-back/sterling-heights/back-pain/,2400,EXISTING,16.5 conv @ $105
"BOD - Neck, Back, Spine - Sterling Heights",Back Pain Specialist,Phrase,back specialist near me,"""back specialist near me""",Enabled,https://synergyhealth.org/specialty/spine-neck-back/sterling-heights/,https://synergyhealth.org/specialty/spine-neck-back/sterling-heights/back-pain/,,EXISTING,15.5 conv @ $127
"BOD - Neck, Back, Spine - Sterling Heights",Back Pain Specialist,Phrase,back doctor near me,"""back doctor near me""",Enabled,https://synergyhealth.org/specialty/spine-neck-back/sterling-heights/,https://synergyhealth.org/specialty/spine-neck-back/sterling-heights/back-pain/,4400,EXISTING,
"BOD - Neck, Back, Spine - Sterling Heights",Back Pain Specialist,Phrase,back specialist,"""back specialist""",Enabled,https://synergyhealth.org/specialty/spine-neck-back/sterling-heights/,https://synergyhealth.org/specialty/spine-neck-back/sterling-heights/back-pain/,,EXISTING,16.0 conv @ $261
"BOD - Neck, Back, Spine - Sterling Heights",Back Pain Specialist,Phrase,back pain specialist near me,"""back pain specialist near me""",Enabled,https://synergyhealth.org/specialty/spine-neck-back/sterling-heights/,https://synergyhealth.org/specialty/spine-neck-back/sterling-heights/back-pain/,,EXISTING,2.0 conv
"BOD - Neck, Back, Spine - Sterling Heights",Back Pain Specialist,Phrase,doctor in back pain,"""doctor in back pain""",Enabled,https://synergyhealth.org/specialty/spine-neck-back/sterling-heights/,https://synergyhealth.org/specialty/spine-neck-back/sterling-heights/back-pain/,8100,NEW,"CPC $4.52, commercial intent"
"BOD - Neck, Back, Spine - Sterling Heights",Back Pain Specialist,Phrase,doctors for back injuries,"""doctors for back injuries""",Enabled,https://synergyhealth.org/specialty/spine-neck-back/sterling-heights/,https://synergyhealth.org/specialty/spine-neck-back/sterling-heights/back-pain/,12100,NEW,CPC $5.22 - highest vol commercial term found
"BOD - Neck, Back, Spine - Sterling Heights",Back Pain Specialist,Phrase,lower back pain doctor,"""lower back pain doctor""",Enabled,https://synergyhealth.org/specialty/spine-neck-back/sterling-heights/,https://synergyhealth.org/specialty/spine-neck-back/sterling-heights/back-pain/,1900,NEW,
"BOD - Neck, Back, Spine - Sterling Heights",Back Pain Specialist,Phrase,back problem doctor,"""back problem doctor""",Enabled,https://synergyhealth.org/specialty/spine-neck-back/sterling-heights/,https://synergyhealth.org/specialty/spine-neck-back/sterling-heights/back-pain/,1600,NEW,
"BOD - Neck, Back, Spine - Sterling Heights",Back Pain Specialist,Phrase,lower back specialist doctors,"""lower back specialist doctors""",Enabled,https://synergyhealth.org/specialty/spine-neck-back/sterling-heights/,https://synergyhealth.org/specialty/spine-neck-back/sterling-heights/back-pain/,320,NEW,
"BOD - Neck, Back, Spine - Sterling Heights",Back Pain Specialist,Phrase,back and spine doctors,"""back and spine doctors""",Enabled,https://synergyhealth.org/specialty/spine-neck-back/sterling-heights/,https://synergyhealth.org/specialty/spine-neck-back/sterling-heights/back-pain/,260,NEW,
"BOD - Neck, Back, Spine - Sterling Heights",Back Pain Specialist,Phrase,back pain doctors near me,"""back pain doctors near me""",Enabled,https://synergyhealth.org/specialty/spine-neck-back/sterling-heights/,https://synergyhealth.org/specialty/spine-neck-back/sterling-heights/back-pain/,390,NEW,
"BOD - Neck, Back, Spine - Sterling Heights",Back Pain Specialist,Phrase,chronic back pain doctor near me,"""chronic back pain doctor near me""",Enabled,https://synergyhealth.org/specialty/spine-neck-back/sterling-heights/,https://synergyhealth.org/specialty/spine-neck-back/sterling-heights/back-pain/,30,NEW,
"BOD - Neck, Back, Spine - Sterling Heights",Back Pain Specialist,Phrase,back pain treatment near me,"""back pain treatment near me""",Enabled,https://synergyhealth.org/specialty/spine-neck-back/sterling-heights/,https://synergyhealth.org/specialty/spine-neck-back/sterling-heights/back-pain/,,REACTIVATE,0 impr - sitting in paused Pain Mgmt
"BOD - Neck, Back, Spine - Sterling Heights",Back Pain Specialist,Negative (ad group list),"-""back to the future"" -mattress -chiropractor -chiropractic -salary -""icd 10"" -exercises -stretches -""what is a back doctor"" -""doctor odyssey"" -""doctor who"" -""doctor stone"" -pillow -brace -massage","-""back to the future"" -mattress -chiropractor -chiropractic -salary -""icd 10"" -exercises -stretches -""what is a back doctor"" -""doctor odyssey"" -""doctor who"" -""doctor stone"" -pillow -brace -massage",Enabled,,,,NEW,apply as ad-group negative keyword list
"BOD - Neck, Back, Spine - Sterling Heights",Neck Pain Specialist,Exact,neck pain doctor near me,[neck pain doctor near me],Enabled,https://synergyhealth.org/specialty/spine-neck-back/sterling-heights/,https://synergyhealth.org/specialty/spine-neck-back/sterling-heights/neck-pain/,390,NEW,
"BOD - Neck, Back, Spine - Sterling Heights",Neck Pain Specialist,Exact,neck specialist,[neck specialist],Enabled,https://synergyhealth.org/specialty/spine-neck-back/sterling-heights/,https://synergyhealth.org/specialty/spine-neck-back/sterling-heights/neck-pain/,,EXISTING,3.0 conv
"BOD - Neck, Back, Spine - Sterling Heights",Neck Pain Specialist,Exact,neck and back specialist near me,[neck and back specialist near me],Enabled,https://synergyhealth.org/specialty/spine-neck-back/sterling-heights/,https://synergyhealth.org/specialty/spine-neck-back/sterling-heights/neck-pain/,,EXISTING,
"BOD - Neck, Back, Spine - Sterling Heights",Neck Pain Specialist,Exact,orthopedic neck specialist near me,[orthopedic neck specialist near me],Enabled,https://synergyhealth.org/specialty/spine-neck-back/sterling-heights/,https://synergyhealth.org/specialty/spine-neck-back/sterling-heights/neck-pain/,,EXISTING,
"BOD - Neck, Back, Spine - Sterling Heights",Neck Pain Specialist,Exact,neck pain specialist,[neck pain specialist],Enabled,https://synergyhealth.org/specialty/spine-neck-back/sterling-heights/,https://synergyhealth.org/specialty/spine-neck-back/sterling-heights/neck-pain/,,NEW,
"BOD - Neck, Back, Spine - Sterling Heights",Neck Pain Specialist,Exact,neck doctor near me,[neck doctor near me],Enabled,https://synergyhealth.org/specialty/spine-neck-back/sterling-heights/,https://synergyhealth.org/specialty/spine-neck-back/sterling-heights/neck-pain/,,NEW,
"BOD - Neck, Back, Spine - Sterling Heights",Neck Pain Specialist,Exact,best neck pain doctor near me,[best neck pain doctor near me],Enabled,https://synergyhealth.org/specialty/spine-neck-back/sterling-heights/,https://synergyhealth.org/specialty/spine-neck-back/sterling-heights/neck-pain/,210,NEW,
"BOD - Neck, Back, Spine - Sterling Heights",Neck Pain Specialist,Exact,neck and spine specialist near me,[neck and spine specialist near me],Enabled,https://synergyhealth.org/specialty/spine-neck-back/sterling-heights/,https://synergyhealth.org/specialty/spine-neck-back/sterling-heights/neck-pain/,170,NEW,
"BOD - Neck, Back, Spine - Sterling Heights",Neck Pain Specialist,Phrase,neck pain specialist,"""neck pain specialist""",Enabled,https://synergyhealth.org/specialty/spine-neck-back/sterling-heights/,https://synergyhealth.org/specialty/spine-neck-back/sterling-heights/neck-pain/,,EXISTING,35.2 conv @ $169 - strongest neck term
"BOD - Neck, Back, Spine - Sterling Heights",Neck Pain Specialist,Phrase,neck pain specialist near me,"""neck pain specialist near me""",Enabled,https://synergyhealth.org/specialty/spine-neck-back/sterling-heights/,https://synergyhealth.org/specialty/spine-neck-back/sterling-heights/neck-pain/,,EXISTING,2.5 conv
"BOD - Neck, Back, Spine - Sterling Heights",Neck Pain Specialist,Phrase,neck specialist near me,"""neck specialist near me""",Enabled,https://synergyhealth.org/specialty/spine-neck-back/sterling-heights/,https://synergyhealth.org/specialty/spine-neck-back/sterling-heights/neck-pain/,,EXISTING,3.0 conv
"BOD - Neck, Back, Spine - Sterling Heights",Neck Pain Specialist,Phrase,neck doctor near me,"""neck doctor near me""",Enabled,https://synergyhealth.org/specialty/spine-neck-back/sterling-heights/,https://synergyhealth.org/specialty/spine-neck-back/sterling-heights/neck-pain/,,EXISTING,5.5 conv @ $87
"BOD - Neck, Back, Spine - Sterling Heights",Neck Pain Specialist,Phrase,neck pain doctor,"""neck pain doctor""",Enabled,https://synergyhealth.org/specialty/spine-neck-back/sterling-heights/,https://synergyhealth.org/specialty/spine-neck-back/sterling-heights/neck-pain/,1300,NEW,
"BOD - Neck, Back, Spine - Sterling Heights",Neck Pain Specialist,Phrase,neck pain doctor near me,"""neck pain doctor near me""",Enabled,https://synergyhealth.org/specialty/spine-neck-back/sterling-heights/,https://synergyhealth.org/specialty/spine-neck-back/sterling-heights/neck-pain/,390,NEW,
"BOD - Neck, Back, Spine - Sterling Heights",Neck Pain Specialist,Phrase,cervical spine specialist,"""cervical spine specialist""",Enabled,https://synergyhealth.org/specialty/spine-neck-back/sterling-heights/,https://synergyhealth.org/specialty/spine-neck-back/sterling-heights/neck-pain/,210,NEW,
"BOD - Neck, Back, Spine - Sterling Heights",Neck Pain Specialist,Phrase,neck and back pain doctor near me,"""neck and back pain doctor near me""",Enabled,https://synergyhealth.org/specialty/spine-neck-back/sterling-heights/,https://synergyhealth.org/specialty/spine-neck-back/sterling-heights/neck-pain/,210,NEW,
"BOD - Neck, Back, Spine - Sterling Heights",Neck Pain Specialist,Phrase,neck pain treatment near me,"""neck pain treatment near me""",Enabled,https://synergyhealth.org/specialty/spine-neck-back/sterling-heights/,https://synergyhealth.org/specialty/spine-neck-back/sterling-heights/neck-pain/,,REACTIVATE,0 impr - in paused Pain Mgmt
"BOD - Neck, Back, Spine - Sterling Heights",Neck Pain Specialist,Phrase,neck pain treatment,"""neck pain treatment""",Enabled,https://synergyhealth.org/specialty/spine-neck-back/sterling-heights/,https://synergyhealth.org/specialty/spine-neck-back/sterling-heights/neck-pain/,,REACTIVATE,in paused Pain Mgmt
"BOD - Neck, Back, Spine - Sterling Heights",Neck Pain Specialist,Phrase,neck physical therapy near me,"""neck physical therapy near me""",Enabled,https://synergyhealth.org/specialty/spine-neck-back/sterling-heights/,https://synergyhealth.org/specialty/spine-neck-back/sterling-heights/neck-pain/,,REACTIVATE,in paused Pain Mgmt
"BOD - Neck, Back, Spine - Sterling Heights",Neck Pain Specialist,Negative (ad group list),"-""icd 10"" -""red flags"" -""when to see"" -stretches -exercises -pillow -massage -chiropractor -""lump on back of neck"" -salary","-""icd 10"" -""red flags"" -""when to see"" -stretches -exercises -pillow -massage -chiropractor -""lump on back of neck"" -salary",Enabled,,,,NEW,apply as ad-group negative keyword list
BOD - Spine Conditions - Sterling Heights,Sciatica,Exact,sciatica treatment near me,[sciatica treatment near me],Enabled,https://synergyhealth.org/specialty/spine-neck-back/sterling-heights/,https://synergyhealth.org/specialty/spine-neck-back/sterling-heights/sciatica/,1900,NEW,highest transactional sciatica term
BOD - Spine Conditions - Sterling Heights,Sciatica,Exact,sciatica doctor near me,[sciatica doctor near me],Enabled,https://synergyhealth.org/specialty/spine-neck-back/sterling-heights/,https://synergyhealth.org/specialty/spine-neck-back/sterling-heights/sciatica/,720,NEW,
BOD - Spine Conditions - Sterling Heights,Sciatica,Exact,sciatica specialist near me,[sciatica specialist near me],Enabled,https://synergyhealth.org/specialty/spine-neck-back/sterling-heights/,https://synergyhealth.org/specialty/spine-neck-back/sterling-heights/sciatica/,260,NEW,
BOD - Spine Conditions - Sterling Heights,Sciatica,Exact,sciatica pain doctor,[sciatica pain doctor],Enabled,https://synergyhealth.org/specialty/spine-neck-back/sterling-heights/,https://synergyhealth.org/specialty/spine-neck-back/sterling-heights/sciatica/,260,NEW,
BOD - Spine Conditions - Sterling Heights,Sciatica,Exact,sciatica specialist,[sciatica specialist],Enabled,https://synergyhealth.org/specialty/spine-neck-back/sterling-heights/,https://synergyhealth.org/specialty/spine-neck-back/sterling-heights/sciatica/,170,NEW,
BOD - Spine Conditions - Sterling Heights,Sciatica,Exact,doctor for sciatica,[doctor for sciatica],Enabled,https://synergyhealth.org/specialty/spine-neck-back/sterling-heights/,https://synergyhealth.org/specialty/spine-neck-back/sterling-heights/sciatica/,170,NEW,
BOD - Spine Conditions - Sterling Heights,Sciatica,Phrase,sciatica treatment near me,"""sciatica treatment near me""",Enabled,https://synergyhealth.org/specialty/spine-neck-back/sterling-heights/,https://synergyhealth.org/specialty/spine-neck-back/sterling-heights/sciatica/,1900,NEW,
BOD - Spine Conditions - Sterling Heights,Sciatica,Phrase,sciatica doctor near me,"""sciatica doctor near me""",Enabled,https://synergyhealth.org/specialty/spine-neck-back/sterling-heights/,https://synergyhealth.org/specialty/spine-neck-back/sterling-heights/sciatica/,720,NEW,
BOD - Spine Conditions - Sterling Heights,Sciatica,Phrase,sciatica specialist near me,"""sciatica specialist near me""",Enabled,https://synergyhealth.org/specialty/spine-neck-back/sterling-heights/,https://synergyhealth.org/specialty/spine-neck-back/sterling-heights/sciatica/,260,NEW,
BOD - Spine Conditions - Sterling Heights,Sciatica,Phrase,sciatica specialist,"""sciatica specialist""",Enabled,https://synergyhealth.org/specialty/spine-neck-back/sterling-heights/,https://synergyhealth.org/specialty/spine-neck-back/sterling-heights/sciatica/,170,NEW,
BOD - Spine Conditions - Sterling Heights,Sciatica,Phrase,sciatica pain doctor,"""sciatica pain doctor""",Enabled,https://synergyhealth.org/specialty/spine-neck-back/sterling-heights/,https://synergyhealth.org/specialty/spine-neck-back/sterling-heights/sciatica/,260,NEW,
BOD - Spine Conditions - Sterling Heights,Sciatica,Phrase,sciatica treatment,"""sciatica treatment""",Enabled,https://synergyhealth.org/specialty/spine-neck-back/sterling-heights/,https://synergyhealth.org/specialty/spine-neck-back/sterling-heights/sciatica/,27100,REACTIVATE,PAUSED. High vol but mostly informational - watch CPA daily
BOD - Spine Conditions - Sterling Heights,Sciatica,Phrase,sciatica pain relief,"""sciatica pain relief""",Enabled,https://synergyhealth.org/specialty/spine-neck-back/sterling-heights/,https://synergyhealth.org/specialty/spine-neck-back/sterling-heights/sciatica/,40500,REACTIVATE,"PAUSED. Informational-heavy - start paused, test 2nd"
BOD - Spine Conditions - Sterling Heights,Sciatica,Phrase,sciatic nerve pain relief,"""sciatic nerve pain relief""",Enabled,https://synergyhealth.org/specialty/spine-neck-back/sterling-heights/,https://synergyhealth.org/specialty/spine-neck-back/sterling-heights/sciatica/,22200,REACTIVATE,PAUSED. Same caution
BOD - Spine Conditions - Sterling Heights,Sciatica,Phrase,physical therapy for sciatica near me,"""physical therapy for sciatica near me""",Enabled,https://synergyhealth.org/specialty/spine-neck-back/sterling-heights/,https://synergyhealth.org/specialty/spine-neck-back/sterling-heights/sciatica/,,REACTIVATE,in paused Pain Mgmt
BOD - Spine Conditions - Sterling Heights,Sciatica,Negative (ad group list),"-stretches -exercises -""icd 10"" -pregnancy -pregnant -""how to"" -""what is"" -""how long"" -mattress -chiropractic -chiropractor -cream -brace -""at home"" -""ice pack"" -symptoms -""feel like"" -medication -pillow -""does it go away"" -meaning","-stretches -exercises -""icd 10"" -pregnancy -pregnant -""how to"" -""what is"" -""how long"" -mattress -chiropractic -chiropractor -cream -brace -""at home"" -""ice pack"" -symptoms -""feel like"" -medication -pillow -""does it go away"" -meaning",Enabled,,,,NEW,apply as ad-group negative keyword list
BOD - Spine Conditions - Sterling Heights,Herniated / Bulging Disc,Exact,herniated disc treatment near me,[herniated disc treatment near me],Enabled,https://synergyhealth.org/specialty/spine-neck-back/sterling-heights/,https://synergyhealth.org/specialty/spine-neck-back/sterling-heights/herniated-disc/,1600,NEW,"CPC $2.65, transactional"
BOD - Spine Conditions - Sterling Heights,Herniated / Bulging Disc,Exact,herniated disc doctor near me,[herniated disc doctor near me],Enabled,https://synergyhealth.org/specialty/spine-neck-back/sterling-heights/,https://synergyhealth.org/specialty/spine-neck-back/sterling-heights/herniated-disc/,140,NEW,
BOD - Spine Conditions - Sterling Heights,Herniated / Bulging Disc,Exact,herniated disc specialist near me,[herniated disc specialist near me],Enabled,https://synergyhealth.org/specialty/spine-neck-back/sterling-heights/,https://synergyhealth.org/specialty/spine-neck-back/sterling-heights/herniated-disc/,70,NEW,
BOD - Spine Conditions - Sterling Heights,Herniated / Bulging Disc,Exact,herniated disc specialist,[herniated disc specialist],Enabled,https://synergyhealth.org/specialty/spine-neck-back/sterling-heights/,https://synergyhealth.org/specialty/spine-neck-back/sterling-heights/herniated-disc/,260,NEW,
BOD - Spine Conditions - Sterling Heights,Herniated / Bulging Disc,Exact,discectomy,[discectomy],Enabled,https://synergyhealth.org/specialty/spine-neck-back/sterling-heights/,https://synergyhealth.org/specialty/spine-neck-back/sterling-heights/herniated-disc/,,EXISTING,migrate from Spine Conditions campaign
BOD - Spine Conditions - Sterling Heights,Herniated / Bulging Disc,Exact,surgery for herniated disc,[surgery for herniated disc],Enabled,https://synergyhealth.org/specialty/spine-neck-back/sterling-heights/,https://synergyhealth.org/specialty/spine-neck-back/sterling-heights/herniated-disc/,,EXISTING,migrate
BOD - Spine Conditions - Sterling Heights,Herniated / Bulging Disc,Exact,disc herniation surgery,[disc herniation surgery],Enabled,https://synergyhealth.org/specialty/spine-neck-back/sterling-heights/,https://synergyhealth.org/specialty/spine-neck-back/sterling-heights/herniated-disc/,,EXISTING,migrate
BOD - Spine Conditions - Sterling Heights,Herniated / Bulging Disc,Exact,disc surgery,[disc surgery],Enabled,https://synergyhealth.org/specialty/spine-neck-back/sterling-heights/,https://synergyhealth.org/specialty/spine-neck-back/sterling-heights/herniated-disc/,,EXISTING,migrate
BOD - Spine Conditions - Sterling Heights,Herniated / Bulging Disc,Exact,discectomy surgery,[discectomy surgery],Enabled,https://synergyhealth.org/specialty/spine-neck-back/sterling-heights/,https://synergyhealth.org/specialty/spine-neck-back/sterling-heights/herniated-disc/,,EXISTING,migrate
BOD - Spine Conditions - Sterling Heights,Herniated / Bulging Disc,Exact,acdf surgery,[acdf surgery],Enabled,https://synergyhealth.org/specialty/spine-neck-back/sterling-heights/,https://synergyhealth.org/specialty/spine-neck-back/sterling-heights/herniated-disc/,,EXISTING,"migrate - flagged low quality, needs relevant ad"
BOD - Spine Conditions - Sterling Heights,Herniated / Bulging Disc,Phrase,herniated disc treatment near me,"""herniated disc treatment near me""",Enabled,https://synergyhealth.org/specialty/spine-neck-back/sterling-heights/,https://synergyhealth.org/specialty/spine-neck-back/sterling-heights/herniated-disc/,1600,NEW,
BOD - Spine Conditions - Sterling Heights,Herniated / Bulging Disc,Phrase,herniated disc surgery,"""herniated disc surgery""",Enabled,https://synergyhealth.org/specialty/spine-neck-back/sterling-heights/,https://synergyhealth.org/specialty/spine-neck-back/sterling-heights/herniated-disc/,8100,EXISTING,migrate from Spine Conditions
BOD - Spine Conditions - Sterling Heights,Herniated / Bulging Disc,Phrase,herniated disc treatments,"""herniated disc treatments""",Enabled,https://synergyhealth.org/specialty/spine-neck-back/sterling-heights/,https://synergyhealth.org/specialty/spine-neck-back/sterling-heights/herniated-disc/,,EXISTING,migrate
BOD - Spine Conditions - Sterling Heights,Herniated / Bulging Disc,Phrase,herniated disc doctor near me,"""herniated disc doctor near me""",Enabled,https://synergyhealth.org/specialty/spine-neck-back/sterling-heights/,https://synergyhealth.org/specialty/spine-neck-back/sterling-heights/herniated-disc/,140,EXISTING,2 impr only
BOD - Spine Conditions - Sterling Heights,Herniated / Bulging Disc,Phrase,herniated disc specialist,"""herniated disc specialist""",Enabled,https://synergyhealth.org/specialty/spine-neck-back/sterling-heights/,https://synergyhealth.org/specialty/spine-neck-back/sterling-heights/herniated-disc/,260,NEW,
BOD - Spine Conditions - Sterling Heights,Herniated / Bulging Disc,Phrase,bulging disc treatment,"""bulging disc treatment""",Enabled,https://synergyhealth.org/specialty/spine-neck-back/sterling-heights/,https://synergyhealth.org/specialty/spine-neck-back/sterling-heights/herniated-disc/,6600,NEW,zero coverage today
BOD - Spine Conditions - Sterling Heights,Herniated / Bulging Disc,Phrase,bulging disc doctor near me,"""bulging disc doctor near me""",Enabled,https://synergyhealth.org/specialty/spine-neck-back/sterling-heights/,https://synergyhealth.org/specialty/spine-neck-back/sterling-heights/herniated-disc/,10,NEW,
BOD - Spine Conditions - Sterling Heights,Herniated / Bulging Disc,Phrase,slipped disc specialist,"""slipped disc specialist""",Enabled,https://synergyhealth.org/specialty/spine-neck-back/sterling-heights/,https://synergyhealth.org/specialty/spine-neck-back/sterling-heights/herniated-disc/,,REACTIVATE,paused
BOD - Spine Conditions - Sterling Heights,Herniated / Bulging Disc,Phrase,slipped disc surgeon,"""slipped disc surgeon""",Enabled,https://synergyhealth.org/specialty/spine-neck-back/sterling-heights/,https://synergyhealth.org/specialty/spine-neck-back/sterling-heights/herniated-disc/,,EXISTING,migrate
BOD - Spine Conditions - Sterling Heights,Herniated / Bulging Disc,Phrase,ruptured disk treatment,"""ruptured disk treatment""",Enabled,https://synergyhealth.org/specialty/spine-neck-back/sterling-heights/,https://synergyhealth.org/specialty/spine-neck-back/sterling-heights/herniated-disc/,,EXISTING,migrate
BOD - Spine Conditions - Sterling Heights,Herniated / Bulging Disc,Phrase,ruptured disc surgery,"""ruptured disc surgery""",Enabled,https://synergyhealth.org/specialty/spine-neck-back/sterling-heights/,https://synergyhealth.org/specialty/spine-neck-back/sterling-heights/herniated-disc/,,EXISTING,migrate
BOD - Spine Conditions - Sterling Heights,Herniated / Bulging Disc,Phrase,treatment for herniated disc,"""treatment for herniated disc""",Enabled,https://synergyhealth.org/specialty/spine-neck-back/sterling-heights/,https://synergyhealth.org/specialty/spine-neck-back/sterling-heights/herniated-disc/,,EXISTING,migrate
BOD - Spine Conditions - Sterling Heights,Herniated / Bulging Disc,Phrase,degenerative disc disease treatment,"""degenerative disc disease treatment""",Enabled,https://synergyhealth.org/specialty/spine-neck-back/sterling-heights/,https://synergyhealth.org/specialty/spine-neck-back/sterling-heights/herniated-disc/,1300,EXISTING,migrate
BOD - Spine Conditions - Sterling Heights,Herniated / Bulging Disc,Phrase,degenerative disc surgery,"""degenerative disc surgery""",Enabled,https://synergyhealth.org/specialty/spine-neck-back/sterling-heights/,https://synergyhealth.org/specialty/spine-neck-back/sterling-heights/herniated-disc/,,EXISTING,migrate
BOD - Spine Conditions - Sterling Heights,Herniated / Bulging Disc,Phrase,degenerative disc repair,"""degenerative disc repair""",Enabled,https://synergyhealth.org/specialty/spine-neck-back/sterling-heights/,https://synergyhealth.org/specialty/spine-neck-back/sterling-heights/herniated-disc/,,EXISTING,migrate
BOD - Spine Conditions - Sterling Heights,Herniated / Bulging Disc,Negative (ad group list),"-""icd 10"" -exercises -stretches -""how to"" -""what is"" -symptoms -""vs bulging"" -""versus bulging"" -sza -""pain killer"" -painkiller -medication -""heal quickly"" -""recovery time"" -""feel like"" -""l5 s1"" -""self-care"" -""signs""","-""icd 10"" -exercises -stretches -""how to"" -""what is"" -symptoms -""vs bulging"" -""versus bulging"" -sza -""pain killer"" -painkiller -medication -""heal quickly"" -""recovery time"" -""feel like"" -""l5 s1"" -""self-care"" -""signs""",Enabled,,,,NEW,apply as ad-group negative keyword list
BOD - Spine Conditions - Sterling Heights,Spinal Stenosis,Exact,spinal stenosis specialist near me,[spinal stenosis specialist near me],Enabled,https://synergyhealth.org/specialty/spine-neck-back/sterling-heights/,https://synergyhealth.org/specialty/spine-neck-back/sterling-heights/spinal-stenosis/,260,NEW,
BOD - Spine Conditions - Sterling Heights,Spinal Stenosis,Exact,spinal stenosis treatment near me,[spinal stenosis treatment near me],Enabled,https://synergyhealth.org/specialty/spine-neck-back/sterling-heights/,https://synergyhealth.org/specialty/spine-neck-back/sterling-heights/spinal-stenosis/,210,NEW,
BOD - Spine Conditions - Sterling Heights,Spinal Stenosis,Exact,spinal stenosis specialist,[spinal stenosis specialist],Enabled,https://synergyhealth.org/specialty/spine-neck-back/sterling-heights/,https://synergyhealth.org/specialty/spine-neck-back/sterling-heights/spinal-stenosis/,110,NEW,
BOD - Spine Conditions - Sterling Heights,Spinal Stenosis,Exact,spinal stenosis doctor near me,[spinal stenosis doctor near me],Enabled,https://synergyhealth.org/specialty/spine-neck-back/sterling-heights/,https://synergyhealth.org/specialty/spine-neck-back/sterling-heights/spinal-stenosis/,30,NEW,
BOD - Spine Conditions - Sterling Heights,Spinal Stenosis,Exact,spinal stenosis surgery,[spinal stenosis surgery],Enabled,https://synergyhealth.org/specialty/spine-neck-back/sterling-heights/,https://synergyhealth.org/specialty/spine-neck-back/sterling-heights/spinal-stenosis/,5400,EXISTING,flagged low quality - fix w/ relevant ad + LP
BOD - Spine Conditions - Sterling Heights,Spinal Stenosis,Phrase,spinal stenosis specialist near me,"""spinal stenosis specialist near me""",Enabled,https://synergyhealth.org/specialty/spine-neck-back/sterling-heights/,https://synergyhealth.org/specialty/spine-neck-back/sterling-heights/spinal-stenosis/,260,NEW,
BOD - Spine Conditions - Sterling Heights,Spinal Stenosis,Phrase,spinal stenosis treatment near me,"""spinal stenosis treatment near me""",Enabled,https://synergyhealth.org/specialty/spine-neck-back/sterling-heights/,https://synergyhealth.org/specialty/spine-neck-back/sterling-heights/spinal-stenosis/,210,NEW,
BOD - Spine Conditions - Sterling Heights,Spinal Stenosis,Phrase,spinal stenosis treatment,"""spinal stenosis treatment""",Enabled,https://synergyhealth.org/specialty/spine-neck-back/sterling-heights/,https://synergyhealth.org/specialty/spine-neck-back/sterling-heights/spinal-stenosis/,8100,NEW,informational-heavy - monitor
BOD - Spine Conditions - Sterling Heights,Spinal Stenosis,Phrase,spinal stenosis surgery,"""spinal stenosis surgery""",Enabled,https://synergyhealth.org/specialty/spine-neck-back/sterling-heights/,https://synergyhealth.org/specialty/spine-neck-back/sterling-heights/spinal-stenosis/,5400,NEW,
BOD - Spine Conditions - Sterling Heights,Spinal Stenosis,Phrase,surgery for spinal stenosis,"""surgery for spinal stenosis""",Enabled,https://synergyhealth.org/specialty/spine-neck-back/sterling-heights/,https://synergyhealth.org/specialty/spine-neck-back/sterling-heights/spinal-stenosis/,1000,NEW,
BOD - Spine Conditions - Sterling Heights,Spinal Stenosis,Phrase,lumbar spinal stenosis treatment,"""lumbar spinal stenosis treatment""",Enabled,https://synergyhealth.org/specialty/spine-neck-back/sterling-heights/,https://synergyhealth.org/specialty/spine-neck-back/sterling-heights/spinal-stenosis/,880,NEW,
BOD - Spine Conditions - Sterling Heights,Spinal Stenosis,Phrase,lumbar stenosis treatment,"""lumbar stenosis treatment""",Enabled,https://synergyhealth.org/specialty/spine-neck-back/sterling-heights/,https://synergyhealth.org/specialty/spine-neck-back/sterling-heights/spinal-stenosis/,90,NEW,
BOD - Spine Conditions - Sterling Heights,Spinal Stenosis,Phrase,spinal stenosis specialist,"""spinal stenosis specialist""",Enabled,https://synergyhealth.org/specialty/spine-neck-back/sterling-heights/,https://synergyhealth.org/specialty/spine-neck-back/sterling-heights/spinal-stenosis/,110,NEW,
BOD - Spine Conditions - Sterling Heights,Spinal Stenosis,Phrase,spinal stenosis therapies,"""spinal stenosis therapies""",Enabled,https://synergyhealth.org/specialty/spine-neck-back/sterling-heights/,https://synergyhealth.org/specialty/spine-neck-back/sterling-heights/spinal-stenosis/,,REACTIVATE,"in paused Pain Mgmt, flagged low quality"
BOD - Spine Conditions - Sterling Heights,Spinal Stenosis,Negative (ad group list),"-""icd 10"" -exercises -symptoms -""what is"" -disability -""kill you"" -""final stages"" -hereditary -""to avoid"" -""cured"" -""painkiller"" -""newest treatment"" -""which is worse""","-""icd 10"" -exercises -symptoms -""what is"" -disability -""kill you"" -""final stages"" -hereditary -""to avoid"" -""cured"" -""painkiller"" -""newest treatment"" -""which is worse""",Enabled,,,,NEW,apply as ad-group negative keyword list
BOD - Spine Conditions - Sterling Heights,Pinched Nerve / Radiculopathy,Exact,pinched nerve treatment near me,[pinched nerve treatment near me],Enabled,https://synergyhealth.org/specialty/spine-neck-back/sterling-heights/,https://synergyhealth.org/specialty/spine-neck-back/sterling-heights/pinched-nerve/,590,NEW,
BOD - Spine Conditions - Sterling Heights,Pinched Nerve / Radiculopathy,Exact,pinched nerve doctor near me,[pinched nerve doctor near me],Enabled,https://synergyhealth.org/specialty/spine-neck-back/sterling-heights/,https://synergyhealth.org/specialty/spine-neck-back/sterling-heights/pinched-nerve/,110,NEW,CPC $4.24
BOD - Spine Conditions - Sterling Heights,Pinched Nerve / Radiculopathy,Exact,pinched nerve specialist near me,[pinched nerve specialist near me],Enabled,https://synergyhealth.org/specialty/spine-neck-back/sterling-heights/,https://synergyhealth.org/specialty/spine-neck-back/sterling-heights/pinched-nerve/,50,NEW,
BOD - Spine Conditions - Sterling Heights,Pinched Nerve / Radiculopathy,Exact,radiculopathy doctor near me,[radiculopathy doctor near me],Enabled,https://synergyhealth.org/specialty/spine-neck-back/sterling-heights/,https://synergyhealth.org/specialty/spine-neck-back/sterling-heights/pinched-nerve/,20,NEW,CPC $3.27
BOD - Spine Conditions - Sterling Heights,Pinched Nerve / Radiculopathy,Phrase,pinched nerve treatment near me,"""pinched nerve treatment near me""",Enabled,https://synergyhealth.org/specialty/spine-neck-back/sterling-heights/,https://synergyhealth.org/specialty/spine-neck-back/sterling-heights/pinched-nerve/,590,NEW,
BOD - Spine Conditions - Sterling Heights,Pinched Nerve / Radiculopathy,Phrase,pinched nerve doctor near me,"""pinched nerve doctor near me""",Enabled,https://synergyhealth.org/specialty/spine-neck-back/sterling-heights/,https://synergyhealth.org/specialty/spine-neck-back/sterling-heights/pinched-nerve/,110,NEW,
BOD - Spine Conditions - Sterling Heights,Pinched Nerve / Radiculopathy,Phrase,pinched nerve specialist near me,"""pinched nerve specialist near me""",Enabled,https://synergyhealth.org/specialty/spine-neck-back/sterling-heights/,https://synergyhealth.org/specialty/spine-neck-back/sterling-heights/pinched-nerve/,50,NEW,
BOD - Spine Conditions - Sterling Heights,Pinched Nerve / Radiculopathy,Phrase,pinched nerve treatment,"""pinched nerve treatment""",Enabled,https://synergyhealth.org/specialty/spine-neck-back/sterling-heights/,https://synergyhealth.org/specialty/spine-neck-back/sterling-heights/pinched-nerve/,4400,NEW,
BOD - Spine Conditions - Sterling Heights,Pinched Nerve / Radiculopathy,Phrase,treatment for pinched nerve in neck,"""treatment for pinched nerve in neck""",Enabled,https://synergyhealth.org/specialty/spine-neck-back/sterling-heights/,https://synergyhealth.org/specialty/spine-neck-back/sterling-heights/pinched-nerve/,3600,NEW,
BOD - Spine Conditions - Sterling Heights,Pinched Nerve / Radiculopathy,Phrase,neck nerve pinch treatment,"""neck nerve pinch treatment""",Enabled,https://synergyhealth.org/specialty/spine-neck-back/sterling-heights/,https://synergyhealth.org/specialty/spine-neck-back/sterling-heights/pinched-nerve/,4400,NEW,
BOD - Spine Conditions - Sterling Heights,Pinched Nerve / Radiculopathy,Phrase,cervical radiculopathy treatment,"""cervical radiculopathy treatment""",Enabled,https://synergyhealth.org/specialty/spine-neck-back/sterling-heights/,https://synergyhealth.org/specialty/spine-neck-back/sterling-heights/pinched-nerve/,4400,NEW,CPC $1.21
BOD - Spine Conditions - Sterling Heights,Pinched Nerve / Radiculopathy,Phrase,pinched nerve therapy neck,"""pinched nerve therapy neck""",Enabled,https://synergyhealth.org/specialty/spine-neck-back/sterling-heights/,https://synergyhealth.org/specialty/spine-neck-back/sterling-heights/pinched-nerve/,5400,NEW,
BOD - Spine Conditions - Sterling Heights,Pinched Nerve / Radiculopathy,Phrase,treatment for pinched nerve in lower back,"""treatment for pinched nerve in lower back""",Enabled,https://synergyhealth.org/specialty/spine-neck-back/sterling-heights/,https://synergyhealth.org/specialty/spine-neck-back/sterling-heights/pinched-nerve/,,REACTIVATE,in paused Pain Mgmt
BOD - Spine Conditions - Sterling Heights,Pinched Nerve / Radiculopathy,Phrase,radiculopathy treatment,"""radiculopathy treatment""",Enabled,https://synergyhealth.org/specialty/spine-neck-back/sterling-heights/,https://synergyhealth.org/specialty/spine-neck-back/sterling-heights/pinched-nerve/,,NEW,
BOD - Spine Conditions - Sterling Heights,Pinched Nerve / Radiculopathy,Negative (ad group list),"-shoulder -hip -""how to"" -""what is"" -""how long"" -symptoms -""feel like"" -""icd 10"" -stretches -exercises -""relieve"" -""fix a""","-shoulder -hip -""how to"" -""what is"" -""how long"" -symptoms -""feel like"" -""icd 10"" -stretches -exercises -""relieve"" -""fix a""",Enabled,,,,NEW,apply as ad-group negative keyword list
"BOD - Neck, Back, Spine - Sterling Heights",Spine Surgery,Exact,spine surgeon near me,[spine surgeon near me],Enabled,https://synergyhealth.org/specialty/spine-neck-back/sterling-heights/,https://synergyhealth.org/specialty/spine-neck-back/sterling-heights/spine-surgery/,5400,NEW,"LARGEST MISS - 5,400/mo, not targeted"
"BOD - Neck, Back, Spine - Sterling Heights",Spine Surgery,Exact,spine surgeons near me,[spine surgeons near me],Enabled,https://synergyhealth.org/specialty/spine-neck-back/sterling-heights/,https://synergyhealth.org/specialty/spine-neck-back/sterling-heights/spine-surgery/,1900,NEW,
"BOD - Neck, Back, Spine - Sterling Heights",Spine Surgery,Exact,orthopedic spine surgeon near me,[orthopedic spine surgeon near me],Enabled,https://synergyhealth.org/specialty/spine-neck-back/sterling-heights/,https://synergyhealth.org/specialty/spine-neck-back/sterling-heights/spine-surgery/,390,NEW,
"BOD - Neck, Back, Spine - Sterling Heights",Spine Surgery,Exact,orthopedic spine surgeon,[orthopedic spine surgeon],Enabled,https://synergyhealth.org/specialty/spine-neck-back/sterling-heights/,https://synergyhealth.org/specialty/spine-neck-back/sterling-heights/spine-surgery/,1000,EXISTING,
"BOD - Neck, Back, Spine - Sterling Heights",Spine Surgery,Exact,michigan orthopedic spine surgeons,[michigan orthopedic spine surgeons],Enabled,https://synergyhealth.org/specialty/spine-neck-back/sterling-heights/,https://synergyhealth.org/specialty/spine-neck-back/sterling-heights/spine-surgery/,,EXISTING,15.0 conv @ $122
"BOD - Neck, Back, Spine - Sterling Heights",Spine Surgery,Exact,spine surgeon,[spine surgeon],Enabled,https://synergyhealth.org/specialty/spine-neck-back/sterling-heights/,https://synergyhealth.org/specialty/spine-neck-back/sterling-heights/spine-surgery/,4400,NEW,
"BOD - Neck, Back, Spine - Sterling Heights",Spine Surgery,Exact,back surgeon near me,[back surgeon near me],Enabled,https://synergyhealth.org/specialty/spine-neck-back/sterling-heights/,https://synergyhealth.org/specialty/spine-neck-back/sterling-heights/spine-surgery/,,EXISTING,1.0 conv
"BOD - Neck, Back, Spine - Sterling Heights",Spine Surgery,Exact,best spine doctors in michigan,[best spine doctors in michigan],Enabled,https://synergyhealth.org/specialty/spine-neck-back/sterling-heights/,https://synergyhealth.org/specialty/spine-neck-back/sterling-heights/spine-surgery/,,EXISTING,
"BOD - Neck, Back, Spine - Sterling Heights",Spine Surgery,Phrase,orthopedic spine surgeon,"""orthopedic spine surgeon""",Enabled,https://synergyhealth.org/specialty/spine-neck-back/sterling-heights/,https://synergyhealth.org/specialty/spine-neck-back/sterling-heights/spine-surgery/,1000,EXISTING,#1 spine kw: 126.6 conv @ $213
"BOD - Neck, Back, Spine - Sterling Heights",Spine Surgery,Phrase,spinal surgery,"""spinal surgery""",Enabled,https://synergyhealth.org/specialty/spine-neck-back/sterling-heights/,https://synergyhealth.org/specialty/spine-neck-back/sterling-heights/spine-surgery/,,EXISTING,29.4 conv @ $417
"BOD - Neck, Back, Spine - Sterling Heights",Spine Surgery,Phrase,spine surgery,"""spine surgery""",Enabled,https://synergyhealth.org/specialty/spine-neck-back/sterling-heights/,https://synergyhealth.org/specialty/spine-neck-back/sterling-heights/spine-surgery/,,EXISTING,29.0 conv @ $357
"BOD - Neck, Back, Spine - Sterling Heights",Spine Surgery,Phrase,back surgeons in michigan,"""back surgeons in michigan""",Enabled,https://synergyhealth.org/specialty/spine-neck-back/sterling-heights/,https://synergyhealth.org/specialty/spine-neck-back/sterling-heights/spine-surgery/,,EXISTING,25.6 conv @ $300
"BOD - Neck, Back, Spine - Sterling Heights",Spine Surgery,Phrase,spinal surgeons near me,"""spinal surgeons near me""",Enabled,https://synergyhealth.org/specialty/spine-neck-back/sterling-heights/,https://synergyhealth.org/specialty/spine-neck-back/sterling-heights/spine-surgery/,,EXISTING,8.3 conv @ $90 - strong
"BOD - Neck, Back, Spine - Sterling Heights",Spine Surgery,Phrase,spine surgeon near me,"""spine surgeon near me""",Enabled,https://synergyhealth.org/specialty/spine-neck-back/sterling-heights/,https://synergyhealth.org/specialty/spine-neck-back/sterling-heights/spine-surgery/,5400,EXISTING,2.3 conv - underfunded
"BOD - Neck, Back, Spine - Sterling Heights",Spine Surgery,Phrase,spine surgeons near me,"""spine surgeons near me""",Enabled,https://synergyhealth.org/specialty/spine-neck-back/sterling-heights/,https://synergyhealth.org/specialty/spine-neck-back/sterling-heights/spine-surgery/,1900,NEW,
"BOD - Neck, Back, Spine - Sterling Heights",Spine Surgery,Phrase,orthopedic spine surgeon near me,"""orthopedic spine surgeon near me""",Enabled,https://synergyhealth.org/specialty/spine-neck-back/sterling-heights/,https://synergyhealth.org/specialty/spine-neck-back/sterling-heights/spine-surgery/,390,EXISTING,
"BOD - Neck, Back, Spine - Sterling Heights",Spine Surgery,Phrase,spine orthopedic surgeon,"""spine orthopedic surgeon""",Enabled,https://synergyhealth.org/specialty/spine-neck-back/sterling-heights/,https://synergyhealth.org/specialty/spine-neck-back/sterling-heights/spine-surgery/,1000,NEW,
"BOD - Neck, Back, Spine - Sterling Heights",Spine Surgery,Phrase,spine surgery surgeon,"""spine surgery surgeon""",Enabled,https://synergyhealth.org/specialty/spine-neck-back/sterling-heights/,https://synergyhealth.org/specialty/spine-neck-back/sterling-heights/spine-surgery/,2900,NEW,
"BOD - Neck, Back, Spine - Sterling Heights",Spine Surgery,Phrase,lower back surgery,"""lower back surgery""",Enabled,https://synergyhealth.org/specialty/spine-neck-back/sterling-heights/,https://synergyhealth.org/specialty/spine-neck-back/sterling-heights/spine-surgery/,,EXISTING,
"BOD - Neck, Back, Spine - Sterling Heights",Spine Surgery,Phrase,neck surgery,"""neck surgery""",Enabled,https://synergyhealth.org/specialty/spine-neck-back/sterling-heights/,https://synergyhealth.org/specialty/spine-neck-back/sterling-heights/spine-surgery/,,EXISTING,6.5 conv @ $740 - watch
"BOD - Neck, Back, Spine - Sterling Heights",Spine Surgery,Phrase,cervical fusion surgery,"""cervical fusion surgery""",Enabled,https://synergyhealth.org/specialty/spine-neck-back/sterling-heights/,https://synergyhealth.org/specialty/spine-neck-back/sterling-heights/spine-surgery/,1900,NEW,
"BOD - Neck, Back, Spine - Sterling Heights",Spine Surgery,Phrase,lumbar fusion surgery,"""lumbar fusion surgery""",Enabled,https://synergyhealth.org/specialty/spine-neck-back/sterling-heights/,https://synergyhealth.org/specialty/spine-neck-back/sterling-heights/spine-surgery/,1900,NEW,
"BOD - Neck, Back, Spine - Sterling Heights",Spine Surgery,Phrase,minimally invasive spine surgeon,"""minimally invasive spine surgeon""",Enabled,https://synergyhealth.org/specialty/spine-neck-back/sterling-heights/,https://synergyhealth.org/specialty/spine-neck-back/sterling-heights/spine-surgery/,260,NEW,
"BOD - Neck, Back, Spine - Sterling Heights",Spine Surgery,Negative (ad group list),"-salary -""how much"" -""top 10"" -jobs -residency -""make"" -nyc -nj -""new jersey"" -""long island"" -dallas -texas -florida -""united states"" -""icd 10"" -""best in the""","-salary -""how much"" -""top 10"" -jobs -residency -""make"" -nyc -nj -""new jersey"" -""long island"" -dallas -texas -florida -""united states"" -""icd 10"" -""best in the""",Enabled,,,,NEW,apply as ad-group negative keyword list
"BOD - Neck, Back, Spine - Sterling Heights",Minimally Invasive / Disc Surgery,Exact,minimally invasive spine surgery near me,[minimally invasive spine surgery near me],Enabled,https://synergyhealth.org/specialty/spine-neck-back/sterling-heights/,https://synergyhealth.org/specialty/spine-neck-back/sterling-heights/minimally-invasive-spine-surgery/,390,NEW,
"BOD - Neck, Back, Spine - Sterling Heights",Minimally Invasive / Disc Surgery,Exact,endoscopic spine surgery near me,[endoscopic spine surgery near me],Enabled,https://synergyhealth.org/specialty/spine-neck-back/sterling-heights/,https://synergyhealth.org/specialty/spine-neck-back/sterling-heights/minimally-invasive-spine-surgery/,210,NEW,
"BOD - Neck, Back, Spine - Sterling Heights",Minimally Invasive / Disc Surgery,Exact,microdiscectomy near me,[microdiscectomy near me],Enabled,https://synergyhealth.org/specialty/spine-neck-back/sterling-heights/,https://synergyhealth.org/specialty/spine-neck-back/sterling-heights/minimally-invasive-spine-surgery/,110,NEW,CPC $3.06
"BOD - Neck, Back, Spine - Sterling Heights",Minimally Invasive / Disc Surgery,Exact,microdiscectomy,[microdiscectomy],Enabled,https://synergyhealth.org/specialty/spine-neck-back/sterling-heights/,https://synergyhealth.org/specialty/spine-neck-back/sterling-heights/minimally-invasive-spine-surgery/,,EXISTING,move from Surgery
"BOD - Neck, Back, Spine - Sterling Heights",Minimally Invasive / Disc Surgery,Exact,laminectomy,[laminectomy],Enabled,https://synergyhealth.org/specialty/spine-neck-back/sterling-heights/,https://synergyhealth.org/specialty/spine-neck-back/sterling-heights/minimally-invasive-spine-surgery/,,REACTIVATE,paused
"BOD - Neck, Back, Spine - Sterling Heights",Minimally Invasive / Disc Surgery,Exact,laminectomy surgery,[laminectomy surgery],Enabled,https://synergyhealth.org/specialty/spine-neck-back/sterling-heights/,https://synergyhealth.org/specialty/spine-neck-back/sterling-heights/minimally-invasive-spine-surgery/,,EXISTING,move from Surgery
"BOD - Neck, Back, Spine - Sterling Heights",Minimally Invasive / Disc Surgery,Exact,decompression surgeries,[decompression surgeries],Enabled,https://synergyhealth.org/specialty/spine-neck-back/sterling-heights/,https://synergyhealth.org/specialty/spine-neck-back/sterling-heights/minimally-invasive-spine-surgery/,,EXISTING,move from Surgery
"BOD - Neck, Back, Spine - Sterling Heights",Minimally Invasive / Disc Surgery,Exact,artificial disc replacement near me,[artificial disc replacement near me],Enabled,https://synergyhealth.org/specialty/spine-neck-back/sterling-heights/,https://synergyhealth.org/specialty/spine-neck-back/sterling-heights/minimally-invasive-spine-surgery/,140,NEW,
"BOD - Neck, Back, Spine - Sterling Heights",Minimally Invasive / Disc Surgery,Phrase,minimally invasive spine surgery near me,"""minimally invasive spine surgery near me""",Enabled,https://synergyhealth.org/specialty/spine-neck-back/sterling-heights/,https://synergyhealth.org/specialty/spine-neck-back/sterling-heights/minimally-invasive-spine-surgery/,390,NEW,
"BOD - Neck, Back, Spine - Sterling Heights",Minimally Invasive / Disc Surgery,Phrase,minimally invasive spinal surgery,"""minimally invasive spinal surgery""",Enabled,https://synergyhealth.org/specialty/spine-neck-back/sterling-heights/,https://synergyhealth.org/specialty/spine-neck-back/sterling-heights/minimally-invasive-spine-surgery/,,EXISTING,move from Surgery
"BOD - Neck, Back, Spine - Sterling Heights",Minimally Invasive / Disc Surgery,Phrase,endoscopic spine surgery near me,"""endoscopic spine surgery near me""",Enabled,https://synergyhealth.org/specialty/spine-neck-back/sterling-heights/,https://synergyhealth.org/specialty/spine-neck-back/sterling-heights/minimally-invasive-spine-surgery/,210,NEW,
"BOD - Neck, Back, Spine - Sterling Heights",Minimally Invasive / Disc Surgery,Phrase,microdiscectomy,"""microdiscectomy""",Enabled,https://synergyhealth.org/specialty/spine-neck-back/sterling-heights/,https://synergyhealth.org/specialty/spine-neck-back/sterling-heights/minimally-invasive-spine-surgery/,,NEW,
"BOD - Neck, Back, Spine - Sterling Heights",Minimally Invasive / Disc Surgery,Phrase,lumbar laminectomy,"""lumbar laminectomy""",Enabled,https://synergyhealth.org/specialty/spine-neck-back/sterling-heights/,https://synergyhealth.org/specialty/spine-neck-back/sterling-heights/minimally-invasive-spine-surgery/,,EXISTING,"move from Surgery, 1.0 conv"
"BOD - Neck, Back, Spine - Sterling Heights",Minimally Invasive / Disc Surgery,Phrase,cervical disc replacement,"""cervical disc replacement""",Enabled,https://synergyhealth.org/specialty/spine-neck-back/sterling-heights/,https://synergyhealth.org/specialty/spine-neck-back/sterling-heights/minimally-invasive-spine-surgery/,2900,NEW,
"BOD - Neck, Back, Spine - Sterling Heights",Minimally Invasive / Disc Surgery,Phrase,lumbar disc replacement,"""lumbar disc replacement""",Enabled,https://synergyhealth.org/specialty/spine-neck-back/sterling-heights/,https://synergyhealth.org/specialty/spine-neck-back/sterling-heights/minimally-invasive-spine-surgery/,1000,NEW,
"BOD - Neck, Back, Spine - Sterling Heights",Minimally Invasive / Disc Surgery,Phrase,artificial disc replacement near me,"""artificial disc replacement near me""",Enabled,https://synergyhealth.org/specialty/spine-neck-back/sterling-heights/,https://synergyhealth.org/specialty/spine-neck-back/sterling-heights/minimally-invasive-spine-surgery/,140,NEW,
"BOD - Neck, Back, Spine - Sterling Heights",Minimally Invasive / Disc Surgery,Phrase,spinal decompression,"""spinal decompression""",Enabled,https://synergyhealth.org/specialty/spine-neck-back/sterling-heights/,https://synergyhealth.org/specialty/spine-neck-back/sterling-heights/minimally-invasive-spine-surgery/,,REACTIVATE,"CAUTION: chiro decompression-table intent, watch search terms"
"BOD - Neck, Back, Spine - Sterling Heights",Minimally Invasive / Disc Surgery,Negative (ad group list),"-chiropractic -chiropractor -table -machine -""at home"" -inversion -salary -cost -""how much"" -nyc -nj -dallas -""recovery time""","-chiropractic -chiropractor -table -machine -""at home"" -inversion -salary -cost -""how much"" -nyc -nj -dallas -""recovery time""",Enabled,,,,NEW,apply as ad-group negative keyword list
"BOD - Neck, Back, Spine - Livonia",Spine Specialist,Exact,spine specialist near me,[spine specialist near me],Enabled,https://synergyhealth.org/specialty/spine-neck-back/livonia/,same as Phase 1,5400,EXISTING,"8.9 conv, ROAS 0.81"
"BOD - Neck, Back, Spine - Livonia",Spine Specialist,Exact,spine specialist,[spine specialist],Enabled,https://synergyhealth.org/specialty/spine-neck-back/livonia/,same as Phase 1,4400,EXISTING,16.7 conv
"BOD - Neck, Back, Spine - Livonia",Spine Specialist,Exact,spine doctor near me,[spine doctor near me],Enabled,https://synergyhealth.org/specialty/spine-neck-back/livonia/,same as Phase 1,,NEW,"phrase ver = $51 CPA, best in spine"
"BOD - Neck, Back, Spine - Livonia",Spine Specialist,Exact,spine doctors,[spine doctors],Enabled,https://synergyhealth.org/specialty/spine-neck-back/livonia/,same as Phase 1,,REACTIVATE,"phrase ver paused w/ $21,223 spend, 76 conv"
"BOD - Neck, Back, Spine - Livonia",Spine Specialist,Exact,orthopedic spine specialist near me,[orthopedic spine specialist near me],Enabled,https://synergyhealth.org/specialty/spine-neck-back/livonia/,same as Phase 1,590,NEW,
"BOD - Neck, Back, Spine - Livonia",Spine Specialist,Exact,ortho spine specialist,[ortho spine specialist],Enabled,https://synergyhealth.org/specialty/spine-neck-back/livonia/,same as Phase 1,,EXISTING,5.0 conv
"BOD - Neck, Back, Spine - Livonia",Spine Specialist,Exact,spine pain specialist near me,[spine pain specialist near me],Enabled,https://synergyhealth.org/specialty/spine-neck-back/livonia/,same as Phase 1,170,NEW,
"BOD - Neck, Back, Spine - Livonia",Spine Specialist,Exact,best spine specialist near me,[best spine specialist near me],Enabled,https://synergyhealth.org/specialty/spine-neck-back/livonia/,same as Phase 1,210,NEW,
"BOD - Neck, Back, Spine - Livonia",Spine Specialist,Exact,back and spine specialist near me,[back and spine specialist near me],Enabled,https://synergyhealth.org/specialty/spine-neck-back/livonia/,same as Phase 1,320,NEW,
"BOD - Neck, Back, Spine - Livonia",Spine Specialist,Exact,spine doctors in my area,[spine doctors in my area],Enabled,https://synergyhealth.org/specialty/spine-neck-back/livonia/,same as Phase 1,,EXISTING,
"BOD - Neck, Back, Spine - Livonia",Spine Specialist,Exact,best spine doctors in michigan,[best spine doctors in michigan],Enabled,https://synergyhealth.org/specialty/spine-neck-back/livonia/,same as Phase 1,,EXISTING,4.0 conv
"BOD - Neck, Back, Spine - Livonia",Spine Specialist,Phrase,spine specialist near me,"""spine specialist near me""",Enabled,https://synergyhealth.org/specialty/spine-neck-back/livonia/,same as Phase 1,5400,EXISTING,41.4 conv @ $91 CPA
"BOD - Neck, Back, Spine - Livonia",Spine Specialist,Phrase,spine doctor near me,"""spine doctor near me""",Enabled,https://synergyhealth.org/specialty/spine-neck-back/livonia/,same as Phase 1,,EXISTING,28.9 conv @ $51 CPA - best CPA in spine
"BOD - Neck, Back, Spine - Livonia",Spine Specialist,Phrase,spine doctors,"""spine doctors""",Enabled,https://synergyhealth.org/specialty/spine-neck-back/livonia/,same as Phase 1,,REACTIVATE,"PAUSED - was #2 kw by spend, $279 CPA"
"BOD - Neck, Back, Spine - Livonia",Spine Specialist,Phrase,spine specialist,"""spine specialist""",Enabled,https://synergyhealth.org/specialty/spine-neck-back/livonia/,same as Phase 1,4400,EXISTING,
"BOD - Neck, Back, Spine - Livonia",Spine Specialist,Phrase,spine pain specialist,"""spine pain specialist""",Enabled,https://synergyhealth.org/specialty/spine-neck-back/livonia/,same as Phase 1,,EXISTING,30.6 conv @ $244
"BOD - Neck, Back, Spine - Livonia",Spine Specialist,Phrase,spine pain specialist near me,"""spine pain specialist near me""",Enabled,https://synergyhealth.org/specialty/spine-neck-back/livonia/,same as Phase 1,170,EXISTING,13.0 conv @ $78
"BOD - Neck, Back, Spine - Livonia",Spine Specialist,Phrase,orthopedic spine specialist,"""orthopedic spine specialist""",Enabled,https://synergyhealth.org/specialty/spine-neck-back/livonia/,same as Phase 1,1600,NEW,
"BOD - Neck, Back, Spine - Livonia",Spine Specialist,Phrase,spine and orthopedic specialists,"""spine and orthopedic specialists""",Enabled,https://synergyhealth.org/specialty/spine-neck-back/livonia/,same as Phase 1,1600,NEW,
"BOD - Neck, Back, Spine - Livonia",Spine Specialist,Phrase,back and spine specialist,"""back and spine specialist""",Enabled,https://synergyhealth.org/specialty/spine-neck-back/livonia/,same as Phase 1,320,NEW,
"BOD - Neck, Back, Spine - Livonia",Spine Specialist,Phrase,cervical spine specialist,"""cervical spine specialist""",Enabled,https://synergyhealth.org/specialty/spine-neck-back/livonia/,same as Phase 1,210,NEW,
"BOD - Neck, Back, Spine - Livonia",Spine Specialist,Phrase,spine center near me,"""spine center near me""",Enabled,https://synergyhealth.org/specialty/spine-neck-back/livonia/,same as Phase 1,170,NEW,
"BOD - Neck, Back, Spine - Livonia",Spine Specialist,Phrase,spine clinic near me,"""spine clinic near me""",Enabled,https://synergyhealth.org/specialty/spine-neck-back/livonia/,same as Phase 1,210,NEW,
"BOD - Neck, Back, Spine - Livonia",Spine Specialist,Phrase,non surgical spine specialist,"""non surgical spine specialist""",Enabled,https://synergyhealth.org/specialty/spine-neck-back/livonia/,same as Phase 1,170,NEW,
"BOD - Neck, Back, Spine - Livonia",Spine Specialist,Phrase,ortho spine specialist,"""ortho spine specialist""",Enabled,https://synergyhealth.org/specialty/spine-neck-back/livonia/,same as Phase 1,,EXISTING,18.0 conv @ $71
"BOD - Neck, Back, Spine - Livonia",Spine Specialist,Phrase,best spine doctor near me,"""best spine doctor near me""",Enabled,https://synergyhealth.org/specialty/spine-neck-back/livonia/,same as Phase 1,,EXISTING,
"BOD - Neck, Back, Spine - Livonia",Spine Specialist,Negative (ad group list),"-salary -jobs -""icd 10"" -""what is a"" -school -residency -nyc -nj -""new jersey"" -""long island"" -dallas -texas -florida","-salary -jobs -""icd 10"" -""what is a"" -school -residency -nyc -nj -""new jersey"" -""long island"" -dallas -texas -florida",Enabled,,,,NEW,apply as ad-group negative keyword list
"BOD - Neck, Back, Spine - Livonia",Back Pain Specialist,Exact,back doctors near me,[back doctors near me],Enabled,https://synergyhealth.org/specialty/spine-neck-back/livonia/,https://synergyhealth.org/specialty/spine-neck-back/livonia/back-pain/,2900,EXISTING,"4.0 conv, ROAS 2.00 - best ROAS in spine"
"BOD - Neck, Back, Spine - Livonia",Back Pain Specialist,Exact,back doctor near me,[back doctor near me],Enabled,https://synergyhealth.org/specialty/spine-neck-back/livonia/,https://synergyhealth.org/specialty/spine-neck-back/livonia/back-pain/,4400,EXISTING,"11.0 conv, ROAS 1.23"
"BOD - Neck, Back, Spine - Livonia",Back Pain Specialist,Exact,back specialist near me,[back specialist near me],Enabled,https://synergyhealth.org/specialty/spine-neck-back/livonia/,https://synergyhealth.org/specialty/spine-neck-back/livonia/back-pain/,,EXISTING,"13.0 conv, ROAS 1.00"
"BOD - Neck, Back, Spine - Livonia",Back Pain Specialist,Exact,back dr near me,[back dr near me],Enabled,https://synergyhealth.org/specialty/spine-neck-back/livonia/,https://synergyhealth.org/specialty/spine-neck-back/livonia/back-pain/,,EXISTING,"8.5 conv, ROAS 1.01"
"BOD - Neck, Back, Spine - Livonia",Back Pain Specialist,Exact,back pain doctor near me,[back pain doctor near me],Enabled,https://synergyhealth.org/specialty/spine-neck-back/livonia/,https://synergyhealth.org/specialty/spine-neck-back/livonia/back-pain/,2400,NEW,phrase ver = 16.5 conv @ $105
"BOD - Neck, Back, Spine - Livonia",Back Pain Specialist,Exact,back doctor,[back doctor],Enabled,https://synergyhealth.org/specialty/spine-neck-back/livonia/,https://synergyhealth.org/specialty/spine-neck-back/livonia/back-pain/,5400,EXISTING,7.5 conv
"BOD - Neck, Back, Spine - Livonia",Back Pain Specialist,Exact,back pain doctor,[back pain doctor],Enabled,https://synergyhealth.org/specialty/spine-neck-back/livonia/,https://synergyhealth.org/specialty/spine-neck-back/livonia/back-pain/,5400,EXISTING,1.5 conv
"BOD - Neck, Back, Spine - Livonia",Back Pain Specialist,Exact,back pain specialist,[back pain specialist],Enabled,https://synergyhealth.org/specialty/spine-neck-back/livonia/,https://synergyhealth.org/specialty/spine-neck-back/livonia/back-pain/,,EXISTING,9.2 conv @ $286
"BOD - Neck, Back, Spine - Livonia",Back Pain Specialist,Exact,back pain specialist near me,[back pain specialist near me],Enabled,https://synergyhealth.org/specialty/spine-neck-back/livonia/,https://synergyhealth.org/specialty/spine-neck-back/livonia/back-pain/,,EXISTING,1.0 conv
"BOD - Neck, Back, Spine - Livonia",Back Pain Specialist,Exact,back pain doctors near me,[back pain doctors near me],Enabled,https://synergyhealth.org/specialty/spine-neck-back/livonia/,https://synergyhealth.org/specialty/spine-neck-back/livonia/back-pain/,390,NEW,
"BOD - Neck, Back, Spine - Livonia",Back Pain Specialist,Exact,lower back pain doctor,[lower back pain doctor],Enabled,https://synergyhealth.org/specialty/spine-neck-back/livonia/,https://synergyhealth.org/specialty/spine-neck-back/livonia/back-pain/,1900,NEW,
"BOD - Neck, Back, Spine - Livonia",Back Pain Specialist,Exact,orthopedic back doctor near me,[orthopedic back doctor near me],Enabled,https://synergyhealth.org/specialty/spine-neck-back/livonia/,https://synergyhealth.org/specialty/spine-neck-back/livonia/back-pain/,260,NEW,
"BOD - Neck, Back, Spine - Livonia",Back Pain Specialist,Exact,best back doctor near me,[best back doctor near me],Enabled,https://synergyhealth.org/specialty/spine-neck-back/livonia/,https://synergyhealth.org/specialty/spine-neck-back/livonia/back-pain/,320,NEW,
"BOD - Neck, Back, Spine - Livonia",Back Pain Specialist,Exact,back and spine doctor near me,[back and spine doctor near me],Enabled,https://synergyhealth.org/specialty/spine-neck-back/livonia/,https://synergyhealth.org/specialty/spine-neck-back/livonia/back-pain/,210,NEW,
"BOD - Neck, Back, Spine - Livonia",Back Pain Specialist,Exact,doctor for back pain near me,[doctor for back pain near me],Enabled,https://synergyhealth.org/specialty/spine-neck-back/livonia/,https://synergyhealth.org/specialty/spine-neck-back/livonia/back-pain/,260,NEW,
"BOD - Neck, Back, Spine - Livonia",Back Pain Specialist,Phrase,back doctors near me,"""back doctors near me""",Enabled,https://synergyhealth.org/specialty/spine-neck-back/livonia/,https://synergyhealth.org/specialty/spine-neck-back/livonia/back-pain/,2900,EXISTING,17.0 conv @ $140
"BOD - Neck, Back, Spine - Livonia",Back Pain Specialist,Phrase,back pain doctor near me,"""back pain doctor near me""",Enabled,https://synergyhealth.org/specialty/spine-neck-back/livonia/,https://synergyhealth.org/specialty/spine-neck-back/livonia/back-pain/,2400,EXISTING,16.5 conv @ $105
"BOD - Neck, Back, Spine - Livonia",Back Pain Specialist,Phrase,back specialist near me,"""back specialist near me""",Enabled,https://synergyhealth.org/specialty/spine-neck-back/livonia/,https://synergyhealth.org/specialty/spine-neck-back/livonia/back-pain/,,EXISTING,15.5 conv @ $127
"BOD - Neck, Back, Spine - Livonia",Back Pain Specialist,Phrase,back doctor near me,"""back doctor near me""",Enabled,https://synergyhealth.org/specialty/spine-neck-back/livonia/,https://synergyhealth.org/specialty/spine-neck-back/livonia/back-pain/,4400,EXISTING,
"BOD - Neck, Back, Spine - Livonia",Back Pain Specialist,Phrase,back specialist,"""back specialist""",Enabled,https://synergyhealth.org/specialty/spine-neck-back/livonia/,https://synergyhealth.org/specialty/spine-neck-back/livonia/back-pain/,,EXISTING,16.0 conv @ $261
"BOD - Neck, Back, Spine - Livonia",Back Pain Specialist,Phrase,back pain specialist near me,"""back pain specialist near me""",Enabled,https://synergyhealth.org/specialty/spine-neck-back/livonia/,https://synergyhealth.org/specialty/spine-neck-back/livonia/back-pain/,,EXISTING,2.0 conv
"BOD - Neck, Back, Spine - Livonia",Back Pain Specialist,Phrase,doctor in back pain,"""doctor in back pain""",Enabled,https://synergyhealth.org/specialty/spine-neck-back/livonia/,https://synergyhealth.org/specialty/spine-neck-back/livonia/back-pain/,8100,NEW,"CPC $4.52, commercial intent"
"BOD - Neck, Back, Spine - Livonia",Back Pain Specialist,Phrase,doctors for back injuries,"""doctors for back injuries""",Enabled,https://synergyhealth.org/specialty/spine-neck-back/livonia/,https://synergyhealth.org/specialty/spine-neck-back/livonia/back-pain/,12100,NEW,CPC $5.22 - highest vol commercial term found
"BOD - Neck, Back, Spine - Livonia",Back Pain Specialist,Phrase,lower back pain doctor,"""lower back pain doctor""",Enabled,https://synergyhealth.org/specialty/spine-neck-back/livonia/,https://synergyhealth.org/specialty/spine-neck-back/livonia/back-pain/,1900,NEW,
"BOD - Neck, Back, Spine - Livonia",Back Pain Specialist,Phrase,back problem doctor,"""back problem doctor""",Enabled,https://synergyhealth.org/specialty/spine-neck-back/livonia/,https://synergyhealth.org/specialty/spine-neck-back/livonia/back-pain/,1600,NEW,
"BOD - Neck, Back, Spine - Livonia",Back Pain Specialist,Phrase,lower back specialist doctors,"""lower back specialist doctors""",Enabled,https://synergyhealth.org/specialty/spine-neck-back/livonia/,https://synergyhealth.org/specialty/spine-neck-back/livonia/back-pain/,320,NEW,
"BOD - Neck, Back, Spine - Livonia",Back Pain Specialist,Phrase,back and spine doctors,"""back and spine doctors""",Enabled,https://synergyhealth.org/specialty/spine-neck-back/livonia/,https://synergyhealth.org/specialty/spine-neck-back/livonia/back-pain/,260,NEW,
"BOD - Neck, Back, Spine - Livonia",Back Pain Specialist,Phrase,back pain doctors near me,"""back pain doctors near me""",Enabled,https://synergyhealth.org/specialty/spine-neck-back/livonia/,https://synergyhealth.org/specialty/spine-neck-back/livonia/back-pain/,390,NEW,
"BOD - Neck, Back, Spine - Livonia",Back Pain Specialist,Phrase,chronic back pain doctor near me,"""chronic back pain doctor near me""",Enabled,https://synergyhealth.org/specialty/spine-neck-back/livonia/,https://synergyhealth.org/specialty/spine-neck-back/livonia/back-pain/,30,NEW,
"BOD - Neck, Back, Spine - Livonia",Back Pain Specialist,Phrase,back pain treatment near me,"""back pain treatment near me""",Enabled,https://synergyhealth.org/specialty/spine-neck-back/livonia/,https://synergyhealth.org/specialty/spine-neck-back/livonia/back-pain/,,REACTIVATE,0 impr - sitting in paused Pain Mgmt
"BOD - Neck, Back, Spine - Livonia",Back Pain Specialist,Negative (ad group list),"-""back to the future"" -mattress -chiropractor -chiropractic -salary -""icd 10"" -exercises -stretches -""what is a back doctor"" -""doctor odyssey"" -""doctor who"" -""doctor stone"" -pillow -brace -massage","-""back to the future"" -mattress -chiropractor -chiropractic -salary -""icd 10"" -exercises -stretches -""what is a back doctor"" -""doctor odyssey"" -""doctor who"" -""doctor stone"" -pillow -brace -massage",Enabled,,,,NEW,apply as ad-group negative keyword list
"BOD - Neck, Back, Spine - Livonia",Neck Pain Specialist,Exact,neck pain doctor near me,[neck pain doctor near me],Enabled,https://synergyhealth.org/specialty/spine-neck-back/livonia/,https://synergyhealth.org/specialty/spine-neck-back/livonia/neck-pain/,390,NEW,
"BOD - Neck, Back, Spine - Livonia",Neck Pain Specialist,Exact,neck specialist,[neck specialist],Enabled,https://synergyhealth.org/specialty/spine-neck-back/livonia/,https://synergyhealth.org/specialty/spine-neck-back/livonia/neck-pain/,,EXISTING,3.0 conv
"BOD - Neck, Back, Spine - Livonia",Neck Pain Specialist,Exact,neck and back specialist near me,[neck and back specialist near me],Enabled,https://synergyhealth.org/specialty/spine-neck-back/livonia/,https://synergyhealth.org/specialty/spine-neck-back/livonia/neck-pain/,,EXISTING,
"BOD - Neck, Back, Spine - Livonia",Neck Pain Specialist,Exact,orthopedic neck specialist near me,[orthopedic neck specialist near me],Enabled,https://synergyhealth.org/specialty/spine-neck-back/livonia/,https://synergyhealth.org/specialty/spine-neck-back/livonia/neck-pain/,,EXISTING,
"BOD - Neck, Back, Spine - Livonia",Neck Pain Specialist,Exact,neck pain specialist,[neck pain specialist],Enabled,https://synergyhealth.org/specialty/spine-neck-back/livonia/,https://synergyhealth.org/specialty/spine-neck-back/livonia/neck-pain/,,NEW,
"BOD - Neck, Back, Spine - Livonia",Neck Pain Specialist,Exact,neck doctor near me,[neck doctor near me],Enabled,https://synergyhealth.org/specialty/spine-neck-back/livonia/,https://synergyhealth.org/specialty/spine-neck-back/livonia/neck-pain/,,NEW,
"BOD - Neck, Back, Spine - Livonia",Neck Pain Specialist,Exact,best neck pain doctor near me,[best neck pain doctor near me],Enabled,https://synergyhealth.org/specialty/spine-neck-back/livonia/,https://synergyhealth.org/specialty/spine-neck-back/livonia/neck-pain/,210,NEW,
"BOD - Neck, Back, Spine - Livonia",Neck Pain Specialist,Exact,neck and spine specialist near me,[neck and spine specialist near me],Enabled,https://synergyhealth.org/specialty/spine-neck-back/livonia/,https://synergyhealth.org/specialty/spine-neck-back/livonia/neck-pain/,170,NEW,
"BOD - Neck, Back, Spine - Livonia",Neck Pain Specialist,Phrase,neck pain specialist,"""neck pain specialist""",Enabled,https://synergyhealth.org/specialty/spine-neck-back/livonia/,https://synergyhealth.org/specialty/spine-neck-back/livonia/neck-pain/,,EXISTING,35.2 conv @ $169 - strongest neck term
"BOD - Neck, Back, Spine - Livonia",Neck Pain Specialist,Phrase,neck pain specialist near me,"""neck pain specialist near me""",Enabled,https://synergyhealth.org/specialty/spine-neck-back/livonia/,https://synergyhealth.org/specialty/spine-neck-back/livonia/neck-pain/,,EXISTING,2.5 conv
"BOD - Neck, Back, Spine - Livonia",Neck Pain Specialist,Phrase,neck specialist near me,"""neck specialist near me""",Enabled,https://synergyhealth.org/specialty/spine-neck-back/livonia/,https://synergyhealth.org/specialty/spine-neck-back/livonia/neck-pain/,,EXISTING,3.0 conv
"BOD - Neck, Back, Spine - Livonia",Neck Pain Specialist,Phrase,neck doctor near me,"""neck doctor near me""",Enabled,https://synergyhealth.org/specialty/spine-neck-back/livonia/,https://synergyhealth.org/specialty/spine-neck-back/livonia/neck-pain/,,EXISTING,5.5 conv @ $87
"BOD - Neck, Back, Spine - Livonia",Neck Pain Specialist,Phrase,neck pain doctor,"""neck pain doctor""",Enabled,https://synergyhealth.org/specialty/spine-neck-back/livonia/,https://synergyhealth.org/specialty/spine-neck-back/livonia/neck-pain/,1300,NEW,
"BOD - Neck, Back, Spine - Livonia",Neck Pain Specialist,Phrase,neck pain doctor near me,"""neck pain doctor near me""",Enabled,https://synergyhealth.org/specialty/spine-neck-back/livonia/,https://synergyhealth.org/specialty/spine-neck-back/livonia/neck-pain/,390,NEW,
"BOD - Neck, Back, Spine - Livonia",Neck Pain Specialist,Phrase,cervical spine specialist,"""cervical spine specialist""",Enabled,https://synergyhealth.org/specialty/spine-neck-back/livonia/,https://synergyhealth.org/specialty/spine-neck-back/livonia/neck-pain/,210,NEW,
"BOD - Neck, Back, Spine - Livonia",Neck Pain Specialist,Phrase,neck and back pain doctor near me,"""neck and back pain doctor near me""",Enabled,https://synergyhealth.org/specialty/spine-neck-back/livonia/,https://synergyhealth.org/specialty/spine-neck-back/livonia/neck-pain/,210,NEW,
"BOD - Neck, Back, Spine - Livonia",Neck Pain Specialist,Phrase,neck pain treatment near me,"""neck pain treatment near me""",Enabled,https://synergyhealth.org/specialty/spine-neck-back/livonia/,https://synergyhealth.org/specialty/spine-neck-back/livonia/neck-pain/,,REACTIVATE,0 impr - in paused Pain Mgmt
"BOD - Neck, Back, Spine - Livonia",Neck Pain Specialist,Phrase,neck pain treatment,"""neck pain treatment""",Enabled,https://synergyhealth.org/specialty/spine-neck-back/livonia/,https://synergyhealth.org/specialty/spine-neck-back/livonia/neck-pain/,,REACTIVATE,in paused Pain Mgmt
"BOD - Neck, Back, Spine - Livonia",Neck Pain Specialist,Phrase,neck physical therapy near me,"""neck physical therapy near me""",Enabled,https://synergyhealth.org/specialty/spine-neck-back/livonia/,https://synergyhealth.org/specialty/spine-neck-back/livonia/neck-pain/,,REACTIVATE,in paused Pain Mgmt
"BOD - Neck, Back, Spine - Livonia",Neck Pain Specialist,Negative (ad group list),"-""icd 10"" -""red flags"" -""when to see"" -stretches -exercises -pillow -massage -chiropractor -""lump on back of neck"" -salary","-""icd 10"" -""red flags"" -""when to see"" -stretches -exercises -pillow -massage -chiropractor -""lump on back of neck"" -salary",Enabled,,,,NEW,apply as ad-group negative keyword list
BOD - Spine Conditions - Livonia,Sciatica,Exact,sciatica treatment near me,[sciatica treatment near me],Enabled,https://synergyhealth.org/specialty/spine-neck-back/livonia/,https://synergyhealth.org/specialty/spine-neck-back/livonia/sciatica/,1900,NEW,highest transactional sciatica term
BOD - Spine Conditions - Livonia,Sciatica,Exact,sciatica doctor near me,[sciatica doctor near me],Enabled,https://synergyhealth.org/specialty/spine-neck-back/livonia/,https://synergyhealth.org/specialty/spine-neck-back/livonia/sciatica/,720,NEW,
BOD - Spine Conditions - Livonia,Sciatica,Exact,sciatica specialist near me,[sciatica specialist near me],Enabled,https://synergyhealth.org/specialty/spine-neck-back/livonia/,https://synergyhealth.org/specialty/spine-neck-back/livonia/sciatica/,260,NEW,
BOD - Spine Conditions - Livonia,Sciatica,Exact,sciatica pain doctor,[sciatica pain doctor],Enabled,https://synergyhealth.org/specialty/spine-neck-back/livonia/,https://synergyhealth.org/specialty/spine-neck-back/livonia/sciatica/,260,NEW,
BOD - Spine Conditions - Livonia,Sciatica,Exact,sciatica specialist,[sciatica specialist],Enabled,https://synergyhealth.org/specialty/spine-neck-back/livonia/,https://synergyhealth.org/specialty/spine-neck-back/livonia/sciatica/,170,NEW,
BOD - Spine Conditions - Livonia,Sciatica,Exact,doctor for sciatica,[doctor for sciatica],Enabled,https://synergyhealth.org/specialty/spine-neck-back/livonia/,https://synergyhealth.org/specialty/spine-neck-back/livonia/sciatica/,170,NEW,
BOD - Spine Conditions - Livonia,Sciatica,Phrase,sciatica treatment near me,"""sciatica treatment near me""",Enabled,https://synergyhealth.org/specialty/spine-neck-back/livonia/,https://synergyhealth.org/specialty/spine-neck-back/livonia/sciatica/,1900,NEW,
BOD - Spine Conditions - Livonia,Sciatica,Phrase,sciatica doctor near me,"""sciatica doctor near me""",Enabled,https://synergyhealth.org/specialty/spine-neck-back/livonia/,https://synergyhealth.org/specialty/spine-neck-back/livonia/sciatica/,720,NEW,
BOD - Spine Conditions - Livonia,Sciatica,Phrase,sciatica specialist near me,"""sciatica specialist near me""",Enabled,https://synergyhealth.org/specialty/spine-neck-back/livonia/,https://synergyhealth.org/specialty/spine-neck-back/livonia/sciatica/,260,NEW,
BOD - Spine Conditions - Livonia,Sciatica,Phrase,sciatica specialist,"""sciatica specialist""",Enabled,https://synergyhealth.org/specialty/spine-neck-back/livonia/,https://synergyhealth.org/specialty/spine-neck-back/livonia/sciatica/,170,NEW,
BOD - Spine Conditions - Livonia,Sciatica,Phrase,sciatica pain doctor,"""sciatica pain doctor""",Enabled,https://synergyhealth.org/specialty/spine-neck-back/livonia/,https://synergyhealth.org/specialty/spine-neck-back/livonia/sciatica/,260,NEW,
BOD - Spine Conditions - Livonia,Sciatica,Phrase,sciatica treatment,"""sciatica treatment""",Enabled,https://synergyhealth.org/specialty/spine-neck-back/livonia/,https://synergyhealth.org/specialty/spine-neck-back/livonia/sciatica/,27100,REACTIVATE,PAUSED. High vol but mostly informational - watch CPA daily
BOD - Spine Conditions - Livonia,Sciatica,Phrase,sciatica pain relief,"""sciatica pain relief""",Enabled,https://synergyhealth.org/specialty/spine-neck-back/livonia/,https://synergyhealth.org/specialty/spine-neck-back/livonia/sciatica/,40500,REACTIVATE,"PAUSED. Informational-heavy - start paused, test 2nd"
BOD - Spine Conditions - Livonia,Sciatica,Phrase,sciatic nerve pain relief,"""sciatic nerve pain relief""",Enabled,https://synergyhealth.org/specialty/spine-neck-back/livonia/,https://synergyhealth.org/specialty/spine-neck-back/livonia/sciatica/,22200,REACTIVATE,PAUSED. Same caution
BOD - Spine Conditions - Livonia,Sciatica,Phrase,physical therapy for sciatica near me,"""physical therapy for sciatica near me""",Enabled,https://synergyhealth.org/specialty/spine-neck-back/livonia/,https://synergyhealth.org/specialty/spine-neck-back/livonia/sciatica/,,REACTIVATE,in paused Pain Mgmt
BOD - Spine Conditions - Livonia,Sciatica,Negative (ad group list),"-stretches -exercises -""icd 10"" -pregnancy -pregnant -""how to"" -""what is"" -""how long"" -mattress -chiropractic -chiropractor -cream -brace -""at home"" -""ice pack"" -symptoms -""feel like"" -medication -pillow -""does it go away"" -meaning","-stretches -exercises -""icd 10"" -pregnancy -pregnant -""how to"" -""what is"" -""how long"" -mattress -chiropractic -chiropractor -cream -brace -""at home"" -""ice pack"" -symptoms -""feel like"" -medication -pillow -""does it go away"" -meaning",Enabled,,,,NEW,apply as ad-group negative keyword list
BOD - Spine Conditions - Livonia,Herniated / Bulging Disc,Exact,herniated disc treatment near me,[herniated disc treatment near me],Enabled,https://synergyhealth.org/specialty/spine-neck-back/livonia/,https://synergyhealth.org/specialty/spine-neck-back/livonia/herniated-disc/,1600,NEW,"CPC $2.65, transactional"
BOD - Spine Conditions - Livonia,Herniated / Bulging Disc,Exact,herniated disc doctor near me,[herniated disc doctor near me],Enabled,https://synergyhealth.org/specialty/spine-neck-back/livonia/,https://synergyhealth.org/specialty/spine-neck-back/livonia/herniated-disc/,140,NEW,
BOD - Spine Conditions - Livonia,Herniated / Bulging Disc,Exact,herniated disc specialist near me,[herniated disc specialist near me],Enabled,https://synergyhealth.org/specialty/spine-neck-back/livonia/,https://synergyhealth.org/specialty/spine-neck-back/livonia/herniated-disc/,70,NEW,
BOD - Spine Conditions - Livonia,Herniated / Bulging Disc,Exact,herniated disc specialist,[herniated disc specialist],Enabled,https://synergyhealth.org/specialty/spine-neck-back/livonia/,https://synergyhealth.org/specialty/spine-neck-back/livonia/herniated-disc/,260,NEW,
BOD - Spine Conditions - Livonia,Herniated / Bulging Disc,Exact,discectomy,[discectomy],Enabled,https://synergyhealth.org/specialty/spine-neck-back/livonia/,https://synergyhealth.org/specialty/spine-neck-back/livonia/herniated-disc/,,EXISTING,migrate from Spine Conditions campaign
BOD - Spine Conditions - Livonia,Herniated / Bulging Disc,Exact,surgery for herniated disc,[surgery for herniated disc],Enabled,https://synergyhealth.org/specialty/spine-neck-back/livonia/,https://synergyhealth.org/specialty/spine-neck-back/livonia/herniated-disc/,,EXISTING,migrate
BOD - Spine Conditions - Livonia,Herniated / Bulging Disc,Exact,disc herniation surgery,[disc herniation surgery],Enabled,https://synergyhealth.org/specialty/spine-neck-back/livonia/,https://synergyhealth.org/specialty/spine-neck-back/livonia/herniated-disc/,,EXISTING,migrate
BOD - Spine Conditions - Livonia,Herniated / Bulging Disc,Exact,disc surgery,[disc surgery],Enabled,https://synergyhealth.org/specialty/spine-neck-back/livonia/,https://synergyhealth.org/specialty/spine-neck-back/livonia/herniated-disc/,,EXISTING,migrate
BOD - Spine Conditions - Livonia,Herniated / Bulging Disc,Exact,discectomy surgery,[discectomy surgery],Enabled,https://synergyhealth.org/specialty/spine-neck-back/livonia/,https://synergyhealth.org/specialty/spine-neck-back/livonia/herniated-disc/,,EXISTING,migrate
BOD - Spine Conditions - Livonia,Herniated / Bulging Disc,Exact,acdf surgery,[acdf surgery],Enabled,https://synergyhealth.org/specialty/spine-neck-back/livonia/,https://synergyhealth.org/specialty/spine-neck-back/livonia/herniated-disc/,,EXISTING,"migrate - flagged low quality, needs relevant ad"
BOD - Spine Conditions - Livonia,Herniated / Bulging Disc,Phrase,herniated disc treatment near me,"""herniated disc treatment near me""",Enabled,https://synergyhealth.org/specialty/spine-neck-back/livonia/,https://synergyhealth.org/specialty/spine-neck-back/livonia/herniated-disc/,1600,NEW,
BOD - Spine Conditions - Livonia,Herniated / Bulging Disc,Phrase,herniated disc surgery,"""herniated disc surgery""",Enabled,https://synergyhealth.org/specialty/spine-neck-back/livonia/,https://synergyhealth.org/specialty/spine-neck-back/livonia/herniated-disc/,8100,EXISTING,migrate from Spine Conditions
BOD - Spine Conditions - Livonia,Herniated / Bulging Disc,Phrase,herniated disc treatments,"""herniated disc treatments""",Enabled,https://synergyhealth.org/specialty/spine-neck-back/livonia/,https://synergyhealth.org/specialty/spine-neck-back/livonia/herniated-disc/,,EXISTING,migrate
BOD - Spine Conditions - Livonia,Herniated / Bulging Disc,Phrase,herniated disc doctor near me,"""herniated disc doctor near me""",Enabled,https://synergyhealth.org/specialty/spine-neck-back/livonia/,https://synergyhealth.org/specialty/spine-neck-back/livonia/herniated-disc/,140,EXISTING,2 impr only
BOD - Spine Conditions - Livonia,Herniated / Bulging Disc,Phrase,herniated disc specialist,"""herniated disc specialist""",Enabled,https://synergyhealth.org/specialty/spine-neck-back/livonia/,https://synergyhealth.org/specialty/spine-neck-back/livonia/herniated-disc/,260,NEW,
BOD - Spine Conditions - Livonia,Herniated / Bulging Disc,Phrase,bulging disc treatment,"""bulging disc treatment""",Enabled,https://synergyhealth.org/specialty/spine-neck-back/livonia/,https://synergyhealth.org/specialty/spine-neck-back/livonia/herniated-disc/,6600,NEW,zero coverage today
BOD - Spine Conditions - Livonia,Herniated / Bulging Disc,Phrase,bulging disc doctor near me,"""bulging disc doctor near me""",Enabled,https://synergyhealth.org/specialty/spine-neck-back/livonia/,https://synergyhealth.org/specialty/spine-neck-back/livonia/herniated-disc/,10,NEW,
BOD - Spine Conditions - Livonia,Herniated / Bulging Disc,Phrase,slipped disc specialist,"""slipped disc specialist""",Enabled,https://synergyhealth.org/specialty/spine-neck-back/livonia/,https://synergyhealth.org/specialty/spine-neck-back/livonia/herniated-disc/,,REACTIVATE,paused
BOD - Spine Conditions - Livonia,Herniated / Bulging Disc,Phrase,slipped disc surgeon,"""slipped disc surgeon""",Enabled,https://synergyhealth.org/specialty/spine-neck-back/livonia/,https://synergyhealth.org/specialty/spine-neck-back/livonia/herniated-disc/,,EXISTING,migrate
BOD - Spine Conditions - Livonia,Herniated / Bulging Disc,Phrase,ruptured disk treatment,"""ruptured disk treatment""",Enabled,https://synergyhealth.org/specialty/spine-neck-back/livonia/,https://synergyhealth.org/specialty/spine-neck-back/livonia/herniated-disc/,,EXISTING,migrate
BOD - Spine Conditions - Livonia,Herniated / Bulging Disc,Phrase,ruptured disc surgery,"""ruptured disc surgery""",Enabled,https://synergyhealth.org/specialty/spine-neck-back/livonia/,https://synergyhealth.org/specialty/spine-neck-back/livonia/herniated-disc/,,EXISTING,migrate
BOD - Spine Conditions - Livonia,Herniated / Bulging Disc,Phrase,treatment for herniated disc,"""treatment for herniated disc""",Enabled,https://synergyhealth.org/specialty/spine-neck-back/livonia/,https://synergyhealth.org/specialty/spine-neck-back/livonia/herniated-disc/,,EXISTING,migrate
BOD - Spine Conditions - Livonia,Herniated / Bulging Disc,Phrase,degenerative disc disease treatment,"""degenerative disc disease treatment""",Enabled,https://synergyhealth.org/specialty/spine-neck-back/livonia/,https://synergyhealth.org/specialty/spine-neck-back/livonia/herniated-disc/,1300,EXISTING,migrate
BOD - Spine Conditions - Livonia,Herniated / Bulging Disc,Phrase,degenerative disc surgery,"""degenerative disc surgery""",Enabled,https://synergyhealth.org/specialty/spine-neck-back/livonia/,https://synergyhealth.org/specialty/spine-neck-back/livonia/herniated-disc/,,EXISTING,migrate
BOD - Spine Conditions - Livonia,Herniated / Bulging Disc,Phrase,degenerative disc repair,"""degenerative disc repair""",Enabled,https://synergyhealth.org/specialty/spine-neck-back/livonia/,https://synergyhealth.org/specialty/spine-neck-back/livonia/herniated-disc/,,EXISTING,migrate
BOD - Spine Conditions - Livonia,Herniated / Bulging Disc,Negative (ad group list),"-""icd 10"" -exercises -stretches -""how to"" -""what is"" -symptoms -""vs bulging"" -""versus bulging"" -sza -""pain killer"" -painkiller -medication -""heal quickly"" -""recovery time"" -""feel like"" -""l5 s1"" -""self-care"" -""signs""","-""icd 10"" -exercises -stretches -""how to"" -""what is"" -symptoms -""vs bulging"" -""versus bulging"" -sza -""pain killer"" -painkiller -medication -""heal quickly"" -""recovery time"" -""feel like"" -""l5 s1"" -""self-care"" -""signs""",Enabled,,,,NEW,apply as ad-group negative keyword list
BOD - Spine Conditions - Livonia,Spinal Stenosis,Exact,spinal stenosis specialist near me,[spinal stenosis specialist near me],Enabled,https://synergyhealth.org/specialty/spine-neck-back/livonia/,https://synergyhealth.org/specialty/spine-neck-back/livonia/spinal-stenosis/,260,NEW,
BOD - Spine Conditions - Livonia,Spinal Stenosis,Exact,spinal stenosis treatment near me,[spinal stenosis treatment near me],Enabled,https://synergyhealth.org/specialty/spine-neck-back/livonia/,https://synergyhealth.org/specialty/spine-neck-back/livonia/spinal-stenosis/,210,NEW,
BOD - Spine Conditions - Livonia,Spinal Stenosis,Exact,spinal stenosis specialist,[spinal stenosis specialist],Enabled,https://synergyhealth.org/specialty/spine-neck-back/livonia/,https://synergyhealth.org/specialty/spine-neck-back/livonia/spinal-stenosis/,110,NEW,
BOD - Spine Conditions - Livonia,Spinal Stenosis,Exact,spinal stenosis doctor near me,[spinal stenosis doctor near me],Enabled,https://synergyhealth.org/specialty/spine-neck-back/livonia/,https://synergyhealth.org/specialty/spine-neck-back/livonia/spinal-stenosis/,30,NEW,
BOD - Spine Conditions - Livonia,Spinal Stenosis,Exact,spinal stenosis surgery,[spinal stenosis surgery],Enabled,https://synergyhealth.org/specialty/spine-neck-back/livonia/,https://synergyhealth.org/specialty/spine-neck-back/livonia/spinal-stenosis/,5400,EXISTING,flagged low quality - fix w/ relevant ad + LP
BOD - Spine Conditions - Livonia,Spinal Stenosis,Phrase,spinal stenosis specialist near me,"""spinal stenosis specialist near me""",Enabled,https://synergyhealth.org/specialty/spine-neck-back/livonia/,https://synergyhealth.org/specialty/spine-neck-back/livonia/spinal-stenosis/,260,NEW,
BOD - Spine Conditions - Livonia,Spinal Stenosis,Phrase,spinal stenosis treatment near me,"""spinal stenosis treatment near me""",Enabled,https://synergyhealth.org/specialty/spine-neck-back/livonia/,https://synergyhealth.org/specialty/spine-neck-back/livonia/spinal-stenosis/,210,NEW,
BOD - Spine Conditions - Livonia,Spinal Stenosis,Phrase,spinal stenosis treatment,"""spinal stenosis treatment""",Enabled,https://synergyhealth.org/specialty/spine-neck-back/livonia/,https://synergyhealth.org/specialty/spine-neck-back/livonia/spinal-stenosis/,8100,NEW,informational-heavy - monitor
BOD - Spine Conditions - Livonia,Spinal Stenosis,Phrase,spinal stenosis surgery,"""spinal stenosis surgery""",Enabled,https://synergyhealth.org/specialty/spine-neck-back/livonia/,https://synergyhealth.org/specialty/spine-neck-back/livonia/spinal-stenosis/,5400,NEW,
BOD - Spine Conditions - Livonia,Spinal Stenosis,Phrase,surgery for spinal stenosis,"""surgery for spinal stenosis""",Enabled,https://synergyhealth.org/specialty/spine-neck-back/livonia/,https://synergyhealth.org/specialty/spine-neck-back/livonia/spinal-stenosis/,1000,NEW,
BOD - Spine Conditions - Livonia,Spinal Stenosis,Phrase,lumbar spinal stenosis treatment,"""lumbar spinal stenosis treatment""",Enabled,https://synergyhealth.org/specialty/spine-neck-back/livonia/,https://synergyhealth.org/specialty/spine-neck-back/livonia/spinal-stenosis/,880,NEW,
BOD - Spine Conditions - Livonia,Spinal Stenosis,Phrase,lumbar stenosis treatment,"""lumbar stenosis treatment""",Enabled,https://synergyhealth.org/specialty/spine-neck-back/livonia/,https://synergyhealth.org/specialty/spine-neck-back/livonia/spinal-stenosis/,90,NEW,
BOD - Spine Conditions - Livonia,Spinal Stenosis,Phrase,spinal stenosis specialist,"""spinal stenosis specialist""",Enabled,https://synergyhealth.org/specialty/spine-neck-back/livonia/,https://synergyhealth.org/specialty/spine-neck-back/livonia/spinal-stenosis/,110,NEW,
BOD - Spine Conditions - Livonia,Spinal Stenosis,Phrase,spinal stenosis therapies,"""spinal stenosis therapies""",Enabled,https://synergyhealth.org/specialty/spine-neck-back/livonia/,https://synergyhealth.org/specialty/spine-neck-back/livonia/spinal-stenosis/,,REACTIVATE,"in paused Pain Mgmt, flagged low quality"
BOD - Spine Conditions - Livonia,Spinal Stenosis,Negative (ad group list),"-""icd 10"" -exercises -symptoms -""what is"" -disability -""kill you"" -""final stages"" -hereditary -""to avoid"" -""cured"" -""painkiller"" -""newest treatment"" -""which is worse""","-""icd 10"" -exercises -symptoms -""what is"" -disability -""kill you"" -""final stages"" -hereditary -""to avoid"" -""cured"" -""painkiller"" -""newest treatment"" -""which is worse""",Enabled,,,,NEW,apply as ad-group negative keyword list
BOD - Spine Conditions - Livonia,Pinched Nerve / Radiculopathy,Exact,pinched nerve treatment near me,[pinched nerve treatment near me],Enabled,https://synergyhealth.org/specialty/spine-neck-back/livonia/,https://synergyhealth.org/specialty/spine-neck-back/livonia/pinched-nerve/,590,NEW,
BOD - Spine Conditions - Livonia,Pinched Nerve / Radiculopathy,Exact,pinched nerve doctor near me,[pinched nerve doctor near me],Enabled,https://synergyhealth.org/specialty/spine-neck-back/livonia/,https://synergyhealth.org/specialty/spine-neck-back/livonia/pinched-nerve/,110,NEW,CPC $4.24
BOD - Spine Conditions - Livonia,Pinched Nerve / Radiculopathy,Exact,pinched nerve specialist near me,[pinched nerve specialist near me],Enabled,https://synergyhealth.org/specialty/spine-neck-back/livonia/,https://synergyhealth.org/specialty/spine-neck-back/livonia/pinched-nerve/,50,NEW,
BOD - Spine Conditions - Livonia,Pinched Nerve / Radiculopathy,Exact,radiculopathy doctor near me,[radiculopathy doctor near me],Enabled,https://synergyhealth.org/specialty/spine-neck-back/livonia/,https://synergyhealth.org/specialty/spine-neck-back/livonia/pinched-nerve/,20,NEW,CPC $3.27
BOD - Spine Conditions - Livonia,Pinched Nerve / Radiculopathy,Phrase,pinched nerve treatment near me,"""pinched nerve treatment near me""",Enabled,https://synergyhealth.org/specialty/spine-neck-back/livonia/,https://synergyhealth.org/specialty/spine-neck-back/livonia/pinched-nerve/,590,NEW,
BOD - Spine Conditions - Livonia,Pinched Nerve / Radiculopathy,Phrase,pinched nerve doctor near me,"""pinched nerve doctor near me""",Enabled,https://synergyhealth.org/specialty/spine-neck-back/livonia/,https://synergyhealth.org/specialty/spine-neck-back/livonia/pinched-nerve/,110,NEW,
BOD - Spine Conditions - Livonia,Pinched Nerve / Radiculopathy,Phrase,pinched nerve specialist near me,"""pinched nerve specialist near me""",Enabled,https://synergyhealth.org/specialty/spine-neck-back/livonia/,https://synergyhealth.org/specialty/spine-neck-back/livonia/pinched-nerve/,50,NEW,
BOD - Spine Conditions - Livonia,Pinched Nerve / Radiculopathy,Phrase,pinched nerve treatment,"""pinched nerve treatment""",Enabled,https://synergyhealth.org/specialty/spine-neck-back/livonia/,https://synergyhealth.org/specialty/spine-neck-back/livonia/pinched-nerve/,4400,NEW,
BOD - Spine Conditions - Livonia,Pinched Nerve / Radiculopathy,Phrase,treatment for pinched nerve in neck,"""treatment for pinched nerve in neck""",Enabled,https://synergyhealth.org/specialty/spine-neck-back/livonia/,https://synergyhealth.org/specialty/spine-neck-back/livonia/pinched-nerve/,3600,NEW,
BOD - Spine Conditions - Livonia,Pinched Nerve / Radiculopathy,Phrase,neck nerve pinch treatment,"""neck nerve pinch treatment""",Enabled,https://synergyhealth.org/specialty/spine-neck-back/livonia/,https://synergyhealth.org/specialty/spine-neck-back/livonia/pinched-nerve/,4400,NEW,
BOD - Spine Conditions - Livonia,Pinched Nerve / Radiculopathy,Phrase,cervical radiculopathy treatment,"""cervical radiculopathy treatment""",Enabled,https://synergyhealth.org/specialty/spine-neck-back/livonia/,https://synergyhealth.org/specialty/spine-neck-back/livonia/pinched-nerve/,4400,NEW,CPC $1.21
BOD - Spine Conditions - Livonia,Pinched Nerve / Radiculopathy,Phrase,pinched nerve therapy neck,"""pinched nerve therapy neck""",Enabled,https://synergyhealth.org/specialty/spine-neck-back/livonia/,https://synergyhealth.org/specialty/spine-neck-back/livonia/pinched-nerve/,5400,NEW,
BOD - Spine Conditions - Livonia,Pinched Nerve / Radiculopathy,Phrase,treatment for pinched nerve in lower back,"""treatment for pinched nerve in lower back""",Enabled,https://synergyhealth.org/specialty/spine-neck-back/livonia/,https://synergyhealth.org/specialty/spine-neck-back/livonia/pinched-nerve/,,REACTIVATE,in paused Pain Mgmt
BOD - Spine Conditions - Livonia,Pinched Nerve / Radiculopathy,Phrase,radiculopathy treatment,"""radiculopathy treatment""",Enabled,https://synergyhealth.org/specialty/spine-neck-back/livonia/,https://synergyhealth.org/specialty/spine-neck-back/livonia/pinched-nerve/,,NEW,
BOD - Spine Conditions - Livonia,Pinched Nerve / Radiculopathy,Negative (ad group list),"-shoulder -hip -""how to"" -""what is"" -""how long"" -symptoms -""feel like"" -""icd 10"" -stretches -exercises -""relieve"" -""fix a""","-shoulder -hip -""how to"" -""what is"" -""how long"" -symptoms -""feel like"" -""icd 10"" -stretches -exercises -""relieve"" -""fix a""",Enabled,,,,NEW,apply as ad-group negative keyword list
"BOD - Neck, Back, Spine - Livonia",Spine Surgery,Exact,spine surgeon near me,[spine surgeon near me],Enabled,https://synergyhealth.org/specialty/spine-neck-back/livonia/,https://synergyhealth.org/specialty/spine-neck-back/livonia/spine-surgery/,5400,NEW,"LARGEST MISS - 5,400/mo, not targeted"
"BOD - Neck, Back, Spine - Livonia",Spine Surgery,Exact,spine surgeons near me,[spine surgeons near me],Enabled,https://synergyhealth.org/specialty/spine-neck-back/livonia/,https://synergyhealth.org/specialty/spine-neck-back/livonia/spine-surgery/,1900,NEW,
"BOD - Neck, Back, Spine - Livonia",Spine Surgery,Exact,orthopedic spine surgeon near me,[orthopedic spine surgeon near me],Enabled,https://synergyhealth.org/specialty/spine-neck-back/livonia/,https://synergyhealth.org/specialty/spine-neck-back/livonia/spine-surgery/,390,NEW,
"BOD - Neck, Back, Spine - Livonia",Spine Surgery,Exact,orthopedic spine surgeon,[orthopedic spine surgeon],Enabled,https://synergyhealth.org/specialty/spine-neck-back/livonia/,https://synergyhealth.org/specialty/spine-neck-back/livonia/spine-surgery/,1000,EXISTING,
"BOD - Neck, Back, Spine - Livonia",Spine Surgery,Exact,michigan orthopedic spine surgeons,[michigan orthopedic spine surgeons],Enabled,https://synergyhealth.org/specialty/spine-neck-back/livonia/,https://synergyhealth.org/specialty/spine-neck-back/livonia/spine-surgery/,,EXISTING,15.0 conv @ $122
"BOD - Neck, Back, Spine - Livonia",Spine Surgery,Exact,spine surgeon,[spine surgeon],Enabled,https://synergyhealth.org/specialty/spine-neck-back/livonia/,https://synergyhealth.org/specialty/spine-neck-back/livonia/spine-surgery/,4400,NEW,
"BOD - Neck, Back, Spine - Livonia",Spine Surgery,Exact,back surgeon near me,[back surgeon near me],Enabled,https://synergyhealth.org/specialty/spine-neck-back/livonia/,https://synergyhealth.org/specialty/spine-neck-back/livonia/spine-surgery/,,EXISTING,1.0 conv
"BOD - Neck, Back, Spine - Livonia",Spine Surgery,Exact,best spine doctors in michigan,[best spine doctors in michigan],Enabled,https://synergyhealth.org/specialty/spine-neck-back/livonia/,https://synergyhealth.org/specialty/spine-neck-back/livonia/spine-surgery/,,EXISTING,
"BOD - Neck, Back, Spine - Livonia",Spine Surgery,Phrase,orthopedic spine surgeon,"""orthopedic spine surgeon""",Enabled,https://synergyhealth.org/specialty/spine-neck-back/livonia/,https://synergyhealth.org/specialty/spine-neck-back/livonia/spine-surgery/,1000,EXISTING,#1 spine kw: 126.6 conv @ $213
"BOD - Neck, Back, Spine - Livonia",Spine Surgery,Phrase,spinal surgery,"""spinal surgery""",Enabled,https://synergyhealth.org/specialty/spine-neck-back/livonia/,https://synergyhealth.org/specialty/spine-neck-back/livonia/spine-surgery/,,EXISTING,29.4 conv @ $417
"BOD - Neck, Back, Spine - Livonia",Spine Surgery,Phrase,spine surgery,"""spine surgery""",Enabled,https://synergyhealth.org/specialty/spine-neck-back/livonia/,https://synergyhealth.org/specialty/spine-neck-back/livonia/spine-surgery/,,EXISTING,29.0 conv @ $357
"BOD - Neck, Back, Spine - Livonia",Spine Surgery,Phrase,back surgeons in michigan,"""back surgeons in michigan""",Enabled,https://synergyhealth.org/specialty/spine-neck-back/livonia/,https://synergyhealth.org/specialty/spine-neck-back/livonia/spine-surgery/,,EXISTING,25.6 conv @ $300
"BOD - Neck, Back, Spine - Livonia",Spine Surgery,Phrase,spinal surgeons near me,"""spinal surgeons near me""",Enabled,https://synergyhealth.org/specialty/spine-neck-back/livonia/,https://synergyhealth.org/specialty/spine-neck-back/livonia/spine-surgery/,,EXISTING,8.3 conv @ $90 - strong
"BOD - Neck, Back, Spine - Livonia",Spine Surgery,Phrase,spine surgeon near me,"""spine surgeon near me""",Enabled,https://synergyhealth.org/specialty/spine-neck-back/livonia/,https://synergyhealth.org/specialty/spine-neck-back/livonia/spine-surgery/,5400,EXISTING,2.3 conv - underfunded
"BOD - Neck, Back, Spine - Livonia",Spine Surgery,Phrase,spine surgeons near me,"""spine surgeons near me""",Enabled,https://synergyhealth.org/specialty/spine-neck-back/livonia/,https://synergyhealth.org/specialty/spine-neck-back/livonia/spine-surgery/,1900,NEW,
"BOD - Neck, Back, Spine - Livonia",Spine Surgery,Phrase,orthopedic spine surgeon near me,"""orthopedic spine surgeon near me""",Enabled,https://synergyhealth.org/specialty/spine-neck-back/livonia/,https://synergyhealth.org/specialty/spine-neck-back/livonia/spine-surgery/,390,EXISTING,
"BOD - Neck, Back, Spine - Livonia",Spine Surgery,Phrase,spine orthopedic surgeon,"""spine orthopedic surgeon""",Enabled,https://synergyhealth.org/specialty/spine-neck-back/livonia/,https://synergyhealth.org/specialty/spine-neck-back/livonia/spine-surgery/,1000,NEW,
"BOD - Neck, Back, Spine - Livonia",Spine Surgery,Phrase,spine surgery surgeon,"""spine surgery surgeon""",Enabled,https://synergyhealth.org/specialty/spine-neck-back/livonia/,https://synergyhealth.org/specialty/spine-neck-back/livonia/spine-surgery/,2900,NEW,
"BOD - Neck, Back, Spine - Livonia",Spine Surgery,Phrase,lower back surgery,"""lower back surgery""",Enabled,https://synergyhealth.org/specialty/spine-neck-back/livonia/,https://synergyhealth.org/specialty/spine-neck-back/livonia/spine-surgery/,,EXISTING,
"BOD - Neck, Back, Spine - Livonia",Spine Surgery,Phrase,neck surgery,"""neck surgery""",Enabled,https://synergyhealth.org/specialty/spine-neck-back/livonia/,https://synergyhealth.org/specialty/spine-neck-back/livonia/spine-surgery/,,EXISTING,6.5 conv @ $740 - watch
"BOD - Neck, Back, Spine - Livonia",Spine Surgery,Phrase,cervical fusion surgery,"""cervical fusion surgery""",Enabled,https://synergyhealth.org/specialty/spine-neck-back/livonia/,https://synergyhealth.org/specialty/spine-neck-back/livonia/spine-surgery/,1900,NEW,
"BOD - Neck, Back, Spine - Livonia",Spine Surgery,Phrase,lumbar fusion surgery,"""lumbar fusion surgery""",Enabled,https://synergyhealth.org/specialty/spine-neck-back/livonia/,https://synergyhealth.org/specialty/spine-neck-back/livonia/spine-surgery/,1900,NEW,
"BOD - Neck, Back, Spine - Livonia",Spine Surgery,Phrase,minimally invasive spine surgeon,"""minimally invasive spine surgeon""",Enabled,https://synergyhealth.org/specialty/spine-neck-back/livonia/,https://synergyhealth.org/specialty/spine-neck-back/livonia/spine-surgery/,260,NEW,
"BOD - Neck, Back, Spine - Livonia",Spine Surgery,Negative (ad group list),"-salary -""how much"" -""top 10"" -jobs -residency -""make"" -nyc -nj -""new jersey"" -""long island"" -dallas -texas -florida -""united states"" -""icd 10"" -""best in the""","-salary -""how much"" -""top 10"" -jobs -residency -""make"" -nyc -nj -""new jersey"" -""long island"" -dallas -texas -florida -""united states"" -""icd 10"" -""best in the""",Enabled,,,,NEW,apply as ad-group negative keyword list
"BOD - Neck, Back, Spine - Livonia",Minimally Invasive / Disc Surgery,Exact,minimally invasive spine surgery near me,[minimally invasive spine surgery near me],Enabled,https://synergyhealth.org/specialty/spine-neck-back/livonia/,https://synergyhealth.org/specialty/spine-neck-back/livonia/minimally-invasive-spine-surgery/,390,NEW,
"BOD - Neck, Back, Spine - Livonia",Minimally Invasive / Disc Surgery,Exact,endoscopic spine surgery near me,[endoscopic spine surgery near me],Enabled,https://synergyhealth.org/specialty/spine-neck-back/livonia/,https://synergyhealth.org/specialty/spine-neck-back/livonia/minimally-invasive-spine-surgery/,210,NEW,
"BOD - Neck, Back, Spine - Livonia",Minimally Invasive / Disc Surgery,Exact,microdiscectomy near me,[microdiscectomy near me],Enabled,https://synergyhealth.org/specialty/spine-neck-back/livonia/,https://synergyhealth.org/specialty/spine-neck-back/livonia/minimally-invasive-spine-surgery/,110,NEW,CPC $3.06
"BOD - Neck, Back, Spine - Livonia",Minimally Invasive / Disc Surgery,Exact,microdiscectomy,[microdiscectomy],Enabled,https://synergyhealth.org/specialty/spine-neck-back/livonia/,https://synergyhealth.org/specialty/spine-neck-back/livonia/minimally-invasive-spine-surgery/,,EXISTING,move from Surgery
"BOD - Neck, Back, Spine - Livonia",Minimally Invasive / Disc Surgery,Exact,laminectomy,[laminectomy],Enabled,https://synergyhealth.org/specialty/spine-neck-back/livonia/,https://synergyhealth.org/specialty/spine-neck-back/livonia/minimally-invasive-spine-surgery/,,REACTIVATE,paused
"BOD - Neck, Back, Spine - Livonia",Minimally Invasive / Disc Surgery,Exact,laminectomy surgery,[laminectomy surgery],Enabled,https://synergyhealth.org/specialty/spine-neck-back/livonia/,https://synergyhealth.org/specialty/spine-neck-back/livonia/minimally-invasive-spine-surgery/,,EXISTING,move from Surgery
"BOD - Neck, Back, Spine - Livonia",Minimally Invasive / Disc Surgery,Exact,decompression surgeries,[decompression surgeries],Enabled,https://synergyhealth.org/specialty/spine-neck-back/livonia/,https://synergyhealth.org/specialty/spine-neck-back/livonia/minimally-invasive-spine-surgery/,,EXISTING,move from Surgery
"BOD - Neck, Back, Spine - Livonia",Minimally Invasive / Disc Surgery,Exact,artificial disc replacement near me,[artificial disc replacement near me],Enabled,https://synergyhealth.org/specialty/spine-neck-back/livonia/,https://synergyhealth.org/specialty/spine-neck-back/livonia/minimally-invasive-spine-surgery/,140,NEW,
"BOD - Neck, Back, Spine - Livonia",Minimally Invasive / Disc Surgery,Phrase,minimally invasive spine surgery near me,"""minimally invasive spine surgery near me""",Enabled,https://synergyhealth.org/specialty/spine-neck-back/livonia/,https://synergyhealth.org/specialty/spine-neck-back/livonia/minimally-invasive-spine-surgery/,390,NEW,
"BOD - Neck, Back, Spine - Livonia",Minimally Invasive / Disc Surgery,Phrase,minimally invasive spinal surgery,"""minimally invasive spinal surgery""",Enabled,https://synergyhealth.org/specialty/spine-neck-back/livonia/,https://synergyhealth.org/specialty/spine-neck-back/livonia/minimally-invasive-spine-surgery/,,EXISTING,move from Surgery
"BOD - Neck, Back, Spine - Livonia",Minimally Invasive / Disc Surgery,Phrase,endoscopic spine surgery near me,"""endoscopic spine surgery near me""",Enabled,https://synergyhealth.org/specialty/spine-neck-back/livonia/,https://synergyhealth.org/specialty/spine-neck-back/livonia/minimally-invasive-spine-surgery/,210,NEW,
"BOD - Neck, Back, Spine - Livonia",Minimally Invasive / Disc Surgery,Phrase,microdiscectomy,"""microdiscectomy""",Enabled,https://synergyhealth.org/specialty/spine-neck-back/livonia/,https://synergyhealth.org/specialty/spine-neck-back/livonia/minimally-invasive-spine-surgery/,,NEW,
"BOD - Neck, Back, Spine - Livonia",Minimally Invasive / Disc Surgery,Phrase,lumbar laminectomy,"""lumbar laminectomy""",Enabled,https://synergyhealth.org/specialty/spine-neck-back/livonia/,https://synergyhealth.org/specialty/spine-neck-back/livonia/minimally-invasive-spine-surgery/,,EXISTING,"move from Surgery, 1.0 conv"
"BOD - Neck, Back, Spine - Livonia",Minimally Invasive / Disc Surgery,Phrase,cervical disc replacement,"""cervical disc replacement""",Enabled,https://synergyhealth.org/specialty/spine-neck-back/livonia/,https://synergyhealth.org/specialty/spine-neck-back/livonia/minimally-invasive-spine-surgery/,2900,NEW,
"BOD - Neck, Back, Spine - Livonia",Minimally Invasive / Disc Surgery,Phrase,lumbar disc replacement,"""lumbar disc replacement""",Enabled,https://synergyhealth.org/specialty/spine-neck-back/livonia/,https://synergyhealth.org/specialty/spine-neck-back/livonia/minimally-invasive-spine-surgery/,1000,NEW,
"BOD - Neck, Back, Spine - Livonia",Minimally Invasive / Disc Surgery,Phrase,artificial disc replacement near me,"""artificial disc replacement near me""",Enabled,https://synergyhealth.org/specialty/spine-neck-back/livonia/,https://synergyhealth.org/specialty/spine-neck-back/livonia/minimally-invasive-spine-surgery/,140,NEW,
"BOD - Neck, Back, Spine - Livonia",Minimally Invasive / Disc Surgery,Phrase,spinal decompression,"""spinal decompression""",Enabled,https://synergyhealth.org/specialty/spine-neck-back/livonia/,https://synergyhealth.org/specialty/spine-neck-back/livonia/minimally-invasive-spine-surgery/,,REACTIVATE,"CAUTION: chiro decompression-table intent, watch search terms"
"BOD - Neck, Back, Spine - Livonia",Minimally Invasive / Disc Surgery,Negative (ad group list),"-chiropractic -chiropractor -table -machine -""at home"" -inversion -salary -cost -""how much"" -nyc -nj -dallas -""recovery time""","-chiropractic -chiropractor -table -machine -""at home"" -inversion -salary -cost -""how much"" -nyc -nj -dallas -""recovery time""",Enabled,,,,NEW,apply as ad-group negative keyword list
