MMC Company ID,Account / Practice,Assigned PL,Tier,Wave,Practice Type,Referral Evidence Band,2026 Spine Patients,2026 Total B2B Patients,Known Referring Providers (2026 referral match),Linked People (MMC),Payer Class (heuristic),Payer Detail,Payer Basis / Status,Payer Line for PL,Visit Message
6e52135e-6cca-4482-9973-58d180f1dce7,DMC SPORTS MEDICINE NOVI,Jasmine,Tier 1,Wave 1,Orthopedic,Repeat Spine Referrer,7,7,"Robert Meehan, MD (2 spine)",5,MIXED-SYSTEM,Hospital-system site — mixed commercial + Medicare + some Medicaid; qualified with intake screening,Heuristic — verify — intake (Kelly) verifies Tier 1 first; NOT confirmed,Payer: mixed panel — screen at intake; HMO plans need PCP referral (we assist).,"Thank you for trusting us with the care of your patients (Dr. Meehan's referrals especially). OPEN: what could we do better — access, notes back, anything? MESSAGE: same-week access still holds for your patients; for the spine cases outside your scope, we co-manage: your patient stays yours, our spine team handles just the spine problem, notes back to you every visit. ASK: anything pending right now we can get seen this week?"
92913d4d-edc4-462b-aecf-ef3f54198f09,Park Medical Centers,Kristen,Tier 1,Wave 1,PCP,Repeat Spine Referrer,5,12,"Richard Ozog, DO (4 spine) · Kathryn Marie Poulos, PA (1 spine)",5,COMM-LIKELY,PCP — commercial/Medicare-likely; confirm HMO share (BCN/HAP/McLaren/Priority HMO need PCP referral — we handle that),Heuristic — verify — intake (Kelly) verifies Tier 1 first; NOT confirmed,Payer: commercial/Medicare-likely — HMO referrals handled with your staff.,"Thank you for trusting us with the care of your patients (Dr. Ozog's referrals especially). OPEN: what could we do better — access, notes back, anything? MESSAGE: same-week access still holds for your patients; your patients with back or neck pain get seen the same week — imaging, conservative care, interventional and surgical under one roof, and we handle HMO referral paperwork with your staff. ASK: anything pending right now we can get seen this week?"
c7781046-a235-49fa-ac8e-4b8d6354c618,Comprehensive Healthcare Associates and Prevention Medicine,Jasmine,Tier 1,Wave 1,PCP,Repeat Spine Referrer,6,24,"Babu Jarodiya, MD (5 spine) · Jaya Vankayalapati, MD (1 spine) · Rakesh Patel, MD (3 ortho) · Jaspal Singh, MD (2 ortho)",8,COMM-LIKELY,PCP — commercial/Medicare-likely; confirm HMO share (BCN/HAP/McLaren/Priority HMO need PCP referral — we handle that),Heuristic — verify — intake (Kelly) verifies Tier 1 first; NOT confirmed,Payer: commercial/Medicare-likely — HMO referrals handled with your staff.,"Thank you for trusting us with the care of your patients (Dr. Jarodiya's referrals especially). OPEN: what could we do better — access, notes back, anything? MESSAGE: same-week access still holds for your patients; your patients with back or neck pain get seen the same week — imaging, conservative care, interventional and surgical under one roof, and we handle HMO referral paperwork with your staff. ASK: anything pending right now we can get seen this week?"
64ed5116-24c0-4278-8d87-a7ca5f7d76c4,Lakeview Medical Center,Coty,Tier 1,Wave 1,PCP,Repeat Spine Referrer,7,13,"Magdy Wanis, MD (5 spine) · Rachel N Kloski, PA-C (2 spine)",6,COMM-LIKELY,PCP — commercial/Medicare-likely; confirm HMO share (BCN/HAP/McLaren/Priority HMO need PCP referral — we handle that),Heuristic — verify — intake (Kelly) verifies Tier 1 first; NOT confirmed,Payer: commercial/Medicare-likely — HMO referrals handled with your staff.,"Thank you for trusting us with the care of your patients (Dr. Wanis's referrals especially). OPEN: what could we do better — access, notes back, anything? MESSAGE: same-week access still holds for your patients; your patients with back or neck pain get seen the same week — imaging, conservative care, interventional and surgical under one roof, and we handle HMO referral paperwork with your staff. ASK: anything pending right now we can get seen this week?"
e9020844-6b2a-43b6-9416-51116e859cc2,Schoenherr Family Practice,Coty,Tier 1,Wave 1,PCP,Repeat Spine Referrer,6,8,"Kelly K Machesky, MD (6 spine) · Matthew Romano (1 ortho)",7,COMM-LIKELY,PCP — commercial/Medicare-likely; confirm HMO share (BCN/HAP/McLaren/Priority HMO need PCP referral — we handle that),Heuristic — verify — intake (Kelly) verifies Tier 1 first; NOT confirmed,Payer: commercial/Medicare-likely — HMO referrals handled with your staff.,"Thank you for trusting us with the care of your patients (Dr. Machesky's referrals especially). OPEN: what could we do better — access, notes back, anything? MESSAGE: same-week access still holds for your patients; your patients with back or neck pain get seen the same week — imaging, conservative care, interventional and surgical under one roof, and we handle HMO referral paperwork with your staff. ASK: anything pending right now we can get seen this week?"
3b453978-15f0-429d-ab43-67d84178b21f,Kajy Law,Kristen,Tier 1,Wave 1,Attorney / Legal,Repeat Spine Referrer,5,5,Kajy Law (5 spine),2,WC-AUTO,"WC / Auto No-Fault — commercial-equivalent, no referral needed (QUALIFIED)",Rule (payer taxonomy) — confirm case mix on visit — intake (Kelly) verifies Tier 1 first; NOT confirmed,"Payer: auto no-fault + WC accepted, no referral, no copay.","Thank you for trusting us with the care of your patients (Kajy Law's team especially). OPEN: service check — are records, scheduling and communication meeting your standard? MESSAGE: auto no-fault and workers' comp spine evaluations with fast scheduling, thorough documentation and clean records turnaround — service only, evaluated on clinical merit. ASK: keep us as the spine evaluation resource for auto/WC clients; leave the direct scheduling line + records turnaround commitment."
2dd4a698-eeec-4552-98ba-d85b130bcc56,Mike Morse Law Firm,Kristen,Tier 1,Wave 1,Attorney / Legal,Repeat Spine Referrer,75,94,Mike Morse (75 spine),42,WC-AUTO,"WC / Auto No-Fault — commercial-equivalent, no referral needed (QUALIFIED)",Rule (payer taxonomy) — confirm case mix on visit — intake (Kelly) verifies Tier 1 first; NOT confirmed,"Payer: auto no-fault + WC accepted, no referral, no copay.","Thank you for trusting us with the care of your patients (Mike Morse's team especially). OPEN: service check — are records, scheduling and communication meeting your standard? MESSAGE: auto no-fault and workers' comp spine evaluations with fast scheduling, thorough documentation and clean records turnaround — service only, evaluated on clinical merit. ASK: keep us as the spine evaluation resource for auto/WC clients; leave the direct scheduling line + records turnaround commitment."
047f1f57-d796-4b0d-b2d0-b5d576ad50ea,Park Medical Centers - Canton,Jasmine,Tier 1,Wave 1,PCP,Repeat Spine Referrer,5,9,"William F Rollins, DO (4 spine) · William Rollins, DO (1 spine)",1,COMM-LIKELY,PCP — commercial/Medicare-likely; confirm HMO share (BCN/HAP/McLaren/Priority HMO need PCP referral — we handle that),Heuristic — verify — intake (Kelly) verifies Tier 1 first; NOT confirmed,Payer: commercial/Medicare-likely — HMO referrals handled with your staff.,"Thank you for trusting us with the care of your patients (Dr. Rollins's referrals especially). OPEN: what could we do better — access, notes back, anything? MESSAGE: same-week access still holds for your patients; your patients with back or neck pain get seen the same week — imaging, conservative care, interventional and surgical under one roof, and we handle HMO referral paperwork with your staff. ASK: anything pending right now we can get seen this week?"
e1df3a06-b408-47d1-8333-8e5c30e7bc97,DMC PRIMARY AND SPECIALTY CARE WEST BLOOMFIELD,Kristen,Tier 1,Wave 1,PCP,Repeat Spine Referrer,5,6,"Mark Aronov, DO (3 spine) · Madhumitha Krishnamoorthy (2 spine)",5,MIXED-SYSTEM,Hospital-system site — mixed commercial + Medicare + some Medicaid; qualified with intake screening,Heuristic — verify — intake (Kelly) verifies Tier 1 first; NOT confirmed,Payer: mixed panel — screen at intake; HMO plans need PCP referral (we assist).,"Thank you for trusting us with the care of your patients (Dr. Aronov's referrals especially). OPEN: what could we do better — access, notes back, anything? MESSAGE: same-week access still holds for your patients; your patients with back or neck pain get seen the same week — imaging, conservative care, interventional and surgical under one roof, and we handle HMO referral paperwork with your staff. ASK: anything pending right now we can get seen this week?"
b6033c7f-ac4e-4957-b3b0-519077da6c8d,Henry Ford Primary Care Center - 160,Kristen,Tier 1,Wave 1,PCP,Repeat Spine Referrer,5,6,"May Antone, MD (4 spine) · Neeran Bajouka, MD (1 spine) · Neeran Yosif Bajouka, MD",2,MIXED-SYSTEM,Hospital-system site — mixed commercial + Medicare + some Medicaid; qualified with intake screening,Heuristic — verify — intake (Kelly) verifies Tier 1 first; NOT confirmed,Payer: mixed panel — screen at intake; HMO plans need PCP referral (we assist).,"Thank you for trusting us with the care of your patients (Dr. Antone's referrals especially). OPEN: what could we do better — access, notes back, anything? MESSAGE: same-week access still holds for your patients; your patients with back or neck pain get seen the same week — imaging, conservative care, interventional and surgical under one roof, and we handle HMO referral paperwork with your staff. ASK: anything pending right now we can get seen this week?"
83b9dec3-57ee-4777-b000-fcb1c228e6c7,Hesselberg Chiropractic,Kristen,Tier 1,Wave 1,Chiropractor,Repeat Spine Referrer,23,23,"Jason Joseph Hesselberg, DC (22 spine) · Jason Dc Hesselberg (1 spine)",3,COMM-WCPI,Chiro — commercial + WC/PI mix (QUALIFIED); screen auto/WC liens,Heuristic — verify — intake (Kelly) verifies Tier 1 first; NOT confirmed,Payer: commercial + auto/WC liens welcome; screen Medicaid share.,"Thank you for trusting us with the care of your patients (Dr. Hesselberg's referrals especially). OPEN: what could we do better — access, notes back, anything? MESSAGE: same-week access still holds for your patients; co-management for patients who plateau — imaging access, interventional options, surgical consults when warranted, and every patient returns to your care plan with notes. ASK: anything pending right now we can get seen this week?"
8bd62ae0-e836-472d-84f6-a85688fd5524,Michigan Auto Law,Kristen,Tier 1,Wave 1,Attorney / Legal,Repeat Spine Referrer,10,15,Mi Auto Law (9 spine) · Michigan Auto Law (1 spine) · Kevin Seiferheld (1 ortho),13,WC-AUTO,"WC / Auto No-Fault — commercial-equivalent, no referral needed (QUALIFIED)",Rule (payer taxonomy) — confirm case mix on visit — intake (Kelly) verifies Tier 1 first; NOT confirmed,"Payer: auto no-fault + WC accepted, no referral, no copay.","Thank you for trusting us with the care of your patients (Mi Auto Law's team especially). OPEN: service check — are records, scheduling and communication meeting your standard? MESSAGE: auto no-fault and workers' comp spine evaluations with fast scheduling, thorough documentation and clean records turnaround — service only, evaluated on clinical merit. ASK: keep us as the spine evaluation resource for auto/WC clients; leave the direct scheduling line + records turnaround commitment."
c9013f02-25d6-4df2-96f8-b4f1e9936878,Stonebrooke Family Physicians,Kristen,Tier 1,Wave 1,PCP,Repeat Spine Referrer,5,17,"Ronald Bellisario, MD (2 spine) · Jennifer Haener, DO (1 spine) · Matthew T Ewald, MD (1 spine) · Elizabeth Ryman, PA (1 spine) · Katherine Becker Mitzner, DO (1 ortho) · Stacey Kastl, MD",10,COMM-LIKELY,PCP — commercial/Medicare-likely; confirm HMO share (BCN/HAP/McLaren/Priority HMO need PCP referral — we handle that),Heuristic — verify — intake (Kelly) verifies Tier 1 first; NOT confirmed,Payer: commercial/Medicare-likely — HMO referrals handled with your staff.,"Thank you for trusting us with the care of your patients (Dr. Bellisario's referrals especially). OPEN: what could we do better — access, notes back, anything? MESSAGE: same-week access still holds for your patients; your patients with back or neck pain get seen the same week — imaging, conservative care, interventional and surgical under one roof, and we handle HMO referral paperwork with your staff. ASK: anything pending right now we can get seen this week?"
86e7413a-57df-4cba-adee-c6d0a8e55b63,Ross Law,Kristen,Tier 1,Wave 1,Attorney / Legal,Repeat Spine Referrer,5,7,Ross Law (5 spine),1,WC-AUTO,"WC / Auto No-Fault — commercial-equivalent, no referral needed (QUALIFIED)",Rule (payer taxonomy) — confirm case mix on visit — intake (Kelly) verifies Tier 1 first; NOT confirmed,"Payer: auto no-fault + WC accepted, no referral, no copay.","Thank you for trusting us with the care of your patients (Ross Law's team especially). OPEN: service check — are records, scheduling and communication meeting your standard? MESSAGE: auto no-fault and workers' comp spine evaluations with fast scheduling, thorough documentation and clean records turnaround — service only, evaluated on clinical merit. ASK: keep us as the spine evaluation resource for auto/WC clients; leave the direct scheduling line + records turnaround commitment."
89b27066-bd8f-45eb-b2ec-e3196a89a16c,Applebaum & Stone,Kristen,Tier 1,Wave 1,Attorney / Legal,Repeat Spine Referrer,5,7,Applebaum and Stone (5 spine),2,WC-AUTO,"WC / Auto No-Fault — commercial-equivalent, no referral needed (QUALIFIED)",Rule (payer taxonomy) — confirm case mix on visit — intake (Kelly) verifies Tier 1 first; NOT confirmed,"Payer: auto no-fault + WC accepted, no referral, no copay.","Thank you for trusting us with the care of your patients (Applebaum and Stone's team especially). OPEN: service check — are records, scheduling and communication meeting your standard? MESSAGE: auto no-fault and workers' comp spine evaluations with fast scheduling, thorough documentation and clean records turnaround — service only, evaluated on clinical merit. ASK: keep us as the spine evaluation resource for auto/WC clients; leave the direct scheduling line + records turnaround commitment."
5ffbe2ff-83ec-4e24-8d4f-4071334a9c5c,Vanstone Injury Law,Kristen,Tier 1,Wave 1,Attorney / Legal,Repeat Spine Referrer,5,5,Vanstone Law (3 spine) · Vanstone (2 spine),4,WC-AUTO,"WC / Auto No-Fault — commercial-equivalent, no referral needed (QUALIFIED)",Rule (payer taxonomy) — confirm case mix on visit — intake (Kelly) verifies Tier 1 first; NOT confirmed,"Payer: auto no-fault + WC accepted, no referral, no copay.","Thank you for trusting us with the care of your patients (Vanstone Law's team especially). OPEN: service check — are records, scheduling and communication meeting your standard? MESSAGE: auto no-fault and workers' comp spine evaluations with fast scheduling, thorough documentation and clean records turnaround — service only, evaluated on clinical merit. ASK: keep us as the spine evaluation resource for auto/WC clients; leave the direct scheduling line + records turnaround commitment."
568c9052-985c-48fa-b5bc-44baafba3dea,DMC Orthopedics - Commerce Township,Kristen,Tier 1,Wave 1,Orthopedic,Repeat Spine Referrer,3,3,"Mark Mackey, MD (1 spine)",5,MIXED-SYSTEM,Hospital-system site — mixed commercial + Medicare + some Medicaid; qualified with intake screening,Heuristic — verify — intake (Kelly) verifies Tier 1 first; NOT confirmed,Payer: mixed panel — screen at intake; HMO plans need PCP referral (we assist).,"Thank you for trusting us with the care of your patients (Dr. Mackey's referrals especially). OPEN: what could we do better — access, notes back, anything? MESSAGE: same-week access still holds for your patients; for the spine cases outside your scope, we co-manage: your patient stays yours, our spine team handles just the spine problem, notes back to you every visit. ASK: anything pending right now we can get seen this week?"
31597599-5a74-4f7a-8cb0-0ebbb4b41303,Hermann Banks MD PC,Kristen,Tier 1,Wave 1,Neurology,Repeat Spine Referrer,3,3,"Hermann Darwin Banks (2 spine) · Hermann Banks, MD (1 spine)",1,COMM-LIKELY,Private specialty practice — commercial/Medicare-likely (QUALIFIED); confirm,Heuristic — verify — intake (Kelly) verifies Tier 1 first; NOT confirmed,Payer: commercial/Medicare-likely — HMO referrals handled with your staff.,"Thank you for trusting us with the care of your patients (Hermann Darwin Banks's referrals especially). OPEN: what could we do better — access, notes back, anything? MESSAGE: same-week access still holds for your patients; shared patients with radiculopathy or stenosis get imaging and interventional/surgical evaluation same-week, with your notes closed-loop. ASK: anything pending right now we can get seen this week?"
74262c96-dd4b-4b92-acd7-c43ebba4c04f,NORLIVO INTERNAL MEDICINE,Jasmine,Tier 1,Wave 1,Orthopedic,Repeat Spine Referrer,3,10,"Amadeo R Sturla, MD (2 spine) · Amadeo Sturla, MD (1 spine)",2,COMM-LIKELY,Private specialty practice — commercial/Medicare-likely (QUALIFIED); confirm,Heuristic — verify — intake (Kelly) verifies Tier 1 first; NOT confirmed,Payer: commercial/Medicare-likely — HMO referrals handled with your staff.,"Thank you for trusting us with the care of your patients (Dr. Sturla's referrals especially). OPEN: what could we do better — access, notes back, anything? MESSAGE: same-week access still holds for your patients; for the spine cases outside your scope, we co-manage: your patient stays yours, our spine team handles just the spine problem, notes back to you every visit. ASK: anything pending right now we can get seen this week?"
5cb01f9c-faec-4c04-b600-f0eba085f6a3,Synergy Medical Primary Care,Jasmine,Tier 1,Wave 1,PCP,Repeat Spine Referrer,4,19,"Hetal Gandhi, MD (3 spine) · Katie Simkow, NP (1 spine) · Miranda Sattam, PA-C (1 ortho)",3,COMM-LIKELY,PCP — commercial/Medicare-likely; confirm HMO share (BCN/HAP/McLaren/Priority HMO need PCP referral — we handle that),Heuristic — verify — intake (Kelly) verifies Tier 1 first; NOT confirmed,Payer: commercial/Medicare-likely — HMO referrals handled with your staff.,"Thank you for trusting us with the care of your patients (Dr. Gandhi's referrals especially). OPEN: what could we do better — access, notes back, anything? MESSAGE: same-week access still holds for your patients; your patients with back or neck pain get seen the same week — imaging, conservative care, interventional and surgical under one roof, and we handle HMO referral paperwork with your staff. ASK: anything pending right now we can get seen this week?"
063204da-544e-4bdd-a18b-f483a5c16ad9,North Valley Internal Medicine,Coty,Tier 1,Wave 1,PCP,Repeat Spine Referrer,3,3,"Brandon Genson, DO (2 spine) · Ryan Johnston, PA-C (1 spine)",8,COMM-LIKELY,PCP — commercial/Medicare-likely; confirm HMO share (BCN/HAP/McLaren/Priority HMO need PCP referral — we handle that),Heuristic — verify — intake (Kelly) verifies Tier 1 first; NOT confirmed,Payer: commercial/Medicare-likely — HMO referrals handled with your staff.,"Thank you for trusting us with the care of your patients (Dr. Genson's referrals especially). OPEN: what could we do better — access, notes back, anything? MESSAGE: same-week access still holds for your patients; your patients with back or neck pain get seen the same week — imaging, conservative care, interventional and surgical under one roof, and we handle HMO referral paperwork with your staff. ASK: anything pending right now we can get seen this week?"
1225209075,Office of George Nassif MD,Coty,Tier 1,Wave 1,PCP,Repeat Spine Referrer,4,4,"George Helmy Nassif, MD (4 spine)",2,COMM-LIKELY,PCP — commercial/Medicare-likely; confirm HMO share (BCN/HAP/McLaren/Priority HMO need PCP referral — we handle that),Heuristic — verify — intake (Kelly) verifies Tier 1 first; NOT confirmed,Payer: commercial/Medicare-likely — HMO referrals handled with your staff.,"Thank you for trusting us with the care of your patients (Dr. Nassif's referrals especially). OPEN: what could we do better — access, notes back, anything? MESSAGE: same-week access still holds for your patients; your patients with back or neck pain get seen the same week — imaging, conservative care, interventional and surgical under one roof, and we handle HMO referral paperwork with your staff. ASK: anything pending right now we can get seen this week?"
e19f7675-d86b-445b-ad8d-c06409bfde92,Levine Clinic of Chiropractic,Kristen,Tier 1,Wave 1,Chiropractor,Repeat Spine Referrer,3,5,"Richard Levine, DC (3 spine)",3,COMM-WCPI,Chiro — commercial + WC/PI mix (QUALIFIED); screen auto/WC liens,Heuristic — verify — intake (Kelly) verifies Tier 1 first; NOT confirmed,Payer: commercial + auto/WC liens welcome; screen Medicaid share.,"Thank you for trusting us with the care of your patients (Dr. Levine's referrals especially). OPEN: what could we do better — access, notes back, anything? MESSAGE: same-week access still holds for your patients; co-management for patients who plateau — imaging access, interventional options, surgical consults when warranted, and every patient returns to your care plan with notes. ASK: anything pending right now we can get seen this week?"
3acfe2ff-d550-4785-99aa-a1ea91ef7da4,CANTON FAMILY HEALTH LLC,Jasmine,Tier 1,Wave 1,PCP,Repeat Spine Referrer,4,6,"Samih Mike Ajami, DO (4 spine) · Shadia Yeihey, MD (1 ortho)",2,COMM-LIKELY,PCP — commercial/Medicare-likely; confirm HMO share (BCN/HAP/McLaren/Priority HMO need PCP referral — we handle that),Heuristic — verify — intake (Kelly) verifies Tier 1 first; NOT confirmed,Payer: commercial/Medicare-likely — HMO referrals handled with your staff.,"Thank you for trusting us with the care of your patients (Dr. Ajami's referrals especially). OPEN: what could we do better — access, notes back, anything? MESSAGE: same-week access still holds for your patients; your patients with back or neck pain get seen the same week — imaging, conservative care, interventional and surgical under one roof, and we handle HMO referral paperwork with your staff. ASK: anything pending right now we can get seen this week?"
03095e36-e586-4709-8cd8-440a98b9bcd7,Beaumont Medical Center - Redford,Kristen,Tier 1,Wave 1,PCP,Repeat Spine Referrer,3,23,"Liza Weathersby, MD (2 spine) · Britani Alyce Marshall, MD (1 spine) · Britani Marshall, MD (1 ortho)",4,MIXED-SYSTEM,Hospital-system site — mixed commercial + Medicare + some Medicaid; qualified with intake screening,Heuristic — verify — intake (Kelly) verifies Tier 1 first; NOT confirmed,Payer: mixed panel — screen at intake; HMO plans need PCP referral (we assist).,"Thank you for trusting us with the care of your patients (Dr. Weathersby's referrals especially). OPEN: what could we do better — access, notes back, anything? MESSAGE: same-week access still holds for your patients; your patients with back or neck pain get seen the same week — imaging, conservative care, interventional and surgical under one roof, and we handle HMO referral paperwork with your staff. ASK: anything pending right now we can get seen this week?"
be4c4280-49d5-443c-b413-3471ee753d27,GARDEN CITY FAMILY PHYSICIANS,Kristen,Tier 1,Wave 1,PCP,Repeat Spine Referrer,3,6,"Angelica Francu, MD (3 spine)",2,COMM-LIKELY,PCP — commercial/Medicare-likely; confirm HMO share (BCN/HAP/McLaren/Priority HMO need PCP referral — we handle that),Heuristic — verify — intake (Kelly) verifies Tier 1 first; NOT confirmed,Payer: commercial/Medicare-likely — HMO referrals handled with your staff.,"Thank you for trusting us with the care of your patients (Dr. Francu's referrals especially). OPEN: what could we do better — access, notes back, anything? MESSAGE: same-week access still holds for your patients; your patients with back or neck pain get seen the same week — imaging, conservative care, interventional and surgical under one roof, and we handle HMO referral paperwork with your staff. ASK: anything pending right now we can get seen this week?"
b70053c3-f0fd-41de-9386-95fcc448a738,Lifetime Family Care,Kristen,Tier 1,Wave 1,PCP,Repeat Spine Referrer,3,3,"Erica Balysh, DO (1 spine) · Colin David Orrin, DO (1 spine) · Erica N Balysh, DO (1 spine)",6,COMM-LIKELY,PCP — commercial/Medicare-likely; confirm HMO share (BCN/HAP/McLaren/Priority HMO need PCP referral — we handle that),Heuristic — verify — intake (Kelly) verifies Tier 1 first; NOT confirmed,Payer: commercial/Medicare-likely — HMO referrals handled with your staff.,"Thank you for trusting us with the care of your patients (Dr. Balysh's referrals especially). OPEN: what could we do better — access, notes back, anything? MESSAGE: same-week access still holds for your patients; your patients with back or neck pain get seen the same week — imaging, conservative care, interventional and surgical under one roof, and we handle HMO referral paperwork with your staff. ASK: anything pending right now we can get seen this week?"
20e3535a-e9f3-4760-9cd8-6e86789495da,QuickDoc Urgent Care,Jasmine,Tier 1,Wave 1,Urgent Care,Repeat Spine Referrer,4,4,"Mohamad Rahbar, MD (4 spine)",2,MIXED-WALKIN,Walk-in panel — mixed payers; qualified with intake screening,Heuristic — verify — intake (Kelly) verifies Tier 1 first; NOT confirmed,Payer: walk-in mix — intake screens each referral; commercial/Medicare flow same-week.,"Thank you for trusting us with the care of your patients (Dr. Rahbar's referrals especially). OPEN: what could we do better — access, notes back, anything? MESSAGE: same-week access still holds for your patients; an acute back/neck pathway: your discharge sheet can book a spine evaluation the same week — one number, we take it from there. ASK: anything pending right now we can get seen this week?"
0cc06713-910b-4b74-ba14-7cd3d76b3c62,OAK STREET HEALTH CHERRY HILL,Jasmine,Tier 1,Wave 1,PCP,Repeat Spine Referrer,3,21,"Peter Vasquez, MD (1 spine) · Nadine Larcher, NP (1 spine) · Oakstreet Health - Cherry Hill (1 spine) · Gaybriel Morrell, MD (4 ortho)",7,COMM-LIKELY,PCP — commercial/Medicare-likely; confirm HMO share (BCN/HAP/McLaren/Priority HMO need PCP referral — we handle that),Heuristic — verify — intake (Kelly) verifies Tier 1 first; NOT confirmed,Payer: commercial/Medicare-likely — HMO referrals handled with your staff.,"Thank you for trusting us with the care of your patients (Dr. Vasquez's referrals especially). OPEN: what could we do better — access, notes back, anything? MESSAGE: same-week access still holds for your patients; your patients with back or neck pain get seen the same week — imaging, conservative care, interventional and surgical under one roof, and we handle HMO referral paperwork with your staff. ASK: anything pending right now we can get seen this week?"
1174554364,Be Well Medical Center,Coty,Tier 1,Wave 1,PCP,Repeat Spine Referrer,3,17,"Mark Rosen, PA-C (1 spine) · Mark Bornstein, DO (1 spine) · Caleb Youngblood Pa C (1 spine) · Paul A Benson, DO (3 ortho) · Rosen PA-C, Mark (ZOC DOC) (1 ortho)",8,COMM-LIKELY,PCP — commercial/Medicare-likely; confirm HMO share (BCN/HAP/McLaren/Priority HMO need PCP referral — we handle that),Heuristic — verify — intake (Kelly) verifies Tier 1 first; NOT confirmed,Payer: commercial/Medicare-likely — HMO referrals handled with your staff.,"Thank you for trusting us with the care of your patients (Mark Rosen's referrals especially). OPEN: what could we do better — access, notes back, anything? MESSAGE: same-week access still holds for your patients; your patients with back or neck pain get seen the same week — imaging, conservative care, interventional and surgical under one roof, and we handle HMO referral paperwork with your staff. ASK: anything pending right now we can get seen this week?"
dda630a5-9d61-49cd-bec6-61084e47ddb9,Pulmonary & Medical Associates,Kristen,Tier 1,Wave 1,PCP,Repeat Spine Referrer,2,8,"Shanna Pearson, DO (2 spine)",11,COMM-LIKELY,PCP — commercial/Medicare-likely; confirm HMO share (BCN/HAP/McLaren/Priority HMO need PCP referral — we handle that),Heuristic — verify — intake (Kelly) verifies Tier 1 first; NOT confirmed,Payer: commercial/Medicare-likely — HMO referrals handled with your staff.,"Thank you for trusting us with the care of your patients (Dr. Pearson's referrals especially). OPEN: what could we do better — access, notes back, anything? MESSAGE: same-week access still holds for your patients; your patients with back or neck pain get seen the same week — imaging, conservative care, interventional and surgical under one roof, and we handle HMO referral paperwork with your staff. ASK: anything pending right now we can get seen this week?"
e3d707da-675d-4d7c-9356-2f53ec4d8a2e,Village Medical - Livonia,Kristen,Tier 1,Wave 1,PCP,Repeat Spine Referrer,2,6,"Martin Erickson, DO (1 spine) · Village Medical Livonia (1 spine) · Sherri Rosenfeld, DO (2 ortho) · Paul Jackson, DO (1 ortho) · Joann Van Oast, PA (1 ortho)",10,COMM-LIKELY,PCP — commercial/Medicare-likely; confirm HMO share (BCN/HAP/McLaren/Priority HMO need PCP referral — we handle that),Heuristic — verify — intake (Kelly) verifies Tier 1 first; NOT confirmed,Payer: commercial/Medicare-likely — HMO referrals handled with your staff.,"Thank you for trusting us with the care of your patients (Dr. Erickson's referrals especially). OPEN: what could we do better — access, notes back, anything? MESSAGE: same-week access still holds for your patients; your patients with back or neck pain get seen the same week — imaging, conservative care, interventional and surgical under one roof, and we handle HMO referral paperwork with your staff. ASK: anything pending right now we can get seen this week?"
13842362-6701-47f3-95cc-140ea17bd264,Premier Medicine Medical Center - Livonia,Jasmine,Tier 1,Wave 1,Urgent Care,Repeat Spine Referrer,2,7,"Nabil Suliman, MD (1 spine) · Monica Fukala, NP (1 spine) · Somnath Chowdhury, MD (1 ortho)",11,MIXED-WALKIN,Walk-in panel — mixed payers; qualified with intake screening,Heuristic — verify — intake (Kelly) verifies Tier 1 first; NOT confirmed,Payer: walk-in mix — intake screens each referral; commercial/Medicare flow same-week.,"Thank you for trusting us with the care of your patients (Dr. Suliman's referrals especially). OPEN: what could we do better — access, notes back, anything? MESSAGE: same-week access still holds for your patients; an acute back/neck pathway: your discharge sheet can book a spine evaluation the same week — one number, we take it from there. ASK: anything pending right now we can get seen this week?"
677326d2-4ba2-4a49-a6f1-e7633a9a8401,Faith Internal Medicine & Urgent Care,Coty,Tier 1,Wave 1,PCP,Repeat Spine Referrer,2,10,"Laith J Jacob Mbchb (2 spine) · Laith Jacob, MD (1 ortho)",2,COMM-LIKELY,PCP — commercial/Medicare-likely; confirm HMO share (BCN/HAP/McLaren/Priority HMO need PCP referral — we handle that),Heuristic — verify — intake (Kelly) verifies Tier 1 first; NOT confirmed,Payer: commercial/Medicare-likely — HMO referrals handled with your staff.,"Thank you for trusting us with the care of your patients (Laith J Jacob Mbchb's referrals especially). OPEN: what could we do better — access, notes back, anything? MESSAGE: same-week access still holds for your patients; your patients with back or neck pain get seen the same week — imaging, conservative care, interventional and surgical under one roof, and we handle HMO referral paperwork with your staff. ASK: anything pending right now we can get seen this week?"
23a703a6-5bde-4887-845c-b78a61128817,The Family Doctor,Coty,Tier 1,Wave 1,PCP,Repeat Spine Referrer,2,3,"Keith Mckenzie, MD (1 spine) · Claudia Pop, MD (1 spine)",6,COMM-LIKELY,PCP — commercial/Medicare-likely; confirm HMO share (BCN/HAP/McLaren/Priority HMO need PCP referral — we handle that),Heuristic — verify — intake (Kelly) verifies Tier 1 first; NOT confirmed,Payer: commercial/Medicare-likely — HMO referrals handled with your staff.,"Thank you for trusting us with the care of your patients (Dr. Mckenzie's referrals especially). OPEN: what could we do better — access, notes back, anything? MESSAGE: same-week access still holds for your patients; your patients with back or neck pain get seen the same week — imaging, conservative care, interventional and surgical under one roof, and we handle HMO referral paperwork with your staff. ASK: anything pending right now we can get seen this week?"
ebcb6f7a-eb6b-4759-81d9-516e3dc36b67,Medical Clinic of Northville,Kristen,Tier 1,Wave 1,PCP,Repeat Spine Referrer,2,18,"Ross A Summers, MD (1 spine) · Cheryl Anne Johnstone, MD (1 spine) · Mirella F Ducu, MD (5 ortho) · Mirella Ducu, MD (3 ortho) · Ross Summers, MD (2 ortho) · Lauren Cislo, PA (1 ortho)",6,COMM-LIKELY,PCP — commercial/Medicare-likely; confirm HMO share (BCN/HAP/McLaren/Priority HMO need PCP referral — we handle that),Heuristic — verify — intake (Kelly) verifies Tier 1 first; NOT confirmed,Payer: commercial/Medicare-likely — HMO referrals handled with your staff.,"Thank you for trusting us with the care of your patients (Dr. Summers's referrals especially). OPEN: what could we do better — access, notes back, anything? MESSAGE: same-week access still holds for your patients; your patients with back or neck pain get seen the same week — imaging, conservative care, interventional and surgical under one roof, and we handle HMO referral paperwork with your staff. ASK: anything pending right now we can get seen this week?"
00-761-7874,Powers Family Medicine,Kristen,Tier 1,Wave 1,PCP,Repeat Spine Referrer,2,3,"Sommer Shefferly, PA-C (2 spine) · William John Powers, DO (1 ortho)",3,COMM-LIKELY,PCP — commercial/Medicare-likely; confirm HMO share (BCN/HAP/McLaren/Priority HMO need PCP referral — we handle that),Heuristic — verify — intake (Kelly) verifies Tier 1 first; NOT confirmed,Payer: commercial/Medicare-likely — HMO referrals handled with your staff.,"Thank you for trusting us with the care of your patients (Sommer Shefferly's referrals especially). OPEN: what could we do better — access, notes back, anything? MESSAGE: same-week access still holds for your patients; your patients with back or neck pain get seen the same week — imaging, conservative care, interventional and surgical under one roof, and we handle HMO referral paperwork with your staff. ASK: anything pending right now we can get seen this week?"
1d143d90-6122-41e7-ae14-c14d4e4317b4,Frank Lanzilote DO-Family Practice,Jasmine,Tier 1,Wave 1,PCP,Repeat Spine Referrer,2,23,"Pooja Kodali, MD (2 spine)",2,COMM-LIKELY,PCP — commercial/Medicare-likely; confirm HMO share (BCN/HAP/McLaren/Priority HMO need PCP referral — we handle that),Heuristic — verify — intake (Kelly) verifies Tier 1 first; NOT confirmed,Payer: commercial/Medicare-likely — HMO referrals handled with your staff.,"Thank you for trusting us with the care of your patients (Dr. Kodali's referrals especially). OPEN: what could we do better — access, notes back, anything? MESSAGE: same-week access still holds for your patients; your patients with back or neck pain get seen the same week — imaging, conservative care, interventional and surgical under one roof, and we handle HMO referral paperwork with your staff. ASK: anything pending right now we can get seen this week?"
1952660706,Oakland Primary Care,Coty,Tier 1,Wave 1,PCP,Repeat Spine Referrer,2,6,"Jason I Soffa, DO (2 spine) · Uroob Rahman, MD (1 ortho) · Ryan Smith DO (1 ortho) · Jason Soffa, DO (1 ortho)",14,COMM-LIKELY,PCP — commercial/Medicare-likely; confirm HMO share (BCN/HAP/McLaren/Priority HMO need PCP referral — we handle that),Heuristic — verify — intake (Kelly) verifies Tier 1 first; NOT confirmed,Payer: commercial/Medicare-likely — HMO referrals handled with your staff.,"Thank you for trusting us with the care of your patients (Dr. Soffa's referrals especially). OPEN: what could we do better — access, notes back, anything? MESSAGE: same-week access still holds for your patients; your patients with back or neck pain get seen the same week — imaging, conservative care, interventional and surgical under one roof, and we handle HMO referral paperwork with your staff. ASK: anything pending right now we can get seen this week?"
eebb725b-b031-43b9-a3d7-bfa83d77bc18,MedPro Primary Care,Kristen,Tier 1,Wave 1,Urgent Care,Repeat Spine Referrer,2,4,"Jaclyn Weber, PA (2 spine) · Samantha Demarce, NP (1 ortho)",8,MIXED-WALKIN,Walk-in panel — mixed payers; qualified with intake screening,Heuristic — verify — intake (Kelly) verifies Tier 1 first; NOT confirmed,Payer: walk-in mix — intake screens each referral; commercial/Medicare flow same-week.,"Thank you for trusting us with the care of your patients (Jaclyn Weber's referrals especially). OPEN: what could we do better — access, notes back, anything? MESSAGE: same-week access still holds for your patients; an acute back/neck pathway: your discharge sheet can book a spine evaluation the same week — one number, we take it from there. ASK: anything pending right now we can get seen this week?"
60-080-4525,Metro Medical Practice,Kristen,Tier 1,Wave 1,PCP,Repeat Spine Referrer,2,3,"Alicja Bernarda Nerga, MD (2 spine)",5,COMM-LIKELY,PCP — commercial/Medicare-likely; confirm HMO share (BCN/HAP/McLaren/Priority HMO need PCP referral — we handle that),Heuristic — verify — intake (Kelly) verifies Tier 1 first; NOT confirmed,Payer: commercial/Medicare-likely — HMO referrals handled with your staff.,"Thank you for trusting us with the care of your patients (Dr. Nerga's referrals especially). OPEN: what could we do better — access, notes back, anything? MESSAGE: same-week access still holds for your patients; your patients with back or neck pain get seen the same week — imaging, conservative care, interventional and surgical under one roof, and we handle HMO referral paperwork with your staff. ASK: anything pending right now we can get seen this week?"
40477f1c-8f50-4f86-8e7e-a5431b7f2fe6,MNP,Kristen,Tier 1,Wave 1,PCP,Repeat Spine Referrer,2,11,"Kasheena Shropshire, NP (2 spine)",1,COMM-LIKELY,PCP — commercial/Medicare-likely; confirm HMO share (BCN/HAP/McLaren/Priority HMO need PCP referral — we handle that),Heuristic — verify — intake (Kelly) verifies Tier 1 first; NOT confirmed,Payer: commercial/Medicare-likely — HMO referrals handled with your staff.,"Thank you for trusting us with the care of your patients (Kasheena Shropshire's referrals especially). OPEN: what could we do better — access, notes back, anything? MESSAGE: same-week access still holds for your patients; your patients with back or neck pain get seen the same week — imaging, conservative care, interventional and surgical under one roof, and we handle HMO referral paperwork with your staff. ASK: anything pending right now we can get seen this week?"
13ba57d5-6bc6-4d44-8d40-efd8e7131d2e,Oakland Family Practice,Kristen,Tier 1,Wave 1,PCP,Repeat Spine Referrer,2,17,"Zachary Kranz, DO (2 spine) · Ronald Hirsch, DO (5 ortho) · Keith Hoffman Msw (3 ortho) · Rachel Hetzner D, NP (2 ortho) · Michelle Millman Fnp-c (1 ortho)",14,COMM-LIKELY,PCP — commercial/Medicare-likely; confirm HMO share (BCN/HAP/McLaren/Priority HMO need PCP referral — we handle that),Heuristic — verify — intake (Kelly) verifies Tier 1 first; NOT confirmed,Payer: commercial/Medicare-likely — HMO referrals handled with your staff.,"Thank you for trusting us with the care of your patients (Dr. Kranz's referrals especially). OPEN: what could we do better — access, notes back, anything? MESSAGE: same-week access still holds for your patients; your patients with back or neck pain get seen the same week — imaging, conservative care, interventional and surgical under one roof, and we handle HMO referral paperwork with your staff. ASK: anything pending right now we can get seen this week?"
8a6ae159-0242-4272-b933-bd11fc117733,Village Medical Farmington,Kristen,Tier 1,Wave 1,PCP,Repeat Spine Referrer,2,4,"Sandra Sabb, MD (1 spine) · Sheldon L Stern, DO (1 spine) · Sheldon Stern, DO",8,COMM-LIKELY,PCP — commercial/Medicare-likely; confirm HMO share (BCN/HAP/McLaren/Priority HMO need PCP referral — we handle that),Heuristic — verify — intake (Kelly) verifies Tier 1 first; NOT confirmed,Payer: commercial/Medicare-likely — HMO referrals handled with your staff.,"Thank you for trusting us with the care of your patients (Dr. Sabb's referrals especially). OPEN: what could we do better — access, notes back, anything? MESSAGE: same-week access still holds for your patients; your patients with back or neck pain get seen the same week — imaging, conservative care, interventional and surgical under one roof, and we handle HMO referral paperwork with your staff. ASK: anything pending right now we can get seen this week?"
11ed7e07-a278-4fda-90ea-e3baede80121,Chronic Pain Institute,Coty,Tier 1,Wave 1,Pain,Repeat Spine Referrer,2,2,"Kuldip S Deogun, MD (2 spine)",1,COMM-LIKELY,Private specialty practice — commercial/Medicare-likely (QUALIFIED); confirm,Heuristic — verify — intake (Kelly) verifies Tier 1 first; NOT confirmed,Payer: commercial/Medicare-likely — HMO referrals handled with your staff.,"Thank you for trusting us with the care of your patients (Dr. Deogun's referrals especially). OPEN: what could we do better — access, notes back, anything? MESSAGE: same-week access still holds for your patients; two-way partnership — we send conservative-first candidates to you, you send surgical-escalation candidates to our spine surgeons; both get seen same-week. ASK: anything pending right now we can get seen this week?"
5ba2b7d1-0a31-458d-95a0-4ba47f0574a0,MEDPRO PRIMARY CARE - Waltz Rd,Coty,Tier 1,Wave 1,Pain,Repeat Spine Referrer,2,2,"Ashleigh Finazzo, PA-C (2 spine)",8,COMM-LIKELY,Private specialty practice — commercial/Medicare-likely (QUALIFIED); confirm,Heuristic — verify — intake (Kelly) verifies Tier 1 first; NOT confirmed,Payer: commercial/Medicare-likely — HMO referrals handled with your staff.,"Thank you for trusting us with the care of your patients (Ashleigh Finazzo's referrals especially). OPEN: what could we do better — access, notes back, anything? MESSAGE: same-week access still holds for your patients; two-way partnership — we send conservative-first candidates to you, you send surgical-escalation candidates to our spine surgeons; both get seen same-week. ASK: anything pending right now we can get seen this week?"
fe708f7e-ac39-4cb4-91fb-ef244909b360,Carson Center Specialty,Kristen,Tier 1,Wave 1,PCP,Repeat Spine Referrer,2,3,"Yeva Soskina, MD (2 spine)",1,COMM-LIKELY,PCP — commercial/Medicare-likely; confirm HMO share (BCN/HAP/McLaren/Priority HMO need PCP referral — we handle that),Heuristic — verify — intake (Kelly) verifies Tier 1 first; NOT confirmed,Payer: commercial/Medicare-likely — HMO referrals handled with your staff.,"Thank you for trusting us with the care of your patients (Dr. Soskina's referrals especially). OPEN: what could we do better — access, notes back, anything? MESSAGE: same-week access still holds for your patients; your patients with back or neck pain get seen the same week — imaging, conservative care, interventional and surgical under one roof, and we handle HMO referral paperwork with your staff. ASK: anything pending right now we can get seen this week?"
cc6d8767-1fad-4a5b-b658-38a67ea47a1c,"FARMINGTON HILLS  FAMILY PHYSICIANS, PLLC",Kristen,Tier 1,Wave 1,PCP,Repeat Spine Referrer,2,2,"Mutahhar Ahmad, MD (2 spine)",1,COMM-LIKELY,PCP — commercial/Medicare-likely; confirm HMO share (BCN/HAP/McLaren/Priority HMO need PCP referral — we handle that),Heuristic — verify — intake (Kelly) verifies Tier 1 first; NOT confirmed,Payer: commercial/Medicare-likely — HMO referrals handled with your staff.,"Thank you for trusting us with the care of your patients (Dr. Ahmad's referrals especially). OPEN: what could we do better — access, notes back, anything? MESSAGE: same-week access still holds for your patients; your patients with back or neck pain get seen the same week — imaging, conservative care, interventional and surgical under one roof, and we handle HMO referral paperwork with your staff. ASK: anything pending right now we can get seen this week?"
d1393500-eb13-4514-9e0b-427f872ffa8b,Ivy Rehab - Farmington,Kristen,Tier 1,Wave 1,PT,Repeat Spine Referrer,2,3,"Andrea Aliseo D, PT (2 spine)",1,COMM-LIKELY,Private specialty practice — commercial/Medicare-likely (QUALIFIED); confirm,Heuristic — verify — intake (Kelly) verifies Tier 1 first; NOT confirmed,Payer: commercial/Medicare-likely — HMO referrals handled with your staff.,"Thank you for trusting us with the care of your patients (Andrea Aliseo D's referrals especially). OPEN: what could we do better — access, notes back, anything? MESSAGE: same-week access still holds for your patients; for patients whose progress stalls, a spine consult with imaging same-week — then straight back to your plan of care with clear notes. ASK: anything pending right now we can get seen this week?"
d99edd32-fb45-4528-94d3-645792efefa1,Triumph chiropractic,Kristen,Tier 1,Wave 1,Other / Verify,Repeat Spine Referrer,2,2,Alexander Rodnick (2 spine),3,COMM-LIKELY,Private specialty practice — commercial/Medicare-likely (QUALIFIED); confirm,Heuristic — verify — intake (Kelly) verifies Tier 1 first; NOT confirmed,Payer: commercial/Medicare-likely — HMO referrals handled with your staff.,"Thank you for trusting us with the care of your patients (Alexander Rodnick's referrals especially). OPEN: what could we do better — access, notes back, anything? MESSAGE: same-week access still holds for your patients; same-week spine evaluation pathway — conservative first, surgery only when warranted. ASK: anything pending right now we can get seen this week?"
218209bd-0e83-4585-b5e7-1455814e77b1,Grand River Medical Associates,Jasmine,Tier 1,Wave 1,PCP,Repeat Spine Referrer,2,2,"Jamie G Taweel, DO (2 spine)",2,COMM-LIKELY,PCP — commercial/Medicare-likely; confirm HMO share (BCN/HAP/McLaren/Priority HMO need PCP referral — we handle that),Heuristic — verify — intake (Kelly) verifies Tier 1 first; NOT confirmed,Payer: commercial/Medicare-likely — HMO referrals handled with your staff.,"Thank you for trusting us with the care of your patients (Dr. Taweel's referrals especially). OPEN: what could we do better — access, notes back, anything? MESSAGE: same-week access still holds for your patients; your patients with back or neck pain get seen the same week — imaging, conservative care, interventional and surgical under one roof, and we handle HMO referral paperwork with your staff. ASK: anything pending right now we can get seen this week?"
797c97ec-e6b4-42b3-920e-e16a6364e0c9,Safir Law,Kristen,Tier 1,Wave 2,Attorney / Legal,Repeat Spine Referrer,2,2,Joel Safir (2 spine),3,WC-AUTO,"WC / Auto No-Fault — commercial-equivalent, no referral needed (QUALIFIED)",Rule (payer taxonomy) — confirm case mix on visit — intake (Kelly) verifies Tier 1 first; NOT confirmed,"Payer: auto no-fault + WC accepted, no referral, no copay.","Thank you for trusting us with the care of your patients (Joel Safir's team especially). OPEN: service check — are records, scheduling and communication meeting your standard? MESSAGE: auto no-fault and workers' comp spine evaluations with fast scheduling, thorough documentation and clean records turnaround — service only, evaluated on clinical merit. ASK: keep us as the spine evaluation resource for auto/WC clients; leave the direct scheduling line + records turnaround commitment."
740ceb33-170d-402e-b5c2-8c204cf2bdf4,Victor Valentino Law,Kristen,Tier 1,Wave 2,Attorney / Legal,Repeat Spine Referrer,2,3,Victor Valentino (2 spine),1,WC-AUTO,"WC / Auto No-Fault — commercial-equivalent, no referral needed (QUALIFIED)",Rule (payer taxonomy) — confirm case mix on visit — intake (Kelly) verifies Tier 1 first; NOT confirmed,"Payer: auto no-fault + WC accepted, no referral, no copay.","Thank you for trusting us with the care of your patients (Victor Valentino's team especially). OPEN: service check — are records, scheduling and communication meeting your standard? MESSAGE: auto no-fault and workers' comp spine evaluations with fast scheduling, thorough documentation and clean records turnaround — service only, evaluated on clinical merit. ASK: keep us as the spine evaluation resource for auto/WC clients; leave the direct scheduling line + records turnaround commitment."
8f912f3f-f54b-4694-984f-06c26dcbe2a8,Steinberg Law Firm,Kristen,Tier 1,Wave 2,Attorney / Legal,Repeat Spine Referrer,2,2,Eric Steinberg (2 spine),1,WC-AUTO,"WC / Auto No-Fault — commercial-equivalent, no referral needed (QUALIFIED)",Rule (payer taxonomy) — confirm case mix on visit — intake (Kelly) verifies Tier 1 first; NOT confirmed,"Payer: auto no-fault + WC accepted, no referral, no copay.","Thank you for trusting us with the care of your patients (Eric Steinberg's team especially). OPEN: service check — are records, scheduling and communication meeting your standard? MESSAGE: auto no-fault and workers' comp spine evaluations with fast scheduling, thorough documentation and clean records turnaround — service only, evaluated on clinical merit. ASK: keep us as the spine evaluation resource for auto/WC clients; leave the direct scheduling line + records turnaround commitment."
1285806067,DMC Orthopedics & Sports Medicine - Warren,Coty,Tier 1,Wave 1,Orthopedic,One Spine Patient,1,1,"Britta Anderson, DO (1 spine)",8,MIXED-SYSTEM,Hospital-system site — mixed commercial + Medicare + some Medicaid; qualified with intake screening,Heuristic — verify — intake (Kelly) verifies Tier 1 first; NOT confirmed,Payer: mixed panel — screen at intake; HMO plans need PCP referral (we assist).,"Thank you for trusting us with the care of your patients (Dr. Anderson's referrals especially). OPEN: how was the experience on the spine patient you sent? MESSAGE: that same pathway works every time — for the spine cases outside your scope, we co-manage: your patient stays yours, our spine team handles just the spine problem, notes back to you every visit. ASK: make us your default for the next back/neck patient; leave named coordinator + direct line."
85fd21cb-8cbc-4ead-9b3d-0cdbecdf7638,"AGHA INTERNAL MEDICINE AND ASSOCIATES, PC",Kristen,Tier 1,Wave 2,PCP,One Spine Patient,1,3,"Hooman Agha, MD (1 spine)",2,COMM-LIKELY,PCP — commercial/Medicare-likely; confirm HMO share (BCN/HAP/McLaren/Priority HMO need PCP referral — we handle that),Heuristic — verify — intake (Kelly) verifies Tier 1 first; NOT confirmed,Payer: commercial/Medicare-likely — HMO referrals handled with your staff.,"Thank you for trusting us with the care of your patients (Dr. Agha's referrals especially). OPEN: how was the experience on the spine patient you sent? MESSAGE: that same pathway works every time — your patients with back or neck pain get seen the same week — imaging, conservative care, interventional and surgical under one roof, and we handle HMO referral paperwork with your staff. ASK: make us your default for the next back/neck patient; leave named coordinator + direct line."
04ad9387-b1fe-45cd-bd14-73188de8e04a,Corewell Health-East,Kristen,Tier 1,Wave 2,PCP,One Spine Patient,1,1,"Pu Qin, MD (1 spine)",3,MIXED-SYSTEM,Hospital-system site — mixed commercial + Medicare + some Medicaid; qualified with intake screening,Heuristic — verify — intake (Kelly) verifies Tier 1 first; NOT confirmed,Payer: mixed panel — screen at intake; HMO plans need PCP referral (we assist).,"Thank you for trusting us with the care of your patients (Dr. Qin's referrals especially). OPEN: how was the experience on the spine patient you sent? MESSAGE: that same pathway works every time — your patients with back or neck pain get seen the same week — imaging, conservative care, interventional and surgical under one roof, and we handle HMO referral paperwork with your staff. ASK: make us your default for the next back/neck patient; leave named coordinator + direct line."
44019f00-063b-4cdc-83d9-96ee51f8c6e3,Henry Ford Health Medical Center - Seven Mile Road,Kristen,Tier 1,Wave 2,PCP,One Spine Patient,1,3,"Matthew W Benedix, DO (1 spine) · Courtney Mehock, DO (1 ortho)",2,MIXED-SYSTEM,Hospital-system site — mixed commercial + Medicare + some Medicaid; qualified with intake screening,Heuristic — verify — intake (Kelly) verifies Tier 1 first; NOT confirmed,Payer: mixed panel — screen at intake; HMO plans need PCP referral (we assist).,"Thank you for trusting us with the care of your patients (Dr. Benedix's referrals especially). OPEN: how was the experience on the spine patient you sent? MESSAGE: that same pathway works every time — your patients with back or neck pain get seen the same week — imaging, conservative care, interventional and surgical under one roof, and we handle HMO referral paperwork with your staff. ASK: make us your default for the next back/neck patient; leave named coordinator + direct line."
6771a475-3022-40fd-9db9-b8e0291f7082,Henry Ford Warren Family Physicians,Kristen,Tier 1,Wave 2,PCP,One Spine Patient,1,4,"Randall Colvin, MD (1 spine) · Kristen Panozzo, DO (2 ortho) · Nabil Rizk, MD",6,MIXED-SYSTEM,Hospital-system site — mixed commercial + Medicare + some Medicaid; qualified with intake screening,Heuristic — verify — intake (Kelly) verifies Tier 1 first; NOT confirmed,Payer: mixed panel — screen at intake; HMO plans need PCP referral (we assist).,"Thank you for trusting us with the care of your patients (Dr. Colvin's referrals especially). OPEN: how was the experience on the spine patient you sent? MESSAGE: that same pathway works every time — your patients with back or neck pain get seen the same week — imaging, conservative care, interventional and surgical under one roof, and we handle HMO referral paperwork with your staff. ASK: make us your default for the next back/neck patient; leave named coordinator + direct line."
60ee8106-1f15-4abf-95a1-c2184761b159,Huron Family Practice Center,Kristen,Tier 1,Wave 2,PCP,One Spine Patient,1,1,"Autumn A Whitten, PA-C (1 spine)",4,COMM-LIKELY,PCP — commercial/Medicare-likely; confirm HMO share (BCN/HAP/McLaren/Priority HMO need PCP referral — we handle that),Heuristic — verify — intake (Kelly) verifies Tier 1 first; NOT confirmed,Payer: commercial/Medicare-likely — HMO referrals handled with your staff.,"Thank you for trusting us with the care of your patients (Autumn A Whitten's referrals especially). OPEN: how was the experience on the spine patient you sent? MESSAGE: that same pathway works every time — your patients with back or neck pain get seen the same week — imaging, conservative care, interventional and surgical under one roof, and we handle HMO referral paperwork with your staff. ASK: make us your default for the next back/neck patient; leave named coordinator + direct line."
9c2f2817-fae0-4fb0-b943-376aef6fc719,ROSE MEDICINE,Kristen,Tier 1,Wave 2,PCP,One Spine Patient,1,1,"Oluwasayo Akinyosoye, MD (1 spine)",2,COMM-LIKELY,PCP — commercial/Medicare-likely; confirm HMO share (BCN/HAP/McLaren/Priority HMO need PCP referral — we handle that),Heuristic — verify — intake (Kelly) verifies Tier 1 first; NOT confirmed,Payer: commercial/Medicare-likely — HMO referrals handled with your staff.,"Thank you for trusting us with the care of your patients (Dr. Akinyosoye's referrals especially). OPEN: how was the experience on the spine patient you sent? MESSAGE: that same pathway works every time — your patients with back or neck pain get seen the same week — imaging, conservative care, interventional and surgical under one roof, and we handle HMO referral paperwork with your staff. ASK: make us your default for the next back/neck patient; leave named coordinator + direct line."
b2290856-de23-4322-aabc-b2436529feac,Core Institute/Henry Ford Motor City Orthopedics & PT- Southfield,Jasmine,Tier 1,Wave 1,Orthopedic,One Spine Patient,1,1,"Nick Bolz, MD (1 spine)",9,MIXED-SYSTEM,Hospital-system site — mixed commercial + Medicare + some Medicaid; qualified with intake screening,Heuristic — verify — intake (Kelly) verifies Tier 1 first; NOT confirmed,Payer: mixed panel — screen at intake; HMO plans need PCP referral (we assist).,"Thank you for trusting us with the care of your patients (Dr. Bolz's referrals especially). OPEN: how was the experience on the spine patient you sent? MESSAGE: that same pathway works every time — for the spine cases outside your scope, we co-manage: your patient stays yours, our spine team handles just the spine problem, notes back to you every visit. ASK: make us your default for the next back/neck patient; leave named coordinator + direct line."
9d286e7b-6017-417c-8a6b-763fe942c9c2,COREWELL HEALTH  INTERNAL MEDICINE DEARBORN,Jasmine,Tier 1,Wave 1,PCP,One Spine Patient,1,1,"Sarah Zoabi, MD (1 spine)",9,MIXED-SYSTEM,Hospital-system site — mixed commercial + Medicare + some Medicaid; qualified with intake screening,Heuristic — verify — intake (Kelly) verifies Tier 1 first; NOT confirmed,Payer: mixed panel — screen at intake; HMO plans need PCP referral (we assist).,"Thank you for trusting us with the care of your patients (Dr. Zoabi's referrals especially). OPEN: how was the experience on the spine patient you sent? MESSAGE: that same pathway works every time — your patients with back or neck pain get seen the same week — imaging, conservative care, interventional and surgical under one roof, and we handle HMO referral paperwork with your staff. ASK: make us your default for the next back/neck patient; leave named coordinator + direct line."
68ceff67-99ac-4ef7-a162-918f93bbdf38,Livonia Family Medical Center,Jasmine,Tier 1,Wave 1,PCP,One Spine Patient,1,3,"Keith M Tobin, DO (1 spine) · Michael Burry, DO (1 ortho)",3,COMM-LIKELY,PCP — commercial/Medicare-likely; confirm HMO share (BCN/HAP/McLaren/Priority HMO need PCP referral — we handle that),Heuristic — verify — intake (Kelly) verifies Tier 1 first; NOT confirmed,Payer: commercial/Medicare-likely — HMO referrals handled with your staff.,"Thank you for trusting us with the care of your patients (Dr. Tobin's referrals especially). OPEN: how was the experience on the spine patient you sent? MESSAGE: that same pathway works every time — your patients with back or neck pain get seen the same week — imaging, conservative care, interventional and surgical under one roof, and we handle HMO referral paperwork with your staff. ASK: make us your default for the next back/neck patient; leave named coordinator + direct line."
680822f2-58d4-4f67-b09b-01ccd6f95892,Roberts Orthopedic Services,Jasmine,Tier 1,Wave 1,Orthopedic,One Spine Patient,1,1,Jonathan Kyulu Nzoma (1 spine),2,COMM-LIKELY,Private specialty practice — commercial/Medicare-likely (QUALIFIED); confirm,Heuristic — verify — intake (Kelly) verifies Tier 1 first; NOT confirmed,Payer: commercial/Medicare-likely — HMO referrals handled with your staff.,"Thank you for trusting us with the care of your patients (Jonathan Kyulu Nzoma's referrals especially). OPEN: how was the experience on the spine patient you sent? MESSAGE: that same pathway works every time — for the spine cases outside your scope, we co-manage: your patient stays yours, our spine team handles just the spine problem, notes back to you every visit. ASK: make us your default for the next back/neck patient; leave named coordinator + direct line."
25a91d51-ca80-40cd-88ea-8b37beaa2ea8,Trinity Health IHA Medical Group Primary Care - Canton,Jasmine,Tier 1,Wave 1,PCP,One Spine Patient,1,1,"Yujing Murray, MD (1 spine)",12,MIXED-SYSTEM,Hospital-system site — mixed commercial + Medicare + some Medicaid; qualified with intake screening,Heuristic — verify — intake (Kelly) verifies Tier 1 first; NOT confirmed,Payer: mixed panel — screen at intake; HMO plans need PCP referral (we assist).,"Thank you for trusting us with the care of your patients (Dr. Murray's referrals especially). OPEN: how was the experience on the spine patient you sent? MESSAGE: that same pathway works every time — your patients with back or neck pain get seen the same week — imaging, conservative care, interventional and surgical under one roof, and we handle HMO referral paperwork with your staff. ASK: make us your default for the next back/neck patient; leave named coordinator + direct line."
6b70f9d5-4063-4208-85f4-1d780fabaacc,"Trinity Health IHA Medical Group, Primary Care - Southeast Livonia",Jasmine,Tier 1,Wave 1,PCP,One Spine Patient,1,3,"Erin Walton Doyle, MD (1 spine) · Candace Cooper, DO (1 ortho) · Rachel B Marcucci, MD (1 ortho)",7,MIXED-SYSTEM,Hospital-system site — mixed commercial + Medicare + some Medicaid; qualified with intake screening,Heuristic — verify — intake (Kelly) verifies Tier 1 first; NOT confirmed,Payer: mixed panel — screen at intake; HMO plans need PCP referral (we assist).,"Thank you for trusting us with the care of your patients (Dr. Doyle's referrals especially). OPEN: how was the experience on the spine patient you sent? MESSAGE: that same pathway works every time — your patients with back or neck pain get seen the same week — imaging, conservative care, interventional and surgical under one roof, and we handle HMO referral paperwork with your staff. ASK: make us your default for the next back/neck patient; leave named coordinator + direct line."
02e450b1-82e8-408a-a0a4-fa7af806ed2b,Brighton Internal Medicine,Coty,Tier 1,Wave 1,PCP,One Spine Patient,1,1,"Syed Masood Shahab, MD (1 spine)",4,COMM-LIKELY,PCP — commercial/Medicare-likely; confirm HMO share (BCN/HAP/McLaren/Priority HMO need PCP referral — we handle that),Heuristic — verify — intake (Kelly) verifies Tier 1 first; NOT confirmed,Payer: commercial/Medicare-likely — HMO referrals handled with your staff.,"Thank you for trusting us with the care of your patients (Dr. Shahab's referrals especially). OPEN: how was the experience on the spine patient you sent? MESSAGE: that same pathway works every time — your patients with back or neck pain get seen the same week — imaging, conservative care, interventional and surgical under one roof, and we handle HMO referral paperwork with your staff. ASK: make us your default for the next back/neck patient; leave named coordinator + direct line."
8cef9fd7-931c-4e45-bf44-0cac47716f62,Community First Health Centers - New Haven,Coty,Tier 1,Wave 1,PCP,One Spine Patient,1,1,"Shelia Singleton, MD (1 spine)",7,MEDICAID-LIKELY,Community-health/FQHC pattern — Medicaid-heavy panel likely; payer gate: cap Tier 2 until VERIFIED,Heuristic — VERIFY FIRST — intake (Kelly) verifies Tier 1 first; NOT confirmed,Payer CAUTION: likely Medicaid-heavy — do NOT promise same-week until eligibility verified; uninsured → Harmony Health Direct Pay.,"Thank you for trusting us with the care of your patients (Dr. Singleton's referrals especially). OPEN: how was the experience on the spine patient you sent? MESSAGE: that same pathway works every time — your patients with back or neck pain get seen the same week — imaging, conservative care, interventional and surgical under one roof, and we handle HMO referral paperwork with your staff. ASK: make us your default for the next back/neck patient; leave named coordinator + direct line."
5e640eee-6b5a-442a-8222-bd81d0a228ec,Henry Ford St. John Center for Wellness,Coty,Tier 1,Wave 1,PCP,One Spine Patient,1,3,"Lydia Joy Rayes, DO (1 spine)",5,MIXED-SYSTEM,Hospital-system site — mixed commercial + Medicare + some Medicaid; qualified with intake screening,Heuristic — verify — intake (Kelly) verifies Tier 1 first; NOT confirmed,Payer: mixed panel — screen at intake; HMO plans need PCP referral (we assist).,"Thank you for trusting us with the care of your patients (Dr. Rayes's referrals especially). OPEN: how was the experience on the spine patient you sent? MESSAGE: that same pathway works every time — your patients with back or neck pain get seen the same week — imaging, conservative care, interventional and surgical under one roof, and we handle HMO referral paperwork with your staff. ASK: make us your default for the next back/neck patient; leave named coordinator + direct line."
1992782320,Macomb Medical Clinic,Coty,Tier 1,Wave 1,PCP,One Spine Patient,1,12,"Jillian Monticciolo Pa C (1 spine) · Amar Kurjakovic, PA-C (4 ortho) · Mark S Rosenberg, DO (2 ortho) · David Giancola, PA (1 ortho) · Macomb Medical Clinic (1 ortho) · Brooke Tobia, PA (1 ortho)",6,COMM-LIKELY,PCP — commercial/Medicare-likely; confirm HMO share (BCN/HAP/McLaren/Priority HMO need PCP referral — we handle that),Heuristic — verify — intake (Kelly) verifies Tier 1 first; NOT confirmed,Payer: commercial/Medicare-likely — HMO referrals handled with your staff.,"Thank you for trusting us with the care of your patients (Jillian Monticciolo Pa C's referrals especially). OPEN: how was the experience on the spine patient you sent? MESSAGE: that same pathway works every time — your patients with back or neck pain get seen the same week — imaging, conservative care, interventional and surgical under one roof, and we handle HMO referral paperwork with your staff. ASK: make us your default for the next back/neck patient; leave named coordinator + direct line."
fdefbf3e-907d-4d68-bbd3-2d70f4818b7a,Macomb Physicians Group,Coty,Tier 1,Wave 1,PCP,One Spine Patient,1,9,"Lalitha Koneru, MD (1 spine) · Gordhan Diora, MD (3 ortho) · Mark H Stephen, MD (2 ortho) · Mark Stephen, MD (1 ortho)",11,COMM-LIKELY,PCP — commercial/Medicare-likely; confirm HMO share (BCN/HAP/McLaren/Priority HMO need PCP referral — we handle that),Heuristic — verify — intake (Kelly) verifies Tier 1 first; NOT confirmed,Payer: commercial/Medicare-likely — HMO referrals handled with your staff.,"Thank you for trusting us with the care of your patients (Dr. Koneru's referrals especially). OPEN: how was the experience on the spine patient you sent? MESSAGE: that same pathway works every time — your patients with back or neck pain get seen the same week — imaging, conservative care, interventional and surgical under one roof, and we handle HMO referral paperwork with your staff. ASK: make us your default for the next back/neck patient; leave named coordinator + direct line."
1356443600,Preferred Medical Group,Coty,Tier 1,Wave 1,Orthopedic,One Spine Patient,1,2,"Rachel Gillespie, DPM (1 spine) · Rachael Ustruck, DO (1 ortho)",9,COMM-LIKELY,Private specialty practice — commercial/Medicare-likely (QUALIFIED); confirm,Heuristic — verify — intake (Kelly) verifies Tier 1 first; NOT confirmed,Payer: commercial/Medicare-likely — HMO referrals handled with your staff.,"Thank you for trusting us with the care of your patients (Dr. Gillespie's referrals especially). OPEN: how was the experience on the spine patient you sent? MESSAGE: that same pathway works every time — for the spine cases outside your scope, we co-manage: your patient stays yours, our spine team handles just the spine problem, notes back to you every visit. ASK: make us your default for the next back/neck patient; leave named coordinator + direct line."
fc79eac0-6f20-44c3-84a9-e20d7068fe4e,Premier Private Physicians,Coty,Tier 1,Wave 1,PCP,One Spine Patient,1,1,"Ashleigh Peoples, MD (1 spine)",5,COMM-LIKELY,PCP — commercial/Medicare-likely; confirm HMO share (BCN/HAP/McLaren/Priority HMO need PCP referral — we handle that),Heuristic — verify — intake (Kelly) verifies Tier 1 first; NOT confirmed,Payer: commercial/Medicare-likely — HMO referrals handled with your staff.,"Thank you for trusting us with the care of your patients (Dr. Peoples's referrals especially). OPEN: how was the experience on the spine patient you sent? MESSAGE: that same pathway works every time — your patients with back or neck pain get seen the same week — imaging, conservative care, interventional and surgical under one roof, and we handle HMO referral paperwork with your staff. ASK: make us your default for the next back/neck patient; leave named coordinator + direct line."
9dfbaa38-07b2-4017-9d71-ff4cd2ce42f7,Brentwood Pediatric Associates,Kristen,Tier 1,Wave 2,Pediatrics,One Spine Patient,1,11,"Ajey V Godbole, MD (1 spine) · Hassan Bazzy, DO (1 ortho)",4,PEDS,Pediatric panel — low spine fit regardless of payer,Heuristic — intake (Kelly) verifies Tier 1 first; NOT confirmed,Note: pediatric panel — spine fit is low; adult family/staff referrals only.,"Thank you for trusting us with the care of your patients (Dr. Godbole's referrals especially). OPEN: how was the experience on the spine patient you sent? MESSAGE: that same pathway works every time — for adolescent spine concerns (scoliosis, spondylolysis in athletes) we offer specialist evaluation — and adult family members get same-week access. ASK: make us your default for the next back/neck patient; leave named coordinator + direct line."
a5a045ce-889d-4018-81f5-3fd8d3d7af6b,"FERRIS, MARY C, MEDICAL GROUP",Kristen,Tier 1,Wave 2,PCP,One Spine Patient,1,7,"Mary C Ferris, DO (1 spine)",1,COMM-LIKELY,PCP — commercial/Medicare-likely; confirm HMO share (BCN/HAP/McLaren/Priority HMO need PCP referral — we handle that),Heuristic — verify — intake (Kelly) verifies Tier 1 first; NOT confirmed,Payer: commercial/Medicare-likely — HMO referrals handled with your staff.,"Thank you for trusting us with the care of your patients (Dr. Ferris's referrals especially). OPEN: how was the experience on the spine patient you sent? MESSAGE: that same pathway works every time — your patients with back or neck pain get seen the same week — imaging, conservative care, interventional and surgical under one roof, and we handle HMO referral paperwork with your staff. ASK: make us your default for the next back/neck patient; leave named coordinator + direct line."
1073593174,Henry Ford Main Internal Medicine - Grosse Pointe,Kristen,Tier 1,Wave 2,PCP,One Spine Patient,1,1,"Donald M Rozzell, MD (1 spine)",20,MIXED-SYSTEM,Hospital-system site — mixed commercial + Medicare + some Medicaid; qualified with intake screening,Heuristic — verify — intake (Kelly) verifies Tier 1 first; NOT confirmed,Payer: mixed panel — screen at intake; HMO plans need PCP referral (we assist).,"Thank you for trusting us with the care of your patients (Dr. Rozzell's referrals especially). OPEN: how was the experience on the spine patient you sent? MESSAGE: that same pathway works every time — your patients with back or neck pain get seen the same week — imaging, conservative care, interventional and surgical under one roof, and we handle HMO referral paperwork with your staff. ASK: make us your default for the next back/neck patient; leave named coordinator + direct line."
9b2159ca-9617-4ade-8a25-85a92fcca972,Jefferson Family Practice (Cornerstone),Kristen,Tier 1,Wave 2,PCP,One Spine Patient,1,2,"Durga Mulpuri, MD (1 spine)",1,COMM-LIKELY,PCP — commercial/Medicare-likely; confirm HMO share (BCN/HAP/McLaren/Priority HMO need PCP referral — we handle that),Heuristic — verify — intake (Kelly) verifies Tier 1 first; NOT confirmed,Payer: commercial/Medicare-likely — HMO referrals handled with your staff.,"Thank you for trusting us with the care of your patients (Dr. Mulpuri's referrals especially). OPEN: how was the experience on the spine patient you sent? MESSAGE: that same pathway works every time — your patients with back or neck pain get seen the same week — imaging, conservative care, interventional and surgical under one roof, and we handle HMO referral paperwork with your staff. ASK: make us your default for the next back/neck patient; leave named coordinator + direct line."
137ab9e0-c65d-4932-9dc5-f8b83b872e50,Michigan Neurology and Spine Center,Kristen,Tier 1,Wave 2,Pain,One Spine Patient,1,1,Carol Miller Fnp-bc (1 spine),6,COMM-LIKELY,Private specialty practice — commercial/Medicare-likely (QUALIFIED); confirm,Heuristic — verify — intake (Kelly) verifies Tier 1 first; NOT confirmed,Payer: commercial/Medicare-likely — HMO referrals handled with your staff.,"Thank you for trusting us with the care of your patients (Carol Miller Fnp-bc's referrals especially). OPEN: how was the experience on the spine patient you sent? MESSAGE: that same pathway works every time — two-way partnership — we send conservative-first candidates to you, you send surgical-escalation candidates to our spine surgeons; both get seen same-week. ASK: make us your default for the next back/neck patient; leave named coordinator + direct line."
31b0544c-cc2c-4479-9df9-b11748ecefc7,Northpointe Pediatrics,Kristen,Tier 1,Wave 2,Pediatrics,One Spine Patient,1,4,"Deanna Denysenko, DO (1 spine) · Allison Engel, MD (1 ortho) · Peter J Francis, MD (1 ortho)",12,PEDS,Pediatric panel — low spine fit regardless of payer,Heuristic — intake (Kelly) verifies Tier 1 first; NOT confirmed,Note: pediatric panel — spine fit is low; adult family/staff referrals only.,"Thank you for trusting us with the care of your patients (Dr. Denysenko's referrals especially). OPEN: how was the experience on the spine patient you sent? MESSAGE: that same pathway works every time — for adolescent spine concerns (scoliosis, spondylolysis in athletes) we offer specialist evaluation — and adult family members get same-week access. ASK: make us your default for the next back/neck patient; leave named coordinator + direct line."
1255427209,Swetech Medical Center,Kristen,Tier 1,Wave 2,PCP,One Spine Patient,1,2,"Jonathan Swetech, DO (1 spine) · Maria Swetech, MD",9,COMM-LIKELY,PCP — commercial/Medicare-likely; confirm HMO share (BCN/HAP/McLaren/Priority HMO need PCP referral — we handle that),Heuristic — verify — intake (Kelly) verifies Tier 1 first; NOT confirmed,Payer: commercial/Medicare-likely — HMO referrals handled with your staff.,"Thank you for trusting us with the care of your patients (Dr. Swetech's referrals especially). OPEN: how was the experience on the spine patient you sent? MESSAGE: that same pathway works every time — your patients with back or neck pain get seen the same week — imaging, conservative care, interventional and surgical under one roof, and we handle HMO referral paperwork with your staff. ASK: make us your default for the next back/neck patient; leave named coordinator + direct line."
48d727c6-d942-4dbb-b457-0839ac8e1b68,Corwell health orthopedics Canton,Jasmine,Tier 1,Wave 1,Orthopedic,One Spine Patient,1,1,"Khalid Odeh, MD (1 spine)",3,COMM-LIKELY,Private specialty practice — commercial/Medicare-likely (QUALIFIED); confirm,Heuristic — verify — intake (Kelly) verifies Tier 1 first; NOT confirmed,Payer: commercial/Medicare-likely — HMO referrals handled with your staff.,"Thank you for trusting us with the care of your patients (Dr. Odeh's referrals especially). OPEN: how was the experience on the spine patient you sent? MESSAGE: that same pathway works every time — for the spine cases outside your scope, we co-manage: your patient stays yours, our spine team handles just the spine problem, notes back to you every visit. ASK: make us your default for the next back/neck patient; leave named coordinator + direct line."
73107e68-fc7f-46d0-bef4-ee26e9dc0099,Lakes Urgent Care - Livonia,Jasmine,Tier 1,Wave 1,Urgent Care,One Spine Patient,1,32,Lakes Urgent Care (1 spine) · Lakes Urgent Care Livonia (1 ortho),2,MIXED-WALKIN,Walk-in panel — mixed payers; qualified with intake screening,Heuristic — verify — intake (Kelly) verifies Tier 1 first; NOT confirmed,Payer: walk-in mix — intake screens each referral; commercial/Medicare flow same-week.,"Thank you for trusting us with the care of your patients (Lakes Urgent Care's referrals especially). OPEN: how was the experience on the spine patient you sent? MESSAGE: that same pathway works every time — an acute back/neck pathway: your discharge sheet can book a spine evaluation the same week — one number, we take it from there. ASK: make us your default for the next back/neck patient; leave named coordinator + direct line."
1093985145,Bay Area Family Physicians,Coty,Tier 1,Wave 1,PCP,One Spine Patient,1,1,"Eileen Hopman, MD (1 spine)",11,COMM-LIKELY,PCP — commercial/Medicare-likely; confirm HMO share (BCN/HAP/McLaren/Priority HMO need PCP referral — we handle that),Heuristic — verify — intake (Kelly) verifies Tier 1 first; NOT confirmed,Payer: commercial/Medicare-likely — HMO referrals handled with your staff.,"Thank you for trusting us with the care of your patients (Dr. Hopman's referrals especially). OPEN: how was the experience on the spine patient you sent? MESSAGE: that same pathway works every time — your patients with back or neck pain get seen the same week — imaging, conservative care, interventional and surgical under one roof, and we handle HMO referral paperwork with your staff. ASK: make us your default for the next back/neck patient; leave named coordinator + direct line."
1760473094,Madison Medical Arts,Coty,Tier 1,Wave 1,PCP,One Spine Patient,1,1,"Robert Hasbany, MD (1 spine)",2,COMM-LIKELY,PCP — commercial/Medicare-likely; confirm HMO share (BCN/HAP/McLaren/Priority HMO need PCP referral — we handle that),Heuristic — verify — intake (Kelly) verifies Tier 1 first; NOT confirmed,Payer: commercial/Medicare-likely — HMO referrals handled with your staff.,"Thank you for trusting us with the care of your patients (Dr. Hasbany's referrals especially). OPEN: how was the experience on the spine patient you sent? MESSAGE: that same pathway works every time — your patients with back or neck pain get seen the same week — imaging, conservative care, interventional and surgical under one roof, and we handle HMO referral paperwork with your staff. ASK: make us your default for the next back/neck patient; leave named coordinator + direct line."
7250fa4c-09c2-418b-94d4-8badec5b77f7,North Macomb Medical Associates,Coty,Tier 1,Wave 1,PCP,One Spine Patient,1,1,"Sarah Weymouth, PA-C (1 spine)",7,COMM-LIKELY,PCP — commercial/Medicare-likely; confirm HMO share (BCN/HAP/McLaren/Priority HMO need PCP referral — we handle that),Heuristic — verify — intake (Kelly) verifies Tier 1 first; NOT confirmed,Payer: commercial/Medicare-likely — HMO referrals handled with your staff.,"Thank you for trusting us with the care of your patients (Sarah Weymouth's referrals especially). OPEN: how was the experience on the spine patient you sent? MESSAGE: that same pathway works every time — your patients with back or neck pain get seen the same week — imaging, conservative care, interventional and surgical under one roof, and we handle HMO referral paperwork with your staff. ASK: make us your default for the next back/neck patient; leave named coordinator + direct line."
b1e60538-ff76-457b-a530-3647907b307b,Office of Josephine A. Iskander MD,Coty,Tier 1,Wave 1,PCP,One Spine Patient,1,1,"Josephine Iskander, MD (1 spine)",1,COMM-LIKELY,PCP — commercial/Medicare-likely; confirm HMO share (BCN/HAP/McLaren/Priority HMO need PCP referral — we handle that),Heuristic — verify — intake (Kelly) verifies Tier 1 first; NOT confirmed,Payer: commercial/Medicare-likely — HMO referrals handled with your staff.,"Thank you for trusting us with the care of your patients (Dr. Iskander's referrals especially). OPEN: how was the experience on the spine patient you sent? MESSAGE: that same pathway works every time — your patients with back or neck pain get seen the same week — imaging, conservative care, interventional and surgical under one roof, and we handle HMO referral paperwork with your staff. ASK: make us your default for the next back/neck patient; leave named coordinator + direct line."
f9518cc9-e8e8-4517-8250-4768d176ee8c,Sudha Nannapaneni MD,Coty,Tier 1,Wave 1,PCP,One Spine Patient,1,1,"Sudha Nannapaneni, MD (1 spine)",1,COMM-LIKELY,PCP — commercial/Medicare-likely; confirm HMO share (BCN/HAP/McLaren/Priority HMO need PCP referral — we handle that),Heuristic — verify — intake (Kelly) verifies Tier 1 first; NOT confirmed,Payer: commercial/Medicare-likely — HMO referrals handled with your staff.,"Thank you for trusting us with the care of your patients (Dr. Nannapaneni's referrals especially). OPEN: how was the experience on the spine patient you sent? MESSAGE: that same pathway works every time — your patients with back or neck pain get seen the same week — imaging, conservative care, interventional and surgical under one roof, and we handle HMO referral paperwork with your staff. ASK: make us your default for the next back/neck patient; leave named coordinator + direct line."
ff61f8fa-5169-42e7-aafe-f189027c5f3a,ARBOR LANE FAMILY PHYSICIANS,Kristen,Tier 1,Wave 2,PCP,One Spine Patient,1,2,"Basil Abdo, MD (1 spine)",2,COMM-LIKELY,PCP — commercial/Medicare-likely; confirm HMO share (BCN/HAP/McLaren/Priority HMO need PCP referral — we handle that),Heuristic — verify — intake (Kelly) verifies Tier 1 first; NOT confirmed,Payer: commercial/Medicare-likely — HMO referrals handled with your staff.,"Thank you for trusting us with the care of your patients (Dr. Abdo's referrals especially). OPEN: how was the experience on the spine patient you sent? MESSAGE: that same pathway works every time — your patients with back or neck pain get seen the same week — imaging, conservative care, interventional and surgical under one roof, and we handle HMO referral paperwork with your staff. ASK: make us your default for the next back/neck patient; leave named coordinator + direct line."
5eb6a409-5e7b-430f-a462-af3a919cfc22,Corewell Internal Medicine Southfield,Kristen,Tier 1,Wave 2,PCP,One Spine Patient,1,1,"Adrian Laith Michel, MD (1 spine)",11,MIXED-SYSTEM,Hospital-system site — mixed commercial + Medicare + some Medicaid; qualified with intake screening,Heuristic — verify — intake (Kelly) verifies Tier 1 first; NOT confirmed,Payer: mixed panel — screen at intake; HMO plans need PCP referral (we assist).,"Thank you for trusting us with the care of your patients (Dr. Michel's referrals especially). OPEN: how was the experience on the spine patient you sent? MESSAGE: that same pathway works every time — your patients with back or neck pain get seen the same week — imaging, conservative care, interventional and surgical under one roof, and we handle HMO referral paperwork with your staff. ASK: make us your default for the next back/neck patient; leave named coordinator + direct line."
a6779fd4-289a-49f7-8602-76dc1bf5764c,DEIGHTON FAMILY PRACTICE - use this one,Kristen,Tier 1,Wave 2,PCP,One Spine Patient,1,3,"Hamzah Badreddine, MD (1 spine)",26,COMM-LIKELY,PCP — commercial/Medicare-likely; confirm HMO share (BCN/HAP/McLaren/Priority HMO need PCP referral — we handle that),Heuristic — verify — intake (Kelly) verifies Tier 1 first; NOT confirmed,Payer: commercial/Medicare-likely — HMO referrals handled with your staff.,"Thank you for trusting us with the care of your patients (Dr. Badreddine's referrals especially). OPEN: how was the experience on the spine patient you sent? MESSAGE: that same pathway works every time — your patients with back or neck pain get seen the same week — imaging, conservative care, interventional and surgical under one roof, and we handle HMO referral paperwork with your staff. ASK: make us your default for the next back/neck patient; leave named coordinator + direct line."
f4a7f5a0-d8e0-49ff-874a-04f12057fc5f,"FAMILY CARE CENTER OF HAMTRAMCK, PC",Kristen,Tier 1,Wave 2,PCP,One Spine Patient,1,4,"Meenakshi Sharma, MD (1 spine) · Bhupesh Sharma, MD (2 ortho)",2,COMM-LIKELY,PCP — commercial/Medicare-likely; confirm HMO share (BCN/HAP/McLaren/Priority HMO need PCP referral — we handle that),Heuristic — verify — intake (Kelly) verifies Tier 1 first; NOT confirmed,Payer: commercial/Medicare-likely — HMO referrals handled with your staff.,"Thank you for trusting us with the care of your patients (Dr. Sharma's referrals especially). OPEN: how was the experience on the spine patient you sent? MESSAGE: that same pathway works every time — your patients with back or neck pain get seen the same week — imaging, conservative care, interventional and surgical under one roof, and we handle HMO referral paperwork with your staff. ASK: make us your default for the next back/neck patient; leave named coordinator + direct line."
9021dee7-1935-4acc-9d3e-63f9e919459d,HENRY FORD MEDICAL CENTER FARMINGTON ROAD INTERNAL MEDICINE,Kristen,Tier 1,Wave 2,PCP,One Spine Patient,1,2,"Jeffrey Finn, MD (1 spine) · Rashid Alsabeh, MD",10,MIXED-SYSTEM,Hospital-system site — mixed commercial + Medicare + some Medicaid; qualified with intake screening,Heuristic — verify — intake (Kelly) verifies Tier 1 first; NOT confirmed,Payer: mixed panel — screen at intake; HMO plans need PCP referral (we assist).,"Thank you for trusting us with the care of your patients (Dr. Finn's referrals especially). OPEN: how was the experience on the spine patient you sent? MESSAGE: that same pathway works every time — your patients with back or neck pain get seen the same week — imaging, conservative care, interventional and surgical under one roof, and we handle HMO referral paperwork with your staff. ASK: make us your default for the next back/neck patient; leave named coordinator + direct line."
b257a3dd-4296-4f0d-89f2-7d9f845a231e,John Mullally MD PC,Kristen,Tier 1,Wave 2,PCP,One Spine Patient,1,2,"John Mullally, MD (1 spine)",1,COMM-LIKELY,PCP — commercial/Medicare-likely; confirm HMO share (BCN/HAP/McLaren/Priority HMO need PCP referral — we handle that),Heuristic — verify — intake (Kelly) verifies Tier 1 first; NOT confirmed,Payer: commercial/Medicare-likely — HMO referrals handled with your staff.,"Thank you for trusting us with the care of your patients (Dr. Mullally's referrals especially). OPEN: how was the experience on the spine patient you sent? MESSAGE: that same pathway works every time — your patients with back or neck pain get seen the same week — imaging, conservative care, interventional and surgical under one roof, and we handle HMO referral paperwork with your staff. ASK: make us your default for the next back/neck patient; leave named coordinator + direct line."
e91e6824-c768-4d8f-a1d0-2c6cb005cc47,Lexington Family Medicine,Kristen,Tier 1,Wave 2,PCP,One Spine Patient,1,1,Christie S Laming (1 spine),3,COMM-LIKELY,PCP — commercial/Medicare-likely; confirm HMO share (BCN/HAP/McLaren/Priority HMO need PCP referral — we handle that),Heuristic — verify — intake (Kelly) verifies Tier 1 first; NOT confirmed,Payer: commercial/Medicare-likely — HMO referrals handled with your staff.,"Thank you for trusting us with the care of your patients (Christie S Laming's referrals especially). OPEN: how was the experience on the spine patient you sent? MESSAGE: that same pathway works every time — your patients with back or neck pain get seen the same week — imaging, conservative care, interventional and surgical under one roof, and we handle HMO referral paperwork with your staff. ASK: make us your default for the next back/neck patient; leave named coordinator + direct line."
ea3dd183-15b5-491c-b6b5-55d6404f4a22,Lupo Chiropractic Center,Kristen,Tier 1,Wave 2,Chiropractor,One Spine Patient,1,1,Jeffrey Lupo (1 spine),9,COMM-WCPI,Chiro — commercial + WC/PI mix (QUALIFIED); screen auto/WC liens,Heuristic — verify — intake (Kelly) verifies Tier 1 first; NOT confirmed,Payer: commercial + auto/WC liens welcome; screen Medicaid share.,"Thank you for trusting us with the care of your patients (Jeffrey Lupo's referrals especially). OPEN: how was the experience on the spine patient you sent? MESSAGE: that same pathway works every time — co-management for patients who plateau — imaging access, interventional options, surgical consults when warranted, and every patient returns to your care plan with notes. ASK: make us your default for the next back/neck patient; leave named coordinator + direct line."
3a600778-0104-4e04-b9d4-feb46e567bd7,Mitchell Medical Center,Kristen,Tier 1,Wave 2,PCP,One Spine Patient,1,8,"Katherine Blackwell, PA (1 spine)",9,COMM-LIKELY,PCP — commercial/Medicare-likely; confirm HMO share (BCN/HAP/McLaren/Priority HMO need PCP referral — we handle that),Heuristic — verify — intake (Kelly) verifies Tier 1 first; NOT confirmed,Payer: commercial/Medicare-likely — HMO referrals handled with your staff.,"Thank you for trusting us with the care of your patients (Katherine Blackwell's referrals especially). OPEN: how was the experience on the spine patient you sent? MESSAGE: that same pathway works every time — your patients with back or neck pain get seen the same week — imaging, conservative care, interventional and surgical under one roof, and we handle HMO referral paperwork with your staff. ASK: make us your default for the next back/neck patient; leave named coordinator + direct line."
ba00dba0-20f9-440b-8df0-799ade91a785,ORCHARD PRIMARY CARE,Kristen,Tier 1,Wave 2,PCP,One Spine Patient,1,1,"Meghna Pathak, MD (1 spine)",3,COMM-LIKELY,PCP — commercial/Medicare-likely; confirm HMO share (BCN/HAP/McLaren/Priority HMO need PCP referral — we handle that),Heuristic — verify — intake (Kelly) verifies Tier 1 first; NOT confirmed,Payer: commercial/Medicare-likely — HMO referrals handled with your staff.,"Thank you for trusting us with the care of your patients (Dr. Pathak's referrals especially). OPEN: how was the experience on the spine patient you sent? MESSAGE: that same pathway works every time — your patients with back or neck pain get seen the same week — imaging, conservative care, interventional and surgical under one roof, and we handle HMO referral paperwork with your staff. ASK: make us your default for the next back/neck patient; leave named coordinator + direct line."
4c053f65-6667-471a-9d5b-ee08b564d031,Physician HealthCare Network Urgent Care and Walk In- Fort Gratiot,Kristen,Tier 1,Wave 2,Urgent Care,One Spine Patient,1,15,"Christopher Borgiel, MD (1 spine) · Stacie Hill, PA-C (4 ortho) · Daniel C Souphis, DO (3 ortho) · Farrukh Zaman Naqvi, MD (1 ortho)",5,MIXED-WALKIN,Walk-in panel — mixed payers; qualified with intake screening,Heuristic — verify — intake (Kelly) verifies Tier 1 first; NOT confirmed,Payer: walk-in mix — intake screens each referral; commercial/Medicare flow same-week.,"Thank you for trusting us with the care of your patients (Dr. Borgiel's referrals especially). OPEN: how was the experience on the spine patient you sent? MESSAGE: that same pathway works every time — an acute back/neck pathway: your discharge sheet can book a spine evaluation the same week — one number, we take it from there. ASK: make us your default for the next back/neck patient; leave named coordinator + direct line."
f5f4f354-94f3-42a1-a3be-10f8a64cdaae,"PILLAY INTERNAL MEDICINE ASSOCIATES, PLLC",Kristen,Tier 1,Wave 2,PCP,One Spine Patient,1,3,"Jeet N Pillay, MD (1 spine)",3,COMM-LIKELY,PCP — commercial/Medicare-likely; confirm HMO share (BCN/HAP/McLaren/Priority HMO need PCP referral — we handle that),Heuristic — verify — intake (Kelly) verifies Tier 1 first; NOT confirmed,Payer: commercial/Medicare-likely — HMO referrals handled with your staff.,"Thank you for trusting us with the care of your patients (Dr. Pillay's referrals especially). OPEN: how was the experience on the spine patient you sent? MESSAGE: that same pathway works every time — your patients with back or neck pain get seen the same week — imaging, conservative care, interventional and surgical under one roof, and we handle HMO referral paperwork with your staff. ASK: make us your default for the next back/neck patient; leave named coordinator + direct line."
1245235654,Port Huron Medicine Associates,Kristen,Tier 1,Wave 2,PCP,One Spine Patient,1,6,"Cheryl Canto, MD (1 spine) · Pa-c Ashley Richardson (1 ortho)",8,COMM-LIKELY,PCP — commercial/Medicare-likely; confirm HMO share (BCN/HAP/McLaren/Priority HMO need PCP referral — we handle that),Heuristic — verify — intake (Kelly) verifies Tier 1 first; NOT confirmed,Payer: commercial/Medicare-likely — HMO referrals handled with your staff.,"Thank you for trusting us with the care of your patients (Dr. Canto's referrals especially). OPEN: how was the experience on the spine patient you sent? MESSAGE: that same pathway works every time — your patients with back or neck pain get seen the same week — imaging, conservative care, interventional and surgical under one roof, and we handle HMO referral paperwork with your staff. ASK: make us your default for the next back/neck patient; leave named coordinator + direct line."
97e1431f-4c5b-4ec4-b3a5-47267613937b,Rodnick Chiropractic,Kristen,Tier 1,Wave 2,Chiropractor,One Spine Patient,1,1,Alex Rodnick (1 spine),7,COMM-WCPI,Chiro — commercial + WC/PI mix (QUALIFIED); screen auto/WC liens,Heuristic — verify — intake (Kelly) verifies Tier 1 first; NOT confirmed,Payer: commercial + auto/WC liens welcome; screen Medicaid share.,"Thank you for trusting us with the care of your patients (Alex Rodnick's referrals especially). OPEN: how was the experience on the spine patient you sent? MESSAGE: that same pathway works every time — co-management for patients who plateau — imaging access, interventional options, surgical consults when warranted, and every patient returns to your care plan with notes. ASK: make us your default for the next back/neck patient; leave named coordinator + direct line."
7c32d0b4-c83f-4756-924c-9c8c74996a39,SHEIKH MEDICAL CENTER,Kristen,Tier 1,Wave 2,PCP,One Spine Patient,1,2,"Mohammad I Sheikh (1 spine) · Mary A Cameron, MD (1 ortho)",4,COMM-LIKELY,PCP — commercial/Medicare-likely; confirm HMO share (BCN/HAP/McLaren/Priority HMO need PCP referral — we handle that),Heuristic — verify — intake (Kelly) verifies Tier 1 first; NOT confirmed,Payer: commercial/Medicare-likely — HMO referrals handled with your staff.,"Thank you for trusting us with the care of your patients (Mohammad I Sheikh's referrals especially). OPEN: how was the experience on the spine patient you sent? MESSAGE: that same pathway works every time — your patients with back or neck pain get seen the same week — imaging, conservative care, interventional and surgical under one roof, and we handle HMO referral paperwork with your staff. ASK: make us your default for the next back/neck patient; leave named coordinator + direct line."
297a710c-01f5-41e0-9ffc-d1df69e9329d,SOUTHFIELD MEDICAL CLINIC AND PREMIER URGENT CARE AND WALK IN CLINIC,Kristen,Tier 1,Wave 2,Urgent Care,One Spine Patient,1,1,"Mansour MD, Yousif S/Ross Law (1 spine)",3,MIXED-WALKIN,Walk-in panel — mixed payers; qualified with intake screening,Heuristic — verify — intake (Kelly) verifies Tier 1 first; NOT confirmed,Payer: walk-in mix — intake screens each referral; commercial/Medicare flow same-week.,"Thank you for trusting us with the care of your patients (Mansour MD's referrals especially). OPEN: how was the experience on the spine patient you sent? MESSAGE: that same pathway works every time — an acute back/neck pathway: your discharge sheet can book a spine evaluation the same week — one number, we take it from there. ASK: make us your default for the next back/neck patient; leave named coordinator + direct line."
940f0098-7ee4-47be-9425-5cd4bbc4dd0f,Team Rehabilitation  - Washington,Kristen,Tier 1,Wave 2,PT,One Spine Patient,1,2,"Dave Genoff D, PT (1 spine) · Rami Maasri D, PT (1 ortho)",6,COMM-LIKELY,Private specialty practice — commercial/Medicare-likely (QUALIFIED); confirm,Heuristic — verify — intake (Kelly) verifies Tier 1 first; NOT confirmed,Payer: commercial/Medicare-likely — HMO referrals handled with your staff.,"Thank you for trusting us with the care of your patients (Dave Genoff D's referrals especially). OPEN: how was the experience on the spine patient you sent? MESSAGE: that same pathway works every time — for patients whose progress stalls, a spine consult with imaging same-week — then straight back to your plan of care with clear notes. ASK: make us your default for the next back/neck patient; leave named coordinator + direct line."
1255345930,Village Medical - Northville West,Kristen,Tier 1,Wave 2,PCP,One Spine Patient,1,1,"Nader Demeri, MD (1 spine)",6,COMM-LIKELY,PCP — commercial/Medicare-likely; confirm HMO share (BCN/HAP/McLaren/Priority HMO need PCP referral — we handle that),Heuristic — verify — intake (Kelly) verifies Tier 1 first; NOT confirmed,Payer: commercial/Medicare-likely — HMO referrals handled with your staff.,"Thank you for trusting us with the care of your patients (Dr. Demeri's referrals especially). OPEN: how was the experience on the spine patient you sent? MESSAGE: that same pathway works every time — your patients with back or neck pain get seen the same week — imaging, conservative care, interventional and surgical under one roof, and we handle HMO referral paperwork with your staff. ASK: make us your default for the next back/neck patient; leave named coordinator + direct line."
1da57554-aa50-483a-b1a8-060ff843ff7c,Wigod & Falzon,Kristen,Tier 1,Wave 2,Attorney / Legal,One Spine Patient,1,1,Wigod and Falzon (1 spine),6,WC-AUTO,"WC / Auto No-Fault — commercial-equivalent, no referral needed (QUALIFIED)",Rule (payer taxonomy) — confirm case mix on visit — intake (Kelly) verifies Tier 1 first; NOT confirmed,"Payer: auto no-fault + WC accepted, no referral, no copay.","Thank you for trusting us with the care of your patients (Wigod and Falzon's team especially). OPEN: service check — are records, scheduling and communication meeting your standard? MESSAGE: auto no-fault and workers' comp spine evaluations with fast scheduling, thorough documentation and clean records turnaround — service only, evaluated on clinical merit. ASK: keep us as the spine evaluation resource for auto/WC clients; leave the direct scheduling line + records turnaround commitment."
ef22f4d0-c253-4bff-8a60-2a5eaa3168df,Yale Community Heath Center - VA Clinic,Kristen,Tier 1,Wave 2,PCP,One Spine Patient,1,22,"Carolyn Richards, PA-C (1 spine) · Melissa Mariutza, NP (5 ortho) · Laura Brosius, NP (4 ortho) · Yale VA (4 ortho) · Michael Parslow, PA (3 ortho) · Tara Deters, PA-C (2 ortho)",6,COMM-LIKELY,PCP — commercial/Medicare-likely; confirm HMO share (BCN/HAP/McLaren/Priority HMO need PCP referral — we handle that),Heuristic — verify — intake (Kelly) verifies Tier 1 first; NOT confirmed,Payer: commercial/Medicare-likely — HMO referrals handled with your staff.,"Thank you for trusting us with the care of your patients (Carolyn Richards's referrals especially). OPEN: how was the experience on the spine patient you sent? MESSAGE: that same pathway works every time — your patients with back or neck pain get seen the same week — imaging, conservative care, interventional and surgical under one roof, and we handle HMO referral paperwork with your staff. ASK: make us your default for the next back/neck patient; leave named coordinator + direct line."
b1a9167c-0bb6-47bd-b50a-ff18a973875f,A1 Family Medicine,Jasmine,Tier 1,Wave 1,PCP,One Spine Patient,1,3,"Purvi Dharia, MD (1 spine)",1,COMM-LIKELY,PCP — commercial/Medicare-likely; confirm HMO share (BCN/HAP/McLaren/Priority HMO need PCP referral — we handle that),Heuristic — verify — intake (Kelly) verifies Tier 1 first; NOT confirmed,Payer: commercial/Medicare-likely — HMO referrals handled with your staff.,"Thank you for trusting us with the care of your patients (Dr. Dharia's referrals especially). OPEN: how was the experience on the spine patient you sent? MESSAGE: that same pathway works every time — your patients with back or neck pain get seen the same week — imaging, conservative care, interventional and surgical under one roof, and we handle HMO referral paperwork with your staff. ASK: make us your default for the next back/neck patient; leave named coordinator + direct line."
1689099f-fc6b-4174-9111-5dce70adbd66,"APOLLO HEALTH SERVICES, PC",Jasmine,Tier 1,Wave 1,PCP,One Spine Patient,1,1,"Sujata Kambhatla, MD (1 spine)",2,COMM-LIKELY,PCP — commercial/Medicare-likely; confirm HMO share (BCN/HAP/McLaren/Priority HMO need PCP referral — we handle that),Heuristic — verify — intake (Kelly) verifies Tier 1 first; NOT confirmed,Payer: commercial/Medicare-likely — HMO referrals handled with your staff.,"Thank you for trusting us with the care of your patients (Dr. Kambhatla's referrals especially). OPEN: how was the experience on the spine patient you sent? MESSAGE: that same pathway works every time — your patients with back or neck pain get seen the same week — imaging, conservative care, interventional and surgical under one roof, and we handle HMO referral paperwork with your staff. ASK: make us your default for the next back/neck patient; leave named coordinator + direct line."
61a031d7-889d-4b90-8391-8647f4be87ec,BEAUMONT FAMILY MEDICINE BELLEVILLE,Jasmine,Tier 1,Wave 1,PCP,One Spine Patient,1,5,"David Julian Szaraz, MD (1 spine) · Chin Yi, MD (3 ortho)",11,MIXED-SYSTEM,Hospital-system site — mixed commercial + Medicare + some Medicaid; qualified with intake screening,Heuristic — verify — intake (Kelly) verifies Tier 1 first; NOT confirmed,Payer: mixed panel — screen at intake; HMO plans need PCP referral (we assist).,"Thank you for trusting us with the care of your patients (Dr. Szaraz's referrals especially). OPEN: how was the experience on the spine patient you sent? MESSAGE: that same pathway works every time — your patients with back or neck pain get seen the same week — imaging, conservative care, interventional and surgical under one roof, and we handle HMO referral paperwork with your staff. ASK: make us your default for the next back/neck patient; leave named coordinator + direct line."
1022591b-a2f2-47ed-a718-e764042f930d,Corewell Health Wayne Hospital Family Medicine -  Canton,Jasmine,Tier 1,Wave 1,PCP,One Spine Patient,1,3,"Mushahid Raza, MD (1 spine) · Iman Choucair, DO",7,MIXED-SYSTEM,Hospital-system site — mixed commercial + Medicare + some Medicaid; qualified with intake screening,Heuristic — verify — intake (Kelly) verifies Tier 1 first; NOT confirmed,Payer: mixed panel — screen at intake; HMO plans need PCP referral (we assist).,"Thank you for trusting us with the care of your patients (Dr. Raza's referrals especially). OPEN: how was the experience on the spine patient you sent? MESSAGE: that same pathway works every time — your patients with back or neck pain get seen the same week — imaging, conservative care, interventional and surgical under one roof, and we handle HMO referral paperwork with your staff. ASK: make us your default for the next back/neck patient; leave named coordinator + direct line."
a7a3d5c1-7a49-46bc-b9ad-08cbe9188e80,"DEARBORN FAMILY CLINIC, PC",Jasmine,Tier 1,Wave 1,Orthopedic,One Spine Patient,1,3,"Howard Wright, DO (1 spine) · Angela Harris, MD (1 ortho)",6,COMM-LIKELY,Private specialty practice — commercial/Medicare-likely (QUALIFIED); confirm,Heuristic — verify — intake (Kelly) verifies Tier 1 first; NOT confirmed,Payer: commercial/Medicare-likely — HMO referrals handled with your staff.,"Thank you for trusting us with the care of your patients (Dr. Wright's referrals especially). OPEN: how was the experience on the spine patient you sent? MESSAGE: that same pathway works every time — for the spine cases outside your scope, we co-manage: your patient stays yours, our spine team handles just the spine problem, notes back to you every visit. ASK: make us your default for the next back/neck patient; leave named coordinator + direct line."
1578685921,Eastpointe Family Physicians,Jasmine,Tier 1,Wave 1,PCP,One Spine Patient,1,4,"Andrea Zinke Fnp Bc (1 spine) · Haley Pope, DO",4,COMM-LIKELY,PCP — commercial/Medicare-likely; confirm HMO share (BCN/HAP/McLaren/Priority HMO need PCP referral — we handle that),Heuristic — verify — intake (Kelly) verifies Tier 1 first; NOT confirmed,Payer: commercial/Medicare-likely — HMO referrals handled with your staff.,"Thank you for trusting us with the care of your patients (Andrea Zinke Fnp Bc's referrals especially). OPEN: how was the experience on the spine patient you sent? MESSAGE: that same pathway works every time — your patients with back or neck pain get seen the same week — imaging, conservative care, interventional and surgical under one roof, and we handle HMO referral paperwork with your staff. ASK: make us your default for the next back/neck patient; leave named coordinator + direct line."
9e6bf540-edd8-4135-9b33-cef5e4fbcc2c,Karma Internists,Jasmine,Tier 1,Wave 1,PCP,One Spine Patient,1,1,"Anvita B Saini, MD (1 spine)",1,COMM-LIKELY,PCP — commercial/Medicare-likely; confirm HMO share (BCN/HAP/McLaren/Priority HMO need PCP referral — we handle that),Heuristic — verify — intake (Kelly) verifies Tier 1 first; NOT confirmed,Payer: commercial/Medicare-likely — HMO referrals handled with your staff.,"Thank you for trusting us with the care of your patients (Dr. Saini's referrals especially). OPEN: how was the experience on the spine patient you sent? MESSAGE: that same pathway works every time — your patients with back or neck pain get seen the same week — imaging, conservative care, interventional and surgical under one roof, and we handle HMO referral paperwork with your staff. ASK: make us your default for the next back/neck patient; leave named coordinator + direct line."
a183eb7c-8d61-4470-8154-52f7dbff87b5,Barry S Meyer DO PC,Coty,Tier 1,Wave 1,PCP,One Spine Patient,1,1,"Barry S Meyer, DO (1 spine)",1,COMM-LIKELY,PCP — commercial/Medicare-likely; confirm HMO share (BCN/HAP/McLaren/Priority HMO need PCP referral — we handle that),Heuristic — verify — intake (Kelly) verifies Tier 1 first; NOT confirmed,Payer: commercial/Medicare-likely — HMO referrals handled with your staff.,"Thank you for trusting us with the care of your patients (Dr. Meyer's referrals especially). OPEN: how was the experience on the spine patient you sent? MESSAGE: that same pathway works every time — your patients with back or neck pain get seen the same week — imaging, conservative care, interventional and surgical under one roof, and we handle HMO referral paperwork with your staff. ASK: make us your default for the next back/neck patient; leave named coordinator + direct line."
8d70ed21-9cc0-4e04-a934-e01ab1155823,Epic Primary Care - Ferndale,Coty,Tier 1,Wave 1,PCP,One Spine Patient,1,4,"Greg S Naman, MD (1 spine) · Susan Tam, DO (1 ortho)",10,COMM-LIKELY,PCP — commercial/Medicare-likely; confirm HMO share (BCN/HAP/McLaren/Priority HMO need PCP referral — we handle that),Heuristic — verify — intake (Kelly) verifies Tier 1 first; NOT confirmed,Payer: commercial/Medicare-likely — HMO referrals handled with your staff.,"Thank you for trusting us with the care of your patients (Dr. Naman's referrals especially). OPEN: how was the experience on the spine patient you sent? MESSAGE: that same pathway works every time — your patients with back or neck pain get seen the same week — imaging, conservative care, interventional and surgical under one roof, and we handle HMO referral paperwork with your staff. ASK: make us your default for the next back/neck patient; leave named coordinator + direct line."
e9338159-c4f0-4329-a188-50fd3d8a5ddb,EPIC Southfield - Telegraph Rd office,Coty,Tier 1,Wave 1,PCP,One Spine Patient,1,4,"Shannon Webster, PAC (1 spine)",11,COMM-LIKELY,PCP — commercial/Medicare-likely; confirm HMO share (BCN/HAP/McLaren/Priority HMO need PCP referral — we handle that),Heuristic — verify — intake (Kelly) verifies Tier 1 first; NOT confirmed,Payer: commercial/Medicare-likely — HMO referrals handled with your staff.,"Thank you for trusting us with the care of your patients (Shannon Webster's referrals especially). OPEN: how was the experience on the spine patient you sent? MESSAGE: that same pathway works every time — your patients with back or neck pain get seen the same week — imaging, conservative care, interventional and surgical under one roof, and we handle HMO referral paperwork with your staff. ASK: make us your default for the next back/neck patient; leave named coordinator + direct line."
1841213436,Henry Ford Macomb Internal Medicine,Coty,Tier 1,Wave 1,PCP,One Spine Patient,1,4,"Katherine Doyle, DO (1 spine) · John C Bochenek, DO (1 ortho)",4,MIXED-SYSTEM,Hospital-system site — mixed commercial + Medicare + some Medicaid; qualified with intake screening,Heuristic — verify — intake (Kelly) verifies Tier 1 first; NOT confirmed,Payer: mixed panel — screen at intake; HMO plans need PCP referral (we assist).,"Thank you for trusting us with the care of your patients (Dr. Doyle's referrals especially). OPEN: how was the experience on the spine patient you sent? MESSAGE: that same pathway works every time — your patients with back or neck pain get seen the same week — imaging, conservative care, interventional and surgical under one roof, and we handle HMO referral paperwork with your staff. ASK: make us your default for the next back/neck patient; leave named coordinator + direct line."
1407867815,Office of Steven Trombly MD,Coty,Tier 1,Wave 1,PCP,One Spine Patient,1,7,"Steven D Trombly, MD (1 spine)",1,COMM-LIKELY,PCP — commercial/Medicare-likely; confirm HMO share (BCN/HAP/McLaren/Priority HMO need PCP referral — we handle that),Heuristic — verify — intake (Kelly) verifies Tier 1 first; NOT confirmed,Payer: commercial/Medicare-likely — HMO referrals handled with your staff.,"Thank you for trusting us with the care of your patients (Dr. Trombly's referrals especially). OPEN: how was the experience on the spine patient you sent? MESSAGE: that same pathway works every time — your patients with back or neck pain get seen the same week — imaging, conservative care, interventional and surgical under one roof, and we handle HMO referral paperwork with your staff. ASK: make us your default for the next back/neck patient; leave named coordinator + direct line."
c82c9d5d-f644-42a6-8149-43868624eb50,Rochester Medical Group,Coty,Tier 1,Wave 1,PCP,One Spine Patient,1,1,"Jason Hawkins, DO (1 spine)",9,COMM-LIKELY,PCP — commercial/Medicare-likely; confirm HMO share (BCN/HAP/McLaren/Priority HMO need PCP referral — we handle that),Heuristic — verify — intake (Kelly) verifies Tier 1 first; NOT confirmed,Payer: commercial/Medicare-likely — HMO referrals handled with your staff.,"Thank you for trusting us with the care of your patients (Dr. Hawkins's referrals especially). OPEN: how was the experience on the spine patient you sent? MESSAGE: that same pathway works every time — your patients with back or neck pain get seen the same week — imaging, conservative care, interventional and surgical under one roof, and we handle HMO referral paperwork with your staff. ASK: make us your default for the next back/neck patient; leave named coordinator + direct line."
8c808cf3-9148-4a0b-8ea0-2d0882a9424e,Specialists in Rehabilitation Medicine,Coty,Tier 1,Wave 1,Orthopedic,One Spine Patient,1,1,"Steven Arbit, MD (1 spine)",7,COMM-LIKELY,Private specialty practice — commercial/Medicare-likely (QUALIFIED); confirm,Heuristic — verify — intake (Kelly) verifies Tier 1 first; NOT confirmed,Payer: commercial/Medicare-likely — HMO referrals handled with your staff.,"Thank you for trusting us with the care of your patients (Dr. Arbit's referrals especially). OPEN: how was the experience on the spine patient you sent? MESSAGE: that same pathway works every time — for the spine cases outside your scope, we co-manage: your patient stays yours, our spine team handles just the spine problem, notes back to you every visit. ASK: make us your default for the next back/neck patient; leave named coordinator + direct line."
42b038b0-949b-46be-8843-e02868bb894a,Center For Hollistic Medicine,Kristen,Tier 1,Wave 2,Other / Verify,One Spine Patient,1,1,"Hailey L Brownstein, DO (1 spine)",7,COMM-LIKELY,Private specialty practice — commercial/Medicare-likely (QUALIFIED); confirm,Heuristic — verify — intake (Kelly) verifies Tier 1 first; NOT confirmed,Payer: commercial/Medicare-likely — HMO referrals handled with your staff.,"Thank you for trusting us with the care of your patients (Dr. Brownstein's referrals especially). OPEN: how was the experience on the spine patient you sent? MESSAGE: that same pathway works every time — same-week spine evaluation pathway — conservative first, surgery only when warranted. ASK: make us your default for the next back/neck patient; leave named coordinator + direct line."
eab7d954-a523-466a-a75b-3eca7bf9c6d0,CoreMed - Commerce,Kristen,Tier 1,Wave 2,PCP,One Spine Patient,1,1,"Kelsey Skelton, PA-C (1 spine)",3,COMM-LIKELY,PCP — commercial/Medicare-likely; confirm HMO share (BCN/HAP/McLaren/Priority HMO need PCP referral — we handle that),Heuristic — verify — intake (Kelly) verifies Tier 1 first; NOT confirmed,Payer: commercial/Medicare-likely — HMO referrals handled with your staff.,"Thank you for trusting us with the care of your patients (Kelsey Skelton's referrals especially). OPEN: how was the experience on the spine patient you sent? MESSAGE: that same pathway works every time — your patients with back or neck pain get seen the same week — imaging, conservative care, interventional and surgical under one roof, and we handle HMO referral paperwork with your staff. ASK: make us your default for the next back/neck patient; leave named coordinator + direct line."
4de0cfd4-93f7-4efa-a4ed-25a3ceaf173b,Greg Monroe DO PC,Kristen,Tier 1,Wave 2,PCP,One Spine Patient,1,1,"Gregory Monroe, DO (1 spine)",1,COMM-LIKELY,PCP — commercial/Medicare-likely; confirm HMO share (BCN/HAP/McLaren/Priority HMO need PCP referral — we handle that),Heuristic — verify — intake (Kelly) verifies Tier 1 first; NOT confirmed,Payer: commercial/Medicare-likely — HMO referrals handled with your staff.,"Thank you for trusting us with the care of your patients (Dr. Monroe's referrals especially). OPEN: how was the experience on the spine patient you sent? MESSAGE: that same pathway works every time — your patients with back or neck pain get seen the same week — imaging, conservative care, interventional and surgical under one roof, and we handle HMO referral paperwork with your staff. ASK: make us your default for the next back/neck patient; leave named coordinator + direct line."
905d0bbb-d935-4258-8a1e-2e30d0a25987,IHA UNION LAKE PEDIATRICS,Kristen,Tier 1,Wave 2,Pediatrics,One Spine Patient,1,1,Courtney Elyse Palka (1 spine),4,PEDS,Pediatric panel — low spine fit regardless of payer,Heuristic — intake (Kelly) verifies Tier 1 first; NOT confirmed,Note: pediatric panel — spine fit is low; adult family/staff referrals only.,"Thank you for trusting us with the care of your patients (Courtney Elyse Palka's referrals especially). OPEN: how was the experience on the spine patient you sent? MESSAGE: that same pathway works every time — for adolescent spine concerns (scoliosis, spondylolysis in athletes) we offer specialist evaluation — and adult family members get same-week access. ASK: make us your default for the next back/neck patient; leave named coordinator + direct line."
85043f4d-a0d7-448b-9a3d-e0943de69dd8,Jian Zu MD,Kristen,Tier 1,Wave 2,PCP,One Spine Patient,1,1,"Jian Zu, MD (1 spine)",1,COMM-LIKELY,PCP — commercial/Medicare-likely; confirm HMO share (BCN/HAP/McLaren/Priority HMO need PCP referral — we handle that),Heuristic — verify — intake (Kelly) verifies Tier 1 first; NOT confirmed,Payer: commercial/Medicare-likely — HMO referrals handled with your staff.,"Thank you for trusting us with the care of your patients (Dr. Zu's referrals especially). OPEN: how was the experience on the spine patient you sent? MESSAGE: that same pathway works every time — your patients with back or neck pain get seen the same week — imaging, conservative care, interventional and surgical under one roof, and we handle HMO referral paperwork with your staff. ASK: make us your default for the next back/neck patient; leave named coordinator + direct line."
6a6a4408-2a28-4e5b-aea6-b70d4b47d57c,Legacy Family Care,Kristen,Tier 1,Wave 2,PCP,One Spine Patient,1,1,"Heather Koza, MD (1 spine)",1,COMM-LIKELY,PCP — commercial/Medicare-likely; confirm HMO share (BCN/HAP/McLaren/Priority HMO need PCP referral — we handle that),Heuristic — verify — intake (Kelly) verifies Tier 1 first; NOT confirmed,Payer: commercial/Medicare-likely — HMO referrals handled with your staff.,"Thank you for trusting us with the care of your patients (Dr. Koza's referrals especially). OPEN: how was the experience on the spine patient you sent? MESSAGE: that same pathway works every time — your patients with back or neck pain get seen the same week — imaging, conservative care, interventional and surgical under one roof, and we handle HMO referral paperwork with your staff. ASK: make us your default for the next back/neck patient; leave named coordinator + direct line."
d62a30ae-10fe-4408-a2cc-7b0aa9422bb8,"MARY LEE, MD, PC",Kristen,Tier 1,Wave 2,PCP,One Spine Patient,1,3,"Mary S Lee, MD (1 spine)",1,COMM-LIKELY,PCP — commercial/Medicare-likely; confirm HMO share (BCN/HAP/McLaren/Priority HMO need PCP referral — we handle that),Heuristic — verify — intake (Kelly) verifies Tier 1 first; NOT confirmed,Payer: commercial/Medicare-likely — HMO referrals handled with your staff.,"Thank you for trusting us with the care of your patients (Dr. Lee's referrals especially). OPEN: how was the experience on the spine patient you sent? MESSAGE: that same pathway works every time — your patients with back or neck pain get seen the same week — imaging, conservative care, interventional and surgical under one roof, and we handle HMO referral paperwork with your staff. ASK: make us your default for the next back/neck patient; leave named coordinator + direct line."
9db7de95-514d-45c7-8a73-449a08d1d590,Providence Park Pediatrics - Novi,Kristen,Tier 1,Wave 2,Pediatrics,One Spine Patient,1,6,"Mala Gaind, MD (1 spine) · Melissa Hoisington, MD (1 ortho) · Ada Kendall, MD (1 ortho) · Lili Levy, MD (1 ortho) · Marcia J Newcombe, MD (1 ortho)",11,PEDS,Pediatric panel — low spine fit regardless of payer,Heuristic — intake (Kelly) verifies Tier 1 first; NOT confirmed,Note: pediatric panel — spine fit is low; adult family/staff referrals only.,"Thank you for trusting us with the care of your patients (Dr. Gaind's referrals especially). OPEN: how was the experience on the spine patient you sent? MESSAGE: that same pathway works every time — for adolescent spine concerns (scoliosis, spondylolysis in athletes) we offer specialist evaluation — and adult family members get same-week access. ASK: make us your default for the next back/neck patient; leave named coordinator + direct line."
a1394f28-7761-4612-ab27-23681dcadac0,"TONI BALLITCH TRATE, DO, PC",Kristen,Tier 1,Wave 2,PCP,One Spine Patient,1,2,"Toni Trate, DO (1 spine)",1,COMM-LIKELY,PCP — commercial/Medicare-likely; confirm HMO share (BCN/HAP/McLaren/Priority HMO need PCP referral — we handle that),Heuristic — verify — intake (Kelly) verifies Tier 1 first; NOT confirmed,Payer: commercial/Medicare-likely — HMO referrals handled with your staff.,"Thank you for trusting us with the care of your patients (Dr. Trate's referrals especially). OPEN: how was the experience on the spine patient you sent? MESSAGE: that same pathway works every time — your patients with back or neck pain get seen the same week — imaging, conservative care, interventional and surgical under one roof, and we handle HMO referral paperwork with your staff. ASK: make us your default for the next back/neck patient; leave named coordinator + direct line."
e7b52c83-5403-4607-98fb-61ffa473ccc4,"TWIN LAKES MEDICAL ASSOCIATES, PC",Kristen,Tier 1,Wave 2,PCP,One Spine Patient,1,1,"Priyesh Patel, MD (1 spine)",1,COMM-LIKELY,PCP — commercial/Medicare-likely; confirm HMO share (BCN/HAP/McLaren/Priority HMO need PCP referral — we handle that),Heuristic — verify — intake (Kelly) verifies Tier 1 first; NOT confirmed,Payer: commercial/Medicare-likely — HMO referrals handled with your staff.,"Thank you for trusting us with the care of your patients (Dr. Patel's referrals especially). OPEN: how was the experience on the spine patient you sent? MESSAGE: that same pathway works every time — your patients with back or neck pain get seen the same week — imaging, conservative care, interventional and surgical under one roof, and we handle HMO referral paperwork with your staff. ASK: make us your default for the next back/neck patient; leave named coordinator + direct line."
03bf4090-11b2-4f44-94a5-662885cce913,Yale Family Care,Kristen,Tier 1,Wave 2,PCP,One Spine Patient,1,2,"Seema K Doshi, MD (1 spine)",1,COMM-LIKELY,PCP — commercial/Medicare-likely; confirm HMO share (BCN/HAP/McLaren/Priority HMO need PCP referral — we handle that),Heuristic — verify — intake (Kelly) verifies Tier 1 first; NOT confirmed,Payer: commercial/Medicare-likely — HMO referrals handled with your staff.,"Thank you for trusting us with the care of your patients (Dr. Doshi's referrals especially). OPEN: how was the experience on the spine patient you sent? MESSAGE: that same pathway works every time — your patients with back or neck pain get seen the same week — imaging, conservative care, interventional and surgical under one roof, and we handle HMO referral paperwork with your staff. ASK: make us your default for the next back/neck patient; leave named coordinator + direct line."
c4cc522a-15ee-4dcb-8312-cc7b7efdf995,Park Medical Center (Medicaid),Jasmine,Tier 1,Wave 1,PCP,One Spine Patient,1,2,"Richard M Brown, DO (1 spine) · Richard Brown (1 ortho)",1,COMM-LIKELY,PCP — commercial/Medicare-likely; confirm HMO share (BCN/HAP/McLaren/Priority HMO need PCP referral — we handle that),Heuristic — verify — intake (Kelly) verifies Tier 1 first; NOT confirmed,Payer: commercial/Medicare-likely — HMO referrals handled with your staff.,"Thank you for trusting us with the care of your patients (Dr. Brown's referrals especially). OPEN: how was the experience on the spine patient you sent? MESSAGE: that same pathway works every time — your patients with back or neck pain get seen the same week — imaging, conservative care, interventional and surgical under one roof, and we handle HMO referral paperwork with your staff. ASK: make us your default for the next back/neck patient; leave named coordinator + direct line."
d4c2e8cb-a4bb-454f-bc5c-8425cff6d293,PelHam Primary Care,Jasmine,Tier 1,Wave 1,PCP,One Spine Patient,1,1,"Talal Khader, MD (1 spine)",1,COMM-LIKELY,PCP — commercial/Medicare-likely; confirm HMO share (BCN/HAP/McLaren/Priority HMO need PCP referral — we handle that),Heuristic — verify — intake (Kelly) verifies Tier 1 first; NOT confirmed,Payer: commercial/Medicare-likely — HMO referrals handled with your staff.,"Thank you for trusting us with the care of your patients (Dr. Khader's referrals especially). OPEN: how was the experience on the spine patient you sent? MESSAGE: that same pathway works every time — your patients with back or neck pain get seen the same week — imaging, conservative care, interventional and surgical under one roof, and we handle HMO referral paperwork with your staff. ASK: make us your default for the next back/neck patient; leave named coordinator + direct line."
cd5ff85f-ef03-49bb-bf33-ee98e3b500ec,Plymouth physical therapy services,Jasmine,Tier 1,Wave 1,PT,One Spine Patient,1,1,"Nicholas Lefere, PT (1 spine)",9,COMM-LIKELY,Private specialty practice — commercial/Medicare-likely (QUALIFIED); confirm,Heuristic — verify — intake (Kelly) verifies Tier 1 first; NOT confirmed,Payer: commercial/Medicare-likely — HMO referrals handled with your staff.,"Thank you for trusting us with the care of your patients (Nicholas Lefere's referrals especially). OPEN: how was the experience on the spine patient you sent? MESSAGE: that same pathway works every time — for patients whose progress stalls, a spine consult with imaging same-week — then straight back to your plan of care with clear notes. ASK: make us your default for the next back/neck patient; leave named coordinator + direct line."
3effe9bc-8576-4eee-ba7e-9bf99eb7d1fa,"TENNY INTERNAL MEDICINE, PLLC",Jasmine,Tier 1,Wave 1,PCP,One Spine Patient,1,3,"Gregory Marcarian, MD (1 spine) · Michelle Levy Fnp-bc (1 ortho)",4,COMM-LIKELY,PCP — commercial/Medicare-likely; confirm HMO share (BCN/HAP/McLaren/Priority HMO need PCP referral — we handle that),Heuristic — verify — intake (Kelly) verifies Tier 1 first; NOT confirmed,Payer: commercial/Medicare-likely — HMO referrals handled with your staff.,"Thank you for trusting us with the care of your patients (Dr. Marcarian's referrals especially). OPEN: how was the experience on the spine patient you sent? MESSAGE: that same pathway works every time — your patients with back or neck pain get seen the same week — imaging, conservative care, interventional and surgical under one roof, and we handle HMO referral paperwork with your staff. ASK: make us your default for the next back/neck patient; leave named coordinator + direct line."
1124006333,Cornerstone Internal Medicine,Coty,Tier 1,Wave 2,PCP,One Spine Patient,1,2,"Massimiliano Vitale, MD (1 spine) · Ferah Adil Dalaly, MD (1 ortho)",3,COMM-LIKELY,PCP — commercial/Medicare-likely; confirm HMO share (BCN/HAP/McLaren/Priority HMO need PCP referral — we handle that),Heuristic — verify — intake (Kelly) verifies Tier 1 first; NOT confirmed,Payer: commercial/Medicare-likely — HMO referrals handled with your staff.,"Thank you for trusting us with the care of your patients (Dr. Vitale's referrals especially). OPEN: how was the experience on the spine patient you sent? MESSAGE: that same pathway works every time — your patients with back or neck pain get seen the same week — imaging, conservative care, interventional and surgical under one roof, and we handle HMO referral paperwork with your staff. ASK: make us your default for the next back/neck patient; leave named coordinator + direct line."
a6831f2e-4f19-4f2d-bdb5-d732d5c81ce7,Epic Healthcare - Southfield,Coty,Tier 1,Wave 2,PCP,One Spine Patient,1,1,Amber S Kalabat Fnp-bc (1 spine),8,COMM-LIKELY,PCP — commercial/Medicare-likely; confirm HMO share (BCN/HAP/McLaren/Priority HMO need PCP referral — we handle that),Heuristic — verify — intake (Kelly) verifies Tier 1 first; NOT confirmed,Payer: commercial/Medicare-likely — HMO referrals handled with your staff.,"Thank you for trusting us with the care of your patients (Amber S Kalabat Fnp-bc's referrals especially). OPEN: how was the experience on the spine patient you sent? MESSAGE: that same pathway works every time — your patients with back or neck pain get seen the same week — imaging, conservative care, interventional and surgical under one roof, and we handle HMO referral paperwork with your staff. ASK: make us your default for the next back/neck patient; leave named coordinator + direct line."
be1474d8-c6ce-4792-bc96-a22bf4ce125d,McLaren Oakland Center for Spine & Pain Management,Coty,Tier 1,Wave 2,Pain,One Spine Patient,1,2,"Ashraf Khan, DO (1 spine)",1,MIXED-SYSTEM,Hospital-system site — mixed commercial + Medicare + some Medicaid; qualified with intake screening,Heuristic — verify — intake (Kelly) verifies Tier 1 first; NOT confirmed,Payer: mixed panel — screen at intake; HMO plans need PCP referral (we assist).,"Thank you for trusting us with the care of your patients (Dr. Khan's referrals especially). OPEN: how was the experience on the spine patient you sent? MESSAGE: that same pathway works every time — two-way partnership — we send conservative-first candidates to you, you send surgical-escalation candidates to our spine surgeons; both get seen same-week. ASK: make us your default for the next back/neck patient; leave named coordinator + direct line."
23fb6135-419b-4880-ae64-4a97e9244f37,Oak Street Health - Eastgate,Coty,Tier 1,Wave 2,PCP,One Spine Patient,1,2,"Kristina Suede, NP (1 spine)",8,COMM-LIKELY,PCP — commercial/Medicare-likely; confirm HMO share (BCN/HAP/McLaren/Priority HMO need PCP referral — we handle that),Heuristic — verify — intake (Kelly) verifies Tier 1 first; NOT confirmed,Payer: commercial/Medicare-likely — HMO referrals handled with your staff.,"Thank you for trusting us with the care of your patients (Kristina Suede's referrals especially). OPEN: how was the experience on the spine patient you sent? MESSAGE: that same pathway works every time — your patients with back or neck pain get seen the same week — imaging, conservative care, interventional and surgical under one roof, and we handle HMO referral paperwork with your staff. ASK: make us your default for the next back/neck patient; leave named coordinator + direct line."
26a4f321-2be3-4d5d-8cf6-335d1fd38f12,Ross Gilders Law,Kristen,Tier 1,Wave 2,Attorney / Legal,One Spine Patient,1,3,Ross Gilders (1 spine) · Ross Gilders Law (1 ortho),2,WC-AUTO,"WC / Auto No-Fault — commercial-equivalent, no referral needed (QUALIFIED)",Rule (payer taxonomy) — confirm case mix on visit — intake (Kelly) verifies Tier 1 first; NOT confirmed,"Payer: auto no-fault + WC accepted, no referral, no copay.","Thank you for trusting us with the care of your patients (Ross Gilders's team especially). OPEN: service check — are records, scheduling and communication meeting your standard? MESSAGE: auto no-fault and workers' comp spine evaluations with fast scheduling, thorough documentation and clean records turnaround — service only, evaluated on clinical merit. ASK: keep us as the spine evaluation resource for auto/WC clients; leave the direct scheduling line + records turnaround commitment."
f7eb2b6e-6864-4576-879b-81a2bb775cb1,Gratiot Family Medicine,Coty,Tier 1,Wave 2,PCP,One Spine Patient,1,1,Darwish Darwish (1 spine),1,COMM-LIKELY,PCP — commercial/Medicare-likely; confirm HMO share (BCN/HAP/McLaren/Priority HMO need PCP referral — we handle that),Heuristic — verify — intake (Kelly) verifies Tier 1 first; NOT confirmed,Payer: commercial/Medicare-likely — HMO referrals handled with your staff.,"Thank you for trusting us with the care of your patients (Darwish Darwish's referrals especially). OPEN: how was the experience on the spine patient you sent? MESSAGE: that same pathway works every time — your patients with back or neck pain get seen the same week — imaging, conservative care, interventional and surgical under one roof, and we handle HMO referral paperwork with your staff. ASK: make us your default for the next back/neck patient; leave named coordinator + direct line."
a8abc02a-95b9-4318-b876-60471f8fff0e,Premiere Pediatrics,Coty,Tier 1,Wave 2,Pediatrics,One Spine Patient,1,1,"Mark William Thomas, MD (1 spine)",5,PEDS,Pediatric panel — low spine fit regardless of payer,Heuristic — intake (Kelly) verifies Tier 1 first; NOT confirmed,Note: pediatric panel — spine fit is low; adult family/staff referrals only.,"Thank you for trusting us with the care of your patients (Dr. Thomas's referrals especially). OPEN: how was the experience on the spine patient you sent? MESSAGE: that same pathway works every time — for adolescent spine concerns (scoliosis, spondylolysis in athletes) we offer specialist evaluation — and adult family members get same-week access. ASK: make us your default for the next back/neck patient; leave named coordinator + direct line."
57c8b393-1204-4def-8cf0-5461a39e5e14,Blue Water Urgent Care,Kristen,Tier 1,Wave 2,Urgent Care,One Spine Patient,1,1,Blue Water Urgent Care (1 spine),0,MIXED-WALKIN,Walk-in panel — mixed payers; qualified with intake screening,Heuristic — verify — intake (Kelly) verifies Tier 1 first; NOT confirmed,Payer: walk-in mix — intake screens each referral; commercial/Medicare flow same-week.,"Thank you for trusting us with the care of your patients (Blue Water Urgent Care's referrals especially). OPEN: how was the experience on the spine patient you sent? MESSAGE: that same pathway works every time — an acute back/neck pathway: your discharge sheet can book a spine evaluation the same week — one number, we take it from there. ASK: make us your default for the next back/neck patient; leave named coordinator + direct line."
1ddf5ef9-8562-4164-9faa-60a49c6aa066,Christensen Law,Kristen,Tier 1,Wave 2,Attorney / Legal,One Spine Patient,1,1,Christensen Law (1 spine),1,WC-AUTO,"WC / Auto No-Fault — commercial-equivalent, no referral needed (QUALIFIED)",Rule (payer taxonomy) — confirm case mix on visit — intake (Kelly) verifies Tier 1 first; NOT confirmed,"Payer: auto no-fault + WC accepted, no referral, no copay.","Thank you for trusting us with the care of your patients (Christensen Law's team especially). OPEN: service check — are records, scheduling and communication meeting your standard? MESSAGE: auto no-fault and workers' comp spine evaluations with fast scheduling, thorough documentation and clean records turnaround — service only, evaluated on clinical merit. ASK: keep us as the spine evaluation resource for auto/WC clients; leave the direct scheduling line + records turnaround commitment."
95ae3078-f17c-44de-af58-d9fc8e58f4de,Dedicated Senior Medical Center - Warren,Jasmine,Tier 2,Wave 2,Orthopedic,Ortho Referrer,0,6,"Afshan Khan, DO (3 ortho) · Charanpreet K Khangura, DO (1 ortho)",8,COMM-LIKELY,Private specialty practice — commercial/Medicare-likely (QUALIFIED); confirm,Heuristic — verify — intake (Kelly) verifies Tier 1 first; NOT confirmed,Payer: commercial/Medicare-likely — HMO referrals handled with your staff.,"Thank you for the patients you've sent. OPEN: you already trust us with ortho. MESSAGE: spine works exactly the same way — for the spine cases outside your scope, we co-manage: your patient stays yours, our spine team handles just the spine problem, notes back to you every visit. ASK: send the next back/neck patient the way you send knees and shoulders."
22476694-35cd-4d2b-b17f-07cee1f1db4b,Henry Ford Health - Family Medicine 8 Mile Livonia,Kristen,Tier 2,Wave 2,PCP,Ortho Referrer,0,5,"Kelly Fitzgibbons, MD (2 ortho) · Joseph V Giannola, MD (1 ortho) · Samantha Cherise Wein, MD (1 ortho) · William Paul White, MD (1 ortho)",10,MIXED-SYSTEM,Hospital-system site — mixed commercial + Medicare + some Medicaid; qualified with intake screening,Heuristic — verify — intake (Kelly) verifies Tier 1 first; NOT confirmed,Payer: mixed panel — screen at intake; HMO plans need PCP referral (we assist).,"Thank you for the patients you've sent. OPEN: you already trust us with ortho. MESSAGE: spine works exactly the same way — your patients with back or neck pain get seen the same week — imaging, conservative care, interventional and surgical under one roof, and we handle HMO referral paperwork with your staff. ASK: send the next back/neck patient the way you send knees and shoulders."
bc73cba3-b59d-4259-8bb7-6129abd353ab,"WAYNE MEDICAL CENTER, PLLC",Kristen,Tier 2,Wave 2,PCP,Ortho Referrer,0,4,"Modini Liyanage, MD (4 ortho)",3,COMM-LIKELY,PCP — commercial/Medicare-likely; confirm HMO share (BCN/HAP/McLaren/Priority HMO need PCP referral — we handle that),Heuristic — verify — intake (Kelly) verifies Tier 1 first; NOT confirmed,Payer: commercial/Medicare-likely — HMO referrals handled with your staff.,"Thank you for the patients you've sent. OPEN: you already trust us with ortho. MESSAGE: spine works exactly the same way — your patients with back or neck pain get seen the same week — imaging, conservative care, interventional and surgical under one roof, and we handle HMO referral paperwork with your staff. ASK: send the next back/neck patient the way you send knees and shoulders."
74e299c3-f9b1-4d54-8e8d-b63af23ba7fd,Corewell Health Family Care of Novi,Jasmine,Tier 2,Wave 2,PCP,Ortho Referrer,0,5,"Medina Kadri, MD (4 ortho) · Rana Zaban, DO (1 ortho)",4,MIXED-SYSTEM,Hospital-system site — mixed commercial + Medicare + some Medicaid; qualified with intake screening,Heuristic — verify — intake (Kelly) verifies Tier 1 first; NOT confirmed,Payer: mixed panel — screen at intake; HMO plans need PCP referral (we assist).,"Thank you for the patients you've sent. OPEN: you already trust us with ortho. MESSAGE: spine works exactly the same way — your patients with back or neck pain get seen the same week — imaging, conservative care, interventional and surgical under one roof, and we handle HMO referral paperwork with your staff. ASK: send the next back/neck patient the way you send knees and shoulders."
f8c5f64c-4cf6-463f-9090-68ac9735f08e,CoreWell Health Family Medicine,Jasmine,Tier 2,Wave 2,PCP,Ortho Referrer,0,10,"Thomas J Ridella, MD (5 ortho) · Amal Alqurneh, DO (2 ortho)",3,MIXED-SYSTEM,Hospital-system site — mixed commercial + Medicare + some Medicaid; qualified with intake screening,Heuristic — verify — intake (Kelly) verifies Tier 1 first; NOT confirmed,Payer: mixed panel — screen at intake; HMO plans need PCP referral (we assist).,"Thank you for the patients you've sent. OPEN: you already trust us with ortho. MESSAGE: spine works exactly the same way — your patients with back or neck pain get seen the same week — imaging, conservative care, interventional and surgical under one roof, and we handle HMO referral paperwork with your staff. ASK: send the next back/neck patient the way you send knees and shoulders."
1c7828ed-eebc-45ad-a838-28fbb2264e48,Corewell Health Wayne Hospital Internal Medicine - Canton,Jasmine,Tier 2,Wave 2,PCP,Ortho Referrer,0,5,"Lily Go, MD (4 ortho) · Raghunath Bandri (1 ortho)",3,MIXED-SYSTEM,Hospital-system site — mixed commercial + Medicare + some Medicaid; qualified with intake screening,Heuristic — verify — intake (Kelly) verifies Tier 1 first; NOT confirmed,Payer: mixed panel — screen at intake; HMO plans need PCP referral (we assist).,"Thank you for the patients you've sent. OPEN: you already trust us with ortho. MESSAGE: spine works exactly the same way — your patients with back or neck pain get seen the same week — imaging, conservative care, interventional and surgical under one roof, and we handle HMO referral paperwork with your staff. ASK: send the next back/neck patient the way you send knees and shoulders."
1548224769,Office of Robert Brateman,Jasmine,Tier 2,Wave 2,PCP,Ortho Referrer,0,5,"Robert Brateman, MD (5 ortho)",2,COMM-LIKELY,PCP — commercial/Medicare-likely; confirm HMO share (BCN/HAP/McLaren/Priority HMO need PCP referral — we handle that),Heuristic — verify — intake (Kelly) verifies Tier 1 first; NOT confirmed,Payer: commercial/Medicare-likely — HMO referrals handled with your staff.,"Thank you for the patients you've sent. OPEN: you already trust us with ortho. MESSAGE: spine works exactly the same way — your patients with back or neck pain get seen the same week — imaging, conservative care, interventional and surgical under one roof, and we handle HMO referral paperwork with your staff. ASK: send the next back/neck patient the way you send knees and shoulders."
f56a8949-cb8d-4abd-8405-0a939eec72d2,Shaun Jayakar MD,Coty,Tier 2,Wave 2,PCP,Ortho Referrer,0,6,"Shaun M Jayakar, MD (5 ortho) · Shaun Jayakar, MD (1 ortho)",3,COMM-LIKELY,PCP — commercial/Medicare-likely; confirm HMO share (BCN/HAP/McLaren/Priority HMO need PCP referral — we handle that),Heuristic — verify — intake (Kelly) verifies Tier 1 first; NOT confirmed,Payer: commercial/Medicare-likely — HMO referrals handled with your staff.,"Thank you for the patients you've sent. OPEN: you already trust us with ortho. MESSAGE: spine works exactly the same way — your patients with back or neck pain get seen the same week — imaging, conservative care, interventional and surgical under one roof, and we handle HMO referral paperwork with your staff. ASK: send the next back/neck patient the way you send knees and shoulders."
1184660490,Internal Medicine & Primary Care Specialists- 1010,Kristen,Tier 2,Wave 2,PCP,Ortho Referrer,0,4,"Rachel West, PA (2 ortho) · Lawrence Dell, MD (1 ortho) · Eric Rosenbaum, DO (1 ortho)",14,COMM-LIKELY,PCP — commercial/Medicare-likely; confirm HMO share (BCN/HAP/McLaren/Priority HMO need PCP referral — we handle that),Heuristic — verify — intake (Kelly) verifies Tier 1 first; NOT confirmed,Payer: commercial/Medicare-likely — HMO referrals handled with your staff.,"Thank you for the patients you've sent. OPEN: you already trust us with ortho. MESSAGE: spine works exactly the same way — your patients with back or neck pain get seen the same week — imaging, conservative care, interventional and surgical under one roof, and we handle HMO referral paperwork with your staff. ASK: send the next back/neck patient the way you send knees and shoulders."
1558340356,Legacy Family Medicine,Kristen,Tier 2,Wave 2,PCP,Ortho Referrer,0,4,"Anthony Sayegh, DO (4 ortho)",2,COMM-LIKELY,PCP — commercial/Medicare-likely; confirm HMO share (BCN/HAP/McLaren/Priority HMO need PCP referral — we handle that),Heuristic — verify — intake (Kelly) verifies Tier 1 first; NOT confirmed,Payer: commercial/Medicare-likely — HMO referrals handled with your staff.,"Thank you for the patients you've sent. OPEN: you already trust us with ortho. MESSAGE: spine works exactly the same way — your patients with back or neck pain get seen the same week — imaging, conservative care, interventional and surgical under one roof, and we handle HMO referral paperwork with your staff. ASK: send the next back/neck patient the way you send knees and shoulders."
d7144e2d-aac6-4f68-a775-78db28d6b445,Primal Recovery and PT,Kristen,Tier 2,Wave 2,PT,Ortho Referrer,0,4,"Spencer Nolff D, PT (4 ortho)",2,COMM-LIKELY,Private specialty practice — commercial/Medicare-likely (QUALIFIED); confirm,Heuristic — verify — intake (Kelly) verifies Tier 1 first; NOT confirmed,Payer: commercial/Medicare-likely — HMO referrals handled with your staff.,"Thank you for the patients you've sent. OPEN: you already trust us with ortho. MESSAGE: spine works exactly the same way — for patients whose progress stalls, a spine consult with imaging same-week — then straight back to your plan of care with clear notes. ASK: send the next back/neck patient the way you send knees and shoulders."
eca14fb7-48cb-4968-b258-b97a854b34c1,Patrick Kut MD PC,Kristen,Tier 2,Wave 2,PCP,Ortho Referrer,0,4,"Patrick Kut, MD (4 ortho)",2,COMM-LIKELY,PCP — commercial/Medicare-likely; confirm HMO share (BCN/HAP/McLaren/Priority HMO need PCP referral — we handle that),Heuristic — verify — intake (Kelly) verifies Tier 1 first; NOT confirmed,Payer: commercial/Medicare-likely — HMO referrals handled with your staff.,"Thank you for the patients you've sent. OPEN: you already trust us with ortho. MESSAGE: spine works exactly the same way — your patients with back or neck pain get seen the same week — imaging, conservative care, interventional and surgical under one roof, and we handle HMO referral paperwork with your staff. ASK: send the next back/neck patient the way you send knees and shoulders."
63a72095-741a-43fe-b865-a1f6398ee484,"PRAVEEN MODI, MD, PC",Kristen,Tier 2,Wave 2,PCP,Ortho Referrer,0,9,"Praveen K Modi, MD (9 ortho)",2,COMM-LIKELY,PCP — commercial/Medicare-likely; confirm HMO share (BCN/HAP/McLaren/Priority HMO need PCP referral — we handle that),Heuristic — verify — intake (Kelly) verifies Tier 1 first; NOT confirmed,Payer: commercial/Medicare-likely — HMO referrals handled with your staff.,"Thank you for the patients you've sent. OPEN: you already trust us with ortho. MESSAGE: spine works exactly the same way — your patients with back or neck pain get seen the same week — imaging, conservative care, interventional and surgical under one roof, and we handle HMO referral paperwork with your staff. ASK: send the next back/neck patient the way you send knees and shoulders."
bb55a71e-e12b-49be-9449-435cdc38cca4,Premier Pediatrics Dearborn Heights,Kristen,Tier 2,Wave 2,Pediatrics,Ortho Referrer,0,4,"Mazen Hamameh, DO (4 ortho)",4,PEDS,Pediatric panel — low spine fit regardless of payer,Heuristic — intake (Kelly) verifies Tier 1 first; NOT confirmed,Note: pediatric panel — spine fit is low; adult family/staff referrals only.,"Thank you for the patients you've sent. OPEN: you already trust us with ortho. MESSAGE: spine works exactly the same way — for adolescent spine concerns (scoliosis, spondylolysis in athletes) we offer specialist evaluation — and adult family members get same-week access. ASK: send the next back/neck patient the way you send knees and shoulders."
2f39cd70-3e7f-4323-8222-52b01a24c007,SUNNY PEDIATRICS AND FAMILY,Kristen,Tier 2,Wave 2,Pediatrics,Ortho Referrer,0,7,"Sana Syed, MD (5 ortho) · Navin Raj, MD (2 ortho)",2,PEDS,Pediatric panel — low spine fit regardless of payer,Heuristic — intake (Kelly) verifies Tier 1 first; NOT confirmed,Note: pediatric panel — spine fit is low; adult family/staff referrals only.,"Thank you for the patients you've sent. OPEN: you already trust us with ortho. MESSAGE: spine works exactly the same way — for adolescent spine concerns (scoliosis, spondylolysis in athletes) we offer specialist evaluation — and adult family members get same-week access. ASK: send the next back/neck patient the way you send knees and shoulders."
ff1e6dda-d122-4127-b4fe-e380950051e4,Souva PT and Performance,Kristen,Tier 2,Wave 2,PT,Ortho Referrer,0,6,"Jake Souva D, PT (6 ortho)",1,COMM-LIKELY,Private specialty practice — commercial/Medicare-likely (QUALIFIED); confirm,Heuristic — verify — intake (Kelly) verifies Tier 1 first; NOT confirmed,Payer: commercial/Medicare-likely — HMO referrals handled with your staff.,"Thank you for the patients you've sent. OPEN: you already trust us with ortho. MESSAGE: spine works exactly the same way — for patients whose progress stalls, a spine consult with imaging same-week — then straight back to your plan of care with clear notes. ASK: send the next back/neck patient the way you send knees and shoulders."
cc9cf66d-2e3c-4e56-9aeb-85ba4b7e600c,Cornerstone St. Clair Internists,Kristen,Tier 2,Wave 2,PCP,Ortho Referrer,0,3,"Mark Dukaj, MD (2 ortho) · Bryan Eastes (1 ortho)",3,COMM-LIKELY,PCP — commercial/Medicare-likely; confirm HMO share (BCN/HAP/McLaren/Priority HMO need PCP referral — we handle that),Heuristic — verify — intake (Kelly) verifies Tier 1 first; NOT confirmed,Payer: commercial/Medicare-likely — HMO referrals handled with your staff.,"Thank you for the patients you've sent. OPEN: you already trust us with ortho. MESSAGE: spine works exactly the same way — your patients with back or neck pain get seen the same week — imaging, conservative care, interventional and surgical under one roof, and we handle HMO referral paperwork with your staff. ASK: send the next back/neck patient the way you send knees and shoulders."
045c37c9-22cf-4959-b217-ecbbf986a60c,Dr. Carley and Associates,Kristen,Tier 2,Wave 2,PCP,Ortho Referrer,0,2,"Reid Stromberg, MD (2 ortho)",5,COMM-LIKELY,PCP — commercial/Medicare-likely; confirm HMO share (BCN/HAP/McLaren/Priority HMO need PCP referral — we handle that),Heuristic — verify — intake (Kelly) verifies Tier 1 first; NOT confirmed,Payer: commercial/Medicare-likely — HMO referrals handled with your staff.,"Thank you for the patients you've sent. OPEN: you already trust us with ortho. MESSAGE: spine works exactly the same way — your patients with back or neck pain get seen the same week — imaging, conservative care, interventional and surgical under one roof, and we handle HMO referral paperwork with your staff. ASK: send the next back/neck patient the way you send knees and shoulders."
8c2316fd-41e0-4fe5-b02a-8a481768ec08,Grosse Pointe Physicians and Surgeons,Kristen,Tier 2,Wave 2,PCP,Ortho Referrer,0,2,"Andrew Kotsis, DO (2 ortho)",5,COMM-LIKELY,PCP — commercial/Medicare-likely; confirm HMO share (BCN/HAP/McLaren/Priority HMO need PCP referral — we handle that),Heuristic — verify — intake (Kelly) verifies Tier 1 first; NOT confirmed,Payer: commercial/Medicare-likely — HMO referrals handled with your staff.,"Thank you for the patients you've sent. OPEN: you already trust us with ortho. MESSAGE: spine works exactly the same way — your patients with back or neck pain get seen the same week — imaging, conservative care, interventional and surgical under one roof, and we handle HMO referral paperwork with your staff. ASK: send the next back/neck patient the way you send knees and shoulders."
8afa43db-e543-40bf-9328-2479a24606d8,Internal Medicine Associates Port Huron,Kristen,Tier 2,Wave 2,PCP,Ortho Referrer,0,2,"Riad Robert Hajjar, MD (1 ortho) · Sajjad Saeed (1 ortho)",5,COMM-LIKELY,PCP — commercial/Medicare-likely; confirm HMO share (BCN/HAP/McLaren/Priority HMO need PCP referral — we handle that),Heuristic — verify — intake (Kelly) verifies Tier 1 first; NOT confirmed,Payer: commercial/Medicare-likely — HMO referrals handled with your staff.,"Thank you for the patients you've sent. OPEN: you already trust us with ortho. MESSAGE: spine works exactly the same way — your patients with back or neck pain get seen the same week — imaging, conservative care, interventional and surgical under one roof, and we handle HMO referral paperwork with your staff. ASK: send the next back/neck patient the way you send knees and shoulders."
2217eb9b-1f7c-434b-9c5f-77ebd185fb7c,iTest Health Family Medicine,Kristen,Tier 2,Wave 2,PCP,Ortho Referrer,0,2,"Stacey Bartell, MD (2 ortho)",2,COMM-LIKELY,PCP — commercial/Medicare-likely; confirm HMO share (BCN/HAP/McLaren/Priority HMO need PCP referral — we handle that),Heuristic — verify — intake (Kelly) verifies Tier 1 first; NOT confirmed,Payer: commercial/Medicare-likely — HMO referrals handled with your staff.,"Thank you for the patients you've sent. OPEN: you already trust us with ortho. MESSAGE: spine works exactly the same way — your patients with back or neck pain get seen the same week — imaging, conservative care, interventional and surgical under one roof, and we handle HMO referral paperwork with your staff. ASK: send the next back/neck patient the way you send knees and shoulders."
4b1cacba-85fb-4f63-8660-c3314cf72677,Trinity IHA Primary Care - Schoolcraft Campus,Kristen,Tier 2,Wave 2,PCP,Ortho Referrer,0,3,"Jenny Shih, DO (2 ortho) · Michelle Klink, DO (1 ortho)",10,MIXED-SYSTEM,Hospital-system site — mixed commercial + Medicare + some Medicaid; qualified with intake screening,Heuristic — verify — intake (Kelly) verifies Tier 1 first; NOT confirmed,Payer: mixed panel — screen at intake; HMO plans need PCP referral (we assist).,"Thank you for the patients you've sent. OPEN: you already trust us with ortho. MESSAGE: spine works exactly the same way — your patients with back or neck pain get seen the same week — imaging, conservative care, interventional and surgical under one roof, and we handle HMO referral paperwork with your staff. ASK: send the next back/neck patient the way you send knees and shoulders."
85d28577-5be8-4372-8c7e-9a349c62e50d,Dedicated senior Medical Center Detroit North,Jasmine,Tier 2,Wave 2,PCP,Ortho Referrer,0,4,Sandra L Molteni (3 ortho),5,COMM-LIKELY,PCP — commercial/Medicare-likely; confirm HMO share (BCN/HAP/McLaren/Priority HMO need PCP referral — we handle that),Heuristic — verify — intake (Kelly) verifies Tier 1 first; NOT confirmed,Payer: commercial/Medicare-likely — HMO referrals handled with your staff.,"Thank you for the patients you've sent. OPEN: you already trust us with ortho. MESSAGE: spine works exactly the same way — your patients with back or neck pain get seen the same week — imaging, conservative care, interventional and surgical under one roof, and we handle HMO referral paperwork with your staff. ASK: send the next back/neck patient the way you send knees and shoulders."
e0d8c74a-31fe-4da6-9aa4-6a2357088b6a,Freedom Medical Clinic (Trinity),Jasmine,Tier 2,Wave 2,PCP,Ortho Referrer,0,3,"Trishya Reddy, MD (1 ortho) · Randall A Bickle, DO (1 ortho)",9,MIXED-SYSTEM,Hospital-system site — mixed commercial + Medicare + some Medicaid; qualified with intake screening,Heuristic — verify — intake (Kelly) verifies Tier 1 first; NOT confirmed,Payer: mixed panel — screen at intake; HMO plans need PCP referral (we assist).,"Thank you for the patients you've sent. OPEN: you already trust us with ortho. MESSAGE: spine works exactly the same way — your patients with back or neck pain get seen the same week — imaging, conservative care, interventional and surgical under one roof, and we handle HMO referral paperwork with your staff. ASK: send the next back/neck patient the way you send knees and shoulders."
b9dc6f52-5aa2-459e-98a8-79b4da67dc8a,WEST OAKLAND INTERNISTS,Jasmine,Tier 2,Wave 2,PCP,Ortho Referrer,0,7,"Nabil Wehbe, DO (1 ortho) · Stafford Preston, MD (1 ortho) · Bruce Terrio, MD",5,COMM-LIKELY,PCP — commercial/Medicare-likely; confirm HMO share (BCN/HAP/McLaren/Priority HMO need PCP referral — we handle that),Heuristic — verify — intake (Kelly) verifies Tier 1 first; NOT confirmed,Payer: commercial/Medicare-likely — HMO referrals handled with your staff.,"Thank you for the patients you've sent. OPEN: you already trust us with ortho. MESSAGE: spine works exactly the same way — your patients with back or neck pain get seen the same week — imaging, conservative care, interventional and surgical under one roof, and we handle HMO referral paperwork with your staff. ASK: send the next back/neck patient the way you send knees and shoulders."
c6f8c7f7-2386-4788-9102-c4f9ebda94b8,Western Wayne Physicians - Livonia,Jasmine,Tier 2,Wave 2,PCP,Ortho Referrer,0,2,"Tamara Schmidt, MD (2 ortho)",4,COMM-LIKELY,PCP — commercial/Medicare-likely; confirm HMO share (BCN/HAP/McLaren/Priority HMO need PCP referral — we handle that),Heuristic — verify — intake (Kelly) verifies Tier 1 first; NOT confirmed,Payer: commercial/Medicare-likely — HMO referrals handled with your staff.,"Thank you for the patients you've sent. OPEN: you already trust us with ortho. MESSAGE: spine works exactly the same way — your patients with back or neck pain get seen the same week — imaging, conservative care, interventional and surgical under one roof, and we handle HMO referral paperwork with your staff. ASK: send the next back/neck patient the way you send knees and shoulders."
3a5cf92c-ae21-4227-96ec-08c2968a5939,Henry Ford Health Medical Center (Ascension),Coty,Tier 2,Wave 2,PCP,Ortho Referrer,0,3,"Mary E Murphy, MD (2 ortho) · Anna Farhat, MD (1 ortho)",9,MIXED-SYSTEM,Hospital-system site — mixed commercial + Medicare + some Medicaid; qualified with intake screening,Heuristic — verify — intake (Kelly) verifies Tier 1 first; NOT confirmed,Payer: mixed panel — screen at intake; HMO plans need PCP referral (we assist).,"Thank you for the patients you've sent. OPEN: you already trust us with ortho. MESSAGE: spine works exactly the same way — your patients with back or neck pain get seen the same week — imaging, conservative care, interventional and surgical under one roof, and we handle HMO referral paperwork with your staff. ASK: send the next back/neck patient the way you send knees and shoulders."
1c5c4e69-60f0-4d66-a3ee-9a33e818a99b,Lakeside Internal Medicine,Coty,Tier 2,Wave 2,PCP,Ortho Referrer,0,3,"Charles Skardarasy, MD (3 ortho)",8,COMM-LIKELY,PCP — commercial/Medicare-likely; confirm HMO share (BCN/HAP/McLaren/Priority HMO need PCP referral — we handle that),Heuristic — verify — intake (Kelly) verifies Tier 1 first; NOT confirmed,Payer: commercial/Medicare-likely — HMO referrals handled with your staff.,"Thank you for the patients you've sent. OPEN: you already trust us with ortho. MESSAGE: spine works exactly the same way — your patients with back or neck pain get seen the same week — imaging, conservative care, interventional and surgical under one roof, and we handle HMO referral paperwork with your staff. ASK: send the next back/neck patient the way you send knees and shoulders."
cac69af6-f814-4339-a4f4-d8cd7112ec3c,Silver Pine Medical Group - Sterling Heights,Kristen,Tier 2,Wave 2,PCP,Ortho Referrer,0,3,"Jennifer L Hichme, MD (1 ortho) · Steven J Thibault, MD (1 ortho)",40,COMM-LIKELY,PCP — commercial/Medicare-likely; confirm HMO share (BCN/HAP/McLaren/Priority HMO need PCP referral — we handle that),Heuristic — verify — intake (Kelly) verifies Tier 1 first; NOT confirmed,Payer: commercial/Medicare-likely — HMO referrals handled with your staff.,"Thank you for the patients you've sent. OPEN: you already trust us with ortho. MESSAGE: spine works exactly the same way — your patients with back or neck pain get seen the same week — imaging, conservative care, interventional and surgical under one roof, and we handle HMO referral paperwork with your staff. ASK: send the next back/neck patient the way you send knees and shoulders."
1598941148,Sterling Family Medicine,Kristen,Tier 2,Wave 2,PCP,Ortho Referrer,0,2,"Oleh Bolukh, MD (2 ortho)",1,COMM-LIKELY,PCP — commercial/Medicare-likely; confirm HMO share (BCN/HAP/McLaren/Priority HMO need PCP referral — we handle that),Heuristic — verify — intake (Kelly) verifies Tier 1 first; NOT confirmed,Payer: commercial/Medicare-likely — HMO referrals handled with your staff.,"Thank you for the patients you've sent. OPEN: you already trust us with ortho. MESSAGE: spine works exactly the same way — your patients with back or neck pain get seen the same week — imaging, conservative care, interventional and surgical under one roof, and we handle HMO referral paperwork with your staff. ASK: send the next back/neck patient the way you send knees and shoulders."
4dee089f-61d1-4d13-9fca-62b8d8ffc312,BN Nandish MD,Jasmine,Tier 2,Wave 2,PCP,Ortho Referrer,0,2,"Banathally N Nandish, MD (2 ortho)",1,COMM-LIKELY,PCP — commercial/Medicare-likely; confirm HMO share (BCN/HAP/McLaren/Priority HMO need PCP referral — we handle that),Heuristic — verify — intake (Kelly) verifies Tier 1 first; NOT confirmed,Payer: commercial/Medicare-likely — HMO referrals handled with your staff.,"Thank you for the patients you've sent. OPEN: you already trust us with ortho. MESSAGE: spine works exactly the same way — your patients with back or neck pain get seen the same week — imaging, conservative care, interventional and surgical under one roof, and we handle HMO referral paperwork with your staff. ASK: send the next back/neck patient the way you send knees and shoulders."
92cc3682-defe-42ff-8ccd-0ff138c12b77,IHA Plymouth Primary Care,Jasmine,Tier 2,Wave 2,PCP,Ortho Referrer,0,4,"Lauren Lumley, DO (2 ortho) · Ashley Schmehl, DO (1 ortho) · Matthew Kohlenberg, MD",11,COMM-LIKELY,PCP — commercial/Medicare-likely; confirm HMO share (BCN/HAP/McLaren/Priority HMO need PCP referral — we handle that),Heuristic — verify — intake (Kelly) verifies Tier 1 first; NOT confirmed,Payer: commercial/Medicare-likely — HMO referrals handled with your staff.,"Thank you for the patients you've sent. OPEN: you already trust us with ortho. MESSAGE: spine works exactly the same way — your patients with back or neck pain get seen the same week — imaging, conservative care, interventional and surgical under one roof, and we handle HMO referral paperwork with your staff. ASK: send the next back/neck patient the way you send knees and shoulders."
a3906606-5f95-4b86-b5ca-235186bdde34,Office of Robert Vartabedian MD,Jasmine,Tier 2,Wave 2,PCP,Ortho Referrer,0,2,"Robert Vartabedian, MD (2 ortho)",2,COMM-LIKELY,PCP — commercial/Medicare-likely; confirm HMO share (BCN/HAP/McLaren/Priority HMO need PCP referral — we handle that),Heuristic — verify — intake (Kelly) verifies Tier 1 first; NOT confirmed,Payer: commercial/Medicare-likely — HMO referrals handled with your staff.,"Thank you for the patients you've sent. OPEN: you already trust us with ortho. MESSAGE: spine works exactly the same way — your patients with back or neck pain get seen the same week — imaging, conservative care, interventional and surgical under one roof, and we handle HMO referral paperwork with your staff. ASK: send the next back/neck patient the way you send knees and shoulders."
1790797207,Progressive Health Care,Coty,Tier 2,Wave 2,PCP,Ortho Referrer,0,2,"Michael Haroutunian, DO (2 ortho)",4,COMM-LIKELY,PCP — commercial/Medicare-likely; confirm HMO share (BCN/HAP/McLaren/Priority HMO need PCP referral — we handle that),Heuristic — verify — intake (Kelly) verifies Tier 1 first; NOT confirmed,Payer: commercial/Medicare-likely — HMO referrals handled with your staff.,"Thank you for the patients you've sent. OPEN: you already trust us with ortho. MESSAGE: spine works exactly the same way — your patients with back or neck pain get seen the same week — imaging, conservative care, interventional and surgical under one roof, and we handle HMO referral paperwork with your staff. ASK: send the next back/neck patient the way you send knees and shoulders."
2a800701-496e-4bcf-b305-aa1a21a3c7ef,ASCENSION MEDICAL GROUP PROVIDENCE FAMILY AND ATHLETIC MEDICINE,Kristen,Tier 2,Wave 2,PCP,Ortho Referrer,0,3,"Paolo Nino Balmaseda (1 ortho) · Gregory Cibor, DO (1 ortho) · David Peck, MD",5,MIXED-SYSTEM,Hospital-system site — mixed commercial + Medicare + some Medicaid; qualified with intake screening,Heuristic — verify — intake (Kelly) verifies Tier 1 first; NOT confirmed,Payer: mixed panel — screen at intake; HMO plans need PCP referral (we assist).,"Thank you for the patients you've sent. OPEN: you already trust us with ortho. MESSAGE: spine works exactly the same way — your patients with back or neck pain get seen the same week — imaging, conservative care, interventional and surgical under one roof, and we handle HMO referral paperwork with your staff. ASK: send the next back/neck patient the way you send knees and shoulders."
45376ca8-4cd3-43e5-945d-5f6309bac752,BEAUMONT FAMILY MEDICINE WESTLAND,Kristen,Tier 2,Wave 2,PCP,Ortho Referrer,0,3,"Tyler Drewry, MD (2 ortho) · Elizabeth Ann Lewan, DO (1 ortho)",10,MIXED-SYSTEM,Hospital-system site — mixed commercial + Medicare + some Medicaid; qualified with intake screening,Heuristic — verify — intake (Kelly) verifies Tier 1 first; NOT confirmed,Payer: mixed panel — screen at intake; HMO plans need PCP referral (we assist).,"Thank you for the patients you've sent. OPEN: you already trust us with ortho. MESSAGE: spine works exactly the same way — your patients with back or neck pain get seen the same week — imaging, conservative care, interventional and surgical under one roof, and we handle HMO referral paperwork with your staff. ASK: send the next back/neck patient the way you send knees and shoulders."
a086480a-231f-4bcb-9889-891475aa37b8,Blue Water Internal Medicine PC,Kristen,Tier 2,Wave 2,PCP,Ortho Referrer,0,2,"Emad Daher, MD (2 ortho)",3,COMM-LIKELY,PCP — commercial/Medicare-likely; confirm HMO share (BCN/HAP/McLaren/Priority HMO need PCP referral — we handle that),Heuristic — verify — intake (Kelly) verifies Tier 1 first; NOT confirmed,Payer: commercial/Medicare-likely — HMO referrals handled with your staff.,"Thank you for the patients you've sent. OPEN: you already trust us with ortho. MESSAGE: spine works exactly the same way — your patients with back or neck pain get seen the same week — imaging, conservative care, interventional and surgical under one roof, and we handle HMO referral paperwork with your staff. ASK: send the next back/neck patient the way you send knees and shoulders."
f4e08b14-ec91-4b48-b82c-2c7f762bf721,Corewell Health Family Medicine - Farmington Hills,Kristen,Tier 2,Wave 2,PCP,Ortho Referrer,0,4,"Renee Farah, MD (1 ortho) · Renee Afram Farah, MD (1 ortho) · Valerie Johnson, MD (1 ortho)",5,MIXED-SYSTEM,Hospital-system site — mixed commercial + Medicare + some Medicaid; qualified with intake screening,Heuristic — verify — intake (Kelly) verifies Tier 1 first; NOT confirmed,Payer: mixed panel — screen at intake; HMO plans need PCP referral (we assist).,"Thank you for the patients you've sent. OPEN: you already trust us with ortho. MESSAGE: spine works exactly the same way — your patients with back or neck pain get seen the same week — imaging, conservative care, interventional and surgical under one roof, and we handle HMO referral paperwork with your staff. ASK: send the next back/neck patient the way you send knees and shoulders."
3edb39b0-eee8-436d-b215-e28e186500be,Corewell Health Farmington Hills Hospital Family Medicine,Kristen,Tier 2,Wave 2,PCP,Ortho Referrer,0,4,"Matthew Sebastian, DO (2 ortho) · Annie Craib, DO (1 ortho)",4,MIXED-SYSTEM,Hospital-system site — mixed commercial + Medicare + some Medicaid; qualified with intake screening,Heuristic — verify — intake (Kelly) verifies Tier 1 first; NOT confirmed,Payer: mixed panel — screen at intake; HMO plans need PCP referral (we assist).,"Thank you for the patients you've sent. OPEN: you already trust us with ortho. MESSAGE: spine works exactly the same way — your patients with back or neck pain get seen the same week — imaging, conservative care, interventional and surgical under one roof, and we handle HMO referral paperwork with your staff. ASK: send the next back/neck patient the way you send knees and shoulders."
7db80555-4d31-47b0-904c-cd43fb08b2ee,Corewell Health Urgent Care - Garden City,Kristen,Tier 2,Wave 2,Urgent Care,Ortho Referrer,0,3,Corewell Urgent Care Garden City (1 ortho) · Corewell UC Garden City (1 ortho),4,MIXED-SYSTEM,Hospital-system site — mixed commercial + Medicare + some Medicaid; qualified with intake screening,Heuristic — verify — intake (Kelly) verifies Tier 1 first; NOT confirmed,Payer: mixed panel — screen at intake; HMO plans need PCP referral (we assist).,"Thank you for the patients you've sent. OPEN: you already trust us with ortho. MESSAGE: spine works exactly the same way — an acute back/neck pathway: your discharge sheet can book a spine evaluation the same week — one number, we take it from there. ASK: send the next back/neck patient the way you send knees and shoulders."
5090dcdb-4928-46db-ad3f-6b5e013d2d53,Corewell Urgent Care - Allen Park,Kristen,Tier 2,Wave 2,Urgent Care,Ortho Referrer,0,2,Corewell Uc Allen Park (1 ortho) · Corewell Urgent Care Allen Park (1 ortho),2,MIXED-SYSTEM,Hospital-system site — mixed commercial + Medicare + some Medicaid; qualified with intake screening,Heuristic — verify — intake (Kelly) verifies Tier 1 first; NOT confirmed,Payer: mixed panel — screen at intake; HMO plans need PCP referral (we assist).,"Thank you for the patients you've sent. OPEN: you already trust us with ortho. MESSAGE: spine works exactly the same way — an acute back/neck pathway: your discharge sheet can book a spine evaluation the same week — one number, we take it from there. ASK: send the next back/neck patient the way you send knees and shoulders."
e81bc37f-2055-4c48-8e89-e2bca87d2f73,"FAMILY MEDICINE, PC",Kristen,Tier 2,Wave 2,PCP,Ortho Referrer,0,2,"Rodrigo Tobar, DO (2 ortho)",2,COMM-LIKELY,PCP — commercial/Medicare-likely; confirm HMO share (BCN/HAP/McLaren/Priority HMO need PCP referral — we handle that),Heuristic — verify — intake (Kelly) verifies Tier 1 first; NOT confirmed,Payer: commercial/Medicare-likely — HMO referrals handled with your staff.,"Thank you for the patients you've sent. OPEN: you already trust us with ortho. MESSAGE: spine works exactly the same way — your patients with back or neck pain get seen the same week — imaging, conservative care, interventional and surgical under one roof, and we handle HMO referral paperwork with your staff. ASK: send the next back/neck patient the way you send knees and shoulders."
9019b0af-745f-41ea-a4ab-4e72321359d9,Haller and Hug Internal Medicine,Kristen,Tier 2,Wave 2,PCP,Ortho Referrer,0,12,"Heather Molnar, MD (2 ortho) · Jeffrey Haller, MD",9,COMM-LIKELY,PCP — commercial/Medicare-likely; confirm HMO share (BCN/HAP/McLaren/Priority HMO need PCP referral — we handle that),Heuristic — verify — intake (Kelly) verifies Tier 1 first; NOT confirmed,Payer: commercial/Medicare-likely — HMO referrals handled with your staff.,"Thank you for the patients you've sent. OPEN: you already trust us with ortho. MESSAGE: spine works exactly the same way — your patients with back or neck pain get seen the same week — imaging, conservative care, interventional and surgical under one roof, and we handle HMO referral paperwork with your staff. ASK: send the next back/neck patient the way you send knees and shoulders."
a05c84d7-ae44-4f75-a80e-972ce19c5477,Hamtramck Community Medical Center,Kristen,Tier 2,Wave 2,PCP,Ortho Referrer,0,3,"Redwan Uddin, MD (2 ortho)",2,COMM-LIKELY,PCP — commercial/Medicare-likely; confirm HMO share (BCN/HAP/McLaren/Priority HMO need PCP referral — we handle that),Heuristic — verify — intake (Kelly) verifies Tier 1 first; NOT confirmed,Payer: commercial/Medicare-likely — HMO referrals handled with your staff.,"Thank you for the patients you've sent. OPEN: you already trust us with ortho. MESSAGE: spine works exactly the same way — your patients with back or neck pain get seen the same week — imaging, conservative care, interventional and surgical under one roof, and we handle HMO referral paperwork with your staff. ASK: send the next back/neck patient the way you send knees and shoulders."
4854db87-cb06-45bd-9c8a-7a3e77cfa827,Henry Ford Internal & Family Medicine - Farmington Hills -170,Kristen,Tier 2,Wave 2,PCP,Ortho Referrer,0,2,"Nahid Elyas, MD (2 ortho)",2,MIXED-SYSTEM,Hospital-system site — mixed commercial + Medicare + some Medicaid; qualified with intake screening,Heuristic — verify — intake (Kelly) verifies Tier 1 first; NOT confirmed,Payer: mixed panel — screen at intake; HMO plans need PCP referral (we assist).,"Thank you for the patients you've sent. OPEN: you already trust us with ortho. MESSAGE: spine works exactly the same way — your patients with back or neck pain get seen the same week — imaging, conservative care, interventional and surgical under one roof, and we handle HMO referral paperwork with your staff. ASK: send the next back/neck patient the way you send knees and shoulders."
df60078e-201f-47fc-b9e3-dea78ab7c916,Ivy Rehab - Novi,Kristen,Tier 2,Wave 2,PT,Ortho Referrer,0,2,"Emily Jesser D, PT (2 ortho)",2,COMM-LIKELY,Private specialty practice — commercial/Medicare-likely (QUALIFIED); confirm,Heuristic — verify — intake (Kelly) verifies Tier 1 first; NOT confirmed,Payer: commercial/Medicare-likely — HMO referrals handled with your staff.,"Thank you for the patients you've sent. OPEN: you already trust us with ortho. MESSAGE: spine works exactly the same way — for patients whose progress stalls, a spine consult with imaging same-week — then straight back to your plan of care with clear notes. ASK: send the next back/neck patient the way you send knees and shoulders."
795ab9a0-8c97-4995-83b6-2fe8b10fcf2a,MDVip - Southfield,Kristen,Tier 2,Wave 2,PCP,Ortho Referrer,0,2,"Sandra S Lerner, DO (2 ortho)",2,COMM-LIKELY,PCP — commercial/Medicare-likely; confirm HMO share (BCN/HAP/McLaren/Priority HMO need PCP referral — we handle that),Heuristic — verify — intake (Kelly) verifies Tier 1 first; NOT confirmed,Payer: commercial/Medicare-likely — HMO referrals handled with your staff.,"Thank you for the patients you've sent. OPEN: you already trust us with ortho. MESSAGE: spine works exactly the same way — your patients with back or neck pain get seen the same week — imaging, conservative care, interventional and surgical under one roof, and we handle HMO referral paperwork with your staff. ASK: send the next back/neck patient the way you send knees and shoulders."
ad377c20-ff69-40a9-a224-4a5787ab13bb,MHP - West,Kristen,Tier 2,Wave 2,PCP,Ortho Referrer,0,3,"Stewart Baroff, DO (3 ortho)",2,COMM-LIKELY,PCP — commercial/Medicare-likely; confirm HMO share (BCN/HAP/McLaren/Priority HMO need PCP referral — we handle that),Heuristic — verify — intake (Kelly) verifies Tier 1 first; NOT confirmed,Payer: commercial/Medicare-likely — HMO referrals handled with your staff.,"Thank you for the patients you've sent. OPEN: you already trust us with ortho. MESSAGE: spine works exactly the same way — your patients with back or neck pain get seen the same week — imaging, conservative care, interventional and surgical under one roof, and we handle HMO referral paperwork with your staff. ASK: send the next back/neck patient the way you send knees and shoulders."
8d7b190e-e89f-4b22-b037-7042bcdd7579,MICHIGAN PREMIER INTERNISTS,Kristen,Tier 2,Wave 2,PCP,Ortho Referrer,0,2,"Helen Ostro Brown, MD (2 ortho)",4,COMM-LIKELY,PCP — commercial/Medicare-likely; confirm HMO share (BCN/HAP/McLaren/Priority HMO need PCP referral — we handle that),Heuristic — verify — intake (Kelly) verifies Tier 1 first; NOT confirmed,Payer: commercial/Medicare-likely — HMO referrals handled with your staff.,"Thank you for the patients you've sent. OPEN: you already trust us with ortho. MESSAGE: spine works exactly the same way — your patients with back or neck pain get seen the same week — imaging, conservative care, interventional and surgical under one roof, and we handle HMO referral paperwork with your staff. ASK: send the next back/neck patient the way you send knees and shoulders."
1134195258,Physician HealthCare Network,Kristen,Tier 2,Wave 2,PCP,Ortho Referrer,0,2,"Pietro Cavataio, MD (1 ortho) · Antonio Colombo (1 ortho)",10,COMM-LIKELY,PCP — commercial/Medicare-likely; confirm HMO share (BCN/HAP/McLaren/Priority HMO need PCP referral — we handle that),Heuristic — verify — intake (Kelly) verifies Tier 1 first; NOT confirmed,Payer: commercial/Medicare-likely — HMO referrals handled with your staff.,"Thank you for the patients you've sent. OPEN: you already trust us with ortho. MESSAGE: spine works exactly the same way — your patients with back or neck pain get seen the same week — imaging, conservative care, interventional and surgical under one roof, and we handle HMO referral paperwork with your staff. ASK: send the next back/neck patient the way you send knees and shoulders."
6904e522-5104-4c29-ae02-e787473b0edf,Physician HeathCare Network - Michele Raymond DO,Kristen,Tier 2,Wave 2,PCP,Ortho Referrer,0,3,"Danielle Sabala, NP (2 ortho) · Michele L Raymond, DO (1 ortho)",3,COMM-LIKELY,PCP — commercial/Medicare-likely; confirm HMO share (BCN/HAP/McLaren/Priority HMO need PCP referral — we handle that),Heuristic — verify — intake (Kelly) verifies Tier 1 first; NOT confirmed,Payer: commercial/Medicare-likely — HMO referrals handled with your staff.,"Thank you for the patients you've sent. OPEN: you already trust us with ortho. MESSAGE: spine works exactly the same way — your patients with back or neck pain get seen the same week — imaging, conservative care, interventional and surgical under one roof, and we handle HMO referral paperwork with your staff. ASK: send the next back/neck patient the way you send knees and shoulders."
70091951-e0bd-42eb-9eb7-c5be5ce88649,Pryde Athletics and Physical Therapy,Kristen,Tier 2,Wave 2,PT,Ortho Referrer,0,2,"Joe Pryde Athletics Martenka D, PT (1 ortho) · Amanda - Pryde Athletics Pickworth D, PT (1 ortho)",7,COMM-LIKELY,Private specialty practice — commercial/Medicare-likely (QUALIFIED); confirm,Heuristic — verify — intake (Kelly) verifies Tier 1 first; NOT confirmed,Payer: commercial/Medicare-likely — HMO referrals handled with your staff.,"Thank you for the patients you've sent. OPEN: you already trust us with ortho. MESSAGE: spine works exactly the same way — for patients whose progress stalls, a spine consult with imaging same-week — then straight back to your plan of care with clear notes. ASK: send the next back/neck patient the way you send knees and shoulders."
49af378b-9c15-4649-815d-958a79af2f84,Superior Family Medicine - Health Venters Detroit -use this onea,Kristen,Tier 2,Wave 2,PCP,Ortho Referrer,0,2,"James Haney, DO (2 ortho)",3,COMM-LIKELY,PCP — commercial/Medicare-likely; confirm HMO share (BCN/HAP/McLaren/Priority HMO need PCP referral — we handle that),Heuristic — verify — intake (Kelly) verifies Tier 1 first; NOT confirmed,Payer: commercial/Medicare-likely — HMO referrals handled with your staff.,"Thank you for the patients you've sent. OPEN: you already trust us with ortho. MESSAGE: spine works exactly the same way — your patients with back or neck pain get seen the same week — imaging, conservative care, interventional and surgical under one roof, and we handle HMO referral paperwork with your staff. ASK: send the next back/neck patient the way you send knees and shoulders."
16b28f94-4956-4a84-8936-0ae7dbe24994,Wadhams Family Care,Kristen,Tier 2,Wave 2,PCP,Ortho Referrer,0,2,"Gary James, DO (2 ortho)",3,COMM-LIKELY,PCP — commercial/Medicare-likely; confirm HMO share (BCN/HAP/McLaren/Priority HMO need PCP referral — we handle that),Heuristic — verify — intake (Kelly) verifies Tier 1 first; NOT confirmed,Payer: commercial/Medicare-likely — HMO referrals handled with your staff.,"Thank you for the patients you've sent. OPEN: you already trust us with ortho. MESSAGE: spine works exactly the same way — your patients with back or neck pain get seen the same week — imaging, conservative care, interventional and surgical under one roof, and we handle HMO referral paperwork with your staff. ASK: send the next back/neck patient the way you send knees and shoulders."
88f17311-2f10-4d7d-b250-085575fb31c1,"IHA, Primary Care - Cherry Hill Village",Jasmine,Tier 2,Wave 2,PCP,Ortho Referrer,0,2,"Frank Parrinello (1 ortho) · Kristen Alexis Yee, MD (1 ortho)",12,COMM-LIKELY,PCP — commercial/Medicare-likely; confirm HMO share (BCN/HAP/McLaren/Priority HMO need PCP referral — we handle that),Heuristic — verify — intake (Kelly) verifies Tier 1 first; NOT confirmed,Payer: commercial/Medicare-likely — HMO referrals handled with your staff.,"Thank you for the patients you've sent. OPEN: you already trust us with ortho. MESSAGE: spine works exactly the same way — your patients with back or neck pain get seen the same week — imaging, conservative care, interventional and surgical under one roof, and we handle HMO referral paperwork with your staff. ASK: send the next back/neck patient the way you send knees and shoulders."
131adcde-9fdc-45db-af94-831482a14212,ESSENTIAL CARE FAMILY MEDICINE,Coty,Tier 2,Wave 2,PCP,Ortho Referrer,0,3,Marcus Koss (3 ortho),1,COMM-LIKELY,PCP — commercial/Medicare-likely; confirm HMO share (BCN/HAP/McLaren/Priority HMO need PCP referral — we handle that),Heuristic — verify — intake (Kelly) verifies Tier 1 first; NOT confirmed,Payer: commercial/Medicare-likely — HMO referrals handled with your staff.,"Thank you for the patients you've sent. OPEN: you already trust us with ortho. MESSAGE: spine works exactly the same way — your patients with back or neck pain get seen the same week — imaging, conservative care, interventional and surgical under one roof, and we handle HMO referral paperwork with your staff. ASK: send the next back/neck patient the way you send knees and shoulders."
0e7f5d40-b8a0-4524-96a4-2229c7d1e5e7,MD VIP - Trenton,Jasmine,Tier 2,Wave 2,PCP,Ortho Referrer,0,2,"Michelle Bauer, MD (1 ortho) · Jennifer Fretz, DO (1 ortho)",2,COMM-LIKELY,PCP — commercial/Medicare-likely; confirm HMO share (BCN/HAP/McLaren/Priority HMO need PCP referral — we handle that),Heuristic — verify — intake (Kelly) verifies Tier 1 first; NOT confirmed,Payer: commercial/Medicare-likely — HMO referrals handled with your staff.,"Thank you for the patients you've sent. OPEN: you already trust us with ortho. MESSAGE: spine works exactly the same way — your patients with back or neck pain get seen the same week — imaging, conservative care, interventional and surgical under one roof, and we handle HMO referral paperwork with your staff. ASK: send the next back/neck patient the way you send knees and shoulders."
1972528818,Levan Internists,Coty,Tier 2,Wave 2,PCP,Ortho Referrer,0,2,"Talanki Viswanath, MD (2 ortho)",6,COMM-LIKELY,PCP — commercial/Medicare-likely; confirm HMO share (BCN/HAP/McLaren/Priority HMO need PCP referral — we handle that),Heuristic — verify — intake (Kelly) verifies Tier 1 first; NOT confirmed,Payer: commercial/Medicare-likely — HMO referrals handled with your staff.,"Thank you for the patients you've sent. OPEN: you already trust us with ortho. MESSAGE: spine works exactly the same way — your patients with back or neck pain get seen the same week — imaging, conservative care, interventional and surgical under one roof, and we handle HMO referral paperwork with your staff. ASK: send the next back/neck patient the way you send knees and shoulders."
7adfcce2-7d98-4f4d-aaa5-95eb30889397,Marko Law,Kristen,Tier 2,Wave 2,Attorney / Legal,Ortho Referrer,0,2,Marko Law (2 ortho),2,WC-AUTO,"WC / Auto No-Fault — commercial-equivalent, no referral needed (QUALIFIED)",Rule (payer taxonomy) — confirm case mix on visit — intake (Kelly) verifies Tier 1 first; NOT confirmed,"Payer: auto no-fault + WC accepted, no referral, no copay.","Thank you for the patients you've sent. OPEN: service check — are records, scheduling and communication meeting your standard? MESSAGE: auto no-fault and workers' comp spine evaluations with fast scheduling, thorough documentation and clean records turnaround — service only, evaluated on clinical merit. ASK: keep us as the spine evaluation resource for auto/WC clients; leave the direct scheduling line + records turnaround commitment."
1d453948-16d6-4da0-a7d9-80b603bedb9b,Michigan Urgent Care - Livonia,Jasmine,Tier 2,Wave 2,Orthopedic,Ortho Referrer,0,1,Michigan Urgent Care - Livonia (1 ortho),3,COMM-LIKELY,Private specialty practice — commercial/Medicare-likely (QUALIFIED); confirm,Heuristic — verify — intake (Kelly) verifies Tier 1 first; NOT confirmed,Payer: commercial/Medicare-likely — HMO referrals handled with your staff.,"Thank you for the patients you've sent. OPEN: you already trust us with ortho. MESSAGE: spine works exactly the same way — for the spine cases outside your scope, we co-manage: your patient stays yours, our spine team handles just the spine problem, notes back to you every visit. ASK: send the next back/neck patient the way you send knees and shoulders."
08777e8a-5ca0-4abd-8ad4-d8f4fbbacc9c,Primecare of Novi,Jasmine,Tier 2,Wave 2,Pain,Ortho Referrer,0,1,"Hannah R Berman, NP (1 ortho)",7,COMM-LIKELY,Private specialty practice — commercial/Medicare-likely (QUALIFIED); confirm,Heuristic — verify — intake (Kelly) verifies Tier 1 first; NOT confirmed,Payer: commercial/Medicare-likely — HMO referrals handled with your staff.,"Thank you for the patients you've sent. OPEN: you already trust us with ortho. MESSAGE: spine works exactly the same way — two-way partnership — we send conservative-first candidates to you, you send surgical-escalation candidates to our spine surgeons; both get seen same-week. ASK: send the next back/neck patient the way you send knees and shoulders."
e5c5b135-ecad-42bb-bbbc-011dd2c4a225,Trinity IHA Orthopedics - Schoolcraft,Jasmine,Tier 2,Wave 2,Orthopedic,Ortho Referrer,0,1,Kristopher J Aalderink (1 ortho),4,MIXED-SYSTEM,Hospital-system site — mixed commercial + Medicare + some Medicaid; qualified with intake screening,Heuristic — verify — intake (Kelly) verifies Tier 1 first; NOT confirmed,Payer: mixed panel — screen at intake; HMO plans need PCP referral (we assist).,"Thank you for the patients you've sent. OPEN: you already trust us with ortho. MESSAGE: spine works exactly the same way — for the spine cases outside your scope, we co-manage: your patient stays yours, our spine team handles just the spine problem, notes back to you every visit. ASK: send the next back/neck patient the way you send knees and shoulders."
60ca59a0-452f-4fea-8aff-cf4ef63862b7,Village Medical - Novi,Jasmine,Tier 2,Wave 2,Pain,Ortho Referrer,0,3,"James Golden, MD (1 ortho) · Daniel Rosenberg, MD",6,COMM-LIKELY,Private specialty practice — commercial/Medicare-likely (QUALIFIED); confirm,Heuristic — verify — intake (Kelly) verifies Tier 1 first; NOT confirmed,Payer: commercial/Medicare-likely — HMO referrals handled with your staff.,"Thank you for the patients you've sent. OPEN: you already trust us with ortho. MESSAGE: spine works exactly the same way — two-way partnership — we send conservative-first candidates to you, you send surgical-escalation candidates to our spine surgeons; both get seen same-week. ASK: send the next back/neck patient the way you send knees and shoulders."
59a078a4-145e-43bb-8052-a1ff32814d1e,Associated Orthopedists of Detroit-Shelby Township,Coty,Tier 2,Wave 2,Orthopedic,Ortho Referrer,0,1,"Andrew Farris Ajluni, DO (1 ortho)",9,COMM-LIKELY,Private specialty practice — commercial/Medicare-likely (QUALIFIED); confirm,Heuristic — verify — intake (Kelly) verifies Tier 1 first; NOT confirmed,Payer: commercial/Medicare-likely — HMO referrals handled with your staff.,"Thank you for the patients you've sent. OPEN: you already trust us with ortho. MESSAGE: spine works exactly the same way — for the spine cases outside your scope, we co-manage: your patient stays yours, our spine team handles just the spine problem, notes back to you every visit. ASK: send the next back/neck patient the way you send knees and shoulders."
04-330-7414,Beverly Hills Internal Medicine,Kristen,Tier 2,Wave 2,PCP,Ortho Referrer,0,1,"Nidhi Shishu, MD (1 ortho)",3,COMM-LIKELY,PCP — commercial/Medicare-likely; confirm HMO share (BCN/HAP/McLaren/Priority HMO need PCP referral — we handle that),Heuristic — verify — intake (Kelly) verifies Tier 1 first; NOT confirmed,Payer: commercial/Medicare-likely — HMO referrals handled with your staff.,"Thank you for the patients you've sent. OPEN: you already trust us with ortho. MESSAGE: spine works exactly the same way — your patients with back or neck pain get seen the same week — imaging, conservative care, interventional and surgical under one roof, and we handle HMO referral paperwork with your staff. ASK: send the next back/neck patient the way you send knees and shoulders."
97837698-b314-4e35-a9af-a63d6305dc5b,Blue Water Urgent Care - Port Huron,Kristen,Tier 2,Wave 2,Urgent Care,Ortho Referrer,0,1,Blue Water Urgent Care Port Huron (1 ortho),6,MIXED-WALKIN,Walk-in panel — mixed payers; qualified with intake screening,Heuristic — verify — intake (Kelly) verifies Tier 1 first; NOT confirmed,Payer: walk-in mix — intake screens each referral; commercial/Medicare flow same-week.,"Thank you for the patients you've sent. OPEN: you already trust us with ortho. MESSAGE: spine works exactly the same way — an acute back/neck pathway: your discharge sheet can book a spine evaluation the same week — one number, we take it from there. ASK: send the next back/neck patient the way you send knees and shoulders."
4182fa5f-6d87-4037-9102-1014f5d60056,GROSSE POINTE PARK INTERNAL MEDICINE CENTER,Kristen,Tier 2,Wave 2,PCP,Ortho Referrer,0,1,"Michael Francis, DO (1 ortho)",3,COMM-LIKELY,PCP — commercial/Medicare-likely; confirm HMO share (BCN/HAP/McLaren/Priority HMO need PCP referral — we handle that),Heuristic — verify — intake (Kelly) verifies Tier 1 first; NOT confirmed,Payer: commercial/Medicare-likely — HMO referrals handled with your staff.,"Thank you for the patients you've sent. OPEN: you already trust us with ortho. MESSAGE: spine works exactly the same way — your patients with back or neck pain get seen the same week — imaging, conservative care, interventional and surgical under one roof, and we handle HMO referral paperwork with your staff. ASK: send the next back/neck patient the way you send knees and shoulders."
297c1d83-ce5b-4ce5-b393-97b656f9b2c7,METROPOLITAN MEDICAL ASSOCIATES,Kristen,Tier 2,Wave 2,PCP,Ortho Referrer,0,1,"Archi Trivedi, MD (1 ortho)",2,COMM-LIKELY,PCP — commercial/Medicare-likely; confirm HMO share (BCN/HAP/McLaren/Priority HMO need PCP referral — we handle that),Heuristic — verify — intake (Kelly) verifies Tier 1 first; NOT confirmed,Payer: commercial/Medicare-likely — HMO referrals handled with your staff.,"Thank you for the patients you've sent. OPEN: you already trust us with ortho. MESSAGE: spine works exactly the same way — your patients with back or neck pain get seen the same week — imaging, conservative care, interventional and surgical under one roof, and we handle HMO referral paperwork with your staff. ASK: send the next back/neck patient the way you send knees and shoulders."
7e594070-5f19-4b0e-982f-f339ee92109c,Village Medical Wayne,Kristen,Tier 2,Wave 2,PCP,Ortho Referrer,0,2,"Robert Coleman Brock, DO (1 ortho)",7,COMM-LIKELY,PCP — commercial/Medicare-likely; confirm HMO share (BCN/HAP/McLaren/Priority HMO need PCP referral — we handle that),Heuristic — verify — intake (Kelly) verifies Tier 1 first; NOT confirmed,Payer: commercial/Medicare-likely — HMO referrals handled with your staff.,"Thank you for the patients you've sent. OPEN: you already trust us with ortho. MESSAGE: spine works exactly the same way — your patients with back or neck pain get seen the same week — imaging, conservative care, interventional and surgical under one roof, and we handle HMO referral paperwork with your staff. ASK: send the next back/neck patient the way you send knees and shoulders."
461fe196-5467-4d92-bec8-0125858453c8,Dedicated Senior Medical Center - Eastpointe,Jasmine,Tier 2,Wave 2,PCP,Ortho Referrer,0,2,"Poonam Patel, MD (1 ortho)",7,COMM-LIKELY,PCP — commercial/Medicare-likely; confirm HMO share (BCN/HAP/McLaren/Priority HMO need PCP referral — we handle that),Heuristic — verify — intake (Kelly) verifies Tier 1 first; NOT confirmed,Payer: commercial/Medicare-likely — HMO referrals handled with your staff.,"Thank you for the patients you've sent. OPEN: you already trust us with ortho. MESSAGE: spine works exactly the same way — your patients with back or neck pain get seen the same week — imaging, conservative care, interventional and surgical under one roof, and we handle HMO referral paperwork with your staff. ASK: send the next back/neck patient the way you send knees and shoulders."
9d72636b-2e2d-4e54-b69a-aab72e18f8a9,Family Care Physicians PC,Jasmine,Tier 2,Wave 2,PCP,Ortho Referrer,0,1,"Marshall B Sack, DO (1 ortho)",5,COMM-LIKELY,PCP — commercial/Medicare-likely; confirm HMO share (BCN/HAP/McLaren/Priority HMO need PCP referral — we handle that),Heuristic — verify — intake (Kelly) verifies Tier 1 first; NOT confirmed,Payer: commercial/Medicare-likely — HMO referrals handled with your staff.,"Thank you for the patients you've sent. OPEN: you already trust us with ortho. MESSAGE: spine works exactly the same way — your patients with back or neck pain get seen the same week — imaging, conservative care, interventional and surgical under one roof, and we handle HMO referral paperwork with your staff. ASK: send the next back/neck patient the way you send knees and shoulders."
10a3ca46-32f2-472e-99d9-39f7c9e3bde3,PROVIDENCE PARK LIVONIA FAMILY MEDICINE,Jasmine,Tier 2,Wave 2,PCP,Ortho Referrer,0,1,"David E Karle, MD (1 ortho)",6,COMM-LIKELY,PCP — commercial/Medicare-likely; confirm HMO share (BCN/HAP/McLaren/Priority HMO need PCP referral — we handle that),Heuristic — verify — intake (Kelly) verifies Tier 1 first; NOT confirmed,Payer: commercial/Medicare-likely — HMO referrals handled with your staff.,"Thank you for the patients you've sent. OPEN: you already trust us with ortho. MESSAGE: spine works exactly the same way — your patients with back or neck pain get seen the same week — imaging, conservative care, interventional and surgical under one roof, and we handle HMO referral paperwork with your staff. ASK: send the next back/neck patient the way you send knees and shoulders."
5fcd802e-4f68-4425-8e82-e66edfaa3720,Trinity Health Orthopedic group-Ypsilanti,Jasmine,Tier 2,Wave 2,Orthopedic,Ortho Referrer,0,1,"Jared Thomas, MD (1 ortho)",26,MIXED-SYSTEM,Hospital-system site — mixed commercial + Medicare + some Medicaid; qualified with intake screening,Heuristic — verify — intake (Kelly) verifies Tier 1 first; NOT confirmed,Payer: mixed panel — screen at intake; HMO plans need PCP referral (we assist).,"Thank you for the patients you've sent. OPEN: you already trust us with ortho. MESSAGE: spine works exactly the same way — for the spine cases outside your scope, we co-manage: your patient stays yours, our spine team handles just the spine problem, notes back to you every visit. ASK: send the next back/neck patient the way you send knees and shoulders."
cfa43a87-0a00-4e16-8816-57177ce29fb3,Alliance - Macomb,Coty,Tier 2,Wave 2,PCP,Ortho Referrer,0,2,"Leo Toomajian, DO (1 ortho) · Michael Savalli, DO",10,COMM-LIKELY,PCP — commercial/Medicare-likely; confirm HMO share (BCN/HAP/McLaren/Priority HMO need PCP referral — we handle that),Heuristic — verify — intake (Kelly) verifies Tier 1 first; NOT confirmed,Payer: commercial/Medicare-likely — HMO referrals handled with your staff.,"Thank you for the patients you've sent. OPEN: you already trust us with ortho. MESSAGE: spine works exactly the same way — your patients with back or neck pain get seen the same week — imaging, conservative care, interventional and surgical under one roof, and we handle HMO referral paperwork with your staff. ASK: send the next back/neck patient the way you send knees and shoulders."
1528076619,Barclay Internists,Coty,Tier 2,Wave 2,PCP,Ortho Referrer,0,1,"Abdel Wahab Meri, MD (1 ortho)",4,COMM-LIKELY,PCP — commercial/Medicare-likely; confirm HMO share (BCN/HAP/McLaren/Priority HMO need PCP referral — we handle that),Heuristic — verify — intake (Kelly) verifies Tier 1 first; NOT confirmed,Payer: commercial/Medicare-likely — HMO referrals handled with your staff.,"Thank you for the patients you've sent. OPEN: you already trust us with ortho. MESSAGE: spine works exactly the same way — your patients with back or neck pain get seen the same week — imaging, conservative care, interventional and surgical under one roof, and we handle HMO referral paperwork with your staff. ASK: send the next back/neck patient the way you send knees and shoulders."
81c6691d-f02d-49d9-940d-49ca3462c7fa,Beaumont Associated Family Care - Warren,Coty,Tier 2,Wave 2,PCP,Ortho Referrer,0,2,"Peera, Ava (Zoc Doc) (1 ortho) · Ava Peera",8,MIXED-SYSTEM,Hospital-system site — mixed commercial + Medicare + some Medicaid; qualified with intake screening,Heuristic — verify — intake (Kelly) verifies Tier 1 first; NOT confirmed,Payer: mixed panel — screen at intake; HMO plans need PCP referral (we assist).,"Thank you for the patients you've sent. OPEN: you already trust us with ortho. MESSAGE: spine works exactly the same way — your patients with back or neck pain get seen the same week — imaging, conservative care, interventional and surgical under one roof, and we handle HMO referral paperwork with your staff. ASK: send the next back/neck patient the way you send knees and shoulders."
a7f38558-5076-4a5b-9bd2-68b110ff29c1,Corewell Health Family Medicine -SAINT CLAIR SHORES,Coty,Tier 2,Wave 2,PCP,Ortho Referrer,0,1,"Sheena P Shah, MD (1 ortho)",4,MIXED-SYSTEM,Hospital-system site — mixed commercial + Medicare + some Medicaid; qualified with intake screening,Heuristic — verify — intake (Kelly) verifies Tier 1 first; NOT confirmed,Payer: mixed panel — screen at intake; HMO plans need PCP referral (we assist).,"Thank you for the patients you've sent. OPEN: you already trust us with ortho. MESSAGE: spine works exactly the same way — your patients with back or neck pain get seen the same week — imaging, conservative care, interventional and surgical under one roof, and we handle HMO referral paperwork with your staff. ASK: send the next back/neck patient the way you send knees and shoulders."
94e41be8-c824-4bbd-8119-47ffbb084071,Corewell Health Medical Group East,Coty,Tier 2,Wave 2,PCP,Ortho Referrer,0,1,"Deepali Jain, MD (1 ortho)",8,MIXED-SYSTEM,Hospital-system site — mixed commercial + Medicare + some Medicaid; qualified with intake screening,Heuristic — verify — intake (Kelly) verifies Tier 1 first; NOT confirmed,Payer: mixed panel — screen at intake; HMO plans need PCP referral (we assist).,"Thank you for the patients you've sent. OPEN: you already trust us with ortho. MESSAGE: spine works exactly the same way — your patients with back or neck pain get seen the same week — imaging, conservative care, interventional and surgical under one roof, and we handle HMO referral paperwork with your staff. ASK: send the next back/neck patient the way you send knees and shoulders."
2ce334a8-959e-4c7d-9b94-f3d5cb4183a3,Corewell Internal Medicine Midway,Coty,Tier 2,Wave 2,PCP,Ortho Referrer,0,1,"Shailaja Rastogi, MD (1 ortho)",5,MIXED-SYSTEM,Hospital-system site — mixed commercial + Medicare + some Medicaid; qualified with intake screening,Heuristic — verify — intake (Kelly) verifies Tier 1 first; NOT confirmed,Payer: mixed panel — screen at intake; HMO plans need PCP referral (we assist).,"Thank you for the patients you've sent. OPEN: you already trust us with ortho. MESSAGE: spine works exactly the same way — your patients with back or neck pain get seen the same week — imaging, conservative care, interventional and surgical under one roof, and we handle HMO referral paperwork with your staff. ASK: send the next back/neck patient the way you send knees and shoulders."
5eb36bb9-fcd1-4d12-be8d-6cc4527f5a13,"GREAT LAKE PHYSICIANS, PC",Coty,Tier 2,Wave 2,Orthopedic,Ortho Referrer,0,1,"Jayshree Desai, MD (1 ortho)",3,COMM-LIKELY,Private specialty practice — commercial/Medicare-likely (QUALIFIED); confirm,Heuristic — verify — intake (Kelly) verifies Tier 1 first; NOT confirmed,Payer: commercial/Medicare-likely — HMO referrals handled with your staff.,"Thank you for the patients you've sent. OPEN: you already trust us with ortho. MESSAGE: spine works exactly the same way — for the spine cases outside your scope, we co-manage: your patient stays yours, our spine team handles just the spine problem, notes back to you every visit. ASK: send the next back/neck patient the way you send knees and shoulders."
302019e4-0b7f-4f55-bdca-192920804d63,Meadowbrook Internists,Coty,Tier 2,Wave 2,PCP,Ortho Referrer,0,1,"Namir Stephan, MD (1 ortho)",2,COMM-LIKELY,PCP — commercial/Medicare-likely; confirm HMO share (BCN/HAP/McLaren/Priority HMO need PCP referral — we handle that),Heuristic — verify — intake (Kelly) verifies Tier 1 first; NOT confirmed,Payer: commercial/Medicare-likely — HMO referrals handled with your staff.,"Thank you for the patients you've sent. OPEN: you already trust us with ortho. MESSAGE: spine works exactly the same way — your patients with back or neck pain get seen the same week — imaging, conservative care, interventional and surgical under one roof, and we handle HMO referral paperwork with your staff. ASK: send the next back/neck patient the way you send knees and shoulders."
1053422006,Oakland Internal Medicine Associates - Henry Ford,Coty,Tier 2,Wave 2,PCP,Ortho Referrer,0,2,"Tiffany Lynn Bassily, DO (1 ortho) · James M Learner, DO",3,MIXED-SYSTEM,Hospital-system site — mixed commercial + Medicare + some Medicaid; qualified with intake screening,Heuristic — verify — intake (Kelly) verifies Tier 1 first; NOT confirmed,Payer: mixed panel — screen at intake; HMO plans need PCP referral (we assist).,"Thank you for the patients you've sent. OPEN: you already trust us with ortho. MESSAGE: spine works exactly the same way — your patients with back or neck pain get seen the same week — imaging, conservative care, interventional and surgical under one roof, and we handle HMO referral paperwork with your staff. ASK: send the next back/neck patient the way you send knees and shoulders."
7949ef7e-580c-41cc-b7ee-5a5d6dadc605,Precise Chiropractic,Coty,Tier 2,Wave 2,Chiropractor,Ortho Referrer,0,1,Michael Hanselman (1 ortho),4,COMM-WCPI,Chiro — commercial + WC/PI mix (QUALIFIED); screen auto/WC liens,Heuristic — verify — intake (Kelly) verifies Tier 1 first; NOT confirmed,Payer: commercial + auto/WC liens welcome; screen Medicaid share.,"Thank you for the patients you've sent. OPEN: you already trust us with ortho. MESSAGE: spine works exactly the same way — co-management for patients who plateau — imaging access, interventional options, surgical consults when warranted, and every patient returns to your care plan with notes. ASK: send the next back/neck patient the way you send knees and shoulders."
b95fc8ff-585a-4d2e-9aae-c2ea0fd1b50c,Prism Medical Group - Family Medicine Ste 240,Coty,Tier 2,Wave 2,PCP,Ortho Referrer,0,2,"Roby J Geevarghese, MD (1 ortho) · Kelly Z Ortwine, MD",5,COMM-LIKELY,PCP — commercial/Medicare-likely; confirm HMO share (BCN/HAP/McLaren/Priority HMO need PCP referral — we handle that),Heuristic — verify — intake (Kelly) verifies Tier 1 first; NOT confirmed,Payer: commercial/Medicare-likely — HMO referrals handled with your staff.,"Thank you for the patients you've sent. OPEN: you already trust us with ortho. MESSAGE: spine works exactly the same way — your patients with back or neck pain get seen the same week — imaging, conservative care, interventional and surgical under one roof, and we handle HMO referral paperwork with your staff. ASK: send the next back/neck patient the way you send knees and shoulders."
c80937d7-1504-43ae-af51-bb0f13603168,Troy Health Center,Coty,Tier 2,Wave 2,PCP,Ortho Referrer,0,2,"Jinping Xu, MD (1 ortho) · Nehman Lauder, MD",2,MEDICAID-LIKELY,Community-health/FQHC pattern — Medicaid-heavy panel likely; payer gate: cap Tier 2 until VERIFIED,Heuristic — VERIFY FIRST — intake (Kelly) verifies Tier 1 first; NOT confirmed,Payer CAUTION: likely Medicaid-heavy — do NOT promise same-week until eligibility verified; uninsured → Harmony Health Direct Pay.,"Thank you for the patients you've sent. OPEN: you already trust us with ortho. MESSAGE: spine works exactly the same way — your patients with back or neck pain get seen the same week — imaging, conservative care, interventional and surgical under one roof, and we handle HMO referral paperwork with your staff. ASK: send the next back/neck patient the way you send knees and shoulders."
e160ee5a-9916-41e2-b0c6-e2dae5007a6e,Troy Primary Care,Coty,Tier 2,Wave 2,PCP,Ortho Referrer,0,1,"Hadeel Kado, MD (1 ortho)",3,COMM-LIKELY,PCP — commercial/Medicare-likely; confirm HMO share (BCN/HAP/McLaren/Priority HMO need PCP referral — we handle that),Heuristic — verify — intake (Kelly) verifies Tier 1 first; NOT confirmed,Payer: commercial/Medicare-likely — HMO referrals handled with your staff.,"Thank you for the patients you've sent. OPEN: you already trust us with ortho. MESSAGE: spine works exactly the same way — your patients with back or neck pain get seen the same week — imaging, conservative care, interventional and surgical under one roof, and we handle HMO referral paperwork with your staff. ASK: send the next back/neck patient the way you send knees and shoulders."
235de96a-2ae5-47a2-bf9a-8379e846684a,Urgent Care Family,Coty,Tier 2,Wave 2,Urgent Care,Ortho Referrer,0,1,"Lena Mansour, MD (1 ortho)",2,MIXED-WALKIN,Walk-in panel — mixed payers; qualified with intake screening,Heuristic — verify — intake (Kelly) verifies Tier 1 first; NOT confirmed,Payer: walk-in mix — intake screens each referral; commercial/Medicare flow same-week.,"Thank you for the patients you've sent. OPEN: you already trust us with ortho. MESSAGE: spine works exactly the same way — an acute back/neck pathway: your discharge sheet can book a spine evaluation the same week — one number, we take it from there. ASK: send the next back/neck patient the way you send knees and shoulders."
d96ab765-7e8d-447c-b9a1-72f2bcda2283,Vital Medicine,Coty,Tier 2,Wave 2,PCP,Ortho Referrer,0,1,"Ala Shuker, MD (1 ortho)",2,COMM-LIKELY,PCP — commercial/Medicare-likely; confirm HMO share (BCN/HAP/McLaren/Priority HMO need PCP referral — we handle that),Heuristic — verify — intake (Kelly) verifies Tier 1 first; NOT confirmed,Payer: commercial/Medicare-likely — HMO referrals handled with your staff.,"Thank you for the patients you've sent. OPEN: you already trust us with ortho. MESSAGE: spine works exactly the same way — your patients with back or neck pain get seen the same week — imaging, conservative care, interventional and surgical under one roof, and we handle HMO referral paperwork with your staff. ASK: send the next back/neck patient the way you send knees and shoulders."
31a45584-b284-4569-b97c-27016e2c1362,Dr. Robin’s Heath and Wellness Center,Kristen,Tier 2,Wave 2,PCP,Ortho Referrer,0,1,"Robin L Lipski, DO (1 ortho)",1,COMM-LIKELY,PCP — commercial/Medicare-likely; confirm HMO share (BCN/HAP/McLaren/Priority HMO need PCP referral — we handle that),Heuristic — verify — intake (Kelly) verifies Tier 1 first; NOT confirmed,Payer: commercial/Medicare-likely — HMO referrals handled with your staff.,"Thank you for the patients you've sent. OPEN: you already trust us with ortho. MESSAGE: spine works exactly the same way — your patients with back or neck pain get seen the same week — imaging, conservative care, interventional and surgical under one roof, and we handle HMO referral paperwork with your staff. ASK: send the next back/neck patient the way you send knees and shoulders."
522bb9a7-68be-41af-9408-b29b136875e0,Health Care Medical Center,Kristen,Tier 2,Wave 2,PCP,Ortho Referrer,0,1,"Vinod Kohli, MD (1 ortho)",1,COMM-LIKELY,PCP — commercial/Medicare-likely; confirm HMO share (BCN/HAP/McLaren/Priority HMO need PCP referral — we handle that),Heuristic — verify — intake (Kelly) verifies Tier 1 first; NOT confirmed,Payer: commercial/Medicare-likely — HMO referrals handled with your staff.,"Thank you for the patients you've sent. OPEN: you already trust us with ortho. MESSAGE: spine works exactly the same way — your patients with back or neck pain get seen the same week — imaging, conservative care, interventional and surgical under one roof, and we handle HMO referral paperwork with your staff. ASK: send the next back/neck patient the way you send knees and shoulders."
b1d08ae6-47db-4f5e-ae59-860765486ca0,Mark Sisson Law,Kristen,Tier 2,Wave 2,Attorney / Legal,Ortho Referrer,0,1,Mark Sisson Law (1 ortho),3,WC-AUTO,"WC / Auto No-Fault — commercial-equivalent, no referral needed (QUALIFIED)",Rule (payer taxonomy) — confirm case mix on visit — intake (Kelly) verifies Tier 1 first; NOT confirmed,"Payer: auto no-fault + WC accepted, no referral, no copay.","Thank you for the patients you've sent. OPEN: service check — are records, scheduling and communication meeting your standard? MESSAGE: auto no-fault and workers' comp spine evaluations with fast scheduling, thorough documentation and clean records turnaround — service only, evaluated on clinical merit. ASK: keep us as the spine evaluation resource for auto/WC clients; leave the direct scheduling line + records turnaround commitment."
c53a52e1-de9e-438f-87b9-f80c5bf3c183,NICOLOFF HOLISTIC FAMILY MEDICINE,Kristen,Tier 2,Wave 2,PCP,Ortho Referrer,0,1,"George Nicoloff, MD (1 ortho)",1,COMM-LIKELY,PCP — commercial/Medicare-likely; confirm HMO share (BCN/HAP/McLaren/Priority HMO need PCP referral — we handle that),Heuristic — verify — intake (Kelly) verifies Tier 1 first; NOT confirmed,Payer: commercial/Medicare-likely — HMO referrals handled with your staff.,"Thank you for the patients you've sent. OPEN: you already trust us with ortho. MESSAGE: spine works exactly the same way — your patients with back or neck pain get seen the same week — imaging, conservative care, interventional and surgical under one roof, and we handle HMO referral paperwork with your staff. ASK: send the next back/neck patient the way you send knees and shoulders."
1013009901,Plumbrook Medical Center,Kristen,Tier 2,Wave 2,PCP,Ortho Referrer,0,1,"Fredric Neumann, DO (1 ortho)",3,COMM-LIKELY,PCP — commercial/Medicare-likely; confirm HMO share (BCN/HAP/McLaren/Priority HMO need PCP referral — we handle that),Heuristic — verify — intake (Kelly) verifies Tier 1 first; NOT confirmed,Payer: commercial/Medicare-likely — HMO referrals handled with your staff.,"Thank you for the patients you've sent. OPEN: you already trust us with ortho. MESSAGE: spine works exactly the same way — your patients with back or neck pain get seen the same week — imaging, conservative care, interventional and surgical under one roof, and we handle HMO referral paperwork with your staff. ASK: send the next back/neck patient the way you send knees and shoulders."
24230075-46f5-44cf-bd8f-deb5f276aa99,ACADEMIC INTERNAL MEDICINE SPECIALISTS,Jasmine,Tier 2,Wave 2,PCP,Ortho Referrer,0,1,"Michael A Williams, MD (1 ortho)",9,COMM-LIKELY,PCP — commercial/Medicare-likely; confirm HMO share (BCN/HAP/McLaren/Priority HMO need PCP referral — we handle that),Heuristic — verify — intake (Kelly) verifies Tier 1 first; NOT confirmed,Payer: commercial/Medicare-likely — HMO referrals handled with your staff.,"Thank you for the patients you've sent. OPEN: you already trust us with ortho. MESSAGE: spine works exactly the same way — your patients with back or neck pain get seen the same week — imaging, conservative care, interventional and surgical under one roof, and we handle HMO referral paperwork with your staff. ASK: send the next back/neck patient the way you send knees and shoulders."
ce969d89-5e72-4361-9024-039ad31f5bc3,CENTER FOR INTERNAL MEDICINE CONTINUITY CLINIC,Jasmine,Tier 2,Wave 2,PCP,Ortho Referrer,0,1,"Hao Nguyen, DO (1 ortho)",2,COMM-LIKELY,PCP — commercial/Medicare-likely; confirm HMO share (BCN/HAP/McLaren/Priority HMO need PCP referral — we handle that),Heuristic — verify — intake (Kelly) verifies Tier 1 first; NOT confirmed,Payer: commercial/Medicare-likely — HMO referrals handled with your staff.,"Thank you for the patients you've sent. OPEN: you already trust us with ortho. MESSAGE: spine works exactly the same way — your patients with back or neck pain get seen the same week — imaging, conservative care, interventional and surgical under one roof, and we handle HMO referral paperwork with your staff. ASK: send the next back/neck patient the way you send knees and shoulders."
fc1455cf-74a6-4b97-b05f-e677351745de,MI Express Urgent Care,Jasmine,Tier 2,Wave 2,Orthopedic,Ortho Referrer,0,1,MI Express Urgent Care (1 ortho),2,COMM-LIKELY,Private specialty practice — commercial/Medicare-likely (QUALIFIED); confirm,Heuristic — verify — intake (Kelly) verifies Tier 1 first; NOT confirmed,Payer: commercial/Medicare-likely — HMO referrals handled with your staff.,"Thank you for the patients you've sent. OPEN: you already trust us with ortho. MESSAGE: spine works exactly the same way — for the spine cases outside your scope, we co-manage: your patient stays yours, our spine team handles just the spine problem, notes back to you every visit. ASK: send the next back/neck patient the way you send knees and shoulders."
3d10a23f-49c8-4b30-b87f-ae7465e0f588,Tri County Neurology,Jasmine,Tier 2,Wave 2,Neurology,Ortho Referrer,0,1,"Saadia Siddiqui, MD (1 ortho)",3,COMM-LIKELY,Private specialty practice — commercial/Medicare-likely (QUALIFIED); confirm,Heuristic — verify — intake (Kelly) verifies Tier 1 first; NOT confirmed,Payer: commercial/Medicare-likely — HMO referrals handled with your staff.,"Thank you for the patients you've sent. OPEN: you already trust us with ortho. MESSAGE: spine works exactly the same way — shared patients with radiculopathy or stenosis get imaging and interventional/surgical evaluation same-week, with your notes closed-loop. ASK: send the next back/neck patient the way you send knees and shoulders."
400aeb1f-6186-4eb7-98c8-0544491af836,UofM Canton Health Center General Medicine,Jasmine,Tier 2,Wave 2,PCP,Ortho Referrer,0,1,"Kristin M Collier, MD (1 ortho)",12,MEDICAID-LIKELY,Community-health/FQHC pattern — Medicaid-heavy panel likely; payer gate: cap Tier 2 until VERIFIED,Heuristic — VERIFY FIRST — intake (Kelly) verifies Tier 1 first; NOT confirmed,Payer CAUTION: likely Medicaid-heavy — do NOT promise same-week until eligibility verified; uninsured → Harmony Health Direct Pay.,"Thank you for the patients you've sent. OPEN: you already trust us with ortho. MESSAGE: spine works exactly the same way — your patients with back or neck pain get seen the same week — imaging, conservative care, interventional and surgical under one roof, and we handle HMO referral paperwork with your staff. ASK: send the next back/neck patient the way you send knees and shoulders."
b0dd30c7-d622-45a0-afcc-00519e73eca3,Belamedica,Coty,Tier 2,Wave 2,PCP,Ortho Referrer,0,1,"Svetlana Mishulin, MD (1 ortho)",2,COMM-LIKELY,PCP — commercial/Medicare-likely; confirm HMO share (BCN/HAP/McLaren/Priority HMO need PCP referral — we handle that),Heuristic — verify — intake (Kelly) verifies Tier 1 first; NOT confirmed,Payer: commercial/Medicare-likely — HMO referrals handled with your staff.,"Thank you for the patients you've sent. OPEN: you already trust us with ortho. MESSAGE: spine works exactly the same way — your patients with back or neck pain get seen the same week — imaging, conservative care, interventional and surgical under one roof, and we handle HMO referral paperwork with your staff. ASK: send the next back/neck patient the way you send knees and shoulders."
67778aa6-f0ab-4aac-80f9-0de0c25b2ac8,Cornerstone Garfield Family Practice - Ascension,Coty,Tier 2,Wave 2,PCP,Ortho Referrer,0,3,"Carlisle Vendittelli, MD (1 ortho) · Ryan Gleesing, DO",10,MIXED-SYSTEM,Hospital-system site — mixed commercial + Medicare + some Medicaid; qualified with intake screening,Heuristic — verify — intake (Kelly) verifies Tier 1 first; NOT confirmed,Payer: mixed panel — screen at intake; HMO plans need PCP referral (we assist).,"Thank you for the patients you've sent. OPEN: you already trust us with ortho. MESSAGE: spine works exactly the same way — your patients with back or neck pain get seen the same week — imaging, conservative care, interventional and surgical under one roof, and we handle HMO referral paperwork with your staff. ASK: send the next back/neck patient the way you send knees and shoulders."
58979922-388f-454f-97f0-c730f11f6434,Hope Medical Center,Coty,Tier 2,Wave 2,PCP,Ortho Referrer,0,1,"Raja Lewis, MD (1 ortho)",1,COMM-LIKELY,PCP — commercial/Medicare-likely; confirm HMO share (BCN/HAP/McLaren/Priority HMO need PCP referral — we handle that),Heuristic — verify — intake (Kelly) verifies Tier 1 first; NOT confirmed,Payer: commercial/Medicare-likely — HMO referrals handled with your staff.,"Thank you for the patients you've sent. OPEN: you already trust us with ortho. MESSAGE: spine works exactly the same way — your patients with back or neck pain get seen the same week — imaging, conservative care, interventional and surgical under one roof, and we handle HMO referral paperwork with your staff. ASK: send the next back/neck patient the way you send knees and shoulders."
1720079437,John R Medical Clinic,Coty,Tier 2,Wave 2,PCP,Ortho Referrer,0,1,"Habib G Gennaoui, MD (1 ortho)",2,COMM-LIKELY,PCP — commercial/Medicare-likely; confirm HMO share (BCN/HAP/McLaren/Priority HMO need PCP referral — we handle that),Heuristic — verify — intake (Kelly) verifies Tier 1 first; NOT confirmed,Payer: commercial/Medicare-likely — HMO referrals handled with your staff.,"Thank you for the patients you've sent. OPEN: you already trust us with ortho. MESSAGE: spine works exactly the same way — your patients with back or neck pain get seen the same week — imaging, conservative care, interventional and surgical under one roof, and we handle HMO referral paperwork with your staff. ASK: send the next back/neck patient the way you send knees and shoulders."
1265482095,Normandy Family Practice,Coty,Tier 2,Wave 2,PCP,Ortho Referrer,0,1,"Mark R Kurzawa, MD (1 ortho)",3,COMM-LIKELY,PCP — commercial/Medicare-likely; confirm HMO share (BCN/HAP/McLaren/Priority HMO need PCP referral — we handle that),Heuristic — verify — intake (Kelly) verifies Tier 1 first; NOT confirmed,Payer: commercial/Medicare-likely — HMO referrals handled with your staff.,"Thank you for the patients you've sent. OPEN: you already trust us with ortho. MESSAGE: spine works exactly the same way — your patients with back or neck pain get seen the same week — imaging, conservative care, interventional and surgical under one roof, and we handle HMO referral paperwork with your staff. ASK: send the next back/neck patient the way you send knees and shoulders."
1700883345,Premier Family Physicians,Coty,Tier 2,Wave 2,PCP,Ortho Referrer,0,1,"Farzin Reza Namei, MD (1 ortho)",1,COMM-LIKELY,PCP — commercial/Medicare-likely; confirm HMO share (BCN/HAP/McLaren/Priority HMO need PCP referral — we handle that),Heuristic — verify — intake (Kelly) verifies Tier 1 first; NOT confirmed,Payer: commercial/Medicare-likely — HMO referrals handled with your staff.,"Thank you for the patients you've sent. OPEN: you already trust us with ortho. MESSAGE: spine works exactly the same way — your patients with back or neck pain get seen the same week — imaging, conservative care, interventional and surgical under one roof, and we handle HMO referral paperwork with your staff. ASK: send the next back/neck patient the way you send knees and shoulders."
2e8aa328-e0cf-478e-8b39-00f6628c15ac,Prism Medical Group - Internal Medicine,Coty,Tier 2,Wave 2,PCP,Ortho Referrer,0,1,"Todd Hachigian, MD (1 ortho)",5,COMM-LIKELY,PCP — commercial/Medicare-likely; confirm HMO share (BCN/HAP/McLaren/Priority HMO need PCP referral — we handle that),Heuristic — verify — intake (Kelly) verifies Tier 1 first; NOT confirmed,Payer: commercial/Medicare-likely — HMO referrals handled with your staff.,"Thank you for the patients you've sent. OPEN: you already trust us with ortho. MESSAGE: spine works exactly the same way — your patients with back or neck pain get seen the same week — imaging, conservative care, interventional and surgical under one roof, and we handle HMO referral paperwork with your staff. ASK: send the next back/neck patient the way you send knees and shoulders."
1154434975,Shores Internal Medicine,Coty,Tier 2,Wave 2,PCP,Ortho Referrer,0,1,"Sailaja Datla, MD (1 ortho)",1,COMM-LIKELY,PCP — commercial/Medicare-likely; confirm HMO share (BCN/HAP/McLaren/Priority HMO need PCP referral — we handle that),Heuristic — verify — intake (Kelly) verifies Tier 1 first; NOT confirmed,Payer: commercial/Medicare-likely — HMO referrals handled with your staff.,"Thank you for the patients you've sent. OPEN: you already trust us with ortho. MESSAGE: spine works exactly the same way — your patients with back or neck pain get seen the same week — imaging, conservative care, interventional and surgical under one roof, and we handle HMO referral paperwork with your staff. ASK: send the next back/neck patient the way you send knees and shoulders."
617ab041-696a-4d5d-92bd-eb43c5eb4276,ALLEN PARK FAMILY PHYSICIANS,Kristen,Tier 2,Wave 2,PCP,Ortho Referrer,0,2,"Patrick R Vandehey, DO (1 ortho) · Patrick Vandehey",3,COMM-LIKELY,PCP — commercial/Medicare-likely; confirm HMO share (BCN/HAP/McLaren/Priority HMO need PCP referral — we handle that),Heuristic — verify — intake (Kelly) verifies Tier 1 first; NOT confirmed,Payer: commercial/Medicare-likely — HMO referrals handled with your staff.,"Thank you for the patients you've sent. OPEN: you already trust us with ortho. MESSAGE: spine works exactly the same way — your patients with back or neck pain get seen the same week — imaging, conservative care, interventional and surgical under one roof, and we handle HMO referral paperwork with your staff. ASK: send the next back/neck patient the way you send knees and shoulders."
2042f8c4-062b-497d-93cd-a5501bc57707,APH - Pavillion IM Use this one,Kristen,Tier 2,Wave 2,PCP,Ortho Referrer,0,1,"Yosef Yitzchok Huber, MD (1 ortho)",5,COMM-LIKELY,PCP — commercial/Medicare-likely; confirm HMO share (BCN/HAP/McLaren/Priority HMO need PCP referral — we handle that),Heuristic — verify — intake (Kelly) verifies Tier 1 first; NOT confirmed,Payer: commercial/Medicare-likely — HMO referrals handled with your staff.,"Thank you for the patients you've sent. OPEN: you already trust us with ortho. MESSAGE: spine works exactly the same way — your patients with back or neck pain get seen the same week — imaging, conservative care, interventional and surgical under one roof, and we handle HMO referral paperwork with your staff. ASK: send the next back/neck patient the way you send knees and shoulders."
7f38b648-2666-44e3-ad8a-135b873364c5,BASEL BRIKHO MEDICAL GROUP - use this one,Kristen,Tier 2,Wave 2,PCP,Ortho Referrer,0,1,Mada H Jamil Md Mph (1 ortho),2,COMM-LIKELY,PCP — commercial/Medicare-likely; confirm HMO share (BCN/HAP/McLaren/Priority HMO need PCP referral — we handle that),Heuristic — verify — intake (Kelly) verifies Tier 1 first; NOT confirmed,Payer: commercial/Medicare-likely — HMO referrals handled with your staff.,"Thank you for the patients you've sent. OPEN: you already trust us with ortho. MESSAGE: spine works exactly the same way — your patients with back or neck pain get seen the same week — imaging, conservative care, interventional and surgical under one roof, and we handle HMO referral paperwork with your staff. ASK: send the next back/neck patient the way you send knees and shoulders."
1841257029,Bully Family Physicians,Kristen,Tier 2,Wave 2,PCP,Ortho Referrer,0,2,"Tammie Bully, MD (1 ortho)",2,COMM-LIKELY,PCP — commercial/Medicare-likely; confirm HMO share (BCN/HAP/McLaren/Priority HMO need PCP referral — we handle that),Heuristic — verify — intake (Kelly) verifies Tier 1 first; NOT confirmed,Payer: commercial/Medicare-likely — HMO referrals handled with your staff.,"Thank you for the patients you've sent. OPEN: you already trust us with ortho. MESSAGE: spine works exactly the same way — your patients with back or neck pain get seen the same week — imaging, conservative care, interventional and surgical under one roof, and we handle HMO referral paperwork with your staff. ASK: send the next back/neck patient the way you send knees and shoulders."
1a773df8-9f15-454d-a12a-8fd6751d4903,"CHARLES G GODOSHIAN, MD, PC",Kristen,Tier 2,Wave 2,PCP,Ortho Referrer,0,1,"Charles G Godoshian, MD (1 ortho)",2,COMM-LIKELY,PCP — commercial/Medicare-likely; confirm HMO share (BCN/HAP/McLaren/Priority HMO need PCP referral — we handle that),Heuristic — verify — intake (Kelly) verifies Tier 1 first; NOT confirmed,Payer: commercial/Medicare-likely — HMO referrals handled with your staff.,"Thank you for the patients you've sent. OPEN: you already trust us with ortho. MESSAGE: spine works exactly the same way — your patients with back or neck pain get seen the same week — imaging, conservative care, interventional and surgical under one roof, and we handle HMO referral paperwork with your staff. ASK: send the next back/neck patient the way you send knees and shoulders."
2ac1e0f1-866e-4ffa-a132-1099d6d87433,Croswell Clinic - McKenzie Health System,Kristen,Tier 2,Wave 2,PCP,Ortho Referrer,0,1,"Matthew Gormley, MD (1 ortho)",2,COMM-LIKELY,PCP — commercial/Medicare-likely; confirm HMO share (BCN/HAP/McLaren/Priority HMO need PCP referral — we handle that),Heuristic — verify — intake (Kelly) verifies Tier 1 first; NOT confirmed,Payer: commercial/Medicare-likely — HMO referrals handled with your staff.,"Thank you for the patients you've sent. OPEN: you already trust us with ortho. MESSAGE: spine works exactly the same way — your patients with back or neck pain get seen the same week — imaging, conservative care, interventional and surgical under one roof, and we handle HMO referral paperwork with your staff. ASK: send the next back/neck patient the way you send knees and shoulders."
85ababc7-e294-4225-8cc7-28b8a5b1b9e2,Henry Ford Internists - Farmington Hills 150,Kristen,Tier 2,Wave 2,PCP,Ortho Referrer,0,1,"Seth A Goldman, DO (1 ortho)",5,MIXED-SYSTEM,Hospital-system site — mixed commercial + Medicare + some Medicaid; qualified with intake screening,Heuristic — verify — intake (Kelly) verifies Tier 1 first; NOT confirmed,Payer: mixed panel — screen at intake; HMO plans need PCP referral (we assist).,"Thank you for the patients you've sent. OPEN: you already trust us with ortho. MESSAGE: spine works exactly the same way — your patients with back or neck pain get seen the same week — imaging, conservative care, interventional and surgical under one roof, and we handle HMO referral paperwork with your staff. ASK: send the next back/neck patient the way you send knees and shoulders."
74b8c0cb-3736-44a0-9158-3b8106c9c58f,IPHCA,Kristen,Tier 2,Wave 2,PCP,Ortho Referrer,0,1,"Suzan Syed, MD (1 ortho)",4,COMM-LIKELY,PCP — commercial/Medicare-likely; confirm HMO share (BCN/HAP/McLaren/Priority HMO need PCP referral — we handle that),Heuristic — verify — intake (Kelly) verifies Tier 1 first; NOT confirmed,Payer: commercial/Medicare-likely — HMO referrals handled with your staff.,"Thank you for the patients you've sent. OPEN: you already trust us with ortho. MESSAGE: spine works exactly the same way — your patients with back or neck pain get seen the same week — imaging, conservative care, interventional and surgical under one roof, and we handle HMO referral paperwork with your staff. ASK: send the next back/neck patient the way you send knees and shoulders."
b4513fe8-6a5e-436a-8c89-648ea99ad482,Lake Huron Medical Center - Fort Gratiot,Kristen,Tier 2,Wave 2,PCP,Ortho Referrer,0,1,"Rubaiya Faruque, DO (1 ortho)",2,COMM-LIKELY,PCP — commercial/Medicare-likely; confirm HMO share (BCN/HAP/McLaren/Priority HMO need PCP referral — we handle that),Heuristic — verify — intake (Kelly) verifies Tier 1 first; NOT confirmed,Payer: commercial/Medicare-likely — HMO referrals handled with your staff.,"Thank you for the patients you've sent. OPEN: you already trust us with ortho. MESSAGE: spine works exactly the same way — your patients with back or neck pain get seen the same week — imaging, conservative care, interventional and surgical under one roof, and we handle HMO referral paperwork with your staff. ASK: send the next back/neck patient the way you send knees and shoulders."
078d2fa6-e81c-41d1-95f2-04234d511192,Legend Health - Now One Health,Kristen,Tier 2,Wave 2,PCP,Ortho Referrer,0,3,"Theresa Brietzke (1 ortho) · David Williams, MD",6,COMM-LIKELY,PCP — commercial/Medicare-likely; confirm HMO share (BCN/HAP/McLaren/Priority HMO need PCP referral — we handle that),Heuristic — verify — intake (Kelly) verifies Tier 1 first; NOT confirmed,Payer: commercial/Medicare-likely — HMO referrals handled with your staff.,"Thank you for the patients you've sent. OPEN: you already trust us with ortho. MESSAGE: spine works exactly the same way — your patients with back or neck pain get seen the same week — imaging, conservative care, interventional and surgical under one roof, and we handle HMO referral paperwork with your staff. ASK: send the next back/neck patient the way you send knees and shoulders."
292b69e3-3f35-422f-a60b-87c0ddf678d1,McLaren Port Huron Fort Gratiot Internal Medicine,Kristen,Tier 2,Wave 2,PCP,Ortho Referrer,0,1,"Jason Whateley, MD (1 ortho)",2,MIXED-SYSTEM,Hospital-system site — mixed commercial + Medicare + some Medicaid; qualified with intake screening,Heuristic — verify — intake (Kelly) verifies Tier 1 first; NOT confirmed,Payer: mixed panel — screen at intake; HMO plans need PCP referral (we assist).,"Thank you for the patients you've sent. OPEN: you already trust us with ortho. MESSAGE: spine works exactly the same way — your patients with back or neck pain get seen the same week — imaging, conservative care, interventional and surgical under one roof, and we handle HMO referral paperwork with your staff. ASK: send the next back/neck patient the way you send knees and shoulders."
1972588259,Millenium Associated Physicians - 130A,Kristen,Tier 2,Wave 2,PCP,Ortho Referrer,0,1,"Barry Feldman, MD (1 ortho)",10,COMM-LIKELY,PCP — commercial/Medicare-likely; confirm HMO share (BCN/HAP/McLaren/Priority HMO need PCP referral — we handle that),Heuristic — verify — intake (Kelly) verifies Tier 1 first; NOT confirmed,Payer: commercial/Medicare-likely — HMO referrals handled with your staff.,"Thank you for the patients you've sent. OPEN: you already trust us with ortho. MESSAGE: spine works exactly the same way — your patients with back or neck pain get seen the same week — imaging, conservative care, interventional and surgical under one roof, and we handle HMO referral paperwork with your staff. ASK: send the next back/neck patient the way you send knees and shoulders."
27e5353b-7c0d-406b-be13-0d0eb3c3e200,Millennium Affiliated Physicians - 130B,Kristen,Tier 2,Wave 2,PCP,Ortho Referrer,0,2,"Michael White, MD (1 ortho) · Geoffrey Trivax, MD",7,COMM-LIKELY,PCP — commercial/Medicare-likely; confirm HMO share (BCN/HAP/McLaren/Priority HMO need PCP referral — we handle that),Heuristic — verify — intake (Kelly) verifies Tier 1 first; NOT confirmed,Payer: commercial/Medicare-likely — HMO referrals handled with your staff.,"Thank you for the patients you've sent. OPEN: you already trust us with ortho. MESSAGE: spine works exactly the same way — your patients with back or neck pain get seen the same week — imaging, conservative care, interventional and surgical under one roof, and we handle HMO referral paperwork with your staff. ASK: send the next back/neck patient the way you send knees and shoulders."
81f49d59-3845-4c1e-8a21-7b2a067375e5,Oakland Integrated Healthcare Network,Kristen,Tier 2,Wave 2,PCP,Ortho Referrer,0,1,"Faisal M Shareefuddin, MD (1 ortho)",2,MEDICAID-LIKELY,Community-health/FQHC pattern — Medicaid-heavy panel likely; payer gate: cap Tier 2 until VERIFIED,Heuristic — VERIFY FIRST — intake (Kelly) verifies Tier 1 first; NOT confirmed,Payer CAUTION: likely Medicaid-heavy — do NOT promise same-week until eligibility verified; uninsured → Harmony Health Direct Pay.,"Thank you for the patients you've sent. OPEN: you already trust us with ortho. MESSAGE: spine works exactly the same way — your patients with back or neck pain get seen the same week — imaging, conservative care, interventional and surgical under one roof, and we handle HMO referral paperwork with your staff. ASK: send the next back/neck patient the way you send knees and shoulders."
81d28e80-f8a8-4a1f-a027-35e8a21e8366,Pavilion Family Practice - use this one,Kristen,Tier 2,Wave 2,PCP,Ortho Referrer,0,1,"Lauren Uroda, MD (1 ortho)",4,COMM-LIKELY,PCP — commercial/Medicare-likely; confirm HMO share (BCN/HAP/McLaren/Priority HMO need PCP referral — we handle that),Heuristic — verify — intake (Kelly) verifies Tier 1 first; NOT confirmed,Payer: commercial/Medicare-likely — HMO referrals handled with your staff.,"Thank you for the patients you've sent. OPEN: you already trust us with ortho. MESSAGE: spine works exactly the same way — your patients with back or neck pain get seen the same week — imaging, conservative care, interventional and surgical under one roof, and we handle HMO referral paperwork with your staff. ASK: send the next back/neck patient the way you send knees and shoulders."
f6ae01d5-e2aa-485f-93b1-7586e5fdcd26,Physician HeathCare Network - Marysville,Kristen,Tier 2,Wave 2,PCP,Ortho Referrer,0,1,"John D Colombo, MD (1 ortho)",9,COMM-LIKELY,PCP — commercial/Medicare-likely; confirm HMO share (BCN/HAP/McLaren/Priority HMO need PCP referral — we handle that),Heuristic — verify — intake (Kelly) verifies Tier 1 first; NOT confirmed,Payer: commercial/Medicare-likely — HMO referrals handled with your staff.,"Thank you for the patients you've sent. OPEN: you already trust us with ortho. MESSAGE: spine works exactly the same way — your patients with back or neck pain get seen the same week — imaging, conservative care, interventional and surgical under one roof, and we handle HMO referral paperwork with your staff. ASK: send the next back/neck patient the way you send knees and shoulders."
ea50a287-34fb-4325-8a2e-5ba156145624,Plymouth Urgent Care,Kristen,Tier 2,Wave 2,Urgent Care,Ortho Referrer,0,1,Plymouth Urgent Care (1 ortho),2,MIXED-WALKIN,Walk-in panel — mixed payers; qualified with intake screening,Heuristic — verify — intake (Kelly) verifies Tier 1 first; NOT confirmed,Payer: walk-in mix — intake screens each referral; commercial/Medicare flow same-week.,"Thank you for the patients you've sent. OPEN: you already trust us with ortho. MESSAGE: spine works exactly the same way — an acute back/neck pathway: your discharge sheet can book a spine evaluation the same week — one number, we take it from there. ASK: send the next back/neck patient the way you send knees and shoulders."
23ff4711-fcf4-4eb3-bd86-aa07b5332791,Premier Internists - Suite 180,Kristen,Tier 2,Wave 2,PCP,Ortho Referrer,0,5,"Peter Lipson, MD (1 ortho) · Samer A Ilayan · Michael Kizy, MD",8,COMM-LIKELY,PCP — commercial/Medicare-likely; confirm HMO share (BCN/HAP/McLaren/Priority HMO need PCP referral — we handle that),Heuristic — verify — intake (Kelly) verifies Tier 1 first; NOT confirmed,Payer: commercial/Medicare-likely — HMO referrals handled with your staff.,"Thank you for the patients you've sent. OPEN: you already trust us with ortho. MESSAGE: spine works exactly the same way — your patients with back or neck pain get seen the same week — imaging, conservative care, interventional and surgical under one roof, and we handle HMO referral paperwork with your staff. ASK: send the next back/neck patient the way you send knees and shoulders."
e07e12c2-6f7f-48ec-bcea-556f883be0ea,Purdy Chiropractic Center,Kristen,Tier 2,Wave 2,Chiropractor,Ortho Referrer,0,1,"Nicole Purdy- Cantu, DC (1 ortho)",1,COMM-WCPI,Chiro — commercial + WC/PI mix (QUALIFIED); screen auto/WC liens,Heuristic — verify — intake (Kelly) verifies Tier 1 first; NOT confirmed,Payer: commercial + auto/WC liens welcome; screen Medicaid share.,"Thank you for the patients you've sent. OPEN: you already trust us with ortho. MESSAGE: spine works exactly the same way — co-management for patients who plateau — imaging access, interventional options, surgical consults when warranted, and every patient returns to your care plan with notes. ASK: send the next back/neck patient the way you send knees and shoulders."
227a3faf-d636-4f07-adbf-db1d49776b27,Troy Internal Medicine,Kristen,Tier 2,Wave 2,PCP,Ortho Referrer,0,1,"Joseph Gamalski, DO (1 ortho)",27,COMM-LIKELY,PCP — commercial/Medicare-likely; confirm HMO share (BCN/HAP/McLaren/Priority HMO need PCP referral — we handle that),Heuristic — verify — intake (Kelly) verifies Tier 1 first; NOT confirmed,Payer: commercial/Medicare-likely — HMO referrals handled with your staff.,"Thank you for the patients you've sent. OPEN: you already trust us with ortho. MESSAGE: spine works exactly the same way — your patients with back or neck pain get seen the same week — imaging, conservative care, interventional and surgical under one roof, and we handle HMO referral paperwork with your staff. ASK: send the next back/neck patient the way you send knees and shoulders."
ff31198c-887e-4720-94cd-4d7fb158d9b5,WESTLAND CLINIC - use,Kristen,Tier 2,Wave 2,PCP,Ortho Referrer,0,1,"Jodie Colman, NP (1 ortho)",3,COMM-LIKELY,PCP — commercial/Medicare-likely; confirm HMO share (BCN/HAP/McLaren/Priority HMO need PCP referral — we handle that),Heuristic — verify — intake (Kelly) verifies Tier 1 first; NOT confirmed,Payer: commercial/Medicare-likely — HMO referrals handled with your staff.,"Thank you for the patients you've sent. OPEN: you already trust us with ortho. MESSAGE: spine works exactly the same way — your patients with back or neck pain get seen the same week — imaging, conservative care, interventional and surgical under one roof, and we handle HMO referral paperwork with your staff. ASK: send the next back/neck patient the way you send knees and shoulders."
930e15d8-29b2-49a1-be3d-7eae0da7dc41,"BADHWAR ASSOCIATES, MD, PC",Jasmine,Tier 2,Wave 2,PCP,Ortho Referrer,0,1,"Avlokita Badhwar, MD (1 ortho)",4,COMM-LIKELY,PCP — commercial/Medicare-likely; confirm HMO share (BCN/HAP/McLaren/Priority HMO need PCP referral — we handle that),Heuristic — verify — intake (Kelly) verifies Tier 1 first; NOT confirmed,Payer: commercial/Medicare-likely — HMO referrals handled with your staff.,"Thank you for the patients you've sent. OPEN: you already trust us with ortho. MESSAGE: spine works exactly the same way — your patients with back or neck pain get seen the same week — imaging, conservative care, interventional and surgical under one roof, and we handle HMO referral paperwork with your staff. ASK: send the next back/neck patient the way you send knees and shoulders."
4328f444-1a86-4fbb-9849-e8a159cce3e2,Michigan Primary Care - Eastpointe,Jasmine,Tier 2,Wave 2,PCP,Ortho Referrer,0,1,"Colleen Miller, NP (1 ortho)",6,COMM-LIKELY,PCP — commercial/Medicare-likely; confirm HMO share (BCN/HAP/McLaren/Priority HMO need PCP referral — we handle that),Heuristic — verify — intake (Kelly) verifies Tier 1 first; NOT confirmed,Payer: commercial/Medicare-likely — HMO referrals handled with your staff.,"Thank you for the patients you've sent. OPEN: you already trust us with ortho. MESSAGE: spine works exactly the same way — your patients with back or neck pain get seen the same week — imaging, conservative care, interventional and surgical under one roof, and we handle HMO referral paperwork with your staff. ASK: send the next back/neck patient the way you send knees and shoulders."
1710940242,Office of Jeff The DO,Jasmine,Tier 2,Wave 2,PCP,Ortho Referrer,0,1,"Jeff Y The, DO (1 ortho)",1,COMM-LIKELY,PCP — commercial/Medicare-likely; confirm HMO share (BCN/HAP/McLaren/Priority HMO need PCP referral — we handle that),Heuristic — verify — intake (Kelly) verifies Tier 1 first; NOT confirmed,Payer: commercial/Medicare-likely — HMO referrals handled with your staff.,"Thank you for the patients you've sent. OPEN: you already trust us with ortho. MESSAGE: spine works exactly the same way — your patients with back or neck pain get seen the same week — imaging, conservative care, interventional and surgical under one roof, and we handle HMO referral paperwork with your staff. ASK: send the next back/neck patient the way you send knees and shoulders."
24639120-4fbe-4135-8d9e-1409bb0fd8cb,Clarkston Medical Group,Coty,Tier 2,Wave 2,PCP,Ortho Referrer,0,1,"Dean Moscovic, DO (1 ortho)",26,COMM-LIKELY,PCP — commercial/Medicare-likely; confirm HMO share (BCN/HAP/McLaren/Priority HMO need PCP referral — we handle that),Heuristic — verify — intake (Kelly) verifies Tier 1 first; NOT confirmed,Payer: commercial/Medicare-likely — HMO referrals handled with your staff.,"Thank you for the patients you've sent. OPEN: you already trust us with ortho. MESSAGE: spine works exactly the same way — your patients with back or neck pain get seen the same week — imaging, conservative care, interventional and surgical under one roof, and we handle HMO referral paperwork with your staff. ASK: send the next back/neck patient the way you send knees and shoulders."
b24ac823-2845-4622-ad3b-eb46f7171bbb,Clarkston Medical Group Adult & Pediatric Medicine,Coty,Tier 2,Wave 2,PCP,Ortho Referrer,0,1,"Katherine Zwark French, DO (1 ortho)",5,COMM-LIKELY,PCP — commercial/Medicare-likely; confirm HMO share (BCN/HAP/McLaren/Priority HMO need PCP referral — we handle that),Heuristic — verify — intake (Kelly) verifies Tier 1 first; NOT confirmed,Payer: commercial/Medicare-likely — HMO referrals handled with your staff.,"Thank you for the patients you've sent. OPEN: you already trust us with ortho. MESSAGE: spine works exactly the same way — your patients with back or neck pain get seen the same week — imaging, conservative care, interventional and surgical under one roof, and we handle HMO referral paperwork with your staff. ASK: send the next back/neck patient the way you send knees and shoulders."
1699828632,MHP Internal Medicine,Coty,Tier 2,Wave 2,PCP,Ortho Referrer,0,1,"Gary Langnas, DO (1 ortho)",9,COMM-LIKELY,PCP — commercial/Medicare-likely; confirm HMO share (BCN/HAP/McLaren/Priority HMO need PCP referral — we handle that),Heuristic — verify — intake (Kelly) verifies Tier 1 first; NOT confirmed,Payer: commercial/Medicare-likely — HMO referrals handled with your staff.,"Thank you for the patients you've sent. OPEN: you already trust us with ortho. MESSAGE: spine works exactly the same way — your patients with back or neck pain get seen the same week — imaging, conservative care, interventional and surgical under one roof, and we handle HMO referral paperwork with your staff. ASK: send the next back/neck patient the way you send knees and shoulders."
1932288693,Physicians in Family Medicine,Coty,Tier 2,Wave 2,PCP,Ortho Referrer,0,1,"Pamela Pirzada, DO (1 ortho)",2,COMM-LIKELY,PCP — commercial/Medicare-likely; confirm HMO share (BCN/HAP/McLaren/Priority HMO need PCP referral — we handle that),Heuristic — verify — intake (Kelly) verifies Tier 1 first; NOT confirmed,Payer: commercial/Medicare-likely — HMO referrals handled with your staff.,"Thank you for the patients you've sent. OPEN: you already trust us with ortho. MESSAGE: spine works exactly the same way — your patients with back or neck pain get seen the same week — imaging, conservative care, interventional and surgical under one roof, and we handle HMO referral paperwork with your staff. ASK: send the next back/neck patient the way you send knees and shoulders."
865f8b49-ce19-4ffd-8643-a755635f6ccc,"TRENTON TOTAL HEALTH CARE CENTER, PC",Coty,Tier 2,Wave 2,Orthopedic,Ortho Referrer,0,1,"Kajoor Sudhakara, MD (1 ortho)",5,COMM-LIKELY,Private specialty practice — commercial/Medicare-likely (QUALIFIED); confirm,Heuristic — verify — intake (Kelly) verifies Tier 1 first; NOT confirmed,Payer: commercial/Medicare-likely — HMO referrals handled with your staff.,"Thank you for the patients you've sent. OPEN: you already trust us with ortho. MESSAGE: spine works exactly the same way — for the spine cases outside your scope, we co-manage: your patient stays yours, our spine team handles just the spine problem, notes back to you every visit. ASK: send the next back/neck patient the way you send knees and shoulders."
b674ee01-88b6-42e2-8d45-e1de4891ab56,Limitless Physical Therapy and Performance,Kristen,Tier 2,Wave 2,PT,Ortho Referrer,0,1,"Seth King D, PT (1 ortho)",3,COMM-LIKELY,Private specialty practice — commercial/Medicare-likely (QUALIFIED); confirm,Heuristic — verify — intake (Kelly) verifies Tier 1 first; NOT confirmed,Payer: commercial/Medicare-likely — HMO referrals handled with your staff.,"Thank you for the patients you've sent. OPEN: you already trust us with ortho. MESSAGE: spine works exactly the same way — for patients whose progress stalls, a spine consult with imaging same-week — then straight back to your plan of care with clear notes. ASK: send the next back/neck patient the way you send knees and shoulders."
01-484-0595,Neil King Physical Therapy,Kristen,Tier 2,Wave 2,PT,Ortho Referrer,0,1,"Jordan Tomei D, PT (1 ortho)",19,COMM-LIKELY,Private specialty practice — commercial/Medicare-likely (QUALIFIED); confirm,Heuristic — verify — intake (Kelly) verifies Tier 1 first; NOT confirmed,Payer: commercial/Medicare-likely — HMO referrals handled with your staff.,"Thank you for the patients you've sent. OPEN: you already trust us with ortho. MESSAGE: spine works exactly the same way — for patients whose progress stalls, a spine consult with imaging same-week — then straight back to your plan of care with clear notes. ASK: send the next back/neck patient the way you send knees and shoulders."
e5e6ea92-d9c9-49c0-b1f3-b645b04e1adb,WELL BEING PEDIATRICS,Kristen,Tier 2,Wave 2,Pediatrics,Ortho Referrer,0,1,"Seth Forman, MD (1 ortho)",3,PEDS,Pediatric panel — low spine fit regardless of payer,Heuristic — intake (Kelly) verifies Tier 1 first; NOT confirmed,Note: pediatric panel — spine fit is low; adult family/staff referrals only.,"Thank you for the patients you've sent. OPEN: you already trust us with ortho. MESSAGE: spine works exactly the same way — for adolescent spine concerns (scoliosis, spondylolysis in athletes) we offer specialist evaluation — and adult family members get same-week access. ASK: send the next back/neck patient the way you send knees and shoulders."
edf56788-9b9d-4f4d-a93a-59a09f7cb794,"WEST BLOOMFIELD INTERNAL MEDICINE, PLLC",Kristen,Tier 2,Wave 2,PCP,Ortho Referrer,0,2,"James Bragman, DO (1 ortho)",1,COMM-LIKELY,PCP — commercial/Medicare-likely; confirm HMO share (BCN/HAP/McLaren/Priority HMO need PCP referral — we handle that),Heuristic — verify — intake (Kelly) verifies Tier 1 first; NOT confirmed,Payer: commercial/Medicare-likely — HMO referrals handled with your staff.,"Thank you for the patients you've sent. OPEN: you already trust us with ortho. MESSAGE: spine works exactly the same way — your patients with back or neck pain get seen the same week — imaging, conservative care, interventional and surgical under one roof, and we handle HMO referral paperwork with your staff. ASK: send the next back/neck patient the way you send knees and shoulders."
1356380513,Care Medical Clinic of Canton,Jasmine,Tier 2,Wave 2,PCP,Ortho Referrer,0,1,Paul G Debrincat (1 ortho),1,COMM-LIKELY,PCP — commercial/Medicare-likely; confirm HMO share (BCN/HAP/McLaren/Priority HMO need PCP referral — we handle that),Heuristic — verify — intake (Kelly) verifies Tier 1 first; NOT confirmed,Payer: commercial/Medicare-likely — HMO referrals handled with your staff.,"Thank you for the patients you've sent. OPEN: you already trust us with ortho. MESSAGE: spine works exactly the same way — your patients with back or neck pain get seen the same week — imaging, conservative care, interventional and surgical under one roof, and we handle HMO referral paperwork with your staff. ASK: send the next back/neck patient the way you send knees and shoulders."
1326021262,City Medical - Southgate,Jasmine,Tier 2,Wave 2,PCP,Ortho Referrer,0,1,"Nabeel Omar, PA-C (1 ortho)",3,COMM-LIKELY,PCP — commercial/Medicare-likely; confirm HMO share (BCN/HAP/McLaren/Priority HMO need PCP referral — we handle that),Heuristic — verify — intake (Kelly) verifies Tier 1 first; NOT confirmed,Payer: commercial/Medicare-likely — HMO referrals handled with your staff.,"Thank you for the patients you've sent. OPEN: you already trust us with ortho. MESSAGE: spine works exactly the same way — your patients with back or neck pain get seen the same week — imaging, conservative care, interventional and surgical under one roof, and we handle HMO referral paperwork with your staff. ASK: send the next back/neck patient the way you send knees and shoulders."
3a2a1db5-c1c4-41cd-a7f3-b4e0b388e268,Corwell internal medicine and primary care,Jasmine,Tier 2,Wave 2,PCP,Ortho Referrer,0,1,"Elaina Vayntrub, MD (1 ortho)",1,COMM-LIKELY,PCP — commercial/Medicare-likely; confirm HMO share (BCN/HAP/McLaren/Priority HMO need PCP referral — we handle that),Heuristic — verify — intake (Kelly) verifies Tier 1 first; NOT confirmed,Payer: commercial/Medicare-likely — HMO referrals handled with your staff.,"Thank you for the patients you've sent. OPEN: you already trust us with ortho. MESSAGE: spine works exactly the same way — your patients with back or neck pain get seen the same week — imaging, conservative care, interventional and surgical under one roof, and we handle HMO referral paperwork with your staff. ASK: send the next back/neck patient the way you send knees and shoulders."
931a0b27-6417-43b6-a15a-c3eac7f8203a,"MEDICAL GROUP PRACTICE, PC (Olympia health)",Jasmine,Tier 2,Wave 2,PCP,Ortho Referrer,0,1,"William Paul Penn, DO (1 ortho)",2,COMM-LIKELY,PCP — commercial/Medicare-likely; confirm HMO share (BCN/HAP/McLaren/Priority HMO need PCP referral — we handle that),Heuristic — verify — intake (Kelly) verifies Tier 1 first; NOT confirmed,Payer: commercial/Medicare-likely — HMO referrals handled with your staff.,"Thank you for the patients you've sent. OPEN: you already trust us with ortho. MESSAGE: spine works exactly the same way — your patients with back or neck pain get seen the same week — imaging, conservative care, interventional and surgical under one roof, and we handle HMO referral paperwork with your staff. ASK: send the next back/neck patient the way you send knees and shoulders."
a5a464ab-73df-48e0-8f49-b80f6b89fc6b,Schaefer Medical,Jasmine,Tier 2,Wave 2,PCP,Ortho Referrer,0,1,"Nesrene Ghani, MD (1 ortho)",1,COMM-LIKELY,PCP — commercial/Medicare-likely; confirm HMO share (BCN/HAP/McLaren/Priority HMO need PCP referral — we handle that),Heuristic — verify — intake (Kelly) verifies Tier 1 first; NOT confirmed,Payer: commercial/Medicare-likely — HMO referrals handled with your staff.,"Thank you for the patients you've sent. OPEN: you already trust us with ortho. MESSAGE: spine works exactly the same way — your patients with back or neck pain get seen the same week — imaging, conservative care, interventional and surgical under one roof, and we handle HMO referral paperwork with your staff. ASK: send the next back/neck patient the way you send knees and shoulders."
4e57efb6-1ae9-4171-ac14-4be29705805c,"TERRY D HOWELL, MD, PC",Jasmine,Tier 2,Wave 2,PCP,Ortho Referrer,0,1,"Terry Howell, MD (1 ortho)",2,COMM-LIKELY,PCP — commercial/Medicare-likely; confirm HMO share (BCN/HAP/McLaren/Priority HMO need PCP referral — we handle that),Heuristic — verify — intake (Kelly) verifies Tier 1 first; NOT confirmed,Payer: commercial/Medicare-likely — HMO referrals handled with your staff.,"Thank you for the patients you've sent. OPEN: you already trust us with ortho. MESSAGE: spine works exactly the same way — your patients with back or neck pain get seen the same week — imaging, conservative care, interventional and surgical under one roof, and we handle HMO referral paperwork with your staff. ASK: send the next back/neck patient the way you send knees and shoulders."
3b5d6ffd-3a5a-4ccd-b656-e2340f7c8ea5,The family Doc,Jasmine,Tier 2,Wave 2,PCP,Ortho Referrer,0,1,"Ali I Nasrallah, MD (1 ortho)",4,COMM-LIKELY,PCP — commercial/Medicare-likely; confirm HMO share (BCN/HAP/McLaren/Priority HMO need PCP referral — we handle that),Heuristic — verify — intake (Kelly) verifies Tier 1 first; NOT confirmed,Payer: commercial/Medicare-likely — HMO referrals handled with your staff.,"Thank you for the patients you've sent. OPEN: you already trust us with ortho. MESSAGE: spine works exactly the same way — your patients with back or neck pain get seen the same week — imaging, conservative care, interventional and surgical under one roof, and we handle HMO referral paperwork with your staff. ASK: send the next back/neck patient the way you send knees and shoulders."
607852d7-cb70-46f8-ac4a-ed6f36b0acf9,Wayne Primary Care and Walk In,Jasmine,Tier 2,Wave 2,Urgent Care,Ortho Referrer,0,1,"Vijay Patel, MD (1 ortho)",1,MIXED-WALKIN,Walk-in panel — mixed payers; qualified with intake screening,Heuristic — verify — intake (Kelly) verifies Tier 1 first; NOT confirmed,Payer: walk-in mix — intake screens each referral; commercial/Medicare flow same-week.,"Thank you for the patients you've sent. OPEN: you already trust us with ortho. MESSAGE: spine works exactly the same way — an acute back/neck pathway: your discharge sheet can book a spine evaluation the same week — one number, we take it from there. ASK: send the next back/neck patient the way you send knees and shoulders."
1902134794,Henry Ford Macomb Health Center - Fraser,Coty,Tier 2,Wave 2,PCP,Ortho Referrer,0,1,"Nicholas S Packey, DO (1 ortho)",6,MEDICAID-LIKELY,Community-health/FQHC pattern — Medicaid-heavy panel likely; payer gate: cap Tier 2 until VERIFIED,Heuristic — VERIFY FIRST — intake (Kelly) verifies Tier 1 first; NOT confirmed,Payer CAUTION: likely Medicaid-heavy — do NOT promise same-week until eligibility verified; uninsured → Harmony Health Direct Pay.,"Thank you for the patients you've sent. OPEN: you already trust us with ortho. MESSAGE: spine works exactly the same way — your patients with back or neck pain get seen the same week — imaging, conservative care, interventional and surgical under one roof, and we handle HMO referral paperwork with your staff. ASK: send the next back/neck patient the way you send knees and shoulders."
0da678d4-9648-4315-8770-fb6768c5c2ea,Springfield Urgent Care - Hamburg,Coty,Tier 2,Wave 2,Urgent Care,Ortho Referrer,0,1,Springfield Urgent Care - Hamburg (1 ortho),4,MIXED-WALKIN,Walk-in panel — mixed payers; qualified with intake screening,Heuristic — verify — intake (Kelly) verifies Tier 1 first; NOT confirmed,Payer: walk-in mix — intake screens each referral; commercial/Medicare flow same-week.,"Thank you for the patients you've sent. OPEN: you already trust us with ortho. MESSAGE: spine works exactly the same way — an acute back/neck pathway: your discharge sheet can book a spine evaluation the same week — one number, we take it from there. ASK: send the next back/neck patient the way you send knees and shoulders."
6185c99b-b972-4582-aac1-b784f9730bb5,Team Rehab - SMA Bloomfield Hills,Kristen,Tier 2,Wave 2,PT,Ortho Referrer,0,1,"Lorenzo Dipace D, PT (1 ortho)",6,COMM-LIKELY,Private specialty practice — commercial/Medicare-likely (QUALIFIED); confirm,Heuristic — verify — intake (Kelly) verifies Tier 1 first; NOT confirmed,Payer: commercial/Medicare-likely — HMO referrals handled with your staff.,"Thank you for the patients you've sent. OPEN: you already trust us with ortho. MESSAGE: spine works exactly the same way — for patients whose progress stalls, a spine consult with imaging same-week — then straight back to your plan of care with clear notes. ASK: send the next back/neck patient the way you send knees and shoulders."
31fe13d8-1060-4c98-bf75-61f09e803121,PEDIATRIC AND ADOLESCENT CENTER,Jasmine,Tier 2,Wave 2,Pediatrics,Ortho Referrer,0,1,"Dinesh Nayak, MD (1 ortho)",7,PEDS,Pediatric panel — low spine fit regardless of payer,Heuristic — intake (Kelly) verifies Tier 1 first; NOT confirmed,Note: pediatric panel — spine fit is low; adult family/staff referrals only.,"Thank you for the patients you've sent. OPEN: you already trust us with ortho. MESSAGE: spine works exactly the same way — for adolescent spine concerns (scoliosis, spondylolysis in athletes) we offer specialist evaluation — and adult family members get same-week access. ASK: send the next back/neck patient the way you send knees and shoulders."
1376594887,Corondan Medical,Coty,Tier 2,Wave 2,PCP,Ortho Referrer,0,1,"Victor Corondan, MD (1 ortho)",1,COMM-LIKELY,PCP — commercial/Medicare-likely; confirm HMO share (BCN/HAP/McLaren/Priority HMO need PCP referral — we handle that),Heuristic — verify — intake (Kelly) verifies Tier 1 first; NOT confirmed,Payer: commercial/Medicare-likely — HMO referrals handled with your staff.,"Thank you for the patients you've sent. OPEN: you already trust us with ortho. MESSAGE: spine works exactly the same way — your patients with back or neck pain get seen the same week — imaging, conservative care, interventional and surgical under one roof, and we handle HMO referral paperwork with your staff. ASK: send the next back/neck patient the way you send knees and shoulders."
1205831005,Midwest Center for Dermatology - Warren,Coty,Tier 2,Wave 2,Other / Verify,Ortho Referrer,0,1,David A Altman (1 ortho),2,COMM-LIKELY,Private specialty practice — commercial/Medicare-likely (QUALIFIED); confirm,Heuristic — verify — intake (Kelly) verifies Tier 1 first; NOT confirmed,Payer: commercial/Medicare-likely — HMO referrals handled with your staff.,"Thank you for the patients you've sent. OPEN: you already trust us with ortho. MESSAGE: spine works exactly the same way — same-week spine evaluation pathway — conservative first, surgery only when warranted. ASK: send the next back/neck patient the way you send knees and shoulders."
1912926510,Saurabh Gupta MD,Coty,Tier 2,Wave 2,PCP,Ortho Referrer,0,1,"Saurabh Gupta, MD (1 ortho)",1,COMM-LIKELY,PCP — commercial/Medicare-likely; confirm HMO share (BCN/HAP/McLaren/Priority HMO need PCP referral — we handle that),Heuristic — verify — intake (Kelly) verifies Tier 1 first; NOT confirmed,Payer: commercial/Medicare-likely — HMO referrals handled with your staff.,"Thank you for the patients you've sent. OPEN: you already trust us with ortho. MESSAGE: spine works exactly the same way — your patients with back or neck pain get seen the same week — imaging, conservative care, interventional and surgical under one roof, and we handle HMO referral paperwork with your staff. ASK: send the next back/neck patient the way you send knees and shoulders."
1235164872,Kids First Pediatrics,Kristen,Tier 2,Wave 2,Other / Verify,Ortho Referrer,0,1,"Ami Hatta, MD (1 ortho)",1,COMM-LIKELY,Private specialty practice — commercial/Medicare-likely (QUALIFIED); confirm,Heuristic — verify — intake (Kelly) verifies Tier 1 first; NOT confirmed,Payer: commercial/Medicare-likely — HMO referrals handled with your staff.,"Thank you for the patients you've sent. OPEN: you already trust us with ortho. MESSAGE: spine works exactly the same way — same-week spine evaluation pathway — conservative first, surgery only when warranted. ASK: send the next back/neck patient the way you send knees and shoulders."
13dc6a74-7486-4022-8993-7eaf6b95734e,CANTON FOOT & Ankle SPECIALISTS,Jasmine,Tier 2,Wave 2,Podiatry,Ortho Referrer,0,1,Brandon Semma (1 ortho),1,COMM-LIKELY,Private specialty practice — commercial/Medicare-likely (QUALIFIED); confirm,Heuristic — verify — intake (Kelly) verifies Tier 1 first; NOT confirmed,Payer: commercial/Medicare-likely — HMO referrals handled with your staff.,"Thank you for the patients you've sent. OPEN: you already trust us with ortho. MESSAGE: spine works exactly the same way — patients whose gait or limb pain traces to lumbar pathology get a same-week spine work-up, then back to you. ASK: send the next back/neck patient the way you send knees and shoulders."
bd0ee186-9de1-49f1-b6f7-85fc538efd3b,Novi Medicine,Jasmine,Tier 3,Wave 2,PCP,Other Patient Referrer,0,4,"Lowell Paul, MD",2,COMM-LIKELY,PCP — commercial/Medicare-likely; confirm HMO share (BCN/HAP/McLaren/Priority HMO need PCP referral — we handle that),Heuristic — verify — intake (Kelly) verifies Tier 1 first; NOT confirmed,Payer: commercial/Medicare-likely — HMO referrals handled with your staff.,"Thank you for the patients you've sent. MESSAGE: beyond what you already send, our spine line offers your patients with back or neck pain get seen the same week — imaging, conservative care, interventional and surgical under one roof, and we handle HMO referral paperwork with your staff. ASK: “Send us a handful of the spine ones — let us show you what we're about.”"
1134320930,Berry Johnson Health,Kristen,Tier 3,Wave 2,PCP,Other Patient Referrer,0,14,"Neesha R Berry, MD · Nijuanna Irby- Johnson, MD",3,COMM-LIKELY,PCP — commercial/Medicare-likely; confirm HMO share (BCN/HAP/McLaren/Priority HMO need PCP referral — we handle that),Heuristic — verify — intake (Kelly) verifies Tier 1 first; NOT confirmed,Payer: commercial/Medicare-likely — HMO referrals handled with your staff.,"Thank you for the patients you've sent. MESSAGE: beyond what you already send, our spine line offers your patients with back or neck pain get seen the same week — imaging, conservative care, interventional and surgical under one roof, and we handle HMO referral paperwork with your staff. ASK: “Send us a handful of the spine ones — let us show you what we're about.”"
989f0eea-dc08-4445-9a51-ee7663255964,Michigan Spine Institute,Coty,Tier 3,Wave 2,Orthopedic,Other Patient Referrer,0,5,"Miguelangelo Perez- Cruet, MD",5,COMM-LIKELY,Private specialty practice — commercial/Medicare-likely (QUALIFIED); confirm,Heuristic — verify — intake (Kelly) verifies Tier 1 first; NOT confirmed,Payer: commercial/Medicare-likely — HMO referrals handled with your staff.,"Thank you for the patients you've sent. MESSAGE: beyond what you already send, our spine line offers for the spine cases outside your scope, we co-manage: your patient stays yours, our spine team handles just the spine problem, notes back to you every visit. ASK: “Send us a handful of the spine ones — let us show you what we're about.”"
12deaf83-0f5e-4bd5-bf07-a4026935ffd1,DEDICATED SENIOR MEDICAL CENTER - Southfield,Jasmine,Tier 3,Wave 2,Orthopedic,Other Patient Referrer,0,2,"Sally Azzo, MD · Vishnuvardhan G Reddy, MD",5,COMM-LIKELY,Private specialty practice — commercial/Medicare-likely (QUALIFIED); confirm,Heuristic — verify — intake (Kelly) verifies Tier 1 first; NOT confirmed,Payer: commercial/Medicare-likely — HMO referrals handled with your staff.,"Thank you for the patients you've sent. MESSAGE: beyond what you already send, our spine line offers for the spine cases outside your scope, we co-manage: your patient stays yours, our spine team handles just the spine problem, notes back to you every visit. ASK: “Send us a handful of the spine ones — let us show you what we're about.”"
a2a230c5-b58c-4416-a519-b3d118d15202,Corewell Health Farmington hills Hospital family medicine,Jasmine,Tier 3,Wave 2,PCP,Other Patient Referrer,0,2,"Kerry L Stone, PA · Matteo Valenti, DO",4,MIXED-SYSTEM,Hospital-system site — mixed commercial + Medicare + some Medicaid; qualified with intake screening,Heuristic — verify — intake (Kelly) verifies Tier 1 first; NOT confirmed,Payer: mixed panel — screen at intake; HMO plans need PCP referral (we assist).,"Thank you for the patients you've sent. MESSAGE: beyond what you already send, our spine line offers your patients with back or neck pain get seen the same week — imaging, conservative care, interventional and surgical under one roof, and we handle HMO referral paperwork with your staff. ASK: “Send us a handful of the spine ones — let us show you what we're about.”"
1962472241,Michigan Institute for Neurological Disorders (MIND) - Farmington Hills,Coty,Tier 3,Wave 2,Pain,Other Patient Referrer,0,2,"Daniel Feldman, MD · Daniel Singer, DO",2,COMM-LIKELY,Private specialty practice — commercial/Medicare-likely (QUALIFIED); confirm,Heuristic — verify — intake (Kelly) verifies Tier 1 first; NOT confirmed,Payer: commercial/Medicare-likely — HMO referrals handled with your staff.,"Thank you for the patients you've sent. MESSAGE: beyond what you already send, our spine line offers two-way partnership — we send conservative-first candidates to you, you send surgical-escalation candidates to our spine surgeons; both get seen same-week. ASK: “Send us a handful of the spine ones — let us show you what we're about.”"
b2c94565-78b1-460d-a80d-4d507a1ddb7d,Internal Medicine Physicians #170,Kristen,Tier 3,Wave 2,PCP,Other Patient Referrer,0,3,"Mitchell Klausner, MD · Barry M Moss, MD",9,COMM-LIKELY,PCP — commercial/Medicare-likely; confirm HMO share (BCN/HAP/McLaren/Priority HMO need PCP referral — we handle that),Heuristic — verify — intake (Kelly) verifies Tier 1 first; NOT confirmed,Payer: commercial/Medicare-likely — HMO referrals handled with your staff.,"Thank you for the patients you've sent. MESSAGE: beyond what you already send, our spine line offers your patients with back or neck pain get seen the same week — imaging, conservative care, interventional and surgical under one roof, and we handle HMO referral paperwork with your staff. ASK: “Send us a handful of the spine ones — let us show you what we're about.”"
7d9074be-0dfe-445c-9ff8-65b5eadde58e,Michigan Institute for Neurological Disorders (MIND) - Roseville,Coty,Tier 3,Wave 2,Pain,Other Patient Referrer,0,1,"Brandon Vieder, DO",12,COMM-LIKELY,Private specialty practice — commercial/Medicare-likely (QUALIFIED); confirm,Heuristic — verify — intake (Kelly) verifies Tier 1 first; NOT confirmed,Payer: commercial/Medicare-likely — HMO referrals handled with your staff.,"Thank you for the patients you've sent. MESSAGE: beyond what you already send, our spine line offers two-way partnership — we send conservative-first candidates to you, you send surgical-escalation candidates to our spine surgeons; both get seen same-week. ASK: “Send us a handful of the spine ones — let us show you what we're about.”"
1003819897,Neurology Consultants of Southfield,Coty,Tier 3,Wave 2,Neurology,Other Patient Referrer,0,1,"William Leuchter, MD",5,COMM-LIKELY,Private specialty practice — commercial/Medicare-likely (QUALIFIED); confirm,Heuristic — verify — intake (Kelly) verifies Tier 1 first; NOT confirmed,Payer: commercial/Medicare-likely — HMO referrals handled with your staff.,"Thank you for the patients you've sent. MESSAGE: beyond what you already send, our spine line offers shared patients with radiculopathy or stenosis get imaging and interventional/surgical evaluation same-week, with your notes closed-loop. ASK: “Send us a handful of the spine ones — let us show you what we're about.”"
611f52cc-838d-405e-8988-68708f39608e,ASCENSION MEDICAL GROUP WEST BLOOMFIELD FAMILY PRACTICE,Jasmine,Tier 3,Wave 2,PCP,Other Patient Referrer,0,1,"Bethany Clary, MD",3,MIXED-SYSTEM,Hospital-system site — mixed commercial + Medicare + some Medicaid; qualified with intake screening,Heuristic — verify — intake (Kelly) verifies Tier 1 first; NOT confirmed,Payer: mixed panel — screen at intake; HMO plans need PCP referral (we assist).,"Thank you for the patients you've sent. MESSAGE: beyond what you already send, our spine line offers your patients with back or neck pain get seen the same week — imaging, conservative care, interventional and surgical under one roof, and we handle HMO referral paperwork with your staff. ASK: “Send us a handful of the spine ones — let us show you what we're about.”"
e996949d-e85c-4588-a081-deb7cdc8510a,Corewell Urgent Care - Novi,Jasmine,Tier 3,Wave 2,Urgent Care,Other Patient Referrer,0,1,Corewell Urgent Care - Novi,2,MIXED-SYSTEM,Hospital-system site — mixed commercial + Medicare + some Medicaid; qualified with intake screening,Heuristic — verify — intake (Kelly) verifies Tier 1 first; NOT confirmed,Payer: mixed panel — screen at intake; HMO plans need PCP referral (we assist).,"Thank you for the patients you've sent. MESSAGE: beyond what you already send, our spine line offers an acute back/neck pathway: your discharge sheet can book a spine evaluation the same week — one number, we take it from there. ASK: “Send us a handful of the spine ones — let us show you what we're about.”"
210797fc-d818-410f-94de-02c502935d29,Park Family Practice - Novi,Jasmine,Tier 3,Wave 2,PCP,Other Patient Referrer,0,1,"Megan Schram, PA",8,COMM-LIKELY,PCP — commercial/Medicare-likely; confirm HMO share (BCN/HAP/McLaren/Priority HMO need PCP referral — we handle that),Heuristic — verify — intake (Kelly) verifies Tier 1 first; NOT confirmed,Payer: commercial/Medicare-likely — HMO referrals handled with your staff.,"Thank you for the patients you've sent. MESSAGE: beyond what you already send, our spine line offers your patients with back or neck pain get seen the same week — imaging, conservative care, interventional and surgical under one roof, and we handle HMO referral paperwork with your staff. ASK: “Send us a handful of the spine ones — let us show you what we're about.”"
b873599c-56bb-4876-b2ec-95215a325efb,"PONDURI, KAVITHA, MEDICAL GROUP",Jasmine,Tier 3,Wave 2,PCP,Other Patient Referrer,0,1,"Kavitha Ponduri, MD",2,COMM-LIKELY,PCP — commercial/Medicare-likely; confirm HMO share (BCN/HAP/McLaren/Priority HMO need PCP referral — we handle that),Heuristic — verify — intake (Kelly) verifies Tier 1 first; NOT confirmed,Payer: commercial/Medicare-likely — HMO referrals handled with your staff.,"Thank you for the patients you've sent. MESSAGE: beyond what you already send, our spine line offers your patients with back or neck pain get seen the same week — imaging, conservative care, interventional and surgical under one roof, and we handle HMO referral paperwork with your staff. ASK: “Send us a handful of the spine ones — let us show you what we're about.”"
0200933e-44d0-4869-8ddd-cd02b601b866,Henry Ford Orthopedics & Sports Medicine - Chesterfield,Kristen,Tier 3,Wave 2,Orthopedic,Other Patient Referrer,0,1,"Sanar Yokhana, MD",4,MIXED-SYSTEM,Hospital-system site — mixed commercial + Medicare + some Medicaid; qualified with intake screening,Heuristic — verify — intake (Kelly) verifies Tier 1 first; NOT confirmed,Payer: mixed panel — screen at intake; HMO plans need PCP referral (we assist).,"Thank you for the patients you've sent. MESSAGE: beyond what you already send, our spine line offers for the spine cases outside your scope, we co-manage: your patient stays yours, our spine team handles just the spine problem, notes back to you every visit. ASK: “Send us a handful of the spine ones — let us show you what we're about.”"
137b9944-574d-47c1-9f8c-99541123fc30,"MEDICAL CENTER PEDIATRICS, PLLC",Kristen,Tier 3,Wave 2,Pediatrics,Other Patient Referrer,0,1,"Denise Lippitt, MD",14,PEDS,Pediatric panel — low spine fit regardless of payer,Heuristic — intake (Kelly) verifies Tier 1 first; NOT confirmed,Note: pediatric panel — spine fit is low; adult family/staff referrals only.,"Thank you for the patients you've sent. MESSAGE: beyond what you already send, our spine line offers for adolescent spine concerns (scoliosis, spondylolysis in athletes) we offer specialist evaluation — and adult family members get same-week access. ASK: “Send us a handful of the spine ones — let us show you what we're about.”"
796ef668-29ca-4cac-84b8-fd8125eb6bde,BEAUMONT FAMILY MEDICINE GARDEN CITY,Jasmine,Tier 3,Wave 2,PCP,Other Patient Referrer,0,1,"Mariam Abdulghani, MD",8,MIXED-SYSTEM,Hospital-system site — mixed commercial + Medicare + some Medicaid; qualified with intake screening,Heuristic — verify — intake (Kelly) verifies Tier 1 first; NOT confirmed,Payer: mixed panel — screen at intake; HMO plans need PCP referral (we assist).,"Thank you for the patients you've sent. MESSAGE: beyond what you already send, our spine line offers your patients with back or neck pain get seen the same week — imaging, conservative care, interventional and surgical under one roof, and we handle HMO referral paperwork with your staff. ASK: “Send us a handful of the spine ones — let us show you what we're about.”"
c47f040d-217f-4526-bd80-92b1073a4d77,Foot & Ankle Specialists of Southeast Michigan - Warren,Coty,Tier 3,Wave 2,Other / Verify,Other Patient Referrer,0,1,"Brian Kissel, DPM",8,COMM-LIKELY,Private specialty practice — commercial/Medicare-likely (QUALIFIED); confirm,Heuristic — verify — intake (Kelly) verifies Tier 1 first; NOT confirmed,Payer: commercial/Medicare-likely — HMO referrals handled with your staff.,"Thank you for the patients you've sent. MESSAGE: beyond what you already send, our spine line offers same-week spine evaluation pathway — conservative first, surgery only when warranted. ASK: “Send us a handful of the spine ones — let us show you what we're about.”"
1679554562,Frederick Karoub MD PC,Coty,Tier 3,Wave 2,PCP,Other Patient Referrer,0,1,"Carl Karoub, MD",2,COMM-LIKELY,PCP — commercial/Medicare-likely; confirm HMO share (BCN/HAP/McLaren/Priority HMO need PCP referral — we handle that),Heuristic — verify — intake (Kelly) verifies Tier 1 first; NOT confirmed,Payer: commercial/Medicare-likely — HMO referrals handled with your staff.,"Thank you for the patients you've sent. MESSAGE: beyond what you already send, our spine line offers your patients with back or neck pain get seen the same week — imaging, conservative care, interventional and surgical under one roof, and we handle HMO referral paperwork with your staff. ASK: “Send us a handful of the spine ones — let us show you what we're about.”"
1639309131,Associates in Internal Medicine - MHP,Kristen,Tier 3,Wave 2,PCP,Other Patient Referrer,0,1,"Tassia Samona, MD",7,COMM-LIKELY,PCP — commercial/Medicare-likely; confirm HMO share (BCN/HAP/McLaren/Priority HMO need PCP referral — we handle that),Heuristic — verify — intake (Kelly) verifies Tier 1 first; NOT confirmed,Payer: commercial/Medicare-likely — HMO referrals handled with your staff.,"Thank you for the patients you've sent. MESSAGE: beyond what you already send, our spine line offers your patients with back or neck pain get seen the same week — imaging, conservative care, interventional and surgical under one roof, and we handle HMO referral paperwork with your staff. ASK: “Send us a handful of the spine ones — let us show you what we're about.”"
4d1d555f-aa98-48e9-b9a2-d323e87d5745,Commerce Internal Medicine,Kristen,Tier 3,Wave 2,PCP,Other Patient Referrer,0,1,Norman Markowitz,4,COMM-LIKELY,PCP — commercial/Medicare-likely; confirm HMO share (BCN/HAP/McLaren/Priority HMO need PCP referral — we handle that),Heuristic — verify — intake (Kelly) verifies Tier 1 first; NOT confirmed,Payer: commercial/Medicare-likely — HMO referrals handled with your staff.,"Thank you for the patients you've sent. MESSAGE: beyond what you already send, our spine line offers your patients with back or neck pain get seen the same week — imaging, conservative care, interventional and surgical under one roof, and we handle HMO referral paperwork with your staff. ASK: “Send us a handful of the spine ones — let us show you what we're about.”"
0705419c-d214-479c-befc-96609a540921,Corewell Urgent Care - Royal Oak,Kristen,Tier 3,Wave 2,Urgent Care,Other Patient Referrer,0,1,Corewell Urgent Care Royal Oak,5,MIXED-SYSTEM,Hospital-system site — mixed commercial + Medicare + some Medicaid; qualified with intake screening,Heuristic — verify — intake (Kelly) verifies Tier 1 first; NOT confirmed,Payer: mixed panel — screen at intake; HMO plans need PCP referral (we assist).,"Thank you for the patients you've sent. MESSAGE: beyond what you already send, our spine line offers an acute back/neck pathway: your discharge sheet can book a spine evaluation the same week — one number, we take it from there. ASK: “Send us a handful of the spine ones — let us show you what we're about.”"
7b335c19-3210-419e-888b-e9aabe43f40a,Corwell Health - Farmington,Kristen,Tier 3,Wave 2,PCP,Other Patient Referrer,0,1,"Snezhana Tuxhari, DO",3,COMM-LIKELY,PCP — commercial/Medicare-likely; confirm HMO share (BCN/HAP/McLaren/Priority HMO need PCP referral — we handle that),Heuristic — verify — intake (Kelly) verifies Tier 1 first; NOT confirmed,Payer: commercial/Medicare-likely — HMO referrals handled with your staff.,"Thank you for the patients you've sent. MESSAGE: beyond what you already send, our spine line offers your patients with back or neck pain get seen the same week — imaging, conservative care, interventional and surgical under one roof, and we handle HMO referral paperwork with your staff. ASK: “Send us a handful of the spine ones — let us show you what we're about.”"
e37d14fb-2eea-4cb1-8957-ff0081af7ed5,Internal Medicine Specialists,Kristen,Tier 3,Wave 2,PCP,Other Patient Referrer,0,1,"Michael Feldman, MD",6,COMM-LIKELY,PCP — commercial/Medicare-likely; confirm HMO share (BCN/HAP/McLaren/Priority HMO need PCP referral — we handle that),Heuristic — verify — intake (Kelly) verifies Tier 1 first; NOT confirmed,Payer: commercial/Medicare-likely — HMO referrals handled with your staff.,"Thank you for the patients you've sent. MESSAGE: beyond what you already send, our spine line offers your patients with back or neck pain get seen the same week — imaging, conservative care, interventional and surgical under one roof, and we handle HMO referral paperwork with your staff. ASK: “Send us a handful of the spine ones — let us show you what we're about.”"
52b21544-4438-4ade-810b-2ce607128ed8,Rochester Primary Care,Kristen,Tier 3,Wave 2,PCP,Other Patient Referrer,0,1,"Steffanie Schwutke, MD",5,COMM-LIKELY,PCP — commercial/Medicare-likely; confirm HMO share (BCN/HAP/McLaren/Priority HMO need PCP referral — we handle that),Heuristic — verify — intake (Kelly) verifies Tier 1 first; NOT confirmed,Payer: commercial/Medicare-likely — HMO referrals handled with your staff.,"Thank you for the patients you've sent. MESSAGE: beyond what you already send, our spine line offers your patients with back or neck pain get seen the same week — imaging, conservative care, interventional and surgical under one roof, and we handle HMO referral paperwork with your staff. ASK: “Send us a handful of the spine ones — let us show you what we're about.”"
84cae8c7-dbdf-450b-836e-557d4c653f98,"SOUTH EAST MICHIGAN MEDICAL ASSOCIATES, PC",Kristen,Tier 3,Wave 2,PCP,Other Patient Referrer,0,1,"Abu Fazal Shaik Mohammed, MD",4,COMM-LIKELY,PCP — commercial/Medicare-likely; confirm HMO share (BCN/HAP/McLaren/Priority HMO need PCP referral — we handle that),Heuristic — verify — intake (Kelly) verifies Tier 1 first; NOT confirmed,Payer: commercial/Medicare-likely — HMO referrals handled with your staff.,"Thank you for the patients you've sent. MESSAGE: beyond what you already send, our spine line offers your patients with back or neck pain get seen the same week — imaging, conservative care, interventional and surgical under one roof, and we handle HMO referral paperwork with your staff. ASK: “Send us a handful of the spine ones — let us show you what we're about.”"
300beedb-7326-44cf-8008-29d60d8d78bb,"WESTERN WAYNE PHYSICIANS, PLC Allen Park",Kristen,Tier 3,Wave 2,PCP,Other Patient Referrer,0,1,"Patricia Nester, MD",10,COMM-LIKELY,PCP — commercial/Medicare-likely; confirm HMO share (BCN/HAP/McLaren/Priority HMO need PCP referral — we handle that),Heuristic — verify — intake (Kelly) verifies Tier 1 first; NOT confirmed,Payer: commercial/Medicare-likely — HMO referrals handled with your staff.,"Thank you for the patients you've sent. MESSAGE: beyond what you already send, our spine line offers your patients with back or neck pain get seen the same week — imaging, conservative care, interventional and surgical under one roof, and we handle HMO referral paperwork with your staff. ASK: “Send us a handful of the spine ones — let us show you what we're about.”"
128e9f0f-8074-4052-b91d-e71905388022,"WILLIAMS FAMILY AND SPORTS MEDICAL CENTER, PLC",Kristen,Tier 3,Wave 2,Orthopedic,Other Patient Referrer,0,1,"Joseph L Williams, DO",1,COMM-LIKELY,Private specialty practice — commercial/Medicare-likely (QUALIFIED); confirm,Heuristic — verify — intake (Kelly) verifies Tier 1 first; NOT confirmed,Payer: commercial/Medicare-likely — HMO referrals handled with your staff.,"Thank you for the patients you've sent. MESSAGE: beyond what you already send, our spine line offers for the spine cases outside your scope, we co-manage: your patient stays yours, our spine team handles just the spine problem, notes back to you every visit. ASK: “Send us a handful of the spine ones — let us show you what we're about.”"
f8db03fe-3188-4a31-b4ee-6010086c7552,SOUTHFIELD URGENT CARE,Jasmine,Tier 3,Wave 2,Urgent Care,Other Patient Referrer,0,1,Southfield Urgent Care,1,MIXED-WALKIN,Walk-in panel — mixed payers; qualified with intake screening,Heuristic — verify — intake (Kelly) verifies Tier 1 first; NOT confirmed,Payer: walk-in mix — intake screens each referral; commercial/Medicare flow same-week.,"Thank you for the patients you've sent. MESSAGE: beyond what you already send, our spine line offers an acute back/neck pathway: your discharge sheet can book a spine evaluation the same week — one number, we take it from there. ASK: “Send us a handful of the spine ones — let us show you what we're about.”"
1538140744,Colleen Kennedy DO,Coty,Tier 3,Wave 2,PCP,Other Patient Referrer,0,1,"Colleen Kennedy, DO",7,COMM-LIKELY,PCP — commercial/Medicare-likely; confirm HMO share (BCN/HAP/McLaren/Priority HMO need PCP referral — we handle that),Heuristic — verify — intake (Kelly) verifies Tier 1 first; NOT confirmed,Payer: commercial/Medicare-likely — HMO referrals handled with your staff.,"Thank you for the patients you've sent. MESSAGE: beyond what you already send, our spine line offers your patients with back or neck pain get seen the same week — imaging, conservative care, interventional and surgical under one roof, and we handle HMO referral paperwork with your staff. ASK: “Send us a handful of the spine ones — let us show you what we're about.”"
a2352347-063f-4a39-a0c1-25774fd3490b,Michigan Head & Spine Institute - Novi,Coty,Tier 3,Wave 2,Orthopedic,Other Patient Referrer,0,1,"Karl Freydl, DO",9,COMM-LIKELY,Private specialty practice — commercial/Medicare-likely (QUALIFIED); confirm,Heuristic — verify — intake (Kelly) verifies Tier 1 first; NOT confirmed,Payer: commercial/Medicare-likely — HMO referrals handled with your staff.,"Thank you for the patients you've sent. MESSAGE: beyond what you already send, our spine line offers for the spine cases outside your scope, we co-manage: your patient stays yours, our spine team handles just the spine problem, notes back to you every visit. ASK: “Send us a handful of the spine ones — let us show you what we're about.”"
e2e88457-4627-4d77-a90e-00417069f605,Michigan MSK Medicine - Clinton Township,Coty,Tier 3,Wave 2,Neurology,Other Patient Referrer,0,1,David Robert Hickling,3,COMM-LIKELY,Private specialty practice — commercial/Medicare-likely (QUALIFIED); confirm,Heuristic — verify — intake (Kelly) verifies Tier 1 first; NOT confirmed,Payer: commercial/Medicare-likely — HMO referrals handled with your staff.,"Thank you for the patients you've sent. MESSAGE: beyond what you already send, our spine line offers shared patients with radiculopathy or stenosis get imaging and interventional/surgical evaluation same-week, with your notes closed-loop. ASK: “Send us a handful of the spine ones — let us show you what we're about.”"
0c7e4fda-32b4-4999-afc5-3ead3985f8c9,Michigan Orthopaedic & Spine Surgeons,Coty,Tier 3,Wave 2,Orthopedic,Other Patient Referrer,0,1,"Bradley Ahlgren, MD",14,COMM-LIKELY,Private specialty practice — commercial/Medicare-likely (QUALIFIED); confirm,Heuristic — verify — intake (Kelly) verifies Tier 1 first; NOT confirmed,Payer: commercial/Medicare-likely — HMO referrals handled with your staff.,"Thank you for the patients you've sent. MESSAGE: beyond what you already send, our spine line offers for the spine cases outside your scope, we co-manage: your patient stays yours, our spine team handles just the spine problem, notes back to you every visit. ASK: “Send us a handful of the spine ones — let us show you what we're about.”"
4d38264b-b17e-42b4-9043-92ff06e62c09,WARREN PODIATRY,Coty,Tier 3,Wave 2,Other / Verify,Other Patient Referrer,0,1,"Gary Mauro, DPM",5,COMM-LIKELY,Private specialty practice — commercial/Medicare-likely (QUALIFIED); confirm,Heuristic — verify — intake (Kelly) verifies Tier 1 first; NOT confirmed,Payer: commercial/Medicare-likely — HMO referrals handled with your staff.,"Thank you for the patients you've sent. MESSAGE: beyond what you already send, our spine line offers same-week spine evaluation pathway — conservative first, surgery only when warranted. ASK: “Send us a handful of the spine ones — let us show you what we're about.”"
c3d66a4c-f046-43dd-ae93-ae4aabe95524,Macomb Spine Care,Kristen,Tier 3,Wave 2,Chiropractor,Other Patient Referrer,0,1,Daniel Clark,1,COMM-WCPI,Chiro — commercial + WC/PI mix (QUALIFIED); screen auto/WC liens,Heuristic — verify — intake (Kelly) verifies Tier 1 first; NOT confirmed,Payer: commercial + auto/WC liens welcome; screen Medicaid share.,"Thank you for the patients you've sent. MESSAGE: beyond what you already send, our spine line offers co-management for patients who plateau — imaging access, interventional options, surgical consults when warranted, and every patient returns to your care plan with notes. ASK: “Send us a handful of the spine ones — let us show you what we're about.”"
b7bb574d-993f-4604-9935-c8ab3a113635,Oakland Physicians,Kristen,Tier 3,Wave 2,Pediatrics,Other Patient Referrer,0,1,"Regina Rizk, MD",2,PEDS,Pediatric panel — low spine fit regardless of payer,Heuristic — intake (Kelly) verifies Tier 1 first; NOT confirmed,Note: pediatric panel — spine fit is low; adult family/staff referrals only.,"Thank you for the patients you've sent. MESSAGE: beyond what you already send, our spine line offers for adolescent spine concerns (scoliosis, spondylolysis in athletes) we offer specialist evaluation — and adult family members get same-week access. ASK: “Send us a handful of the spine ones — let us show you what we're about.”"
2ca32d51-676d-49f5-8e79-835774431e9d,Integrative Family Medicine Clinic - Domino's Farms (U of M),Jasmine,Tier 3,Wave 2,PCP,Other Patient Referrer,0,1,"Gregory Shumer, MD",3,COMM-LIKELY,PCP — commercial/Medicare-likely; confirm HMO share (BCN/HAP/McLaren/Priority HMO need PCP referral — we handle that),Heuristic — verify — intake (Kelly) verifies Tier 1 first; NOT confirmed,Payer: commercial/Medicare-likely — HMO referrals handled with your staff.,"Thank you for the patients you've sent. MESSAGE: beyond what you already send, our spine line offers your patients with back or neck pain get seen the same week — imaging, conservative care, interventional and surgical under one roof, and we handle HMO referral paperwork with your staff. ASK: “Send us a handful of the spine ones — let us show you what we're about.”"
eac89ac4-40e0-4d3a-b812-65771f67412f,SOMERSET PEDIATRICS,Kristen,Tier 3,Wave 2,Pediatrics,Other Patient Referrer,0,1,"Tamer Massarani, MD",1,PEDS,Pediatric panel — low spine fit regardless of payer,Heuristic — intake (Kelly) verifies Tier 1 first; NOT confirmed,Note: pediatric panel — spine fit is low; adult family/staff referrals only.,"Thank you for the patients you've sent. MESSAGE: beyond what you already send, our spine line offers for adolescent spine concerns (scoliosis, spondylolysis in athletes) we offer specialist evaluation — and adult family members get same-week access. ASK: “Send us a handful of the spine ones — let us show you what we're about.”"
b5b7ec36-68c2-4b3f-b1bc-7efada3e145f,Metropolitan Orthopedic Associates,Kristen,Prospect,Wave 2,Orthopedic,Visit / Prospect,0,0,,2,COMM-LIKELY,Private specialty practice — commercial/Medicare-likely (QUALIFIED); confirm,Heuristic — verify — intake (Kelly) verifies Tier 1 first; NOT confirmed,Payer: commercial/Medicare-likely — HMO referrals handled with your staff.,"OPEN: introduce Synergy spine — integrated ortho + spine, deep bench, conservative-first. MESSAGE: for the spine cases outside your scope, we co-manage: your patient stays yours, our spine team handles just the spine problem, notes back to you every visit. ASK: “Send us a handful — let us show you what we're about.” Leave one-pager + direct line; log who you met."
c87e740c-afe9-4c07-8de8-827e8eaed42d,Newland Medical Associates,Kristen,Prospect,Wave 2,Pain,Visit / Prospect,0,0,,11,COMM-LIKELY,Private specialty practice — commercial/Medicare-likely (QUALIFIED); confirm,Heuristic — verify — intake (Kelly) verifies Tier 1 first; NOT confirmed,Payer: commercial/Medicare-likely — HMO referrals handled with your staff.,"OPEN: introduce Synergy spine — integrated ortho + spine, deep bench, conservative-first. MESSAGE: two-way partnership — we send conservative-first candidates to you, you send surgical-escalation candidates to our spine surgeons; both get seen same-week. ASK: “Send us a handful — let us show you what we're about.” Leave one-pager + direct line; log who you met."
2299270d-731c-4581-b50a-dd6e9b61dfb6,"ALI M NASSER, MD, PC",Jasmine,Prospect,Wave 2,Orthopedic,Visit / Prospect,0,0,,3,COMM-LIKELY,Private specialty practice — commercial/Medicare-likely (QUALIFIED); confirm,Heuristic — verify — intake (Kelly) verifies Tier 1 first; NOT confirmed,Payer: commercial/Medicare-likely — HMO referrals handled with your staff.,"OPEN: introduce Synergy spine — integrated ortho + spine, deep bench, conservative-first. MESSAGE: for the spine cases outside your scope, we co-manage: your patient stays yours, our spine team handles just the spine problem, notes back to you every visit. ASK: “Send us a handful — let us show you what we're about.” Leave one-pager + direct line; log who you met."
bb1e72ee-479c-42da-96ea-e71d67a1c702,"Fox Run, PC(delete)",Jasmine,Prospect,Wave 2,Pain,Visit / Prospect,0,0,,7,COMM-LIKELY,Private specialty practice — commercial/Medicare-likely (QUALIFIED); confirm,Heuristic — verify — intake (Kelly) verifies Tier 1 first; NOT confirmed,Payer: commercial/Medicare-likely — HMO referrals handled with your staff.,"OPEN: introduce Synergy spine — integrated ortho + spine, deep bench, conservative-first. MESSAGE: two-way partnership — we send conservative-first candidates to you, you send surgical-escalation candidates to our spine surgeons; both get seen same-week. ASK: “Send us a handful — let us show you what we're about.” Leave one-pager + direct line; log who you met."
c19d8067-80c5-4305-b690-7e5ee2391049,Henry Ford Athletic Medicine - Novi (relevance?),Jasmine,Prospect,Wave 2,Orthopedic,Visit / Prospect,0,0,,7,MIXED-SYSTEM,Hospital-system site — mixed commercial + Medicare + some Medicaid; qualified with intake screening,Heuristic — verify — intake (Kelly) verifies Tier 1 first; NOT confirmed,Payer: mixed panel — screen at intake; HMO plans need PCP referral (we assist).,"OPEN: introduce Synergy spine — integrated ortho + spine, deep bench, conservative-first. MESSAGE: for the spine cases outside your scope, we co-manage: your patient stays yours, our spine team handles just the spine problem, notes back to you every visit. ASK: “Send us a handful — let us show you what we're about.” Leave one-pager + direct line; log who you met."
4900eaa5-f2a9-42ff-85ea-b3a57c7103ea,Jeffrey T. Najor Internal Medicine,Jasmine,Prospect,Wave 2,Orthopedic,Visit / Prospect,0,0,,2,COMM-LIKELY,Private specialty practice — commercial/Medicare-likely (QUALIFIED); confirm,Heuristic — verify — intake (Kelly) verifies Tier 1 first; NOT confirmed,Payer: commercial/Medicare-likely — HMO referrals handled with your staff.,"OPEN: introduce Synergy spine — integrated ortho + spine, deep bench, conservative-first. MESSAGE: for the spine cases outside your scope, we co-manage: your patient stays yours, our spine team handles just the spine problem, notes back to you every visit. ASK: “Send us a handful — let us show you what we're about.” Leave one-pager + direct line; log who you met."
82d5377e-3d89-4262-93c3-5661a3430b58,Michigan Orthopedic Surgeons - Novi,Jasmine,Prospect,Wave 2,Orthopedic,Visit / Prospect,0,0,,4,COMM-LIKELY,Private specialty practice — commercial/Medicare-likely (QUALIFIED); confirm,Heuristic — verify — intake (Kelly) verifies Tier 1 first; NOT confirmed,Payer: commercial/Medicare-likely — HMO referrals handled with your staff.,"OPEN: introduce Synergy spine — integrated ortho + spine, deep bench, conservative-first. MESSAGE: for the spine cases outside your scope, we co-manage: your patient stays yours, our spine team handles just the spine problem, notes back to you every visit. ASK: “Send us a handful — let us show you what we're about.” Leave one-pager + direct line; log who you met."
e1c8dbbf-56d1-41b9-82e4-7fa1950cb943,Michigan Orthopedic Surgeons- Southfield,Jasmine,Prospect,Wave 2,Orthopedic,Visit / Prospect,0,0,,28,COMM-LIKELY,Private specialty practice — commercial/Medicare-likely (QUALIFIED); confirm,Heuristic — verify — intake (Kelly) verifies Tier 1 first; NOT confirmed,Payer: commercial/Medicare-likely — HMO referrals handled with your staff.,"OPEN: introduce Synergy spine — integrated ortho + spine, deep bench, conservative-first. MESSAGE: for the spine cases outside your scope, we co-manage: your patient stays yours, our spine team handles just the spine problem, notes back to you every visit. ASK: “Send us a handful — let us show you what we're about.” Leave one-pager + direct line; log who you met."
eaa06235-6a42-4ef9-9f14-9fd1b4ed4610,Michigan Spine & Brain - Novi,Jasmine,Prospect,Wave 2,Orthopedic,Visit / Prospect,0,0,,6,COMM-LIKELY,Private specialty practice — commercial/Medicare-likely (QUALIFIED); confirm,Heuristic — verify — intake (Kelly) verifies Tier 1 first; NOT confirmed,Payer: commercial/Medicare-likely — HMO referrals handled with your staff.,"OPEN: introduce Synergy spine — integrated ortho + spine, deep bench, conservative-first. MESSAGE: for the spine cases outside your scope, we co-manage: your patient stays yours, our spine team handles just the spine problem, notes back to you every visit. ASK: “Send us a handful — let us show you what we're about.” Leave one-pager + direct line; log who you met."
7cbc93fd-5b51-41c8-8f3e-0afb5d09b1e4,ORTHOPEDIC INSTITUTE OF MICHIGAN,Jasmine,Prospect,Wave 2,Orthopedic,Visit / Prospect,0,0,,4,COMM-LIKELY,Private specialty practice — commercial/Medicare-likely (QUALIFIED); confirm,Heuristic — verify — intake (Kelly) verifies Tier 1 first; NOT confirmed,Payer: commercial/Medicare-likely — HMO referrals handled with your staff.,"OPEN: introduce Synergy spine — integrated ortho + spine, deep bench, conservative-first. MESSAGE: for the spine cases outside your scope, we co-manage: your patient stays yours, our spine team handles just the spine problem, notes back to you every visit. ASK: “Send us a handful — let us show you what we're about.” Leave one-pager + direct line; log who you met."
03a214ff-22eb-4e89-b7a8-7b939d30700e,"ORTHOPEDIC SURGERY SPECIALISTS, PLLC",Jasmine,Prospect,Wave 2,Orthopedic,Visit / Prospect,0,0,,2,COMM-LIKELY,Private specialty practice — commercial/Medicare-likely (QUALIFIED); confirm,Heuristic — verify — intake (Kelly) verifies Tier 1 first; NOT confirmed,Payer: commercial/Medicare-likely — HMO referrals handled with your staff.,"OPEN: introduce Synergy spine — integrated ortho + spine, deep bench, conservative-first. MESSAGE: for the spine cases outside your scope, we co-manage: your patient stays yours, our spine team handles just the spine problem, notes back to you every visit. ASK: “Send us a handful — let us show you what we're about.” Leave one-pager + direct line; log who you met."
69716ccc-b2b9-4d7b-8f77-69ecd79273be,PAIN MANAGEMENT ASSOCIATES OF MICHIGAN,Jasmine,Prospect,Wave 2,Orthopedic,Visit / Prospect,0,0,,3,COMM-LIKELY,Private specialty practice — commercial/Medicare-likely (QUALIFIED); confirm,Heuristic — verify — intake (Kelly) verifies Tier 1 first; NOT confirmed,Payer: commercial/Medicare-likely — HMO referrals handled with your staff.,"OPEN: introduce Synergy spine — integrated ortho + spine, deep bench, conservative-first. MESSAGE: for the spine cases outside your scope, we co-manage: your patient stays yours, our spine team handles just the spine problem, notes back to you every visit. ASK: “Send us a handful — let us show you what we're about.” Leave one-pager + direct line; log who you met."
448849c6-b351-4856-9d82-1b2e8d15f7ee,"PRIMECARE URGENT CARE, PLLC",Jasmine,Prospect,Wave 2,Orthopedic,Visit / Prospect,0,0,,2,COMM-LIKELY,Private specialty practice — commercial/Medicare-likely (QUALIFIED); confirm,Heuristic — verify — intake (Kelly) verifies Tier 1 first; NOT confirmed,Payer: commercial/Medicare-likely — HMO referrals handled with your staff.,"OPEN: introduce Synergy spine — integrated ortho + spine, deep bench, conservative-first. MESSAGE: for the spine cases outside your scope, we co-manage: your patient stays yours, our spine team handles just the spine problem, notes back to you every visit. ASK: “Send us a handful — let us show you what we're about.” Leave one-pager + direct line; log who you met."
907ab9ea-28db-4bd8-badd-75e1fdac6a2a,"PRIZM PAIN SPECIALISTS, PLLC",Jasmine,Prospect,Wave 2,Orthopedic,Visit / Prospect,0,0,,4,COMM-LIKELY,Private specialty practice — commercial/Medicare-likely (QUALIFIED); confirm,Heuristic — verify — intake (Kelly) verifies Tier 1 first; NOT confirmed,Payer: commercial/Medicare-likely — HMO referrals handled with your staff.,"OPEN: introduce Synergy spine — integrated ortho + spine, deep bench, conservative-first. MESSAGE: for the spine cases outside your scope, we co-manage: your patient stays yours, our spine team handles just the spine problem, notes back to you every visit. ASK: “Send us a handful — let us show you what we're about.” Leave one-pager + direct line; log who you met."
fea6a17c-c68b-43db-acd7-34a4abfe0024,Trinity Health IHA Brain & Spine Surgery - Ann Arbor Campus,Jasmine,Prospect,Wave 2,Orthopedic,Visit / Prospect,0,0,,11,MIXED-SYSTEM,Hospital-system site — mixed commercial + Medicare + some Medicaid; qualified with intake screening,Heuristic — verify — intake (Kelly) verifies Tier 1 first; NOT confirmed,Payer: mixed panel — screen at intake; HMO plans need PCP referral (we assist).,"OPEN: introduce Synergy spine — integrated ortho + spine, deep bench, conservative-first. MESSAGE: for the spine cases outside your scope, we co-manage: your patient stays yours, our spine team handles just the spine problem, notes back to you every visit. ASK: “Send us a handful — let us show you what we're about.” Leave one-pager + direct line; log who you met."
5c7c8073-5fc6-42f5-bc75-0b9f8a07e484,Trinity IHA Academic Family Medicine - Livonia,Jasmine,Prospect,Wave 2,Pain,Visit / Prospect,0,0,,33,MIXED-SYSTEM,Hospital-system site — mixed commercial + Medicare + some Medicaid; qualified with intake screening,Heuristic — verify — intake (Kelly) verifies Tier 1 first; NOT confirmed,Payer: mixed panel — screen at intake; HMO plans need PCP referral (we assist).,"OPEN: introduce Synergy spine — integrated ortho + spine, deep bench, conservative-first. MESSAGE: two-way partnership — we send conservative-first candidates to you, you send surgical-escalation candidates to our spine surgeons; both get seen same-week. ASK: “Send us a handful — let us show you what we're about.” Leave one-pager + direct line; log who you met."
a93076a3-e5bf-428b-bb72-5671f99b62b5,Trinity IHA Orthopedics - West Arbor,Jasmine,Prospect,Wave 2,Orthopedic,Visit / Prospect,0,0,,4,MIXED-SYSTEM,Hospital-system site — mixed commercial + Medicare + some Medicaid; qualified with intake screening,Heuristic — verify — intake (Kelly) verifies Tier 1 first; NOT confirmed,Payer: mixed panel — screen at intake; HMO plans need PCP referral (we assist).,"OPEN: introduce Synergy spine — integrated ortho + spine, deep bench, conservative-first. MESSAGE: for the spine cases outside your scope, we co-manage: your patient stays yours, our spine team handles just the spine problem, notes back to you every visit. ASK: “Send us a handful — let us show you what we're about.” Leave one-pager + direct line; log who you met."
c78e3b81-c68a-4687-a4e9-a88863c2c873,Trinity URGENT CARE CANTON,Jasmine,Prospect,Wave 2,Orthopedic,Visit / Prospect,0,0,,24,MIXED-SYSTEM,Hospital-system site — mixed commercial + Medicare + some Medicaid; qualified with intake screening,Heuristic — verify — intake (Kelly) verifies Tier 1 first; NOT confirmed,Payer: mixed panel — screen at intake; HMO plans need PCP referral (we assist).,"OPEN: introduce Synergy spine — integrated ortho + spine, deep bench, conservative-first. MESSAGE: for the spine cases outside your scope, we co-manage: your patient stays yours, our spine team handles just the spine problem, notes back to you every visit. ASK: “Send us a handful — let us show you what we're about.” Leave one-pager + direct line; log who you met."
07836153-8b05-4813-a230-a23fa3d07818,ANDERSON SPORTS MEDICINE,Coty,Prospect,Wave 2,Orthopedic,Visit / Prospect,0,0,,4,COMM-LIKELY,Private specialty practice — commercial/Medicare-likely (QUALIFIED); confirm,Heuristic — verify — intake (Kelly) verifies Tier 1 first; NOT confirmed,Payer: commercial/Medicare-likely — HMO referrals handled with your staff.,"OPEN: introduce Synergy spine — integrated ortho + spine, deep bench, conservative-first. MESSAGE: for the spine cases outside your scope, we co-manage: your patient stays yours, our spine team handles just the spine problem, notes back to you every visit. ASK: “Send us a handful — let us show you what we're about.” Leave one-pager + direct line; log who you met."
ac4e9d72-9d61-4d13-85ef-1d7c26ded0b6,Detroit Ortho Institute,Coty,Prospect,Wave 2,Orthopedic,Visit / Prospect,0,0,,2,COMM-LIKELY,Private specialty practice — commercial/Medicare-likely (QUALIFIED); confirm,Heuristic — verify — intake (Kelly) verifies Tier 1 first; NOT confirmed,Payer: commercial/Medicare-likely — HMO referrals handled with your staff.,"OPEN: introduce Synergy spine — integrated ortho + spine, deep bench, conservative-first. MESSAGE: for the spine cases outside your scope, we co-manage: your patient stays yours, our spine team handles just the spine problem, notes back to you every visit. ASK: “Send us a handful — let us show you what we're about.” Leave one-pager + direct line; log who you met."
43229ddf-0bb2-45ab-8aa8-3cb4f6b0d51f,Family Medicine,Coty,Prospect,Wave 2,Orthopedic,Visit / Prospect,0,0,,5,COMM-LIKELY,Private specialty practice — commercial/Medicare-likely (QUALIFIED); confirm,Heuristic — verify — intake (Kelly) verifies Tier 1 first; NOT confirmed,Payer: commercial/Medicare-likely — HMO referrals handled with your staff.,"OPEN: introduce Synergy spine — integrated ortho + spine, deep bench, conservative-first. MESSAGE: for the spine cases outside your scope, we co-manage: your patient stays yours, our spine team handles just the spine problem, notes back to you every visit. ASK: “Send us a handful — let us show you what we're about.” Leave one-pager + direct line; log who you met."
922579af-76c0-4a24-bd38-5e88491cece1,GREAT LAKES ORTHOPAEDICS,Coty,Prospect,Wave 2,Orthopedic,Visit / Prospect,0,0,,2,COMM-LIKELY,Private specialty practice — commercial/Medicare-likely (QUALIFIED); confirm,Heuristic — verify — intake (Kelly) verifies Tier 1 first; NOT confirmed,Payer: commercial/Medicare-likely — HMO referrals handled with your staff.,"OPEN: introduce Synergy spine — integrated ortho + spine, deep bench, conservative-first. MESSAGE: for the spine cases outside your scope, we co-manage: your patient stays yours, our spine team handles just the spine problem, notes back to you every visit. ASK: “Send us a handful — let us show you what we're about.” Leave one-pager + direct line; log who you met."
e2adce18-6952-46db-aa54-11f8ab08f2f9,Jagannathan Neurosurgery,Coty,Prospect,Wave 2,Orthopedic,Visit / Prospect,0,0,,3,COMM-LIKELY,Private specialty practice — commercial/Medicare-likely (QUALIFIED); confirm,Heuristic — verify — intake (Kelly) verifies Tier 1 first; NOT confirmed,Payer: commercial/Medicare-likely — HMO referrals handled with your staff.,"OPEN: introduce Synergy spine — integrated ortho + spine, deep bench, conservative-first. MESSAGE: for the spine cases outside your scope, we co-manage: your patient stays yours, our spine team handles just the spine problem, notes back to you every visit. ASK: “Send us a handful — let us show you what we're about.” Leave one-pager + direct line; log who you met."
1558461392,Mathews Medical Center,Coty,Prospect,Wave 2,Orthopedic,Visit / Prospect,0,0,,6,COMM-LIKELY,Private specialty practice — commercial/Medicare-likely (QUALIFIED); confirm,Heuristic — verify — intake (Kelly) verifies Tier 1 first; NOT confirmed,Payer: commercial/Medicare-likely — HMO referrals handled with your staff.,"OPEN: introduce Synergy spine — integrated ortho + spine, deep bench, conservative-first. MESSAGE: for the spine cases outside your scope, we co-manage: your patient stays yours, our spine team handles just the spine problem, notes back to you every visit. ASK: “Send us a handful — let us show you what we're about.” Leave one-pager + direct line; log who you met."
5b59e6a5-ab8d-42e9-9ee3-60672d731b66,Neuro Pain Consultants - Clarkston,Coty,Prospect,Wave 2,Pain,Visit / Prospect,0,0,,7,COMM-LIKELY,Private specialty practice — commercial/Medicare-likely (QUALIFIED); confirm,Heuristic — verify — intake (Kelly) verifies Tier 1 first; NOT confirmed,Payer: commercial/Medicare-likely — HMO referrals handled with your staff.,"OPEN: introduce Synergy spine — integrated ortho + spine, deep bench, conservative-first. MESSAGE: two-way partnership — we send conservative-first candidates to you, you send surgical-escalation candidates to our spine surgeons; both get seen same-week. ASK: “Send us a handful — let us show you what we're about.” Leave one-pager + direct line; log who you met."
90c163c1-4bb1-4e1f-bf4c-677df1b21c76,Neuro Pain Consultants - Sterling Heights,Coty,Prospect,Wave 2,Pain,Visit / Prospect,0,0,,2,COMM-LIKELY,Private specialty practice — commercial/Medicare-likely (QUALIFIED); confirm,Heuristic — verify — intake (Kelly) verifies Tier 1 first; NOT confirmed,Payer: commercial/Medicare-likely — HMO referrals handled with your staff.,"OPEN: introduce Synergy spine — integrated ortho + spine, deep bench, conservative-first. MESSAGE: two-way partnership — we send conservative-first candidates to you, you send surgical-escalation candidates to our spine surgeons; both get seen same-week. ASK: “Send us a handful — let us show you what we're about.” Leave one-pager + direct line; log who you met."
a4109cc4-88be-479e-bcaa-312214bfbf13,Premier Orthopedics,Coty,Prospect,Wave 2,Orthopedic,Visit / Prospect,0,0,,2,COMM-LIKELY,Private specialty practice — commercial/Medicare-likely (QUALIFIED); confirm,Heuristic — verify — intake (Kelly) verifies Tier 1 first; NOT confirmed,Payer: commercial/Medicare-likely — HMO referrals handled with your staff.,"OPEN: introduce Synergy spine — integrated ortho + spine, deep bench, conservative-first. MESSAGE: for the spine cases outside your scope, we co-manage: your patient stays yours, our spine team handles just the spine problem, notes back to you every visit. ASK: “Send us a handful — let us show you what we're about.” Leave one-pager + direct line; log who you met."
0b63a258-0396-414a-a240-3ffdff24c7d4,Providence Family & Athletic Medicine,Coty,Prospect,Wave 2,Orthopedic,Visit / Prospect,0,0,,3,COMM-LIKELY,Private specialty practice — commercial/Medicare-likely (QUALIFIED); confirm,Heuristic — verify — intake (Kelly) verifies Tier 1 first; NOT confirmed,Payer: commercial/Medicare-likely — HMO referrals handled with your staff.,"OPEN: introduce Synergy spine — integrated ortho + spine, deep bench, conservative-first. MESSAGE: for the spine cases outside your scope, we co-manage: your patient stays yours, our spine team handles just the spine problem, notes back to you every visit. ASK: “Send us a handful — let us show you what we're about.” Leave one-pager + direct line; log who you met."
736da453-396a-4f87-95aa-9798465f42b6,Regenerative Pain Medicine,Coty,Prospect,Wave 2,Pain,Visit / Prospect,0,0,,3,COMM-LIKELY,Private specialty practice — commercial/Medicare-likely (QUALIFIED); confirm,Heuristic — verify — intake (Kelly) verifies Tier 1 first; NOT confirmed,Payer: commercial/Medicare-likely — HMO referrals handled with your staff.,"OPEN: introduce Synergy spine — integrated ortho + spine, deep bench, conservative-first. MESSAGE: two-way partnership — we send conservative-first candidates to you, you send surgical-escalation candidates to our spine surgeons; both get seen same-week. ASK: “Send us a handful — let us show you what we're about.” Leave one-pager + direct line; log who you met."
757d3ce3-93ba-4245-a84e-b14851bfe2e7,Somerset Pain Clinic,Coty,Prospect,Wave 2,Pain,Visit / Prospect,0,0,,2,COMM-LIKELY,Private specialty practice — commercial/Medicare-likely (QUALIFIED); confirm,Heuristic — verify — intake (Kelly) verifies Tier 1 first; NOT confirmed,Payer: commercial/Medicare-likely — HMO referrals handled with your staff.,"OPEN: introduce Synergy spine — integrated ortho + spine, deep bench, conservative-first. MESSAGE: two-way partnership — we send conservative-first candidates to you, you send surgical-escalation candidates to our spine surgeons; both get seen same-week. ASK: “Send us a handful — let us show you what we're about.” Leave one-pager + direct line; log who you met."
15d2de97-a164-4b7e-a3a2-15673271319b,Specialists in Spine Surgery - Garden City,Coty,Prospect,Wave 2,Orthopedic,Visit / Prospect,0,0,,2,COMM-LIKELY,Private specialty practice — commercial/Medicare-likely (QUALIFIED); confirm,Heuristic — verify — intake (Kelly) verifies Tier 1 first; NOT confirmed,Payer: commercial/Medicare-likely — HMO referrals handled with your staff.,"OPEN: introduce Synergy spine — integrated ortho + spine, deep bench, conservative-first. MESSAGE: for the spine cases outside your scope, we co-manage: your patient stays yours, our spine team handles just the spine problem, notes back to you every visit. ASK: “Send us a handful — let us show you what we're about.” Leave one-pager + direct line; log who you met."
1f3f6af6-8827-4f8a-97ff-61005f2d675d,Stonebridge Orthopedics,Coty,Prospect,Wave 2,Orthopedic,Visit / Prospect,0,0,,5,COMM-LIKELY,Private specialty practice — commercial/Medicare-likely (QUALIFIED); confirm,Heuristic — verify — intake (Kelly) verifies Tier 1 first; NOT confirmed,Payer: commercial/Medicare-likely — HMO referrals handled with your staff.,"OPEN: introduce Synergy spine — integrated ortho + spine, deep bench, conservative-first. MESSAGE: for the spine cases outside your scope, we co-manage: your patient stays yours, our spine team handles just the spine problem, notes back to you every visit. ASK: “Send us a handful — let us show you what we're about.” Leave one-pager + direct line; log who you met."
4f46bff0-0295-445e-980a-51107f04dbb9,"TRI COUNTY ORTHOPEDICS, PC",Coty,Prospect,Wave 2,Orthopedic,Visit / Prospect,0,0,,2,COMM-LIKELY,Private specialty practice — commercial/Medicare-likely (QUALIFIED); confirm,Heuristic — verify — intake (Kelly) verifies Tier 1 first; NOT confirmed,Payer: commercial/Medicare-likely — HMO referrals handled with your staff.,"OPEN: introduce Synergy spine — integrated ortho + spine, deep bench, conservative-first. MESSAGE: for the spine cases outside your scope, we co-manage: your patient stays yours, our spine team handles just the spine problem, notes back to you every visit. ASK: “Send us a handful — let us show you what we're about.” Leave one-pager + direct line; log who you met."
1790722338,University Orthopedic Specialists,Coty,Prospect,Wave 2,Orthopedic,Visit / Prospect,0,0,,14,COMM-LIKELY,Private specialty practice — commercial/Medicare-likely (QUALIFIED); confirm,Heuristic — verify — intake (Kelly) verifies Tier 1 first; NOT confirmed,Payer: commercial/Medicare-likely — HMO referrals handled with your staff.,"OPEN: introduce Synergy spine — integrated ortho + spine, deep bench, conservative-first. MESSAGE: for the spine cases outside your scope, we co-manage: your patient stays yours, our spine team handles just the spine problem, notes back to you every visit. ASK: “Send us a handful — let us show you what we're about.” Leave one-pager + direct line; log who you met."
1e77e934-4008-4672-ac72-64c80d79458e,BETTER HEALTH CLINIC,Kristen,Prospect,Wave 2,PCP,Visit / Prospect,0,0,,2,COMM-LIKELY,PCP — commercial/Medicare-likely; confirm HMO share (BCN/HAP/McLaren/Priority HMO need PCP referral — we handle that),Heuristic — verify — intake (Kelly) verifies Tier 1 first; NOT confirmed,Payer: commercial/Medicare-likely — HMO referrals handled with your staff.,"OPEN: introduce Synergy spine — integrated ortho + spine, deep bench, conservative-first. MESSAGE: your patients with back or neck pain get seen the same week — imaging, conservative care, interventional and surgical under one roof, and we handle HMO referral paperwork with your staff. ASK: “Send us a handful — let us show you what we're about.” Leave one-pager + direct line; log who you met."
e69e445d-bc49-4523-9a4b-a3850c3487c9,Clawson Internists,Kristen,Prospect,Wave 2,PCP,Visit / Prospect,0,0,,2,COMM-LIKELY,PCP — commercial/Medicare-likely; confirm HMO share (BCN/HAP/McLaren/Priority HMO need PCP referral — we handle that),Heuristic — verify — intake (Kelly) verifies Tier 1 first; NOT confirmed,Payer: commercial/Medicare-likely — HMO referrals handled with your staff.,"OPEN: introduce Synergy spine — integrated ortho + spine, deep bench, conservative-first. MESSAGE: your patients with back or neck pain get seen the same week — imaging, conservative care, interventional and surgical under one roof, and we handle HMO referral paperwork with your staff. ASK: “Send us a handful — let us show you what we're about.” Leave one-pager + direct line; log who you met."
53870065-638f-4a2b-8ddc-ed21771e1975,Corewell Family Medicine - Grosse Pointe,Kristen,Prospect,Wave 2,PCP,Visit / Prospect,0,0,,13,MIXED-SYSTEM,Hospital-system site — mixed commercial + Medicare + some Medicaid; qualified with intake screening,Heuristic — verify — intake (Kelly) verifies Tier 1 first; NOT confirmed,Payer: mixed panel — screen at intake; HMO plans need PCP referral (we assist).,"OPEN: introduce Synergy spine — integrated ortho + spine, deep bench, conservative-first. MESSAGE: your patients with back or neck pain get seen the same week — imaging, conservative care, interventional and surgical under one roof, and we handle HMO referral paperwork with your staff. ASK: “Send us a handful — let us show you what we're about.” Leave one-pager + direct line; log who you met."
93cecbfb-a489-4b00-933f-76d3066a4ad3,FAITH PRIMARY CARE,Kristen,Prospect,Wave 2,PCP,Visit / Prospect,0,0,,2,COMM-LIKELY,PCP — commercial/Medicare-likely; confirm HMO share (BCN/HAP/McLaren/Priority HMO need PCP referral — we handle that),Heuristic — verify — intake (Kelly) verifies Tier 1 first; NOT confirmed,Payer: commercial/Medicare-likely — HMO referrals handled with your staff.,"OPEN: introduce Synergy spine — integrated ortho + spine, deep bench, conservative-first. MESSAGE: your patients with back or neck pain get seen the same week — imaging, conservative care, interventional and surgical under one roof, and we handle HMO referral paperwork with your staff. ASK: “Send us a handful — let us show you what we're about.” Leave one-pager + direct line; log who you met."
377517aa-6082-4575-9083-498d5aca7ecb,GAMMONS MEDICAL,Kristen,Prospect,Wave 2,PCP,Visit / Prospect,0,0,,4,COMM-LIKELY,PCP — commercial/Medicare-likely; confirm HMO share (BCN/HAP/McLaren/Priority HMO need PCP referral — we handle that),Heuristic — verify — intake (Kelly) verifies Tier 1 first; NOT confirmed,Payer: commercial/Medicare-likely — HMO referrals handled with your staff.,"OPEN: introduce Synergy spine — integrated ortho + spine, deep bench, conservative-first. MESSAGE: your patients with back or neck pain get seen the same week — imaging, conservative care, interventional and surgical under one roof, and we handle HMO referral paperwork with your staff. ASK: “Send us a handful — let us show you what we're about.” Leave one-pager + direct line; log who you met."
6f3c7a90-84e4-44ad-9d54-cf249407d5e4,Henry Ford  SAINT CLAIR ADULT MEDICINE SPECIALISTS,Kristen,Prospect,Wave 2,PCP,Visit / Prospect,0,0,,4,MIXED-SYSTEM,Hospital-system site — mixed commercial + Medicare + some Medicaid; qualified with intake screening,Heuristic — verify — intake (Kelly) verifies Tier 1 first; NOT confirmed,Payer: mixed panel — screen at intake; HMO plans need PCP referral (we assist).,"OPEN: introduce Synergy spine — integrated ortho + spine, deep bench, conservative-first. MESSAGE: your patients with back or neck pain get seen the same week — imaging, conservative care, interventional and surgical under one roof, and we handle HMO referral paperwork with your staff. ASK: “Send us a handful — let us show you what we're about.” Leave one-pager + direct line; log who you met."
41d58a99-837a-4287-a726-afe3cda684c8,"APPOLINE MEDICAL CLINIC, PC",Jasmine,Prospect,Wave 2,Orthopedic,Visit / Prospect,0,0,,1,COMM-LIKELY,Private specialty practice — commercial/Medicare-likely (QUALIFIED); confirm,Heuristic — verify — intake (Kelly) verifies Tier 1 first; NOT confirmed,Payer: commercial/Medicare-likely — HMO referrals handled with your staff.,"OPEN: introduce Synergy spine — integrated ortho + spine, deep bench, conservative-first. MESSAGE: for the spine cases outside your scope, we co-manage: your patient stays yours, our spine team handles just the spine problem, notes back to you every visit. ASK: “Send us a handful — let us show you what we're about.” Leave one-pager + direct line; log who you met."
24378dba-bc30-4fc4-a4b7-d1eeb12c2bed,BEAUMONT URGENT CARE BY WELLSTREET,Jasmine,Prospect,Wave 2,Urgent Care,Visit / Prospect,0,0,,2,MIXED-SYSTEM,Hospital-system site — mixed commercial + Medicare + some Medicaid; qualified with intake screening,Heuristic — verify — intake (Kelly) verifies Tier 1 first; NOT confirmed,Payer: mixed panel — screen at intake; HMO plans need PCP referral (we assist).,"OPEN: introduce Synergy spine — integrated ortho + spine, deep bench, conservative-first. MESSAGE: an acute back/neck pathway: your discharge sheet can book a spine evaluation the same week — one number, we take it from there. ASK: “Send us a handful — let us show you what we're about.” Leave one-pager + direct line; log who you met."
e3b0867d-fccc-4c01-8c75-68fde50cdc16,Brackney Chiropractic,Jasmine,Prospect,Wave 2,Chiropractor,Visit / Prospect,0,0,,4,COMM-WCPI,Chiro — commercial + WC/PI mix (QUALIFIED); screen auto/WC liens,Heuristic — verify — intake (Kelly) verifies Tier 1 first; NOT confirmed,Payer: commercial + auto/WC liens welcome; screen Medicaid share.,"OPEN: introduce Synergy spine — integrated ortho + spine, deep bench, conservative-first. MESSAGE: co-management for patients who plateau — imaging access, interventional options, surgical consults when warranted, and every patient returns to your care plan with notes. ASK: “Send us a handful — let us show you what we're about.” Leave one-pager + direct line; log who you met."
27944765-e102-4f5b-9ebc-611bcf5fb06c,Canton Family Medicine,Jasmine,Prospect,Wave 2,PCP,Visit / Prospect,0,0,,2,COMM-LIKELY,PCP — commercial/Medicare-likely; confirm HMO share (BCN/HAP/McLaren/Priority HMO need PCP referral — we handle that),Heuristic — verify — intake (Kelly) verifies Tier 1 first; NOT confirmed,Payer: commercial/Medicare-likely — HMO referrals handled with your staff.,"OPEN: introduce Synergy spine — integrated ortho + spine, deep bench, conservative-first. MESSAGE: your patients with back or neck pain get seen the same week — imaging, conservative care, interventional and surgical under one roof, and we handle HMO referral paperwork with your staff. ASK: “Send us a handful — let us show you what we're about.” Leave one-pager + direct line; log who you met."
6fa415cb-7af9-461a-b555-69ae0e7a90de,CANTON URGENT CARE,Jasmine,Prospect,Wave 2,Orthopedic,Visit / Prospect,0,0,,1,COMM-LIKELY,Private specialty practice — commercial/Medicare-likely (QUALIFIED); confirm,Heuristic — verify — intake (Kelly) verifies Tier 1 first; NOT confirmed,Payer: commercial/Medicare-likely — HMO referrals handled with your staff.,"OPEN: introduce Synergy spine — integrated ortho + spine, deep bench, conservative-first. MESSAGE: for the spine cases outside your scope, we co-manage: your patient stays yours, our spine team handles just the spine problem, notes back to you every visit. ASK: “Send us a handful — let us show you what we're about.” Leave one-pager + direct line; log who you met."
70aaf20d-66c7-43ae-94f7-aecb6bcc117a,CORNER HEALTH CENTER (Medicaid),Jasmine,Prospect,Wave 2,Orthopedic,Visit / Prospect,0,0,,5,MEDICAID-LIKELY,Community-health/FQHC pattern — Medicaid-heavy panel likely; payer gate: cap Tier 2 until VERIFIED,Heuristic — VERIFY FIRST — intake (Kelly) verifies Tier 1 first; NOT confirmed,Payer CAUTION: likely Medicaid-heavy — do NOT promise same-week until eligibility verified; uninsured → Harmony Health Direct Pay.,"OPEN: introduce Synergy spine — integrated ortho + spine, deep bench, conservative-first. MESSAGE: for the spine cases outside your scope, we co-manage: your patient stays yours, our spine team handles just the spine problem, notes back to you every visit. ASK: “Send us a handful — let us show you what we're about.” Leave one-pager + direct line; log who you met."
1881654705,"Corwell health internal medicine, Dearborn",Jasmine,Prospect,Wave 2,PCP,Visit / Prospect,0,0,,2,COMM-LIKELY,PCP — commercial/Medicare-likely; confirm HMO share (BCN/HAP/McLaren/Priority HMO need PCP referral — we handle that),Heuristic — verify — intake (Kelly) verifies Tier 1 first; NOT confirmed,Payer: commercial/Medicare-likely — HMO referrals handled with your staff.,"OPEN: introduce Synergy spine — integrated ortho + spine, deep bench, conservative-first. MESSAGE: your patients with back or neck pain get seen the same week — imaging, conservative care, interventional and surgical under one roof, and we handle HMO referral paperwork with your staff. ASK: “Send us a handful — let us show you what we're about.” Leave one-pager + direct line; log who you met."
e1b0659f-dd0b-44de-bb56-320215093e67,Dearborn Health Clinic,Jasmine,Prospect,Wave 2,PCP,Visit / Prospect,0,0,,2,COMM-LIKELY,PCP — commercial/Medicare-likely; confirm HMO share (BCN/HAP/McLaren/Priority HMO need PCP referral — we handle that),Heuristic — verify — intake (Kelly) verifies Tier 1 first; NOT confirmed,Payer: commercial/Medicare-likely — HMO referrals handled with your staff.,"OPEN: introduce Synergy spine — integrated ortho + spine, deep bench, conservative-first. MESSAGE: your patients with back or neck pain get seen the same week — imaging, conservative care, interventional and surgical under one roof, and we handle HMO referral paperwork with your staff. ASK: “Send us a handful — let us show you what we're about.” Leave one-pager + direct line; log who you met."
044c28d6-68de-4f3e-855a-8606d4729ace,Dedicated Senior Medical Center East Jefferson,Jasmine,Prospect,Wave 2,PCP,Visit / Prospect,0,0,,4,COMM-LIKELY,PCP — commercial/Medicare-likely; confirm HMO share (BCN/HAP/McLaren/Priority HMO need PCP referral — we handle that),Heuristic — verify — intake (Kelly) verifies Tier 1 first; NOT confirmed,Payer: commercial/Medicare-likely — HMO referrals handled with your staff.,"OPEN: introduce Synergy spine — integrated ortho + spine, deep bench, conservative-first. MESSAGE: your patients with back or neck pain get seen the same week — imaging, conservative care, interventional and surgical under one roof, and we handle HMO referral paperwork with your staff. ASK: “Send us a handful — let us show you what we're about.” Leave one-pager + direct line; log who you met."
5f0d560a-88ef-4011-aac7-20111cc6a973,EASTBORN MEDICAL GROUP,Jasmine,Prospect,Wave 2,Orthopedic,Visit / Prospect,0,0,,1,COMM-LIKELY,Private specialty practice — commercial/Medicare-likely (QUALIFIED); confirm,Heuristic — verify — intake (Kelly) verifies Tier 1 first; NOT confirmed,Payer: commercial/Medicare-likely — HMO referrals handled with your staff.,"OPEN: introduce Synergy spine — integrated ortho + spine, deep bench, conservative-first. MESSAGE: for the spine cases outside your scope, we co-manage: your patient stays yours, our spine team handles just the spine problem, notes back to you every visit. ASK: “Send us a handful — let us show you what we're about.” Leave one-pager + direct line; log who you met."
2699d502-139a-47b8-b5f7-a8ea61dbeeae,Elite Prime Care,Jasmine,Prospect,Wave 2,PCP,Visit / Prospect,0,0,,3,COMM-LIKELY,PCP — commercial/Medicare-likely; confirm HMO share (BCN/HAP/McLaren/Priority HMO need PCP referral — we handle that),Heuristic — verify — intake (Kelly) verifies Tier 1 first; NOT confirmed,Payer: commercial/Medicare-likely — HMO referrals handled with your staff.,"OPEN: introduce Synergy spine — integrated ortho + spine, deep bench, conservative-first. MESSAGE: your patients with back or neck pain get seen the same week — imaging, conservative care, interventional and surgical under one roof, and we handle HMO referral paperwork with your staff. ASK: “Send us a handful — let us show you what we're about.” Leave one-pager + direct line; log who you met."
4edcea7a-987c-45d1-917d-cfe33f3c18ad,Endeavor chiropractic,Jasmine,Prospect,Wave 2,Chiropractor,Visit / Prospect,0,0,,2,COMM-WCPI,Chiro — commercial + WC/PI mix (QUALIFIED); screen auto/WC liens,Heuristic — verify — intake (Kelly) verifies Tier 1 first; NOT confirmed,Payer: commercial + auto/WC liens welcome; screen Medicaid share.,"OPEN: introduce Synergy spine — integrated ortho + spine, deep bench, conservative-first. MESSAGE: co-management for patients who plateau — imaging access, interventional options, surgical consults when warranted, and every patient returns to your care plan with notes. ASK: “Send us a handful — let us show you what we're about.” Leave one-pager + direct line; log who you met."
dfb5fa8d-64ab-4384-9965-4374858f546a,Everside Health,Jasmine,Prospect,Wave 2,Pain,Visit / Prospect,0,0,,1,COMM-LIKELY,Private specialty practice — commercial/Medicare-likely (QUALIFIED); confirm,Heuristic — verify — intake (Kelly) verifies Tier 1 first; NOT confirmed,Payer: commercial/Medicare-likely — HMO referrals handled with your staff.,"OPEN: introduce Synergy spine — integrated ortho + spine, deep bench, conservative-first. MESSAGE: two-way partnership — we send conservative-first candidates to you, you send surgical-escalation candidates to our spine surgeons; both get seen same-week. ASK: “Send us a handful — let us show you what we're about.” Leave one-pager + direct line; log who you met."
82015845-6f21-41fe-8e5a-c6e03da58e06,FARMBROOK INTERVENTIONAL PAIN AND EMG,Jasmine,Prospect,Wave 2,Pain,Visit / Prospect,0,0,,3,COMM-LIKELY,Private specialty practice — commercial/Medicare-likely (QUALIFIED); confirm,Heuristic — verify — intake (Kelly) verifies Tier 1 first; NOT confirmed,Payer: commercial/Medicare-likely — HMO referrals handled with your staff.,"OPEN: introduce Synergy spine — integrated ortho + spine, deep bench, conservative-first. MESSAGE: two-way partnership — we send conservative-first candidates to you, you send surgical-escalation candidates to our spine surgeons; both get seen same-week. ASK: “Send us a handful — let us show you what we're about.” Leave one-pager + direct line; log who you met."
b0006361-799b-4231-8e35-542ac7ccc5c3,Fox Michael DO,Jasmine,Prospect,Wave 2,PCP,Visit / Prospect,0,0,,3,COMM-LIKELY,PCP — commercial/Medicare-likely; confirm HMO share (BCN/HAP/McLaren/Priority HMO need PCP referral — we handle that),Heuristic — verify — intake (Kelly) verifies Tier 1 first; NOT confirmed,Payer: commercial/Medicare-likely — HMO referrals handled with your staff.,"OPEN: introduce Synergy spine — integrated ortho + spine, deep bench, conservative-first. MESSAGE: your patients with back or neck pain get seen the same week — imaging, conservative care, interventional and surgical under one roof, and we handle HMO referral paperwork with your staff. ASK: “Send us a handful — let us show you what we're about.” Leave one-pager + direct line; log who you met."
70edb114-54ce-4dbf-bb03-01f785af8326,Gem Health and Wellness,Jasmine,Prospect,Wave 2,PCP,Visit / Prospect,0,0,,2,COMM-LIKELY,PCP — commercial/Medicare-likely; confirm HMO share (BCN/HAP/McLaren/Priority HMO need PCP referral — we handle that),Heuristic — verify — intake (Kelly) verifies Tier 1 first; NOT confirmed,Payer: commercial/Medicare-likely — HMO referrals handled with your staff.,"OPEN: introduce Synergy spine — integrated ortho + spine, deep bench, conservative-first. MESSAGE: your patients with back or neck pain get seen the same week — imaging, conservative care, interventional and surgical under one roof, and we handle HMO referral paperwork with your staff. ASK: “Send us a handful — let us show you what we're about.” Leave one-pager + direct line; log who you met."
15ebb26a-5efc-4ce7-9eb1-60fb9bd5f6c9,Henry Ford Family Medicine/Internal Medicine  - Novi,Jasmine,Prospect,Wave 2,Pain,Visit / Prospect,0,0,,20,MIXED-SYSTEM,Hospital-system site — mixed commercial + Medicare + some Medicaid; qualified with intake screening,Heuristic — verify — intake (Kelly) verifies Tier 1 first; NOT confirmed,Payer: mixed panel — screen at intake; HMO plans need PCP referral (we assist).,"OPEN: introduce Synergy spine — integrated ortho + spine, deep bench, conservative-first. MESSAGE: two-way partnership — we send conservative-first candidates to you, you send surgical-escalation candidates to our spine surgeons; both get seen same-week. ASK: “Send us a handful — let us show you what we're about.” Leave one-pager + direct line; log who you met."
fa3d7cf2-0b7a-4b7b-aa60-304995dee0eb,Henry Ford Pain Clinic - Novi,Jasmine,Prospect,Wave 2,Pain,Visit / Prospect,0,0,,1,MIXED-SYSTEM,Hospital-system site — mixed commercial + Medicare + some Medicaid; qualified with intake screening,Heuristic — verify — intake (Kelly) verifies Tier 1 first; NOT confirmed,Payer: mixed panel — screen at intake; HMO plans need PCP referral (we assist).,"OPEN: introduce Synergy spine — integrated ortho + spine, deep bench, conservative-first. MESSAGE: two-way partnership — we send conservative-first candidates to you, you send surgical-escalation candidates to our spine surgeons; both get seen same-week. ASK: “Send us a handful — let us show you what we're about.” Leave one-pager + direct line; log who you met."
4df59a0a-4c28-4cbf-aed9-c47c969dd72a,IEP Urgent Care- Novi,Jasmine,Prospect,Wave 2,Urgent Care,Visit / Prospect,0,0,,3,MIXED-WALKIN,Walk-in panel — mixed payers; qualified with intake screening,Heuristic — verify — intake (Kelly) verifies Tier 1 first; NOT confirmed,Payer: walk-in mix — intake screens each referral; commercial/Medicare flow same-week.,"OPEN: introduce Synergy spine — integrated ortho + spine, deep bench, conservative-first. MESSAGE: an acute back/neck pathway: your discharge sheet can book a spine evaluation the same week — one number, we take it from there. ASK: “Send us a handful — let us show you what we're about.” Leave one-pager + direct line; log who you met."
cfc1a768-52b4-4363-b4f1-1d54ec8e1b8c,IHA Family Medicine,Jasmine,Prospect,Wave 2,PCP,Visit / Prospect,0,0,,10,COMM-LIKELY,PCP — commercial/Medicare-likely; confirm HMO share (BCN/HAP/McLaren/Priority HMO need PCP referral — we handle that),Heuristic — verify — intake (Kelly) verifies Tier 1 first; NOT confirmed,Payer: commercial/Medicare-likely — HMO referrals handled with your staff.,"OPEN: introduce Synergy spine — integrated ortho + spine, deep bench, conservative-first. MESSAGE: your patients with back or neck pain get seen the same week — imaging, conservative care, interventional and surgical under one roof, and we handle HMO referral paperwork with your staff. ASK: “Send us a handful — let us show you what we're about.” Leave one-pager + direct line; log who you met."
1e6c2264-d7e8-44cc-8bdb-8bbba8e6a32e,IHA urgent care Livonia,Jasmine,Prospect,Wave 2,Urgent Care,Visit / Prospect,0,0,,12,MIXED-WALKIN,Walk-in panel — mixed payers; qualified with intake screening,Heuristic — verify — intake (Kelly) verifies Tier 1 first; NOT confirmed,Payer: walk-in mix — intake screens each referral; commercial/Medicare flow same-week.,"OPEN: introduce Synergy spine — integrated ortho + spine, deep bench, conservative-first. MESSAGE: an acute back/neck pathway: your discharge sheet can book a spine evaluation the same week — one number, we take it from there. ASK: “Send us a handful — let us show you what we're about.” Leave one-pager + direct line; log who you met."
9eee0ff0-1617-48d1-ab23-cc1eef9a0c5d,Intensive Pulmonary & Internal Medicine,Jasmine,Prospect,Wave 2,PCP,Visit / Prospect,0,0,,2,COMM-LIKELY,PCP — commercial/Medicare-likely; confirm HMO share (BCN/HAP/McLaren/Priority HMO need PCP referral — we handle that),Heuristic — verify — intake (Kelly) verifies Tier 1 first; NOT confirmed,Payer: commercial/Medicare-likely — HMO referrals handled with your staff.,"OPEN: introduce Synergy spine — integrated ortho + spine, deep bench, conservative-first. MESSAGE: your patients with back or neck pain get seen the same week — imaging, conservative care, interventional and surgical under one roof, and we handle HMO referral paperwork with your staff. ASK: “Send us a handful — let us show you what we're about.” Leave one-pager + direct line; log who you met."
1174571947,"Jowher Khaleel MD, PC",Jasmine,Prospect,Wave 2,PCP,Visit / Prospect,0,0,,3,COMM-LIKELY,PCP — commercial/Medicare-likely; confirm HMO share (BCN/HAP/McLaren/Priority HMO need PCP referral — we handle that),Heuristic — verify — intake (Kelly) verifies Tier 1 first; NOT confirmed,Payer: commercial/Medicare-likely — HMO referrals handled with your staff.,"OPEN: introduce Synergy spine — integrated ortho + spine, deep bench, conservative-first. MESSAGE: your patients with back or neck pain get seen the same week — imaging, conservative care, interventional and surgical under one roof, and we handle HMO referral paperwork with your staff. ASK: “Send us a handful — let us show you what we're about.” Leave one-pager + direct line; log who you met."
34e9346c-8e77-4c5f-8b5a-25cf46347832,MDVIP-Novi,Jasmine,Prospect,Wave 2,PCP,Visit / Prospect,0,0,,2,COMM-LIKELY,PCP — commercial/Medicare-likely; confirm HMO share (BCN/HAP/McLaren/Priority HMO need PCP referral — we handle that),Heuristic — verify — intake (Kelly) verifies Tier 1 first; NOT confirmed,Payer: commercial/Medicare-likely — HMO referrals handled with your staff.,"OPEN: introduce Synergy spine — integrated ortho + spine, deep bench, conservative-first. MESSAGE: your patients with back or neck pain get seen the same week — imaging, conservative care, interventional and surgical under one roof, and we handle HMO referral paperwork with your staff. ASK: “Send us a handful — let us show you what we're about.” Leave one-pager + direct line; log who you met."
ed5b6926-cd2d-40c7-b534-97499a80ee08,Medical Associates PC,Jasmine,Prospect,Wave 2,PCP,Visit / Prospect,0,0,,3,COMM-LIKELY,PCP — commercial/Medicare-likely; confirm HMO share (BCN/HAP/McLaren/Priority HMO need PCP referral — we handle that),Heuristic — verify — intake (Kelly) verifies Tier 1 first; NOT confirmed,Payer: commercial/Medicare-likely — HMO referrals handled with your staff.,"OPEN: introduce Synergy spine — integrated ortho + spine, deep bench, conservative-first. MESSAGE: your patients with back or neck pain get seen the same week — imaging, conservative care, interventional and surgical under one roof, and we handle HMO referral paperwork with your staff. ASK: “Send us a handful — let us show you what we're about.” Leave one-pager + direct line; log who you met."
85768def-ff0c-4952-b900-da31e044eedf,Medicare urgent care,Jasmine,Prospect,Wave 2,Urgent Care,Visit / Prospect,0,0,,3,MIXED-WALKIN,Walk-in panel — mixed payers; qualified with intake screening,Heuristic — verify — intake (Kelly) verifies Tier 1 first; NOT confirmed,Payer: walk-in mix — intake screens each referral; commercial/Medicare flow same-week.,"OPEN: introduce Synergy spine — integrated ortho + spine, deep bench, conservative-first. MESSAGE: an acute back/neck pathway: your discharge sheet can book a spine evaluation the same week — one number, we take it from there. ASK: “Send us a handful — let us show you what we're about.” Leave one-pager + direct line; log who you met."
99d4fe31-7800-4760-b438-523fa51d9e6b,Michigan family wellness,Jasmine,Prospect,Wave 2,Pain,Visit / Prospect,0,0,,4,COMM-LIKELY,Private specialty practice — commercial/Medicare-likely (QUALIFIED); confirm,Heuristic — verify — intake (Kelly) verifies Tier 1 first; NOT confirmed,Payer: commercial/Medicare-likely — HMO referrals handled with your staff.,"OPEN: introduce Synergy spine — integrated ortho + spine, deep bench, conservative-first. MESSAGE: two-way partnership — we send conservative-first candidates to you, you send surgical-escalation candidates to our spine surgeons; both get seen same-week. ASK: “Send us a handful — let us show you what we're about.” Leave one-pager + direct line; log who you met."
8447f063-c332-4bfe-9ab5-13e9ea470cac,Michigan Orthopedic Specialists,Jasmine,Prospect,Wave 2,Orthopedic,Visit / Prospect,0,0,,10,COMM-LIKELY,Private specialty practice — commercial/Medicare-likely (QUALIFIED); confirm,Heuristic — verify — intake (Kelly) verifies Tier 1 first; NOT confirmed,Payer: commercial/Medicare-likely — HMO referrals handled with your staff.,"OPEN: introduce Synergy spine — integrated ortho + spine, deep bench, conservative-first. MESSAGE: for the spine cases outside your scope, we co-manage: your patient stays yours, our spine team handles just the spine problem, notes back to you every visit. ASK: “Send us a handful — let us show you what we're about.” Leave one-pager + direct line; log who you met."
95f12360-e2e8-47e3-8279-f8ff1f3bfd0e,MICHIGAN ORTHOPEDIC SPECIALISTS - Farmington Hills,Jasmine,Prospect,Wave 2,Orthopedic,Visit / Prospect,0,0,,4,COMM-LIKELY,Private specialty practice — commercial/Medicare-likely (QUALIFIED); confirm,Heuristic — verify — intake (Kelly) verifies Tier 1 first; NOT confirmed,Payer: commercial/Medicare-likely — HMO referrals handled with your staff.,"OPEN: introduce Synergy spine — integrated ortho + spine, deep bench, conservative-first. MESSAGE: for the spine cases outside your scope, we co-manage: your patient stays yours, our spine team handles just the spine problem, notes back to you every visit. ASK: “Send us a handful — let us show you what we're about.” Leave one-pager + direct line; log who you met."
c7640a25-ed3b-4097-bda5-cd89202f64a1,Michigan Spine & Brain Surgeons,Jasmine,Prospect,Wave 2,Orthopedic,Visit / Prospect,0,0,,6,COMM-LIKELY,Private specialty practice — commercial/Medicare-likely (QUALIFIED); confirm,Heuristic — verify — intake (Kelly) verifies Tier 1 first; NOT confirmed,Payer: commercial/Medicare-likely — HMO referrals handled with your staff.,"OPEN: introduce Synergy spine — integrated ortho + spine, deep bench, conservative-first. MESSAGE: for the spine cases outside your scope, we co-manage: your patient stays yours, our spine team handles just the spine problem, notes back to you every visit. ASK: “Send us a handful — let us show you what we're about.” Leave one-pager + direct line; log who you met."
02dc2839-7a87-4f51-9ae8-528110ed4a8f,"MICHIGAN SPORTS AND SPINE CENTER, PC (not of value)",Jasmine,Prospect,Wave 2,Orthopedic,Visit / Prospect,0,0,,7,COMM-LIKELY,Private specialty practice — commercial/Medicare-likely (QUALIFIED); confirm,Heuristic — verify — intake (Kelly) verifies Tier 1 first; NOT confirmed,Payer: commercial/Medicare-likely — HMO referrals handled with your staff.,"OPEN: introduce Synergy spine — integrated ortho + spine, deep bench, conservative-first. MESSAGE: for the spine cases outside your scope, we co-manage: your patient stays yours, our spine team handles just the spine problem, notes back to you every visit. ASK: “Send us a handful — let us show you what we're about.” Leave one-pager + direct line; log who you met."
cbf5b149-d8d1-45d2-bc13-27eac5b85f34,Northville-Novi Family Medicine,Jasmine,Prospect,Wave 2,PCP,Visit / Prospect,0,0,,3,COMM-LIKELY,PCP — commercial/Medicare-likely; confirm HMO share (BCN/HAP/McLaren/Priority HMO need PCP referral — we handle that),Heuristic — verify — intake (Kelly) verifies Tier 1 first; NOT confirmed,Payer: commercial/Medicare-likely — HMO referrals handled with your staff.,"OPEN: introduce Synergy spine — integrated ortho + spine, deep bench, conservative-first. MESSAGE: your patients with back or neck pain get seen the same week — imaging, conservative care, interventional and surgical under one roof, and we handle HMO referral paperwork with your staff. ASK: “Send us a handful — let us show you what we're about.” Leave one-pager + direct line; log who you met."
9ae9d844-759e-42b5-a563-2ad00aab5748,"Oakman, Medical Center",Jasmine,Prospect,Wave 2,PCP,Visit / Prospect,0,0,,2,COMM-LIKELY,PCP — commercial/Medicare-likely; confirm HMO share (BCN/HAP/McLaren/Priority HMO need PCP referral — we handle that),Heuristic — verify — intake (Kelly) verifies Tier 1 first; NOT confirmed,Payer: commercial/Medicare-likely — HMO referrals handled with your staff.,"OPEN: introduce Synergy spine — integrated ortho + spine, deep bench, conservative-first. MESSAGE: your patients with back or neck pain get seen the same week — imaging, conservative care, interventional and surgical under one roof, and we handle HMO referral paperwork with your staff. ASK: “Send us a handful — let us show you what we're about.” Leave one-pager + direct line; log who you met."
1402505e-8030-4222-ac59-577fa4458cd9,Park Internal Medicine,Jasmine,Prospect,Wave 2,PCP,Visit / Prospect,0,0,,6,COMM-LIKELY,PCP — commercial/Medicare-likely; confirm HMO share (BCN/HAP/McLaren/Priority HMO need PCP referral — we handle that),Heuristic — verify — intake (Kelly) verifies Tier 1 first; NOT confirmed,Payer: commercial/Medicare-likely — HMO referrals handled with your staff.,"OPEN: introduce Synergy spine — integrated ortho + spine, deep bench, conservative-first. MESSAGE: your patients with back or neck pain get seen the same week — imaging, conservative care, interventional and surgical under one roof, and we handle HMO referral paperwork with your staff. ASK: “Send us a handful — let us show you what we're about.” Leave one-pager + direct line; log who you met."
2bc5b4b8-9395-4f0a-bc36-8f7ffd755481,Partners in Internal Medicine,Jasmine,Prospect,Wave 2,PCP,Visit / Prospect,0,0,,9,COMM-LIKELY,PCP — commercial/Medicare-likely; confirm HMO share (BCN/HAP/McLaren/Priority HMO need PCP referral — we handle that),Heuristic — verify — intake (Kelly) verifies Tier 1 first; NOT confirmed,Payer: commercial/Medicare-likely — HMO referrals handled with your staff.,"OPEN: introduce Synergy spine — integrated ortho + spine, deep bench, conservative-first. MESSAGE: your patients with back or neck pain get seen the same week — imaging, conservative care, interventional and surgical under one roof, and we handle HMO referral paperwork with your staff. ASK: “Send us a handful — let us show you what we're about.” Leave one-pager + direct line; log who you met."
e419b08f-276a-463b-8d2e-29d69176bb65,"SEEMAB GUL KHAN, MD, PC",Jasmine,Prospect,Wave 2,Orthopedic,Visit / Prospect,0,0,,1,COMM-LIKELY,Private specialty practice — commercial/Medicare-likely (QUALIFIED); confirm,Heuristic — verify — intake (Kelly) verifies Tier 1 first; NOT confirmed,Payer: commercial/Medicare-likely — HMO referrals handled with your staff.,"OPEN: introduce Synergy spine — integrated ortho + spine, deep bench, conservative-first. MESSAGE: for the spine cases outside your scope, we co-manage: your patient stays yours, our spine team handles just the spine problem, notes back to you every visit. ASK: “Send us a handful — let us show you what we're about.” Leave one-pager + direct line; log who you met."
f22819d5-efed-4b35-ba21-d6ba06d47271,SHEBA MEDICAL CENTER,Jasmine,Prospect,Wave 2,Pain,Visit / Prospect,0,0,,3,COMM-LIKELY,Private specialty practice — commercial/Medicare-likely (QUALIFIED); confirm,Heuristic — verify — intake (Kelly) verifies Tier 1 first; NOT confirmed,Payer: commercial/Medicare-likely — HMO referrals handled with your staff.,"OPEN: introduce Synergy spine — integrated ortho + spine, deep bench, conservative-first. MESSAGE: two-way partnership — we send conservative-first candidates to you, you send surgical-escalation candidates to our spine surgeons; both get seen same-week. ASK: “Send us a handful — let us show you what we're about.” Leave one-pager + direct line; log who you met."
422a5ef8-6ba7-49ba-a836-1f967d1b414d,Southeast Michigan Rehab & Pain,Jasmine,Prospect,Wave 2,Pain,Visit / Prospect,0,0,,1,COMM-LIKELY,Private specialty practice — commercial/Medicare-likely (QUALIFIED); confirm,Heuristic — verify — intake (Kelly) verifies Tier 1 first; NOT confirmed,Payer: commercial/Medicare-likely — HMO referrals handled with your staff.,"OPEN: introduce Synergy spine — integrated ortho + spine, deep bench, conservative-first. MESSAGE: two-way partnership — we send conservative-first candidates to you, you send surgical-escalation candidates to our spine surgeons; both get seen same-week. ASK: “Send us a handful — let us show you what we're about.” Leave one-pager + direct line; log who you met."
73e16173-bee1-429e-93a5-997d3d6df3d9,THE CORE INSTITUTE NOVI,Jasmine,Prospect,Wave 2,Orthopedic,Visit / Prospect,0,0,,8,COMM-LIKELY,Private specialty practice — commercial/Medicare-likely (QUALIFIED); confirm,Heuristic — verify — intake (Kelly) verifies Tier 1 first; NOT confirmed,Payer: commercial/Medicare-likely — HMO referrals handled with your staff.,"OPEN: introduce Synergy spine — integrated ortho + spine, deep bench, conservative-first. MESSAGE: for the spine cases outside your scope, we co-manage: your patient stays yours, our spine team handles just the spine problem, notes back to you every visit. ASK: “Send us a handful — let us show you what we're about.” Leave one-pager + direct line; log who you met."
fbf2356b-694f-4b80-a662-1d1e86c727d7,The Joint Chiropractic - Livonia,Jasmine,Prospect,Wave 2,Chiropractor,Visit / Prospect,0,0,,4,COMM-WCPI,Chiro — commercial + WC/PI mix (QUALIFIED); screen auto/WC liens,Heuristic — verify — intake (Kelly) verifies Tier 1 first; NOT confirmed,Payer: commercial + auto/WC liens welcome; screen Medicaid share.,"OPEN: introduce Synergy spine — integrated ortho + spine, deep bench, conservative-first. MESSAGE: co-management for patients who plateau — imaging access, interventional options, surgical consults when warranted, and every patient returns to your care plan with notes. ASK: “Send us a handful — let us show you what we're about.” Leave one-pager + direct line; log who you met."
27281655-fa64-496e-9ffa-bbd0472e43d4,THE PILOT DOCTORS,Jasmine,Prospect,Wave 2,Orthopedic,Visit / Prospect,0,0,,2,COMM-LIKELY,Private specialty practice — commercial/Medicare-likely (QUALIFIED); confirm,Heuristic — verify — intake (Kelly) verifies Tier 1 first; NOT confirmed,Payer: commercial/Medicare-likely — HMO referrals handled with your staff.,"OPEN: introduce Synergy spine — integrated ortho + spine, deep bench, conservative-first. MESSAGE: for the spine cases outside your scope, we co-manage: your patient stays yours, our spine team handles just the spine problem, notes back to you every visit. ASK: “Send us a handful — let us show you what we're about.” Leave one-pager + direct line; log who you met."
c4b5edcd-9c75-4b5e-8922-bf8bda2f5543,Trinity Health IHA Academic Internal Medicine,Jasmine,Prospect,Wave 2,PCP,Visit / Prospect,0,0,,4,MIXED-SYSTEM,Hospital-system site — mixed commercial + Medicare + some Medicaid; qualified with intake screening,Heuristic — verify — intake (Kelly) verifies Tier 1 first; NOT confirmed,Payer: mixed panel — screen at intake; HMO plans need PCP referral (we assist).,"OPEN: introduce Synergy spine — integrated ortho + spine, deep bench, conservative-first. MESSAGE: your patients with back or neck pain get seen the same week — imaging, conservative care, interventional and surgical under one roof, and we handle HMO referral paperwork with your staff. ASK: “Send us a handful — let us show you what we're about.” Leave one-pager + direct line; log who you met."
41bbf717-a150-4c1a-b236-ebab1366b8aa,"Trinity Health IHA Medical Group, Primary Care - Ann Arbor",Jasmine,Prospect,Wave 2,PCP,Visit / Prospect,0,0,,14,MIXED-SYSTEM,Hospital-system site — mixed commercial + Medicare + some Medicaid; qualified with intake screening,Heuristic — verify — intake (Kelly) verifies Tier 1 first; NOT confirmed,Payer: mixed panel — screen at intake; HMO plans need PCP referral (we assist).,"OPEN: introduce Synergy spine — integrated ortho + spine, deep bench, conservative-first. MESSAGE: your patients with back or neck pain get seen the same week — imaging, conservative care, interventional and surgical under one roof, and we handle HMO referral paperwork with your staff. ASK: “Send us a handful — let us show you what we're about.” Leave one-pager + direct line; log who you met."
10a4e627-2c56-4978-9734-9722090617c0,Trinity Health IHA Primary Care - EMU,Jasmine,Prospect,Wave 2,PCP,Visit / Prospect,0,0,,4,MIXED-SYSTEM,Hospital-system site — mixed commercial + Medicare + some Medicaid; qualified with intake screening,Heuristic — verify — intake (Kelly) verifies Tier 1 first; NOT confirmed,Payer: mixed panel — screen at intake; HMO plans need PCP referral (we assist).,"OPEN: introduce Synergy spine — integrated ortho + spine, deep bench, conservative-first. MESSAGE: your patients with back or neck pain get seen the same week — imaging, conservative care, interventional and surgical under one roof, and we handle HMO referral paperwork with your staff. ASK: “Send us a handful — let us show you what we're about.” Leave one-pager + direct line; log who you met."
074ec76c-edc3-484d-9c8a-230ffcda445e,Trinity Health Urgent Care - West Arbor suite 230,Jasmine,Prospect,Wave 2,Urgent Care,Visit / Prospect,0,0,,25,MIXED-SYSTEM,Hospital-system site — mixed commercial + Medicare + some Medicaid; qualified with intake screening,Heuristic — verify — intake (Kelly) verifies Tier 1 first; NOT confirmed,Payer: mixed panel — screen at intake; HMO plans need PCP referral (we assist).,"OPEN: introduce Synergy spine — integrated ortho + spine, deep bench, conservative-first. MESSAGE: an acute back/neck pathway: your discharge sheet can book a spine evaluation the same week — one number, we take it from there. ASK: “Send us a handful — let us show you what we're about.” Leave one-pager + direct line; log who you met."
d7578949-87ce-4820-9a40-a34cbfb03fd6,Trinity IHA Primary Care - West Arbor,Jasmine,Prospect,Wave 2,PCP,Visit / Prospect,0,0,,21,MIXED-SYSTEM,Hospital-system site — mixed commercial + Medicare + some Medicaid; qualified with intake screening,Heuristic — verify — intake (Kelly) verifies Tier 1 first; NOT confirmed,Payer: mixed panel — screen at intake; HMO plans need PCP referral (we assist).,"OPEN: introduce Synergy spine — integrated ortho + spine, deep bench, conservative-first. MESSAGE: your patients with back or neck pain get seen the same week — imaging, conservative care, interventional and surgical under one roof, and we handle HMO referral paperwork with your staff. ASK: “Send us a handful — let us show you what we're about.” Leave one-pager + direct line; log who you met."
bb1e8257-48ba-4510-ac85-f82c85996bdf,True Health Chiropractic,Jasmine,Prospect,Wave 2,Chiropractor,Visit / Prospect,0,0,,2,COMM-WCPI,Chiro — commercial + WC/PI mix (QUALIFIED); screen auto/WC liens,Heuristic — verify — intake (Kelly) verifies Tier 1 first; NOT confirmed,Payer: commercial + auto/WC liens welcome; screen Medicaid share.,"OPEN: introduce Synergy spine — integrated ortho + spine, deep bench, conservative-first. MESSAGE: co-management for patients who plateau — imaging access, interventional options, surgical consults when warranted, and every patient returns to your care plan with notes. ASK: “Send us a handful — let us show you what we're about.” Leave one-pager + direct line; log who you met."
fcafa62b-aa2e-4816-b546-f6718ff3ece8,UNIVERSITY OF MICHIGAN LIVONIA HEALTH CENTER,Jasmine,Prospect,Wave 2,PCP,Visit / Prospect,0,0,,18,MEDICAID-LIKELY,Community-health/FQHC pattern — Medicaid-heavy panel likely; payer gate: cap Tier 2 until VERIFIED,Heuristic — VERIFY FIRST — intake (Kelly) verifies Tier 1 first; NOT confirmed,Payer CAUTION: likely Medicaid-heavy — do NOT promise same-week until eligibility verified; uninsured → Harmony Health Direct Pay.,"OPEN: introduce Synergy spine — integrated ortho + spine, deep bench, conservative-first. MESSAGE: your patients with back or neck pain get seen the same week — imaging, conservative care, interventional and surgical under one roof, and we handle HMO referral paperwork with your staff. ASK: “Send us a handful — let us show you what we're about.” Leave one-pager + direct line; log who you met."
2f5507a9-2551-4136-8866-ca58f640c01c,UNIVERSITY OF MICHIGAN YPSILANTI HEALTH CENTER,Jasmine,Prospect,Wave 2,Orthopedic,Visit / Prospect,0,0,,5,MEDICAID-LIKELY,Community-health/FQHC pattern — Medicaid-heavy panel likely; payer gate: cap Tier 2 until VERIFIED,Heuristic — VERIFY FIRST — intake (Kelly) verifies Tier 1 first; NOT confirmed,Payer CAUTION: likely Medicaid-heavy — do NOT promise same-week until eligibility verified; uninsured → Harmony Health Direct Pay.,"OPEN: introduce Synergy spine — integrated ortho + spine, deep bench, conservative-first. MESSAGE: for the spine cases outside your scope, we co-manage: your patient stays yours, our spine team handles just the spine problem, notes back to you every visit. ASK: “Send us a handful — let us show you what we're about.” Leave one-pager + direct line; log who you met."
828fa8f3-3b8b-47be-a90f-66dec7286b3e,VillageMD Eastern Michigan,Jasmine,Prospect,Wave 2,PCP,Visit / Prospect,0,0,,2,COMM-LIKELY,PCP — commercial/Medicare-likely; confirm HMO share (BCN/HAP/McLaren/Priority HMO need PCP referral — we handle that),Heuristic — verify — intake (Kelly) verifies Tier 1 first; NOT confirmed,Payer: commercial/Medicare-likely — HMO referrals handled with your staff.,"OPEN: introduce Synergy spine — integrated ortho + spine, deep bench, conservative-first. MESSAGE: your patients with back or neck pain get seen the same week — imaging, conservative care, interventional and surgical under one roof, and we handle HMO referral paperwork with your staff. ASK: “Send us a handful — let us show you what we're about.” Leave one-pager + direct line; log who you met."
80bad707-804e-4e08-b1c8-d03f5038b164,Wellness Wave Chiropractic,Jasmine,Prospect,Wave 2,Chiropractor,Visit / Prospect,0,0,,2,COMM-WCPI,Chiro — commercial + WC/PI mix (QUALIFIED); screen auto/WC liens,Heuristic — verify — intake (Kelly) verifies Tier 1 first; NOT confirmed,Payer: commercial + auto/WC liens welcome; screen Medicaid share.,"OPEN: introduce Synergy spine — integrated ortho + spine, deep bench, conservative-first. MESSAGE: co-management for patients who plateau — imaging access, interventional options, surgical consults when warranted, and every patient returns to your care plan with notes. ASK: “Send us a handful — let us show you what we're about.” Leave one-pager + direct line; log who you met."
bbb5a959-2f90-4cc2-aa31-4147951ed255,Alliance - Shelby Township,Coty,Prospect,Wave 2,PCP,Visit / Prospect,0,0,,9,COMM-LIKELY,PCP — commercial/Medicare-likely; confirm HMO share (BCN/HAP/McLaren/Priority HMO need PCP referral — we handle that),Heuristic — verify — intake (Kelly) verifies Tier 1 first; NOT confirmed,Payer: commercial/Medicare-likely — HMO referrals handled with your staff.,"OPEN: introduce Synergy spine — integrated ortho + spine, deep bench, conservative-first. MESSAGE: your patients with back or neck pain get seen the same week — imaging, conservative care, interventional and surgical under one roof, and we handle HMO referral paperwork with your staff. ASK: “Send us a handful — let us show you what we're about.” Leave one-pager + direct line; log who you met."
fdc185b1-8cf4-4f41-b543-bd81b47c5427,Amabir Khaira MD,Coty,Prospect,Wave 2,PCP,Visit / Prospect,0,0,,2,COMM-LIKELY,PCP — commercial/Medicare-likely; confirm HMO share (BCN/HAP/McLaren/Priority HMO need PCP referral — we handle that),Heuristic — verify — intake (Kelly) verifies Tier 1 first; NOT confirmed,Payer: commercial/Medicare-likely — HMO referrals handled with your staff.,"OPEN: introduce Synergy spine — integrated ortho + spine, deep bench, conservative-first. MESSAGE: your patients with back or neck pain get seen the same week — imaging, conservative care, interventional and surgical under one roof, and we handle HMO referral paperwork with your staff. ASK: “Send us a handful — let us show you what we're about.” Leave one-pager + direct line; log who you met."
00f1a591-9c29-48d3-826e-cbc95575d982,AS Medical Group,Coty,Prospect,Wave 2,PCP,Visit / Prospect,0,0,,3,COMM-LIKELY,PCP — commercial/Medicare-likely; confirm HMO share (BCN/HAP/McLaren/Priority HMO need PCP referral — we handle that),Heuristic — verify — intake (Kelly) verifies Tier 1 first; NOT confirmed,Payer: commercial/Medicare-likely — HMO referrals handled with your staff.,"OPEN: introduce Synergy spine — integrated ortho + spine, deep bench, conservative-first. MESSAGE: your patients with back or neck pain get seen the same week — imaging, conservative care, interventional and surgical under one roof, and we handle HMO referral paperwork with your staff. ASK: “Send us a handful — let us show you what we're about.” Leave one-pager + direct line; log who you met."
4522f3c1-4822-4912-a5d5-f88809b8ea59,Associated Orthopedists of Detroit-St Clair Shores,Coty,Prospect,Wave 2,Orthopedic,Visit / Prospect,0,0,,2,COMM-LIKELY,Private specialty practice — commercial/Medicare-likely (QUALIFIED); confirm,Heuristic — verify — intake (Kelly) verifies Tier 1 first; NOT confirmed,Payer: commercial/Medicare-likely — HMO referrals handled with your staff.,"OPEN: introduce Synergy spine — integrated ortho + spine, deep bench, conservative-first. MESSAGE: for the spine cases outside your scope, we co-manage: your patient stays yours, our spine team handles just the spine problem, notes back to you every visit. ASK: “Send us a handful — let us show you what we're about.” Leave one-pager + direct line; log who you met."
d0991686-438d-4fe9-84fd-07bb3b2bbec1,Byron Medical Group,Coty,Prospect,Wave 2,PCP,Visit / Prospect,0,0,,3,COMM-LIKELY,PCP — commercial/Medicare-likely; confirm HMO share (BCN/HAP/McLaren/Priority HMO need PCP referral — we handle that),Heuristic — verify — intake (Kelly) verifies Tier 1 first; NOT confirmed,Payer: commercial/Medicare-likely — HMO referrals handled with your staff.,"OPEN: introduce Synergy spine — integrated ortho + spine, deep bench, conservative-first. MESSAGE: your patients with back or neck pain get seen the same week — imaging, conservative care, interventional and surgical under one roof, and we handle HMO referral paperwork with your staff. ASK: “Send us a handful — let us show you what we're about.” Leave one-pager + direct line; log who you met."
1205811627,CarePoint Internal Medicine,Coty,Prospect,Wave 2,PCP,Visit / Prospect,0,0,,8,COMM-LIKELY,PCP — commercial/Medicare-likely; confirm HMO share (BCN/HAP/McLaren/Priority HMO need PCP referral — we handle that),Heuristic — verify — intake (Kelly) verifies Tier 1 first; NOT confirmed,Payer: commercial/Medicare-likely — HMO referrals handled with your staff.,"OPEN: introduce Synergy spine — integrated ortho + spine, deep bench, conservative-first. MESSAGE: your patients with back or neck pain get seen the same week — imaging, conservative care, interventional and surgical under one roof, and we handle HMO referral paperwork with your staff. ASK: “Send us a handful — let us show you what we're about.” Leave one-pager + direct line; log who you met."
776e10e7-f4c0-411b-be58-d586dedcc5eb,Ciarlone Orthopedics,Coty,Prospect,Wave 2,Orthopedic,Visit / Prospect,0,0,,1,COMM-LIKELY,Private specialty practice — commercial/Medicare-likely (QUALIFIED); confirm,Heuristic — verify — intake (Kelly) verifies Tier 1 first; NOT confirmed,Payer: commercial/Medicare-likely — HMO referrals handled with your staff.,"OPEN: introduce Synergy spine — integrated ortho + spine, deep bench, conservative-first. MESSAGE: for the spine cases outside your scope, we co-manage: your patient stays yours, our spine team handles just the spine problem, notes back to you every visit. ASK: “Send us a handful — let us show you what we're about.” Leave one-pager + direct line; log who you met."
116ecff0-69a2-4ab9-86a0-22de7c1a6fec,Corewell Health Taylor Hospital Family Medicine,Coty,Prospect,Wave 2,PCP,Visit / Prospect,0,0,,8,MIXED-SYSTEM,Hospital-system site — mixed commercial + Medicare + some Medicaid; qualified with intake screening,Heuristic — verify — intake (Kelly) verifies Tier 1 first; NOT confirmed,Payer: mixed panel — screen at intake; HMO plans need PCP referral (we assist).,"OPEN: introduce Synergy spine — integrated ortho + spine, deep bench, conservative-first. MESSAGE: your patients with back or neck pain get seen the same week — imaging, conservative care, interventional and surgical under one roof, and we handle HMO referral paperwork with your staff. ASK: “Send us a handful — let us show you what we're about.” Leave one-pager + direct line; log who you met."
16713b11-3989-4cae-9f63-709b8dcc8b9e,DMC Primary and Specialty Care - Milford,Coty,Prospect,Wave 2,PCP,Visit / Prospect,0,0,,4,MIXED-SYSTEM,Hospital-system site — mixed commercial + Medicare + some Medicaid; qualified with intake screening,Heuristic — verify — intake (Kelly) verifies Tier 1 first; NOT confirmed,Payer: mixed panel — screen at intake; HMO plans need PCP referral (we assist).,"OPEN: introduce Synergy spine — integrated ortho + spine, deep bench, conservative-first. MESSAGE: your patients with back or neck pain get seen the same week — imaging, conservative care, interventional and surgical under one roof, and we handle HMO referral paperwork with your staff. ASK: “Send us a handful — let us show you what we're about.” Leave one-pager + direct line; log who you met."
1982992715,Downriver Internists - Wayne,Coty,Prospect,Wave 2,PCP,Visit / Prospect,0,0,,2,COMM-LIKELY,PCP — commercial/Medicare-likely; confirm HMO share (BCN/HAP/McLaren/Priority HMO need PCP referral — we handle that),Heuristic — verify — intake (Kelly) verifies Tier 1 first; NOT confirmed,Payer: commercial/Medicare-likely — HMO referrals handled with your staff.,"OPEN: introduce Synergy spine — integrated ortho + spine, deep bench, conservative-first. MESSAGE: your patients with back or neck pain get seen the same week — imaging, conservative care, interventional and surgical under one roof, and we handle HMO referral paperwork with your staff. ASK: “Send us a handful — let us show you what we're about.” Leave one-pager + direct line; log who you met."
8dd680b0-5504-40bd-8956-3ce07e763aef,Forum Medical Clinic,Coty,Prospect,Wave 2,PCP,Visit / Prospect,0,0,,7,COMM-LIKELY,PCP — commercial/Medicare-likely; confirm HMO share (BCN/HAP/McLaren/Priority HMO need PCP referral — we handle that),Heuristic — verify — intake (Kelly) verifies Tier 1 first; NOT confirmed,Payer: commercial/Medicare-likely — HMO referrals handled with your staff.,"OPEN: introduce Synergy spine — integrated ortho + spine, deep bench, conservative-first. MESSAGE: your patients with back or neck pain get seen the same week — imaging, conservative care, interventional and surgical under one roof, and we handle HMO referral paperwork with your staff. ASK: “Send us a handful — let us show you what we're about.” Leave one-pager + direct line; log who you met."
2b118d9b-4287-416a-aa66-4e30f6d98e26,Forum Medical Clinic,Coty,Prospect,Wave 2,PCP,Visit / Prospect,0,0,,6,COMM-LIKELY,PCP — commercial/Medicare-likely; confirm HMO share (BCN/HAP/McLaren/Priority HMO need PCP referral — we handle that),Heuristic — verify — intake (Kelly) verifies Tier 1 first; NOT confirmed,Payer: commercial/Medicare-likely — HMO referrals handled with your staff.,"OPEN: introduce Synergy spine — integrated ortho + spine, deep bench, conservative-first. MESSAGE: your patients with back or neck pain get seen the same week — imaging, conservative care, interventional and surgical under one roof, and we handle HMO referral paperwork with your staff. ASK: “Send us a handful — let us show you what we're about.” Leave one-pager + direct line; log who you met."
6d4858c6-18d3-4849-b136-42e2fcb84fe3,Get Well Urgent Care of Shelby,Coty,Prospect,Wave 2,Urgent Care,Visit / Prospect,0,0,,3,MIXED-WALKIN,Walk-in panel — mixed payers; qualified with intake screening,Heuristic — verify — intake (Kelly) verifies Tier 1 first; NOT confirmed,Payer: walk-in mix — intake screens each referral; commercial/Medicare flow same-week.,"OPEN: introduce Synergy spine — integrated ortho + spine, deep bench, conservative-first. MESSAGE: an acute back/neck pathway: your discharge sheet can book a spine evaluation the same week — one number, we take it from there. ASK: “Send us a handful — let us show you what we're about.” Leave one-pager + direct line; log who you met."
5bb9aa8b-846a-4a0b-ab77-289399d9b1b1,"Glowacki MD - Institute for Pain, Spine & Headache Disorders",Coty,Prospect,Wave 2,Orthopedic,Visit / Prospect,0,0,,6,COMM-LIKELY,Private specialty practice — commercial/Medicare-likely (QUALIFIED); confirm,Heuristic — verify — intake (Kelly) verifies Tier 1 first; NOT confirmed,Payer: commercial/Medicare-likely — HMO referrals handled with your staff.,"OPEN: introduce Synergy spine — integrated ortho + spine, deep bench, conservative-first. MESSAGE: for the spine cases outside your scope, we co-manage: your patient stays yours, our spine team handles just the spine problem, notes back to you every visit. ASK: “Send us a handful — let us show you what we're about.” Leave one-pager + direct line; log who you met."
5bdf0e65-dfd7-47d2-8c99-2ca90d5315cd,Great Lakes Health and Wellness,Coty,Prospect,Wave 2,PCP,Visit / Prospect,0,0,,2,COMM-LIKELY,PCP — commercial/Medicare-likely; confirm HMO share (BCN/HAP/McLaren/Priority HMO need PCP referral — we handle that),Heuristic — verify — intake (Kelly) verifies Tier 1 first; NOT confirmed,Payer: commercial/Medicare-likely — HMO referrals handled with your staff.,"OPEN: introduce Synergy spine — integrated ortho + spine, deep bench, conservative-first. MESSAGE: your patients with back or neck pain get seen the same week — imaging, conservative care, interventional and surgical under one roof, and we handle HMO referral paperwork with your staff. ASK: “Send us a handful — let us show you what we're about.” Leave one-pager + direct line; log who you met."
1023000882,Greater Michigan Orthopedics and Sports Medicine - Warren,Coty,Prospect,Wave 2,Orthopedic,Visit / Prospect,0,0,,2,COMM-LIKELY,Private specialty practice — commercial/Medicare-likely (QUALIFIED); confirm,Heuristic — verify — intake (Kelly) verifies Tier 1 first; NOT confirmed,Payer: commercial/Medicare-likely — HMO referrals handled with your staff.,"OPEN: introduce Synergy spine — integrated ortho + spine, deep bench, conservative-first. MESSAGE: for the spine cases outside your scope, we co-manage: your patient stays yours, our spine team handles just the spine problem, notes back to you every visit. ASK: “Send us a handful — let us show you what we're about.” Leave one-pager + direct line; log who you met."
e474fc74-0d61-4b4f-831d-addccde2b9dd,Howell Family Medicine,Coty,Prospect,Wave 2,PCP,Visit / Prospect,0,0,,3,COMM-LIKELY,PCP — commercial/Medicare-likely; confirm HMO share (BCN/HAP/McLaren/Priority HMO need PCP referral — we handle that),Heuristic — verify — intake (Kelly) verifies Tier 1 first; NOT confirmed,Payer: commercial/Medicare-likely — HMO referrals handled with your staff.,"OPEN: introduce Synergy spine — integrated ortho + spine, deep bench, conservative-first. MESSAGE: your patients with back or neck pain get seen the same week — imaging, conservative care, interventional and surgical under one roof, and we handle HMO referral paperwork with your staff. ASK: “Send us a handful — let us show you what we're about.” Leave one-pager + direct line; log who you met."
c0a3429e-a32c-4e10-9c63-39620fac46d2,"INTERNAL MEDICINE ASSOCIATES OF MICHIGAN, PC",Coty,Prospect,Wave 2,PCP,Visit / Prospect,0,0,,3,COMM-LIKELY,PCP — commercial/Medicare-likely; confirm HMO share (BCN/HAP/McLaren/Priority HMO need PCP referral — we handle that),Heuristic — verify — intake (Kelly) verifies Tier 1 first; NOT confirmed,Payer: commercial/Medicare-likely — HMO referrals handled with your staff.,"OPEN: introduce Synergy spine — integrated ortho + spine, deep bench, conservative-first. MESSAGE: your patients with back or neck pain get seen the same week — imaging, conservative care, interventional and surgical under one roof, and we handle HMO referral paperwork with your staff. ASK: “Send us a handful — let us show you what we're about.” Leave one-pager + direct line; log who you met."
d585f868-a414-424d-b7fc-46bf2da53972,"Internal Medicine Associates of Rochester Hills, PC",Coty,Prospect,Wave 2,PCP,Visit / Prospect,0,0,,2,COMM-LIKELY,PCP — commercial/Medicare-likely; confirm HMO share (BCN/HAP/McLaren/Priority HMO need PCP referral — we handle that),Heuristic — verify — intake (Kelly) verifies Tier 1 first; NOT confirmed,Payer: commercial/Medicare-likely — HMO referrals handled with your staff.,"OPEN: introduce Synergy spine — integrated ortho + spine, deep bench, conservative-first. MESSAGE: your patients with back or neck pain get seen the same week — imaging, conservative care, interventional and surgical under one roof, and we handle HMO referral paperwork with your staff. ASK: “Send us a handful — let us show you what we're about.” Leave one-pager + direct line; log who you met."
1eb4b4af-01f6-4e42-bf98-d3a12bea0f85,"Julie Henry, MD",Coty,Prospect,Wave 2,Orthopedic,Visit / Prospect,0,0,,1,COMM-LIKELY,Private specialty practice — commercial/Medicare-likely (QUALIFIED); confirm,Heuristic — verify — intake (Kelly) verifies Tier 1 first; NOT confirmed,Payer: commercial/Medicare-likely — HMO referrals handled with your staff.,"OPEN: introduce Synergy spine — integrated ortho + spine, deep bench, conservative-first. MESSAGE: for the spine cases outside your scope, we co-manage: your patient stays yours, our spine team handles just the spine problem, notes back to you every visit. ASK: “Send us a handful — let us show you what we're about.” Leave one-pager + direct line; log who you met."
19495112-7e08-4c09-8899-f4c2049ff753,Karle Medical Group,Coty,Prospect,Wave 2,PCP,Visit / Prospect,0,0,,11,COMM-LIKELY,PCP — commercial/Medicare-likely; confirm HMO share (BCN/HAP/McLaren/Priority HMO need PCP referral — we handle that),Heuristic — verify — intake (Kelly) verifies Tier 1 first; NOT confirmed,Payer: commercial/Medicare-likely — HMO referrals handled with your staff.,"OPEN: introduce Synergy spine — integrated ortho + spine, deep bench, conservative-first. MESSAGE: your patients with back or neck pain get seen the same week — imaging, conservative care, interventional and surgical under one roof, and we handle HMO referral paperwork with your staff. ASK: “Send us a handful — let us show you what we're about.” Leave one-pager + direct line; log who you met."
8bdecedc-33cd-4229-8467-d684f3b6242d,Maan Askar MD - 13 Mile,Coty,Prospect,Wave 2,PCP,Visit / Prospect,0,0,,2,COMM-LIKELY,PCP — commercial/Medicare-likely; confirm HMO share (BCN/HAP/McLaren/Priority HMO need PCP referral — we handle that),Heuristic — verify — intake (Kelly) verifies Tier 1 first; NOT confirmed,Payer: commercial/Medicare-likely — HMO referrals handled with your staff.,"OPEN: introduce Synergy spine — integrated ortho + spine, deep bench, conservative-first. MESSAGE: your patients with back or neck pain get seen the same week — imaging, conservative care, interventional and surgical under one roof, and we handle HMO referral paperwork with your staff. ASK: “Send us a handful — let us show you what we're about.” Leave one-pager + direct line; log who you met."
bf00683c-6b73-48ef-985a-d84796ddd18f,Macomb Family Medical Center,Coty,Prospect,Wave 2,PCP,Visit / Prospect,0,0,,3,COMM-LIKELY,PCP — commercial/Medicare-likely; confirm HMO share (BCN/HAP/McLaren/Priority HMO need PCP referral — we handle that),Heuristic — verify — intake (Kelly) verifies Tier 1 first; NOT confirmed,Payer: commercial/Medicare-likely — HMO referrals handled with your staff.,"OPEN: introduce Synergy spine — integrated ortho + spine, deep bench, conservative-first. MESSAGE: your patients with back or neck pain get seen the same week — imaging, conservative care, interventional and surgical under one roof, and we handle HMO referral paperwork with your staff. ASK: “Send us a handful — let us show you what we're about.” Leave one-pager + direct line; log who you met."
b9b7ff1f-a14b-4733-af73-e7371152c69a,Macomb Family Medicine (Henry Ford) - Chesterfield,Coty,Prospect,Wave 2,PCP,Visit / Prospect,0,0,,2,MIXED-SYSTEM,Hospital-system site — mixed commercial + Medicare + some Medicaid; qualified with intake screening,Heuristic — verify — intake (Kelly) verifies Tier 1 first; NOT confirmed,Payer: mixed panel — screen at intake; HMO plans need PCP referral (we assist).,"OPEN: introduce Synergy spine — integrated ortho + spine, deep bench, conservative-first. MESSAGE: your patients with back or neck pain get seen the same week — imaging, conservative care, interventional and surgical under one roof, and we handle HMO referral paperwork with your staff. ASK: “Send us a handful — let us show you what we're about.” Leave one-pager + direct line; log who you met."
1215999339,McLaren Macomb Primary Care,Coty,Prospect,Wave 2,Pain,Visit / Prospect,0,0,,6,MIXED-SYSTEM,Hospital-system site — mixed commercial + Medicare + some Medicaid; qualified with intake screening,Heuristic — verify — intake (Kelly) verifies Tier 1 first; NOT confirmed,Payer: mixed panel — screen at intake; HMO plans need PCP referral (we assist).,"OPEN: introduce Synergy spine — integrated ortho + spine, deep bench, conservative-first. MESSAGE: two-way partnership — we send conservative-first candidates to you, you send surgical-escalation candidates to our spine surgeons; both get seen same-week. ASK: “Send us a handful — let us show you what we're about.” Leave one-pager + direct line; log who you met."
1992807358,MDVIP - Troy,Coty,Prospect,Wave 2,PCP,Visit / Prospect,0,0,,2,COMM-LIKELY,PCP — commercial/Medicare-likely; confirm HMO share (BCN/HAP/McLaren/Priority HMO need PCP referral — we handle that),Heuristic — verify — intake (Kelly) verifies Tier 1 first; NOT confirmed,Payer: commercial/Medicare-likely — HMO referrals handled with your staff.,"OPEN: introduce Synergy spine — integrated ortho + spine, deep bench, conservative-first. MESSAGE: your patients with back or neck pain get seen the same week — imaging, conservative care, interventional and surgical under one roof, and we handle HMO referral paperwork with your staff. ASK: “Send us a handful — let us show you what we're about.” Leave one-pager + direct line; log who you met."
df493f72-e10c-457a-a51c-c0b760cf98a4,Medpointe urgent care - St Clair Shores,Coty,Prospect,Wave 2,Urgent Care,Visit / Prospect,0,0,,4,MIXED-WALKIN,Walk-in panel — mixed payers; qualified with intake screening,Heuristic — verify — intake (Kelly) verifies Tier 1 first; NOT confirmed,Payer: walk-in mix — intake screens each referral; commercial/Medicare flow same-week.,"OPEN: introduce Synergy spine — integrated ortho + spine, deep bench, conservative-first. MESSAGE: an acute back/neck pathway: your discharge sheet can book a spine evaluation the same week — one number, we take it from there. ASK: “Send us a handful — let us show you what we're about.” Leave one-pager + direct line; log who you met."
a978aadc-a7c9-40f6-be36-465720a638af,Michigan Surgery Specialists  - Roseville,Coty,Prospect,Wave 2,Orthopedic,Visit / Prospect,0,0,,3,COMM-LIKELY,Private specialty practice — commercial/Medicare-likely (QUALIFIED); confirm,Heuristic — verify — intake (Kelly) verifies Tier 1 first; NOT confirmed,Payer: commercial/Medicare-likely — HMO referrals handled with your staff.,"OPEN: introduce Synergy spine — integrated ortho + spine, deep bench, conservative-first. MESSAGE: for the spine cases outside your scope, we co-manage: your patient stays yours, our spine team handles just the spine problem, notes back to you every visit. ASK: “Send us a handful — let us show you what we're about.” Leave one-pager + direct line; log who you met."
1c5a48da-6d75-4a3e-acb4-f4ed5e876ed6,Michigan Surgery Specialists - Shelby Township,Coty,Prospect,Wave 2,Orthopedic,Visit / Prospect,0,0,,3,COMM-LIKELY,Private specialty practice — commercial/Medicare-likely (QUALIFIED); confirm,Heuristic — verify — intake (Kelly) verifies Tier 1 first; NOT confirmed,Payer: commercial/Medicare-likely — HMO referrals handled with your staff.,"OPEN: introduce Synergy spine — integrated ortho + spine, deep bench, conservative-first. MESSAGE: for the spine cases outside your scope, we co-manage: your patient stays yours, our spine team handles just the spine problem, notes back to you every visit. ASK: “Send us a handful — let us show you what we're about.” Leave one-pager + direct line; log who you met."
15be0813-4c02-407e-9cd2-a1a8c07ec4e7,Millennium Orthopedics,Coty,Prospect,Wave 2,Orthopedic,Visit / Prospect,0,0,,2,COMM-LIKELY,Private specialty practice — commercial/Medicare-likely (QUALIFIED); confirm,Heuristic — verify — intake (Kelly) verifies Tier 1 first; NOT confirmed,Payer: commercial/Medicare-likely — HMO referrals handled with your staff.,"OPEN: introduce Synergy spine — integrated ortho + spine, deep bench, conservative-first. MESSAGE: for the spine cases outside your scope, we co-manage: your patient stays yours, our spine team handles just the spine problem, notes back to you every visit. ASK: “Send us a handful — let us show you what we're about.” Leave one-pager + direct line; log who you met."
08267c79-105f-464d-9871-7cf4341a4386,MOTOR CITY ORTHOPEDICS - Novi,Coty,Prospect,Wave 2,Orthopedic,Visit / Prospect,0,0,,12,COMM-LIKELY,Private specialty practice — commercial/Medicare-likely (QUALIFIED); confirm,Heuristic — verify — intake (Kelly) verifies Tier 1 first; NOT confirmed,Payer: commercial/Medicare-likely — HMO referrals handled with your staff.,"OPEN: introduce Synergy spine — integrated ortho + spine, deep bench, conservative-first. MESSAGE: for the spine cases outside your scope, we co-manage: your patient stays yours, our spine team handles just the spine problem, notes back to you every visit. ASK: “Send us a handful — let us show you what we're about.” Leave one-pager + direct line; log who you met."
4bb9ca0b-1ac2-4359-9bae-ac3b13ca5c66,Neuro Pain Consultants - Macomb,Coty,Prospect,Wave 2,Orthopedic,Visit / Prospect,0,0,,1,COMM-LIKELY,Private specialty practice — commercial/Medicare-likely (QUALIFIED); confirm,Heuristic — verify — intake (Kelly) verifies Tier 1 first; NOT confirmed,Payer: commercial/Medicare-likely — HMO referrals handled with your staff.,"OPEN: introduce Synergy spine — integrated ortho + spine, deep bench, conservative-first. MESSAGE: for the spine cases outside your scope, we co-manage: your patient stays yours, our spine team handles just the spine problem, notes back to you every visit. ASK: “Send us a handful — let us show you what we're about.” Leave one-pager + direct line; log who you met."
2ba1a5d9-5a5a-4766-a10b-12e037375a67,New Baltimore Family Practice - Chesterfield,Coty,Prospect,Wave 2,PCP,Visit / Prospect,0,0,,3,COMM-LIKELY,PCP — commercial/Medicare-likely; confirm HMO share (BCN/HAP/McLaren/Priority HMO need PCP referral — we handle that),Heuristic — verify — intake (Kelly) verifies Tier 1 first; NOT confirmed,Payer: commercial/Medicare-likely — HMO referrals handled with your staff.,"OPEN: introduce Synergy spine — integrated ortho + spine, deep bench, conservative-first. MESSAGE: your patients with back or neck pain get seen the same week — imaging, conservative care, interventional and surgical under one roof, and we handle HMO referral paperwork with your staff. ASK: “Send us a handful — let us show you what we're about.” Leave one-pager + direct line; log who you met."
89581b53-bbfd-4c4a-bb78-a2d4945bd199,Newland Medical Associates - Howell,Coty,Prospect,Wave 2,PCP,Visit / Prospect,0,0,,2,COMM-LIKELY,PCP — commercial/Medicare-likely; confirm HMO share (BCN/HAP/McLaren/Priority HMO need PCP referral — we handle that),Heuristic — verify — intake (Kelly) verifies Tier 1 first; NOT confirmed,Payer: commercial/Medicare-likely — HMO referrals handled with your staff.,"OPEN: introduce Synergy spine — integrated ortho + spine, deep bench, conservative-first. MESSAGE: your patients with back or neck pain get seen the same week — imaging, conservative care, interventional and surgical under one roof, and we handle HMO referral paperwork with your staff. ASK: “Send us a handful — let us show you what we're about.” Leave one-pager + direct line; log who you met."
2eb4ee80-dd25-41e6-bfe5-f3b5e5e7cf91,Orthopedic Surgery of Macomb,Coty,Prospect,Wave 2,Orthopedic,Visit / Prospect,0,0,,2,COMM-LIKELY,Private specialty practice — commercial/Medicare-likely (QUALIFIED); confirm,Heuristic — verify — intake (Kelly) verifies Tier 1 first; NOT confirmed,Payer: commercial/Medicare-likely — HMO referrals handled with your staff.,"OPEN: introduce Synergy spine — integrated ortho + spine, deep bench, conservative-first. MESSAGE: for the spine cases outside your scope, we co-manage: your patient stays yours, our spine team handles just the spine problem, notes back to you every visit. ASK: “Send us a handful — let us show you what we're about.” Leave one-pager + direct line; log who you met."
1891724688,Osteopathic Health Care Associates,Coty,Prospect,Wave 2,PCP,Visit / Prospect,0,0,,4,COMM-LIKELY,PCP — commercial/Medicare-likely; confirm HMO share (BCN/HAP/McLaren/Priority HMO need PCP referral — we handle that),Heuristic — verify — intake (Kelly) verifies Tier 1 first; NOT confirmed,Payer: commercial/Medicare-likely — HMO referrals handled with your staff.,"OPEN: introduce Synergy spine — integrated ortho + spine, deep bench, conservative-first. MESSAGE: your patients with back or neck pain get seen the same week — imaging, conservative care, interventional and surgical under one roof, and we handle HMO referral paperwork with your staff. ASK: “Send us a handful — let us show you what we're about.” Leave one-pager + direct line; log who you met."
55be614a-add9-4757-b0ed-33f0f5c4188d,Pointe Family Physicians,Coty,Prospect,Wave 2,PCP,Visit / Prospect,0,0,,9,COMM-LIKELY,PCP — commercial/Medicare-likely; confirm HMO share (BCN/HAP/McLaren/Priority HMO need PCP referral — we handle that),Heuristic — verify — intake (Kelly) verifies Tier 1 first; NOT confirmed,Payer: commercial/Medicare-likely — HMO referrals handled with your staff.,"OPEN: introduce Synergy spine — integrated ortho + spine, deep bench, conservative-first. MESSAGE: your patients with back or neck pain get seen the same week — imaging, conservative care, interventional and surgical under one roof, and we handle HMO referral paperwork with your staff. ASK: “Send us a handful — let us show you what we're about.” Leave one-pager + direct line; log who you met."
9bcc1288-88f8-4366-89d5-1954358b0abb,Poley Sports Medicine,Coty,Prospect,Wave 2,Orthopedic,Visit / Prospect,0,0,,1,COMM-LIKELY,Private specialty practice — commercial/Medicare-likely (QUALIFIED); confirm,Heuristic — verify — intake (Kelly) verifies Tier 1 first; NOT confirmed,Payer: commercial/Medicare-likely — HMO referrals handled with your staff.,"OPEN: introduce Synergy spine — integrated ortho + spine, deep bench, conservative-first. MESSAGE: for the spine cases outside your scope, we co-manage: your patient stays yours, our spine team handles just the spine problem, notes back to you every visit. ASK: “Send us a handful — let us show you what we're about.” Leave one-pager + direct line; log who you met."
6a404f23-7c36-4965-b240-828d66cceec9,PRISM Extended Care and Urgent Care,Coty,Prospect,Wave 2,Urgent Care,Visit / Prospect,0,0,,2,MIXED-WALKIN,Walk-in panel — mixed payers; qualified with intake screening,Heuristic — verify — intake (Kelly) verifies Tier 1 first; NOT confirmed,Payer: walk-in mix — intake screens each referral; commercial/Medicare flow same-week.,"OPEN: introduce Synergy spine — integrated ortho + spine, deep bench, conservative-first. MESSAGE: an acute back/neck pathway: your discharge sheet can book a spine evaluation the same week — one number, we take it from there. ASK: “Send us a handful — let us show you what we're about.” Leave one-pager + direct line; log who you met."
302f7a03-fbf7-4ffa-ad89-f1a3c3c580c1,Prism Medical Group - Family Medicine Ste 160,Coty,Prospect,Wave 2,PCP,Visit / Prospect,0,0,,6,COMM-LIKELY,PCP — commercial/Medicare-likely; confirm HMO share (BCN/HAP/McLaren/Priority HMO need PCP referral — we handle that),Heuristic — verify — intake (Kelly) verifies Tier 1 first; NOT confirmed,Payer: commercial/Medicare-likely — HMO referrals handled with your staff.,"OPEN: introduce Synergy spine — integrated ortho + spine, deep bench, conservative-first. MESSAGE: your patients with back or neck pain get seen the same week — imaging, conservative care, interventional and surgical under one roof, and we handle HMO referral paperwork with your staff. ASK: “Send us a handful — let us show you what we're about.” Leave one-pager + direct line; log who you met."
16bc4052-1b0d-46cc-8fe0-6c700c988b44,Pulse Primary Care - Lenox,Coty,Prospect,Wave 2,PCP,Visit / Prospect,0,0,,3,COMM-LIKELY,PCP — commercial/Medicare-likely; confirm HMO share (BCN/HAP/McLaren/Priority HMO need PCP referral — we handle that),Heuristic — verify — intake (Kelly) verifies Tier 1 first; NOT confirmed,Payer: commercial/Medicare-likely — HMO referrals handled with your staff.,"OPEN: introduce Synergy spine — integrated ortho + spine, deep bench, conservative-first. MESSAGE: your patients with back or neck pain get seen the same week — imaging, conservative care, interventional and surgical under one roof, and we handle HMO referral paperwork with your staff. ASK: “Send us a handful — let us show you what we're about.” Leave one-pager + direct line; log who you met."
a75491e9-8970-44fd-ba14-868027583a78,Rochester Family Practice,Coty,Prospect,Wave 2,PCP,Visit / Prospect,0,0,,9,COMM-LIKELY,PCP — commercial/Medicare-likely; confirm HMO share (BCN/HAP/McLaren/Priority HMO need PCP referral — we handle that),Heuristic — verify — intake (Kelly) verifies Tier 1 first; NOT confirmed,Payer: commercial/Medicare-likely — HMO referrals handled with your staff.,"OPEN: introduce Synergy spine — integrated ortho + spine, deep bench, conservative-first. MESSAGE: your patients with back or neck pain get seen the same week — imaging, conservative care, interventional and surgical under one roof, and we handle HMO referral paperwork with your staff. ASK: “Send us a handful — let us show you what we're about.” Leave one-pager + direct line; log who you met."
1d187d2e-e797-487e-9ca1-79b007c4f326,Rochester Internists,Coty,Prospect,Wave 2,PCP,Visit / Prospect,0,0,,5,COMM-LIKELY,PCP — commercial/Medicare-likely; confirm HMO share (BCN/HAP/McLaren/Priority HMO need PCP referral — we handle that),Heuristic — verify — intake (Kelly) verifies Tier 1 first; NOT confirmed,Payer: commercial/Medicare-likely — HMO referrals handled with your staff.,"OPEN: introduce Synergy spine — integrated ortho + spine, deep bench, conservative-first. MESSAGE: your patients with back or neck pain get seen the same week — imaging, conservative care, interventional and surgical under one roof, and we handle HMO referral paperwork with your staff. ASK: “Send us a handful — let us show you what we're about.” Leave one-pager + direct line; log who you met."
5356ae4a-e9ec-4b34-abe8-65a5ff0318ce,Romeo Plank Family Practice,Coty,Prospect,Wave 2,PCP,Visit / Prospect,0,0,,6,COMM-LIKELY,PCP — commercial/Medicare-likely; confirm HMO share (BCN/HAP/McLaren/Priority HMO need PCP referral — we handle that),Heuristic — verify — intake (Kelly) verifies Tier 1 first; NOT confirmed,Payer: commercial/Medicare-likely — HMO referrals handled with your staff.,"OPEN: introduce Synergy spine — integrated ortho + spine, deep bench, conservative-first. MESSAGE: your patients with back or neck pain get seen the same week — imaging, conservative care, interventional and surgical under one roof, and we handle HMO referral paperwork with your staff. ASK: “Send us a handful — let us show you what we're about.” Leave one-pager + direct line; log who you met."
e6dbc679-ce67-4b3e-9c16-e0ead17fbb3b,Rosemary Aquiler-Angeles MD,Coty,Prospect,Wave 2,PCP,Visit / Prospect,0,0,,2,COMM-LIKELY,PCP — commercial/Medicare-likely; confirm HMO share (BCN/HAP/McLaren/Priority HMO need PCP referral — we handle that),Heuristic — verify — intake (Kelly) verifies Tier 1 first; NOT confirmed,Payer: commercial/Medicare-likely — HMO referrals handled with your staff.,"OPEN: introduce Synergy spine — integrated ortho + spine, deep bench, conservative-first. MESSAGE: your patients with back or neck pain get seen the same week — imaging, conservative care, interventional and surgical under one roof, and we handle HMO referral paperwork with your staff. ASK: “Send us a handful — let us show you what we're about.” Leave one-pager + direct line; log who you met."
f945997b-7ba6-4b6c-a37a-97f24ce1fed5,Salta Direct Primary Care - Troy,Coty,Prospect,Wave 2,PCP,Visit / Prospect,0,0,,2,COMM-LIKELY,PCP — commercial/Medicare-likely; confirm HMO share (BCN/HAP/McLaren/Priority HMO need PCP referral — we handle that),Heuristic — verify — intake (Kelly) verifies Tier 1 first; NOT confirmed,Payer: commercial/Medicare-likely — HMO referrals handled with your staff.,"OPEN: introduce Synergy spine — integrated ortho + spine, deep bench, conservative-first. MESSAGE: your patients with back or neck pain get seen the same week — imaging, conservative care, interventional and surgical under one roof, and we handle HMO referral paperwork with your staff. ASK: “Send us a handful — let us show you what we're about.” Leave one-pager + direct line; log who you met."
768a5944-a609-410c-8f75-098efa9952de,Silver Pine Medical Group Romeo Plank,Coty,Prospect,Wave 2,PCP,Visit / Prospect,0,0,,6,COMM-LIKELY,PCP — commercial/Medicare-likely; confirm HMO share (BCN/HAP/McLaren/Priority HMO need PCP referral — we handle that),Heuristic — verify — intake (Kelly) verifies Tier 1 first; NOT confirmed,Payer: commercial/Medicare-likely — HMO referrals handled with your staff.,"OPEN: introduce Synergy spine — integrated ortho + spine, deep bench, conservative-first. MESSAGE: your patients with back or neck pain get seen the same week — imaging, conservative care, interventional and surgical under one roof, and we handle HMO referral paperwork with your staff. ASK: “Send us a handful — let us show you what we're about.” Leave one-pager + direct line; log who you met."
1386634632,Somerset Family Medicine - Sterling Heights,Coty,Prospect,Wave 2,PCP,Visit / Prospect,0,0,,2,COMM-LIKELY,PCP — commercial/Medicare-likely; confirm HMO share (BCN/HAP/McLaren/Priority HMO need PCP referral — we handle that),Heuristic — verify — intake (Kelly) verifies Tier 1 first; NOT confirmed,Payer: commercial/Medicare-likely — HMO referrals handled with your staff.,"OPEN: introduce Synergy spine — integrated ortho + spine, deep bench, conservative-first. MESSAGE: your patients with back or neck pain get seen the same week — imaging, conservative care, interventional and surgical under one roof, and we handle HMO referral paperwork with your staff. ASK: “Send us a handful — let us show you what we're about.” Leave one-pager + direct line; log who you met."
4c1b7fe8-a5c4-417f-bee6-92fae75a3c35,Spine & Brain Surgery Specialists,Coty,Prospect,Wave 2,Orthopedic,Visit / Prospect,0,0,,3,COMM-LIKELY,Private specialty practice — commercial/Medicare-likely (QUALIFIED); confirm,Heuristic — verify — intake (Kelly) verifies Tier 1 first; NOT confirmed,Payer: commercial/Medicare-likely — HMO referrals handled with your staff.,"OPEN: introduce Synergy spine — integrated ortho + spine, deep bench, conservative-first. MESSAGE: for the spine cases outside your scope, we co-manage: your patient stays yours, our spine team handles just the spine problem, notes back to you every visit. ASK: “Send us a handful — let us show you what we're about.” Leave one-pager + direct line; log who you met."
40ddb048-cf4c-463b-906a-170a28abd32d,Tri County Pain Consultants,Coty,Prospect,Wave 2,Orthopedic,Visit / Prospect,0,0,,1,COMM-LIKELY,Private specialty practice — commercial/Medicare-likely (QUALIFIED); confirm,Heuristic — verify — intake (Kelly) verifies Tier 1 first; NOT confirmed,Payer: commercial/Medicare-likely — HMO referrals handled with your staff.,"OPEN: introduce Synergy spine — integrated ortho + spine, deep bench, conservative-first. MESSAGE: for the spine cases outside your scope, we co-manage: your patient stays yours, our spine team handles just the spine problem, notes back to you every visit. ASK: “Send us a handful — let us show you what we're about.” Leave one-pager + direct line; log who you met."
987cb6d6-529f-4dd9-a2bf-fb65d73c5160,Trinity Health System Pain Institute,Coty,Prospect,Wave 2,Pain,Visit / Prospect,0,0,,4,MIXED-SYSTEM,Hospital-system site — mixed commercial + Medicare + some Medicaid; qualified with intake screening,Heuristic — verify — intake (Kelly) verifies Tier 1 first; NOT confirmed,Payer: mixed panel — screen at intake; HMO plans need PCP referral (we assist).,"OPEN: introduce Synergy spine — integrated ortho + spine, deep bench, conservative-first. MESSAGE: two-way partnership — we send conservative-first candidates to you, you send surgical-escalation candidates to our spine surgeons; both get seen same-week. ASK: “Send us a handful — let us show you what we're about.” Leave one-pager + direct line; log who you met."
1578554168,Troy Medical,Coty,Prospect,Wave 2,Urgent Care,Visit / Prospect,0,0,,5,MIXED-WALKIN,Walk-in panel — mixed payers; qualified with intake screening,Heuristic — verify — intake (Kelly) verifies Tier 1 first; NOT confirmed,Payer: walk-in mix — intake screens each referral; commercial/Medicare flow same-week.,"OPEN: introduce Synergy spine — integrated ortho + spine, deep bench, conservative-first. MESSAGE: an acute back/neck pathway: your discharge sheet can book a spine evaluation the same week — one number, we take it from there. ASK: “Send us a handful — let us show you what we're about.” Leave one-pager + direct line; log who you met."
c87aa383-9bf1-4f78-8810-bcb83fcefb74,Urgent Care of Milford,Coty,Prospect,Wave 2,Urgent Care,Visit / Prospect,0,0,,3,MIXED-WALKIN,Walk-in panel — mixed payers; qualified with intake screening,Heuristic — verify — intake (Kelly) verifies Tier 1 first; NOT confirmed,Payer: walk-in mix — intake screens each referral; commercial/Medicare flow same-week.,"OPEN: introduce Synergy spine — integrated ortho + spine, deep bench, conservative-first. MESSAGE: an acute back/neck pathway: your discharge sheet can book a spine evaluation the same week — one number, we take it from there. ASK: “Send us a handful — let us show you what we're about.” Leave one-pager + direct line; log who you met."
d2a011ae-fad5-4195-a59b-93376dd15321,"*NOVAMEDICA, PLLC",Jasmine,Prospect,Wave 2,PCP,Visit / Prospect,0,0,,3,COMM-LIKELY,PCP — commercial/Medicare-likely; confirm HMO share (BCN/HAP/McLaren/Priority HMO need PCP referral — we handle that),Heuristic — verify — intake (Kelly) verifies Tier 1 first; NOT confirmed,Payer: commercial/Medicare-likely — HMO referrals handled with your staff.,"OPEN: introduce Synergy spine — integrated ortho + spine, deep bench, conservative-first. MESSAGE: your patients with back or neck pain get seen the same week — imaging, conservative care, interventional and surgical under one roof, and we handle HMO referral paperwork with your staff. ASK: “Send us a handful — let us show you what we're about.” Leave one-pager + direct line; log who you met."
4234d0ba-61b7-4931-8788-6156494bcc59,1st choice Urgent Care Livonia,Jasmine,Prospect,Wave 2,Urgent Care,Visit / Prospect,0,0,,2,MIXED-WALKIN,Walk-in panel — mixed payers; qualified with intake screening,Heuristic — verify — intake (Kelly) verifies Tier 1 first; NOT confirmed,Payer: walk-in mix — intake screens each referral; commercial/Medicare flow same-week.,"OPEN: introduce Synergy spine — integrated ortho + spine, deep bench, conservative-first. MESSAGE: an acute back/neck pathway: your discharge sheet can book a spine evaluation the same week — one number, we take it from there. ASK: “Send us a handful — let us show you what we're about.” Leave one-pager + direct line; log who you met."
b61f12f1-ac78-4203-876e-78120bd81f47,ACADEMIC INTERNAL MEDICINE,Jasmine,Prospect,Wave 2,Orthopedic,Visit / Prospect,0,0,,9,COMM-LIKELY,Private specialty practice — commercial/Medicare-likely (QUALIFIED); confirm,Heuristic — verify — intake (Kelly) verifies Tier 1 first; NOT confirmed,Payer: commercial/Medicare-likely — HMO referrals handled with your staff.,"OPEN: introduce Synergy spine — integrated ortho + spine, deep bench, conservative-first. MESSAGE: for the spine cases outside your scope, we co-manage: your patient stays yours, our spine team handles just the spine problem, notes back to you every visit. ASK: “Send us a handful — let us show you what we're about.” Leave one-pager + direct line; log who you met."
9531e09a-b183-4d68-994a-80342d7b0c2e,All-Pro Physical Therapy,Jasmine,Prospect,Wave 2,Orthopedic,Visit / Prospect,0,0,,2,COMM-LIKELY,Private specialty practice — commercial/Medicare-likely (QUALIFIED); confirm,Heuristic — verify — intake (Kelly) verifies Tier 1 first; NOT confirmed,Payer: commercial/Medicare-likely — HMO referrals handled with your staff.,"OPEN: introduce Synergy spine — integrated ortho + spine, deep bench, conservative-first. MESSAGE: for the spine cases outside your scope, we co-manage: your patient stays yours, our spine team handles just the spine problem, notes back to you every visit. ASK: “Send us a handful — let us show you what we're about.” Leave one-pager + direct line; log who you met."
ef0b5dc6-d359-46ed-882e-baedca026685,Arash Kiarash,Jasmine,Prospect,Wave 2,PCP,Visit / Prospect,0,0,,1,COMM-LIKELY,PCP — commercial/Medicare-likely; confirm HMO share (BCN/HAP/McLaren/Priority HMO need PCP referral — we handle that),Heuristic — verify — intake (Kelly) verifies Tier 1 first; NOT confirmed,Payer: commercial/Medicare-likely — HMO referrals handled with your staff.,"OPEN: introduce Synergy spine — integrated ortho + spine, deep bench, conservative-first. MESSAGE: your patients with back or neck pain get seen the same week — imaging, conservative care, interventional and surgical under one roof, and we handle HMO referral paperwork with your staff. ASK: “Send us a handful — let us show you what we're about.” Leave one-pager + direct line; log who you met."
be40181f-bcb8-4cac-ae76-ab9ba0311605,ATI,Jasmine,Prospect,Wave 2,PT,Visit / Prospect,0,0,,3,COMM-LIKELY,Private specialty practice — commercial/Medicare-likely (QUALIFIED); confirm,Heuristic — verify — intake (Kelly) verifies Tier 1 first; NOT confirmed,Payer: commercial/Medicare-likely — HMO referrals handled with your staff.,"OPEN: introduce Synergy spine — integrated ortho + spine, deep bench, conservative-first. MESSAGE: for patients whose progress stalls, a spine consult with imaging same-week — then straight back to your plan of care with clear notes. ASK: “Send us a handful — let us show you what we're about.” Leave one-pager + direct line; log who you met."
dc4592d0-3b9d-4583-a228-a93413a343a7,BEAUMONT MIDWEST INTERNAL MEDICINE ASSOCIATES LIVONIA,Jasmine,Prospect,Wave 2,PCP,Visit / Prospect,0,0,,4,MIXED-SYSTEM,Hospital-system site — mixed commercial + Medicare + some Medicaid; qualified with intake screening,Heuristic — verify — intake (Kelly) verifies Tier 1 first; NOT confirmed,Payer: mixed panel — screen at intake; HMO plans need PCP referral (we assist).,"OPEN: introduce Synergy spine — integrated ortho + spine, deep bench, conservative-first. MESSAGE: your patients with back or neck pain get seen the same week — imaging, conservative care, interventional and surgical under one roof, and we handle HMO referral paperwork with your staff. ASK: “Send us a handful — let us show you what we're about.” Leave one-pager + direct line; log who you met."
b2c0e41e-9b4b-4e68-9a9a-20a7837dbbd6,BEAUMONT URGENT CARE BY WELLSTREET,Jasmine,Prospect,Wave 2,Orthopedic,Visit / Prospect,0,0,,2,MIXED-SYSTEM,Hospital-system site — mixed commercial + Medicare + some Medicaid; qualified with intake screening,Heuristic — verify — intake (Kelly) verifies Tier 1 first; NOT confirmed,Payer: mixed panel — screen at intake; HMO plans need PCP referral (we assist).,"OPEN: introduce Synergy spine — integrated ortho + spine, deep bench, conservative-first. MESSAGE: for the spine cases outside your scope, we co-manage: your patient stays yours, our spine team handles just the spine problem, notes back to you every visit. ASK: “Send us a handful — let us show you what we're about.” Leave one-pager + direct line; log who you met."
b578c6ec-ac47-46b9-88e7-e67e8a0cc843,Bio Energy Medical Center,Jasmine,Prospect,Wave 2,PCP,Visit / Prospect,0,0,,8,COMM-LIKELY,PCP — commercial/Medicare-likely; confirm HMO share (BCN/HAP/McLaren/Priority HMO need PCP referral — we handle that),Heuristic — verify — intake (Kelly) verifies Tier 1 first; NOT confirmed,Payer: commercial/Medicare-likely — HMO referrals handled with your staff.,"OPEN: introduce Synergy spine — integrated ortho + spine, deep bench, conservative-first. MESSAGE: your patients with back or neck pain get seen the same week — imaging, conservative care, interventional and surgical under one roof, and we handle HMO referral paperwork with your staff. ASK: “Send us a handful — let us show you what we're about.” Leave one-pager + direct line; log who you met."
cfb3b21a-c220-44dd-bf1a-5116d55575eb,Bluestone PT/OT/ST,Jasmine,Prospect,Wave 2,PT,Visit / Prospect,0,0,,4,COMM-LIKELY,Private specialty practice — commercial/Medicare-likely (QUALIFIED); confirm,Heuristic — verify — intake (Kelly) verifies Tier 1 first; NOT confirmed,Payer: commercial/Medicare-likely — HMO referrals handled with your staff.,"OPEN: introduce Synergy spine — integrated ortho + spine, deep bench, conservative-first. MESSAGE: for patients whose progress stalls, a spine consult with imaging same-week — then straight back to your plan of care with clear notes. ASK: “Send us a handful — let us show you what we're about.” Leave one-pager + direct line; log who you met."
00-853-2889,Botsford General Hospital,Jasmine,Prospect,Wave 2,PCP,Visit / Prospect,0,0,,1,COMM-LIKELY,PCP — commercial/Medicare-likely; confirm HMO share (BCN/HAP/McLaren/Priority HMO need PCP referral — we handle that),Heuristic — verify — intake (Kelly) verifies Tier 1 first; NOT confirmed,Payer: commercial/Medicare-likely — HMO referrals handled with your staff.,"OPEN: introduce Synergy spine — integrated ortho + spine, deep bench, conservative-first. MESSAGE: your patients with back or neck pain get seen the same week — imaging, conservative care, interventional and surgical under one roof, and we handle HMO referral paperwork with your staff. ASK: “Send us a handful — let us show you what we're about.” Leave one-pager + direct line; log who you met."
94d80b68-5992-460a-9b6f-4e4f572bced9,Buckle Family Chiropractic Ste 5,Jasmine,Prospect,Wave 2,Chiropractor,Visit / Prospect,0,0,,1,COMM-WCPI,Chiro — commercial + WC/PI mix (QUALIFIED); screen auto/WC liens,Heuristic — verify — intake (Kelly) verifies Tier 1 first; NOT confirmed,Payer: commercial + auto/WC liens welcome; screen Medicaid share.,"OPEN: introduce Synergy spine — integrated ortho + spine, deep bench, conservative-first. MESSAGE: co-management for patients who plateau — imaging access, interventional options, surgical consults when warranted, and every patient returns to your care plan with notes. ASK: “Send us a handful — let us show you what we're about.” Leave one-pager + direct line; log who you met."
9e975b04-2072-4b4f-976c-88c13100aa49,CANTON VA CLINIC,Jasmine,Prospect,Wave 2,PCP,Visit / Prospect,0,0,,1,COMM-LIKELY,PCP — commercial/Medicare-likely; confirm HMO share (BCN/HAP/McLaren/Priority HMO need PCP referral — we handle that),Heuristic — verify — intake (Kelly) verifies Tier 1 first; NOT confirmed,Payer: commercial/Medicare-likely — HMO referrals handled with your staff.,"OPEN: introduce Synergy spine — integrated ortho + spine, deep bench, conservative-first. MESSAGE: your patients with back or neck pain get seen the same week — imaging, conservative care, interventional and surgical under one roof, and we handle HMO referral paperwork with your staff. ASK: “Send us a handful — let us show you what we're about.” Leave one-pager + direct line; log who you met."
704729b8-3a54-4b54-b3e3-ace46754f52b,"CARSON, DARCELLE M, MEDICAL GROUP",Jasmine,Prospect,Wave 2,Orthopedic,Visit / Prospect,0,0,,1,COMM-LIKELY,Private specialty practice — commercial/Medicare-likely (QUALIFIED); confirm,Heuristic — verify — intake (Kelly) verifies Tier 1 first; NOT confirmed,Payer: commercial/Medicare-likely — HMO referrals handled with your staff.,"OPEN: introduce Synergy spine — integrated ortho + spine, deep bench, conservative-first. MESSAGE: for the spine cases outside your scope, we co-manage: your patient stays yours, our spine team handles just the spine problem, notes back to you every visit. ASK: “Send us a handful — let us show you what we're about.” Leave one-pager + direct line; log who you met."
d322402c-b030-4d0f-bc0e-3e895e6aefed,Chiro-Care of Livonia,Jasmine,Prospect,Wave 2,Chiropractor,Visit / Prospect,0,0,,1,COMM-WCPI,Chiro — commercial + WC/PI mix (QUALIFIED); screen auto/WC liens,Heuristic — verify — intake (Kelly) verifies Tier 1 first; NOT confirmed,Payer: commercial + auto/WC liens welcome; screen Medicaid share.,"OPEN: introduce Synergy spine — integrated ortho + spine, deep bench, conservative-first. MESSAGE: co-management for patients who plateau — imaging access, interventional options, surgical consults when warranted, and every patient returns to your care plan with notes. ASK: “Send us a handful — let us show you what we're about.” Leave one-pager + direct line; log who you met."
2d41ea24-2571-4304-b0db-34c591f455d3,COMPREHENSIVE INTEGRATIVE HEALTH CARE,Jasmine,Prospect,Wave 2,PCP,Visit / Prospect,0,0,,3,COMM-LIKELY,PCP — commercial/Medicare-likely; confirm HMO share (BCN/HAP/McLaren/Priority HMO need PCP referral — we handle that),Heuristic — verify — intake (Kelly) verifies Tier 1 first; NOT confirmed,Payer: commercial/Medicare-likely — HMO referrals handled with your staff.,"OPEN: introduce Synergy spine — integrated ortho + spine, deep bench, conservative-first. MESSAGE: your patients with back or neck pain get seen the same week — imaging, conservative care, interventional and surgical under one roof, and we handle HMO referral paperwork with your staff. ASK: “Send us a handful — let us show you what we're about.” Leave one-pager + direct line; log who you met."
5d20f222-29ea-4029-b53a-fb46b570224a,Doctors urgent care,Jasmine,Prospect,Wave 2,Urgent Care,Visit / Prospect,0,0,,2,MIXED-WALKIN,Walk-in panel — mixed payers; qualified with intake screening,Heuristic — verify — intake (Kelly) verifies Tier 1 first; NOT confirmed,Payer: walk-in mix — intake screens each referral; commercial/Medicare flow same-week.,"OPEN: introduce Synergy spine — integrated ortho + spine, deep bench, conservative-first. MESSAGE: an acute back/neck pathway: your discharge sheet can book a spine evaluation the same week — one number, we take it from there. ASK: “Send us a handful — let us show you what we're about.” Leave one-pager + direct line; log who you met."
55ee4a28-a427-426a-af8b-9c8a13993671,Doctors Urgent Care - Southfield,Jasmine,Prospect,Wave 2,Urgent Care,Visit / Prospect,0,0,,2,MIXED-WALKIN,Walk-in panel — mixed payers; qualified with intake screening,Heuristic — verify — intake (Kelly) verifies Tier 1 first; NOT confirmed,Payer: walk-in mix — intake screens each referral; commercial/Medicare flow same-week.,"OPEN: introduce Synergy spine — integrated ortho + spine, deep bench, conservative-first. MESSAGE: an acute back/neck pathway: your discharge sheet can book a spine evaluation the same week — one number, we take it from there. ASK: “Send us a handful — let us show you what we're about.” Leave one-pager + direct line; log who you met."
3c8ceb06-c9a0-412a-964a-82f58cf0827e,EXPRESS MED URGENT CARE,Jasmine,Prospect,Wave 2,Urgent Care,Visit / Prospect,0,0,,1,MIXED-WALKIN,Walk-in panel — mixed payers; qualified with intake screening,Heuristic — verify — intake (Kelly) verifies Tier 1 first; NOT confirmed,Payer: walk-in mix — intake screens each referral; commercial/Medicare flow same-week.,"OPEN: introduce Synergy spine — integrated ortho + spine, deep bench, conservative-first. MESSAGE: an acute back/neck pathway: your discharge sheet can book a spine evaluation the same week — one number, we take it from there. ASK: “Send us a handful — let us show you what we're about.” Leave one-pager + direct line; log who you met."
198ce2f6-b94a-4ad3-b397-e6c1148f1644,FORD TEL MEDICAL CENTER,Jasmine,Prospect,Wave 2,Orthopedic,Visit / Prospect,0,0,,2,COMM-LIKELY,Private specialty practice — commercial/Medicare-likely (QUALIFIED); confirm,Heuristic — verify — intake (Kelly) verifies Tier 1 first; NOT confirmed,Payer: commercial/Medicare-likely — HMO referrals handled with your staff.,"OPEN: introduce Synergy spine — integrated ortho + spine, deep bench, conservative-first. MESSAGE: for the spine cases outside your scope, we co-manage: your patient stays yours, our spine team handles just the spine problem, notes back to you every visit. ASK: “Send us a handful — let us show you what we're about.” Leave one-pager + direct line; log who you met."
4387f117-9c7b-45c3-9002-4dd29a03b8dc,"GARDEN CITY MEDICAL CENTER, PC",Jasmine,Prospect,Wave 2,PCP,Visit / Prospect,0,0,,5,COMM-LIKELY,PCP — commercial/Medicare-likely; confirm HMO share (BCN/HAP/McLaren/Priority HMO need PCP referral — we handle that),Heuristic — verify — intake (Kelly) verifies Tier 1 first; NOT confirmed,Payer: commercial/Medicare-likely — HMO referrals handled with your staff.,"OPEN: introduce Synergy spine — integrated ortho + spine, deep bench, conservative-first. MESSAGE: your patients with back or neck pain get seen the same week — imaging, conservative care, interventional and surgical under one roof, and we handle HMO referral paperwork with your staff. ASK: “Send us a handful — let us show you what we're about.” Leave one-pager + direct line; log who you met."
81a09b96-6834-4950-963a-abff6d4aac6b,Get Well Urgent Care Southfield,Jasmine,Prospect,Wave 2,Urgent Care,Visit / Prospect,0,0,,9,MIXED-WALKIN,Walk-in panel — mixed payers; qualified with intake screening,Heuristic — verify — intake (Kelly) verifies Tier 1 first; NOT confirmed,Payer: walk-in mix — intake screens each referral; commercial/Medicare flow same-week.,"OPEN: introduce Synergy spine — integrated ortho + spine, deep bench, conservative-first. MESSAGE: an acute back/neck pathway: your discharge sheet can book a spine evaluation the same week — one number, we take it from there. ASK: “Send us a handful — let us show you what we're about.” Leave one-pager + direct line; log who you met."
db36e827-679d-4248-8834-41450c4256cf,Glazer Spine Center- use,Jasmine,Prospect,Wave 2,Chiropractor,Visit / Prospect,0,0,,5,COMM-WCPI,Chiro — commercial + WC/PI mix (QUALIFIED); screen auto/WC liens,Heuristic — verify — intake (Kelly) verifies Tier 1 first; NOT confirmed,Payer: commercial + auto/WC liens welcome; screen Medicaid share.,"OPEN: introduce Synergy spine — integrated ortho + spine, deep bench, conservative-first. MESSAGE: co-management for patients who plateau — imaging access, interventional options, surgical consults when warranted, and every patient returns to your care plan with notes. ASK: “Send us a handful — let us show you what we're about.” Leave one-pager + direct line; log who you met."
c5d07e1d-3c78-4555-8838-bc01177d5016,Henry Ford employer solutions,Jasmine,Prospect,Wave 2,PCP,Visit / Prospect,0,0,,1,MIXED-SYSTEM,Hospital-system site — mixed commercial + Medicare + some Medicaid; qualified with intake screening,Heuristic — verify — intake (Kelly) verifies Tier 1 first; NOT confirmed,Payer: mixed panel — screen at intake; HMO plans need PCP referral (we assist).,"OPEN: introduce Synergy spine — integrated ortho + spine, deep bench, conservative-first. MESSAGE: your patients with back or neck pain get seen the same week — imaging, conservative care, interventional and surgical under one roof, and we handle HMO referral paperwork with your staff. ASK: “Send us a handful — let us show you what we're about.” Leave one-pager + direct line; log who you met."
3e9f6915-4170-47c8-892b-d54aead4f00f,Henry Ford urgent care Livonia,Jasmine,Prospect,Wave 2,Urgent Care,Visit / Prospect,0,0,,2,MIXED-SYSTEM,Hospital-system site — mixed commercial + Medicare + some Medicaid; qualified with intake screening,Heuristic — verify — intake (Kelly) verifies Tier 1 first; NOT confirmed,Payer: mixed panel — screen at intake; HMO plans need PCP referral (we assist).,"OPEN: introduce Synergy spine — integrated ortho + spine, deep bench, conservative-first. MESSAGE: an acute back/neck pathway: your discharge sheet can book a spine evaluation the same week — one number, we take it from there. ASK: “Send us a handful — let us show you what we're about.” Leave one-pager + direct line; log who you met."
4ed90cf1-abdb-42c8-9e56-86ef1478b14a,IHA ORTHOPAEDIC SURGERY ASSOCIATES - CANTON,Jasmine,Prospect,Wave 2,Orthopedic,Visit / Prospect,0,0,,4,COMM-LIKELY,Private specialty practice — commercial/Medicare-likely (QUALIFIED); confirm,Heuristic — verify — intake (Kelly) verifies Tier 1 first; NOT confirmed,Payer: commercial/Medicare-likely — HMO referrals handled with your staff.,"OPEN: introduce Synergy spine — integrated ortho + spine, deep bench, conservative-first. MESSAGE: for the spine cases outside your scope, we co-manage: your patient stays yours, our spine team handles just the spine problem, notes back to you every visit. ASK: “Send us a handful — let us show you what we're about.” Leave one-pager + direct line; log who you met."
536052f1-b0c7-4ac5-8a78-f93ea88a7b8a,Integrative Medicine & Hijama Clinic,Jasmine,Prospect,Wave 2,PCP,Visit / Prospect,0,0,,1,COMM-LIKELY,PCP — commercial/Medicare-likely; confirm HMO share (BCN/HAP/McLaren/Priority HMO need PCP referral — we handle that),Heuristic — verify — intake (Kelly) verifies Tier 1 first; NOT confirmed,Payer: commercial/Medicare-likely — HMO referrals handled with your staff.,"OPEN: introduce Synergy spine — integrated ortho + spine, deep bench, conservative-first. MESSAGE: your patients with back or neck pain get seen the same week — imaging, conservative care, interventional and surgical under one roof, and we handle HMO referral paperwork with your staff. ASK: “Send us a handful — let us show you what we're about.” Leave one-pager + direct line; log who you met."
1740379965,Internal Medicine Clinic - Taubman Center,Jasmine,Prospect,Wave 2,PCP,Visit / Prospect,0,0,,10,COMM-LIKELY,PCP — commercial/Medicare-likely; confirm HMO share (BCN/HAP/McLaren/Priority HMO need PCP referral — we handle that),Heuristic — verify — intake (Kelly) verifies Tier 1 first; NOT confirmed,Payer: commercial/Medicare-likely — HMO referrals handled with your staff.,"OPEN: introduce Synergy spine — integrated ortho + spine, deep bench, conservative-first. MESSAGE: your patients with back or neck pain get seen the same week — imaging, conservative care, interventional and surgical under one roof, and we handle HMO referral paperwork with your staff. ASK: “Send us a handful — let us show you what we're about.” Leave one-pager + direct line; log who you met."
05-433-9100,Joshua S Faley,Jasmine,Prospect,Wave 2,PCP,Visit / Prospect,0,0,,1,COMM-LIKELY,PCP — commercial/Medicare-likely; confirm HMO share (BCN/HAP/McLaren/Priority HMO need PCP referral — we handle that),Heuristic — verify — intake (Kelly) verifies Tier 1 first; NOT confirmed,Payer: commercial/Medicare-likely — HMO referrals handled with your staff.,"OPEN: introduce Synergy spine — integrated ortho + spine, deep bench, conservative-first. MESSAGE: your patients with back or neck pain get seen the same week — imaging, conservative care, interventional and surgical under one roof, and we handle HMO referral paperwork with your staff. ASK: “Send us a handful — let us show you what we're about.” Leave one-pager + direct line; log who you met."
1366444705,"Lawrence Lipnik MD,",Jasmine,Prospect,Wave 2,PCP,Visit / Prospect,0,0,,2,COMM-LIKELY,PCP — commercial/Medicare-likely; confirm HMO share (BCN/HAP/McLaren/Priority HMO need PCP referral — we handle that),Heuristic — verify — intake (Kelly) verifies Tier 1 first; NOT confirmed,Payer: commercial/Medicare-likely — HMO referrals handled with your staff.,"OPEN: introduce Synergy spine — integrated ortho + spine, deep bench, conservative-first. MESSAGE: your patients with back or neck pain get seen the same week — imaging, conservative care, interventional and surgical under one roof, and we handle HMO referral paperwork with your staff. ASK: “Send us a handful — let us show you what we're about.” Leave one-pager + direct line; log who you met."
a967f0db-d552-4e1c-9e98-b867443cb6eb,Leonard Sahn MD,Jasmine,Prospect,Wave 2,PCP,Visit / Prospect,0,0,,1,COMM-LIKELY,PCP — commercial/Medicare-likely; confirm HMO share (BCN/HAP/McLaren/Priority HMO need PCP referral — we handle that),Heuristic — verify — intake (Kelly) verifies Tier 1 first; NOT confirmed,Payer: commercial/Medicare-likely — HMO referrals handled with your staff.,"OPEN: introduce Synergy spine — integrated ortho + spine, deep bench, conservative-first. MESSAGE: your patients with back or neck pain get seen the same week — imaging, conservative care, interventional and surgical under one roof, and we handle HMO referral paperwork with your staff. ASK: “Send us a handful — let us show you what we're about.” Leave one-pager + direct line; log who you met."
675dfc18-3771-4c90-9157-cb23026fc251,LIVINGSTON MEDICAL CENTER,Jasmine,Prospect,Wave 2,Orthopedic,Visit / Prospect,0,0,,3,COMM-LIKELY,Private specialty practice — commercial/Medicare-likely (QUALIFIED); confirm,Heuristic — verify — intake (Kelly) verifies Tier 1 first; NOT confirmed,Payer: commercial/Medicare-likely — HMO referrals handled with your staff.,"OPEN: introduce Synergy spine — integrated ortho + spine, deep bench, conservative-first. MESSAGE: for the spine cases outside your scope, we co-manage: your patient stays yours, our spine team handles just the spine problem, notes back to you every visit. ASK: “Send us a handful — let us show you what we're about.” Leave one-pager + direct line; log who you met."
1993900c-8862-4865-ad73-1f71b7468186,M.N. Petrous MD,Jasmine,Prospect,Wave 2,PCP,Visit / Prospect,0,0,,1,COMM-LIKELY,PCP — commercial/Medicare-likely; confirm HMO share (BCN/HAP/McLaren/Priority HMO need PCP referral — we handle that),Heuristic — verify — intake (Kelly) verifies Tier 1 first; NOT confirmed,Payer: commercial/Medicare-likely — HMO referrals handled with your staff.,"OPEN: introduce Synergy spine — integrated ortho + spine, deep bench, conservative-first. MESSAGE: your patients with back or neck pain get seen the same week — imaging, conservative care, interventional and surgical under one roof, and we handle HMO referral paperwork with your staff. ASK: “Send us a handful — let us show you what we're about.” Leave one-pager + direct line; log who you met."
7b3af40f-861b-4f51-b3f7-7ecf93ef3afa,MDWell,Jasmine,Prospect,Wave 2,PCP,Visit / Prospect,0,0,,2,COMM-LIKELY,PCP — commercial/Medicare-likely; confirm HMO share (BCN/HAP/McLaren/Priority HMO need PCP referral — we handle that),Heuristic — verify — intake (Kelly) verifies Tier 1 first; NOT confirmed,Payer: commercial/Medicare-likely — HMO referrals handled with your staff.,"OPEN: introduce Synergy spine — integrated ortho + spine, deep bench, conservative-first. MESSAGE: your patients with back or neck pain get seen the same week — imaging, conservative care, interventional and surgical under one roof, and we handle HMO referral paperwork with your staff. ASK: “Send us a handful — let us show you what we're about.” Leave one-pager + direct line; log who you met."
4e9f385c-33e2-4783-a7a3-18d71a99d587,MI Express Care,Jasmine,Prospect,Wave 2,Urgent Care,Visit / Prospect,0,0,,4,MIXED-WALKIN,Walk-in panel — mixed payers; qualified with intake screening,Heuristic — verify — intake (Kelly) verifies Tier 1 first; NOT confirmed,Payer: walk-in mix — intake screens each referral; commercial/Medicare flow same-week.,"OPEN: introduce Synergy spine — integrated ortho + spine, deep bench, conservative-first. MESSAGE: an acute back/neck pathway: your discharge sheet can book a spine evaluation the same week — one number, we take it from there. ASK: “Send us a handful — let us show you what we're about.” Leave one-pager + direct line; log who you met."
2f2e703f-4fef-4dd1-8718-336cd307b0e6,Michigan family Wellness,Jasmine,Prospect,Wave 2,Chiropractor,Visit / Prospect,0,0,,1,COMM-WCPI,Chiro — commercial + WC/PI mix (QUALIFIED); screen auto/WC liens,Heuristic — verify — intake (Kelly) verifies Tier 1 first; NOT confirmed,Payer: commercial + auto/WC liens welcome; screen Medicaid share.,"OPEN: introduce Synergy spine — integrated ortho + spine, deep bench, conservative-first. MESSAGE: co-management for patients who plateau — imaging access, interventional options, surgical consults when warranted, and every patient returns to your care plan with notes. ASK: “Send us a handful — let us show you what we're about.” Leave one-pager + direct line; log who you met."
80b855ee-7158-489b-b2a0-a7cff1ba0f26,MICHIGAN INSTITUTE OF MEDICINE,Jasmine,Prospect,Wave 2,PCP,Visit / Prospect,0,0,,1,COMM-LIKELY,PCP — commercial/Medicare-likely; confirm HMO share (BCN/HAP/McLaren/Priority HMO need PCP referral — we handle that),Heuristic — verify — intake (Kelly) verifies Tier 1 first; NOT confirmed,Payer: commercial/Medicare-likely — HMO referrals handled with your staff.,"OPEN: introduce Synergy spine — integrated ortho + spine, deep bench, conservative-first. MESSAGE: your patients with back or neck pain get seen the same week — imaging, conservative care, interventional and surgical under one roof, and we handle HMO referral paperwork with your staff. ASK: “Send us a handful — let us show you what we're about.” Leave one-pager + direct line; log who you met."
f58827d6-6d21-48d0-b5ca-f235d234678b,"MICHIGAN INTERNAL MEDICINE ASSOCIATES, PC",Jasmine,Prospect,Wave 2,PCP,Visit / Prospect,0,0,,4,COMM-LIKELY,PCP — commercial/Medicare-likely; confirm HMO share (BCN/HAP/McLaren/Priority HMO need PCP referral — we handle that),Heuristic — verify — intake (Kelly) verifies Tier 1 first; NOT confirmed,Payer: commercial/Medicare-likely — HMO referrals handled with your staff.,"OPEN: introduce Synergy spine — integrated ortho + spine, deep bench, conservative-first. MESSAGE: your patients with back or neck pain get seen the same week — imaging, conservative care, interventional and surgical under one roof, and we handle HMO referral paperwork with your staff. ASK: “Send us a handful — let us show you what we're about.” Leave one-pager + direct line; log who you met."
869d9f30-d3c6-486c-974d-dd85b1d93065,Michigan urgent care,Jasmine,Prospect,Wave 2,Urgent Care,Visit / Prospect,0,0,,10,MIXED-WALKIN,Walk-in panel — mixed payers; qualified with intake screening,Heuristic — verify — intake (Kelly) verifies Tier 1 first; NOT confirmed,Payer: walk-in mix — intake screens each referral; commercial/Medicare flow same-week.,"OPEN: introduce Synergy spine — integrated ortho + spine, deep bench, conservative-first. MESSAGE: an acute back/neck pathway: your discharge sheet can book a spine evaluation the same week — one number, we take it from there. ASK: “Send us a handful — let us show you what we're about.” Leave one-pager + direct line; log who you met."
cce6f965-cad7-4eb7-baf6-90f4191f2dea,Oak Street Health,Jasmine,Prospect,Wave 2,PCP,Visit / Prospect,0,0,,1,COMM-LIKELY,PCP — commercial/Medicare-likely; confirm HMO share (BCN/HAP/McLaren/Priority HMO need PCP referral — we handle that),Heuristic — verify — intake (Kelly) verifies Tier 1 first; NOT confirmed,Payer: commercial/Medicare-likely — HMO referrals handled with your staff.,"OPEN: introduce Synergy spine — integrated ortho + spine, deep bench, conservative-first. MESSAGE: your patients with back or neck pain get seen the same week — imaging, conservative care, interventional and surgical under one roof, and we handle HMO referral paperwork with your staff. ASK: “Send us a handful — let us show you what we're about.” Leave one-pager + direct line; log who you met."
4cfeb212-d64b-45e7-9946-7ac903b306ac,Packard Health - Ann Arbor,Jasmine,Prospect,Wave 2,PCP,Visit / Prospect,0,0,,12,COMM-LIKELY,PCP — commercial/Medicare-likely; confirm HMO share (BCN/HAP/McLaren/Priority HMO need PCP referral — we handle that),Heuristic — verify — intake (Kelly) verifies Tier 1 first; NOT confirmed,Payer: commercial/Medicare-likely — HMO referrals handled with your staff.,"OPEN: introduce Synergy spine — integrated ortho + spine, deep bench, conservative-first. MESSAGE: your patients with back or neck pain get seen the same week — imaging, conservative care, interventional and surgical under one roof, and we handle HMO referral paperwork with your staff. ASK: “Send us a handful — let us show you what we're about.” Leave one-pager + direct line; log who you met."
bdc96513-2e4b-4263-916b-792d4001c0b0,Pain Clinic of Michigan,Jasmine,Prospect,Wave 2,Pain,Visit / Prospect,0,0,,3,COMM-LIKELY,Private specialty practice — commercial/Medicare-likely (QUALIFIED); confirm,Heuristic — verify — intake (Kelly) verifies Tier 1 first; NOT confirmed,Payer: commercial/Medicare-likely — HMO referrals handled with your staff.,"OPEN: introduce Synergy spine — integrated ortho + spine, deep bench, conservative-first. MESSAGE: two-way partnership — we send conservative-first candidates to you, you send surgical-escalation candidates to our spine surgeons; both get seen same-week. ASK: “Send us a handful — let us show you what we're about.” Leave one-pager + direct line; log who you met."
5d3d80df-b9e3-4590-bd23-e5c410e71b43,Palmer Medical,Jasmine,Prospect,Wave 2,PCP,Visit / Prospect,0,0,,1,COMM-LIKELY,PCP — commercial/Medicare-likely; confirm HMO share (BCN/HAP/McLaren/Priority HMO need PCP referral — we handle that),Heuristic — verify — intake (Kelly) verifies Tier 1 first; NOT confirmed,Payer: commercial/Medicare-likely — HMO referrals handled with your staff.,"OPEN: introduce Synergy spine — integrated ortho + spine, deep bench, conservative-first. MESSAGE: your patients with back or neck pain get seen the same week — imaging, conservative care, interventional and surgical under one roof, and we handle HMO referral paperwork with your staff. ASK: “Send us a handful — let us show you what we're about.” Leave one-pager + direct line; log who you met."
8c60e9e4-e4af-426d-912d-3340bea956f4,Plymouth urgent care walk-in clinic,Jasmine,Prospect,Wave 2,Orthopedic,Visit / Prospect,0,0,,1,COMM-LIKELY,Private specialty practice — commercial/Medicare-likely (QUALIFIED); confirm,Heuristic — verify — intake (Kelly) verifies Tier 1 first; NOT confirmed,Payer: commercial/Medicare-likely — HMO referrals handled with your staff.,"OPEN: introduce Synergy spine — integrated ortho + spine, deep bench, conservative-first. MESSAGE: for the spine cases outside your scope, we co-manage: your patient stays yours, our spine team handles just the spine problem, notes back to you every visit. ASK: “Send us a handful — let us show you what we're about.” Leave one-pager + direct line; log who you met."
9288d919-ada8-45ca-a122-9e5065f74980,Premier Medicine Primary and Urgent Care,Jasmine,Prospect,Wave 2,Urgent Care,Visit / Prospect,0,0,,4,MIXED-WALKIN,Walk-in panel — mixed payers; qualified with intake screening,Heuristic — verify — intake (Kelly) verifies Tier 1 first; NOT confirmed,Payer: walk-in mix — intake screens each referral; commercial/Medicare flow same-week.,"OPEN: introduce Synergy spine — integrated ortho + spine, deep bench, conservative-first. MESSAGE: an acute back/neck pathway: your discharge sheet can book a spine evaluation the same week — one number, we take it from there. ASK: “Send us a handful — let us show you what we're about.” Leave one-pager + direct line; log who you met."
e76c31c1-f930-4f95-9297-051e3644a8fb,PRIME CARE MEDICAL CLINIC,Jasmine,Prospect,Wave 2,Orthopedic,Visit / Prospect,0,0,,4,COMM-LIKELY,Private specialty practice — commercial/Medicare-likely (QUALIFIED); confirm,Heuristic — verify — intake (Kelly) verifies Tier 1 first; NOT confirmed,Payer: commercial/Medicare-likely — HMO referrals handled with your staff.,"OPEN: introduce Synergy spine — integrated ortho + spine, deep bench, conservative-first. MESSAGE: for the spine cases outside your scope, we co-manage: your patient stays yours, our spine team handles just the spine problem, notes back to you every visit. ASK: “Send us a handful — let us show you what we're about.” Leave one-pager + direct line; log who you met."
ac92f742-7400-4def-bf3c-399c79028ae0,"Providence Internal Medicine, Diabetes/Endocrinology",Jasmine,Prospect,Wave 2,PCP,Visit / Prospect,0,0,,1,COMM-LIKELY,PCP — commercial/Medicare-likely; confirm HMO share (BCN/HAP/McLaren/Priority HMO need PCP referral — we handle that),Heuristic — verify — intake (Kelly) verifies Tier 1 first; NOT confirmed,Payer: commercial/Medicare-likely — HMO referrals handled with your staff.,"OPEN: introduce Synergy spine — integrated ortho + spine, deep bench, conservative-first. MESSAGE: your patients with back or neck pain get seen the same week — imaging, conservative care, interventional and surgical under one roof, and we handle HMO referral paperwork with your staff. ASK: “Send us a handful — let us show you what we're about.” Leave one-pager + direct line; log who you met."
895c7647-6ae1-4d8c-af49-0939435b01c6,PULSE PRIMARY/SENIOR CARE,Jasmine,Prospect,Wave 2,PCP,Visit / Prospect,0,0,,13,COMM-LIKELY,PCP — commercial/Medicare-likely; confirm HMO share (BCN/HAP/McLaren/Priority HMO need PCP referral — we handle that),Heuristic — verify — intake (Kelly) verifies Tier 1 first; NOT confirmed,Payer: commercial/Medicare-likely — HMO referrals handled with your staff.,"OPEN: introduce Synergy spine — integrated ortho + spine, deep bench, conservative-first. MESSAGE: your patients with back or neck pain get seen the same week — imaging, conservative care, interventional and surgical under one roof, and we handle HMO referral paperwork with your staff. ASK: “Send us a handful — let us show you what we're about.” Leave one-pager + direct line; log who you met."
eb867788-d5d3-410e-8380-0d4ac6bb5f56,Raad Al-Saraf MD PC,Jasmine,Prospect,Wave 2,Orthopedic,Visit / Prospect,0,0,,3,COMM-LIKELY,Private specialty practice — commercial/Medicare-likely (QUALIFIED); confirm,Heuristic — verify — intake (Kelly) verifies Tier 1 first; NOT confirmed,Payer: commercial/Medicare-likely — HMO referrals handled with your staff.,"OPEN: introduce Synergy spine — integrated ortho + spine, deep bench, conservative-first. MESSAGE: for the spine cases outside your scope, we co-manage: your patient stays yours, our spine team handles just the spine problem, notes back to you every visit. ASK: “Send us a handful — let us show you what we're about.” Leave one-pager + direct line; log who you met."
9f4c3f2a-ecc2-4050-b43c-d7c1d8f26b1d,Rivi Medical Associates,Jasmine,Prospect,Wave 2,PCP,Visit / Prospect,0,0,,1,COMM-LIKELY,PCP — commercial/Medicare-likely; confirm HMO share (BCN/HAP/McLaren/Priority HMO need PCP referral — we handle that),Heuristic — verify — intake (Kelly) verifies Tier 1 first; NOT confirmed,Payer: commercial/Medicare-likely — HMO referrals handled with your staff.,"OPEN: introduce Synergy spine — integrated ortho + spine, deep bench, conservative-first. MESSAGE: your patients with back or neck pain get seen the same week — imaging, conservative care, interventional and surgical under one roof, and we handle HMO referral paperwork with your staff. ASK: “Send us a handful — let us show you what we're about.” Leave one-pager + direct line; log who you met."
214bff79-6f8b-47ab-b1c3-a6c140f898c4,Sarju Shah Family Medicine and Geriatrics,Jasmine,Prospect,Wave 2,PCP,Visit / Prospect,0,0,,1,COMM-LIKELY,PCP — commercial/Medicare-likely; confirm HMO share (BCN/HAP/McLaren/Priority HMO need PCP referral — we handle that),Heuristic — verify — intake (Kelly) verifies Tier 1 first; NOT confirmed,Payer: commercial/Medicare-likely — HMO referrals handled with your staff.,"OPEN: introduce Synergy spine — integrated ortho + spine, deep bench, conservative-first. MESSAGE: your patients with back or neck pain get seen the same week — imaging, conservative care, interventional and surgical under one roof, and we handle HMO referral paperwork with your staff. ASK: “Send us a handful — let us show you what we're about.” Leave one-pager + direct line; log who you met."
e3aecbce-4a94-4ebc-beb2-4e10fec69b88,SOUTH HURON URGENT CARE (CAT 3),Jasmine,Prospect,Wave 2,Orthopedic,Visit / Prospect,0,0,,2,COMM-LIKELY,Private specialty practice — commercial/Medicare-likely (QUALIFIED); confirm,Heuristic — verify — intake (Kelly) verifies Tier 1 first; NOT confirmed,Payer: commercial/Medicare-likely — HMO referrals handled with your staff.,"OPEN: introduce Synergy spine — integrated ortho + spine, deep bench, conservative-first. MESSAGE: for the spine cases outside your scope, we co-manage: your patient stays yours, our spine team handles just the spine problem, notes back to you every visit. ASK: “Send us a handful — let us show you what we're about.” Leave one-pager + direct line; log who you met."
23d47a49-9145-4b5c-9b11-978fd3b4c007,"Sussan J Salas, MD, FAANS",Jasmine,Prospect,Wave 2,PCP,Visit / Prospect,0,0,,1,COMM-LIKELY,PCP — commercial/Medicare-likely; confirm HMO share (BCN/HAP/McLaren/Priority HMO need PCP referral — we handle that),Heuristic — verify — intake (Kelly) verifies Tier 1 first; NOT confirmed,Payer: commercial/Medicare-likely — HMO referrals handled with your staff.,"OPEN: introduce Synergy spine — integrated ortho + spine, deep bench, conservative-first. MESSAGE: your patients with back or neck pain get seen the same week — imaging, conservative care, interventional and surgical under one roof, and we handle HMO referral paperwork with your staff. ASK: “Send us a handful — let us show you what we're about.” Leave one-pager + direct line; log who you met."
a42a04f1-cc44-4398-a98b-e7d51622a415,Taylor walk-in clinic,Jasmine,Prospect,Wave 2,Urgent Care,Visit / Prospect,0,0,,2,MIXED-WALKIN,Walk-in panel — mixed payers; qualified with intake screening,Heuristic — verify — intake (Kelly) verifies Tier 1 first; NOT confirmed,Payer: walk-in mix — intake screens each referral; commercial/Medicare flow same-week.,"OPEN: introduce Synergy spine — integrated ortho + spine, deep bench, conservative-first. MESSAGE: an acute back/neck pathway: your discharge sheet can book a spine evaluation the same week — one number, we take it from there. ASK: “Send us a handful — let us show you what we're about.” Leave one-pager + direct line; log who you met."
a54a2298-2335-4dcd-bf99-f21c492abfd1,Team Rehabilitation physical therapy,Jasmine,Prospect,Wave 2,PT,Visit / Prospect,0,0,,6,COMM-LIKELY,Private specialty practice — commercial/Medicare-likely (QUALIFIED); confirm,Heuristic — verify — intake (Kelly) verifies Tier 1 first; NOT confirmed,Payer: commercial/Medicare-likely — HMO referrals handled with your staff.,"OPEN: introduce Synergy spine — integrated ortho + spine, deep bench, conservative-first. MESSAGE: for patients whose progress stalls, a spine consult with imaging same-week — then straight back to your plan of care with clear notes. ASK: “Send us a handful — let us show you what we're about.” Leave one-pager + direct line; log who you met."
9d1a5377-d13f-4e0c-a250-5204ae278248,Trinity health physical therapy,Jasmine,Prospect,Wave 2,Orthopedic,Visit / Prospect,0,0,,2,MIXED-SYSTEM,Hospital-system site — mixed commercial + Medicare + some Medicaid; qualified with intake screening,Heuristic — verify — intake (Kelly) verifies Tier 1 first; NOT confirmed,Payer: mixed panel — screen at intake; HMO plans need PCP referral (we assist).,"OPEN: introduce Synergy spine — integrated ortho + spine, deep bench, conservative-first. MESSAGE: for the spine cases outside your scope, we co-manage: your patient stays yours, our spine team handles just the spine problem, notes back to you every visit. ASK: “Send us a handful — let us show you what we're about.” Leave one-pager + direct line; log who you met."
e50a83c0-3329-4005-a3b4-542b402bb061,Trinity health urgent care – EMU,Jasmine,Prospect,Wave 2,Urgent Care,Visit / Prospect,0,0,,1,MIXED-SYSTEM,Hospital-system site — mixed commercial + Medicare + some Medicaid; qualified with intake screening,Heuristic — verify — intake (Kelly) verifies Tier 1 first; NOT confirmed,Payer: mixed panel — screen at intake; HMO plans need PCP referral (we assist).,"OPEN: introduce Synergy spine — integrated ortho + spine, deep bench, conservative-first. MESSAGE: an acute back/neck pathway: your discharge sheet can book a spine evaluation the same week — one number, we take it from there. ASK: “Send us a handful — let us show you what we're about.” Leave one-pager + direct line; log who you met."
21da51f8-241e-484b-9dac-cd0c99714ca6,TRINITY HEALTH URGENT CARE- Livonia,Jasmine,Prospect,Wave 2,Urgent Care,Visit / Prospect,0,0,,18,MIXED-SYSTEM,Hospital-system site — mixed commercial + Medicare + some Medicaid; qualified with intake screening,Heuristic — verify — intake (Kelly) verifies Tier 1 first; NOT confirmed,Payer: mixed panel — screen at intake; HMO plans need PCP referral (we assist).,"OPEN: introduce Synergy spine — integrated ortho + spine, deep bench, conservative-first. MESSAGE: an acute back/neck pathway: your discharge sheet can book a spine evaluation the same week — one number, we take it from there. ASK: “Send us a handful — let us show you what we're about.” Leave one-pager + direct line; log who you met."
317a195f-f2b0-419b-99a5-152eb78c41cc,Trinity IHA Pediatrics - Arbor Park,Jasmine,Prospect,Wave 2,Orthopedic,Visit / Prospect,0,0,,11,MIXED-SYSTEM,Hospital-system site — mixed commercial + Medicare + some Medicaid; qualified with intake screening,Heuristic — verify — intake (Kelly) verifies Tier 1 first; NOT confirmed,Payer: mixed panel — screen at intake; HMO plans need PCP referral (we assist).,"OPEN: introduce Synergy spine — integrated ortho + spine, deep bench, conservative-first. MESSAGE: for the spine cases outside your scope, we co-manage: your patient stays yours, our spine team handles just the spine problem, notes back to you every visit. ASK: “Send us a handful — let us show you what we're about.” Leave one-pager + direct line; log who you met."
5270c72e-7fb5-410d-b0a9-895b97f8ff2e,UofM Pain Management - Canton,Jasmine,Prospect,Wave 2,Pain,Visit / Prospect,0,0,,1,COMM-LIKELY,Private specialty practice — commercial/Medicare-likely (QUALIFIED); confirm,Heuristic — verify — intake (Kelly) verifies Tier 1 first; NOT confirmed,Payer: commercial/Medicare-likely — HMO referrals handled with your staff.,"OPEN: introduce Synergy spine — integrated ortho + spine, deep bench, conservative-first. MESSAGE: two-way partnership — we send conservative-first candidates to you, you send surgical-escalation candidates to our spine surgeons; both get seen same-week. ASK: “Send us a handful — let us show you what we're about.” Leave one-pager + direct line; log who you met."
d7ce8ce4-2911-40e6-b7cb-e9f92a081d8b,WELLHEALTH MEDICAL ASSOCIATES - Belleville,Jasmine,Prospect,Wave 2,Pain,Visit / Prospect,0,0,,3,COMM-LIKELY,Private specialty practice — commercial/Medicare-likely (QUALIFIED); confirm,Heuristic — verify — intake (Kelly) verifies Tier 1 first; NOT confirmed,Payer: commercial/Medicare-likely — HMO referrals handled with your staff.,"OPEN: introduce Synergy spine — integrated ortho + spine, deep bench, conservative-first. MESSAGE: two-way partnership — we send conservative-first candidates to you, you send surgical-escalation candidates to our spine surgeons; both get seen same-week. ASK: “Send us a handful — let us show you what we're about.” Leave one-pager + direct line; log who you met."
f7a0c634-faf6-47d9-b4ce-461de261ee86,Ahad MD,Coty,Prospect,Wave 2,PCP,Visit / Prospect,0,0,,1,COMM-LIKELY,PCP — commercial/Medicare-likely; confirm HMO share (BCN/HAP/McLaren/Priority HMO need PCP referral — we handle that),Heuristic — verify — intake (Kelly) verifies Tier 1 first; NOT confirmed,Payer: commercial/Medicare-likely — HMO referrals handled with your staff.,"OPEN: introduce Synergy spine — integrated ortho + spine, deep bench, conservative-first. MESSAGE: your patients with back or neck pain get seen the same week — imaging, conservative care, interventional and surgical under one roof, and we handle HMO referral paperwork with your staff. ASK: “Send us a handful — let us show you what we're about.” Leave one-pager + direct line; log who you met."
1013988773,Albert Przybylski DO,Coty,Prospect,Wave 2,PCP,Visit / Prospect,0,0,,4,COMM-LIKELY,PCP — commercial/Medicare-likely; confirm HMO share (BCN/HAP/McLaren/Priority HMO need PCP referral — we handle that),Heuristic — verify — intake (Kelly) verifies Tier 1 first; NOT confirmed,Payer: commercial/Medicare-likely — HMO referrals handled with your staff.,"OPEN: introduce Synergy spine — integrated ortho + spine, deep bench, conservative-first. MESSAGE: your patients with back or neck pain get seen the same week — imaging, conservative care, interventional and surgical under one roof, and we handle HMO referral paperwork with your staff. ASK: “Send us a handful — let us show you what we're about.” Leave one-pager + direct line; log who you met."
96903a48-13a7-42e0-8f5e-a56cce365ea5,Anchor Bay Clinic Family Medical Center,Coty,Prospect,Wave 2,PCP,Visit / Prospect,0,0,,5,COMM-LIKELY,PCP — commercial/Medicare-likely; confirm HMO share (BCN/HAP/McLaren/Priority HMO need PCP referral — we handle that),Heuristic — verify — intake (Kelly) verifies Tier 1 first; NOT confirmed,Payer: commercial/Medicare-likely — HMO referrals handled with your staff.,"OPEN: introduce Synergy spine — integrated ortho + spine, deep bench, conservative-first. MESSAGE: your patients with back or neck pain get seen the same week — imaging, conservative care, interventional and surgical under one roof, and we handle HMO referral paperwork with your staff. ASK: “Send us a handful — let us show you what we're about.” Leave one-pager + direct line; log who you met."
abca9491-e80c-416c-b2c4-8fa1db072def,Arcturus Healthcare - Rochester Hills,Coty,Prospect,Wave 2,PCP,Visit / Prospect,0,0,,3,COMM-LIKELY,PCP — commercial/Medicare-likely; confirm HMO share (BCN/HAP/McLaren/Priority HMO need PCP referral — we handle that),Heuristic — verify — intake (Kelly) verifies Tier 1 first; NOT confirmed,Payer: commercial/Medicare-likely — HMO referrals handled with your staff.,"OPEN: introduce Synergy spine — integrated ortho + spine, deep bench, conservative-first. MESSAGE: your patients with back or neck pain get seen the same week — imaging, conservative care, interventional and surgical under one roof, and we handle HMO referral paperwork with your staff. ASK: “Send us a handful — let us show you what we're about.” Leave one-pager + direct line; log who you met."
e6a683fe-f991-45a4-a323-6788ed1aeed2,Associated Physicians Group,Coty,Prospect,Wave 2,PCP,Visit / Prospect,0,0,,4,COMM-LIKELY,PCP — commercial/Medicare-likely; confirm HMO share (BCN/HAP/McLaren/Priority HMO need PCP referral — we handle that),Heuristic — verify — intake (Kelly) verifies Tier 1 first; NOT confirmed,Payer: commercial/Medicare-likely — HMO referrals handled with your staff.,"OPEN: introduce Synergy spine — integrated ortho + spine, deep bench, conservative-first. MESSAGE: your patients with back or neck pain get seen the same week — imaging, conservative care, interventional and surgical under one roof, and we handle HMO referral paperwork with your staff. ASK: “Send us a handful — let us show you what we're about.” Leave one-pager + direct line; log who you met."
7ba5f22d-a044-4e77-9eae-086d15413f50,Beacon Orthopedics of Michigan - Livonia,Coty,Prospect,Wave 2,Orthopedic,Visit / Prospect,0,0,,2,COMM-LIKELY,Private specialty practice — commercial/Medicare-likely (QUALIFIED); confirm,Heuristic — verify — intake (Kelly) verifies Tier 1 first; NOT confirmed,Payer: commercial/Medicare-likely — HMO referrals handled with your staff.,"OPEN: introduce Synergy spine — integrated ortho + spine, deep bench, conservative-first. MESSAGE: for the spine cases outside your scope, we co-manage: your patient stays yours, our spine team handles just the spine problem, notes back to you every visit. ASK: “Send us a handful — let us show you what we're about.” Leave one-pager + direct line; log who you met."
ccf33cc6-8519-40b6-9e5b-fb3167a271ba,Berkley Primary Care,Coty,Prospect,Wave 2,PCP,Visit / Prospect,0,0,,2,COMM-LIKELY,PCP — commercial/Medicare-likely; confirm HMO share (BCN/HAP/McLaren/Priority HMO need PCP referral — we handle that),Heuristic — verify — intake (Kelly) verifies Tier 1 first; NOT confirmed,Payer: commercial/Medicare-likely — HMO referrals handled with your staff.,"OPEN: introduce Synergy spine — integrated ortho + spine, deep bench, conservative-first. MESSAGE: your patients with back or neck pain get seen the same week — imaging, conservative care, interventional and surgical under one roof, and we handle HMO referral paperwork with your staff. ASK: “Send us a handful — let us show you what we're about.” Leave one-pager + direct line; log who you met."
4efcc794-5368-4521-bd8a-152d222c2254,Bi-County Physicians,Coty,Prospect,Wave 2,PCP,Visit / Prospect,0,0,,5,COMM-LIKELY,PCP — commercial/Medicare-likely; confirm HMO share (BCN/HAP/McLaren/Priority HMO need PCP referral — we handle that),Heuristic — verify — intake (Kelly) verifies Tier 1 first; NOT confirmed,Payer: commercial/Medicare-likely — HMO referrals handled with your staff.,"OPEN: introduce Synergy spine — integrated ortho + spine, deep bench, conservative-first. MESSAGE: your patients with back or neck pain get seen the same week — imaging, conservative care, interventional and surgical under one roof, and we handle HMO referral paperwork with your staff. ASK: “Send us a handful — let us show you what we're about.” Leave one-pager + direct line; log who you met."
6534c29e-4183-4541-a745-ede23a94fbbd,Bones & Joints Clinic,Coty,Prospect,Wave 2,Pain,Visit / Prospect,0,0,,1,COMM-LIKELY,Private specialty practice — commercial/Medicare-likely (QUALIFIED); confirm,Heuristic — verify — intake (Kelly) verifies Tier 1 first; NOT confirmed,Payer: commercial/Medicare-likely — HMO referrals handled with your staff.,"OPEN: introduce Synergy spine — integrated ortho + spine, deep bench, conservative-first. MESSAGE: two-way partnership — we send conservative-first candidates to you, you send surgical-escalation candidates to our spine surgeons; both get seen same-week. ASK: “Send us a handful — let us show you what we're about.” Leave one-pager + direct line; log who you met."
46e88577-6544-4486-beb0-351067178ed3,Changee Kim MD,Coty,Prospect,Wave 2,PCP,Visit / Prospect,0,0,,1,COMM-LIKELY,PCP — commercial/Medicare-likely; confirm HMO share (BCN/HAP/McLaren/Priority HMO need PCP referral — we handle that),Heuristic — verify — intake (Kelly) verifies Tier 1 first; NOT confirmed,Payer: commercial/Medicare-likely — HMO referrals handled with your staff.,"OPEN: introduce Synergy spine — integrated ortho + spine, deep bench, conservative-first. MESSAGE: your patients with back or neck pain get seen the same week — imaging, conservative care, interventional and surgical under one roof, and we handle HMO referral paperwork with your staff. ASK: “Send us a handful — let us show you what we're about.” Leave one-pager + direct line; log who you met."
1275554073,Chesterfield Family Medicine (Henry Ford),Coty,Prospect,Wave 2,PCP,Visit / Prospect,0,0,,4,MIXED-SYSTEM,Hospital-system site — mixed commercial + Medicare + some Medicaid; qualified with intake screening,Heuristic — verify — intake (Kelly) verifies Tier 1 first; NOT confirmed,Payer: mixed panel — screen at intake; HMO plans need PCP referral (we assist).,"OPEN: introduce Synergy spine — integrated ortho + spine, deep bench, conservative-first. MESSAGE: your patients with back or neck pain get seen the same week — imaging, conservative care, interventional and surgical under one roof, and we handle HMO referral paperwork with your staff. ASK: “Send us a handful — let us show you what we're about.” Leave one-pager + direct line; log who you met."
e08bd153-21a7-4571-932b-cec418f70d74,Corewell Health Internal Medicine - Troy,Coty,Prospect,Wave 2,PCP,Visit / Prospect,0,0,,3,MIXED-SYSTEM,Hospital-system site — mixed commercial + Medicare + some Medicaid; qualified with intake screening,Heuristic — verify — intake (Kelly) verifies Tier 1 first; NOT confirmed,Payer: mixed panel — screen at intake; HMO plans need PCP referral (we assist).,"OPEN: introduce Synergy spine — integrated ortho + spine, deep bench, conservative-first. MESSAGE: your patients with back or neck pain get seen the same week — imaging, conservative care, interventional and surgical under one roof, and we handle HMO referral paperwork with your staff. ASK: “Send us a handful — let us show you what we're about.” Leave one-pager + direct line; log who you met."
76edf894-7297-4aa7-af64-6b116e13aa3a,Eastside Surgical Associates,Coty,Prospect,Wave 2,Orthopedic,Visit / Prospect,0,0,,2,COMM-LIKELY,Private specialty practice — commercial/Medicare-likely (QUALIFIED); confirm,Heuristic — verify — intake (Kelly) verifies Tier 1 first; NOT confirmed,Payer: commercial/Medicare-likely — HMO referrals handled with your staff.,"OPEN: introduce Synergy spine — integrated ortho + spine, deep bench, conservative-first. MESSAGE: for the spine cases outside your scope, we co-manage: your patient stays yours, our spine team handles just the spine problem, notes back to you every visit. ASK: “Send us a handful — let us show you what we're about.” Leave one-pager + direct line; log who you met."
ab929875-5247-4a32-9f8b-d3de09fc715b,Emil Sitto MD,Coty,Prospect,Wave 2,PCP,Visit / Prospect,0,0,,1,COMM-LIKELY,PCP — commercial/Medicare-likely; confirm HMO share (BCN/HAP/McLaren/Priority HMO need PCP referral — we handle that),Heuristic — verify — intake (Kelly) verifies Tier 1 first; NOT confirmed,Payer: commercial/Medicare-likely — HMO referrals handled with your staff.,"OPEN: introduce Synergy spine — integrated ortho + spine, deep bench, conservative-first. MESSAGE: your patients with back or neck pain get seen the same week — imaging, conservative care, interventional and surgical under one roof, and we handle HMO referral paperwork with your staff. ASK: “Send us a handful — let us show you what we're about.” Leave one-pager + direct line; log who you met."
aaf83473-f7a0-4e20-8241-601767b6943c,Farrah Ahmad MD,Coty,Prospect,Wave 2,PCP,Visit / Prospect,0,0,,1,COMM-LIKELY,PCP — commercial/Medicare-likely; confirm HMO share (BCN/HAP/McLaren/Priority HMO need PCP referral — we handle that),Heuristic — verify — intake (Kelly) verifies Tier 1 first; NOT confirmed,Payer: commercial/Medicare-likely — HMO referrals handled with your staff.,"OPEN: introduce Synergy spine — integrated ortho + spine, deep bench, conservative-first. MESSAGE: your patients with back or neck pain get seen the same week — imaging, conservative care, interventional and surgical under one roof, and we handle HMO referral paperwork with your staff. ASK: “Send us a handful — let us show you what we're about.” Leave one-pager + direct line; log who you met."
2172a4d0-c6b7-4ef0-9ff2-813edfc3926f,Faye Maribao MD,Coty,Prospect,Wave 2,PCP,Visit / Prospect,0,0,,1,COMM-LIKELY,PCP — commercial/Medicare-likely; confirm HMO share (BCN/HAP/McLaren/Priority HMO need PCP referral — we handle that),Heuristic — verify — intake (Kelly) verifies Tier 1 first; NOT confirmed,Payer: commercial/Medicare-likely — HMO referrals handled with your staff.,"OPEN: introduce Synergy spine — integrated ortho + spine, deep bench, conservative-first. MESSAGE: your patients with back or neck pain get seen the same week — imaging, conservative care, interventional and surgical under one roof, and we handle HMO referral paperwork with your staff. ASK: “Send us a handful — let us show you what we're about.” Leave one-pager + direct line; log who you met."
d66f07f6-09c1-4e7b-89b1-4c2e8cf825e2,Ghassan Atto PLLC,Coty,Prospect,Wave 2,PCP,Visit / Prospect,0,0,,3,COMM-LIKELY,PCP — commercial/Medicare-likely; confirm HMO share (BCN/HAP/McLaren/Priority HMO need PCP referral — we handle that),Heuristic — verify — intake (Kelly) verifies Tier 1 first; NOT confirmed,Payer: commercial/Medicare-likely — HMO referrals handled with your staff.,"OPEN: introduce Synergy spine — integrated ortho + spine, deep bench, conservative-first. MESSAGE: your patients with back or neck pain get seen the same week — imaging, conservative care, interventional and surgical under one roof, and we handle HMO referral paperwork with your staff. ASK: “Send us a handful — let us show you what we're about.” Leave one-pager + direct line; log who you met."
f2dc38ef-6f3e-46e7-81ca-1ac74b888995,Healthquest Chiropractic,Coty,Prospect,Wave 2,Chiropractor,Visit / Prospect,0,0,,1,COMM-WCPI,Chiro — commercial + WC/PI mix (QUALIFIED); screen auto/WC liens,Heuristic — verify — intake (Kelly) verifies Tier 1 first; NOT confirmed,Payer: commercial + auto/WC liens welcome; screen Medicaid share.,"OPEN: introduce Synergy spine — integrated ortho + spine, deep bench, conservative-first. MESSAGE: co-management for patients who plateau — imaging access, interventional options, surgical consults when warranted, and every patient returns to your care plan with notes. ASK: “Send us a handful — let us show you what we're about.” Leave one-pager + direct line; log who you met."
20a601f2-ef2f-40db-b5ec-481cf50305de,Henry Ford Internal Medicine - Sterling Heights,Coty,Prospect,Wave 2,PCP,Visit / Prospect,0,0,,9,MIXED-SYSTEM,Hospital-system site — mixed commercial + Medicare + some Medicaid; qualified with intake screening,Heuristic — verify — intake (Kelly) verifies Tier 1 first; NOT confirmed,Payer: mixed panel — screen at intake; HMO plans need PCP referral (we assist).,"OPEN: introduce Synergy spine — integrated ortho + spine, deep bench, conservative-first. MESSAGE: your patients with back or neck pain get seen the same week — imaging, conservative care, interventional and surgical under one roof, and we handle HMO referral paperwork with your staff. ASK: “Send us a handful — let us show you what we're about.” Leave one-pager + direct line; log who you met."
1538237060,Henry Ford Medical Center - Beck Rd,Coty,Prospect,Wave 2,PCP,Visit / Prospect,0,0,,2,MIXED-SYSTEM,Hospital-system site — mixed commercial + Medicare + some Medicaid; qualified with intake screening,Heuristic — verify — intake (Kelly) verifies Tier 1 first; NOT confirmed,Payer: mixed panel — screen at intake; HMO plans need PCP referral (we assist).,"OPEN: introduce Synergy spine — integrated ortho + spine, deep bench, conservative-first. MESSAGE: your patients with back or neck pain get seen the same week — imaging, conservative care, interventional and surgical under one roof, and we handle HMO referral paperwork with your staff. ASK: “Send us a handful — let us show you what we're about.” Leave one-pager + direct line; log who you met."
de0072d8-2ca1-4e11-b11d-1fa82185fd49,James MacKenzie MD,Coty,Prospect,Wave 2,PCP,Visit / Prospect,0,0,,1,COMM-LIKELY,PCP — commercial/Medicare-likely; confirm HMO share (BCN/HAP/McLaren/Priority HMO need PCP referral — we handle that),Heuristic — verify — intake (Kelly) verifies Tier 1 first; NOT confirmed,Payer: commercial/Medicare-likely — HMO referrals handled with your staff.,"OPEN: introduce Synergy spine — integrated ortho + spine, deep bench, conservative-first. MESSAGE: your patients with back or neck pain get seen the same week — imaging, conservative care, interventional and surgical under one roof, and we handle HMO referral paperwork with your staff. ASK: “Send us a handful — let us show you what we're about.” Leave one-pager + direct line; log who you met."
6abec30d-30ef-4f35-8e04-85112389bfb1,JOEL WELLNESS CLINIC,Coty,Prospect,Wave 2,Orthopedic,Visit / Prospect,0,0,,1,COMM-LIKELY,Private specialty practice — commercial/Medicare-likely (QUALIFIED); confirm,Heuristic — verify — intake (Kelly) verifies Tier 1 first; NOT confirmed,Payer: commercial/Medicare-likely — HMO referrals handled with your staff.,"OPEN: introduce Synergy spine — integrated ortho + spine, deep bench, conservative-first. MESSAGE: for the spine cases outside your scope, we co-manage: your patient stays yours, our spine team handles just the spine problem, notes back to you every visit. ASK: “Send us a handful — let us show you what we're about.” Leave one-pager + direct line; log who you met."
1043288053,"John Joseph MD,",Coty,Prospect,Wave 2,PCP,Visit / Prospect,0,0,,1,COMM-LIKELY,PCP — commercial/Medicare-likely; confirm HMO share (BCN/HAP/McLaren/Priority HMO need PCP referral — we handle that),Heuristic — verify — intake (Kelly) verifies Tier 1 first; NOT confirmed,Payer: commercial/Medicare-likely — HMO referrals handled with your staff.,"OPEN: introduce Synergy spine — integrated ortho + spine, deep bench, conservative-first. MESSAGE: your patients with back or neck pain get seen the same week — imaging, conservative care, interventional and surgical under one roof, and we handle HMO referral paperwork with your staff. ASK: “Send us a handful — let us show you what we're about.” Leave one-pager + direct line; log who you met."
bf5d89a6-74f7-4063-bb09-69d92d0a5f57,Keystone Partners - Macomb,Coty,Prospect,Wave 2,PCP,Visit / Prospect,0,0,,1,COMM-LIKELY,PCP — commercial/Medicare-likely; confirm HMO share (BCN/HAP/McLaren/Priority HMO need PCP referral — we handle that),Heuristic — verify — intake (Kelly) verifies Tier 1 first; NOT confirmed,Payer: commercial/Medicare-likely — HMO referrals handled with your staff.,"OPEN: introduce Synergy spine — integrated ortho + spine, deep bench, conservative-first. MESSAGE: your patients with back or neck pain get seen the same week — imaging, conservative care, interventional and surgical under one roof, and we handle HMO referral paperwork with your staff. ASK: “Send us a handful — let us show you what we're about.” Leave one-pager + direct line; log who you met."
2977b68e-db50-4231-995d-aea6e32ca71f,Legacy Medical Group,Coty,Prospect,Wave 2,PCP,Visit / Prospect,0,0,,5,COMM-LIKELY,PCP — commercial/Medicare-likely; confirm HMO share (BCN/HAP/McLaren/Priority HMO need PCP referral — we handle that),Heuristic — verify — intake (Kelly) verifies Tier 1 first; NOT confirmed,Payer: commercial/Medicare-likely — HMO referrals handled with your staff.,"OPEN: introduce Synergy spine — integrated ortho + spine, deep bench, conservative-first. MESSAGE: your patients with back or neck pain get seen the same week — imaging, conservative care, interventional and surgical under one roof, and we handle HMO referral paperwork with your staff. ASK: “Send us a handful — let us show you what we're about.” Leave one-pager + direct line; log who you met."
fb391572-ec70-41c7-a503-4e6be4d20c7a,Live Well Chiro,Coty,Prospect,Wave 2,Chiropractor,Visit / Prospect,0,0,,1,COMM-WCPI,Chiro — commercial + WC/PI mix (QUALIFIED); screen auto/WC liens,Heuristic — verify — intake (Kelly) verifies Tier 1 first; NOT confirmed,Payer: commercial + auto/WC liens welcome; screen Medicaid share.,"OPEN: introduce Synergy spine — integrated ortho + spine, deep bench, conservative-first. MESSAGE: co-management for patients who plateau — imaging access, interventional options, surgical consults when warranted, and every patient returns to your care plan with notes. ASK: “Send us a handful — let us show you what we're about.” Leave one-pager + direct line; log who you met."
3dd30d21-d9d8-4640-b79e-fdec972d0ad3,Maan Askar MD - Hoover (Thursdays),Coty,Prospect,Wave 2,PCP,Visit / Prospect,0,0,,1,COMM-LIKELY,PCP — commercial/Medicare-likely; confirm HMO share (BCN/HAP/McLaren/Priority HMO need PCP referral — we handle that),Heuristic — verify — intake (Kelly) verifies Tier 1 first; NOT confirmed,Payer: commercial/Medicare-likely — HMO referrals handled with your staff.,"OPEN: introduce Synergy spine — integrated ortho + spine, deep bench, conservative-first. MESSAGE: your patients with back or neck pain get seen the same week — imaging, conservative care, interventional and surgical under one roof, and we handle HMO referral paperwork with your staff. ASK: “Send us a handful — let us show you what we're about.” Leave one-pager + direct line; log who you met."
8d20bd9d-fad3-4505-aa71-e69cb2962597,Maridel Hernadez MD,Coty,Prospect,Wave 2,PCP,Visit / Prospect,0,0,,1,COMM-LIKELY,PCP — commercial/Medicare-likely; confirm HMO share (BCN/HAP/McLaren/Priority HMO need PCP referral — we handle that),Heuristic — verify — intake (Kelly) verifies Tier 1 first; NOT confirmed,Payer: commercial/Medicare-likely — HMO referrals handled with your staff.,"OPEN: introduce Synergy spine — integrated ortho + spine, deep bench, conservative-first. MESSAGE: your patients with back or neck pain get seen the same week — imaging, conservative care, interventional and surgical under one roof, and we handle HMO referral paperwork with your staff. ASK: “Send us a handful — let us show you what we're about.” Leave one-pager + direct line; log who you met."
1912194622,MD VIP - Utica,Coty,Prospect,Wave 2,PCP,Visit / Prospect,0,0,,1,COMM-LIKELY,PCP — commercial/Medicare-likely; confirm HMO share (BCN/HAP/McLaren/Priority HMO need PCP referral — we handle that),Heuristic — verify — intake (Kelly) verifies Tier 1 first; NOT confirmed,Payer: commercial/Medicare-likely — HMO referrals handled with your staff.,"OPEN: introduce Synergy spine — integrated ortho + spine, deep bench, conservative-first. MESSAGE: your patients with back or neck pain get seen the same week — imaging, conservative care, interventional and surgical under one roof, and we handle HMO referral paperwork with your staff. ASK: “Send us a handful — let us show you what we're about.” Leave one-pager + direct line; log who you met."
141f9961-1fe4-4d6c-b6e0-7e89805d1153,"MEGHA MOHEY, MD, PC",Coty,Prospect,Wave 2,PCP,Visit / Prospect,0,0,,1,COMM-LIKELY,PCP — commercial/Medicare-likely; confirm HMO share (BCN/HAP/McLaren/Priority HMO need PCP referral — we handle that),Heuristic — verify — intake (Kelly) verifies Tier 1 first; NOT confirmed,Payer: commercial/Medicare-likely — HMO referrals handled with your staff.,"OPEN: introduce Synergy spine — integrated ortho + spine, deep bench, conservative-first. MESSAGE: your patients with back or neck pain get seen the same week — imaging, conservative care, interventional and surgical under one roof, and we handle HMO referral paperwork with your staff. ASK: “Send us a handful — let us show you what we're about.” Leave one-pager + direct line; log who you met."
aa5863d0-5375-4e30-9596-780fee5530e6,Metro Pain Clinic  - Warren,Coty,Prospect,Wave 2,Pain,Visit / Prospect,0,0,,1,COMM-LIKELY,Private specialty practice — commercial/Medicare-likely (QUALIFIED); confirm,Heuristic — verify — intake (Kelly) verifies Tier 1 first; NOT confirmed,Payer: commercial/Medicare-likely — HMO referrals handled with your staff.,"OPEN: introduce Synergy spine — integrated ortho + spine, deep bench, conservative-first. MESSAGE: two-way partnership — we send conservative-first candidates to you, you send surgical-escalation candidates to our spine surgeons; both get seen same-week. ASK: “Send us a handful — let us show you what we're about.” Leave one-pager + direct line; log who you met."
6772a157-179b-472b-8b92-8c0068cdc5ec,MHP Orthopedics - Madison Heights,Coty,Prospect,Wave 2,Orthopedic,Visit / Prospect,0,0,,3,COMM-LIKELY,Private specialty practice — commercial/Medicare-likely (QUALIFIED); confirm,Heuristic — verify — intake (Kelly) verifies Tier 1 first; NOT confirmed,Payer: commercial/Medicare-likely — HMO referrals handled with your staff.,"OPEN: introduce Synergy spine — integrated ortho + spine, deep bench, conservative-first. MESSAGE: for the spine cases outside your scope, we co-manage: your patient stays yours, our spine team handles just the spine problem, notes back to you every visit. ASK: “Send us a handful — let us show you what we're about.” Leave one-pager + direct line; log who you met."
361c9ac4-e663-4323-a07b-d1e2fd37f618,Mi Family Medicine & Urgent Care,Coty,Prospect,Wave 2,Urgent Care,Visit / Prospect,0,0,,1,MIXED-WALKIN,Walk-in panel — mixed payers; qualified with intake screening,Heuristic — verify — intake (Kelly) verifies Tier 1 first; NOT confirmed,Payer: walk-in mix — intake screens each referral; commercial/Medicare flow same-week.,"OPEN: introduce Synergy spine — integrated ortho + spine, deep bench, conservative-first. MESSAGE: an acute back/neck pathway: your discharge sheet can book a spine evaluation the same week — one number, we take it from there. ASK: “Send us a handful — let us show you what we're about.” Leave one-pager + direct line; log who you met."
e33f4068-dcba-4ec6-a5b6-a0ce07fd66d3,Michigan Head & Spine Institute - Macomb,Coty,Prospect,Wave 2,Orthopedic,Visit / Prospect,0,0,,8,COMM-LIKELY,Private specialty practice — commercial/Medicare-likely (QUALIFIED); confirm,Heuristic — verify — intake (Kelly) verifies Tier 1 first; NOT confirmed,Payer: commercial/Medicare-likely — HMO referrals handled with your staff.,"OPEN: introduce Synergy spine — integrated ortho + spine, deep bench, conservative-first. MESSAGE: for the spine cases outside your scope, we co-manage: your patient stays yours, our spine team handles just the spine problem, notes back to you every visit. ASK: “Send us a handful — let us show you what we're about.” Leave one-pager + direct line; log who you met."
20ab0f4f-ab86-4054-a588-8d04b87ad7af,Michigan Physicians Group - Livonia,Coty,Prospect,Wave 2,Pain,Visit / Prospect,0,0,,1,COMM-LIKELY,Private specialty practice — commercial/Medicare-likely (QUALIFIED); confirm,Heuristic — verify — intake (Kelly) verifies Tier 1 first; NOT confirmed,Payer: commercial/Medicare-likely — HMO referrals handled with your staff.,"OPEN: introduce Synergy spine — integrated ortho + spine, deep bench, conservative-first. MESSAGE: two-way partnership — we send conservative-first candidates to you, you send surgical-escalation candidates to our spine surgeons; both get seen same-week. ASK: “Send us a handful — let us show you what we're about.” Leave one-pager + direct line; log who you met."
c711e9c2-58e1-42f5-ab75-c835ceae8875,Motor City Orthopedics - Warren,Coty,Prospect,Wave 2,Orthopedic,Visit / Prospect,0,0,,4,COMM-LIKELY,Private specialty practice — commercial/Medicare-likely (QUALIFIED); confirm,Heuristic — verify — intake (Kelly) verifies Tier 1 first; NOT confirmed,Payer: commercial/Medicare-likely — HMO referrals handled with your staff.,"OPEN: introduce Synergy spine — integrated ortho + spine, deep bench, conservative-first. MESSAGE: for the spine cases outside your scope, we co-manage: your patient stays yours, our spine team handles just the spine problem, notes back to you every visit. ASK: “Send us a handful — let us show you what we're about.” Leave one-pager + direct line; log who you met."
eaff83df-eecc-4f3e-a041-cea71bad788e,Movement Orthopedics,Coty,Prospect,Wave 2,Orthopedic,Visit / Prospect,0,0,,4,COMM-LIKELY,Private specialty practice — commercial/Medicare-likely (QUALIFIED); confirm,Heuristic — verify — intake (Kelly) verifies Tier 1 first; NOT confirmed,Payer: commercial/Medicare-likely — HMO referrals handled with your staff.,"OPEN: introduce Synergy spine — integrated ortho + spine, deep bench, conservative-first. MESSAGE: for the spine cases outside your scope, we co-manage: your patient stays yours, our spine team handles just the spine problem, notes back to you every visit. ASK: “Send us a handful — let us show you what we're about.” Leave one-pager + direct line; log who you met."
b1803bd8-c8ae-44c1-9f01-c4ad0f812ef5,Neuro Pain Consultants - Shelby,Coty,Prospect,Wave 2,Pain,Visit / Prospect,0,0,,1,COMM-LIKELY,Private specialty practice — commercial/Medicare-likely (QUALIFIED); confirm,Heuristic — verify — intake (Kelly) verifies Tier 1 first; NOT confirmed,Payer: commercial/Medicare-likely — HMO referrals handled with your staff.,"OPEN: introduce Synergy spine — integrated ortho + spine, deep bench, conservative-first. MESSAGE: two-way partnership — we send conservative-first candidates to you, you send surgical-escalation candidates to our spine surgeons; both get seen same-week. ASK: “Send us a handful — let us show you what we're about.” Leave one-pager + direct line; log who you met."
e3a99c41-ef87-4be9-8e02-1ca4d4db2c36,Oak Street Health – Hazel Park,Coty,Prospect,Wave 2,PCP,Visit / Prospect,0,0,,6,COMM-LIKELY,PCP — commercial/Medicare-likely; confirm HMO share (BCN/HAP/McLaren/Priority HMO need PCP referral — we handle that),Heuristic — verify — intake (Kelly) verifies Tier 1 first; NOT confirmed,Payer: commercial/Medicare-likely — HMO referrals handled with your staff.,"OPEN: introduce Synergy spine — integrated ortho + spine, deep bench, conservative-first. MESSAGE: your patients with back or neck pain get seen the same week — imaging, conservative care, interventional and surgical under one roof, and we handle HMO referral paperwork with your staff. ASK: “Send us a handful — let us show you what we're about.” Leave one-pager + direct line; log who you met."
fbcc80e3-33d5-452f-8300-be884c2786eb,Precise Medical,Coty,Prospect,Wave 2,PCP,Visit / Prospect,0,0,,1,COMM-LIKELY,PCP — commercial/Medicare-likely; confirm HMO share (BCN/HAP/McLaren/Priority HMO need PCP referral — we handle that),Heuristic — verify — intake (Kelly) verifies Tier 1 first; NOT confirmed,Payer: commercial/Medicare-likely — HMO referrals handled with your staff.,"OPEN: introduce Synergy spine — integrated ortho + spine, deep bench, conservative-first. MESSAGE: your patients with back or neck pain get seen the same week — imaging, conservative care, interventional and surgical under one roof, and we handle HMO referral paperwork with your staff. ASK: “Send us a handful — let us show you what we're about.” Leave one-pager + direct line; log who you met."
af12dee4-a837-45cd-b77e-ae4d5a1da5b3,Primary Care Services -Westland,Coty,Prospect,Wave 2,Pain,Visit / Prospect,0,0,,2,COMM-LIKELY,Private specialty practice — commercial/Medicare-likely (QUALIFIED); confirm,Heuristic — verify — intake (Kelly) verifies Tier 1 first; NOT confirmed,Payer: commercial/Medicare-likely — HMO referrals handled with your staff.,"OPEN: introduce Synergy spine — integrated ortho + spine, deep bench, conservative-first. MESSAGE: two-way partnership — we send conservative-first candidates to you, you send surgical-escalation candidates to our spine surgeons; both get seen same-week. ASK: “Send us a handful — let us show you what we're about.” Leave one-pager + direct line; log who you met."
2c230474-0801-4832-a54e-1828db8c62a1,Prime Internal Medicine (MDVIP),Coty,Prospect,Wave 2,PCP,Visit / Prospect,0,0,,1,COMM-LIKELY,PCP — commercial/Medicare-likely; confirm HMO share (BCN/HAP/McLaren/Priority HMO need PCP referral — we handle that),Heuristic — verify — intake (Kelly) verifies Tier 1 first; NOT confirmed,Payer: commercial/Medicare-likely — HMO referrals handled with your staff.,"OPEN: introduce Synergy spine — integrated ortho + spine, deep bench, conservative-first. MESSAGE: your patients with back or neck pain get seen the same week — imaging, conservative care, interventional and surgical under one roof, and we handle HMO referral paperwork with your staff. ASK: “Send us a handful — let us show you what we're about.” Leave one-pager + direct line; log who you met."
757de7dd-5282-4788-934b-4beb9c13112f,Rochester Hills Family Physicians (Corewell),Coty,Prospect,Wave 2,PCP,Visit / Prospect,0,0,,4,MIXED-SYSTEM,Hospital-system site — mixed commercial + Medicare + some Medicaid; qualified with intake screening,Heuristic — verify — intake (Kelly) verifies Tier 1 first; NOT confirmed,Payer: mixed panel — screen at intake; HMO plans need PCP referral (we assist).,"OPEN: introduce Synergy spine — integrated ortho + spine, deep bench, conservative-first. MESSAGE: your patients with back or neck pain get seen the same week — imaging, conservative care, interventional and surgical under one roof, and we handle HMO referral paperwork with your staff. ASK: “Send us a handful — let us show you what we're about.” Leave one-pager + direct line; log who you met."
a320a856-33fb-458b-8907-d98101fceb1b,Roger D Ajluni MD PC,Coty,Prospect,Wave 2,PCP,Visit / Prospect,0,0,,1,COMM-LIKELY,PCP — commercial/Medicare-likely; confirm HMO share (BCN/HAP/McLaren/Priority HMO need PCP referral — we handle that),Heuristic — verify — intake (Kelly) verifies Tier 1 first; NOT confirmed,Payer: commercial/Medicare-likely — HMO referrals handled with your staff.,"OPEN: introduce Synergy spine — integrated ortho + spine, deep bench, conservative-first. MESSAGE: your patients with back or neck pain get seen the same week — imaging, conservative care, interventional and surgical under one roof, and we handle HMO referral paperwork with your staff. ASK: “Send us a handful — let us show you what we're about.” Leave one-pager + direct line; log who you met."
1649460536,"Ruffini DC PC, Richard J",Coty,Prospect,Wave 2,Chiropractor,Visit / Prospect,0,0,,4,COMM-WCPI,Chiro — commercial + WC/PI mix (QUALIFIED); screen auto/WC liens,Heuristic — verify — intake (Kelly) verifies Tier 1 first; NOT confirmed,Payer: commercial + auto/WC liens welcome; screen Medicaid share.,"OPEN: introduce Synergy spine — integrated ortho + spine, deep bench, conservative-first. MESSAGE: co-management for patients who plateau — imaging access, interventional options, surgical consults when warranted, and every patient returns to your care plan with notes. ASK: “Send us a handful — let us show you what we're about.” Leave one-pager + direct line; log who you met."
aa1947f7-3694-4014-9388-76b8e6da46b8,Shelbydale Medical Clinic PC,Coty,Prospect,Wave 2,PCP,Visit / Prospect,0,0,,1,COMM-LIKELY,PCP — commercial/Medicare-likely; confirm HMO share (BCN/HAP/McLaren/Priority HMO need PCP referral — we handle that),Heuristic — verify — intake (Kelly) verifies Tier 1 first; NOT confirmed,Payer: commercial/Medicare-likely — HMO referrals handled with your staff.,"OPEN: introduce Synergy spine — integrated ortho + spine, deep bench, conservative-first. MESSAGE: your patients with back or neck pain get seen the same week — imaging, conservative care, interventional and surgical under one roof, and we handle HMO referral paperwork with your staff. ASK: “Send us a handful — let us show you what we're about.” Leave one-pager + direct line; log who you met."
1154437416,Shorepointe Family Physicians - St. Clair Shores,Coty,Prospect,Wave 2,PCP,Visit / Prospect,0,0,,5,COMM-LIKELY,PCP — commercial/Medicare-likely; confirm HMO share (BCN/HAP/McLaren/Priority HMO need PCP referral — we handle that),Heuristic — verify — intake (Kelly) verifies Tier 1 first; NOT confirmed,Payer: commercial/Medicare-likely — HMO referrals handled with your staff.,"OPEN: introduce Synergy spine — integrated ortho + spine, deep bench, conservative-first. MESSAGE: your patients with back or neck pain get seen the same week — imaging, conservative care, interventional and surgical under one roof, and we handle HMO referral paperwork with your staff. ASK: “Send us a handful — let us show you what we're about.” Leave one-pager + direct line; log who you met."
43c9c4e0-b552-4969-99f6-413f7f3384a9,Silver Pine Medical Group Chesterfield,Coty,Prospect,Wave 2,PCP,Visit / Prospect,0,0,,5,COMM-LIKELY,PCP — commercial/Medicare-likely; confirm HMO share (BCN/HAP/McLaren/Priority HMO need PCP referral — we handle that),Heuristic — verify — intake (Kelly) verifies Tier 1 first; NOT confirmed,Payer: commercial/Medicare-likely — HMO referrals handled with your staff.,"OPEN: introduce Synergy spine — integrated ortho + spine, deep bench, conservative-first. MESSAGE: your patients with back or neck pain get seen the same week — imaging, conservative care, interventional and surgical under one roof, and we handle HMO referral paperwork with your staff. ASK: “Send us a handful — let us show you what we're about.” Leave one-pager + direct line; log who you met."
9b787ba7-f5be-4319-a44e-39cd77858998,Somerset Family Medicine - Troy,Coty,Prospect,Wave 2,PCP,Visit / Prospect,0,0,,1,COMM-LIKELY,PCP — commercial/Medicare-likely; confirm HMO share (BCN/HAP/McLaren/Priority HMO need PCP referral — we handle that),Heuristic — verify — intake (Kelly) verifies Tier 1 first; NOT confirmed,Payer: commercial/Medicare-likely — HMO referrals handled with your staff.,"OPEN: introduce Synergy spine — integrated ortho + spine, deep bench, conservative-first. MESSAGE: your patients with back or neck pain get seen the same week — imaging, conservative care, interventional and surgical under one roof, and we handle HMO referral paperwork with your staff. ASK: “Send us a handful — let us show you what we're about.” Leave one-pager + direct line; log who you met."
5d681a4d-3671-4501-b6d1-7f23b1177209,St Clair Orthpaedics & Sports Medicine - Macomb,Coty,Prospect,Wave 2,Orthopedic,Visit / Prospect,0,0,,16,COMM-LIKELY,Private specialty practice — commercial/Medicare-likely (QUALIFIED); confirm,Heuristic — verify — intake (Kelly) verifies Tier 1 first; NOT confirmed,Payer: commercial/Medicare-likely — HMO referrals handled with your staff.,"OPEN: introduce Synergy spine — integrated ortho + spine, deep bench, conservative-first. MESSAGE: for the spine cases outside your scope, we co-manage: your patient stays yours, our spine team handles just the spine problem, notes back to you every visit. ASK: “Send us a handful — let us show you what we're about.” Leave one-pager + direct line; log who you met."
68a88cbc-7ff0-4330-89fa-1314674545a9,Stamatin Internal Medicine,Coty,Prospect,Wave 2,PCP,Visit / Prospect,0,0,,1,COMM-LIKELY,PCP — commercial/Medicare-likely; confirm HMO share (BCN/HAP/McLaren/Priority HMO need PCP referral — we handle that),Heuristic — verify — intake (Kelly) verifies Tier 1 first; NOT confirmed,Payer: commercial/Medicare-likely — HMO referrals handled with your staff.,"OPEN: introduce Synergy spine — integrated ortho + spine, deep bench, conservative-first. MESSAGE: your patients with back or neck pain get seen the same week — imaging, conservative care, interventional and surgical under one roof, and we handle HMO referral paperwork with your staff. ASK: “Send us a handful — let us show you what we're about.” Leave one-pager + direct line; log who you met."
ff24dc89-5408-4c5d-aa4b-604b524a4b9c,Stoney Creek Physicians,Coty,Prospect,Wave 2,PCP,Visit / Prospect,0,0,,1,COMM-LIKELY,PCP — commercial/Medicare-likely; confirm HMO share (BCN/HAP/McLaren/Priority HMO need PCP referral — we handle that),Heuristic — verify — intake (Kelly) verifies Tier 1 first; NOT confirmed,Payer: commercial/Medicare-likely — HMO referrals handled with your staff.,"OPEN: introduce Synergy spine — integrated ortho + spine, deep bench, conservative-first. MESSAGE: your patients with back or neck pain get seen the same week — imaging, conservative care, interventional and surgical under one roof, and we handle HMO referral paperwork with your staff. ASK: “Send us a handful — let us show you what we're about.” Leave one-pager + direct line; log who you met."
9b6db0bd-31b4-4d7e-b351-e4ee78a4defa,Trinity IHA Primary Care - Rochester Hills,Coty,Prospect,Wave 2,PCP,Visit / Prospect,0,0,,6,MIXED-SYSTEM,Hospital-system site — mixed commercial + Medicare + some Medicaid; qualified with intake screening,Heuristic — verify — intake (Kelly) verifies Tier 1 first; NOT confirmed,Payer: mixed panel — screen at intake; HMO plans need PCP referral (we assist).,"OPEN: introduce Synergy spine — integrated ortho + spine, deep bench, conservative-first. MESSAGE: your patients with back or neck pain get seen the same week — imaging, conservative care, interventional and surgical under one roof, and we handle HMO referral paperwork with your staff. ASK: “Send us a handful — let us show you what we're about.” Leave one-pager + direct line; log who you met."
7cad9994-b92b-43ee-a2f4-b18218515b2d,Washington Family Medicine,Coty,Prospect,Wave 2,PCP,Visit / Prospect,0,0,,4,COMM-LIKELY,PCP — commercial/Medicare-likely; confirm HMO share (BCN/HAP/McLaren/Priority HMO need PCP referral — we handle that),Heuristic — verify — intake (Kelly) verifies Tier 1 first; NOT confirmed,Payer: commercial/Medicare-likely — HMO referrals handled with your staff.,"OPEN: introduce Synergy spine — integrated ortho + spine, deep bench, conservative-first. MESSAGE: your patients with back or neck pain get seen the same week — imaging, conservative care, interventional and surgical under one roof, and we handle HMO referral paperwork with your staff. ASK: “Send us a handful — let us show you what we're about.” Leave one-pager + direct line; log who you met."
cdc030ac-8c72-4d65-bbbd-b42ea897452b,WellHealth Medical Associates - Rochester,Coty,Prospect,Wave 2,PCP,Visit / Prospect,0,0,,4,COMM-LIKELY,PCP — commercial/Medicare-likely; confirm HMO share (BCN/HAP/McLaren/Priority HMO need PCP referral — we handle that),Heuristic — verify — intake (Kelly) verifies Tier 1 first; NOT confirmed,Payer: commercial/Medicare-likely — HMO referrals handled with your staff.,"OPEN: introduce Synergy spine — integrated ortho + spine, deep bench, conservative-first. MESSAGE: your patients with back or neck pain get seen the same week — imaging, conservative care, interventional and surgical under one roof, and we handle HMO referral paperwork with your staff. ASK: “Send us a handful — let us show you what we're about.” Leave one-pager + direct line; log who you met."
6e9dda47-d440-4432-a96b-aaef04a18257,Your Physicians,Coty,Prospect,Wave 2,PCP,Visit / Prospect,0,0,,3,COMM-LIKELY,PCP — commercial/Medicare-likely; confirm HMO share (BCN/HAP/McLaren/Priority HMO need PCP referral — we handle that),Heuristic — verify — intake (Kelly) verifies Tier 1 first; NOT confirmed,Payer: commercial/Medicare-likely — HMO referrals handled with your staff.,"OPEN: introduce Synergy spine — integrated ortho + spine, deep bench, conservative-first. MESSAGE: your patients with back or neck pain get seen the same week — imaging, conservative care, interventional and surgical under one roof, and we handle HMO referral paperwork with your staff. ASK: “Send us a handful — let us show you what we're about.” Leave one-pager + direct line; log who you met."
0d9592a4-3759-4da3-82b0-9e26777daf52,Adult Medicine & Pediatrics at East Ann Arbor Health and Geriatrics Center,Jasmine,Prospect,Wave 2,Orthopedic,Visit / Prospect,0,0,,7,COMM-LIKELY,Private specialty practice — commercial/Medicare-likely (QUALIFIED); confirm,Heuristic — verify — intake (Kelly) verifies Tier 1 first; NOT confirmed,Payer: commercial/Medicare-likely — HMO referrals handled with your staff.,"OPEN: introduce Synergy spine — integrated ortho + spine, deep bench, conservative-first. MESSAGE: for the spine cases outside your scope, we co-manage: your patient stays yours, our spine team handles just the spine problem, notes back to you every visit. ASK: “Send us a handful — let us show you what we're about.” Leave one-pager + direct line; log who you met."
6101ca46-69b5-43a2-a4cd-74be14995963,Advanced Primary Care,Jasmine,Prospect,Wave 2,PCP,Visit / Prospect,0,0,,2,COMM-LIKELY,PCP — commercial/Medicare-likely; confirm HMO share (BCN/HAP/McLaren/Priority HMO need PCP referral — we handle that),Heuristic — verify — intake (Kelly) verifies Tier 1 first; NOT confirmed,Payer: commercial/Medicare-likely — HMO referrals handled with your staff.,"OPEN: introduce Synergy spine — integrated ortho + spine, deep bench, conservative-first. MESSAGE: your patients with back or neck pain get seen the same week — imaging, conservative care, interventional and surgical under one roof, and we handle HMO referral paperwork with your staff. ASK: “Send us a handful — let us show you what we're about.” Leave one-pager + direct line; log who you met."
1972590420,Alan Robertson MD,Jasmine,Prospect,Wave 2,PCP,Visit / Prospect,0,0,,2,COMM-LIKELY,PCP — commercial/Medicare-likely; confirm HMO share (BCN/HAP/McLaren/Priority HMO need PCP referral — we handle that),Heuristic — verify — intake (Kelly) verifies Tier 1 first; NOT confirmed,Payer: commercial/Medicare-likely — HMO referrals handled with your staff.,"OPEN: introduce Synergy spine — integrated ortho + spine, deep bench, conservative-first. MESSAGE: your patients with back or neck pain get seen the same week — imaging, conservative care, interventional and surgical under one roof, and we handle HMO referral paperwork with your staff. ASK: “Send us a handful — let us show you what we're about.” Leave one-pager + direct line; log who you met."
ce8a4622-f40a-42dd-8695-99a4e9ec7edc,AMC primary care,Jasmine,Prospect,Wave 2,PCP,Visit / Prospect,0,0,,2,COMM-LIKELY,PCP — commercial/Medicare-likely; confirm HMO share (BCN/HAP/McLaren/Priority HMO need PCP referral — we handle that),Heuristic — verify — intake (Kelly) verifies Tier 1 first; NOT confirmed,Payer: commercial/Medicare-likely — HMO referrals handled with your staff.,"OPEN: introduce Synergy spine — integrated ortho + spine, deep bench, conservative-first. MESSAGE: your patients with back or neck pain get seen the same week — imaging, conservative care, interventional and surgical under one roof, and we handle HMO referral paperwork with your staff. ASK: “Send us a handful — let us show you what we're about.” Leave one-pager + direct line; log who you met."
5f6f5020-da72-4c38-a18b-6e3548d5ce28,AMC Primary Care,Jasmine,Prospect,Wave 2,PCP,Visit / Prospect,0,0,,2,COMM-LIKELY,PCP — commercial/Medicare-likely; confirm HMO share (BCN/HAP/McLaren/Priority HMO need PCP referral — we handle that),Heuristic — verify — intake (Kelly) verifies Tier 1 first; NOT confirmed,Payer: commercial/Medicare-likely — HMO referrals handled with your staff.,"OPEN: introduce Synergy spine — integrated ortho + spine, deep bench, conservative-first. MESSAGE: your patients with back or neck pain get seen the same week — imaging, conservative care, interventional and surgical under one roof, and we handle HMO referral paperwork with your staff. ASK: “Send us a handful — let us show you what we're about.” Leave one-pager + direct line; log who you met."
51be485c-bce1-4997-8e82-1463313f4617,"AMINI HEALTHCARE, PLLC",Jasmine,Prospect,Wave 2,Orthopedic,Visit / Prospect,0,0,,1,COMM-LIKELY,Private specialty practice — commercial/Medicare-likely (QUALIFIED); confirm,Heuristic — verify — intake (Kelly) verifies Tier 1 first; NOT confirmed,Payer: commercial/Medicare-likely — HMO referrals handled with your staff.,"OPEN: introduce Synergy spine — integrated ortho + spine, deep bench, conservative-first. MESSAGE: for the spine cases outside your scope, we co-manage: your patient stays yours, our spine team handles just the spine problem, notes back to you every visit. ASK: “Send us a handful — let us show you what we're about.” Leave one-pager + direct line; log who you met."
00e2d343-2a6c-4378-900b-c886a064f8a9,"ARASH KIARASH, MD, MEDICAL GROUP",Jasmine,Prospect,Wave 2,PCP,Visit / Prospect,0,0,,1,COMM-LIKELY,PCP — commercial/Medicare-likely; confirm HMO share (BCN/HAP/McLaren/Priority HMO need PCP referral — we handle that),Heuristic — verify — intake (Kelly) verifies Tier 1 first; NOT confirmed,Payer: commercial/Medicare-likely — HMO referrals handled with your staff.,"OPEN: introduce Synergy spine — integrated ortho + spine, deep bench, conservative-first. MESSAGE: your patients with back or neck pain get seen the same week — imaging, conservative care, interventional and surgical under one roof, and we handle HMO referral paperwork with your staff. ASK: “Send us a handful — let us show you what we're about.” Leave one-pager + direct line; log who you met."
f66f38a6-852f-4f1e-bb01-77665ea9274f,ASSOCIATES IN INTERNAL MEDICINE SPECIALTIES,Jasmine,Prospect,Wave 2,PCP,Visit / Prospect,0,0,,2,COMM-LIKELY,PCP — commercial/Medicare-likely; confirm HMO share (BCN/HAP/McLaren/Priority HMO need PCP referral — we handle that),Heuristic — verify — intake (Kelly) verifies Tier 1 first; NOT confirmed,Payer: commercial/Medicare-likely — HMO referrals handled with your staff.,"OPEN: introduce Synergy spine — integrated ortho + spine, deep bench, conservative-first. MESSAGE: your patients with back or neck pain get seen the same week — imaging, conservative care, interventional and surgical under one roof, and we handle HMO referral paperwork with your staff. ASK: “Send us a handful — let us show you what we're about.” Leave one-pager + direct line; log who you met."
2dfe8906-751d-4f2b-a4e4-e40addc8ffa5,ATI Ypsilanti Huron Rd,Jasmine,Prospect,Wave 2,PCP,Visit / Prospect,0,0,,6,COMM-LIKELY,PCP — commercial/Medicare-likely; confirm HMO share (BCN/HAP/McLaren/Priority HMO need PCP referral — we handle that),Heuristic — verify — intake (Kelly) verifies Tier 1 first; NOT confirmed,Payer: commercial/Medicare-likely — HMO referrals handled with your staff.,"OPEN: introduce Synergy spine — integrated ortho + spine, deep bench, conservative-first. MESSAGE: your patients with back or neck pain get seen the same week — imaging, conservative care, interventional and surgical under one roof, and we handle HMO referral paperwork with your staff. ASK: “Send us a handful — let us show you what we're about.” Leave one-pager + direct line; log who you met."
22f15cb0-741c-4de9-9b06-0c697d56588d,Beatty Chiropractic,Jasmine,Prospect,Wave 2,Chiropractor,Visit / Prospect,0,0,,2,COMM-WCPI,Chiro — commercial + WC/PI mix (QUALIFIED); screen auto/WC liens,Heuristic — verify — intake (Kelly) verifies Tier 1 first; NOT confirmed,Payer: commercial + auto/WC liens welcome; screen Medicaid share.,"OPEN: introduce Synergy spine — integrated ortho + spine, deep bench, conservative-first. MESSAGE: co-management for patients who plateau — imaging access, interventional options, surgical consults when warranted, and every patient returns to your care plan with notes. ASK: “Send us a handful — let us show you what we're about.” Leave one-pager + direct line; log who you met."
da712fc9-9f3d-4a5e-ac23-794ae5307850,BEAUMONT CHERRY HILL INTERNAL MEDICAL ASSOCIATES CANTON,Jasmine,Prospect,Wave 2,PCP,Visit / Prospect,0,0,,4,MIXED-SYSTEM,Hospital-system site — mixed commercial + Medicare + some Medicaid; qualified with intake screening,Heuristic — verify — intake (Kelly) verifies Tier 1 first; NOT confirmed,Payer: mixed panel — screen at intake; HMO plans need PCP referral (we assist).,"OPEN: introduce Synergy spine — integrated ortho + spine, deep bench, conservative-first. MESSAGE: your patients with back or neck pain get seen the same week — imaging, conservative care, interventional and surgical under one roof, and we handle HMO referral paperwork with your staff. ASK: “Send us a handful — let us show you what we're about.” Leave one-pager + direct line; log who you met."
bb8b1992-e217-4eb9-8c68-4c2173bcd341,BEAUMONT HEALTH INTERNAL MEDICINE WYANDOTTE,Jasmine,Prospect,Wave 2,PCP,Visit / Prospect,0,0,,9,MIXED-SYSTEM,Hospital-system site — mixed commercial + Medicare + some Medicaid; qualified with intake screening,Heuristic — verify — intake (Kelly) verifies Tier 1 first; NOT confirmed,Payer: mixed panel — screen at intake; HMO plans need PCP referral (we assist).,"OPEN: introduce Synergy spine — integrated ortho + spine, deep bench, conservative-first. MESSAGE: your patients with back or neck pain get seen the same week — imaging, conservative care, interventional and surgical under one roof, and we handle HMO referral paperwork with your staff. ASK: “Send us a handful — let us show you what we're about.” Leave one-pager + direct line; log who you met."
34c6f1a1-2ced-469c-a53e-e688da73712f,BEST MEDICAL CENTER,Jasmine,Prospect,Wave 2,PCP,Visit / Prospect,0,0,,1,COMM-LIKELY,PCP — commercial/Medicare-likely; confirm HMO share (BCN/HAP/McLaren/Priority HMO need PCP referral — we handle that),Heuristic — verify — intake (Kelly) verifies Tier 1 first; NOT confirmed,Payer: commercial/Medicare-likely — HMO referrals handled with your staff.,"OPEN: introduce Synergy spine — integrated ortho + spine, deep bench, conservative-first. MESSAGE: your patients with back or neck pain get seen the same week — imaging, conservative care, interventional and surgical under one roof, and we handle HMO referral paperwork with your staff. ASK: “Send us a handful — let us show you what we're about.” Leave one-pager + direct line; log who you met."
b6360502-f09b-4a86-a894-4bf7c93c89d7,Bingham Medical Center,Jasmine,Prospect,Wave 2,PCP,Visit / Prospect,0,0,,6,COMM-LIKELY,PCP — commercial/Medicare-likely; confirm HMO share (BCN/HAP/McLaren/Priority HMO need PCP referral — we handle that),Heuristic — verify — intake (Kelly) verifies Tier 1 first; NOT confirmed,Payer: commercial/Medicare-likely — HMO referrals handled with your staff.,"OPEN: introduce Synergy spine — integrated ortho + spine, deep bench, conservative-first. MESSAGE: your patients with back or neck pain get seen the same week — imaging, conservative care, interventional and surgical under one roof, and we handle HMO referral paperwork with your staff. ASK: “Send us a handful — let us show you what we're about.” Leave one-pager + direct line; log who you met."
24d003db-fb8e-4e51-adb0-77b396eef5de,"CHILD AND ADOLESCENT CENTER, PC",Jasmine,Prospect,Wave 2,Orthopedic,Visit / Prospect,0,0,,5,COMM-LIKELY,Private specialty practice — commercial/Medicare-likely (QUALIFIED); confirm,Heuristic — verify — intake (Kelly) verifies Tier 1 first; NOT confirmed,Payer: commercial/Medicare-likely — HMO referrals handled with your staff.,"OPEN: introduce Synergy spine — integrated ortho + spine, deep bench, conservative-first. MESSAGE: for the spine cases outside your scope, we co-manage: your patient stays yours, our spine team handles just the spine problem, notes back to you every visit. ASK: “Send us a handful — let us show you what we're about.” Leave one-pager + direct line; log who you met."
b2d22607-bdd2-4f7e-a58d-316f80c17f40,Concentra Urgent Care - Southfield,Jasmine,Prospect,Wave 2,Urgent Care,Visit / Prospect,0,0,,1,MIXED-WALKIN,Walk-in panel — mixed payers; qualified with intake screening,Heuristic — verify — intake (Kelly) verifies Tier 1 first; NOT confirmed,Payer: walk-in mix — intake screens each referral; commercial/Medicare flow same-week.,"OPEN: introduce Synergy spine — integrated ortho + spine, deep bench, conservative-first. MESSAGE: an acute back/neck pathway: your discharge sheet can book a spine evaluation the same week — one number, we take it from there. ASK: “Send us a handful — let us show you what we're about.” Leave one-pager + direct line; log who you met."
c8be9bcd-087a-4081-93c4-84fb80a7d1d1,Concentra Urgent Care- Novi,Jasmine,Prospect,Wave 2,Urgent Care,Visit / Prospect,0,0,,2,MIXED-WALKIN,Walk-in panel — mixed payers; qualified with intake screening,Heuristic — verify — intake (Kelly) verifies Tier 1 first; NOT confirmed,Payer: walk-in mix — intake screens each referral; commercial/Medicare flow same-week.,"OPEN: introduce Synergy spine — integrated ortho + spine, deep bench, conservative-first. MESSAGE: an acute back/neck pathway: your discharge sheet can book a spine evaluation the same week — one number, we take it from there. ASK: “Send us a handful — let us show you what we're about.” Leave one-pager + direct line; log who you met."
9f05c66c-699d-4a43-9c7c-5d261dd9aaf8,Dearborn Family Doctors,Jasmine,Prospect,Wave 2,PCP,Visit / Prospect,0,0,,2,COMM-LIKELY,PCP — commercial/Medicare-likely; confirm HMO share (BCN/HAP/McLaren/Priority HMO need PCP referral — we handle that),Heuristic — verify — intake (Kelly) verifies Tier 1 first; NOT confirmed,Payer: commercial/Medicare-likely — HMO referrals handled with your staff.,"OPEN: introduce Synergy spine — integrated ortho + spine, deep bench, conservative-first. MESSAGE: your patients with back or neck pain get seen the same week — imaging, conservative care, interventional and surgical under one roof, and we handle HMO referral paperwork with your staff. ASK: “Send us a handful — let us show you what we're about.” Leave one-pager + direct line; log who you met."
2ced9a88-b51d-4a54-a212-063491259282,"DEARBORN HEALTHCARE, PC",Jasmine,Prospect,Wave 2,PCP,Visit / Prospect,0,0,,2,COMM-LIKELY,PCP — commercial/Medicare-likely; confirm HMO share (BCN/HAP/McLaren/Priority HMO need PCP referral — we handle that),Heuristic — verify — intake (Kelly) verifies Tier 1 first; NOT confirmed,Payer: commercial/Medicare-likely — HMO referrals handled with your staff.,"OPEN: introduce Synergy spine — integrated ortho + spine, deep bench, conservative-first. MESSAGE: your patients with back or neck pain get seen the same week — imaging, conservative care, interventional and surgical under one roof, and we handle HMO referral paperwork with your staff. ASK: “Send us a handful — let us show you what we're about.” Leave one-pager + direct line; log who you met."
e88886fb-60ef-4d4e-8d44-578baf30fd25,DOWN RIVER MEDICAL GROUP,Jasmine,Prospect,Wave 2,PCP,Visit / Prospect,0,0,,8,COMM-LIKELY,PCP — commercial/Medicare-likely; confirm HMO share (BCN/HAP/McLaren/Priority HMO need PCP referral — we handle that),Heuristic — verify — intake (Kelly) verifies Tier 1 first; NOT confirmed,Payer: commercial/Medicare-likely — HMO referrals handled with your staff.,"OPEN: introduce Synergy spine — integrated ortho + spine, deep bench, conservative-first. MESSAGE: your patients with back or neck pain get seen the same week — imaging, conservative care, interventional and surgical under one roof, and we handle HMO referral paperwork with your staff. ASK: “Send us a handful — let us show you what we're about.” Leave one-pager + direct line; log who you met."
3dc9219b-6054-4041-8509-f443b1f44add,"DOWNRIVER INTERNAL MEDICINE, PC",Jasmine,Prospect,Wave 2,Orthopedic,Visit / Prospect,0,0,,3,COMM-LIKELY,Private specialty practice — commercial/Medicare-likely (QUALIFIED); confirm,Heuristic — verify — intake (Kelly) verifies Tier 1 first; NOT confirmed,Payer: commercial/Medicare-likely — HMO referrals handled with your staff.,"OPEN: introduce Synergy spine — integrated ortho + spine, deep bench, conservative-first. MESSAGE: for the spine cases outside your scope, we co-manage: your patient stays yours, our spine team handles just the spine problem, notes back to you every visit. ASK: “Send us a handful — let us show you what we're about.” Leave one-pager + direct line; log who you met."
e46c966d-2122-4c15-9289-606148887327,EASTPOINTE URGENT CARE,Jasmine,Prospect,Wave 2,Orthopedic,Visit / Prospect,0,0,,1,COMM-LIKELY,Private specialty practice — commercial/Medicare-likely (QUALIFIED); confirm,Heuristic — verify — intake (Kelly) verifies Tier 1 first; NOT confirmed,Payer: commercial/Medicare-likely — HMO referrals handled with your staff.,"OPEN: introduce Synergy spine — integrated ortho + spine, deep bench, conservative-first. MESSAGE: for the spine cases outside your scope, we co-manage: your patient stays yours, our spine team handles just the spine problem, notes back to you every visit. ASK: “Send us a handful — let us show you what we're about.” Leave one-pager + direct line; log who you met."
df6c9c10-8955-4ae0-95a3-7f14af6366cc,EPIC - Eastponte,Jasmine,Prospect,Wave 2,Urgent Care,Visit / Prospect,0,0,,3,MIXED-WALKIN,Walk-in panel — mixed payers; qualified with intake screening,Heuristic — verify — intake (Kelly) verifies Tier 1 first; NOT confirmed,Payer: walk-in mix — intake screens each referral; commercial/Medicare flow same-week.,"OPEN: introduce Synergy spine — integrated ortho + spine, deep bench, conservative-first. MESSAGE: an acute back/neck pathway: your discharge sheet can book a spine evaluation the same week — one number, we take it from there. ASK: “Send us a handful — let us show you what we're about.” Leave one-pager + direct line; log who you met."
afda3784-64a9-4997-bf11-96cff8e40ef6,Ethos Physical Therapy,Jasmine,Prospect,Wave 2,PT,Visit / Prospect,0,0,,4,COMM-LIKELY,Private specialty practice — commercial/Medicare-likely (QUALIFIED); confirm,Heuristic — verify — intake (Kelly) verifies Tier 1 first; NOT confirmed,Payer: commercial/Medicare-likely — HMO referrals handled with your staff.,"OPEN: introduce Synergy spine — integrated ortho + spine, deep bench, conservative-first. MESSAGE: for patients whose progress stalls, a spine consult with imaging same-week — then straight back to your plan of care with clear notes. ASK: “Send us a handful — let us show you what we're about.” Leave one-pager + direct line; log who you met."
4b035e24-272d-49e7-9bce-cd8929fbcb0a,Evolve Medical - Dearborn,Jasmine,Prospect,Wave 2,PCP,Visit / Prospect,0,0,,1,COMM-LIKELY,PCP — commercial/Medicare-likely; confirm HMO share (BCN/HAP/McLaren/Priority HMO need PCP referral — we handle that),Heuristic — verify — intake (Kelly) verifies Tier 1 first; NOT confirmed,Payer: commercial/Medicare-likely — HMO referrals handled with your staff.,"OPEN: introduce Synergy spine — integrated ortho + spine, deep bench, conservative-first. MESSAGE: your patients with back or neck pain get seen the same week — imaging, conservative care, interventional and surgical under one roof, and we handle HMO referral paperwork with your staff. ASK: “Send us a handful — let us show you what we're about.” Leave one-pager + direct line; log who you met."
84576296-8aed-482f-b425-73ec3d220d21,"FAMILY HEALTH, PC",Jasmine,Prospect,Wave 2,Orthopedic,Visit / Prospect,0,0,,6,COMM-LIKELY,Private specialty practice — commercial/Medicare-likely (QUALIFIED); confirm,Heuristic — verify — intake (Kelly) verifies Tier 1 first; NOT confirmed,Payer: commercial/Medicare-likely — HMO referrals handled with your staff.,"OPEN: introduce Synergy spine — integrated ortho + spine, deep bench, conservative-first. MESSAGE: for the spine cases outside your scope, we co-manage: your patient stays yours, our spine team handles just the spine problem, notes back to you every visit. ASK: “Send us a handful — let us show you what we're about.” Leave one-pager + direct line; log who you met."
c86d4c75-6c14-46b0-aa13-6b4f929dad66,Fayda Zakaria MD Family Medicine,Jasmine,Prospect,Wave 2,PCP,Visit / Prospect,0,0,,2,COMM-LIKELY,PCP — commercial/Medicare-likely; confirm HMO share (BCN/HAP/McLaren/Priority HMO need PCP referral — we handle that),Heuristic — verify — intake (Kelly) verifies Tier 1 first; NOT confirmed,Payer: commercial/Medicare-likely — HMO referrals handled with your staff.,"OPEN: introduce Synergy spine — integrated ortho + spine, deep bench, conservative-first. MESSAGE: your patients with back or neck pain get seen the same week — imaging, conservative care, interventional and surgical under one roof, and we handle HMO referral paperwork with your staff. ASK: “Send us a handful — let us show you what we're about.” Leave one-pager + direct line; log who you met."
83e31e93-d44f-45e6-884d-0e69e15a6b31,Garden City urgent care/primary care,Jasmine,Prospect,Wave 2,Urgent Care,Visit / Prospect,0,0,,2,MIXED-WALKIN,Walk-in panel — mixed payers; qualified with intake screening,Heuristic — verify — intake (Kelly) verifies Tier 1 first; NOT confirmed,Payer: walk-in mix — intake screens each referral; commercial/Medicare flow same-week.,"OPEN: introduce Synergy spine — integrated ortho + spine, deep bench, conservative-first. MESSAGE: an acute back/neck pathway: your discharge sheet can book a spine evaluation the same week — one number, we take it from there. ASK: “Send us a handful — let us show you what we're about.” Leave one-pager + direct line; log who you met."
b6ddaa21-a950-4bdc-bf4e-2fa4a1e3ea3e,Gingell Chiropractic,Jasmine,Prospect,Wave 2,Chiropractor,Visit / Prospect,0,0,,1,COMM-WCPI,Chiro — commercial + WC/PI mix (QUALIFIED); screen auto/WC liens,Heuristic — verify — intake (Kelly) verifies Tier 1 first; NOT confirmed,Payer: commercial + auto/WC liens welcome; screen Medicaid share.,"OPEN: introduce Synergy spine — integrated ortho + spine, deep bench, conservative-first. MESSAGE: co-management for patients who plateau — imaging access, interventional options, surgical consults when warranted, and every patient returns to your care plan with notes. ASK: “Send us a handful — let us show you what we're about.” Leave one-pager + direct line; log who you met."
7e17dd91-d956-482b-a527-df4bc27f78c0,"GREENFIELD MEDICAL CENTER OF DEARBORN, PC",Jasmine,Prospect,Wave 2,Pain,Visit / Prospect,0,0,,1,COMM-LIKELY,Private specialty practice — commercial/Medicare-likely (QUALIFIED); confirm,Heuristic — verify — intake (Kelly) verifies Tier 1 first; NOT confirmed,Payer: commercial/Medicare-likely — HMO referrals handled with your staff.,"OPEN: introduce Synergy spine — integrated ortho + spine, deep bench, conservative-first. MESSAGE: two-way partnership — we send conservative-first candidates to you, you send surgical-escalation candidates to our spine surgeons; both get seen same-week. ASK: “Send us a handful — let us show you what we're about.” Leave one-pager + direct line; log who you met."
78f67c23-fe17-4b42-bdb5-acb7cfeea57d,Gretchen’s place,Jasmine,Prospect,Wave 2,PCP,Visit / Prospect,0,0,,3,COMM-LIKELY,PCP — commercial/Medicare-likely; confirm HMO share (BCN/HAP/McLaren/Priority HMO need PCP referral — we handle that),Heuristic — verify — intake (Kelly) verifies Tier 1 first; NOT confirmed,Payer: commercial/Medicare-likely — HMO referrals handled with your staff.,"OPEN: introduce Synergy spine — integrated ortho + spine, deep bench, conservative-first. MESSAGE: your patients with back or neck pain get seen the same week — imaging, conservative care, interventional and surgical under one roof, and we handle HMO referral paperwork with your staff. ASK: “Send us a handful — let us show you what we're about.” Leave one-pager + direct line; log who you met."
dfe30c97-b799-437f-ad7d-2a2e7e8e23e1,HEIGHTS FAMILY MEDICINE,Jasmine,Prospect,Wave 2,PCP,Visit / Prospect,0,0,,4,COMM-LIKELY,PCP — commercial/Medicare-likely; confirm HMO share (BCN/HAP/McLaren/Priority HMO need PCP referral — we handle that),Heuristic — verify — intake (Kelly) verifies Tier 1 first; NOT confirmed,Payer: commercial/Medicare-likely — HMO referrals handled with your staff.,"OPEN: introduce Synergy spine — integrated ortho + spine, deep bench, conservative-first. MESSAGE: your patients with back or neck pain get seen the same week — imaging, conservative care, interventional and surgical under one roof, and we handle HMO referral paperwork with your staff. ASK: “Send us a handful — let us show you what we're about.” Leave one-pager + direct line; log who you met."
acaff0ce-7a7b-4911-a838-13246bcf618a,HENRY FORD HEALTH,Jasmine,Prospect,Wave 2,PCP,Visit / Prospect,0,0,,3,MIXED-SYSTEM,Hospital-system site — mixed commercial + Medicare + some Medicaid; qualified with intake screening,Heuristic — verify — intake (Kelly) verifies Tier 1 first; NOT confirmed,Payer: mixed panel — screen at intake; HMO plans need PCP referral (we assist).,"OPEN: introduce Synergy spine — integrated ortho + spine, deep bench, conservative-first. MESSAGE: your patients with back or neck pain get seen the same week — imaging, conservative care, interventional and surgical under one roof, and we handle HMO referral paperwork with your staff. ASK: “Send us a handful — let us show you what we're about.” Leave one-pager + direct line; log who you met."
b2aa2511-acc2-4cc1-a3b6-918eaa998e6e,Hewitt Road Medical Center,Jasmine,Prospect,Wave 2,PCP,Visit / Prospect,0,0,,2,COMM-LIKELY,PCP — commercial/Medicare-likely; confirm HMO share (BCN/HAP/McLaren/Priority HMO need PCP referral — we handle that),Heuristic — verify — intake (Kelly) verifies Tier 1 first; NOT confirmed,Payer: commercial/Medicare-likely — HMO referrals handled with your staff.,"OPEN: introduce Synergy spine — integrated ortho + spine, deep bench, conservative-first. MESSAGE: your patients with back or neck pain get seen the same week — imaging, conservative care, interventional and surgical under one roof, and we handle HMO referral paperwork with your staff. ASK: “Send us a handful — let us show you what we're about.” Leave one-pager + direct line; log who you met."
940d298e-5798-4b70-b005-21671cc2e86c,icare urgent care,Jasmine,Prospect,Wave 2,Urgent Care,Visit / Prospect,0,0,,6,MIXED-WALKIN,Walk-in panel — mixed payers; qualified with intake screening,Heuristic — verify — intake (Kelly) verifies Tier 1 first; NOT confirmed,Payer: walk-in mix — intake screens each referral; commercial/Medicare flow same-week.,"OPEN: introduce Synergy spine — integrated ortho + spine, deep bench, conservative-first. MESSAGE: an acute back/neck pathway: your discharge sheet can book a spine evaluation the same week — one number, we take it from there. ASK: “Send us a handful — let us show you what we're about.” Leave one-pager + direct line; log who you met."
dd44661d-7987-4114-b7ad-d9099594baad,IHA ARBOR PARK PRIMARY CARE,Jasmine,Prospect,Wave 2,Pain,Visit / Prospect,0,0,,10,COMM-LIKELY,Private specialty practice — commercial/Medicare-likely (QUALIFIED); confirm,Heuristic — verify — intake (Kelly) verifies Tier 1 first; NOT confirmed,Payer: commercial/Medicare-likely — HMO referrals handled with your staff.,"OPEN: introduce Synergy spine — integrated ortho + spine, deep bench, conservative-first. MESSAGE: two-way partnership — we send conservative-first candidates to you, you send surgical-escalation candidates to our spine surgeons; both get seen same-week. ASK: “Send us a handful — let us show you what we're about.” Leave one-pager + direct line; log who you met."
385dee98-3fbb-4b0d-b39e-a336562f26d0,"IMMEDIATE CARE MEDICAL CENTER, PC",Jasmine,Prospect,Wave 2,PCP,Visit / Prospect,0,0,,3,COMM-LIKELY,PCP — commercial/Medicare-likely; confirm HMO share (BCN/HAP/McLaren/Priority HMO need PCP referral — we handle that),Heuristic — verify — intake (Kelly) verifies Tier 1 first; NOT confirmed,Payer: commercial/Medicare-likely — HMO referrals handled with your staff.,"OPEN: introduce Synergy spine — integrated ortho + spine, deep bench, conservative-first. MESSAGE: your patients with back or neck pain get seen the same week — imaging, conservative care, interventional and surgical under one roof, and we handle HMO referral paperwork with your staff. ASK: “Send us a handful — let us show you what we're about.” Leave one-pager + direct line; log who you met."
b71dbc77-c928-4d75-aa56-abeb679ce4f0,Integrative Healthcare Providers,Jasmine,Prospect,Wave 2,Pain,Visit / Prospect,0,0,,7,COMM-LIKELY,Private specialty practice — commercial/Medicare-likely (QUALIFIED); confirm,Heuristic — verify — intake (Kelly) verifies Tier 1 first; NOT confirmed,Payer: commercial/Medicare-likely — HMO referrals handled with your staff.,"OPEN: introduce Synergy spine — integrated ortho + spine, deep bench, conservative-first. MESSAGE: two-way partnership — we send conservative-first candidates to you, you send surgical-escalation candidates to our spine surgeons; both get seen same-week. ASK: “Send us a handful — let us show you what we're about.” Leave one-pager + direct line; log who you met."
4f201b61-2c2d-4995-b82e-92f3bdaed2bb,King Medical Center,Jasmine,Prospect,Wave 2,PCP,Visit / Prospect,0,0,,2,COMM-LIKELY,PCP — commercial/Medicare-likely; confirm HMO share (BCN/HAP/McLaren/Priority HMO need PCP referral — we handle that),Heuristic — verify — intake (Kelly) verifies Tier 1 first; NOT confirmed,Payer: commercial/Medicare-likely — HMO referrals handled with your staff.,"OPEN: introduce Synergy spine — integrated ortho + spine, deep bench, conservative-first. MESSAGE: your patients with back or neck pain get seen the same week — imaging, conservative care, interventional and surgical under one roof, and we handle HMO referral paperwork with your staff. ASK: “Send us a handful — let us show you what we're about.” Leave one-pager + direct line; log who you met."
1497765077,Krasnick Regenerative Medicine,Jasmine,Prospect,Wave 2,Pain,Visit / Prospect,0,0,,1,COMM-LIKELY,Private specialty practice — commercial/Medicare-likely (QUALIFIED); confirm,Heuristic — verify — intake (Kelly) verifies Tier 1 first; NOT confirmed,Payer: commercial/Medicare-likely — HMO referrals handled with your staff.,"OPEN: introduce Synergy spine — integrated ortho + spine, deep bench, conservative-first. MESSAGE: two-way partnership — we send conservative-first candidates to you, you send surgical-escalation candidates to our spine surgeons; both get seen same-week. ASK: “Send us a handful — let us show you what we're about.” Leave one-pager + direct line; log who you met."
7397c30d-fc05-4212-aa03-e8cf2d7efabe,Kris Warszawski MD - MHP,Jasmine,Prospect,Wave 2,PCP,Visit / Prospect,0,0,,2,COMM-LIKELY,PCP — commercial/Medicare-likely; confirm HMO share (BCN/HAP/McLaren/Priority HMO need PCP referral — we handle that),Heuristic — verify — intake (Kelly) verifies Tier 1 first; NOT confirmed,Payer: commercial/Medicare-likely — HMO referrals handled with your staff.,"OPEN: introduce Synergy spine — integrated ortho + spine, deep bench, conservative-first. MESSAGE: your patients with back or neck pain get seen the same week — imaging, conservative care, interventional and surgical under one roof, and we handle HMO referral paperwork with your staff. ASK: “Send us a handful — let us show you what we're about.” Leave one-pager + direct line; log who you met."
1902896608,Mansour Mercy Medical Center,Jasmine,Prospect,Wave 2,PCP,Visit / Prospect,0,0,,3,COMM-LIKELY,PCP — commercial/Medicare-likely; confirm HMO share (BCN/HAP/McLaren/Priority HMO need PCP referral — we handle that),Heuristic — verify — intake (Kelly) verifies Tier 1 first; NOT confirmed,Payer: commercial/Medicare-likely — HMO referrals handled with your staff.,"OPEN: introduce Synergy spine — integrated ortho + spine, deep bench, conservative-first. MESSAGE: your patients with back or neck pain get seen the same week — imaging, conservative care, interventional and surgical under one roof, and we handle HMO referral paperwork with your staff. ASK: “Send us a handful — let us show you what we're about.” Leave one-pager + direct line; log who you met."
3e5b0f6f-1070-460a-8daf-23b4444f4243,MDVIP Ann Arbor,Jasmine,Prospect,Wave 2,PCP,Visit / Prospect,0,0,,1,COMM-LIKELY,PCP — commercial/Medicare-likely; confirm HMO share (BCN/HAP/McLaren/Priority HMO need PCP referral — we handle that),Heuristic — verify — intake (Kelly) verifies Tier 1 first; NOT confirmed,Payer: commercial/Medicare-likely — HMO referrals handled with your staff.,"OPEN: introduce Synergy spine — integrated ortho + spine, deep bench, conservative-first. MESSAGE: your patients with back or neck pain get seen the same week — imaging, conservative care, interventional and surgical under one roof, and we handle HMO referral paperwork with your staff. ASK: “Send us a handful — let us show you what we're about.” Leave one-pager + direct line; log who you met."
dd8c9b24-ab9f-484e-af36-a2a96ed1e466,MDWell,Jasmine,Prospect,Wave 2,PCP,Visit / Prospect,0,0,,4,COMM-LIKELY,PCP — commercial/Medicare-likely; confirm HMO share (BCN/HAP/McLaren/Priority HMO need PCP referral — we handle that),Heuristic — verify — intake (Kelly) verifies Tier 1 first; NOT confirmed,Payer: commercial/Medicare-likely — HMO referrals handled with your staff.,"OPEN: introduce Synergy spine — integrated ortho + spine, deep bench, conservative-first. MESSAGE: your patients with back or neck pain get seen the same week — imaging, conservative care, interventional and surgical under one roof, and we handle HMO referral paperwork with your staff. ASK: “Send us a handful — let us show you what we're about.” Leave one-pager + direct line; log who you met."
8934ce8f-6bb3-49e1-9d7e-1da3b417b80c,Medical Center Urgent Care,Jasmine,Prospect,Wave 2,Urgent Care,Visit / Prospect,0,0,,1,MIXED-WALKIN,Walk-in panel — mixed payers; qualified with intake screening,Heuristic — verify — intake (Kelly) verifies Tier 1 first; NOT confirmed,Payer: walk-in mix — intake screens each referral; commercial/Medicare flow same-week.,"OPEN: introduce Synergy spine — integrated ortho + spine, deep bench, conservative-first. MESSAGE: an acute back/neck pathway: your discharge sheet can book a spine evaluation the same week — one number, we take it from there. ASK: “Send us a handful — let us show you what we're about.” Leave one-pager + direct line; log who you met."
c6b60636-41b7-4269-a81a-74ef98d29520,Meridian Rehab,Jasmine,Prospect,Wave 2,PT,Visit / Prospect,0,0,,2,COMM-LIKELY,Private specialty practice — commercial/Medicare-likely (QUALIFIED); confirm,Heuristic — verify — intake (Kelly) verifies Tier 1 first; NOT confirmed,Payer: commercial/Medicare-likely — HMO referrals handled with your staff.,"OPEN: introduce Synergy spine — integrated ortho + spine, deep bench, conservative-first. MESSAGE: for patients whose progress stalls, a spine consult with imaging same-week — then straight back to your plan of care with clear notes. ASK: “Send us a handful — let us show you what we're about.” Leave one-pager + direct line; log who you met."
0cf65760-cfbd-4029-bb9f-dab45971f652,"METRO SHORES INTERNAL MEDICINE, PLLC",Jasmine,Prospect,Wave 2,Orthopedic,Visit / Prospect,0,0,,2,COMM-LIKELY,Private specialty practice — commercial/Medicare-likely (QUALIFIED); confirm,Heuristic — verify — intake (Kelly) verifies Tier 1 first; NOT confirmed,Payer: commercial/Medicare-likely — HMO referrals handled with your staff.,"OPEN: introduce Synergy spine — integrated ortho + spine, deep bench, conservative-first. MESSAGE: for the spine cases outside your scope, we co-manage: your patient stays yours, our spine team handles just the spine problem, notes back to you every visit. ASK: “Send us a handful — let us show you what we're about.” Leave one-pager + direct line; log who you met."
d1235093-a65c-465a-ace2-cffd3d4ad232,MICHIGAN INTERVENTIONAL PAIN CENTER (this is an ASC),Jasmine,Prospect,Wave 2,Orthopedic,Visit / Prospect,0,0,,5,COMM-LIKELY,Private specialty practice — commercial/Medicare-likely (QUALIFIED); confirm,Heuristic — verify — intake (Kelly) verifies Tier 1 first; NOT confirmed,Payer: commercial/Medicare-likely — HMO referrals handled with your staff.,"OPEN: introduce Synergy spine — integrated ortho + spine, deep bench, conservative-first. MESSAGE: for the spine cases outside your scope, we co-manage: your patient stays yours, our spine team handles just the spine problem, notes back to you every visit. ASK: “Send us a handful — let us show you what we're about.” Leave one-pager + direct line; log who you met."
949c5a93-1ee8-4f5b-8e67-0ddc90f811c0,MIND - Dearborn,Jasmine,Prospect,Wave 2,Orthopedic,Visit / Prospect,0,0,,4,COMM-LIKELY,Private specialty practice — commercial/Medicare-likely (QUALIFIED); confirm,Heuristic — verify — intake (Kelly) verifies Tier 1 first; NOT confirmed,Payer: commercial/Medicare-likely — HMO referrals handled with your staff.,"OPEN: introduce Synergy spine — integrated ortho + spine, deep bench, conservative-first. MESSAGE: for the spine cases outside your scope, we co-manage: your patient stays yours, our spine team handles just the spine problem, notes back to you every visit. ASK: “Send us a handful — let us show you what we're about.” Leave one-pager + direct line; log who you met."
f3bc6e0f-edfc-423b-bf9d-2950236219e9,MIND-Riverview,Jasmine,Prospect,Wave 2,Orthopedic,Visit / Prospect,0,0,,5,COMM-LIKELY,Private specialty practice — commercial/Medicare-likely (QUALIFIED); confirm,Heuristic — verify — intake (Kelly) verifies Tier 1 first; NOT confirmed,Payer: commercial/Medicare-likely — HMO referrals handled with your staff.,"OPEN: introduce Synergy spine — integrated ortho + spine, deep bench, conservative-first. MESSAGE: for the spine cases outside your scope, we co-manage: your patient stays yours, our spine team handles just the spine problem, notes back to you every visit. ASK: “Send us a handful — let us show you what we're about.” Leave one-pager + direct line; log who you met."
4e0ac17e-b678-4984-b1ba-e7825a2ed78e,MORSI PEDIATRICS,Jasmine,Prospect,Wave 2,Orthopedic,Visit / Prospect,0,0,,5,COMM-LIKELY,Private specialty practice — commercial/Medicare-likely (QUALIFIED); confirm,Heuristic — verify — intake (Kelly) verifies Tier 1 first; NOT confirmed,Payer: commercial/Medicare-likely — HMO referrals handled with your staff.,"OPEN: introduce Synergy spine — integrated ortho + spine, deep bench, conservative-first. MESSAGE: for the spine cases outside your scope, we co-manage: your patient stays yours, our spine team handles just the spine problem, notes back to you every visit. ASK: “Send us a handful — let us show you what we're about.” Leave one-pager + direct line; log who you met."
ea15df9a-9ba3-4096-82f0-78f0281ba185,"NASSER SUKHON, MD, PC",Jasmine,Prospect,Wave 2,Orthopedic,Visit / Prospect,0,0,,2,COMM-LIKELY,Private specialty practice — commercial/Medicare-likely (QUALIFIED); confirm,Heuristic — verify — intake (Kelly) verifies Tier 1 first; NOT confirmed,Payer: commercial/Medicare-likely — HMO referrals handled with your staff.,"OPEN: introduce Synergy spine — integrated ortho + spine, deep bench, conservative-first. MESSAGE: for the spine cases outside your scope, we co-manage: your patient stays yours, our spine team handles just the spine problem, notes back to you every visit. ASK: “Send us a handful — let us show you what we're about.” Leave one-pager + direct line; log who you met."
07-983-0013,Oakland Rehabilitation Associates,Jasmine,Prospect,Wave 2,PT,Visit / Prospect,0,0,,1,COMM-LIKELY,Private specialty practice — commercial/Medicare-likely (QUALIFIED); confirm,Heuristic — verify — intake (Kelly) verifies Tier 1 first; NOT confirmed,Payer: commercial/Medicare-likely — HMO referrals handled with your staff.,"OPEN: introduce Synergy spine — integrated ortho + spine, deep bench, conservative-first. MESSAGE: for patients whose progress stalls, a spine consult with imaging same-week — then straight back to your plan of care with clear notes. ASK: “Send us a handful — let us show you what we're about.” Leave one-pager + direct line; log who you met."
1457400954,Office of Douglas Hames MD,Jasmine,Prospect,Wave 2,PCP,Visit / Prospect,0,0,,2,COMM-LIKELY,PCP — commercial/Medicare-likely; confirm HMO share (BCN/HAP/McLaren/Priority HMO need PCP referral — we handle that),Heuristic — verify — intake (Kelly) verifies Tier 1 first; NOT confirmed,Payer: commercial/Medicare-likely — HMO referrals handled with your staff.,"OPEN: introduce Synergy spine — integrated ortho + spine, deep bench, conservative-first. MESSAGE: your patients with back or neck pain get seen the same week — imaging, conservative care, interventional and surgical under one roof, and we handle HMO referral paperwork with your staff. ASK: “Send us a handful — let us show you what we're about.” Leave one-pager + direct line; log who you met."
a872805b-8d3d-4cf3-8903-4909e19a73d2,Ouillette Chiropractic,Jasmine,Prospect,Wave 2,Chiropractor,Visit / Prospect,0,0,,3,COMM-WCPI,Chiro — commercial + WC/PI mix (QUALIFIED); screen auto/WC liens,Heuristic — verify — intake (Kelly) verifies Tier 1 first; NOT confirmed,Payer: commercial + auto/WC liens welcome; screen Medicaid share.,"OPEN: introduce Synergy spine — integrated ortho + spine, deep bench, conservative-first. MESSAGE: co-management for patients who plateau — imaging access, interventional options, surgical consults when warranted, and every patient returns to your care plan with notes. ASK: “Send us a handful — let us show you what we're about.” Leave one-pager + direct line; log who you met."
f8f13fd9-1135-4385-b6ba-7542d202b63a,PARK PLACE FAMILY PRACTICE AND INTERNAL MEDICINE,Jasmine,Prospect,Wave 2,Pain,Visit / Prospect,0,0,,4,COMM-LIKELY,Private specialty practice — commercial/Medicare-likely (QUALIFIED); confirm,Heuristic — verify — intake (Kelly) verifies Tier 1 first; NOT confirmed,Payer: commercial/Medicare-likely — HMO referrals handled with your staff.,"OPEN: introduce Synergy spine — integrated ortho + spine, deep bench, conservative-first. MESSAGE: two-way partnership — we send conservative-first candidates to you, you send surgical-escalation candidates to our spine surgeons; both get seen same-week. ASK: “Send us a handful — let us show you what we're about.” Leave one-pager + direct line; log who you met."
786ed37c-07e8-4c29-9917-ecab0fe8d600,Partners in internal medicine,Jasmine,Prospect,Wave 2,PCP,Visit / Prospect,0,0,,6,COMM-LIKELY,PCP — commercial/Medicare-likely; confirm HMO share (BCN/HAP/McLaren/Priority HMO need PCP referral — we handle that),Heuristic — verify — intake (Kelly) verifies Tier 1 first; NOT confirmed,Payer: commercial/Medicare-likely — HMO referrals handled with your staff.,"OPEN: introduce Synergy spine — integrated ortho + spine, deep bench, conservative-first. MESSAGE: your patients with back or neck pain get seen the same week — imaging, conservative care, interventional and surgical under one roof, and we handle HMO referral paperwork with your staff. ASK: “Send us a handful — let us show you what we're about.” Leave one-pager + direct line; log who you met."
5898f9bd-82c2-4134-a022-d09661f4e923,PLYMOUTH CANTON FAMILY HEALTH,Jasmine,Prospect,Wave 2,PCP,Visit / Prospect,0,0,,1,COMM-LIKELY,PCP — commercial/Medicare-likely; confirm HMO share (BCN/HAP/McLaren/Priority HMO need PCP referral — we handle that),Heuristic — verify — intake (Kelly) verifies Tier 1 first; NOT confirmed,Payer: commercial/Medicare-likely — HMO referrals handled with your staff.,"OPEN: introduce Synergy spine — integrated ortho + spine, deep bench, conservative-first. MESSAGE: your patients with back or neck pain get seen the same week — imaging, conservative care, interventional and surgical under one roof, and we handle HMO referral paperwork with your staff. ASK: “Send us a handful — let us show you what we're about.” Leave one-pager + direct line; log who you met."
814ed74d-d989-4209-bc8c-83f8248094b6,Primary Care Center,Jasmine,Prospect,Wave 2,PCP,Visit / Prospect,0,0,,5,COMM-LIKELY,PCP — commercial/Medicare-likely; confirm HMO share (BCN/HAP/McLaren/Priority HMO need PCP referral — we handle that),Heuristic — verify — intake (Kelly) verifies Tier 1 first; NOT confirmed,Payer: commercial/Medicare-likely — HMO referrals handled with your staff.,"OPEN: introduce Synergy spine — integrated ortho + spine, deep bench, conservative-first. MESSAGE: your patients with back or neck pain get seen the same week — imaging, conservative care, interventional and surgical under one roof, and we handle HMO referral paperwork with your staff. ASK: “Send us a handful — let us show you what we're about.” Leave one-pager + direct line; log who you met."
8b50745f-923b-4436-a8d1-06d7cdd65930,"PROGRESSIVE HEALTH CARE, PC",Jasmine,Prospect,Wave 2,PCP,Visit / Prospect,0,0,,1,COMM-LIKELY,PCP — commercial/Medicare-likely; confirm HMO share (BCN/HAP/McLaren/Priority HMO need PCP referral — we handle that),Heuristic — verify — intake (Kelly) verifies Tier 1 first; NOT confirmed,Payer: commercial/Medicare-likely — HMO referrals handled with your staff.,"OPEN: introduce Synergy spine — integrated ortho + spine, deep bench, conservative-first. MESSAGE: your patients with back or neck pain get seen the same week — imaging, conservative care, interventional and surgical under one roof, and we handle HMO referral paperwork with your staff. ASK: “Send us a handful — let us show you what we're about.” Leave one-pager + direct line; log who you met."
24c56a2c-bfab-4953-87ec-5e21eb9410f3,RIVER OAKS PRIMARY CARE,Jasmine,Prospect,Wave 2,PCP,Visit / Prospect,0,0,,3,COMM-LIKELY,PCP — commercial/Medicare-likely; confirm HMO share (BCN/HAP/McLaren/Priority HMO need PCP referral — we handle that),Heuristic — verify — intake (Kelly) verifies Tier 1 first; NOT confirmed,Payer: commercial/Medicare-likely — HMO referrals handled with your staff.,"OPEN: introduce Synergy spine — integrated ortho + spine, deep bench, conservative-first. MESSAGE: your patients with back or neck pain get seen the same week — imaging, conservative care, interventional and surgical under one roof, and we handle HMO referral paperwork with your staff. ASK: “Send us a handful — let us show you what we're about.” Leave one-pager + direct line; log who you met."
1104928613,"Sickels MD, Malcolm",Jasmine,Prospect,Wave 2,PCP,Visit / Prospect,0,0,,3,COMM-LIKELY,PCP — commercial/Medicare-likely; confirm HMO share (BCN/HAP/McLaren/Priority HMO need PCP referral — we handle that),Heuristic — verify — intake (Kelly) verifies Tier 1 first; NOT confirmed,Payer: commercial/Medicare-likely — HMO referrals handled with your staff.,"OPEN: introduce Synergy spine — integrated ortho + spine, deep bench, conservative-first. MESSAGE: your patients with back or neck pain get seen the same week — imaging, conservative care, interventional and surgical under one roof, and we handle HMO referral paperwork with your staff. ASK: “Send us a handful — let us show you what we're about.” Leave one-pager + direct line; log who you met."
df271027-cd7b-426d-a380-9f582e5304ba,SPECIALISTS IN SPINE SURGERY - Farmington Hills,Jasmine,Prospect,Wave 2,Orthopedic,Visit / Prospect,0,0,,2,COMM-LIKELY,Private specialty practice — commercial/Medicare-likely (QUALIFIED); confirm,Heuristic — verify — intake (Kelly) verifies Tier 1 first; NOT confirmed,Payer: commercial/Medicare-likely — HMO referrals handled with your staff.,"OPEN: introduce Synergy spine — integrated ortho + spine, deep bench, conservative-first. MESSAGE: for the spine cases outside your scope, we co-manage: your patient stays yours, our spine team handles just the spine problem, notes back to you every visit. ASK: “Send us a handful — let us show you what we're about.” Leave one-pager + direct line; log who you met."
b85b8dcd-305b-4649-b89f-98d6d21ef017,STEINER HEALTH,Jasmine,Prospect,Wave 2,PCP,Visit / Prospect,0,0,,2,COMM-LIKELY,PCP — commercial/Medicare-likely; confirm HMO share (BCN/HAP/McLaren/Priority HMO need PCP referral — we handle that),Heuristic — verify — intake (Kelly) verifies Tier 1 first; NOT confirmed,Payer: commercial/Medicare-likely — HMO referrals handled with your staff.,"OPEN: introduce Synergy spine — integrated ortho + spine, deep bench, conservative-first. MESSAGE: your patients with back or neck pain get seen the same week — imaging, conservative care, interventional and surgical under one roof, and we handle HMO referral paperwork with your staff. ASK: “Send us a handful — let us show you what we're about.” Leave one-pager + direct line; log who you met."
9a393155-33e1-469d-b167-37156a4a3741,"SUNSTRUM MEDICAL ASSOCIATES, PC",Jasmine,Prospect,Wave 2,PCP,Visit / Prospect,0,0,,2,COMM-LIKELY,PCP — commercial/Medicare-likely; confirm HMO share (BCN/HAP/McLaren/Priority HMO need PCP referral — we handle that),Heuristic — verify — intake (Kelly) verifies Tier 1 first; NOT confirmed,Payer: commercial/Medicare-likely — HMO referrals handled with your staff.,"OPEN: introduce Synergy spine — integrated ortho + spine, deep bench, conservative-first. MESSAGE: your patients with back or neck pain get seen the same week — imaging, conservative care, interventional and surgical under one roof, and we handle HMO referral paperwork with your staff. ASK: “Send us a handful — let us show you what we're about.” Leave one-pager + direct line; log who you met."
86a4b3e7-b92f-463a-99a6-18f31f98daad,"TAYLOR INTERNAL MEDICINE ASSOCIATES, PC",Jasmine,Prospect,Wave 2,PCP,Visit / Prospect,0,0,,1,COMM-LIKELY,PCP — commercial/Medicare-likely; confirm HMO share (BCN/HAP/McLaren/Priority HMO need PCP referral — we handle that),Heuristic — verify — intake (Kelly) verifies Tier 1 first; NOT confirmed,Payer: commercial/Medicare-likely — HMO referrals handled with your staff.,"OPEN: introduce Synergy spine — integrated ortho + spine, deep bench, conservative-first. MESSAGE: your patients with back or neck pain get seen the same week — imaging, conservative care, interventional and surgical under one roof, and we handle HMO referral paperwork with your staff. ASK: “Send us a handful — let us show you what we're about.” Leave one-pager + direct line; log who you met."
a593a2a7-7132-4eb5-8a8f-67807158ca38,Trinity Health - Emergency Medicine,Jasmine,Prospect,Wave 2,PCP,Visit / Prospect,0,0,,1,MIXED-SYSTEM,Hospital-system site — mixed commercial + Medicare + some Medicaid; qualified with intake screening,Heuristic — verify — intake (Kelly) verifies Tier 1 first; NOT confirmed,Payer: mixed panel — screen at intake; HMO plans need PCP referral (we assist).,"OPEN: introduce Synergy spine — integrated ortho + spine, deep bench, conservative-first. MESSAGE: your patients with back or neck pain get seen the same week — imaging, conservative care, interventional and surgical under one roof, and we handle HMO referral paperwork with your staff. ASK: “Send us a handful — let us show you what we're about.” Leave one-pager + direct line; log who you met."
5786e4a9-a5e1-4f0e-8e1a-c8f07c3acec4,"Trinity Health IHA Medical Group, Hospital Medicine",Jasmine,Prospect,Wave 2,PCP,Visit / Prospect,0,0,,1,MIXED-SYSTEM,Hospital-system site — mixed commercial + Medicare + some Medicaid; qualified with intake screening,Heuristic — verify — intake (Kelly) verifies Tier 1 first; NOT confirmed,Payer: mixed panel — screen at intake; HMO plans need PCP referral (we assist).,"OPEN: introduce Synergy spine — integrated ortho + spine, deep bench, conservative-first. MESSAGE: your patients with back or neck pain get seen the same week — imaging, conservative care, interventional and surgical under one roof, and we handle HMO referral paperwork with your staff. ASK: “Send us a handful — let us show you what we're about.” Leave one-pager + direct line; log who you met."
ac45f6d9-dd01-44d1-bc46-d23d9a646a13,Trinity Health Neighborhood Primary Care,Jasmine,Prospect,Wave 2,PCP,Visit / Prospect,0,0,,7,MIXED-SYSTEM,Hospital-system site — mixed commercial + Medicare + some Medicaid; qualified with intake screening,Heuristic — verify — intake (Kelly) verifies Tier 1 first; NOT confirmed,Payer: mixed panel — screen at intake; HMO plans need PCP referral (we assist).,"OPEN: introduce Synergy spine — integrated ortho + spine, deep bench, conservative-first. MESSAGE: your patients with back or neck pain get seen the same week — imaging, conservative care, interventional and surgical under one roof, and we handle HMO referral paperwork with your staff. ASK: “Send us a handful — let us show you what we're about.” Leave one-pager + direct line; log who you met."
3973438b-a43c-4f5a-ab50-a4d96ed39952,Trupti Patel,Jasmine,Prospect,Wave 2,PCP,Visit / Prospect,0,0,,1,COMM-LIKELY,PCP — commercial/Medicare-likely; confirm HMO share (BCN/HAP/McLaren/Priority HMO need PCP referral — we handle that),Heuristic — verify — intake (Kelly) verifies Tier 1 first; NOT confirmed,Payer: commercial/Medicare-likely — HMO referrals handled with your staff.,"OPEN: introduce Synergy spine — integrated ortho + spine, deep bench, conservative-first. MESSAGE: your patients with back or neck pain get seen the same week — imaging, conservative care, interventional and surgical under one roof, and we handle HMO referral paperwork with your staff. ASK: “Send us a handful — let us show you what we're about.” Leave one-pager + direct line; log who you met."
8db196d1-c39b-42f6-8eb5-c38cd6f73bef,VAN BUREN URGENT CARE,Jasmine,Prospect,Wave 2,Orthopedic,Visit / Prospect,0,0,,1,COMM-LIKELY,Private specialty practice — commercial/Medicare-likely (QUALIFIED); confirm,Heuristic — verify — intake (Kelly) verifies Tier 1 first; NOT confirmed,Payer: commercial/Medicare-likely — HMO referrals handled with your staff.,"OPEN: introduce Synergy spine — integrated ortho + spine, deep bench, conservative-first. MESSAGE: for the spine cases outside your scope, we co-manage: your patient stays yours, our spine team handles just the spine problem, notes back to you every visit. ASK: “Send us a handful — let us show you what we're about.” Leave one-pager + direct line; log who you met."
1396739975,"Vladimir Klemptner MD,",Jasmine,Prospect,Wave 2,PCP,Visit / Prospect,0,0,,1,COMM-LIKELY,PCP — commercial/Medicare-likely; confirm HMO share (BCN/HAP/McLaren/Priority HMO need PCP referral — we handle that),Heuristic — verify — intake (Kelly) verifies Tier 1 first; NOT confirmed,Payer: commercial/Medicare-likely — HMO referrals handled with your staff.,"OPEN: introduce Synergy spine — integrated ortho + spine, deep bench, conservative-first. MESSAGE: your patients with back or neck pain get seen the same week — imaging, conservative care, interventional and surgical under one roof, and we handle HMO referral paperwork with your staff. ASK: “Send us a handful — let us show you what we're about.” Leave one-pager + direct line; log who you met."
26dc2847-2f28-4c34-9f35-f5478493d95d,WARRENFIELD MEDICAL CENTER (Medicaid),Jasmine,Prospect,Wave 2,PCP,Visit / Prospect,0,0,,5,COMM-LIKELY,PCP — commercial/Medicare-likely; confirm HMO share (BCN/HAP/McLaren/Priority HMO need PCP referral — we handle that),Heuristic — verify — intake (Kelly) verifies Tier 1 first; NOT confirmed,Payer: commercial/Medicare-likely — HMO referrals handled with your staff.,"OPEN: introduce Synergy spine — integrated ortho + spine, deep bench, conservative-first. MESSAGE: your patients with back or neck pain get seen the same week — imaging, conservative care, interventional and surgical under one roof, and we handle HMO referral paperwork with your staff. ASK: “Send us a handful — let us show you what we're about.” Leave one-pager + direct line; log who you met."
ec7d6518-5eb7-4fca-a6b1-325f004d1ea6,WATCH US GROW PEDIATRICS,Jasmine,Prospect,Wave 2,Orthopedic,Visit / Prospect,0,0,,5,COMM-LIKELY,Private specialty practice — commercial/Medicare-likely (QUALIFIED); confirm,Heuristic — verify — intake (Kelly) verifies Tier 1 first; NOT confirmed,Payer: commercial/Medicare-likely — HMO referrals handled with your staff.,"OPEN: introduce Synergy spine — integrated ortho + spine, deep bench, conservative-first. MESSAGE: for the spine cases outside your scope, we co-manage: your patient stays yours, our spine team handles just the spine problem, notes back to you every visit. ASK: “Send us a handful — let us show you what we're about.” Leave one-pager + direct line; log who you met."
39af8a2b-3c99-4502-805c-10e5627efc9d,Wayne state Internal Medicine,Jasmine,Prospect,Wave 2,PCP,Visit / Prospect,0,0,,6,COMM-LIKELY,PCP — commercial/Medicare-likely; confirm HMO share (BCN/HAP/McLaren/Priority HMO need PCP referral — we handle that),Heuristic — verify — intake (Kelly) verifies Tier 1 first; NOT confirmed,Payer: commercial/Medicare-likely — HMO referrals handled with your staff.,"OPEN: introduce Synergy spine — integrated ortho + spine, deep bench, conservative-first. MESSAGE: your patients with back or neck pain get seen the same week — imaging, conservative care, interventional and surgical under one roof, and we handle HMO referral paperwork with your staff. ASK: “Send us a handful — let us show you what we're about.” Leave one-pager + direct line; log who you met."
e35d1817-e4ef-431a-a979-74b7c8e2c0f0,WOODHAVEN PEDIATRICS,Jasmine,Prospect,Wave 2,Orthopedic,Visit / Prospect,0,0,,6,COMM-LIKELY,Private specialty practice — commercial/Medicare-likely (QUALIFIED); confirm,Heuristic — verify — intake (Kelly) verifies Tier 1 first; NOT confirmed,Payer: commercial/Medicare-likely — HMO referrals handled with your staff.,"OPEN: introduce Synergy spine — integrated ortho + spine, deep bench, conservative-first. MESSAGE: for the spine cases outside your scope, we co-manage: your patient stays yours, our spine team handles just the spine problem, notes back to you every visit. ASK: “Send us a handful — let us show you what we're about.” Leave one-pager + direct line; log who you met."
1043279235,Advanced Orthopedic Specialists,Coty,Prospect,Wave 2,Orthopedic,Visit / Prospect,0,0,,8,COMM-LIKELY,Private specialty practice — commercial/Medicare-likely (QUALIFIED); confirm,Heuristic — verify — intake (Kelly) verifies Tier 1 first; NOT confirmed,Payer: commercial/Medicare-likely — HMO referrals handled with your staff.,"OPEN: introduce Synergy spine — integrated ortho + spine, deep bench, conservative-first. MESSAGE: for the spine cases outside your scope, we co-manage: your patient stays yours, our spine team handles just the spine problem, notes back to you every visit. ASK: “Send us a handful — let us show you what we're about.” Leave one-pager + direct line; log who you met."
ff103539-b3cc-494b-9fec-e29f5fb4e469,Alliance Washington Township,Coty,Prospect,Wave 2,PCP,Visit / Prospect,0,0,,2,COMM-LIKELY,PCP — commercial/Medicare-likely; confirm HMO share (BCN/HAP/McLaren/Priority HMO need PCP referral — we handle that),Heuristic — verify — intake (Kelly) verifies Tier 1 first; NOT confirmed,Payer: commercial/Medicare-likely — HMO referrals handled with your staff.,"OPEN: introduce Synergy spine — integrated ortho + spine, deep bench, conservative-first. MESSAGE: your patients with back or neck pain get seen the same week — imaging, conservative care, interventional and surgical under one roof, and we handle HMO referral paperwork with your staff. ASK: “Send us a handful — let us show you what we're about.” Leave one-pager + direct line; log who you met."
1447235015,AMG Oak Park Medical Center,Coty,Prospect,Wave 2,PCP,Visit / Prospect,0,0,,2,COMM-LIKELY,PCP — commercial/Medicare-likely; confirm HMO share (BCN/HAP/McLaren/Priority HMO need PCP referral — we handle that),Heuristic — verify — intake (Kelly) verifies Tier 1 first; NOT confirmed,Payer: commercial/Medicare-likely — HMO referrals handled with your staff.,"OPEN: introduce Synergy spine — integrated ortho + spine, deep bench, conservative-first. MESSAGE: your patients with back or neck pain get seen the same week — imaging, conservative care, interventional and surgical under one roof, and we handle HMO referral paperwork with your staff. ASK: “Send us a handful — let us show you what we're about.” Leave one-pager + direct line; log who you met."
ff141e2c-04dd-45c4-beb5-914790640293,Amro Shata MD,Coty,Prospect,Wave 2,PCP,Visit / Prospect,0,0,,1,COMM-LIKELY,PCP — commercial/Medicare-likely; confirm HMO share (BCN/HAP/McLaren/Priority HMO need PCP referral — we handle that),Heuristic — verify — intake (Kelly) verifies Tier 1 first; NOT confirmed,Payer: commercial/Medicare-likely — HMO referrals handled with your staff.,"OPEN: introduce Synergy spine — integrated ortho + spine, deep bench, conservative-first. MESSAGE: your patients with back or neck pain get seen the same week — imaging, conservative care, interventional and surgical under one roof, and we handle HMO referral paperwork with your staff. ASK: “Send us a handful — let us show you what we're about.” Leave one-pager + direct line; log who you met."
96920148-57be-4764-88fe-0131ee3733e7,Arora Hand Surgery - Warren,Coty,Prospect,Wave 2,Orthopedic,Visit / Prospect,0,0,,2,COMM-LIKELY,Private specialty practice — commercial/Medicare-likely (QUALIFIED); confirm,Heuristic — verify — intake (Kelly) verifies Tier 1 first; NOT confirmed,Payer: commercial/Medicare-likely — HMO referrals handled with your staff.,"OPEN: introduce Synergy spine — integrated ortho + spine, deep bench, conservative-first. MESSAGE: for the spine cases outside your scope, we co-manage: your patient stays yours, our spine team handles just the spine problem, notes back to you every visit. ASK: “Send us a handful — let us show you what we're about.” Leave one-pager + direct line; log who you met."
d012f6c8-f44d-46a5-9f8e-b3b522de7d83,Arthritis Physicians,Coty,Prospect,Wave 2,Pain,Visit / Prospect,0,0,,7,COMM-LIKELY,Private specialty practice — commercial/Medicare-likely (QUALIFIED); confirm,Heuristic — verify — intake (Kelly) verifies Tier 1 first; NOT confirmed,Payer: commercial/Medicare-likely — HMO referrals handled with your staff.,"OPEN: introduce Synergy spine — integrated ortho + spine, deep bench, conservative-first. MESSAGE: two-way partnership — we send conservative-first candidates to you, you send surgical-escalation candidates to our spine surgeons; both get seen same-week. ASK: “Send us a handful — let us show you what we're about.” Leave one-pager + direct line; log who you met."
c796443f-9c0a-4e5d-9f5a-df76d3e311bc,Ascension Providence Partners in Womens Health,Coty,Prospect,Wave 2,Pain,Visit / Prospect,0,0,,4,MIXED-SYSTEM,Hospital-system site — mixed commercial + Medicare + some Medicaid; qualified with intake screening,Heuristic — verify — intake (Kelly) verifies Tier 1 first; NOT confirmed,Payer: mixed panel — screen at intake; HMO plans need PCP referral (we assist).,"OPEN: introduce Synergy spine — integrated ortho + spine, deep bench, conservative-first. MESSAGE: two-way partnership — we send conservative-first candidates to you, you send surgical-escalation candidates to our spine surgeons; both get seen same-week. ASK: “Send us a handful — let us show you what we're about.” Leave one-pager + direct line; log who you met."
0cb7fa62-086e-4ade-98e1-7e6fd0b8c26c,Associates In Physical Medicine & Rehabilitation,Coty,Prospect,Wave 2,Orthopedic,Visit / Prospect,0,0,,13,COMM-LIKELY,Private specialty practice — commercial/Medicare-likely (QUALIFIED); confirm,Heuristic — verify — intake (Kelly) verifies Tier 1 first; NOT confirmed,Payer: commercial/Medicare-likely — HMO referrals handled with your staff.,"OPEN: introduce Synergy spine — integrated ortho + spine, deep bench, conservative-first. MESSAGE: for the spine cases outside your scope, we co-manage: your patient stays yours, our spine team handles just the spine problem, notes back to you every visit. ASK: “Send us a handful — let us show you what we're about.” Leave one-pager + direct line; log who you met."
aaded854-5fe8-4282-b99d-3af289b977e0,Back & Pain Center (UofM) at Burlington Bldg,Coty,Prospect,Wave 2,Pain,Visit / Prospect,0,0,,3,COMM-LIKELY,Private specialty practice — commercial/Medicare-likely (QUALIFIED); confirm,Heuristic — verify — intake (Kelly) verifies Tier 1 first; NOT confirmed,Payer: commercial/Medicare-likely — HMO referrals handled with your staff.,"OPEN: introduce Synergy spine — integrated ortho + spine, deep bench, conservative-first. MESSAGE: two-way partnership — we send conservative-first candidates to you, you send surgical-escalation candidates to our spine surgeons; both get seen same-week. ASK: “Send us a handful — let us show you what we're about.” Leave one-pager + direct line; log who you met."
9b89a7a8-da80-4dca-b2b1-c0ea3569c950,Balanced Living Chiropractic,Coty,Prospect,Wave 2,Chiropractor,Visit / Prospect,0,0,,1,COMM-WCPI,Chiro — commercial + WC/PI mix (QUALIFIED); screen auto/WC liens,Heuristic — verify — intake (Kelly) verifies Tier 1 first; NOT confirmed,Payer: commercial + auto/WC liens welcome; screen Medicaid share.,"OPEN: introduce Synergy spine — integrated ortho + spine, deep bench, conservative-first. MESSAGE: co-management for patients who plateau — imaging access, interventional options, surgical consults when warranted, and every patient returns to your care plan with notes. ASK: “Send us a handful — let us show you what we're about.” Leave one-pager + direct line; log who you met."
1609867985,Beaumont Neurosurgery,Coty,Prospect,Wave 2,Orthopedic,Visit / Prospect,0,0,,1,MIXED-SYSTEM,Hospital-system site — mixed commercial + Medicare + some Medicaid; qualified with intake screening,Heuristic — verify — intake (Kelly) verifies Tier 1 first; NOT confirmed,Payer: mixed panel — screen at intake; HMO plans need PCP referral (we assist).,"OPEN: introduce Synergy spine — integrated ortho + spine, deep bench, conservative-first. MESSAGE: for the spine cases outside your scope, we co-manage: your patient stays yours, our spine team handles just the spine problem, notes back to you every visit. ASK: “Send us a handful — let us show you what we're about.” Leave one-pager + direct line; log who you met."
1619959566,Beaumont Royal Oak - Physical Medicine & Rehabilitation,Coty,Prospect,Wave 2,Orthopedic,Visit / Prospect,0,0,,2,MIXED-SYSTEM,Hospital-system site — mixed commercial + Medicare + some Medicaid; qualified with intake screening,Heuristic — verify — intake (Kelly) verifies Tier 1 first; NOT confirmed,Payer: mixed panel — screen at intake; HMO plans need PCP referral (we assist).,"OPEN: introduce Synergy spine — integrated ortho + spine, deep bench, conservative-first. MESSAGE: for the spine cases outside your scope, we co-manage: your patient stays yours, our spine team handles just the spine problem, notes back to you every visit. ASK: “Send us a handful — let us show you what we're about.” Leave one-pager + direct line; log who you met."
1023224664,Berkley Medical Center,Coty,Prospect,Wave 2,Urgent Care,Visit / Prospect,0,0,,1,MIXED-WALKIN,Walk-in panel — mixed payers; qualified with intake screening,Heuristic — verify — intake (Kelly) verifies Tier 1 first; NOT confirmed,Payer: walk-in mix — intake screens each referral; commercial/Medicare flow same-week.,"OPEN: introduce Synergy spine — integrated ortho + spine, deep bench, conservative-first. MESSAGE: an acute back/neck pathway: your discharge sheet can book a spine evaluation the same week — one number, we take it from there. ASK: “Send us a handful — let us show you what we're about.” Leave one-pager + direct line; log who you met."
6e459635-80de-49eb-9451-991fd22dfb56,Blanzy Corwell clinic Southgate,Coty,Prospect,Wave 2,PCP,Visit / Prospect,0,0,,6,COMM-LIKELY,PCP — commercial/Medicare-likely; confirm HMO share (BCN/HAP/McLaren/Priority HMO need PCP referral — we handle that),Heuristic — verify — intake (Kelly) verifies Tier 1 first; NOT confirmed,Payer: commercial/Medicare-likely — HMO referrals handled with your staff.,"OPEN: introduce Synergy spine — integrated ortho + spine, deep bench, conservative-first. MESSAGE: your patients with back or neck pain get seen the same week — imaging, conservative care, interventional and surgical under one roof, and we handle HMO referral paperwork with your staff. ASK: “Send us a handful — let us show you what we're about.” Leave one-pager + direct line; log who you met."
da7a2e70-7373-4808-9950-99c98f41d55e,Blue Water Pain Specialists - Macomb,Coty,Prospect,Wave 2,Orthopedic,Visit / Prospect,0,0,,0,COMM-LIKELY,Private specialty practice — commercial/Medicare-likely (QUALIFIED); confirm,Heuristic — verify — intake (Kelly) verifies Tier 1 first; NOT confirmed,Payer: commercial/Medicare-likely — HMO referrals handled with your staff.,"OPEN: introduce Synergy spine — integrated ortho + spine, deep bench, conservative-first. MESSAGE: for the spine cases outside your scope, we co-manage: your patient stays yours, our spine team handles just the spine problem, notes back to you every visit. ASK: “Send us a handful — let us show you what we're about.” Leave one-pager + direct line; log who you met."
80d59d4a-83b2-4eff-a6a5-58214e7bf1ba,Blue Water Pain Specialists - St Clair Shores,Coty,Prospect,Wave 2,Pain,Visit / Prospect,0,0,,4,COMM-LIKELY,Private specialty practice — commercial/Medicare-likely (QUALIFIED); confirm,Heuristic — verify — intake (Kelly) verifies Tier 1 first; NOT confirmed,Payer: commercial/Medicare-likely — HMO referrals handled with your staff.,"OPEN: introduce Synergy spine — integrated ortho + spine, deep bench, conservative-first. MESSAGE: two-way partnership — we send conservative-first candidates to you, you send surgical-escalation candidates to our spine surgeons; both get seen same-week. ASK: “Send us a handful — let us show you what we're about.” Leave one-pager + direct line; log who you met."
860f31e0-1a7c-49eb-a6ce-f5a3914936ba,Center for Orthopedic Surgery,Coty,Prospect,Wave 2,Orthopedic,Visit / Prospect,0,0,,3,COMM-LIKELY,Private specialty practice — commercial/Medicare-likely (QUALIFIED); confirm,Heuristic — verify — intake (Kelly) verifies Tier 1 first; NOT confirmed,Payer: commercial/Medicare-likely — HMO referrals handled with your staff.,"OPEN: introduce Synergy spine — integrated ortho + spine, deep bench, conservative-first. MESSAGE: for the spine cases outside your scope, we co-manage: your patient stays yours, our spine team handles just the spine problem, notes back to you every visit. ASK: “Send us a handful — let us show you what we're about.” Leave one-pager + direct line; log who you met."
18-488-0404,Center For Physical Medicine & Rehabilitation - Warren,Coty,Prospect,Wave 2,Orthopedic,Visit / Prospect,0,0,,8,COMM-LIKELY,Private specialty practice — commercial/Medicare-likely (QUALIFIED); confirm,Heuristic — verify — intake (Kelly) verifies Tier 1 first; NOT confirmed,Payer: commercial/Medicare-likely — HMO referrals handled with your staff.,"OPEN: introduce Synergy spine — integrated ortho + spine, deep bench, conservative-first. MESSAGE: for the spine cases outside your scope, we co-manage: your patient stays yours, our spine team handles just the spine problem, notes back to you every visit. ASK: “Send us a handful — let us show you what we're about.” Leave one-pager + direct line; log who you met."
1023116068,Center for Preventative Medicine,Coty,Prospect,Wave 2,Pain,Visit / Prospect,0,0,,10,COMM-LIKELY,Private specialty practice — commercial/Medicare-likely (QUALIFIED); confirm,Heuristic — verify — intake (Kelly) verifies Tier 1 first; NOT confirmed,Payer: commercial/Medicare-likely — HMO referrals handled with your staff.,"OPEN: introduce Synergy spine — integrated ortho + spine, deep bench, conservative-first. MESSAGE: two-way partnership — we send conservative-first candidates to you, you send surgical-escalation candidates to our spine surgeons; both get seen same-week. ASK: “Send us a handful — let us show you what we're about.” Leave one-pager + direct line; log who you met."
42caeada-e3af-49fd-ab98-cc39cf1a5ffe,Chelsea Physical Medicine & Rehabilitation Specialists,Coty,Prospect,Wave 2,Orthopedic,Visit / Prospect,0,0,,4,COMM-LIKELY,Private specialty practice — commercial/Medicare-likely (QUALIFIED); confirm,Heuristic — verify — intake (Kelly) verifies Tier 1 first; NOT confirmed,Payer: commercial/Medicare-likely — HMO referrals handled with your staff.,"OPEN: introduce Synergy spine — integrated ortho + spine, deep bench, conservative-first. MESSAGE: for the spine cases outside your scope, we co-manage: your patient stays yours, our spine team handles just the spine problem, notes back to you every visit. ASK: “Send us a handful — let us show you what we're about.” Leave one-pager + direct line; log who you met."
fa76c755-e677-4007-b491-b3f43d925c89,Cheryl Lerchin MD Physical Medicine & Rehabilitation,Coty,Prospect,Wave 2,Pain,Visit / Prospect,0,0,,1,COMM-LIKELY,Private specialty practice — commercial/Medicare-likely (QUALIFIED); confirm,Heuristic — verify — intake (Kelly) verifies Tier 1 first; NOT confirmed,Payer: commercial/Medicare-likely — HMO referrals handled with your staff.,"OPEN: introduce Synergy spine — integrated ortho + spine, deep bench, conservative-first. MESSAGE: two-way partnership — we send conservative-first candidates to you, you send surgical-escalation candidates to our spine surgeons; both get seen same-week. ASK: “Send us a handful — let us show you what we're about.” Leave one-pager + direct line; log who you met."
a34e03bd-5e1f-470d-9d27-0ae0f937dea0,Clarkston Family Medicine,Coty,Prospect,Wave 2,PCP,Visit / Prospect,0,0,,2,COMM-LIKELY,PCP — commercial/Medicare-likely; confirm HMO share (BCN/HAP/McLaren/Priority HMO need PCP referral — we handle that),Heuristic — verify — intake (Kelly) verifies Tier 1 first; NOT confirmed,Payer: commercial/Medicare-likely — HMO referrals handled with your staff.,"OPEN: introduce Synergy spine — integrated ortho + spine, deep bench, conservative-first. MESSAGE: your patients with back or neck pain get seen the same week — imaging, conservative care, interventional and surgical under one roof, and we handle HMO referral paperwork with your staff. ASK: “Send us a handful — let us show you what we're about.” Leave one-pager + direct line; log who you met."
ee3a65be-8491-4075-a06b-3a17b7545316,Clarkston Internal Medicine,Coty,Prospect,Wave 2,PCP,Visit / Prospect,0,0,,4,COMM-LIKELY,PCP — commercial/Medicare-likely; confirm HMO share (BCN/HAP/McLaren/Priority HMO need PCP referral — we handle that),Heuristic — verify — intake (Kelly) verifies Tier 1 first; NOT confirmed,Payer: commercial/Medicare-likely — HMO referrals handled with your staff.,"OPEN: introduce Synergy spine — integrated ortho + spine, deep bench, conservative-first. MESSAGE: your patients with back or neck pain get seen the same week — imaging, conservative care, interventional and surgical under one roof, and we handle HMO referral paperwork with your staff. ASK: “Send us a handful — let us show you what we're about.” Leave one-pager + direct line; log who you met."
d606572a-912c-4bad-b906-c9a8d0479eff,Clarkston Medical Group - Oxford,Coty,Prospect,Wave 2,Pain,Visit / Prospect,0,0,,4,COMM-LIKELY,Private specialty practice — commercial/Medicare-likely (QUALIFIED); confirm,Heuristic — verify — intake (Kelly) verifies Tier 1 first; NOT confirmed,Payer: commercial/Medicare-likely — HMO referrals handled with your staff.,"OPEN: introduce Synergy spine — integrated ortho + spine, deep bench, conservative-first. MESSAGE: two-way partnership — we send conservative-first candidates to you, you send surgical-escalation candidates to our spine surgeons; both get seen same-week. ASK: “Send us a handful — let us show you what we're about.” Leave one-pager + direct line; log who you met."
ce685188-7389-475f-adc2-61a7a28d1072,Clarkston Pain & Rehab,Coty,Prospect,Wave 2,Orthopedic,Visit / Prospect,0,0,,2,COMM-LIKELY,Private specialty practice — commercial/Medicare-likely (QUALIFIED); confirm,Heuristic — verify — intake (Kelly) verifies Tier 1 first; NOT confirmed,Payer: commercial/Medicare-likely — HMO referrals handled with your staff.,"OPEN: introduce Synergy spine — integrated ortho + spine, deep bench, conservative-first. MESSAGE: for the spine cases outside your scope, we co-manage: your patient stays yours, our spine team handles just the spine problem, notes back to you every visit. ASK: “Send us a handful — let us show you what we're about.” Leave one-pager + direct line; log who you met."
e306805a-712e-4203-9077-c434875349fc,Core Institute - Brighton,Coty,Prospect,Wave 2,Orthopedic,Visit / Prospect,0,0,,5,COMM-LIKELY,Private specialty practice — commercial/Medicare-likely (QUALIFIED); confirm,Heuristic — verify — intake (Kelly) verifies Tier 1 first; NOT confirmed,Payer: commercial/Medicare-likely — HMO referrals handled with your staff.,"OPEN: introduce Synergy spine — integrated ortho + spine, deep bench, conservative-first. MESSAGE: for the spine cases outside your scope, we co-manage: your patient stays yours, our spine team handles just the spine problem, notes back to you every visit. ASK: “Send us a handful — let us show you what we're about.” Leave one-pager + direct line; log who you met."
04479e76-ae4d-4d52-886f-d3d8ecc2072f,Corewell Center for Pain Management,Coty,Prospect,Wave 2,Pain,Visit / Prospect,0,0,,9,MIXED-SYSTEM,Hospital-system site — mixed commercial + Medicare + some Medicaid; qualified with intake screening,Heuristic — verify — intake (Kelly) verifies Tier 1 first; NOT confirmed,Payer: mixed panel — screen at intake; HMO plans need PCP referral (we assist).,"OPEN: introduce Synergy spine — integrated ortho + spine, deep bench, conservative-first. MESSAGE: two-way partnership — we send conservative-first candidates to you, you send surgical-escalation candidates to our spine surgeons; both get seen same-week. ASK: “Send us a handful — let us show you what we're about.” Leave one-pager + direct line; log who you met."
172f7e80-1532-4f45-8c82-d3d09547c86d,David S Hollett MD,Coty,Prospect,Wave 2,PCP,Visit / Prospect,0,0,,1,COMM-LIKELY,PCP — commercial/Medicare-likely; confirm HMO share (BCN/HAP/McLaren/Priority HMO need PCP referral — we handle that),Heuristic — verify — intake (Kelly) verifies Tier 1 first; NOT confirmed,Payer: commercial/Medicare-likely — HMO referrals handled with your staff.,"OPEN: introduce Synergy spine — integrated ortho + spine, deep bench, conservative-first. MESSAGE: your patients with back or neck pain get seen the same week — imaging, conservative care, interventional and surgical under one roof, and we handle HMO referral paperwork with your staff. ASK: “Send us a handful — let us show you what we're about.” Leave one-pager + direct line; log who you met."
1619909793,Dennis G Kelly DO,Coty,Prospect,Wave 2,Orthopedic,Visit / Prospect,0,0,,1,COMM-LIKELY,Private specialty practice — commercial/Medicare-likely (QUALIFIED); confirm,Heuristic — verify — intake (Kelly) verifies Tier 1 first; NOT confirmed,Payer: commercial/Medicare-likely — HMO referrals handled with your staff.,"OPEN: introduce Synergy spine — integrated ortho + spine, deep bench, conservative-first. MESSAGE: for the spine cases outside your scope, we co-manage: your patient stays yours, our spine team handles just the spine problem, notes back to you every visit. ASK: “Send us a handful — let us show you what we're about.” Leave one-pager + direct line; log who you met."
c48a8a2e-4d60-4a18-8000-3f3dea9cf03a,"DEVYANI KHAMBETE, MD, PC",Coty,Prospect,Wave 2,Orthopedic,Visit / Prospect,0,0,,4,COMM-LIKELY,Private specialty practice — commercial/Medicare-likely (QUALIFIED); confirm,Heuristic — verify — intake (Kelly) verifies Tier 1 first; NOT confirmed,Payer: commercial/Medicare-likely — HMO referrals handled with your staff.,"OPEN: introduce Synergy spine — integrated ortho + spine, deep bench, conservative-first. MESSAGE: for the spine cases outside your scope, we co-manage: your patient stays yours, our spine team handles just the spine problem, notes back to you every visit. ASK: “Send us a handful — let us show you what we're about.” Leave one-pager + direct line; log who you met."
24c37a8d-e3f3-4cd2-a704-ebb3e7739d4a,Dixie Highway Internal Medicine,Coty,Prospect,Wave 2,PCP,Visit / Prospect,0,0,,2,COMM-LIKELY,PCP — commercial/Medicare-likely; confirm HMO share (BCN/HAP/McLaren/Priority HMO need PCP referral — we handle that),Heuristic — verify — intake (Kelly) verifies Tier 1 first; NOT confirmed,Payer: commercial/Medicare-likely — HMO referrals handled with your staff.,"OPEN: introduce Synergy spine — integrated ortho + spine, deep bench, conservative-first. MESSAGE: your patients with back or neck pain get seen the same week — imaging, conservative care, interventional and surgical under one roof, and we handle HMO referral paperwork with your staff. ASK: “Send us a handful — let us show you what we're about.” Leave one-pager + direct line; log who you met."
d361f230-715e-4c7e-87a9-bf50246f42f4,Eastside Neurosurgery - Macomb,Coty,Prospect,Wave 2,Orthopedic,Visit / Prospect,0,0,,3,COMM-LIKELY,Private specialty practice — commercial/Medicare-likely (QUALIFIED); confirm,Heuristic — verify — intake (Kelly) verifies Tier 1 first; NOT confirmed,Payer: commercial/Medicare-likely — HMO referrals handled with your staff.,"OPEN: introduce Synergy spine — integrated ortho + spine, deep bench, conservative-first. MESSAGE: for the spine cases outside your scope, we co-manage: your patient stays yours, our spine team handles just the spine problem, notes back to you every visit. ASK: “Send us a handful — let us show you what we're about.” Leave one-pager + direct line; log who you met."
54898915-220c-4900-ba07-febdcdb005c0,"Edward A. Tashjian, MD - Clarkston",Coty,Prospect,Wave 2,Orthopedic,Visit / Prospect,0,0,,1,COMM-LIKELY,Private specialty practice — commercial/Medicare-likely (QUALIFIED); confirm,Heuristic — verify — intake (Kelly) verifies Tier 1 first; NOT confirmed,Payer: commercial/Medicare-likely — HMO referrals handled with your staff.,"OPEN: introduce Synergy spine — integrated ortho + spine, deep bench, conservative-first. MESSAGE: for the spine cases outside your scope, we co-manage: your patient stays yours, our spine team handles just the spine problem, notes back to you every visit. ASK: “Send us a handful — let us show you what we're about.” Leave one-pager + direct line; log who you met."
10-607-8064,Enhance Center - Livonia,Coty,Prospect,Wave 2,Orthopedic,Visit / Prospect,0,0,,6,COMM-LIKELY,Private specialty practice — commercial/Medicare-likely (QUALIFIED); confirm,Heuristic — verify — intake (Kelly) verifies Tier 1 first; NOT confirmed,Payer: commercial/Medicare-likely — HMO referrals handled with your staff.,"OPEN: introduce Synergy spine — integrated ortho + spine, deep bench, conservative-first. MESSAGE: for the spine cases outside your scope, we co-manage: your patient stays yours, our spine team handles just the spine problem, notes back to you every visit. ASK: “Send us a handful — let us show you what we're about.” Leave one-pager + direct line; log who you met."
f5b10e96-2444-4c72-b938-1004495c7ee3,Ernest Chiodo MD,Coty,Prospect,Wave 2,PCP,Visit / Prospect,0,0,,2,COMM-LIKELY,PCP — commercial/Medicare-likely; confirm HMO share (BCN/HAP/McLaren/Priority HMO need PCP referral — we handle that),Heuristic — verify — intake (Kelly) verifies Tier 1 first; NOT confirmed,Payer: commercial/Medicare-likely — HMO referrals handled with your staff.,"OPEN: introduce Synergy spine — integrated ortho + spine, deep bench, conservative-first. MESSAGE: your patients with back or neck pain get seen the same week — imaging, conservative care, interventional and surgical under one roof, and we handle HMO referral paperwork with your staff. ASK: “Send us a handful — let us show you what we're about.” Leave one-pager + direct line; log who you met."
1679671416,Family Medicine & Wellness,Coty,Prospect,Wave 2,PCP,Visit / Prospect,0,0,,1,COMM-LIKELY,PCP — commercial/Medicare-likely; confirm HMO share (BCN/HAP/McLaren/Priority HMO need PCP referral — we handle that),Heuristic — verify — intake (Kelly) verifies Tier 1 first; NOT confirmed,Payer: commercial/Medicare-likely — HMO referrals handled with your staff.,"OPEN: introduce Synergy spine — integrated ortho + spine, deep bench, conservative-first. MESSAGE: your patients with back or neck pain get seen the same week — imaging, conservative care, interventional and surgical under one roof, and we handle HMO referral paperwork with your staff. ASK: “Send us a handful — let us show you what we're about.” Leave one-pager + direct line; log who you met."
1a331ee5-5b2d-4703-a28c-28bea6ff2711,Flint Children’s Center,Coty,Prospect,Wave 2,Pain,Visit / Prospect,0,0,,4,COMM-LIKELY,Private specialty practice — commercial/Medicare-likely (QUALIFIED); confirm,Heuristic — verify — intake (Kelly) verifies Tier 1 first; NOT confirmed,Payer: commercial/Medicare-likely — HMO referrals handled with your staff.,"OPEN: introduce Synergy spine — integrated ortho + spine, deep bench, conservative-first. MESSAGE: two-way partnership — we send conservative-first candidates to you, you send surgical-escalation candidates to our spine surgeons; both get seen same-week. ASK: “Send us a handful — let us show you what we're about.” Leave one-pager + direct line; log who you met."
1356499800,"George Afram MD,",Coty,Prospect,Wave 2,PCP,Visit / Prospect,0,0,,1,COMM-LIKELY,PCP — commercial/Medicare-likely; confirm HMO share (BCN/HAP/McLaren/Priority HMO need PCP referral — we handle that),Heuristic — verify — intake (Kelly) verifies Tier 1 first; NOT confirmed,Payer: commercial/Medicare-likely — HMO referrals handled with your staff.,"OPEN: introduce Synergy spine — integrated ortho + spine, deep bench, conservative-first. MESSAGE: your patients with back or neck pain get seen the same week — imaging, conservative care, interventional and surgical under one roof, and we handle HMO referral paperwork with your staff. ASK: “Send us a handful — let us show you what we're about.” Leave one-pager + direct line; log who you met."
7f81b39e-98cc-4f50-a8d8-daebc492d381,Gilead Pain Care,Coty,Prospect,Wave 2,Pain,Visit / Prospect,0,0,,2,COMM-LIKELY,Private specialty practice — commercial/Medicare-likely (QUALIFIED); confirm,Heuristic — verify — intake (Kelly) verifies Tier 1 first; NOT confirmed,Payer: commercial/Medicare-likely — HMO referrals handled with your staff.,"OPEN: introduce Synergy spine — integrated ortho + spine, deep bench, conservative-first. MESSAGE: two-way partnership — we send conservative-first candidates to you, you send surgical-escalation candidates to our spine surgeons; both get seen same-week. ASK: “Send us a handful — let us show you what we're about.” Leave one-pager + direct line; log who you met."
a29bc662-1f09-48ea-a1f5-efe24cc01eeb,Great Lakes Medicine,Coty,Prospect,Wave 2,ER / Hospital,Visit / Prospect,0,0,,4,COMM-LIKELY,PCP — commercial/Medicare-likely; confirm HMO share (BCN/HAP/McLaren/Priority HMO need PCP referral — we handle that),Heuristic — verify — intake (Kelly) verifies Tier 1 first; NOT confirmed,Payer: commercial/Medicare-likely — HMO referrals handled with your staff.,"OPEN: introduce Synergy spine — integrated ortho + spine, deep bench, conservative-first. MESSAGE: non-emergent spine follow-ups discharged today can hold a same-week clinic slot instead of bouncing back to the ED. ASK: “Send us a handful — let us show you what we're about.” Leave one-pager + direct line; log who you met."
4b39f47f-6abb-45b1-8b68-a52d1217f9c1,Greater Michigan Orthopedics,Coty,Prospect,Wave 2,Orthopedic,Visit / Prospect,0,0,,6,COMM-LIKELY,Private specialty practice — commercial/Medicare-likely (QUALIFIED); confirm,Heuristic — verify — intake (Kelly) verifies Tier 1 first; NOT confirmed,Payer: commercial/Medicare-likely — HMO referrals handled with your staff.,"OPEN: introduce Synergy spine — integrated ortho + spine, deep bench, conservative-first. MESSAGE: for the spine cases outside your scope, we co-manage: your patient stays yours, our spine team handles just the spine problem, notes back to you every visit. ASK: “Send us a handful — let us show you what we're about.” Leave one-pager + direct line; log who you met."
1bdbcaac-c199-419d-b5a3-2b7eab4315d3,Gregory Gould DO,Coty,Prospect,Wave 2,PCP,Visit / Prospect,0,0,,3,COMM-LIKELY,PCP — commercial/Medicare-likely; confirm HMO share (BCN/HAP/McLaren/Priority HMO need PCP referral — we handle that),Heuristic — verify — intake (Kelly) verifies Tier 1 first; NOT confirmed,Payer: commercial/Medicare-likely — HMO referrals handled with your staff.,"OPEN: introduce Synergy spine — integrated ortho + spine, deep bench, conservative-first. MESSAGE: your patients with back or neck pain get seen the same week — imaging, conservative care, interventional and surgical under one roof, and we handle HMO referral paperwork with your staff. ASK: “Send us a handful — let us show you what we're about.” Leave one-pager + direct line; log who you met."
9e86ca6f-890b-4eaa-9974-d1f7c4f09a2c,HARTLAND PEDIATRICS,Coty,Prospect,Wave 2,Orthopedic,Visit / Prospect,0,0,,3,COMM-LIKELY,Private specialty practice — commercial/Medicare-likely (QUALIFIED); confirm,Heuristic — verify — intake (Kelly) verifies Tier 1 first; NOT confirmed,Payer: commercial/Medicare-likely — HMO referrals handled with your staff.,"OPEN: introduce Synergy spine — integrated ortho + spine, deep bench, conservative-first. MESSAGE: for the spine cases outside your scope, we co-manage: your patient stays yours, our spine team handles just the spine problem, notes back to you every visit. ASK: “Send us a handful — let us show you what we're about.” Leave one-pager + direct line; log who you met."
c3b6301b-b3bc-474d-9ddd-d21fd2c40797,Health First Medical Center,Coty,Prospect,Wave 2,PCP,Visit / Prospect,0,0,,4,COMM-LIKELY,PCP — commercial/Medicare-likely; confirm HMO share (BCN/HAP/McLaren/Priority HMO need PCP referral — we handle that),Heuristic — verify — intake (Kelly) verifies Tier 1 first; NOT confirmed,Payer: commercial/Medicare-likely — HMO referrals handled with your staff.,"OPEN: introduce Synergy spine — integrated ortho + spine, deep bench, conservative-first. MESSAGE: your patients with back or neck pain get seen the same week — imaging, conservative care, interventional and surgical under one roof, and we handle HMO referral paperwork with your staff. ASK: “Send us a handful — let us show you what we're about.” Leave one-pager + direct line; log who you met."
7e174398-087f-41d2-8f79-7c1a94c070e5,Henry Ford Macomb Orthopedic Surgery - Washington,Coty,Prospect,Wave 2,Orthopedic,Visit / Prospect,0,0,,4,MIXED-SYSTEM,Hospital-system site — mixed commercial + Medicare + some Medicaid; qualified with intake screening,Heuristic — verify — intake (Kelly) verifies Tier 1 first; NOT confirmed,Payer: mixed panel — screen at intake; HMO plans need PCP referral (we assist).,"OPEN: introduce Synergy spine — integrated ortho + spine, deep bench, conservative-first. MESSAGE: for the spine cases outside your scope, we co-manage: your patient stays yours, our spine team handles just the spine problem, notes back to you every visit. ASK: “Send us a handful — let us show you what we're about.” Leave one-pager + direct line; log who you met."
118d4718-8c24-42b0-ae12-a1975f146750,Henry Ford Macomb Orthopedics - Chesterfield,Coty,Prospect,Wave 2,Orthopedic,Visit / Prospect,0,0,,11,MIXED-SYSTEM,Hospital-system site — mixed commercial + Medicare + some Medicaid; qualified with intake screening,Heuristic — verify — intake (Kelly) verifies Tier 1 first; NOT confirmed,Payer: mixed panel — screen at intake; HMO plans need PCP referral (we assist).,"OPEN: introduce Synergy spine — integrated ortho + spine, deep bench, conservative-first. MESSAGE: for the spine cases outside your scope, we co-manage: your patient stays yours, our spine team handles just the spine problem, notes back to you every visit. ASK: “Send us a handful — let us show you what we're about.” Leave one-pager + direct line; log who you met."
6900d9f0-9d28-423a-98a4-281fb9ac13c1,IHA Ann Arbor Orthpaedic Specialists,Coty,Prospect,Wave 2,Orthopedic,Visit / Prospect,0,0,,9,COMM-LIKELY,Private specialty practice — commercial/Medicare-likely (QUALIFIED); confirm,Heuristic — verify — intake (Kelly) verifies Tier 1 first; NOT confirmed,Payer: commercial/Medicare-likely — HMO referrals handled with your staff.,"OPEN: introduce Synergy spine — integrated ortho + spine, deep bench, conservative-first. MESSAGE: for the spine cases outside your scope, we co-manage: your patient stays yours, our spine team handles just the spine problem, notes back to you every visit. ASK: “Send us a handful — let us show you what we're about.” Leave one-pager + direct line; log who you met."
aaaaf0e6-b931-49ae-be22-319368bfc366,IHA Hand Surgery - Brighton,Coty,Prospect,Wave 2,Orthopedic,Visit / Prospect,0,0,,3,COMM-LIKELY,Private specialty practice — commercial/Medicare-likely (QUALIFIED); confirm,Heuristic — verify — intake (Kelly) verifies Tier 1 first; NOT confirmed,Payer: commercial/Medicare-likely — HMO referrals handled with your staff.,"OPEN: introduce Synergy spine — integrated ortho + spine, deep bench, conservative-first. MESSAGE: for the spine cases outside your scope, we co-manage: your patient stays yours, our spine team handles just the spine problem, notes back to you every visit. ASK: “Send us a handful — let us show you what we're about.” Leave one-pager + direct line; log who you met."
15d65642-ae9b-4744-8746-800525bb12a4,Independence Urgent Care,Coty,Prospect,Wave 2,Urgent Care,Visit / Prospect,0,0,,2,MIXED-WALKIN,Walk-in panel — mixed payers; qualified with intake screening,Heuristic — verify — intake (Kelly) verifies Tier 1 first; NOT confirmed,Payer: walk-in mix — intake screens each referral; commercial/Medicare flow same-week.,"OPEN: introduce Synergy spine — integrated ortho + spine, deep bench, conservative-first. MESSAGE: an acute back/neck pathway: your discharge sheet can book a spine evaluation the same week — one number, we take it from there. ASK: “Send us a handful — let us show you what we're about.” Leave one-pager + direct line; log who you met."
b1af47a2-8b95-4560-97d6-d870e4474dac,Jolly Neurological Clinic,Coty,Prospect,Wave 2,Pain,Visit / Prospect,0,0,,1,COMM-LIKELY,Private specialty practice — commercial/Medicare-likely (QUALIFIED); confirm,Heuristic — verify — intake (Kelly) verifies Tier 1 first; NOT confirmed,Payer: commercial/Medicare-likely — HMO referrals handled with your staff.,"OPEN: introduce Synergy spine — integrated ortho + spine, deep bench, conservative-first. MESSAGE: two-way partnership — we send conservative-first candidates to you, you send surgical-escalation candidates to our spine surgeons; both get seen same-week. ASK: “Send us a handful — let us show you what we're about.” Leave one-pager + direct line; log who you met."
3d34eacd-6be7-4b51-b56f-b3b6602651c6,Kathleen Knapp DO,Coty,Prospect,Wave 2,Orthopedic,Visit / Prospect,0,0,,2,COMM-LIKELY,Private specialty practice — commercial/Medicare-likely (QUALIFIED); confirm,Heuristic — verify — intake (Kelly) verifies Tier 1 first; NOT confirmed,Payer: commercial/Medicare-likely — HMO referrals handled with your staff.,"OPEN: introduce Synergy spine — integrated ortho + spine, deep bench, conservative-first. MESSAGE: for the spine cases outside your scope, we co-manage: your patient stays yours, our spine team handles just the spine problem, notes back to you every visit. ASK: “Send us a handful — let us show you what we're about.” Leave one-pager + direct line; log who you met."
50a5e17a-f92c-45cc-8842-9b90f70cf283,Lederman Kwartowitz - Brighton,Coty,Prospect,Wave 2,Orthopedic,Visit / Prospect,0,0,,2,COMM-LIKELY,Private specialty practice — commercial/Medicare-likely (QUALIFIED); confirm,Heuristic — verify — intake (Kelly) verifies Tier 1 first; NOT confirmed,Payer: commercial/Medicare-likely — HMO referrals handled with your staff.,"OPEN: introduce Synergy spine — integrated ortho + spine, deep bench, conservative-first. MESSAGE: for the spine cases outside your scope, we co-manage: your patient stays yours, our spine team handles just the spine problem, notes back to you every visit. ASK: “Send us a handful — let us show you what we're about.” Leave one-pager + direct line; log who you met."
7c9505b8-9a32-47d6-a489-6171ce848c9e,LMT Rehabilitation Associates - Troy,Coty,Prospect,Wave 2,Orthopedic,Visit / Prospect,0,0,,5,COMM-LIKELY,Private specialty practice — commercial/Medicare-likely (QUALIFIED); confirm,Heuristic — verify — intake (Kelly) verifies Tier 1 first; NOT confirmed,Payer: commercial/Medicare-likely — HMO referrals handled with your staff.,"OPEN: introduce Synergy spine — integrated ortho + spine, deep bench, conservative-first. MESSAGE: for the spine cases outside your scope, we co-manage: your patient stays yours, our spine team handles just the spine problem, notes back to you every visit. ASK: “Send us a handful — let us show you what we're about.” Leave one-pager + direct line; log who you met."
ff09ce61-5da4-4d5d-9ae6-7b9215731ce9,McLaren Center for Spine & Pain Management,Coty,Prospect,Wave 2,Pain,Visit / Prospect,0,0,,2,MIXED-SYSTEM,Hospital-system site — mixed commercial + Medicare + some Medicaid; qualified with intake screening,Heuristic — verify — intake (Kelly) verifies Tier 1 first; NOT confirmed,Payer: mixed panel — screen at intake; HMO plans need PCP referral (we assist).,"OPEN: introduce Synergy spine — integrated ortho + spine, deep bench, conservative-first. MESSAGE: two-way partnership — we send conservative-first candidates to you, you send surgical-escalation candidates to our spine surgeons; both get seen same-week. ASK: “Send us a handful — let us show you what we're about.” Leave one-pager + direct line; log who you met."
4d131d76-2f91-472e-bf42-c1ae3f5f7622,McLaren Macomb Family First,Coty,Prospect,Wave 2,PCP,Visit / Prospect,0,0,,16,MIXED-SYSTEM,Hospital-system site — mixed commercial + Medicare + some Medicaid; qualified with intake screening,Heuristic — verify — intake (Kelly) verifies Tier 1 first; NOT confirmed,Payer: mixed panel — screen at intake; HMO plans need PCP referral (we assist).,"OPEN: introduce Synergy spine — integrated ortho + spine, deep bench, conservative-first. MESSAGE: your patients with back or neck pain get seen the same week — imaging, conservative care, interventional and surgical under one roof, and we handle HMO referral paperwork with your staff. ASK: “Send us a handful — let us show you what we're about.” Leave one-pager + direct line; log who you met."
525a54ac-f58c-4b57-8613-958fe3e2b9fa,MDVIP Clarkston,Coty,Prospect,Wave 2,PCP,Visit / Prospect,0,0,,2,COMM-LIKELY,PCP — commercial/Medicare-likely; confirm HMO share (BCN/HAP/McLaren/Priority HMO need PCP referral — we handle that),Heuristic — verify — intake (Kelly) verifies Tier 1 first; NOT confirmed,Payer: commercial/Medicare-likely — HMO referrals handled with your staff.,"OPEN: introduce Synergy spine — integrated ortho + spine, deep bench, conservative-first. MESSAGE: your patients with back or neck pain get seen the same week — imaging, conservative care, interventional and surgical under one roof, and we handle HMO referral paperwork with your staff. ASK: “Send us a handful — let us show you what we're about.” Leave one-pager + direct line; log who you met."
3358a741-9736-494f-b1fd-4bc0dbb4de9d,MDWELL -CO,Coty,Prospect,Wave 2,PCP,Visit / Prospect,0,0,,8,COMM-LIKELY,PCP — commercial/Medicare-likely; confirm HMO share (BCN/HAP/McLaren/Priority HMO need PCP referral — we handle that),Heuristic — verify — intake (Kelly) verifies Tier 1 first; NOT confirmed,Payer: commercial/Medicare-likely — HMO referrals handled with your staff.,"OPEN: introduce Synergy spine — integrated ortho + spine, deep bench, conservative-first. MESSAGE: your patients with back or neck pain get seen the same week — imaging, conservative care, interventional and surgical under one roof, and we handle HMO referral paperwork with your staff. ASK: “Send us a handful — let us show you what we're about.” Leave one-pager + direct line; log who you met."
19d50314-6b7d-4516-94cb-e3c191c3fde1,MedSport - Ann Arbor Domino's Farms,Coty,Prospect,Wave 2,Orthopedic,Visit / Prospect,0,0,,2,COMM-LIKELY,Private specialty practice — commercial/Medicare-likely (QUALIFIED); confirm,Heuristic — verify — intake (Kelly) verifies Tier 1 first; NOT confirmed,Payer: commercial/Medicare-likely — HMO referrals handled with your staff.,"OPEN: introduce Synergy spine — integrated ortho + spine, deep bench, conservative-first. MESSAGE: for the spine cases outside your scope, we co-manage: your patient stays yours, our spine team handles just the spine problem, notes back to you every visit. ASK: “Send us a handful — let us show you what we're about.” Leave one-pager + direct line; log who you met."
c2e9f4c4-65ff-4730-abe0-7f210be0bf8f,Michigan Brain & Spine - Warren,Coty,Prospect,Wave 2,Orthopedic,Visit / Prospect,0,0,,6,COMM-LIKELY,Private specialty practice — commercial/Medicare-likely (QUALIFIED); confirm,Heuristic — verify — intake (Kelly) verifies Tier 1 first; NOT confirmed,Payer: commercial/Medicare-likely — HMO referrals handled with your staff.,"OPEN: introduce Synergy spine — integrated ortho + spine, deep bench, conservative-first. MESSAGE: for the spine cases outside your scope, we co-manage: your patient stays yours, our spine team handles just the spine problem, notes back to you every visit. ASK: “Send us a handful — let us show you what we're about.” Leave one-pager + direct line; log who you met."
390949bb-260d-424c-a141-c134cab0ae6f,Michigan Center For Regenerative Medicine,Coty,Prospect,Wave 2,Pain,Visit / Prospect,0,0,,7,COMM-LIKELY,Private specialty practice — commercial/Medicare-likely (QUALIFIED); confirm,Heuristic — verify — intake (Kelly) verifies Tier 1 first; NOT confirmed,Payer: commercial/Medicare-likely — HMO referrals handled with your staff.,"OPEN: introduce Synergy spine — integrated ortho + spine, deep bench, conservative-first. MESSAGE: two-way partnership — we send conservative-first candidates to you, you send surgical-escalation candidates to our spine surgeons; both get seen same-week. ASK: “Send us a handful — let us show you what we're about.” Leave one-pager + direct line; log who you met."
b81f18a9-01d3-4fd7-a6a3-ce068be637b7,Michigan Internal Medicine & Cardiology Associates,Coty,Prospect,Wave 2,PCP,Visit / Prospect,0,0,,2,COMM-LIKELY,PCP — commercial/Medicare-likely; confirm HMO share (BCN/HAP/McLaren/Priority HMO need PCP referral — we handle that),Heuristic — verify — intake (Kelly) verifies Tier 1 first; NOT confirmed,Payer: commercial/Medicare-likely — HMO referrals handled with your staff.,"OPEN: introduce Synergy spine — integrated ortho + spine, deep bench, conservative-first. MESSAGE: your patients with back or neck pain get seen the same week — imaging, conservative care, interventional and surgical under one roof, and we handle HMO referral paperwork with your staff. ASK: “Send us a handful — let us show you what we're about.” Leave one-pager + direct line; log who you met."
Ascension St. John Hospital�and�Beaumont Hospital-Dearborn,Michigan Neurology Associates - Clinton Township,Coty,Prospect,Wave 2,Pain,Visit / Prospect,0,0,,22,COMM-LIKELY,Private specialty practice — commercial/Medicare-likely (QUALIFIED); confirm,Heuristic — verify — intake (Kelly) verifies Tier 1 first; NOT confirmed,Payer: commercial/Medicare-likely — HMO referrals handled with your staff.,"OPEN: introduce Synergy spine — integrated ortho + spine, deep bench, conservative-first. MESSAGE: two-way partnership — we send conservative-first candidates to you, you send surgical-escalation candidates to our spine surgeons; both get seen same-week. ASK: “Send us a handful — let us show you what we're about.” Leave one-pager + direct line; log who you met."
943e0e00-82f1-4d88-a3fd-2275bdc153b6,Michigan Pain Specialists,Coty,Prospect,Wave 2,Pain,Visit / Prospect,0,0,,8,COMM-LIKELY,Private specialty practice — commercial/Medicare-likely (QUALIFIED); confirm,Heuristic — verify — intake (Kelly) verifies Tier 1 first; NOT confirmed,Payer: commercial/Medicare-likely — HMO referrals handled with your staff.,"OPEN: introduce Synergy spine — integrated ortho + spine, deep bench, conservative-first. MESSAGE: two-way partnership — we send conservative-first candidates to you, you send surgical-escalation candidates to our spine surgeons; both get seen same-week. ASK: “Send us a handful — let us show you what we're about.” Leave one-pager + direct line; log who you met."
87bd0432-534b-4e48-b128-48f49cc39a94,"MICHIGAN PAIN SPECIALISTS, PLLC",Coty,Prospect,Wave 2,Orthopedic,Visit / Prospect,0,0,,4,COMM-LIKELY,Private specialty practice — commercial/Medicare-likely (QUALIFIED); confirm,Heuristic — verify — intake (Kelly) verifies Tier 1 first; NOT confirmed,Payer: commercial/Medicare-likely — HMO referrals handled with your staff.,"OPEN: introduce Synergy spine — integrated ortho + spine, deep bench, conservative-first. MESSAGE: for the spine cases outside your scope, we co-manage: your patient stays yours, our spine team handles just the spine problem, notes back to you every visit. ASK: “Send us a handful — let us show you what we're about.” Leave one-pager + direct line; log who you met."
4dd7647d-ac5e-4f26-a696-b59cd2cfb219,Mid-Michigan Pain Specialty,Coty,Prospect,Wave 2,Pain,Visit / Prospect,0,0,,2,COMM-LIKELY,Private specialty practice — commercial/Medicare-likely (QUALIFIED); confirm,Heuristic — verify — intake (Kelly) verifies Tier 1 first; NOT confirmed,Payer: commercial/Medicare-likely — HMO referrals handled with your staff.,"OPEN: introduce Synergy spine — integrated ortho + spine, deep bench, conservative-first. MESSAGE: two-way partnership — we send conservative-first candidates to you, you send surgical-escalation candidates to our spine surgeons; both get seen same-week. ASK: “Send us a handful — let us show you what we're about.” Leave one-pager + direct line; log who you met."
08675f4f-7413-4eb3-9c68-0bb657acb583,Motor City Ortho - Howell,Coty,Prospect,Wave 2,Orthopedic,Visit / Prospect,0,0,,0,COMM-LIKELY,Private specialty practice — commercial/Medicare-likely (QUALIFIED); confirm,Heuristic — verify — intake (Kelly) verifies Tier 1 first; NOT confirmed,Payer: commercial/Medicare-likely — HMO referrals handled with your staff.,"OPEN: introduce Synergy spine — integrated ortho + spine, deep bench, conservative-first. MESSAGE: for the spine cases outside your scope, we co-manage: your patient stays yours, our spine team handles just the spine problem, notes back to you every visit. ASK: “Send us a handful — let us show you what we're about.” Leave one-pager + direct line; log who you met."
844e3cfa-90dd-4405-b93e-8ec8a51a6b23,MSU SportsMEDICINE,Coty,Prospect,Wave 2,Orthopedic,Visit / Prospect,0,0,,11,COMM-LIKELY,Private specialty practice — commercial/Medicare-likely (QUALIFIED); confirm,Heuristic — verify — intake (Kelly) verifies Tier 1 first; NOT confirmed,Payer: commercial/Medicare-likely — HMO referrals handled with your staff.,"OPEN: introduce Synergy spine — integrated ortho + spine, deep bench, conservative-first. MESSAGE: for the spine cases outside your scope, we co-manage: your patient stays yours, our spine team handles just the spine problem, notes back to you every visit. ASK: “Send us a handful — let us show you what we're about.” Leave one-pager + direct line; log who you met."
3e4366b5-b245-4073-9f53-025f25b5446f,Multi-Specialty Clinic,Coty,Prospect,Wave 2,PCP,Visit / Prospect,0,0,,4,COMM-LIKELY,PCP — commercial/Medicare-likely; confirm HMO share (BCN/HAP/McLaren/Priority HMO need PCP referral — we handle that),Heuristic — verify — intake (Kelly) verifies Tier 1 first; NOT confirmed,Payer: commercial/Medicare-likely — HMO referrals handled with your staff.,"OPEN: introduce Synergy spine — integrated ortho + spine, deep bench, conservative-first. MESSAGE: your patients with back or neck pain get seen the same week — imaging, conservative care, interventional and surgical under one roof, and we handle HMO referral paperwork with your staff. ASK: “Send us a handful — let us show you what we're about.” Leave one-pager + direct line; log who you met."
60644d75-2bd6-461f-8737-d149ab8c0ed3,My Health Urgent Care (Ascension) - Howell,Coty,Prospect,Wave 2,Urgent Care,Visit / Prospect,0,0,,1,MIXED-SYSTEM,Hospital-system site — mixed commercial + Medicare + some Medicaid; qualified with intake screening,Heuristic — verify — intake (Kelly) verifies Tier 1 first; NOT confirmed,Payer: mixed panel — screen at intake; HMO plans need PCP referral (we assist).,"OPEN: introduce Synergy spine — integrated ortho + spine, deep bench, conservative-first. MESSAGE: an acute back/neck pathway: your discharge sheet can book a spine evaluation the same week — one number, we take it from there. ASK: “Send us a handful — let us show you what we're about.” Leave one-pager + direct line; log who you met."
1244d3ff-0839-4759-af42-e22dd1c77549,Niva Health,Coty,Prospect,Wave 2,PCP,Visit / Prospect,0,0,,1,COMM-LIKELY,PCP — commercial/Medicare-likely; confirm HMO share (BCN/HAP/McLaren/Priority HMO need PCP referral — we handle that),Heuristic — verify — intake (Kelly) verifies Tier 1 first; NOT confirmed,Payer: commercial/Medicare-likely — HMO referrals handled with your staff.,"OPEN: introduce Synergy spine — integrated ortho + spine, deep bench, conservative-first. MESSAGE: your patients with back or neck pain get seen the same week — imaging, conservative care, interventional and surgical under one roof, and we handle HMO referral paperwork with your staff. ASK: “Send us a handful — let us show you what we're about.” Leave one-pager + direct line; log who you met."
17d9d453-263e-48c1-895b-73d68979325d,North Point Medical,Coty,Prospect,Wave 2,PCP,Visit / Prospect,0,0,,1,COMM-LIKELY,PCP — commercial/Medicare-likely; confirm HMO share (BCN/HAP/McLaren/Priority HMO need PCP referral — we handle that),Heuristic — verify — intake (Kelly) verifies Tier 1 first; NOT confirmed,Payer: commercial/Medicare-likely — HMO referrals handled with your staff.,"OPEN: introduce Synergy spine — integrated ortho + spine, deep bench, conservative-first. MESSAGE: your patients with back or neck pain get seen the same week — imaging, conservative care, interventional and surgical under one roof, and we handle HMO referral paperwork with your staff. ASK: “Send us a handful — let us show you what we're about.” Leave one-pager + direct line; log who you met."
feacb877-2f93-46f2-94a1-dd073278159f,Novus Primary Care,Coty,Prospect,Wave 2,PCP,Visit / Prospect,0,0,,1,COMM-LIKELY,PCP — commercial/Medicare-likely; confirm HMO share (BCN/HAP/McLaren/Priority HMO need PCP referral — we handle that),Heuristic — verify — intake (Kelly) verifies Tier 1 first; NOT confirmed,Payer: commercial/Medicare-likely — HMO referrals handled with your staff.,"OPEN: introduce Synergy spine — integrated ortho + spine, deep bench, conservative-first. MESSAGE: your patients with back or neck pain get seen the same week — imaging, conservative care, interventional and surgical under one roof, and we handle HMO referral paperwork with your staff. ASK: “Send us a handful — let us show you what we're about.” Leave one-pager + direct line; log who you met."
daf6238f-f813-4c2b-8e5a-1438806414dc,Oakland Macomb Surgical Group,Coty,Prospect,Wave 2,Orthopedic,Visit / Prospect,0,0,,2,COMM-LIKELY,Private specialty practice — commercial/Medicare-likely (QUALIFIED); confirm,Heuristic — verify — intake (Kelly) verifies Tier 1 first; NOT confirmed,Payer: commercial/Medicare-likely — HMO referrals handled with your staff.,"OPEN: introduce Synergy spine — integrated ortho + spine, deep bench, conservative-first. MESSAGE: for the spine cases outside your scope, we co-manage: your patient stays yours, our spine team handles just the spine problem, notes back to you every visit. ASK: “Send us a handful — let us show you what we're about.” Leave one-pager + direct line; log who you met."
32aae41b-03f7-4ba2-a919-c78cfed30f30,Oakland Macomb Surgical Group - Madison Heights,Coty,Prospect,Wave 2,Orthopedic,Visit / Prospect,0,0,,2,COMM-LIKELY,Private specialty practice — commercial/Medicare-likely (QUALIFIED); confirm,Heuristic — verify — intake (Kelly) verifies Tier 1 first; NOT confirmed,Payer: commercial/Medicare-likely — HMO referrals handled with your staff.,"OPEN: introduce Synergy spine — integrated ortho + spine, deep bench, conservative-first. MESSAGE: for the spine cases outside your scope, we co-manage: your patient stays yours, our spine team handles just the spine problem, notes back to you every visit. ASK: “Send us a handful — let us show you what we're about.” Leave one-pager + direct line; log who you met."
00b31e6d-ea21-435e-8d30-b61cf217c22e,Oakland Orthopedics & Sports Medicine,Coty,Prospect,Wave 2,Orthopedic,Visit / Prospect,0,0,,3,COMM-LIKELY,Private specialty practice — commercial/Medicare-likely (QUALIFIED); confirm,Heuristic — verify — intake (Kelly) verifies Tier 1 first; NOT confirmed,Payer: commercial/Medicare-likely — HMO referrals handled with your staff.,"OPEN: introduce Synergy spine — integrated ortho + spine, deep bench, conservative-first. MESSAGE: for the spine cases outside your scope, we co-manage: your patient stays yours, our spine team handles just the spine problem, notes back to you every visit. ASK: “Send us a handful — let us show you what we're about.” Leave one-pager + direct line; log who you met."
688d6dc6-9189-4fe3-8237-807c5059d797,"Office of Sasenarine Persaud, MD",Coty,Prospect,Wave 2,PCP,Visit / Prospect,0,0,,1,COMM-LIKELY,PCP — commercial/Medicare-likely; confirm HMO share (BCN/HAP/McLaren/Priority HMO need PCP referral — we handle that),Heuristic — verify — intake (Kelly) verifies Tier 1 first; NOT confirmed,Payer: commercial/Medicare-likely — HMO referrals handled with your staff.,"OPEN: introduce Synergy spine — integrated ortho + spine, deep bench, conservative-first. MESSAGE: your patients with back or neck pain get seen the same week — imaging, conservative care, interventional and surgical under one roof, and we handle HMO referral paperwork with your staff. ASK: “Send us a handful — let us show you what we're about.” Leave one-pager + direct line; log who you met."
1235110537,Ortho Michigan - Flint,Coty,Prospect,Wave 2,Orthopedic,Visit / Prospect,0,0,,5,COMM-LIKELY,Private specialty practice — commercial/Medicare-likely (QUALIFIED); confirm,Heuristic — verify — intake (Kelly) verifies Tier 1 first; NOT confirmed,Payer: commercial/Medicare-likely — HMO referrals handled with your staff.,"OPEN: introduce Synergy spine — integrated ortho + spine, deep bench, conservative-first. MESSAGE: for the spine cases outside your scope, we co-manage: your patient stays yours, our spine team handles just the spine problem, notes back to you every visit. ASK: “Send us a handful — let us show you what we're about.” Leave one-pager + direct line; log who you met."
04-087-8298,"Ortho surgery of shoulder, hip, & knee",Coty,Prospect,Wave 2,Orthopedic,Visit / Prospect,0,0,,5,COMM-LIKELY,Private specialty practice — commercial/Medicare-likely (QUALIFIED); confirm,Heuristic — verify — intake (Kelly) verifies Tier 1 first; NOT confirmed,Payer: commercial/Medicare-likely — HMO referrals handled with your staff.,"OPEN: introduce Synergy spine — integrated ortho + spine, deep bench, conservative-first. MESSAGE: for the spine cases outside your scope, we co-manage: your patient stays yours, our spine team handles just the spine problem, notes back to you every visit. ASK: “Send us a handful — let us show you what we're about.” Leave one-pager + direct line; log who you met."
b74f4846-fa64-4c4f-a6fe-d3ee8cef5312,Orthopedic Specialists of Oakland County - Clarkston,Coty,Prospect,Wave 2,Orthopedic,Visit / Prospect,0,0,,8,COMM-LIKELY,Private specialty practice — commercial/Medicare-likely (QUALIFIED); confirm,Heuristic — verify — intake (Kelly) verifies Tier 1 first; NOT confirmed,Payer: commercial/Medicare-likely — HMO referrals handled with your staff.,"OPEN: introduce Synergy spine — integrated ortho + spine, deep bench, conservative-first. MESSAGE: for the spine cases outside your scope, we co-manage: your patient stays yours, our spine team handles just the spine problem, notes back to you every visit. ASK: “Send us a handful — let us show you what we're about.” Leave one-pager + direct line; log who you met."
66604f44-0a10-4e2a-8f1e-c4e00f0fb1dc,Partners in Family Medicine,Coty,Prospect,Wave 2,PCP,Visit / Prospect,0,0,,4,COMM-LIKELY,PCP — commercial/Medicare-likely; confirm HMO share (BCN/HAP/McLaren/Priority HMO need PCP referral — we handle that),Heuristic — verify — intake (Kelly) verifies Tier 1 first; NOT confirmed,Payer: commercial/Medicare-likely — HMO referrals handled with your staff.,"OPEN: introduce Synergy spine — integrated ortho + spine, deep bench, conservative-first. MESSAGE: your patients with back or neck pain get seen the same week — imaging, conservative care, interventional and surgical under one roof, and we handle HMO referral paperwork with your staff. ASK: “Send us a handful — let us show you what we're about.” Leave one-pager + direct line; log who you met."
724c2230-0806-48f5-ac79-5255959b0a73,Phase Family Medicine,Coty,Prospect,Wave 2,PCP,Visit / Prospect,0,0,,1,COMM-LIKELY,PCP — commercial/Medicare-likely; confirm HMO share (BCN/HAP/McLaren/Priority HMO need PCP referral — we handle that),Heuristic — verify — intake (Kelly) verifies Tier 1 first; NOT confirmed,Payer: commercial/Medicare-likely — HMO referrals handled with your staff.,"OPEN: introduce Synergy spine — integrated ortho + spine, deep bench, conservative-first. MESSAGE: your patients with back or neck pain get seen the same week — imaging, conservative care, interventional and surgical under one roof, and we handle HMO referral paperwork with your staff. ASK: “Send us a handful — let us show you what we're about.” Leave one-pager + direct line; log who you met."
e0f2c54e-06ee-4e34-863e-cb4675bd5c6e,PINE TREE MEDICAL CENTER,Coty,Prospect,Wave 2,Orthopedic,Visit / Prospect,0,0,,2,COMM-LIKELY,Private specialty practice — commercial/Medicare-likely (QUALIFIED); confirm,Heuristic — verify — intake (Kelly) verifies Tier 1 first; NOT confirmed,Payer: commercial/Medicare-likely — HMO referrals handled with your staff.,"OPEN: introduce Synergy spine — integrated ortho + spine, deep bench, conservative-first. MESSAGE: for the spine cases outside your scope, we co-manage: your patient stays yours, our spine team handles just the spine problem, notes back to you every visit. ASK: “Send us a handful — let us show you what we're about.” Leave one-pager + direct line; log who you met."
e73e7e8b-2c72-479d-b015-c7ff5509f700,Precision Interventional Radiology,Coty,Prospect,Wave 2,Orthopedic,Visit / Prospect,0,0,,4,COMM-LIKELY,Private specialty practice — commercial/Medicare-likely (QUALIFIED); confirm,Heuristic — verify — intake (Kelly) verifies Tier 1 first; NOT confirmed,Payer: commercial/Medicare-likely — HMO referrals handled with your staff.,"OPEN: introduce Synergy spine — integrated ortho + spine, deep bench, conservative-first. MESSAGE: for the spine cases outside your scope, we co-manage: your patient stays yours, our spine team handles just the spine problem, notes back to you every visit. ASK: “Send us a handful — let us show you what we're about.” Leave one-pager + direct line; log who you met."
24e0dcd5-ef5f-4db1-af06-f9751bb1d6a8,Premier Family Medicine - Livingston,Coty,Prospect,Wave 2,PCP,Visit / Prospect,0,0,,4,COMM-LIKELY,PCP — commercial/Medicare-likely; confirm HMO share (BCN/HAP/McLaren/Priority HMO need PCP referral — we handle that),Heuristic — verify — intake (Kelly) verifies Tier 1 first; NOT confirmed,Payer: commercial/Medicare-likely — HMO referrals handled with your staff.,"OPEN: introduce Synergy spine — integrated ortho + spine, deep bench, conservative-first. MESSAGE: your patients with back or neck pain get seen the same week — imaging, conservative care, interventional and surgical under one roof, and we handle HMO referral paperwork with your staff. ASK: “Send us a handful — let us show you what we're about.” Leave one-pager + direct line; log who you met."
4659932c-d03e-4eaf-b084-f1c5c8002767,Premier Orthopedics & Sports Medicine,Coty,Prospect,Wave 2,Orthopedic,Visit / Prospect,0,0,,3,COMM-LIKELY,Private specialty practice — commercial/Medicare-likely (QUALIFIED); confirm,Heuristic — verify — intake (Kelly) verifies Tier 1 first; NOT confirmed,Payer: commercial/Medicare-likely — HMO referrals handled with your staff.,"OPEN: introduce Synergy spine — integrated ortho + spine, deep bench, conservative-first. MESSAGE: for the spine cases outside your scope, we co-manage: your patient stays yours, our spine team handles just the spine problem, notes back to you every visit. ASK: “Send us a handful — let us show you what we're about.” Leave one-pager + direct line; log who you met."
47bcf8c4-c5dc-4d5a-9a9e-4bece6e01698,Premier Surgical Specialists,Coty,Prospect,Wave 2,Pain,Visit / Prospect,0,0,,5,COMM-LIKELY,Private specialty practice — commercial/Medicare-likely (QUALIFIED); confirm,Heuristic — verify — intake (Kelly) verifies Tier 1 first; NOT confirmed,Payer: commercial/Medicare-likely — HMO referrals handled with your staff.,"OPEN: introduce Synergy spine — integrated ortho + spine, deep bench, conservative-first. MESSAGE: two-way partnership — we send conservative-first candidates to you, you send surgical-escalation candidates to our spine surgeons; both get seen same-week. ASK: “Send us a handful — let us show you what we're about.” Leave one-pager + direct line; log who you met."
30b11efd-3e51-4d39-aace-cfc33153c87d,Primary Medical Services,Coty,Prospect,Wave 2,PCP,Visit / Prospect,0,0,,1,COMM-LIKELY,PCP — commercial/Medicare-likely; confirm HMO share (BCN/HAP/McLaren/Priority HMO need PCP referral — we handle that),Heuristic — verify — intake (Kelly) verifies Tier 1 first; NOT confirmed,Payer: commercial/Medicare-likely — HMO referrals handled with your staff.,"OPEN: introduce Synergy spine — integrated ortho + spine, deep bench, conservative-first. MESSAGE: your patients with back or neck pain get seen the same week — imaging, conservative care, interventional and surgical under one roof, and we handle HMO referral paperwork with your staff. ASK: “Send us a handful — let us show you what we're about.” Leave one-pager + direct line; log who you met."
2fc64685-2270-4f5f-827a-7788409cd5cd,Pulmonary & Internal Medicine Specialists,Coty,Prospect,Wave 2,PCP,Visit / Prospect,0,0,,5,COMM-LIKELY,PCP — commercial/Medicare-likely; confirm HMO share (BCN/HAP/McLaren/Priority HMO need PCP referral — we handle that),Heuristic — verify — intake (Kelly) verifies Tier 1 first; NOT confirmed,Payer: commercial/Medicare-likely — HMO referrals handled with your staff.,"OPEN: introduce Synergy spine — integrated ortho + spine, deep bench, conservative-first. MESSAGE: your patients with back or neck pain get seen the same week — imaging, conservative care, interventional and surgical under one roof, and we handle HMO referral paperwork with your staff. ASK: “Send us a handful — let us show you what we're about.” Leave one-pager + direct line; log who you met."
1013980531,"Raad Kasmikha MD,",Coty,Prospect,Wave 2,PCP,Visit / Prospect,0,0,,1,COMM-LIKELY,PCP — commercial/Medicare-likely; confirm HMO share (BCN/HAP/McLaren/Priority HMO need PCP referral — we handle that),Heuristic — verify — intake (Kelly) verifies Tier 1 first; NOT confirmed,Payer: commercial/Medicare-likely — HMO referrals handled with your staff.,"OPEN: introduce Synergy spine — integrated ortho + spine, deep bench, conservative-first. MESSAGE: your patients with back or neck pain get seen the same week — imaging, conservative care, interventional and surgical under one roof, and we handle HMO referral paperwork with your staff. ASK: “Send us a handful — let us show you what we're about.” Leave one-pager + direct line; log who you met."
664225f4-387f-4458-bce4-0fe6ff18f13e,Restorative Physical Medicine - Brighton,Coty,Prospect,Wave 2,Orthopedic,Visit / Prospect,0,0,,9,COMM-LIKELY,Private specialty practice — commercial/Medicare-likely (QUALIFIED); confirm,Heuristic — verify — intake (Kelly) verifies Tier 1 first; NOT confirmed,Payer: commercial/Medicare-likely — HMO referrals handled with your staff.,"OPEN: introduce Synergy spine — integrated ortho + spine, deep bench, conservative-first. MESSAGE: for the spine cases outside your scope, we co-manage: your patient stays yours, our spine team handles just the spine problem, notes back to you every visit. ASK: “Send us a handful — let us show you what we're about.” Leave one-pager + direct line; log who you met."
0e966842-32f3-40e8-91a7-4295b0ba0234,Restorative Physical Medicine - Novi,Coty,Prospect,Wave 2,Orthopedic,Visit / Prospect,0,0,,4,COMM-LIKELY,Private specialty practice — commercial/Medicare-likely (QUALIFIED); confirm,Heuristic — verify — intake (Kelly) verifies Tier 1 first; NOT confirmed,Payer: commercial/Medicare-likely — HMO referrals handled with your staff.,"OPEN: introduce Synergy spine — integrated ortho + spine, deep bench, conservative-first. MESSAGE: for the spine cases outside your scope, we co-manage: your patient stays yours, our spine team handles just the spine problem, notes back to you every visit. ASK: “Send us a handful — let us show you what we're about.” Leave one-pager + direct line; log who you met."
3bfd16c2-8d66-4fed-9ad2-cc715dfd2eb8,Revolution Wellness,Coty,Prospect,Wave 2,PCP,Visit / Prospect,0,0,,1,COMM-LIKELY,PCP — commercial/Medicare-likely; confirm HMO share (BCN/HAP/McLaren/Priority HMO need PCP referral — we handle that),Heuristic — verify — intake (Kelly) verifies Tier 1 first; NOT confirmed,Payer: commercial/Medicare-likely — HMO referrals handled with your staff.,"OPEN: introduce Synergy spine — integrated ortho + spine, deep bench, conservative-first. MESSAGE: your patients with back or neck pain get seen the same week — imaging, conservative care, interventional and surgical under one roof, and we handle HMO referral paperwork with your staff. ASK: “Send us a handful — let us show you what we're about.” Leave one-pager + direct line; log who you met."
4f2b2878-de83-4132-b6b0-114a9794b70f,Rochester Family Medicine Center,Coty,Prospect,Wave 2,PCP,Visit / Prospect,0,0,,1,COMM-LIKELY,PCP — commercial/Medicare-likely; confirm HMO share (BCN/HAP/McLaren/Priority HMO need PCP referral — we handle that),Heuristic — verify — intake (Kelly) verifies Tier 1 first; NOT confirmed,Payer: commercial/Medicare-likely — HMO referrals handled with your staff.,"OPEN: introduce Synergy spine — integrated ortho + spine, deep bench, conservative-first. MESSAGE: your patients with back or neck pain get seen the same week — imaging, conservative care, interventional and surgical under one roof, and we handle HMO referral paperwork with your staff. ASK: “Send us a handful — let us show you what we're about.” Leave one-pager + direct line; log who you met."
1477658458,Rochester Hills Orthopedics & Sports Medicine,Coty,Prospect,Wave 2,Orthopedic,Visit / Prospect,0,0,,2,COMM-LIKELY,Private specialty practice — commercial/Medicare-likely (QUALIFIED); confirm,Heuristic — verify — intake (Kelly) verifies Tier 1 first; NOT confirmed,Payer: commercial/Medicare-likely — HMO referrals handled with your staff.,"OPEN: introduce Synergy spine — integrated ortho + spine, deep bench, conservative-first. MESSAGE: for the spine cases outside your scope, we co-manage: your patient stays yours, our spine team handles just the spine problem, notes back to you every visit. ASK: “Send us a handful — let us show you what we're about.” Leave one-pager + direct line; log who you met."
550845e3-e358-4aa5-badb-e90d93042d7c,Southeast Michigan Center for Orthopedics - Rochester Hlls,Coty,Prospect,Wave 2,Orthopedic,Visit / Prospect,0,0,,2,COMM-LIKELY,Private specialty practice — commercial/Medicare-likely (QUALIFIED); confirm,Heuristic — verify — intake (Kelly) verifies Tier 1 first; NOT confirmed,Payer: commercial/Medicare-likely — HMO referrals handled with your staff.,"OPEN: introduce Synergy spine — integrated ortho + spine, deep bench, conservative-first. MESSAGE: for the spine cases outside your scope, we co-manage: your patient stays yours, our spine team handles just the spine problem, notes back to you every visit. ASK: “Send us a handful — let us show you what we're about.” Leave one-pager + direct line; log who you met."
2b5bba73-5878-4fa6-b615-7b5106bbe4e0,"SPINE SPECIALISTS OF MICHIGAN, PC",Coty,Prospect,Wave 2,Orthopedic,Visit / Prospect,0,0,,5,COMM-LIKELY,Private specialty practice — commercial/Medicare-likely (QUALIFIED); confirm,Heuristic — verify — intake (Kelly) verifies Tier 1 first; NOT confirmed,Payer: commercial/Medicare-likely — HMO referrals handled with your staff.,"OPEN: introduce Synergy spine — integrated ortho + spine, deep bench, conservative-first. MESSAGE: for the spine cases outside your scope, we co-manage: your patient stays yours, our spine team handles just the spine problem, notes back to you every visit. ASK: “Send us a handful — let us show you what we're about.” Leave one-pager + direct line; log who you met."
1033228903,Trinity Health IHA Orthopaedics - Chelsea,Coty,Prospect,Wave 2,Orthopedic,Visit / Prospect,0,0,,9,MIXED-SYSTEM,Hospital-system site — mixed commercial + Medicare + some Medicaid; qualified with intake screening,Heuristic — verify — intake (Kelly) verifies Tier 1 first; NOT confirmed,Payer: mixed panel — screen at intake; HMO plans need PCP referral (we assist).,"OPEN: introduce Synergy spine — integrated ortho + spine, deep bench, conservative-first. MESSAGE: for the spine cases outside your scope, we co-manage: your patient stays yours, our spine team handles just the spine problem, notes back to you every visit. ASK: “Send us a handful — let us show you what we're about.” Leave one-pager + direct line; log who you met."
b6be5dd0-40a2-450c-946b-5deaaf8b0178,Trinity IHA Hand Surgery - Ypsilanti,Coty,Prospect,Wave 2,Orthopedic,Visit / Prospect,0,0,,7,MIXED-SYSTEM,Hospital-system site — mixed commercial + Medicare + some Medicaid; qualified with intake screening,Heuristic — verify — intake (Kelly) verifies Tier 1 first; NOT confirmed,Payer: mixed panel — screen at intake; HMO plans need PCP referral (we assist).,"OPEN: introduce Synergy spine — integrated ortho + spine, deep bench, conservative-first. MESSAGE: for the spine cases outside your scope, we co-manage: your patient stays yours, our spine team handles just the spine problem, notes back to you every visit. ASK: “Send us a handful — let us show you what we're about.” Leave one-pager + direct line; log who you met."
00-521-8262,"Trinity IHA Orthopedics - Brighton,",Coty,Prospect,Wave 2,Orthopedic,Visit / Prospect,0,0,,3,MIXED-SYSTEM,Hospital-system site — mixed commercial + Medicare + some Medicaid; qualified with intake screening,Heuristic — verify — intake (Kelly) verifies Tier 1 first; NOT confirmed,Payer: mixed panel — screen at intake; HMO plans need PCP referral (we assist).,"OPEN: introduce Synergy spine — integrated ortho + spine, deep bench, conservative-first. MESSAGE: for the spine cases outside your scope, we co-manage: your patient stays yours, our spine team handles just the spine problem, notes back to you every visit. ASK: “Send us a handful — let us show you what we're about.” Leave one-pager + direct line; log who you met."
36-320-9367,Trinity IHA Primary Care - Clarkston,Coty,Prospect,Wave 2,Pain,Visit / Prospect,0,0,,6,MIXED-SYSTEM,Hospital-system site — mixed commercial + Medicare + some Medicaid; qualified with intake screening,Heuristic — verify — intake (Kelly) verifies Tier 1 first; NOT confirmed,Payer: mixed panel — screen at intake; HMO plans need PCP referral (we assist).,"OPEN: introduce Synergy spine — integrated ortho + spine, deep bench, conservative-first. MESSAGE: two-way partnership — we send conservative-first candidates to you, you send surgical-escalation candidates to our spine surgeons; both get seen same-week. ASK: “Send us a handful — let us show you what we're about.” Leave one-pager + direct line; log who you met."
c357306a-7118-459d-82fc-5365721ca926,U of M Neurosurgery,Coty,Prospect,Wave 2,Orthopedic,Visit / Prospect,0,0,,2,COMM-LIKELY,Private specialty practice — commercial/Medicare-likely (QUALIFIED); confirm,Heuristic — verify — intake (Kelly) verifies Tier 1 first; NOT confirmed,Payer: commercial/Medicare-likely — HMO referrals handled with your staff.,"OPEN: introduce Synergy spine — integrated ortho + spine, deep bench, conservative-first. MESSAGE: for the spine cases outside your scope, we co-manage: your patient stays yours, our spine team handles just the spine problem, notes back to you every visit. ASK: “Send us a handful — let us show you what we're about.” Leave one-pager + direct line; log who you met."
4430ce9a-04c4-4489-8cd4-1f4abdc28ce9,U of M Physical Medicine & Rehabilitation Clinic - Burlington Building,Coty,Prospect,Wave 2,Orthopedic,Visit / Prospect,0,0,,2,COMM-LIKELY,Private specialty practice — commercial/Medicare-likely (QUALIFIED); confirm,Heuristic — verify — intake (Kelly) verifies Tier 1 first; NOT confirmed,Payer: commercial/Medicare-likely — HMO referrals handled with your staff.,"OPEN: introduce Synergy spine — integrated ortho + spine, deep bench, conservative-first. MESSAGE: for the spine cases outside your scope, we co-manage: your patient stays yours, our spine team handles just the spine problem, notes back to you every visit. ASK: “Send us a handful — let us show you what we're about.” Leave one-pager + direct line; log who you met."
1fcb9ed3-4f7b-4998-b644-3c8f0d4fefba,UofM Northville Health Center,Coty,Prospect,Wave 2,PCP,Visit / Prospect,0,0,,1,MEDICAID-LIKELY,Community-health/FQHC pattern — Medicaid-heavy panel likely; payer gate: cap Tier 2 until VERIFIED,Heuristic — VERIFY FIRST — intake (Kelly) verifies Tier 1 first; NOT confirmed,Payer CAUTION: likely Medicaid-heavy — do NOT promise same-week until eligibility verified; uninsured → Harmony Health Direct Pay.,"OPEN: introduce Synergy spine — integrated ortho + spine, deep bench, conservative-first. MESSAGE: your patients with back or neck pain get seen the same week — imaging, conservative care, interventional and surgical under one roof, and we handle HMO referral paperwork with your staff. ASK: “Send us a handful — let us show you what we're about.” Leave one-pager + direct line; log who you met."
1396736724,Woods Cardiovascular Internal Medicine Associates - Macomb,Coty,Prospect,Wave 2,PCP,Visit / Prospect,0,0,,4,COMM-LIKELY,PCP — commercial/Medicare-likely; confirm HMO share (BCN/HAP/McLaren/Priority HMO need PCP referral — we handle that),Heuristic — verify — intake (Kelly) verifies Tier 1 first; NOT confirmed,Payer: commercial/Medicare-likely — HMO referrals handled with your staff.,"OPEN: introduce Synergy spine — integrated ortho + spine, deep bench, conservative-first. MESSAGE: your patients with back or neck pain get seen the same week — imaging, conservative care, interventional and surgical under one roof, and we handle HMO referral paperwork with your staff. ASK: “Send us a handful — let us show you what we're about.” Leave one-pager + direct line; log who you met."
6f941c50-4b0e-460c-8a8a-f59d8a74ccde,"ALLENWOOD FAMILY HEALTH CARE, PC",Jasmine,Prospect,Wave 2,PCP,Visit / Prospect,0,0,,4,COMM-LIKELY,PCP — commercial/Medicare-likely; confirm HMO share (BCN/HAP/McLaren/Priority HMO need PCP referral — we handle that),Heuristic — verify — intake (Kelly) verifies Tier 1 first; NOT confirmed,Payer: commercial/Medicare-likely — HMO referrals handled with your staff.,"OPEN: introduce Synergy spine — integrated ortho + spine, deep bench, conservative-first. MESSAGE: your patients with back or neck pain get seen the same week — imaging, conservative care, interventional and surgical under one roof, and we handle HMO referral paperwork with your staff. ASK: “Send us a handful — let us show you what we're about.” Leave one-pager + direct line; log who you met."
cf4ac4d2-8a2e-4d0b-8294-4d7f8fd390c4,Alphonse Ekole MD,Jasmine,Prospect,Wave 2,PCP,Visit / Prospect,0,0,,1,COMM-LIKELY,PCP — commercial/Medicare-likely; confirm HMO share (BCN/HAP/McLaren/Priority HMO need PCP referral — we handle that),Heuristic — verify — intake (Kelly) verifies Tier 1 first; NOT confirmed,Payer: commercial/Medicare-likely — HMO referrals handled with your staff.,"OPEN: introduce Synergy spine — integrated ortho + spine, deep bench, conservative-first. MESSAGE: your patients with back or neck pain get seen the same week — imaging, conservative care, interventional and surgical under one roof, and we handle HMO referral paperwork with your staff. ASK: “Send us a handful — let us show you what we're about.” Leave one-pager + direct line; log who you met."
7496bfb3-d517-49b6-8b2f-1e99919270ca,AMC Primary Care,Jasmine,Prospect,Wave 2,PCP,Visit / Prospect,0,0,,2,COMM-LIKELY,PCP — commercial/Medicare-likely; confirm HMO share (BCN/HAP/McLaren/Priority HMO need PCP referral — we handle that),Heuristic — verify — intake (Kelly) verifies Tier 1 first; NOT confirmed,Payer: commercial/Medicare-likely — HMO referrals handled with your staff.,"OPEN: introduce Synergy spine — integrated ortho + spine, deep bench, conservative-first. MESSAGE: your patients with back or neck pain get seen the same week — imaging, conservative care, interventional and surgical under one roof, and we handle HMO referral paperwork with your staff. ASK: “Send us a handful — let us show you what we're about.” Leave one-pager + direct line; log who you met."
47fdf74f-51d1-46ef-b493-2ef60f3f61b7,Ascension Providence Dearborn Internal Medicine,Jasmine,Prospect,Wave 2,PCP,Visit / Prospect,0,0,,2,MIXED-SYSTEM,Hospital-system site — mixed commercial + Medicare + some Medicaid; qualified with intake screening,Heuristic — verify — intake (Kelly) verifies Tier 1 first; NOT confirmed,Payer: mixed panel — screen at intake; HMO plans need PCP referral (we assist).,"OPEN: introduce Synergy spine — integrated ortho + spine, deep bench, conservative-first. MESSAGE: your patients with back or neck pain get seen the same week — imaging, conservative care, interventional and surgical under one roof, and we handle HMO referral paperwork with your staff. ASK: “Send us a handful — let us show you what we're about.” Leave one-pager + direct line; log who you met."
36a01517-61d6-4abe-a326-3df8c6bbd274,Associated physicians of Dearborn,Jasmine,Prospect,Wave 2,PCP,Visit / Prospect,0,0,,5,COMM-LIKELY,PCP — commercial/Medicare-likely; confirm HMO share (BCN/HAP/McLaren/Priority HMO need PCP referral — we handle that),Heuristic — verify — intake (Kelly) verifies Tier 1 first; NOT confirmed,Payer: commercial/Medicare-likely — HMO referrals handled with your staff.,"OPEN: introduce Synergy spine — integrated ortho + spine, deep bench, conservative-first. MESSAGE: your patients with back or neck pain get seen the same week — imaging, conservative care, interventional and surgical under one roof, and we handle HMO referral paperwork with your staff. ASK: “Send us a handful — let us show you what we're about.” Leave one-pager + direct line; log who you met."
f46e96b6-beab-4a7a-b674-d27ffa003553,ATI PHYSICAL THERAPY,Jasmine,Prospect,Wave 2,Orthopedic,Visit / Prospect,0,0,,1,COMM-LIKELY,Private specialty practice — commercial/Medicare-likely (QUALIFIED); confirm,Heuristic — verify — intake (Kelly) verifies Tier 1 first; NOT confirmed,Payer: commercial/Medicare-likely — HMO referrals handled with your staff.,"OPEN: introduce Synergy spine — integrated ortho + spine, deep bench, conservative-first. MESSAGE: for the spine cases outside your scope, we co-manage: your patient stays yours, our spine team handles just the spine problem, notes back to you every visit. ASK: “Send us a handful — let us show you what we're about.” Leave one-pager + direct line; log who you met."
07d227b8-b9ff-4616-9f9b-f3e3ac05f4b1,BEAUMONT ATHENS CLINIC TAYLOR,Jasmine,Prospect,Wave 2,PCP,Visit / Prospect,0,0,,6,MIXED-SYSTEM,Hospital-system site — mixed commercial + Medicare + some Medicaid; qualified with intake screening,Heuristic — verify — intake (Kelly) verifies Tier 1 first; NOT confirmed,Payer: mixed panel — screen at intake; HMO plans need PCP referral (we assist).,"OPEN: introduce Synergy spine — integrated ortho + spine, deep bench, conservative-first. MESSAGE: your patients with back or neck pain get seen the same week — imaging, conservative care, interventional and surgical under one roof, and we handle HMO referral paperwork with your staff. ASK: “Send us a handful — let us show you what we're about.” Leave one-pager + direct line; log who you met."
ca75c2bf-f7ff-43df-9399-5f78f3147237,BEAUMONT FAMILY MEDICINE CLINIC TAYLOR,Jasmine,Prospect,Wave 2,PCP,Visit / Prospect,0,0,,2,MIXED-SYSTEM,Hospital-system site — mixed commercial + Medicare + some Medicaid; qualified with intake screening,Heuristic — verify — intake (Kelly) verifies Tier 1 first; NOT confirmed,Payer: mixed panel — screen at intake; HMO plans need PCP referral (we assist).,"OPEN: introduce Synergy spine — integrated ortho + spine, deep bench, conservative-first. MESSAGE: your patients with back or neck pain get seen the same week — imaging, conservative care, interventional and surgical under one roof, and we handle HMO referral paperwork with your staff. ASK: “Send us a handful — let us show you what we're about.” Leave one-pager + direct line; log who you met."
22e81152-0662-4863-bc0b-452a4d53ae02,Ben Go MD PC,Jasmine,Prospect,Wave 2,Orthopedic,Visit / Prospect,0,0,,1,COMM-LIKELY,Private specialty practice — commercial/Medicare-likely (QUALIFIED); confirm,Heuristic — verify — intake (Kelly) verifies Tier 1 first; NOT confirmed,Payer: commercial/Medicare-likely — HMO referrals handled with your staff.,"OPEN: introduce Synergy spine — integrated ortho + spine, deep bench, conservative-first. MESSAGE: for the spine cases outside your scope, we co-manage: your patient stays yours, our spine team handles just the spine problem, notes back to you every visit. ASK: “Send us a handful — let us show you what we're about.” Leave one-pager + direct line; log who you met."
e658d459-31db-44b9-a41a-111a5d55464b,Briarwood Family Medicine,Jasmine,Prospect,Wave 2,PCP,Visit / Prospect,0,0,,8,COMM-LIKELY,PCP — commercial/Medicare-likely; confirm HMO share (BCN/HAP/McLaren/Priority HMO need PCP referral — we handle that),Heuristic — verify — intake (Kelly) verifies Tier 1 first; NOT confirmed,Payer: commercial/Medicare-likely — HMO referrals handled with your staff.,"OPEN: introduce Synergy spine — integrated ortho + spine, deep bench, conservative-first. MESSAGE: your patients with back or neck pain get seen the same week — imaging, conservative care, interventional and surgical under one roof, and we handle HMO referral paperwork with your staff. ASK: “Send us a handful — let us show you what we're about.” Leave one-pager + direct line; log who you met."
5a3b3a92-6b7c-4a66-8877-b58376fa4af0,BRYANT PRIMARY CARE Updated,Jasmine,Prospect,Wave 2,Pain,Visit / Prospect,0,0,,1,COMM-LIKELY,Private specialty practice — commercial/Medicare-likely (QUALIFIED); confirm,Heuristic — verify — intake (Kelly) verifies Tier 1 first; NOT confirmed,Payer: commercial/Medicare-likely — HMO referrals handled with your staff.,"OPEN: introduce Synergy spine — integrated ortho + spine, deep bench, conservative-first. MESSAGE: two-way partnership — we send conservative-first candidates to you, you send surgical-escalation candidates to our spine surgeons; both get seen same-week. ASK: “Send us a handful — let us show you what we're about.” Leave one-pager + direct line; log who you met."
6246a98e-0503-476c-80f7-6d9617232f36,Caudell Chiropractic,Jasmine,Prospect,Wave 2,Chiropractor,Visit / Prospect,0,0,,2,COMM-WCPI,Chiro — commercial + WC/PI mix (QUALIFIED); screen auto/WC liens,Heuristic — verify — intake (Kelly) verifies Tier 1 first; NOT confirmed,Payer: commercial + auto/WC liens welcome; screen Medicaid share.,"OPEN: introduce Synergy spine — integrated ortho + spine, deep bench, conservative-first. MESSAGE: co-management for patients who plateau — imaging access, interventional options, surgical consults when warranted, and every patient returns to your care plan with notes. ASK: “Send us a handful — let us show you what we're about.” Leave one-pager + direct line; log who you met."
b187ef9a-bf2a-420e-b663-1f843a428a22,CEDAR MEDICAL ASSOCIATES,Jasmine,Prospect,Wave 2,PCP,Visit / Prospect,0,0,,1,COMM-LIKELY,PCP — commercial/Medicare-likely; confirm HMO share (BCN/HAP/McLaren/Priority HMO need PCP referral — we handle that),Heuristic — verify — intake (Kelly) verifies Tier 1 first; NOT confirmed,Payer: commercial/Medicare-likely — HMO referrals handled with your staff.,"OPEN: introduce Synergy spine — integrated ortho + spine, deep bench, conservative-first. MESSAGE: your patients with back or neck pain get seen the same week — imaging, conservative care, interventional and surgical under one roof, and we handle HMO referral paperwork with your staff. ASK: “Send us a handful — let us show you what we're about.” Leave one-pager + direct line; log who you met."
63cd155b-cebc-4ccb-ae48-e9fd30422380,City Medical - Madison Heights,Jasmine,Prospect,Wave 2,Urgent Care,Visit / Prospect,0,0,,6,MIXED-WALKIN,Walk-in panel — mixed payers; qualified with intake screening,Heuristic — verify — intake (Kelly) verifies Tier 1 first; NOT confirmed,Payer: walk-in mix — intake screens each referral; commercial/Medicare flow same-week.,"OPEN: introduce Synergy spine — integrated ortho + spine, deep bench, conservative-first. MESSAGE: an acute back/neck pathway: your discharge sheet can book a spine evaluation the same week — one number, we take it from there. ASK: “Send us a handful — let us show you what we're about.” Leave one-pager + direct line; log who you met."
809a3eca-b208-45b0-9625-72c47659e808,Corewell Health Family Medicine - Northside,Jasmine,Prospect,Wave 2,PCP,Visit / Prospect,0,0,,3,MIXED-SYSTEM,Hospital-system site — mixed commercial + Medicare + some Medicaid; qualified with intake screening,Heuristic — verify — intake (Kelly) verifies Tier 1 first; NOT confirmed,Payer: mixed panel — screen at intake; HMO plans need PCP referral (we assist).,"OPEN: introduce Synergy spine — integrated ortho + spine, deep bench, conservative-first. MESSAGE: your patients with back or neck pain get seen the same week — imaging, conservative care, interventional and surgical under one roof, and we handle HMO referral paperwork with your staff. ASK: “Send us a handful — let us show you what we're about.” Leave one-pager + direct line; log who you met."
2239bedc-ff8f-4e3d-ae75-f742a58fc796,Corewell Health Urgent Care,Jasmine,Prospect,Wave 2,Urgent Care,Visit / Prospect,0,0,,1,MIXED-SYSTEM,Hospital-system site — mixed commercial + Medicare + some Medicaid; qualified with intake screening,Heuristic — verify — intake (Kelly) verifies Tier 1 first; NOT confirmed,Payer: mixed panel — screen at intake; HMO plans need PCP referral (we assist).,"OPEN: introduce Synergy spine — integrated ortho + spine, deep bench, conservative-first. MESSAGE: an acute back/neck pathway: your discharge sheet can book a spine evaluation the same week — one number, we take it from there. ASK: “Send us a handful — let us show you what we're about.” Leave one-pager + direct line; log who you met."
40b67646-7a8c-48ac-859a-ec68090967b0,Cromwell family chiropractic,Jasmine,Prospect,Wave 2,Chiropractor,Visit / Prospect,0,0,,4,COMM-WCPI,Chiro — commercial + WC/PI mix (QUALIFIED); screen auto/WC liens,Heuristic — verify — intake (Kelly) verifies Tier 1 first; NOT confirmed,Payer: commercial + auto/WC liens welcome; screen Medicaid share.,"OPEN: introduce Synergy spine — integrated ortho + spine, deep bench, conservative-first. MESSAGE: co-management for patients who plateau — imaging access, interventional options, surgical consults when warranted, and every patient returns to your care plan with notes. ASK: “Send us a handful — let us show you what we're about.” Leave one-pager + direct line; log who you met."
e8faaf5d-bdac-4971-9f83-bd77a1c37b96,Dearborn medical and geriatric center,Jasmine,Prospect,Wave 2,PCP,Visit / Prospect,0,0,,2,COMM-LIKELY,PCP — commercial/Medicare-likely; confirm HMO share (BCN/HAP/McLaren/Priority HMO need PCP referral — we handle that),Heuristic — verify — intake (Kelly) verifies Tier 1 first; NOT confirmed,Payer: commercial/Medicare-likely — HMO referrals handled with your staff.,"OPEN: introduce Synergy spine — integrated ortho + spine, deep bench, conservative-first. MESSAGE: your patients with back or neck pain get seen the same week — imaging, conservative care, interventional and surgical under one roof, and we handle HMO referral paperwork with your staff. ASK: “Send us a handful — let us show you what we're about.” Leave one-pager + direct line; log who you met."
955f13c7-e431-43cf-b407-ab2791e34825,Doctors of physical therapy and hand therapy,Jasmine,Prospect,Wave 2,PT,Visit / Prospect,0,0,,3,COMM-LIKELY,Private specialty practice — commercial/Medicare-likely (QUALIFIED); confirm,Heuristic — verify — intake (Kelly) verifies Tier 1 first; NOT confirmed,Payer: commercial/Medicare-likely — HMO referrals handled with your staff.,"OPEN: introduce Synergy spine — integrated ortho + spine, deep bench, conservative-first. MESSAGE: for patients whose progress stalls, a spine consult with imaging same-week — then straight back to your plan of care with clear notes. ASK: “Send us a handful — let us show you what we're about.” Leave one-pager + direct line; log who you met."
0889eef0-5cc1-4032-b658-e4a9c719c997,"DOWNRIVER INTERNISTS, PC",Jasmine,Prospect,Wave 2,PCP,Visit / Prospect,0,0,,2,COMM-LIKELY,PCP — commercial/Medicare-likely; confirm HMO share (BCN/HAP/McLaren/Priority HMO need PCP referral — we handle that),Heuristic — verify — intake (Kelly) verifies Tier 1 first; NOT confirmed,Payer: commercial/Medicare-likely — HMO referrals handled with your staff.,"OPEN: introduce Synergy spine — integrated ortho + spine, deep bench, conservative-first. MESSAGE: your patients with back or neck pain get seen the same week — imaging, conservative care, interventional and surgical under one roof, and we handle HMO referral paperwork with your staff. ASK: “Send us a handful — let us show you what we're about.” Leave one-pager + direct line; log who you met."
5cce6822-d3c7-400b-a3ee-0b6788d7b144,"DR VIJAYA CHALLA, MD, PC",Jasmine,Prospect,Wave 2,PCP,Visit / Prospect,0,0,,2,COMM-LIKELY,PCP — commercial/Medicare-likely; confirm HMO share (BCN/HAP/McLaren/Priority HMO need PCP referral — we handle that),Heuristic — verify — intake (Kelly) verifies Tier 1 first; NOT confirmed,Payer: commercial/Medicare-likely — HMO referrals handled with your staff.,"OPEN: introduce Synergy spine — integrated ortho + spine, deep bench, conservative-first. MESSAGE: your patients with back or neck pain get seen the same week — imaging, conservative care, interventional and surgical under one roof, and we handle HMO referral paperwork with your staff. ASK: “Send us a handful — let us show you what we're about.” Leave one-pager + direct line; log who you met."
6855cf51-cff2-4106-8a51-41fb2da1e895,Dr. Susannah Parke,Jasmine,Prospect,Wave 2,PCP,Visit / Prospect,0,0,,1,COMM-LIKELY,PCP — commercial/Medicare-likely; confirm HMO share (BCN/HAP/McLaren/Priority HMO need PCP referral — we handle that),Heuristic — verify — intake (Kelly) verifies Tier 1 first; NOT confirmed,Payer: commercial/Medicare-likely — HMO referrals handled with your staff.,"OPEN: introduce Synergy spine — integrated ortho + spine, deep bench, conservative-first. MESSAGE: your patients with back or neck pain get seen the same week — imaging, conservative care, interventional and surgical under one roof, and we handle HMO referral paperwork with your staff. ASK: “Send us a handful — let us show you what we're about.” Leave one-pager + direct line; log who you met."
110f66be-a765-4c63-bea0-2594890f94c8,Duncan Chiropractic Group,Jasmine,Prospect,Wave 2,Chiropractor,Visit / Prospect,0,0,,6,COMM-WCPI,Chiro — commercial + WC/PI mix (QUALIFIED); screen auto/WC liens,Heuristic — verify — intake (Kelly) verifies Tier 1 first; NOT confirmed,Payer: commercial + auto/WC liens welcome; screen Medicaid share.,"OPEN: introduce Synergy spine — integrated ortho + spine, deep bench, conservative-first. MESSAGE: co-management for patients who plateau — imaging access, interventional options, surgical consults when warranted, and every patient returns to your care plan with notes. ASK: “Send us a handful — let us show you what we're about.” Leave one-pager + direct line; log who you met."
e73a93c2-41c4-488a-8474-89698cf619bb,"EAST DEARBORN MEDICAL CLINIC, PC (Medicaid)",Jasmine,Prospect,Wave 2,PCP,Visit / Prospect,0,0,,1,COMM-LIKELY,PCP — commercial/Medicare-likely; confirm HMO share (BCN/HAP/McLaren/Priority HMO need PCP referral — we handle that),Heuristic — verify — intake (Kelly) verifies Tier 1 first; NOT confirmed,Payer: commercial/Medicare-likely — HMO referrals handled with your staff.,"OPEN: introduce Synergy spine — integrated ortho + spine, deep bench, conservative-first. MESSAGE: your patients with back or neck pain get seen the same week — imaging, conservative care, interventional and surgical under one roof, and we handle HMO referral paperwork with your staff. ASK: “Send us a handful — let us show you what we're about.” Leave one-pager + direct line; log who you met."
a8634a8d-40a8-4c4d-84a9-ddf74b794be2,"EASTBORN CLINIC, PLLC",Jasmine,Prospect,Wave 2,PCP,Visit / Prospect,0,0,,1,COMM-LIKELY,PCP — commercial/Medicare-likely; confirm HMO share (BCN/HAP/McLaren/Priority HMO need PCP referral — we handle that),Heuristic — verify — intake (Kelly) verifies Tier 1 first; NOT confirmed,Payer: commercial/Medicare-likely — HMO referrals handled with your staff.,"OPEN: introduce Synergy spine — integrated ortho + spine, deep bench, conservative-first. MESSAGE: your patients with back or neck pain get seen the same week — imaging, conservative care, interventional and surgical under one roof, and we handle HMO referral paperwork with your staff. ASK: “Send us a handful — let us show you what we're about.” Leave one-pager + direct line; log who you met."
54cc6f59-8575-499c-a4fb-25b77aad9f25,Elite Care Physicians PLLC,Jasmine,Prospect,Wave 2,PCP,Visit / Prospect,0,0,,5,COMM-LIKELY,PCP — commercial/Medicare-likely; confirm HMO share (BCN/HAP/McLaren/Priority HMO need PCP referral — we handle that),Heuristic — verify — intake (Kelly) verifies Tier 1 first; NOT confirmed,Payer: commercial/Medicare-likely — HMO referrals handled with your staff.,"OPEN: introduce Synergy spine — integrated ortho + spine, deep bench, conservative-first. MESSAGE: your patients with back or neck pain get seen the same week — imaging, conservative care, interventional and surgical under one roof, and we handle HMO referral paperwork with your staff. ASK: “Send us a handful — let us show you what we're about.” Leave one-pager + direct line; log who you met."
d52215b9-d874-4639-9ff2-a87b853ad52d,Adult Wellness & Internal Medicine,Coty,Prospect,Wave 2,PCP,Visit / Prospect,0,0,,3,COMM-LIKELY,PCP — commercial/Medicare-likely; confirm HMO share (BCN/HAP/McLaren/Priority HMO need PCP referral — we handle that),Heuristic — verify — intake (Kelly) verifies Tier 1 first; NOT confirmed,Payer: commercial/Medicare-likely — HMO referrals handled with your staff.,"OPEN: introduce Synergy spine — integrated ortho + spine, deep bench, conservative-first. MESSAGE: your patients with back or neck pain get seen the same week — imaging, conservative care, interventional and surgical under one roof, and we handle HMO referral paperwork with your staff. ASK: “Send us a handful — let us show you what we're about.” Leave one-pager + direct line; log who you met."
74360f7a-f042-4521-a7bb-a807dcb10282,Advance Urgent Care - Hartland,Coty,Prospect,Wave 2,Urgent Care,Visit / Prospect,0,0,,2,MIXED-WALKIN,Walk-in panel — mixed payers; qualified with intake screening,Heuristic — verify — intake (Kelly) verifies Tier 1 first; NOT confirmed,Payer: walk-in mix — intake screens each referral; commercial/Medicare flow same-week.,"OPEN: introduce Synergy spine — integrated ortho + spine, deep bench, conservative-first. MESSAGE: an acute back/neck pathway: your discharge sheet can book a spine evaluation the same week — one number, we take it from there. ASK: “Send us a handful — let us show you what we're about.” Leave one-pager + direct line; log who you met."
5271bbd8-dfe5-4d54-a0a2-f5547050cafe,Macomb Internal Medicine,Sean (verify),Tier 1,Sean Priority,PCP,Repeat Spine Referrer,4,4,"Anu Duvoor, MD (2 spine) · Linda Kosal, DO (2 spine)",12,COMM-LIKELY,PCP — commercial/Medicare-likely; confirm HMO share (BCN/HAP/McLaren/Priority HMO need PCP referral — we handle that),Heuristic — verify — intake (Kelly) verifies Tier 1 first; NOT confirmed,Payer: commercial/Medicare-likely — HMO referrals handled with your staff.,"Thank you for trusting us with the care of your patients (Dr. Duvoor's referrals especially). OPEN: what could we do better — access, notes back, anything? MESSAGE: same-week access still holds for your patients; your patients with back or neck pain get seen the same week — imaging, conservative care, interventional and surgical under one roof, and we handle HMO referral paperwork with your staff. ASK: anything pending right now we can get seen this week?"
6aee51ce-625f-4968-96c5-5d9a6936bf27,MI Family Practice,Sean (verify),Tier 1,Sean Priority,PCP,Repeat Spine Referrer,3,8,"Matthew Garza, DO (2 spine) · Taras Lisowsky, DO (1 spine)",3,COMM-LIKELY,PCP — commercial/Medicare-likely; confirm HMO share (BCN/HAP/McLaren/Priority HMO need PCP referral — we handle that),Heuristic — verify — intake (Kelly) verifies Tier 1 first; NOT confirmed,Payer: commercial/Medicare-likely — HMO referrals handled with your staff.,"Thank you for trusting us with the care of your patients (Dr. Garza's referrals especially). OPEN: what could we do better — access, notes back, anything? MESSAGE: same-week access still holds for your patients; your patients with back or neck pain get seen the same week — imaging, conservative care, interventional and surgical under one roof, and we handle HMO referral paperwork with your staff. ASK: anything pending right now we can get seen this week?"
33d0c0aa-7d47-450d-9673-71acb651321c,Michigan Compassionate Care,Sean (verify),Tier 1,Sean Priority,PCP,Repeat Spine Referrer,2,9,"Muhammad Vasiq, MD (2 spine) · Michigan Compassionate Care (2 ortho)",2,COMM-LIKELY,PCP — commercial/Medicare-likely; confirm HMO share (BCN/HAP/McLaren/Priority HMO need PCP referral — we handle that),Heuristic — verify — intake (Kelly) verifies Tier 1 first; NOT confirmed,Payer: commercial/Medicare-likely — HMO referrals handled with your staff.,"Thank you for trusting us with the care of your patients (Dr. Vasiq's referrals especially). OPEN: what could we do better — access, notes back, anything? MESSAGE: same-week access still holds for your patients; your patients with back or neck pain get seen the same week — imaging, conservative care, interventional and surgical under one roof, and we handle HMO referral paperwork with your staff. ASK: anything pending right now we can get seen this week?"
1205856432,Associates in Family Practice,Sean (verify),Tier 1,Sean Priority,PCP,One Spine Patient,1,2,"Fadi Oska, MD (1 spine)",15,COMM-LIKELY,PCP — commercial/Medicare-likely; confirm HMO share (BCN/HAP/McLaren/Priority HMO need PCP referral — we handle that),Heuristic — verify — intake (Kelly) verifies Tier 1 first; NOT confirmed,Payer: commercial/Medicare-likely — HMO referrals handled with your staff.,"Thank you for trusting us with the care of your patients (Dr. Oska's referrals especially). OPEN: how was the experience on the spine patient you sent? MESSAGE: that same pathway works every time — your patients with back or neck pain get seen the same week — imaging, conservative care, interventional and surgical under one roof, and we handle HMO referral paperwork with your staff. ASK: make us your default for the next back/neck patient; leave named coordinator + direct line."
1952519001,Beaumont Family Medicine - Sterling Heights,Sean (verify),Tier 3,Sean Priority,PCP,Other Patient Referrer,0,1,"Hany Eraqi, MD",42,MIXED-SYSTEM,Hospital-system site — mixed commercial + Medicare + some Medicaid; qualified with intake screening,Heuristic — verify — intake (Kelly) verifies Tier 1 first; NOT confirmed,Payer: mixed panel — screen at intake; HMO plans need PCP referral (we assist).,"Thank you for the patients you've sent. MESSAGE: beyond what you already send, our spine line offers your patients with back or neck pain get seen the same week — imaging, conservative care, interventional and surgical under one roof, and we handle HMO referral paperwork with your staff. ASK: “Send us a handful of the spine ones — let us show you what we're about.”"
1932273448,Henry Ford Medical Center - Warren,Sean (verify),Prospect,Sean Priority,PCP,Visit / Prospect,0,0,,7,MIXED-SYSTEM,Hospital-system site — mixed commercial + Medicare + some Medicaid; qualified with intake screening,Heuristic — verify — intake (Kelly) verifies Tier 1 first; NOT confirmed,Payer: mixed panel — screen at intake; HMO plans need PCP referral (we assist).,"OPEN: introduce Synergy spine — integrated ortho + spine, deep bench, conservative-first. MESSAGE: your patients with back or neck pain get seen the same week — imaging, conservative care, interventional and surgical under one roof, and we handle HMO referral paperwork with your staff. ASK: “Send us a handful — let us show you what we're about.” Leave one-pager + direct line; log who you met."
1952660706,Oakland Primary Care,Sean (verify),Tier 1,Sean Priority,PCP,Repeat Spine Referrer,2,6,"Jason I Soffa, DO (2 spine) · Uroob Rahman, MD (1 ortho) · Ryan Smith DO (1 ortho) · Jason Soffa, DO (1 ortho)",14,COMM-LIKELY,PCP — commercial/Medicare-likely; confirm HMO share (BCN/HAP/McLaren/Priority HMO need PCP referral — we handle that),Heuristic — verify — intake (Kelly) verifies Tier 1 first; NOT confirmed,Payer: commercial/Medicare-likely — HMO referrals handled with your staff.,"Thank you for trusting us with the care of your patients (Dr. Soffa's referrals especially). OPEN: what could we do better — access, notes back, anything? MESSAGE: same-week access still holds for your patients; your patients with back or neck pain get seen the same week — imaging, conservative care, interventional and surgical under one roof, and we handle HMO referral paperwork with your staff. ASK: anything pending right now we can get seen this week?"
1992782320,Macomb Medical Clinic,Sean (verify),Tier 1,Sean Priority,PCP,One Spine Patient,1,12,"Jillian Monticciolo Pa C (1 spine) · Amar Kurjakovic, PA-C (4 ortho) · Mark S Rosenberg, DO (2 ortho) · David Giancola, PA (1 ortho) · Macomb Medical Clinic (1 ortho) · Brooke Tobia, PA (1 ortho)",6,COMM-LIKELY,PCP — commercial/Medicare-likely; confirm HMO share (BCN/HAP/McLaren/Priority HMO need PCP referral — we handle that),Heuristic — verify — intake (Kelly) verifies Tier 1 first; NOT confirmed,Payer: commercial/Medicare-likely — HMO referrals handled with your staff.,"Thank you for trusting us with the care of your patients (Jillian Monticciolo Pa C's referrals especially). OPEN: how was the experience on the spine patient you sent? MESSAGE: that same pathway works every time — your patients with back or neck pain get seen the same week — imaging, conservative care, interventional and surgical under one roof, and we handle HMO referral paperwork with your staff. ASK: make us your default for the next back/neck patient; leave named coordinator + direct line."
fdefbf3e-907d-4d68-bbd3-2d70f4818b7a,Macomb Physicians Group,Sean (verify),Tier 1,Sean Priority,PCP,One Spine Patient,1,9,"Lalitha Koneru, MD (1 spine) · Gordhan Diora, MD (3 ortho) · Mark H Stephen, MD (2 ortho) · Mark Stephen, MD (1 ortho)",11,COMM-LIKELY,PCP — commercial/Medicare-likely; confirm HMO share (BCN/HAP/McLaren/Priority HMO need PCP referral — we handle that),Heuristic — verify — intake (Kelly) verifies Tier 1 first; NOT confirmed,Payer: commercial/Medicare-likely — HMO referrals handled with your staff.,"Thank you for trusting us with the care of your patients (Dr. Koneru's referrals especially). OPEN: how was the experience on the spine patient you sent? MESSAGE: that same pathway works every time — your patients with back or neck pain get seen the same week — imaging, conservative care, interventional and surgical under one roof, and we handle HMO referral paperwork with your staff. ASK: make us your default for the next back/neck patient; leave named coordinator + direct line."
1c5c4e69-60f0-4d66-a3ee-9a33e818a99b,Lakeside Internal Medicine,Sean (verify),Tier 2,Sean Priority,PCP,Ortho Referrer,0,3,"Charles Skardarasy, MD (3 ortho)",8,COMM-LIKELY,PCP — commercial/Medicare-likely; confirm HMO share (BCN/HAP/McLaren/Priority HMO need PCP referral — we handle that),Heuristic — verify — intake (Kelly) verifies Tier 1 first; NOT confirmed,Payer: commercial/Medicare-likely — HMO referrals handled with your staff.,"Thank you for the patients you've sent. OPEN: you already trust us with ortho. MESSAGE: spine works exactly the same way — your patients with back or neck pain get seen the same week — imaging, conservative care, interventional and surgical under one roof, and we handle HMO referral paperwork with your staff. ASK: send the next back/neck patient the way you send knees and shoulders."
c88f05f1-5992-43b0-947c-469a44a0feef,Ryan Medical Associates,Sean (verify),Tier 1,Sean Priority,PCP,Repeat Spine Referrer,2,3,"Kevin A Agrest, DO (1 spine) · Christine England, NP (1 spine) · Jeffrey A Kraft, DO (1 ortho)",4,COMM-LIKELY,PCP — commercial/Medicare-likely; confirm HMO share (BCN/HAP/McLaren/Priority HMO need PCP referral — we handle that),Heuristic — verify — intake (Kelly) verifies Tier 1 first; NOT confirmed,Payer: commercial/Medicare-likely — HMO referrals handled with your staff.,"Thank you for trusting us with the care of your patients (Dr. Agrest's referrals especially). OPEN: what could we do better — access, notes back, anything? MESSAGE: same-week access still holds for your patients; your patients with back or neck pain get seen the same week — imaging, conservative care, interventional and surgical under one roof, and we handle HMO referral paperwork with your staff. ASK: anything pending right now we can get seen this week?"
1972593499,Sterling Physicians,Sean (verify),Tier 1,Sean Priority,PCP,One Spine Patient,1,1,"James Burtka, MD (1 spine)",2,COMM-LIKELY,PCP — commercial/Medicare-likely; confirm HMO share (BCN/HAP/McLaren/Priority HMO need PCP referral — we handle that),Heuristic — verify — intake (Kelly) verifies Tier 1 first; NOT confirmed,Payer: commercial/Medicare-likely — HMO referrals handled with your staff.,"Thank you for trusting us with the care of your patients (Dr. Burtka's referrals especially). OPEN: how was the experience on the spine patient you sent? MESSAGE: that same pathway works every time — your patients with back or neck pain get seen the same week — imaging, conservative care, interventional and surgical under one roof, and we handle HMO referral paperwork with your staff. ASK: make us your default for the next back/neck patient; leave named coordinator + direct line."
16c0ac85-6d3c-4c74-97b4-385a2a7fac00,Cornerstone Lakefront Internists,Sean (verify),Tier 1,Sean Priority,PCP,One Spine Patient,1,1,"Benjamin Osowa, MD (1 spine)",3,COMM-LIKELY,PCP — commercial/Medicare-likely; confirm HMO share (BCN/HAP/McLaren/Priority HMO need PCP referral — we handle that),Heuristic — verify — intake (Kelly) verifies Tier 1 first; NOT confirmed,Payer: commercial/Medicare-likely — HMO referrals handled with your staff.,"Thank you for trusting us with the care of your patients (Dr. Osowa's referrals especially). OPEN: how was the experience on the spine patient you sent? MESSAGE: that same pathway works every time — your patients with back or neck pain get seen the same week — imaging, conservative care, interventional and surgical under one roof, and we handle HMO referral paperwork with your staff. ASK: make us your default for the next back/neck patient; leave named coordinator + direct line."
1bcc2e23-5fc1-428c-ad41-dc35c5345bf7,Get Well Urgent Care - Sterling Heights,Sean (verify),Tier 1,Sean Priority,Urgent Care,One Spine Patient,1,2,Get Well Urgent Care Of Sterling Heights (1 spine) · Get Well Urgent Care - Sterling Heights (1 ortho),3,MIXED-WALKIN,Walk-in panel — mixed payers; qualified with intake screening,Heuristic — verify — intake (Kelly) verifies Tier 1 first; NOT confirmed,Payer: walk-in mix — intake screens each referral; commercial/Medicare flow same-week.,"Thank you for trusting us with the care of your patients (Get Well Urgent Care Of Sterling Heights's referrals especially). OPEN: how was the experience on the spine patient you sent? MESSAGE: that same pathway works every time — an acute back/neck pathway: your discharge sheet can book a spine evaluation the same week — one number, we take it from there. ASK: make us your default for the next back/neck patient; leave named coordinator + direct line."
1043384555,Henry Ford Medical Center - East Jefferson,Sean (verify),Tier 1,Sean Priority,PCP,One Spine Patient,1,2,"Eshel Turk, MD (1 spine)",6,MIXED-SYSTEM,Hospital-system site — mixed commercial + Medicare + some Medicaid; qualified with intake screening,Heuristic — verify — intake (Kelly) verifies Tier 1 first; NOT confirmed,Payer: mixed panel — screen at intake; HMO plans need PCP referral (we assist).,"Thank you for trusting us with the care of your patients (Dr. Turk's referrals especially). OPEN: how was the experience on the spine patient you sent? MESSAGE: that same pathway works every time — your patients with back or neck pain get seen the same week — imaging, conservative care, interventional and surgical under one roof, and we handle HMO referral paperwork with your staff. ASK: make us your default for the next back/neck patient; leave named coordinator + direct line."
0b9485b1-39bd-4f21-8222-387834af8472,Kashat Urgent care,Sean (verify),Tier 1,Sean Priority,Urgent Care,One Spine Patient,1,1,"Ghazawan K Kashat, MD (1 spine)",2,MIXED-WALKIN,Walk-in panel — mixed payers; qualified with intake screening,Heuristic — verify — intake (Kelly) verifies Tier 1 first; NOT confirmed,Payer: walk-in mix — intake screens each referral; commercial/Medicare flow same-week.,"Thank you for trusting us with the care of your patients (Dr. Kashat's referrals especially). OPEN: how was the experience on the spine patient you sent? MESSAGE: that same pathway works every time — an acute back/neck pathway: your discharge sheet can book a spine evaluation the same week — one number, we take it from there. ASK: make us your default for the next back/neck patient; leave named coordinator + direct line."
ce3b56cf-1381-41d0-b067-752448464958,Michigan Primary Care - Sterling Heights,Sean (verify),Tier 1,Sean Priority,PCP,One Spine Patient,1,1,"Aleksandra Tasevski, NP (1 spine)",3,COMM-LIKELY,PCP — commercial/Medicare-likely; confirm HMO share (BCN/HAP/McLaren/Priority HMO need PCP referral — we handle that),Heuristic — verify — intake (Kelly) verifies Tier 1 first; NOT confirmed,Payer: commercial/Medicare-likely — HMO referrals handled with your staff.,"Thank you for trusting us with the care of your patients (Aleksandra Tasevski's referrals especially). OPEN: how was the experience on the spine patient you sent? MESSAGE: that same pathway works every time — your patients with back or neck pain get seen the same week — imaging, conservative care, interventional and surgical under one roof, and we handle HMO referral paperwork with your staff. ASK: make us your default for the next back/neck patient; leave named coordinator + direct line."
62e680e9-a222-400d-9186-a369d13cf23f,Schoenherr Parkway Family Practice,Sean (verify),Tier 1,Sean Priority,PCP,One Spine Patient,1,3,"Mona Khater, MD (1 spine)",2,COMM-LIKELY,PCP — commercial/Medicare-likely; confirm HMO share (BCN/HAP/McLaren/Priority HMO need PCP referral — we handle that),Heuristic — verify — intake (Kelly) verifies Tier 1 first; NOT confirmed,Payer: commercial/Medicare-likely — HMO referrals handled with your staff.,"Thank you for trusting us with the care of your patients (Dr. Khater's referrals especially). OPEN: how was the experience on the spine patient you sent? MESSAGE: that same pathway works every time — your patients with back or neck pain get seen the same week — imaging, conservative care, interventional and surgical under one roof, and we handle HMO referral paperwork with your staff. ASK: make us your default for the next back/neck patient; leave named coordinator + direct line."
954353cc-a941-4b77-90f3-f3fb1c62e161,"DIAB AND KINNER INTERNAL MEDICINE, PC- use",Sean (verify),Tier 1,Sean Priority,PCP,One Spine Patient,1,1,"Carolann Kinner, DO (1 spine)",2,COMM-LIKELY,PCP — commercial/Medicare-likely; confirm HMO share (BCN/HAP/McLaren/Priority HMO need PCP referral — we handle that),Heuristic — verify — intake (Kelly) verifies Tier 1 first; NOT confirmed,Payer: commercial/Medicare-likely — HMO referrals handled with your staff.,"Thank you for trusting us with the care of your patients (Dr. Kinner's referrals especially). OPEN: how was the experience on the spine patient you sent? MESSAGE: that same pathway works every time — your patients with back or neck pain get seen the same week — imaging, conservative care, interventional and surgical under one roof, and we handle HMO referral paperwork with your staff. ASK: make us your default for the next back/neck patient; leave named coordinator + direct line."
1386634749,Tri-County Medical Clinic,Sean (verify),Tier 1,Sean Priority,PCP,One Spine Patient,1,2,"Kenneth J Wolok Do (1 spine) · Jeffrey S Deitch, DO (1 ortho)",9,COMM-LIKELY,PCP — commercial/Medicare-likely; confirm HMO share (BCN/HAP/McLaren/Priority HMO need PCP referral — we handle that),Heuristic — verify — intake (Kelly) verifies Tier 1 first; NOT confirmed,Payer: commercial/Medicare-likely — HMO referrals handled with your staff.,"Thank you for trusting us with the care of your patients (Kenneth J Wolok Do's referrals especially). OPEN: how was the experience on the spine patient you sent? MESSAGE: that same pathway works every time — your patients with back or neck pain get seen the same week — imaging, conservative care, interventional and surgical under one roof, and we handle HMO referral paperwork with your staff. ASK: make us your default for the next back/neck patient; leave named coordinator + direct line."
1700860103,Michigan Adult and Child Medicine,Sean (verify),Tier 2,Sean Priority,PCP,Ortho Referrer,0,4,"Renee Y Paye, MD (2 ortho) · John Byrne, MD (1 ortho) · Jeffrey Fisher, MD (1 ortho)",8,COMM-LIKELY,PCP — commercial/Medicare-likely; confirm HMO share (BCN/HAP/McLaren/Priority HMO need PCP referral — we handle that),Heuristic — verify — intake (Kelly) verifies Tier 1 first; NOT confirmed,Payer: commercial/Medicare-likely — HMO referrals handled with your staff.,"Thank you for the patients you've sent. OPEN: you already trust us with ortho. MESSAGE: spine works exactly the same way — your patients with back or neck pain get seen the same week — imaging, conservative care, interventional and surgical under one roof, and we handle HMO referral paperwork with your staff. ASK: send the next back/neck patient the way you send knees and shoulders."
1750481842,Pioneer Medical Associates - Warren,Sean (verify),Tier 2,Sean Priority,PCP,Ortho Referrer,0,2,Srinivas Koneru (1 ortho) · Robert Marcotte (1 ortho),5,COMM-LIKELY,PCP — commercial/Medicare-likely; confirm HMO share (BCN/HAP/McLaren/Priority HMO need PCP referral — we handle that),Heuristic — verify — intake (Kelly) verifies Tier 1 first; NOT confirmed,Payer: commercial/Medicare-likely — HMO referrals handled with your staff.,"Thank you for the patients you've sent. OPEN: you already trust us with ortho. MESSAGE: spine works exactly the same way — your patients with back or neck pain get seen the same week — imaging, conservative care, interventional and surgical under one roof, and we handle HMO referral paperwork with your staff. ASK: send the next back/neck patient the way you send knees and shoulders."
719fbbb9-0131-4ed6-bfd7-14646d9c41fb,Sterling Heights Urgent Care,Sean (verify),Tier 2,Sean Priority,Urgent Care,Ortho Referrer,0,3,Sterling Heights Urgent Care (2 ortho),3,MIXED-WALKIN,Walk-in panel — mixed payers; qualified with intake screening,Heuristic — verify — intake (Kelly) verifies Tier 1 first; NOT confirmed,Payer: walk-in mix — intake screens each referral; commercial/Medicare flow same-week.,"Thank you for the patients you've sent. OPEN: you already trust us with ortho. MESSAGE: spine works exactly the same way — an acute back/neck pathway: your discharge sheet can book a spine evaluation the same week — one number, we take it from there. ASK: send the next back/neck patient the way you send knees and shoulders."
c96dc780-a933-4f9f-aaa3-e1da22d0f35e,Roseville Family Practice,Sean (verify),Tier 2,Sean Priority,PCP,Ortho Referrer,0,2,"Mark Holowinski, MD (2 ortho)",4,COMM-LIKELY,PCP — commercial/Medicare-likely; confirm HMO share (BCN/HAP/McLaren/Priority HMO need PCP referral — we handle that),Heuristic — verify — intake (Kelly) verifies Tier 1 first; NOT confirmed,Payer: commercial/Medicare-likely — HMO referrals handled with your staff.,"Thank you for the patients you've sent. OPEN: you already trust us with ortho. MESSAGE: spine works exactly the same way — your patients with back or neck pain get seen the same week — imaging, conservative care, interventional and surgical under one roof, and we handle HMO referral paperwork with your staff. ASK: send the next back/neck patient the way you send knees and shoulders."
ec2dcadc-ce63-4324-aea0-52ae2b2bdd91,David S Weingarden MD & Associates,Sean (verify),Tier 2,Sean Priority,Orthopedic,Ortho Referrer,0,1,"David Davis, MD (1 ortho)",9,COMM-LIKELY,Private specialty practice — commercial/Medicare-likely (QUALIFIED); confirm,Heuristic — verify — intake (Kelly) verifies Tier 1 first; NOT confirmed,Payer: commercial/Medicare-likely — HMO referrals handled with your staff.,"Thank you for the patients you've sent. OPEN: you already trust us with ortho. MESSAGE: spine works exactly the same way — for the spine cases outside your scope, we co-manage: your patient stays yours, our spine team handles just the spine problem, notes back to you every visit. ASK: send the next back/neck patient the way you send knees and shoulders."
3b700a13-2f3b-4e83-bd1f-61bd1cca19e6,Elite Family Medicine,Sean (verify),Tier 2,Sean Priority,PCP,Ortho Referrer,0,1,"Maha Hasso, MD (1 ortho)",2,COMM-LIKELY,PCP — commercial/Medicare-likely; confirm HMO share (BCN/HAP/McLaren/Priority HMO need PCP referral — we handle that),Heuristic — verify — intake (Kelly) verifies Tier 1 first; NOT confirmed,Payer: commercial/Medicare-likely — HMO referrals handled with your staff.,"Thank you for the patients you've sent. OPEN: you already trust us with ortho. MESSAGE: spine works exactly the same way — your patients with back or neck pain get seen the same week — imaging, conservative care, interventional and surgical under one roof, and we handle HMO referral paperwork with your staff. ASK: send the next back/neck patient the way you send knees and shoulders."
8c04fb31-3380-488f-aa8a-954ff32146f2,Epic Health - St Clair Shores,Sean (verify),Tier 2,Sean Priority,PCP,Ortho Referrer,0,1,"Ronald Barnett, DO (1 ortho)",7,COMM-LIKELY,PCP — commercial/Medicare-likely; confirm HMO share (BCN/HAP/McLaren/Priority HMO need PCP referral — we handle that),Heuristic — verify — intake (Kelly) verifies Tier 1 first; NOT confirmed,Payer: commercial/Medicare-likely — HMO referrals handled with your staff.,"Thank you for the patients you've sent. OPEN: you already trust us with ortho. MESSAGE: spine works exactly the same way — your patients with back or neck pain get seen the same week — imaging, conservative care, interventional and surgical under one roof, and we handle HMO referral paperwork with your staff. ASK: send the next back/neck patient the way you send knees and shoulders."
8ae19fc3-b1ab-4f35-ab71-b73d93833918,Get Well Urgent Care - Warren,Sean (verify),Tier 2,Sean Priority,Urgent Care,Ortho Referrer,0,1,Get Well Urgent Care Warren (1 ortho),4,MIXED-WALKIN,Walk-in panel — mixed payers; qualified with intake screening,Heuristic — verify — intake (Kelly) verifies Tier 1 first; NOT confirmed,Payer: walk-in mix — intake screens each referral; commercial/Medicare flow same-week.,"Thank you for the patients you've sent. OPEN: you already trust us with ortho. MESSAGE: spine works exactly the same way — an acute back/neck pathway: your discharge sheet can book a spine evaluation the same week — one number, we take it from there. ASK: send the next back/neck patient the way you send knees and shoulders."
1427049683,MyCare Health Center - Mt Clemens,Sean (verify),Tier 2,Sean Priority,PCP,Ortho Referrer,0,1,Christine M Allor Fnp-c (1 ortho),3,MEDICAID-LIKELY,Community-health/FQHC pattern — Medicaid-heavy panel likely; payer gate: cap Tier 2 until VERIFIED,Heuristic — VERIFY FIRST — intake (Kelly) verifies Tier 1 first; NOT confirmed,Payer CAUTION: likely Medicaid-heavy — do NOT promise same-week until eligibility verified; uninsured → Harmony Health Direct Pay.,"Thank you for the patients you've sent. OPEN: you already trust us with ortho. MESSAGE: spine works exactly the same way — your patients with back or neck pain get seen the same week — imaging, conservative care, interventional and surgical under one roof, and we handle HMO referral paperwork with your staff. ASK: send the next back/neck patient the way you send knees and shoulders."
f30f611c-772a-406a-9d92-231790b785c2,Sterling Medical Center & Urgent Care,Sean (verify),Tier 2,Sean Priority,Urgent Care,Ortho Referrer,0,1,Mohammed Nader Bazzy (1 ortho),4,MIXED-WALKIN,Walk-in panel — mixed payers; qualified with intake screening,Heuristic — verify — intake (Kelly) verifies Tier 1 first; NOT confirmed,Payer: walk-in mix — intake screens each referral; commercial/Medicare flow same-week.,"Thank you for the patients you've sent. OPEN: you already trust us with ortho. MESSAGE: spine works exactly the same way — an acute back/neck pathway: your discharge sheet can book a spine evaluation the same week — one number, we take it from there. ASK: send the next back/neck patient the way you send knees and shoulders."
1164469821,Waypointe Internal Medicine,Sean (verify),Tier 2,Sean Priority,PCP,Ortho Referrer,0,1,"Sara Ann Fox, MD (1 ortho)",5,COMM-LIKELY,PCP — commercial/Medicare-likely; confirm HMO share (BCN/HAP/McLaren/Priority HMO need PCP referral — we handle that),Heuristic — verify — intake (Kelly) verifies Tier 1 first; NOT confirmed,Payer: commercial/Medicare-likely — HMO referrals handled with your staff.,"Thank you for the patients you've sent. OPEN: you already trust us with ortho. MESSAGE: spine works exactly the same way — your patients with back or neck pain get seen the same week — imaging, conservative care, interventional and surgical under one roof, and we handle HMO referral paperwork with your staff. ASK: send the next back/neck patient the way you send knees and shoulders."
1063423176,Allied Internists,Sean (verify),Tier 2,Sean Priority,PCP,Ortho Referrer,0,1,"Wahed Ishaqsei, MD (1 ortho)",2,COMM-LIKELY,PCP — commercial/Medicare-likely; confirm HMO share (BCN/HAP/McLaren/Priority HMO need PCP referral — we handle that),Heuristic — verify — intake (Kelly) verifies Tier 1 first; NOT confirmed,Payer: commercial/Medicare-likely — HMO referrals handled with your staff.,"Thank you for the patients you've sent. OPEN: you already trust us with ortho. MESSAGE: spine works exactly the same way — your patients with back or neck pain get seen the same week — imaging, conservative care, interventional and surgical under one roof, and we handle HMO referral paperwork with your staff. ASK: send the next back/neck patient the way you send knees and shoulders."
1780671461,Aquino Integrative Internal Medicine,Sean (verify),Tier 2,Sean Priority,PCP,Ortho Referrer,0,1,"Robert Aquino, DO (1 ortho)",2,COMM-LIKELY,PCP — commercial/Medicare-likely; confirm HMO share (BCN/HAP/McLaren/Priority HMO need PCP referral — we handle that),Heuristic — verify — intake (Kelly) verifies Tier 1 first; NOT confirmed,Payer: commercial/Medicare-likely — HMO referrals handled with your staff.,"Thank you for the patients you've sent. OPEN: you already trust us with ortho. MESSAGE: spine works exactly the same way — your patients with back or neck pain get seen the same week — imaging, conservative care, interventional and surgical under one roof, and we handle HMO referral paperwork with your staff. ASK: send the next back/neck patient the way you send knees and shoulders."
476bc8e4-84c4-4063-97a9-b649ed44dddf,Horizon Care Medical Group - Warren,Sean (verify),Tier 2,Sean Priority,PCP,Ortho Referrer,0,1,"Anthony Spearman, MD (1 ortho)",1,COMM-LIKELY,PCP — commercial/Medicare-likely; confirm HMO share (BCN/HAP/McLaren/Priority HMO need PCP referral — we handle that),Heuristic — verify — intake (Kelly) verifies Tier 1 first; NOT confirmed,Payer: commercial/Medicare-likely — HMO referrals handled with your staff.,"Thank you for the patients you've sent. OPEN: you already trust us with ortho. MESSAGE: spine works exactly the same way — your patients with back or neck pain get seen the same week — imaging, conservative care, interventional and surgical under one roof, and we handle HMO referral paperwork with your staff. ASK: send the next back/neck patient the way you send knees and shoulders."
e73f759b-87dc-444f-a504-b954ddeeace1,Masonic Medical Center - Ascension,Sean (verify),Tier 2,Sean Priority,PCP,Ortho Referrer,0,1,"Jeanette Elizabeth Wilson, MD (1 ortho)",12,MIXED-SYSTEM,Hospital-system site — mixed commercial + Medicare + some Medicaid; qualified with intake screening,Heuristic — verify — intake (Kelly) verifies Tier 1 first; NOT confirmed,Payer: mixed panel — screen at intake; HMO plans need PCP referral (we assist).,"Thank you for the patients you've sent. OPEN: you already trust us with ortho. MESSAGE: spine works exactly the same way — your patients with back or neck pain get seen the same week — imaging, conservative care, interventional and surgical under one roof, and we handle HMO referral paperwork with your staff. ASK: send the next back/neck patient the way you send knees and shoulders."
d1255d1a-17e8-4765-bfe5-45c6c087c8ed,Toma & Yaldo Medical Center,Sean (verify),Tier 2,Sean Priority,PCP,Ortho Referrer,0,1,"Raad Toma, MD (1 ortho)",2,COMM-LIKELY,PCP — commercial/Medicare-likely; confirm HMO share (BCN/HAP/McLaren/Priority HMO need PCP referral — we handle that),Heuristic — verify — intake (Kelly) verifies Tier 1 first; NOT confirmed,Payer: commercial/Medicare-likely — HMO referrals handled with your staff.,"Thank you for the patients you've sent. OPEN: you already trust us with ortho. MESSAGE: spine works exactly the same way — your patients with back or neck pain get seen the same week — imaging, conservative care, interventional and surgical under one roof, and we handle HMO referral paperwork with your staff. ASK: send the next back/neck patient the way you send knees and shoulders."
da57adc9-a2cf-4705-886d-76146cbbde06,Office of David Mandy DO,Sean (verify),Tier 2,Sean Priority,Pediatrics,Ortho Referrer,0,1,David Mandy (1 ortho),1,PEDS,Pediatric panel — low spine fit regardless of payer,Heuristic — intake (Kelly) verifies Tier 1 first; NOT confirmed,Note: pediatric panel — spine fit is low; adult family/staff referrals only.,"Thank you for the patients you've sent. OPEN: you already trust us with ortho. MESSAGE: spine works exactly the same way — for adolescent spine concerns (scoliosis, spondylolysis in athletes) we offer specialist evaluation — and adult family members get same-week access. ASK: send the next back/neck patient the way you send knees and shoulders."
1a50a3fe-5c81-47ac-8c33-c39f41b5453f,Livewell Medical Clinic,Sean (verify),Prospect,Sean Priority,PCP,Visit / Prospect,0,0,,2,COMM-LIKELY,PCP — commercial/Medicare-likely; confirm HMO share (BCN/HAP/McLaren/Priority HMO need PCP referral — we handle that),Heuristic — verify — intake (Kelly) verifies Tier 1 first; NOT confirmed,Payer: commercial/Medicare-likely — HMO referrals handled with your staff.,"OPEN: introduce Synergy spine — integrated ortho + spine, deep bench, conservative-first. MESSAGE: your patients with back or neck pain get seen the same week — imaging, conservative care, interventional and surgical under one roof, and we handle HMO referral paperwork with your staff. ASK: “Send us a handful — let us show you what we're about.” Leave one-pager + direct line; log who you met."
a6425ca5-5f40-4eb9-b8d3-f9f9387bc6a3,Michigan Surgery Specialists,Sean (verify),Prospect,Sean Priority,Orthopedic,Visit / Prospect,0,0,,5,COMM-LIKELY,Private specialty practice — commercial/Medicare-likely (QUALIFIED); confirm,Heuristic — verify — intake (Kelly) verifies Tier 1 first; NOT confirmed,Payer: commercial/Medicare-likely — HMO referrals handled with your staff.,"OPEN: introduce Synergy spine — integrated ortho + spine, deep bench, conservative-first. MESSAGE: for the spine cases outside your scope, we co-manage: your patient stays yours, our spine team handles just the spine problem, notes back to you every visit. ASK: “Send us a handful — let us show you what we're about.” Leave one-pager + direct line; log who you met."
f1101477-8d8b-4dfb-95cb-9be7ef328263,Elite Internal Medicine,Sean (verify),Prospect,Sean Priority,PCP,Visit / Prospect,0,0,,3,COMM-LIKELY,PCP — commercial/Medicare-likely; confirm HMO share (BCN/HAP/McLaren/Priority HMO need PCP referral — we handle that),Heuristic — verify — intake (Kelly) verifies Tier 1 first; NOT confirmed,Payer: commercial/Medicare-likely — HMO referrals handled with your staff.,"OPEN: introduce Synergy spine — integrated ortho + spine, deep bench, conservative-first. MESSAGE: your patients with back or neck pain get seen the same week — imaging, conservative care, interventional and surgical under one roof, and we handle HMO referral paperwork with your staff. ASK: “Send us a handful — let us show you what we're about.” Leave one-pager + direct line; log who you met."
8aca94c9-b375-4da0-9d0f-c7861c72e822,Farmbrooke Family Medicine,Sean (verify),Prospect,Sean Priority,PCP,Visit / Prospect,0,0,,1,COMM-LIKELY,PCP — commercial/Medicare-likely; confirm HMO share (BCN/HAP/McLaren/Priority HMO need PCP referral — we handle that),Heuristic — verify — intake (Kelly) verifies Tier 1 first; NOT confirmed,Payer: commercial/Medicare-likely — HMO referrals handled with your staff.,"OPEN: introduce Synergy spine — integrated ortho + spine, deep bench, conservative-first. MESSAGE: your patients with back or neck pain get seen the same week — imaging, conservative care, interventional and surgical under one roof, and we handle HMO referral paperwork with your staff. ASK: “Send us a handful — let us show you what we're about.” Leave one-pager + direct line; log who you met."
b3bfba2d-21ca-471b-b3b4-4f58148197b4,Insight Pain Clinic - Warren,Sean (verify),Prospect,Sean Priority,Pain,Visit / Prospect,0,0,,6,COMM-LIKELY,Private specialty practice — commercial/Medicare-likely (QUALIFIED); confirm,Heuristic — verify — intake (Kelly) verifies Tier 1 first; NOT confirmed,Payer: commercial/Medicare-likely — HMO referrals handled with your staff.,"OPEN: introduce Synergy spine — integrated ortho + spine, deep bench, conservative-first. MESSAGE: two-way partnership — we send conservative-first candidates to you, you send surgical-escalation candidates to our spine surgeons; both get seen same-week. ASK: “Send us a handful — let us show you what we're about.” Leave one-pager + direct line; log who you met."
1158487e-32f5-4bad-ac3b-9844a0cb9437,Macomb Pain Management,Sean (verify),Prospect,Sean Priority,Pain,Visit / Prospect,0,0,,3,COMM-LIKELY,Private specialty practice — commercial/Medicare-likely (QUALIFIED); confirm,Heuristic — verify — intake (Kelly) verifies Tier 1 first; NOT confirmed,Payer: commercial/Medicare-likely — HMO referrals handled with your staff.,"OPEN: introduce Synergy spine — integrated ortho + spine, deep bench, conservative-first. MESSAGE: two-way partnership — we send conservative-first candidates to you, you send surgical-escalation candidates to our spine surgeons; both get seen same-week. ASK: “Send us a handful — let us show you what we're about.” Leave one-pager + direct line; log who you met."
eb99f0db-4d6a-4e65-b31a-a1f28abc9c8c,Nu Life Medical - Shelby Township,Sean (verify),Prospect,Sean Priority,Pain,Visit / Prospect,0,0,,9,COMM-LIKELY,Private specialty practice — commercial/Medicare-likely (QUALIFIED); confirm,Heuristic — verify — intake (Kelly) verifies Tier 1 first; NOT confirmed,Payer: commercial/Medicare-likely — HMO referrals handled with your staff.,"OPEN: introduce Synergy spine — integrated ortho + spine, deep bench, conservative-first. MESSAGE: two-way partnership — we send conservative-first candidates to you, you send surgical-escalation candidates to our spine surgeons; both get seen same-week. ASK: “Send us a handful — let us show you what we're about.” Leave one-pager + direct line; log who you met."
f531b857-e35d-42db-91eb-2d379ec53611,Pioneer Medical Associates - Clinton Township,Sean (verify),Prospect,Sean Priority,PCP,Visit / Prospect,0,0,,2,COMM-LIKELY,PCP — commercial/Medicare-likely; confirm HMO share (BCN/HAP/McLaren/Priority HMO need PCP referral — we handle that),Heuristic — verify — intake (Kelly) verifies Tier 1 first; NOT confirmed,Payer: commercial/Medicare-likely — HMO referrals handled with your staff.,"OPEN: introduce Synergy spine — integrated ortho + spine, deep bench, conservative-first. MESSAGE: your patients with back or neck pain get seen the same week — imaging, conservative care, interventional and surgical under one roof, and we handle HMO referral paperwork with your staff. ASK: “Send us a handful — let us show you what we're about.” Leave one-pager + direct line; log who you met."
a92c6a22-db49-4fd2-b6ea-8c9411430f92,Schoenherr Internal Medicine,Sean (verify),Prospect,Sean Priority,PCP,Visit / Prospect,0,0,,2,COMM-LIKELY,PCP — commercial/Medicare-likely; confirm HMO share (BCN/HAP/McLaren/Priority HMO need PCP referral — we handle that),Heuristic — verify — intake (Kelly) verifies Tier 1 first; NOT confirmed,Payer: commercial/Medicare-likely — HMO referrals handled with your staff.,"OPEN: introduce Synergy spine — integrated ortho + spine, deep bench, conservative-first. MESSAGE: your patients with back or neck pain get seen the same week — imaging, conservative care, interventional and surgical under one roof, and we handle HMO referral paperwork with your staff. ASK: “Send us a handful — let us show you what we're about.” Leave one-pager + direct line; log who you met."
1760694533,St Clair Orthopaedics & Sports Medicine - St Clair Shores,Sean (verify),Prospect,Sean Priority,Orthopedic,Visit / Prospect,0,0,,11,COMM-LIKELY,Private specialty practice — commercial/Medicare-likely (QUALIFIED); confirm,Heuristic — verify — intake (Kelly) verifies Tier 1 first; NOT confirmed,Payer: commercial/Medicare-likely — HMO referrals handled with your staff.,"OPEN: introduce Synergy spine — integrated ortho + spine, deep bench, conservative-first. MESSAGE: for the spine cases outside your scope, we co-manage: your patient stays yours, our spine team handles just the spine problem, notes back to you every visit. ASK: “Send us a handful — let us show you what we're about.” Leave one-pager + direct line; log who you met."
1659376267,Advanced Physical Medicine,Sean (verify),Prospect,Sean Priority,Pain,Visit / Prospect,0,0,,1,COMM-LIKELY,Private specialty practice — commercial/Medicare-likely (QUALIFIED); confirm,Heuristic — verify — intake (Kelly) verifies Tier 1 first; NOT confirmed,Payer: commercial/Medicare-likely — HMO referrals handled with your staff.,"OPEN: introduce Synergy spine — integrated ortho + spine, deep bench, conservative-first. MESSAGE: two-way partnership — we send conservative-first candidates to you, you send surgical-escalation candidates to our spine surgeons; both get seen same-week. ASK: “Send us a handful — let us show you what we're about.” Leave one-pager + direct line; log who you met."
5dc68cde-498d-472c-9153-b9ca63eee06a,Advantage Family Health Center,Sean (verify),Prospect,Sean Priority,PCP,Visit / Prospect,0,0,,2,MEDICAID-LIKELY,Community-health/FQHC pattern — Medicaid-heavy panel likely; payer gate: cap Tier 2 until VERIFIED,Heuristic — VERIFY FIRST — intake (Kelly) verifies Tier 1 first; NOT confirmed,Payer CAUTION: likely Medicaid-heavy — do NOT promise same-week until eligibility verified; uninsured → Harmony Health Direct Pay.,"OPEN: introduce Synergy spine — integrated ortho + spine, deep bench, conservative-first. MESSAGE: your patients with back or neck pain get seen the same week — imaging, conservative care, interventional and surgical under one roof, and we handle HMO referral paperwork with your staff. ASK: “Send us a handful — let us show you what we're about.” Leave one-pager + direct line; log who you met."
f2e93acd-cb0f-4b5e-b05c-493f59998d87,Aggarwal & Associates MD PC,Sean (verify),Prospect,Sean Priority,PCP,Visit / Prospect,0,0,,2,COMM-LIKELY,PCP — commercial/Medicare-likely; confirm HMO share (BCN/HAP/McLaren/Priority HMO need PCP referral — we handle that),Heuristic — verify — intake (Kelly) verifies Tier 1 first; NOT confirmed,Payer: commercial/Medicare-likely — HMO referrals handled with your staff.,"OPEN: introduce Synergy spine — integrated ortho + spine, deep bench, conservative-first. MESSAGE: your patients with back or neck pain get seen the same week — imaging, conservative care, interventional and surgical under one roof, and we handle HMO referral paperwork with your staff. ASK: “Send us a handful — let us show you what we're about.” Leave one-pager + direct line; log who you met."
b01a4dc6-eb44-44d9-bd28-84707680bad3,Arthritis and Internal Medicine,Sean (verify),Prospect,Sean Priority,PCP,Visit / Prospect,0,0,,1,COMM-LIKELY,PCP — commercial/Medicare-likely; confirm HMO share (BCN/HAP/McLaren/Priority HMO need PCP referral — we handle that),Heuristic — verify — intake (Kelly) verifies Tier 1 first; NOT confirmed,Payer: commercial/Medicare-likely — HMO referrals handled with your staff.,"OPEN: introduce Synergy spine — integrated ortho + spine, deep bench, conservative-first. MESSAGE: your patients with back or neck pain get seen the same week — imaging, conservative care, interventional and surgical under one roof, and we handle HMO referral paperwork with your staff. ASK: “Send us a handful — let us show you what we're about.” Leave one-pager + direct line; log who you met."
dc78e75f-e0d1-4c67-8de9-8ea4f13f15a1,ASCENSION MACOMB OAKLAND HOSPITAL MOTOR CITY INTERNISTS,Sean (verify),Prospect,Sean Priority,PCP,Visit / Prospect,0,0,,3,MIXED-SYSTEM,Hospital-system site — mixed commercial + Medicare + some Medicaid; qualified with intake screening,Heuristic — verify — intake (Kelly) verifies Tier 1 first; NOT confirmed,Payer: mixed panel — screen at intake; HMO plans need PCP referral (we assist).,"OPEN: introduce Synergy spine — integrated ortho + spine, deep bench, conservative-first. MESSAGE: your patients with back or neck pain get seen the same week — imaging, conservative care, interventional and surgical under one roof, and we handle HMO referral paperwork with your staff. ASK: “Send us a handful — let us show you what we're about.” Leave one-pager + direct line; log who you met."
08-992-7098,Concentra Urgent Care - Warren,Sean (verify),Prospect,Sean Priority,Urgent Care,Visit / Prospect,0,0,,3,MIXED-WALKIN,Walk-in panel — mixed payers; qualified with intake screening,Heuristic — verify — intake (Kelly) verifies Tier 1 first; NOT confirmed,Payer: walk-in mix — intake screens each referral; commercial/Medicare flow same-week.,"OPEN: introduce Synergy spine — integrated ortho + spine, deep bench, conservative-first. MESSAGE: an acute back/neck pathway: your discharge sheet can book a spine evaluation the same week — one number, we take it from there. ASK: “Send us a handful — let us show you what we're about.” Leave one-pager + direct line; log who you met."
3d816b41-5e66-4296-9926-a3f561c34546,Enhance Center - Clinton Township,Sean (verify),Prospect,Sean Priority,Pain,Visit / Prospect,0,0,,7,COMM-LIKELY,Private specialty practice — commercial/Medicare-likely (QUALIFIED); confirm,Heuristic — verify — intake (Kelly) verifies Tier 1 first; NOT confirmed,Payer: commercial/Medicare-likely — HMO referrals handled with your staff.,"OPEN: introduce Synergy spine — integrated ortho + spine, deep bench, conservative-first. MESSAGE: two-way partnership — we send conservative-first candidates to you, you send surgical-escalation candidates to our spine surgeons; both get seen same-week. ASK: “Send us a handful — let us show you what we're about.” Leave one-pager + direct line; log who you met."
3ba22115-ae74-4ab7-a206-55166daa0904,Evolve Chiropractic,Sean (verify),Prospect,Sean Priority,Chiropractor,Visit / Prospect,0,0,,2,COMM-WCPI,Chiro — commercial + WC/PI mix (QUALIFIED); screen auto/WC liens,Heuristic — verify — intake (Kelly) verifies Tier 1 first; NOT confirmed,Payer: commercial + auto/WC liens welcome; screen Medicaid share.,"OPEN: introduce Synergy spine — integrated ortho + spine, deep bench, conservative-first. MESSAGE: co-management for patients who plateau — imaging access, interventional options, surgical consults when warranted, and every patient returns to your care plan with notes. ASK: “Send us a handful — let us show you what we're about.” Leave one-pager + direct line; log who you met."
1629157326,Family Practice Care,Sean (verify),Prospect,Sean Priority,PCP,Visit / Prospect,0,0,,2,COMM-LIKELY,PCP — commercial/Medicare-likely; confirm HMO share (BCN/HAP/McLaren/Priority HMO need PCP referral — we handle that),Heuristic — verify — intake (Kelly) verifies Tier 1 first; NOT confirmed,Payer: commercial/Medicare-likely — HMO referrals handled with your staff.,"OPEN: introduce Synergy spine — integrated ortho + spine, deep bench, conservative-first. MESSAGE: your patients with back or neck pain get seen the same week — imaging, conservative care, interventional and surgical under one roof, and we handle HMO referral paperwork with your staff. ASK: “Send us a handful — let us show you what we're about.” Leave one-pager + direct line; log who you met."
1740397207,Greater Shores Primary Care & Walk-In Clinic,Sean (verify),Prospect,Sean Priority,PCP,Visit / Prospect,0,0,,4,COMM-LIKELY,PCP — commercial/Medicare-likely; confirm HMO share (BCN/HAP/McLaren/Priority HMO need PCP referral — we handle that),Heuristic — verify — intake (Kelly) verifies Tier 1 first; NOT confirmed,Payer: commercial/Medicare-likely — HMO referrals handled with your staff.,"OPEN: introduce Synergy spine — integrated ortho + spine, deep bench, conservative-first. MESSAGE: your patients with back or neck pain get seen the same week — imaging, conservative care, interventional and surgical under one roof, and we handle HMO referral paperwork with your staff. ASK: “Send us a handful — let us show you what we're about.” Leave one-pager + direct line; log who you met."
"Beaumont Dearborn, Beaumont Trenton",Henry Ford Medical Center - Lakeside,Sean (verify),Prospect,Sean Priority,Orthopedic,Visit / Prospect,0,0,,8,MIXED-SYSTEM,Hospital-system site — mixed commercial + Medicare + some Medicaid; qualified with intake screening,Heuristic — verify — intake (Kelly) verifies Tier 1 first; NOT confirmed,Payer: mixed panel — screen at intake; HMO plans need PCP referral (we assist).,"OPEN: introduce Synergy spine — integrated ortho + spine, deep bench, conservative-first. MESSAGE: for the spine cases outside your scope, we co-manage: your patient stays yours, our spine team handles just the spine problem, notes back to you every visit. ASK: “Send us a handful — let us show you what we're about.” Leave one-pager + direct line; log who you met."
1316964927,Macomb Township Chiropractic,Sean (verify),Prospect,Sean Priority,Chiropractor,Visit / Prospect,0,0,,1,COMM-WCPI,Chiro — commercial + WC/PI mix (QUALIFIED); screen auto/WC liens,Heuristic — verify — intake (Kelly) verifies Tier 1 first; NOT confirmed,Payer: commercial + auto/WC liens welcome; screen Medicaid share.,"OPEN: introduce Synergy spine — integrated ortho + spine, deep bench, conservative-first. MESSAGE: co-management for patients who plateau — imaging access, interventional options, surgical consults when warranted, and every patient returns to your care plan with notes. ASK: “Send us a handful — let us show you what we're about.” Leave one-pager + direct line; log who you met."
65b1fbb3-7ede-4c04-85dd-5d6d03be8a00,Maplecrest Medical Urgent Care,Sean (verify),Prospect,Sean Priority,Urgent Care,Visit / Prospect,0,0,,2,MIXED-WALKIN,Walk-in panel — mixed payers; qualified with intake screening,Heuristic — verify — intake (Kelly) verifies Tier 1 first; NOT confirmed,Payer: walk-in mix — intake screens each referral; commercial/Medicare flow same-week.,"OPEN: introduce Synergy spine — integrated ortho + spine, deep bench, conservative-first. MESSAGE: an acute back/neck pathway: your discharge sheet can book a spine evaluation the same week — one number, we take it from there. ASK: “Send us a handful — let us show you what we're about.” Leave one-pager + direct line; log who you met."
1376524603,McLaren Macomb Orthopedics & Trauma,Sean (verify),Prospect,Sean Priority,Orthopedic,Visit / Prospect,0,0,,4,MIXED-SYSTEM,Hospital-system site — mixed commercial + Medicare + some Medicaid; qualified with intake screening,Heuristic — verify — intake (Kelly) verifies Tier 1 first; NOT confirmed,Payer: mixed panel — screen at intake; HMO plans need PCP referral (we assist).,"OPEN: introduce Synergy spine — integrated ortho + spine, deep bench, conservative-first. MESSAGE: for the spine cases outside your scope, we co-manage: your patient stays yours, our spine team handles just the spine problem, notes back to you every visit. ASK: “Send us a handful — let us show you what we're about.” Leave one-pager + direct line; log who you met."
ce3fb96f-8ab2-46f8-b0d7-b367f4fbfa75,MCLAREN MACOMB OSTEOPATHIC MANIPULATIVE MEDICINE,Sean (verify),Prospect,Sean Priority,Orthopedic,Visit / Prospect,0,0,,4,MIXED-SYSTEM,Hospital-system site — mixed commercial + Medicare + some Medicaid; qualified with intake screening,Heuristic — verify — intake (Kelly) verifies Tier 1 first; NOT confirmed,Payer: mixed panel — screen at intake; HMO plans need PCP referral (we assist).,"OPEN: introduce Synergy spine — integrated ortho + spine, deep bench, conservative-first. MESSAGE: for the spine cases outside your scope, we co-manage: your patient stays yours, our spine team handles just the spine problem, notes back to you every visit. ASK: “Send us a handful — let us show you what we're about.” Leave one-pager + direct line; log who you met."
1c5047ff-7604-400b-9ce1-28c73249aa1a,Michigan Advanced Pain & Spine,Sean (verify),Prospect,Sean Priority,Orthopedic,Visit / Prospect,0,0,,4,COMM-LIKELY,Private specialty practice — commercial/Medicare-likely (QUALIFIED); confirm,Heuristic — verify — intake (Kelly) verifies Tier 1 first; NOT confirmed,Payer: commercial/Medicare-likely — HMO referrals handled with your staff.,"OPEN: introduce Synergy spine — integrated ortho + spine, deep bench, conservative-first. MESSAGE: for the spine cases outside your scope, we co-manage: your patient stays yours, our spine team handles just the spine problem, notes back to you every visit. ASK: “Send us a handful — let us show you what we're about.” Leave one-pager + direct line; log who you met."
8160a797-3415-4e80-b1ed-48863ed65af9,Michigan Orthopedic Surgeons - Shelby Township,Sean (verify),Prospect,Sean Priority,Orthopedic,Visit / Prospect,0,0,,15,COMM-LIKELY,Private specialty practice — commercial/Medicare-likely (QUALIFIED); confirm,Heuristic — verify — intake (Kelly) verifies Tier 1 first; NOT confirmed,Payer: commercial/Medicare-likely — HMO referrals handled with your staff.,"OPEN: introduce Synergy spine — integrated ortho + spine, deep bench, conservative-first. MESSAGE: for the spine cases outside your scope, we co-manage: your patient stays yours, our spine team handles just the spine problem, notes back to you every visit. ASK: “Send us a handful — let us show you what we're about.” Leave one-pager + direct line; log who you met."
6052b89f-ca5f-408d-b0e0-861848ee044e,Omni Medical Center,Sean (verify),Prospect,Sean Priority,Pain,Visit / Prospect,0,0,,2,COMM-LIKELY,Private specialty practice — commercial/Medicare-likely (QUALIFIED); confirm,Heuristic — verify — intake (Kelly) verifies Tier 1 first; NOT confirmed,Payer: commercial/Medicare-likely — HMO referrals handled with your staff.,"OPEN: introduce Synergy spine — integrated ortho + spine, deep bench, conservative-first. MESSAGE: two-way partnership — we send conservative-first candidates to you, you send surgical-escalation candidates to our spine surgeons; both get seen same-week. ASK: “Send us a handful — let us show you what we're about.” Leave one-pager + direct line; log who you met."
737db59d-0144-4c00-84f1-d0493904d41a,PEDIATRIC AND ADOLESCENT CARE ASSOCIATES,Sean (verify),Prospect,Sean Priority,PCP,Visit / Prospect,0,0,,3,COMM-LIKELY,PCP — commercial/Medicare-likely; confirm HMO share (BCN/HAP/McLaren/Priority HMO need PCP referral — we handle that),Heuristic — verify — intake (Kelly) verifies Tier 1 first; NOT confirmed,Payer: commercial/Medicare-likely — HMO referrals handled with your staff.,"OPEN: introduce Synergy spine — integrated ortho + spine, deep bench, conservative-first. MESSAGE: your patients with back or neck pain get seen the same week — imaging, conservative care, interventional and surgical under one roof, and we handle HMO referral paperwork with your staff. ASK: “Send us a handful — let us show you what we're about.” Leave one-pager + direct line; log who you met."
da5f0c30-6e43-4e83-ad66-93022143dd8d,Pioneer Medical Associates,Sean (verify),Prospect,Sean Priority,PCP,Visit / Prospect,0,0,,13,COMM-LIKELY,PCP — commercial/Medicare-likely; confirm HMO share (BCN/HAP/McLaren/Priority HMO need PCP referral — we handle that),Heuristic — verify — intake (Kelly) verifies Tier 1 first; NOT confirmed,Payer: commercial/Medicare-likely — HMO referrals handled with your staff.,"OPEN: introduce Synergy spine — integrated ortho + spine, deep bench, conservative-first. MESSAGE: your patients with back or neck pain get seen the same week — imaging, conservative care, interventional and surgical under one roof, and we handle HMO referral paperwork with your staff. ASK: “Send us a handful — let us show you what we're about.” Leave one-pager + direct line; log who you met."
84f626ba-51ef-41c4-8ac8-56b619a06a4a,Rauch Chiropractic Life Center PLLC,Sean (verify),Prospect,Sean Priority,Chiropractor,Visit / Prospect,0,0,,3,COMM-WCPI,Chiro — commercial + WC/PI mix (QUALIFIED); screen auto/WC liens,Heuristic — verify — intake (Kelly) verifies Tier 1 first; NOT confirmed,Payer: commercial + auto/WC liens welcome; screen Medicaid share.,"OPEN: introduce Synergy spine — integrated ortho + spine, deep bench, conservative-first. MESSAGE: co-management for patients who plateau — imaging access, interventional options, surgical consults when warranted, and every patient returns to your care plan with notes. ASK: “Send us a handful — let us show you what we're about.” Leave one-pager + direct line; log who you met."
d42d53b5-4076-4ad1-b90c-65f0d547a4d9,Shoreline chiropractic center,Sean (verify),Prospect,Sean Priority,Chiropractor,Visit / Prospect,0,0,,3,COMM-WCPI,Chiro — commercial + WC/PI mix (QUALIFIED); screen auto/WC liens,Heuristic — verify — intake (Kelly) verifies Tier 1 first; NOT confirmed,Payer: commercial + auto/WC liens welcome; screen Medicaid share.,"OPEN: introduce Synergy spine — integrated ortho + spine, deep bench, conservative-first. MESSAGE: co-management for patients who plateau — imaging access, interventional options, surgical consults when warranted, and every patient returns to your care plan with notes. ASK: “Send us a handful — let us show you what we're about.” Leave one-pager + direct line; log who you met."
1999ae47-3729-46a1-a7c1-cb109f99e1fc,Suburban Chiropractic,Sean (verify),Prospect,Sean Priority,Chiropractor,Visit / Prospect,0,0,,3,COMM-WCPI,Chiro — commercial + WC/PI mix (QUALIFIED); screen auto/WC liens,Heuristic — verify — intake (Kelly) verifies Tier 1 first; NOT confirmed,Payer: commercial + auto/WC liens welcome; screen Medicaid share.,"OPEN: introduce Synergy spine — integrated ortho + spine, deep bench, conservative-first. MESSAGE: co-management for patients who plateau — imaging access, interventional options, surgical consults when warranted, and every patient returns to your care plan with notes. ASK: “Send us a handful — let us show you what we're about.” Leave one-pager + direct line; log who you met."
d76d26cf-c291-47de-9b69-c56ac7b7af35,Total Health Systems,Sean (verify),Prospect,Sean Priority,Pain,Visit / Prospect,0,0,,1,COMM-LIKELY,Private specialty practice — commercial/Medicare-likely (QUALIFIED); confirm,Heuristic — verify — intake (Kelly) verifies Tier 1 first; NOT confirmed,Payer: commercial/Medicare-likely — HMO referrals handled with your staff.,"OPEN: introduce Synergy spine — integrated ortho + spine, deep bench, conservative-first. MESSAGE: two-way partnership — we send conservative-first candidates to you, you send surgical-escalation candidates to our spine surgeons; both get seen same-week. ASK: “Send us a handful — let us show you what we're about.” Leave one-pager + direct line; log who you met."
fd916cf0-7e60-4f1d-bf81-a8f9d6051c63,Trinity Medical Center,Sean (verify),Prospect,Sean Priority,PCP,Visit / Prospect,0,0,,1,MIXED-SYSTEM,Hospital-system site — mixed commercial + Medicare + some Medicaid; qualified with intake screening,Heuristic — verify — intake (Kelly) verifies Tier 1 first; NOT confirmed,Payer: mixed panel — screen at intake; HMO plans need PCP referral (we assist).,"OPEN: introduce Synergy spine — integrated ortho + spine, deep bench, conservative-first. MESSAGE: your patients with back or neck pain get seen the same week — imaging, conservative care, interventional and surgical under one roof, and we handle HMO referral paperwork with your staff. ASK: “Send us a handful — let us show you what we're about.” Leave one-pager + direct line; log who you met."
5ab9e122-19cd-4d41-b17c-f3ed0fc771fc,Alliance Health - Clinton Township,Sean (verify),Prospect,Sean Priority,PCP,Visit / Prospect,0,0,,3,COMM-LIKELY,PCP — commercial/Medicare-likely; confirm HMO share (BCN/HAP/McLaren/Priority HMO need PCP referral — we handle that),Heuristic — verify — intake (Kelly) verifies Tier 1 first; NOT confirmed,Payer: commercial/Medicare-likely — HMO referrals handled with your staff.,"OPEN: introduce Synergy spine — integrated ortho + spine, deep bench, conservative-first. MESSAGE: your patients with back or neck pain get seen the same week — imaging, conservative care, interventional and surgical under one roof, and we handle HMO referral paperwork with your staff. ASK: “Send us a handful — let us show you what we're about.” Leave one-pager + direct line; log who you met."
e965aea6-5da9-43a6-aceb-8b1f08c3b26a,"ALLIANCE HEALTH PROFESSIONALS, PLLC",Sean (verify),Prospect,Sean Priority,PCP,Visit / Prospect,0,0,,7,COMM-LIKELY,PCP — commercial/Medicare-likely; confirm HMO share (BCN/HAP/McLaren/Priority HMO need PCP referral — we handle that),Heuristic — verify — intake (Kelly) verifies Tier 1 first; NOT confirmed,Payer: commercial/Medicare-likely — HMO referrals handled with your staff.,"OPEN: introduce Synergy spine — integrated ortho + spine, deep bench, conservative-first. MESSAGE: your patients with back or neck pain get seen the same week — imaging, conservative care, interventional and surgical under one roof, and we handle HMO referral paperwork with your staff. ASK: “Send us a handful — let us show you what we're about.” Leave one-pager + direct line; log who you met."
82e3eff2-83b7-4ed1-97e4-e44b94bc82fa,Ausi Medical Center,Sean (verify),Prospect,Sean Priority,PCP,Visit / Prospect,0,0,,1,COMM-LIKELY,PCP — commercial/Medicare-likely; confirm HMO share (BCN/HAP/McLaren/Priority HMO need PCP referral — we handle that),Heuristic — verify — intake (Kelly) verifies Tier 1 first; NOT confirmed,Payer: commercial/Medicare-likely — HMO referrals handled with your staff.,"OPEN: introduce Synergy spine — integrated ortho + spine, deep bench, conservative-first. MESSAGE: your patients with back or neck pain get seen the same week — imaging, conservative care, interventional and surgical under one roof, and we handle HMO referral paperwork with your staff. ASK: “Send us a handful — let us show you what we're about.” Leave one-pager + direct line; log who you met."
efc60f47-6030-4637-b586-00583fc5fc7d,Baetens Chiropractic,Sean (verify),Prospect,Sean Priority,Chiropractor,Visit / Prospect,0,0,,2,COMM-WCPI,Chiro — commercial + WC/PI mix (QUALIFIED); screen auto/WC liens,Heuristic — verify — intake (Kelly) verifies Tier 1 first; NOT confirmed,Payer: commercial + auto/WC liens welcome; screen Medicaid share.,"OPEN: introduce Synergy spine — integrated ortho + spine, deep bench, conservative-first. MESSAGE: co-management for patients who plateau — imaging access, interventional options, surgical consults when warranted, and every patient returns to your care plan with notes. ASK: “Send us a handful — let us show you what we're about.” Leave one-pager + direct line; log who you met."
1629093158,Beaumont Family Medical Center - St Clair Shores,Sean (verify),Prospect,Sean Priority,PCP,Visit / Prospect,0,0,,4,MIXED-SYSTEM,Hospital-system site — mixed commercial + Medicare + some Medicaid; qualified with intake screening,Heuristic — verify — intake (Kelly) verifies Tier 1 first; NOT confirmed,Payer: mixed panel — screen at intake; HMO plans need PCP referral (we assist).,"OPEN: introduce Synergy spine — integrated ortho + spine, deep bench, conservative-first. MESSAGE: your patients with back or neck pain get seen the same week — imaging, conservative care, interventional and surgical under one roof, and we handle HMO referral paperwork with your staff. ASK: “Send us a handful — let us show you what we're about.” Leave one-pager + direct line; log who you met."
70557b72-628e-4306-8680-aa29539cb9e2,BENCHMARK HEALTH,Sean (verify),Prospect,Sean Priority,PCP,Visit / Prospect,0,0,,2,COMM-LIKELY,PCP — commercial/Medicare-likely; confirm HMO share (BCN/HAP/McLaren/Priority HMO need PCP referral — we handle that),Heuristic — verify — intake (Kelly) verifies Tier 1 first; NOT confirmed,Payer: commercial/Medicare-likely — HMO referrals handled with your staff.,"OPEN: introduce Synergy spine — integrated ortho + spine, deep bench, conservative-first. MESSAGE: your patients with back or neck pain get seen the same week — imaging, conservative care, interventional and surgical under one roof, and we handle HMO referral paperwork with your staff. ASK: “Send us a handful — let us show you what we're about.” Leave one-pager + direct line; log who you met."
67f2f078-da32-4cd1-a854-b9ff5b08333f,Clinton Urgent Care,Sean (verify),Prospect,Sean Priority,Urgent Care,Visit / Prospect,0,0,,1,MIXED-WALKIN,Walk-in panel — mixed payers; qualified with intake screening,Heuristic — verify — intake (Kelly) verifies Tier 1 first; NOT confirmed,Payer: walk-in mix — intake screens each referral; commercial/Medicare flow same-week.,"OPEN: introduce Synergy spine — integrated ortho + spine, deep bench, conservative-first. MESSAGE: an acute back/neck pathway: your discharge sheet can book a spine evaluation the same week — one number, we take it from there. ASK: “Send us a handful — let us show you what we're about.” Leave one-pager + direct line; log who you met."
1619931268,Complete Family Care,Sean (verify),Prospect,Sean Priority,PCP,Visit / Prospect,0,0,,7,COMM-LIKELY,PCP — commercial/Medicare-likely; confirm HMO share (BCN/HAP/McLaren/Priority HMO need PCP referral — we handle that),Heuristic — verify — intake (Kelly) verifies Tier 1 first; NOT confirmed,Payer: commercial/Medicare-likely — HMO referrals handled with your staff.,"OPEN: introduce Synergy spine — integrated ortho + spine, deep bench, conservative-first. MESSAGE: your patients with back or neck pain get seen the same week — imaging, conservative care, interventional and surgical under one roof, and we handle HMO referral paperwork with your staff. ASK: “Send us a handful — let us show you what we're about.” Leave one-pager + direct line; log who you met."
1073597985,Corewell East Area Family Practice - Roseville,Sean (verify),Prospect,Sean Priority,PCP,Visit / Prospect,0,0,,11,MIXED-SYSTEM,Hospital-system site — mixed commercial + Medicare + some Medicaid; qualified with intake screening,Heuristic — verify — intake (Kelly) verifies Tier 1 first; NOT confirmed,Payer: mixed panel — screen at intake; HMO plans need PCP referral (we assist).,"OPEN: introduce Synergy spine — integrated ortho + spine, deep bench, conservative-first. MESSAGE: your patients with back or neck pain get seen the same week — imaging, conservative care, interventional and surgical under one roof, and we handle HMO referral paperwork with your staff. ASK: “Send us a handful — let us show you what we're about.” Leave one-pager + direct line; log who you met."
33c640ab-ff39-43cd-8763-8b105bfcf999,Doctors Urgent Care Shelby & Telemedicine By Doctors Urgent Care Group,Sean (verify),Prospect,Sean Priority,Urgent Care,Visit / Prospect,0,0,,2,MIXED-WALKIN,Walk-in panel — mixed payers; qualified with intake screening,Heuristic — verify — intake (Kelly) verifies Tier 1 first; NOT confirmed,Payer: walk-in mix — intake screens each referral; commercial/Medicare flow same-week.,"OPEN: introduce Synergy spine — integrated ortho + spine, deep bench, conservative-first. MESSAGE: an acute back/neck pathway: your discharge sheet can book a spine evaluation the same week — one number, we take it from there. ASK: “Send us a handful — let us show you what we're about.” Leave one-pager + direct line; log who you met."
10-997-2166,Downriver Podiatrists,Sean (verify),Prospect,Sean Priority,PCP,Visit / Prospect,0,0,,1,COMM-LIKELY,PCP — commercial/Medicare-likely; confirm HMO share (BCN/HAP/McLaren/Priority HMO need PCP referral — we handle that),Heuristic — verify — intake (Kelly) verifies Tier 1 first; NOT confirmed,Payer: commercial/Medicare-likely — HMO referrals handled with your staff.,"OPEN: introduce Synergy spine — integrated ortho + spine, deep bench, conservative-first. MESSAGE: your patients with back or neck pain get seen the same week — imaging, conservative care, interventional and surgical under one roof, and we handle HMO referral paperwork with your staff. ASK: “Send us a handful — let us show you what we're about.” Leave one-pager + direct line; log who you met."
523162cb-c15f-490a-9e71-30dc36cee76c,Expressmed Urgent Care,Sean (verify),Prospect,Sean Priority,Urgent Care,Visit / Prospect,0,0,,2,MIXED-WALKIN,Walk-in panel — mixed payers; qualified with intake screening,Heuristic — verify — intake (Kelly) verifies Tier 1 first; NOT confirmed,Payer: walk-in mix — intake screens each referral; commercial/Medicare flow same-week.,"OPEN: introduce Synergy spine — integrated ortho + spine, deep bench, conservative-first. MESSAGE: an acute back/neck pathway: your discharge sheet can book a spine evaluation the same week — one number, we take it from there. ASK: “Send us a handful — let us show you what we're about.” Leave one-pager + direct line; log who you met."
f3235615-8fd1-4de2-978b-94c69071539e,Get Well Roseville Urgent Care,Sean (verify),Prospect,Sean Priority,Urgent Care,Visit / Prospect,0,0,,1,MIXED-WALKIN,Walk-in panel — mixed payers; qualified with intake screening,Heuristic — verify — intake (Kelly) verifies Tier 1 first; NOT confirmed,Payer: walk-in mix — intake screens each referral; commercial/Medicare flow same-week.,"OPEN: introduce Synergy spine — integrated ortho + spine, deep bench, conservative-first. MESSAGE: an acute back/neck pathway: your discharge sheet can book a spine evaluation the same week — one number, we take it from there. ASK: “Send us a handful — let us show you what we're about.” Leave one-pager + direct line; log who you met."
d84a7cc0-d4e2-4ab5-a0ca-cbf8e0430f50,Get Well Urgent Care,Sean (verify),Prospect,Sean Priority,Urgent Care,Visit / Prospect,0,0,,1,MIXED-WALKIN,Walk-in panel — mixed payers; qualified with intake screening,Heuristic — verify — intake (Kelly) verifies Tier 1 first; NOT confirmed,Payer: walk-in mix — intake screens each referral; commercial/Medicare flow same-week.,"OPEN: introduce Synergy spine — integrated ortho + spine, deep bench, conservative-first. MESSAGE: an acute back/neck pathway: your discharge sheet can book a spine evaluation the same week — one number, we take it from there. ASK: “Send us a handful — let us show you what we're about.” Leave one-pager + direct line; log who you met."
5ce07655-cb3f-4556-84f0-be71d54f4f5d,Gohealth Urgent Care,Sean (verify),Prospect,Sean Priority,Urgent Care,Visit / Prospect,0,0,,2,MIXED-WALKIN,Walk-in panel — mixed payers; qualified with intake screening,Heuristic — verify — intake (Kelly) verifies Tier 1 first; NOT confirmed,Payer: walk-in mix — intake screens each referral; commercial/Medicare flow same-week.,"OPEN: introduce Synergy spine — integrated ortho + spine, deep bench, conservative-first. MESSAGE: an acute back/neck pathway: your discharge sheet can book a spine evaluation the same week — one number, we take it from there. ASK: “Send us a handful — let us show you what we're about.” Leave one-pager + direct line; log who you met."
87465866-4c21-47b3-af52-9df7ab3344fc,Grace Family Care,Sean (verify),Prospect,Sean Priority,PCP,Visit / Prospect,0,0,,2,COMM-LIKELY,PCP — commercial/Medicare-likely; confirm HMO share (BCN/HAP/McLaren/Priority HMO need PCP referral — we handle that),Heuristic — verify — intake (Kelly) verifies Tier 1 first; NOT confirmed,Payer: commercial/Medicare-likely — HMO referrals handled with your staff.,"OPEN: introduce Synergy spine — integrated ortho + spine, deep bench, conservative-first. MESSAGE: your patients with back or neck pain get seen the same week — imaging, conservative care, interventional and surgical under one roof, and we handle HMO referral paperwork with your staff. ASK: “Send us a handful — let us show you what we're about.” Leave one-pager + direct line; log who you met."
48b8ce6e-11ea-4323-a197-e77ee9d99d4b,Harper Chiropractic Center,Sean (verify),Prospect,Sean Priority,Chiropractor,Visit / Prospect,0,0,,2,COMM-WCPI,Chiro — commercial + WC/PI mix (QUALIFIED); screen auto/WC liens,Heuristic — verify — intake (Kelly) verifies Tier 1 first; NOT confirmed,Payer: commercial + auto/WC liens welcome; screen Medicaid share.,"OPEN: introduce Synergy spine — integrated ortho + spine, deep bench, conservative-first. MESSAGE: co-management for patients who plateau — imaging access, interventional options, surgical consults when warranted, and every patient returns to your care plan with notes. ASK: “Send us a handful — let us show you what we're about.” Leave one-pager + direct line; log who you met."
1962421883,Henry Ford Macomb Family Medicine Residency,Sean (verify),Prospect,Sean Priority,PCP,Visit / Prospect,0,0,,3,MIXED-SYSTEM,Hospital-system site — mixed commercial + Medicare + some Medicaid; qualified with intake screening,Heuristic — verify — intake (Kelly) verifies Tier 1 first; NOT confirmed,Payer: mixed panel — screen at intake; HMO plans need PCP referral (we assist).,"OPEN: introduce Synergy spine — integrated ortho + spine, deep bench, conservative-first. MESSAGE: your patients with back or neck pain get seen the same week — imaging, conservative care, interventional and surgical under one roof, and we handle HMO referral paperwork with your staff. ASK: “Send us a handful — let us show you what we're about.” Leave one-pager + direct line; log who you met."
c577c408-2474-483d-9b55-eb616b6b30d5,HYPERBARIC MEDICAL CENTER,Sean (verify),Prospect,Sean Priority,Pain,Visit / Prospect,0,0,,1,COMM-LIKELY,Private specialty practice — commercial/Medicare-likely (QUALIFIED); confirm,Heuristic — verify — intake (Kelly) verifies Tier 1 first; NOT confirmed,Payer: commercial/Medicare-likely — HMO referrals handled with your staff.,"OPEN: introduce Synergy spine — integrated ortho + spine, deep bench, conservative-first. MESSAGE: two-way partnership — we send conservative-first candidates to you, you send surgical-escalation candidates to our spine surgeons; both get seen same-week. ASK: “Send us a handful — let us show you what we're about.” Leave one-pager + direct line; log who you met."
9bf850e1-5ccc-4bc2-965b-40d0befb0459,Johr Chiropractic PLLC,Sean (verify),Prospect,Sean Priority,Chiropractor,Visit / Prospect,0,0,,1,COMM-WCPI,Chiro — commercial + WC/PI mix (QUALIFIED); screen auto/WC liens,Heuristic — verify — intake (Kelly) verifies Tier 1 first; NOT confirmed,Payer: commercial + auto/WC liens welcome; screen Medicaid share.,"OPEN: introduce Synergy spine — integrated ortho + spine, deep bench, conservative-first. MESSAGE: co-management for patients who plateau — imaging access, interventional options, surgical consults when warranted, and every patient returns to your care plan with notes. ASK: “Send us a handful — let us show you what we're about.” Leave one-pager + direct line; log who you met."
8a4c801f-d7fa-4faf-b0aa-00215693fb41,"Joyanta SAHA, MD, PLC",Sean (verify),Prospect,Sean Priority,PCP,Visit / Prospect,0,0,,1,COMM-LIKELY,PCP — commercial/Medicare-likely; confirm HMO share (BCN/HAP/McLaren/Priority HMO need PCP referral — we handle that),Heuristic — verify — intake (Kelly) verifies Tier 1 first; NOT confirmed,Payer: commercial/Medicare-likely — HMO referrals handled with your staff.,"OPEN: introduce Synergy spine — integrated ortho + spine, deep bench, conservative-first. MESSAGE: your patients with back or neck pain get seen the same week — imaging, conservative care, interventional and surgical under one roof, and we handle HMO referral paperwork with your staff. ASK: “Send us a handful — let us show you what we're about.” Leave one-pager + direct line; log who you met."
a12dc8f6-538a-4d3f-b05c-34764cc7d509,McLaren Pediatrics & Family Medicine,Sean (verify),Prospect,Sean Priority,PCP,Visit / Prospect,0,0,,2,MIXED-SYSTEM,Hospital-system site — mixed commercial + Medicare + some Medicaid; qualified with intake screening,Heuristic — verify — intake (Kelly) verifies Tier 1 first; NOT confirmed,Payer: mixed panel — screen at intake; HMO plans need PCP referral (we assist).,"OPEN: introduce Synergy spine — integrated ortho + spine, deep bench, conservative-first. MESSAGE: your patients with back or neck pain get seen the same week — imaging, conservative care, interventional and surgical under one roof, and we handle HMO referral paperwork with your staff. ASK: “Send us a handful — let us show you what we're about.” Leave one-pager + direct line; log who you met."
1881604577,"Office of Audrey M Sim MD,",Sean (verify),Prospect,Sean Priority,PCP,Visit / Prospect,0,0,,1,COMM-LIKELY,PCP — commercial/Medicare-likely; confirm HMO share (BCN/HAP/McLaren/Priority HMO need PCP referral — we handle that),Heuristic — verify — intake (Kelly) verifies Tier 1 first; NOT confirmed,Payer: commercial/Medicare-likely — HMO referrals handled with your staff.,"OPEN: introduce Synergy spine — integrated ortho + spine, deep bench, conservative-first. MESSAGE: your patients with back or neck pain get seen the same week — imaging, conservative care, interventional and surgical under one roof, and we handle HMO referral paperwork with your staff. ASK: “Send us a handful — let us show you what we're about.” Leave one-pager + direct line; log who you met."
24d85a4f-b79f-444f-82e1-6b6c9fe044c3,Office of Dudley Roberts III MD,Sean (verify),Prospect,Sean Priority,PCP,Visit / Prospect,0,0,,1,COMM-LIKELY,PCP — commercial/Medicare-likely; confirm HMO share (BCN/HAP/McLaren/Priority HMO need PCP referral — we handle that),Heuristic — verify — intake (Kelly) verifies Tier 1 first; NOT confirmed,Payer: commercial/Medicare-likely — HMO referrals handled with your staff.,"OPEN: introduce Synergy spine — integrated ortho + spine, deep bench, conservative-first. MESSAGE: your patients with back or neck pain get seen the same week — imaging, conservative care, interventional and surgical under one roof, and we handle HMO referral paperwork with your staff. ASK: “Send us a handful — let us show you what we're about.” Leave one-pager + direct line; log who you met."
144c374c-b718-48c1-9b9f-daffbf7ba530,Office of Lillman Dwarka MD,Sean (verify),Prospect,Sean Priority,PCP,Visit / Prospect,0,0,,1,COMM-LIKELY,PCP — commercial/Medicare-likely; confirm HMO share (BCN/HAP/McLaren/Priority HMO need PCP referral — we handle that),Heuristic — verify — intake (Kelly) verifies Tier 1 first; NOT confirmed,Payer: commercial/Medicare-likely — HMO referrals handled with your staff.,"OPEN: introduce Synergy spine — integrated ortho + spine, deep bench, conservative-first. MESSAGE: your patients with back or neck pain get seen the same week — imaging, conservative care, interventional and surgical under one roof, and we handle HMO referral paperwork with your staff. ASK: “Send us a handful — let us show you what we're about.” Leave one-pager + direct line; log who you met."
1cb6b68e-47b4-42a4-8094-5f5c6e3e358f,"Office of Mazen Alsaqa, MD",Sean (verify),Prospect,Sean Priority,PCP,Visit / Prospect,0,0,,2,COMM-LIKELY,PCP — commercial/Medicare-likely; confirm HMO share (BCN/HAP/McLaren/Priority HMO need PCP referral — we handle that),Heuristic — verify — intake (Kelly) verifies Tier 1 first; NOT confirmed,Payer: commercial/Medicare-likely — HMO referrals handled with your staff.,"OPEN: introduce Synergy spine — integrated ortho + spine, deep bench, conservative-first. MESSAGE: your patients with back or neck pain get seen the same week — imaging, conservative care, interventional and surgical under one roof, and we handle HMO referral paperwork with your staff. ASK: “Send us a handful — let us show you what we're about.” Leave one-pager + direct line; log who you met."
1730292079,"Office of Richard Fici DO,",Sean (verify),Prospect,Sean Priority,PCP,Visit / Prospect,0,0,,1,COMM-LIKELY,PCP — commercial/Medicare-likely; confirm HMO share (BCN/HAP/McLaren/Priority HMO need PCP referral — we handle that),Heuristic — verify — intake (Kelly) verifies Tier 1 first; NOT confirmed,Payer: commercial/Medicare-likely — HMO referrals handled with your staff.,"OPEN: introduce Synergy spine — integrated ortho + spine, deep bench, conservative-first. MESSAGE: your patients with back or neck pain get seen the same week — imaging, conservative care, interventional and surgical under one roof, and we handle HMO referral paperwork with your staff. ASK: “Send us a handful — let us show you what we're about.” Leave one-pager + direct line; log who you met."
1730114760,Office of Vincent Maribao MD,Sean (verify),Prospect,Sean Priority,PCP,Visit / Prospect,0,0,,1,COMM-LIKELY,PCP — commercial/Medicare-likely; confirm HMO share (BCN/HAP/McLaren/Priority HMO need PCP referral — we handle that),Heuristic — verify — intake (Kelly) verifies Tier 1 first; NOT confirmed,Payer: commercial/Medicare-likely — HMO referrals handled with your staff.,"OPEN: introduce Synergy spine — integrated ortho + spine, deep bench, conservative-first. MESSAGE: your patients with back or neck pain get seen the same week — imaging, conservative care, interventional and surgical under one roof, and we handle HMO referral paperwork with your staff. ASK: “Send us a handful — let us show you what we're about.” Leave one-pager + direct line; log who you met."
b82d7730-c597-4829-8f69-cd95fb99527f,Poirer Chiropractic,Sean (verify),Prospect,Sean Priority,Chiropractor,Visit / Prospect,0,0,,1,COMM-WCPI,Chiro — commercial + WC/PI mix (QUALIFIED); screen auto/WC liens,Heuristic — verify — intake (Kelly) verifies Tier 1 first; NOT confirmed,Payer: commercial + auto/WC liens welcome; screen Medicaid share.,"OPEN: introduce Synergy spine — integrated ortho + spine, deep bench, conservative-first. MESSAGE: co-management for patients who plateau — imaging access, interventional options, surgical consults when warranted, and every patient returns to your care plan with notes. ASK: “Send us a handful — let us show you what we're about.” Leave one-pager + direct line; log who you met."
bc1966c5-6f92-4afa-ad26-6886bba399f9,ProMed Urgent Care and Primary Care,Sean (verify),Prospect,Sean Priority,Urgent Care,Visit / Prospect,0,0,,1,MIXED-WALKIN,Walk-in panel — mixed payers; qualified with intake screening,Heuristic — verify — intake (Kelly) verifies Tier 1 first; NOT confirmed,Payer: walk-in mix — intake screens each referral; commercial/Medicare flow same-week.,"OPEN: introduce Synergy spine — integrated ortho + spine, deep bench, conservative-first. MESSAGE: an acute back/neck pathway: your discharge sheet can book a spine evaluation the same week — one number, we take it from there. ASK: “Send us a handful — let us show you what we're about.” Leave one-pager + direct line; log who you met."
1306865910,Salta Direct Primary Care - Shelby Township,Sean (verify),Prospect,Sean Priority,PCP,Visit / Prospect,0,0,,1,COMM-LIKELY,PCP — commercial/Medicare-likely; confirm HMO share (BCN/HAP/McLaren/Priority HMO need PCP referral — we handle that),Heuristic — verify — intake (Kelly) verifies Tier 1 first; NOT confirmed,Payer: commercial/Medicare-likely — HMO referrals handled with your staff.,"OPEN: introduce Synergy spine — integrated ortho + spine, deep bench, conservative-first. MESSAGE: your patients with back or neck pain get seen the same week — imaging, conservative care, interventional and surgical under one roof, and we handle HMO referral paperwork with your staff. ASK: “Send us a handful — let us show you what we're about.” Leave one-pager + direct line; log who you met."
1669479846,South Macomb Internists,Sean (verify),Prospect,Sean Priority,PCP,Visit / Prospect,0,0,,5,COMM-LIKELY,PCP — commercial/Medicare-likely; confirm HMO share (BCN/HAP/McLaren/Priority HMO need PCP referral — we handle that),Heuristic — verify — intake (Kelly) verifies Tier 1 first; NOT confirmed,Payer: commercial/Medicare-likely — HMO referrals handled with your staff.,"OPEN: introduce Synergy spine — integrated ortho + spine, deep bench, conservative-first. MESSAGE: your patients with back or neck pain get seen the same week — imaging, conservative care, interventional and surgical under one roof, and we handle HMO referral paperwork with your staff. ASK: “Send us a handful — let us show you what we're about.” Leave one-pager + direct line; log who you met."
8a8ab0c0-0b58-4f4a-99fa-ac580c9ceed2,Spinal Recovery Center,Sean (verify),Prospect,Sean Priority,Pain,Visit / Prospect,0,0,,1,COMM-LIKELY,Private specialty practice — commercial/Medicare-likely (QUALIFIED); confirm,Heuristic — verify — intake (Kelly) verifies Tier 1 first; NOT confirmed,Payer: commercial/Medicare-likely — HMO referrals handled with your staff.,"OPEN: introduce Synergy spine — integrated ortho + spine, deep bench, conservative-first. MESSAGE: two-way partnership — we send conservative-first candidates to you, you send surgical-escalation candidates to our spine surgeons; both get seen same-week. ASK: “Send us a handful — let us show you what we're about.” Leave one-pager + direct line; log who you met."
b62e7019-8cec-4bc4-8795-042402b0f988,Spinal Solutions Chiropractic & Wellness Center,Sean (verify),Prospect,Sean Priority,Chiropractor,Visit / Prospect,0,0,,2,COMM-WCPI,Chiro — commercial + WC/PI mix (QUALIFIED); screen auto/WC liens,Heuristic — verify — intake (Kelly) verifies Tier 1 first; NOT confirmed,Payer: commercial + auto/WC liens welcome; screen Medicaid share.,"OPEN: introduce Synergy spine — integrated ortho + spine, deep bench, conservative-first. MESSAGE: co-management for patients who plateau — imaging access, interventional options, surgical consults when warranted, and every patient returns to your care plan with notes. ASK: “Send us a handful — let us show you what we're about.” Leave one-pager + direct line; log who you met."
1ffb9253-14b8-4f7d-9d22-7a16ea0d7d91,"St Clair Shores, Ascension MyHealth Urgent Care",Sean (verify),Prospect,Sean Priority,Urgent Care,Visit / Prospect,0,0,,2,MIXED-SYSTEM,Hospital-system site — mixed commercial + Medicare + some Medicaid; qualified with intake screening,Heuristic — verify — intake (Kelly) verifies Tier 1 first; NOT confirmed,Payer: mixed panel — screen at intake; HMO plans need PCP referral (we assist).,"OPEN: introduce Synergy spine — integrated ortho + spine, deep bench, conservative-first. MESSAGE: an acute back/neck pathway: your discharge sheet can book a spine evaluation the same week — one number, we take it from there. ASK: “Send us a handful — let us show you what we're about.” Leave one-pager + direct line; log who you met."
1326039116,Sterling Heights Primary Care,Sean (verify),Prospect,Sean Priority,PCP,Visit / Prospect,0,0,,2,COMM-LIKELY,PCP — commercial/Medicare-likely; confirm HMO share (BCN/HAP/McLaren/Priority HMO need PCP referral — we handle that),Heuristic — verify — intake (Kelly) verifies Tier 1 first; NOT confirmed,Payer: commercial/Medicare-likely — HMO referrals handled with your staff.,"OPEN: introduce Synergy spine — integrated ortho + spine, deep bench, conservative-first. MESSAGE: your patients with back or neck pain get seen the same week — imaging, conservative care, interventional and surgical under one roof, and we handle HMO referral paperwork with your staff. ASK: “Send us a handful — let us show you what we're about.” Leave one-pager + direct line; log who you met."
7dc76552-40a2-4fcd-9dba-21f6ba37b8f2,Total Care Physicians Group,Sean (verify),Prospect,Sean Priority,PCP,Visit / Prospect,0,0,,3,COMM-LIKELY,PCP — commercial/Medicare-likely; confirm HMO share (BCN/HAP/McLaren/Priority HMO need PCP referral — we handle that),Heuristic — verify — intake (Kelly) verifies Tier 1 first; NOT confirmed,Payer: commercial/Medicare-likely — HMO referrals handled with your staff.,"OPEN: introduce Synergy spine — integrated ortho + spine, deep bench, conservative-first. MESSAGE: your patients with back or neck pain get seen the same week — imaging, conservative care, interventional and surgical under one roof, and we handle HMO referral paperwork with your staff. ASK: “Send us a handful — let us show you what we're about.” Leave one-pager + direct line; log who you met."
ecbb2f66-1bc0-45b0-a9fa-72913b2703bf,Warren Urgent Care,Sean (verify),Prospect,Sean Priority,Urgent Care,Visit / Prospect,0,0,,3,MIXED-WALKIN,Walk-in panel — mixed payers; qualified with intake screening,Heuristic — verify — intake (Kelly) verifies Tier 1 first; NOT confirmed,Payer: walk-in mix — intake screens each referral; commercial/Medicare flow same-week.,"OPEN: introduce Synergy spine — integrated ortho + spine, deep bench, conservative-first. MESSAGE: an acute back/neck pathway: your discharge sheet can book a spine evaluation the same week — one number, we take it from there. ASK: “Send us a handful — let us show you what we're about.” Leave one-pager + direct line; log who you met."
48a82421-a6d1-4f19-a9ae-b0175f5da78a,Waterford Clinic and Urgent Care,Sean (verify),Prospect,Sean Priority,Urgent Care,Visit / Prospect,0,0,,1,MIXED-WALKIN,Walk-in panel — mixed payers; qualified with intake screening,Heuristic — verify — intake (Kelly) verifies Tier 1 first; NOT confirmed,Payer: walk-in mix — intake screens each referral; commercial/Medicare flow same-week.,"OPEN: introduce Synergy spine — integrated ortho + spine, deep bench, conservative-first. MESSAGE: an acute back/neck pathway: your discharge sheet can book a spine evaluation the same week — one number, we take it from there. ASK: “Send us a handful — let us show you what we're about.” Leave one-pager + direct line; log who you met."
31c5e79f-2b0c-424c-8880-34c73f3d5822,24 Hour Lifeline Urgent Care,Sean (verify),Prospect,Sean Priority,Urgent Care,Visit / Prospect,0,0,,1,MIXED-WALKIN,Walk-in panel — mixed payers; qualified with intake screening,Heuristic — verify — intake (Kelly) verifies Tier 1 first; NOT confirmed,Payer: walk-in mix — intake screens each referral; commercial/Medicare flow same-week.,"OPEN: introduce Synergy spine — integrated ortho + spine, deep bench, conservative-first. MESSAGE: an acute back/neck pathway: your discharge sheet can book a spine evaluation the same week — one number, we take it from there. ASK: “Send us a handful — let us show you what we're about.” Leave one-pager + direct line; log who you met."
2da1dbcd-ee9a-4340-aa9e-f489bf31f67c,Basmit Medical Center,Sean (verify),Prospect,Sean Priority,PCP,Visit / Prospect,0,0,,1,COMM-LIKELY,PCP — commercial/Medicare-likely; confirm HMO share (BCN/HAP/McLaren/Priority HMO need PCP referral — we handle that),Heuristic — verify — intake (Kelly) verifies Tier 1 first; NOT confirmed,Payer: commercial/Medicare-likely — HMO referrals handled with your staff.,"OPEN: introduce Synergy spine — integrated ortho + spine, deep bench, conservative-first. MESSAGE: your patients with back or neck pain get seen the same week — imaging, conservative care, interventional and surgical under one roof, and we handle HMO referral paperwork with your staff. ASK: “Send us a handful — let us show you what we're about.” Leave one-pager + direct line; log who you met."
8b21a717-0275-4903-9e29-5e0876aeea12,Beaumont St Clair Shores Family Medicine Center,Sean (verify),Prospect,Sean Priority,PCP,Visit / Prospect,0,0,,1,MIXED-SYSTEM,Hospital-system site — mixed commercial + Medicare + some Medicaid; qualified with intake screening,Heuristic — verify — intake (Kelly) verifies Tier 1 first; NOT confirmed,Payer: mixed panel — screen at intake; HMO plans need PCP referral (we assist).,"OPEN: introduce Synergy spine — integrated ortho + spine, deep bench, conservative-first. MESSAGE: your patients with back or neck pain get seen the same week — imaging, conservative care, interventional and surgical under one roof, and we handle HMO referral paperwork with your staff. ASK: “Send us a handful — let us show you what we're about.” Leave one-pager + direct line; log who you met."
95815d25-928b-44a9-9eab-ebb314264337,Beaumont Urgent Care - Macomb,Sean (verify),Prospect,Sean Priority,Urgent Care,Visit / Prospect,0,0,,1,MIXED-SYSTEM,Hospital-system site — mixed commercial + Medicare + some Medicaid; qualified with intake screening,Heuristic — verify — intake (Kelly) verifies Tier 1 first; NOT confirmed,Payer: mixed panel — screen at intake; HMO plans need PCP referral (we assist).,"OPEN: introduce Synergy spine — integrated ortho + spine, deep bench, conservative-first. MESSAGE: an acute back/neck pathway: your discharge sheet can book a spine evaluation the same week — one number, we take it from there. ASK: “Send us a handful — let us show you what we're about.” Leave one-pager + direct line; log who you met."
dc6067ed-60f7-4ae5-8b5b-7b8b03095484,Concentra Urgent Care - Sterling Heights,Sean (verify),Prospect,Sean Priority,Urgent Care,Visit / Prospect,0,0,,1,MIXED-WALKIN,Walk-in panel — mixed payers; qualified with intake screening,Heuristic — verify — intake (Kelly) verifies Tier 1 first; NOT confirmed,Payer: walk-in mix — intake screens each referral; commercial/Medicare flow same-week.,"OPEN: introduce Synergy spine — integrated ortho + spine, deep bench, conservative-first. MESSAGE: an acute back/neck pathway: your discharge sheet can book a spine evaluation the same week — one number, we take it from there. ASK: “Send us a handful — let us show you what we're about.” Leave one-pager + direct line; log who you met."
aa84092d-9fe9-4da4-894a-3cee1c6a4eae,DMC Primary Care Physicians,Sean (verify),Prospect,Sean Priority,PCP,Visit / Prospect,0,0,,1,MIXED-SYSTEM,Hospital-system site — mixed commercial + Medicare + some Medicaid; qualified with intake screening,Heuristic — verify — intake (Kelly) verifies Tier 1 first; NOT confirmed,Payer: mixed panel — screen at intake; HMO plans need PCP referral (we assist).,"OPEN: introduce Synergy spine — integrated ortho + spine, deep bench, conservative-first. MESSAGE: your patients with back or neck pain get seen the same week — imaging, conservative care, interventional and surgical under one roof, and we handle HMO referral paperwork with your staff. ASK: “Send us a handful — let us show you what we're about.” Leave one-pager + direct line; log who you met."
d4fae452-4372-4249-834e-907b5d3a44c2,Dobra Medical,Sean (verify),Prospect,Sean Priority,PCP,Visit / Prospect,0,0,,1,COMM-LIKELY,PCP — commercial/Medicare-likely; confirm HMO share (BCN/HAP/McLaren/Priority HMO need PCP referral — we handle that),Heuristic — verify — intake (Kelly) verifies Tier 1 first; NOT confirmed,Payer: commercial/Medicare-likely — HMO referrals handled with your staff.,"OPEN: introduce Synergy spine — integrated ortho + spine, deep bench, conservative-first. MESSAGE: your patients with back or neck pain get seen the same week — imaging, conservative care, interventional and surgical under one roof, and we handle HMO referral paperwork with your staff. ASK: “Send us a handful — let us show you what we're about.” Leave one-pager + direct line; log who you met."
1528062080,Duchene Chiropractic Center,Sean (verify),Prospect,Sean Priority,Chiropractor,Visit / Prospect,0,0,,1,COMM-WCPI,Chiro — commercial + WC/PI mix (QUALIFIED); screen auto/WC liens,Heuristic — verify — intake (Kelly) verifies Tier 1 first; NOT confirmed,Payer: commercial + auto/WC liens welcome; screen Medicaid share.,"OPEN: introduce Synergy spine — integrated ortho + spine, deep bench, conservative-first. MESSAGE: co-management for patients who plateau — imaging access, interventional options, surgical consults when warranted, and every patient returns to your care plan with notes. ASK: “Send us a handful — let us show you what we're about.” Leave one-pager + direct line; log who you met."
873f8470-c8da-4605-9536-b1303a57969d,IEP Urgent Care - Clinton Township,Sean (verify),Prospect,Sean Priority,Urgent Care,Visit / Prospect,0,0,,1,MIXED-WALKIN,Walk-in panel — mixed payers; qualified with intake screening,Heuristic — verify — intake (Kelly) verifies Tier 1 first; NOT confirmed,Payer: walk-in mix — intake screens each referral; commercial/Medicare flow same-week.,"OPEN: introduce Synergy spine — integrated ortho + spine, deep bench, conservative-first. MESSAGE: an acute back/neck pathway: your discharge sheet can book a spine evaluation the same week — one number, we take it from there. ASK: “Send us a handful — let us show you what we're about.” Leave one-pager + direct line; log who you met."
1255407631,Lake Victoria Medical Associates,Sean (verify),Prospect,Sean Priority,PCP,Visit / Prospect,0,0,,1,COMM-LIKELY,PCP — commercial/Medicare-likely; confirm HMO share (BCN/HAP/McLaren/Priority HMO need PCP referral — we handle that),Heuristic — verify — intake (Kelly) verifies Tier 1 first; NOT confirmed,Payer: commercial/Medicare-likely — HMO referrals handled with your staff.,"OPEN: introduce Synergy spine — integrated ortho + spine, deep bench, conservative-first. MESSAGE: your patients with back or neck pain get seen the same week — imaging, conservative care, interventional and surgical under one roof, and we handle HMO referral paperwork with your staff. ASK: “Send us a handful — let us show you what we're about.” Leave one-pager + direct line; log who you met."
3a0e67cc-4884-44a8-9cc3-605a71f50747,"Mouhamad Rihawi, MD",Sean (verify),Prospect,Sean Priority,PCP,Visit / Prospect,0,0,,1,COMM-LIKELY,PCP — commercial/Medicare-likely; confirm HMO share (BCN/HAP/McLaren/Priority HMO need PCP referral — we handle that),Heuristic — verify — intake (Kelly) verifies Tier 1 first; NOT confirmed,Payer: commercial/Medicare-likely — HMO referrals handled with your staff.,"OPEN: introduce Synergy spine — integrated ortho + spine, deep bench, conservative-first. MESSAGE: your patients with back or neck pain get seen the same week — imaging, conservative care, interventional and surgical under one roof, and we handle HMO referral paperwork with your staff. ASK: “Send us a handful — let us show you what we're about.” Leave one-pager + direct line; log who you met."
f0618db9-7947-42e6-a170-17896c7120ca,NuVision Health Center,Sean (verify),Prospect,Sean Priority,Chiropractor,Visit / Prospect,0,0,,1,MEDICAID-LIKELY,Community-health/FQHC pattern — Medicaid-heavy panel likely; payer gate: cap Tier 2 until VERIFIED,Heuristic — VERIFY FIRST — intake (Kelly) verifies Tier 1 first; NOT confirmed,Payer CAUTION: likely Medicaid-heavy — do NOT promise same-week until eligibility verified; uninsured → Harmony Health Direct Pay.,"OPEN: introduce Synergy spine — integrated ortho + spine, deep bench, conservative-first. MESSAGE: co-management for patients who plateau — imaging access, interventional options, surgical consults when warranted, and every patient returns to your care plan with notes. ASK: “Send us a handful — let us show you what we're about.” Leave one-pager + direct line; log who you met."
ccad7a72-2fa8-4c91-af14-5995cd5adacf,Office of Clara Kamath Wood MD,Sean (verify),Prospect,Sean Priority,PCP,Visit / Prospect,0,0,,1,COMM-LIKELY,PCP — commercial/Medicare-likely; confirm HMO share (BCN/HAP/McLaren/Priority HMO need PCP referral — we handle that),Heuristic — verify — intake (Kelly) verifies Tier 1 first; NOT confirmed,Payer: commercial/Medicare-likely — HMO referrals handled with your staff.,"OPEN: introduce Synergy spine — integrated ortho + spine, deep bench, conservative-first. MESSAGE: your patients with back or neck pain get seen the same week — imaging, conservative care, interventional and surgical under one roof, and we handle HMO referral paperwork with your staff. ASK: “Send us a handful — let us show you what we're about.” Leave one-pager + direct line; log who you met."
1275631764,Office of Mohammad Ghaffarloo MD,Sean (verify),Prospect,Sean Priority,PCP,Visit / Prospect,0,0,,1,COMM-LIKELY,PCP — commercial/Medicare-likely; confirm HMO share (BCN/HAP/McLaren/Priority HMO need PCP referral — we handle that),Heuristic — verify — intake (Kelly) verifies Tier 1 first; NOT confirmed,Payer: commercial/Medicare-likely — HMO referrals handled with your staff.,"OPEN: introduce Synergy spine — integrated ortho + spine, deep bench, conservative-first. MESSAGE: your patients with back or neck pain get seen the same week — imaging, conservative care, interventional and surgical under one roof, and we handle HMO referral paperwork with your staff. ASK: “Send us a handful — let us show you what we're about.” Leave one-pager + direct line; log who you met."
b6ab26a5-4fc4-4e01-8eb2-0ad308df928a,Quality Medical Care,Sean (verify),Prospect,Sean Priority,PCP,Visit / Prospect,0,0,,1,COMM-LIKELY,PCP — commercial/Medicare-likely; confirm HMO share (BCN/HAP/McLaren/Priority HMO need PCP referral — we handle that),Heuristic — verify — intake (Kelly) verifies Tier 1 first; NOT confirmed,Payer: commercial/Medicare-likely — HMO referrals handled with your staff.,"OPEN: introduce Synergy spine — integrated ortho + spine, deep bench, conservative-first. MESSAGE: your patients with back or neck pain get seen the same week — imaging, conservative care, interventional and surgical under one roof, and we handle HMO referral paperwork with your staff. ASK: “Send us a handful — let us show you what we're about.” Leave one-pager + direct line; log who you met."
6b8b88a7-f328-4ed9-a513-eeb82ab243c8,Roseville Medical,Sean (verify),Prospect,Sean Priority,PCP,Visit / Prospect,0,0,,1,COMM-LIKELY,PCP — commercial/Medicare-likely; confirm HMO share (BCN/HAP/McLaren/Priority HMO need PCP referral — we handle that),Heuristic — verify — intake (Kelly) verifies Tier 1 first; NOT confirmed,Payer: commercial/Medicare-likely — HMO referrals handled with your staff.,"OPEN: introduce Synergy spine — integrated ortho + spine, deep bench, conservative-first. MESSAGE: your patients with back or neck pain get seen the same week — imaging, conservative care, interventional and surgical under one roof, and we handle HMO referral paperwork with your staff. ASK: “Send us a handful — let us show you what we're about.” Leave one-pager + direct line; log who you met."
1d604048-db89-4d0e-a02f-5b32cbb05cef,BEAUMONT FAMILY MEDICINE CENTER,Sean (verify),Prospect,Sean Priority,PCP,Visit / Prospect,0,0,,0,MIXED-SYSTEM,Hospital-system site — mixed commercial + Medicare + some Medicaid; qualified with intake screening,Heuristic — verify — intake (Kelly) verifies Tier 1 first; NOT confirmed,Payer: mixed panel — screen at intake; HMO plans need PCP referral (we assist).,"OPEN: introduce Synergy spine — integrated ortho + spine, deep bench, conservative-first. MESSAGE: your patients with back or neck pain get seen the same week — imaging, conservative care, interventional and surgical under one roof, and we handle HMO referral paperwork with your staff. ASK: “Send us a handful — let us show you what we're about.” Leave one-pager + direct line; log who you met."
7029908f-15ae-4392-bee1-092ccc4acb4d,Beaumont Urgent Care - Shelby Township,Sean (verify),Prospect,Sean Priority,Urgent Care,Visit / Prospect,0,0,,0,MIXED-SYSTEM,Hospital-system site — mixed commercial + Medicare + some Medicaid; qualified with intake screening,Heuristic — verify — intake (Kelly) verifies Tier 1 first; NOT confirmed,Payer: mixed panel — screen at intake; HMO plans need PCP referral (we assist).,"OPEN: introduce Synergy spine — integrated ortho + spine, deep bench, conservative-first. MESSAGE: an acute back/neck pathway: your discharge sheet can book a spine evaluation the same week — one number, we take it from there. ASK: “Send us a handful — let us show you what we're about.” Leave one-pager + direct line; log who you met."
1033349626,Chaldean Community Foundation Primary Care,Sean (verify),Prospect,Sean Priority,PCP,Visit / Prospect,0,0,,0,COMM-LIKELY,PCP — commercial/Medicare-likely; confirm HMO share (BCN/HAP/McLaren/Priority HMO need PCP referral — we handle that),Heuristic — verify — intake (Kelly) verifies Tier 1 first; NOT confirmed,Payer: commercial/Medicare-likely — HMO referrals handled with your staff.,"OPEN: introduce Synergy spine — integrated ortho + spine, deep bench, conservative-first. MESSAGE: your patients with back or neck pain get seen the same week — imaging, conservative care, interventional and surgical under one roof, and we handle HMO referral paperwork with your staff. ASK: “Send us a handful — let us show you what we're about.” Leave one-pager + direct line; log who you met."
21c9d7c9-d864-48c6-bf43-cdad0a36da33,HENRY FORD MACOMB HOSPITAL NEIGHBORS CARING FOR NEIGHBORS CLINIC,Sean (verify),Prospect,Sean Priority,PCP,Visit / Prospect,0,0,,0,MIXED-SYSTEM,Hospital-system site — mixed commercial + Medicare + some Medicaid; qualified with intake screening,Heuristic — verify — intake (Kelly) verifies Tier 1 first; NOT confirmed,Payer: mixed panel — screen at intake; HMO plans need PCP referral (we assist).,"OPEN: introduce Synergy spine — integrated ortho + spine, deep bench, conservative-first. MESSAGE: your patients with back or neck pain get seen the same week — imaging, conservative care, interventional and surgical under one roof, and we handle HMO referral paperwork with your staff. ASK: “Send us a handful — let us show you what we're about.” Leave one-pager + direct line; log who you met."
5997bbe4-c6c0-4d81-83f5-64224165cbfe,Medpointe Urgent Care - Fraser,Sean (verify),Prospect,Sean Priority,Urgent Care,Visit / Prospect,0,0,,0,MIXED-WALKIN,Walk-in panel — mixed payers; qualified with intake screening,Heuristic — verify — intake (Kelly) verifies Tier 1 first; NOT confirmed,Payer: walk-in mix — intake screens each referral; commercial/Medicare flow same-week.,"OPEN: introduce Synergy spine — integrated ortho + spine, deep bench, conservative-first. MESSAGE: an acute back/neck pathway: your discharge sheet can book a spine evaluation the same week — one number, we take it from there. ASK: “Send us a handful — let us show you what we're about.” Leave one-pager + direct line; log who you met."
e069fd65-f64e-40c3-9079-98b80425db51,Medpointe Urgent Care - Macomb,Sean (verify),Prospect,Sean Priority,Urgent Care,Visit / Prospect,0,0,,0,MIXED-WALKIN,Walk-in panel — mixed payers; qualified with intake screening,Heuristic — verify — intake (Kelly) verifies Tier 1 first; NOT confirmed,Payer: walk-in mix — intake screens each referral; commercial/Medicare flow same-week.,"OPEN: introduce Synergy spine — integrated ortho + spine, deep bench, conservative-first. MESSAGE: an acute back/neck pathway: your discharge sheet can book a spine evaluation the same week — one number, we take it from there. ASK: “Send us a handful — let us show you what we're about.” Leave one-pager + direct line; log who you met."
bff6105d-462d-4354-9aed-19ca722a8eba,Michigan Urgent Care - Clinton Twp,Sean (verify),Prospect,Sean Priority,Urgent Care,Visit / Prospect,0,0,,0,MIXED-WALKIN,Walk-in panel — mixed payers; qualified with intake screening,Heuristic — verify — intake (Kelly) verifies Tier 1 first; NOT confirmed,Payer: walk-in mix — intake screens each referral; commercial/Medicare flow same-week.,"OPEN: introduce Synergy spine — integrated ortho + spine, deep bench, conservative-first. MESSAGE: an acute back/neck pathway: your discharge sheet can book a spine evaluation the same week — one number, we take it from there. ASK: “Send us a handful — let us show you what we're about.” Leave one-pager + direct line; log who you met."
f37e51fa-a303-438f-a2cf-88f9fad4c310,My Health Urgent Care (Ascension) - Clinton Township,Sean (verify),Prospect,Sean Priority,Urgent Care,Visit / Prospect,0,0,,0,MIXED-SYSTEM,Hospital-system site — mixed commercial + Medicare + some Medicaid; qualified with intake screening,Heuristic — verify — intake (Kelly) verifies Tier 1 first; NOT confirmed,Payer: mixed panel — screen at intake; HMO plans need PCP referral (we assist).,"OPEN: introduce Synergy spine — integrated ortho + spine, deep bench, conservative-first. MESSAGE: an acute back/neck pathway: your discharge sheet can book a spine evaluation the same week — one number, we take it from there. ASK: “Send us a handful — let us show you what we're about.” Leave one-pager + direct line; log who you met."
915e7f03-470f-402c-8bb4-3514cb79c6a8,MyHealth Ascenion Urgent Care - Warren,Sean (verify),Prospect,Sean Priority,Urgent Care,Visit / Prospect,0,0,,0,MIXED-WALKIN,Walk-in panel — mixed payers; qualified with intake screening,Heuristic — verify — intake (Kelly) verifies Tier 1 first; NOT confirmed,Payer: walk-in mix — intake screens each referral; commercial/Medicare flow same-week.,"OPEN: introduce Synergy spine — integrated ortho + spine, deep bench, conservative-first. MESSAGE: an acute back/neck pathway: your discharge sheet can book a spine evaluation the same week — one number, we take it from there. ASK: “Send us a handful — let us show you what we're about.” Leave one-pager + direct line; log who you met."
f06c4a23-c5e9-4410-801d-af21ffec19ee,Schaefer chiropractic center,Sean (verify),Prospect,Sean Priority,Chiropractor,Visit / Prospect,0,0,,0,COMM-WCPI,Chiro — commercial + WC/PI mix (QUALIFIED); screen auto/WC liens,Heuristic — verify — intake (Kelly) verifies Tier 1 first; NOT confirmed,Payer: commercial + auto/WC liens welcome; screen Medicaid share.,"OPEN: introduce Synergy spine — integrated ortho + spine, deep bench, conservative-first. MESSAGE: co-management for patients who plateau — imaging access, interventional options, surgical consults when warranted, and every patient returns to your care plan with notes. ASK: “Send us a handful — let us show you what we're about.” Leave one-pager + direct line; log who you met."
0b2dd364-857f-4064-8780-c446479449c9,Sunrise Urgent Care,Sean (verify),Prospect,Sean Priority,Urgent Care,Visit / Prospect,0,0,,0,MIXED-WALKIN,Walk-in panel — mixed payers; qualified with intake screening,Heuristic — verify — intake (Kelly) verifies Tier 1 first; NOT confirmed,Payer: walk-in mix — intake screens each referral; commercial/Medicare flow same-week.,"OPEN: introduce Synergy spine — integrated ortho + spine, deep bench, conservative-first. MESSAGE: an acute back/neck pathway: your discharge sheet can book a spine evaluation the same week — one number, we take it from there. ASK: “Send us a handful — let us show you what we're about.” Leave one-pager + direct line; log who you met."
01-159-9219,Professional Physical Therapy,Sean (verify),Prospect,Sean Priority,PT,Visit / Prospect,0,0,,0,COMM-LIKELY,Private specialty practice — commercial/Medicare-likely (QUALIFIED); confirm,Heuristic — verify — intake (Kelly) verifies Tier 1 first; NOT confirmed,Payer: commercial/Medicare-likely — HMO referrals handled with your staff.,"OPEN: introduce Synergy spine — integrated ortho + spine, deep bench, conservative-first. MESSAGE: for patients whose progress stalls, a spine consult with imaging same-week — then straight back to your plan of care with clear notes. ASK: “Send us a handful — let us show you what we're about.” Leave one-pager + direct line; log who you met."
63bf16ad-3645-45fb-8f1d-e1eb3a131efc,Brigid Healthcare,Sean (verify),Tier 1,Sean Priority,PCP,Repeat Spine Referrer,2,3,"Hui Wang, PA (2 spine)",2,COMM-LIKELY,PCP — commercial/Medicare-likely; confirm HMO share (BCN/HAP/McLaren/Priority HMO need PCP referral — we handle that),Heuristic — verify — intake (Kelly) verifies Tier 1 first; NOT confirmed,Payer: commercial/Medicare-likely — HMO referrals handled with your staff.,"Thank you for trusting us with the care of your patients (Hui Wang's referrals especially). OPEN: what could we do better — access, notes back, anything? MESSAGE: same-week access still holds for your patients; your patients with back or neck pain get seen the same week — imaging, conservative care, interventional and surgical under one roof, and we handle HMO referral paperwork with your staff. ASK: anything pending right now we can get seen this week?"
346a1335-a97f-4a1a-9847-77f9e71383c3,Get Well Urgent Care Madison Heights,Sean (verify),Tier 1,Sean Priority,Urgent Care,Repeat Spine Referrer,2,3,Get Well Urgent Care - Madison Heights (1 spine) · Getwell Urgent Care- Madison Heights (1 spine),9,MIXED-WALKIN,Walk-in panel — mixed payers; qualified with intake screening,Heuristic — verify — intake (Kelly) verifies Tier 1 first; NOT confirmed,Payer: walk-in mix — intake screens each referral; commercial/Medicare flow same-week.,"Thank you for trusting us with the care of your patients (Get Well Urgent Care - Madison Heights's referrals especially). OPEN: what could we do better — access, notes back, anything? MESSAGE: same-week access still holds for your patients; an acute back/neck pathway: your discharge sheet can book a spine evaluation the same week — one number, we take it from there. ASK: anything pending right now we can get seen this week?"
1774d7c7-2d8b-42c6-9dac-78c2a9cf3ed8,Berkley Urgent Care,Sean (verify),Tier 1,Sean Priority,Urgent Care,One Spine Patient,1,3,Berkley Urgent Care (1 spine),3,MIXED-WALKIN,Walk-in panel — mixed payers; qualified with intake screening,Heuristic — verify — intake (Kelly) verifies Tier 1 first; NOT confirmed,Payer: walk-in mix — intake screens each referral; commercial/Medicare flow same-week.,"Thank you for trusting us with the care of your patients (Berkley Urgent Care's referrals especially). OPEN: how was the experience on the spine patient you sent? MESSAGE: that same pathway works every time — an acute back/neck pathway: your discharge sheet can book a spine evaluation the same week — one number, we take it from there. ASK: make us your default for the next back/neck patient; leave named coordinator + direct line."
1992798961,Downriver Internists,Sean (verify),Tier 2,Sean Priority,PCP,Ortho Referrer,0,2,"Srinivas Gatla, MD (2 ortho)",2,COMM-LIKELY,PCP — commercial/Medicare-likely; confirm HMO share (BCN/HAP/McLaren/Priority HMO need PCP referral — we handle that),Heuristic — verify — intake (Kelly) verifies Tier 1 first; NOT confirmed,Payer: commercial/Medicare-likely — HMO referrals handled with your staff.,"Thank you for the patients you've sent. OPEN: you already trust us with ortho. MESSAGE: spine works exactly the same way — your patients with back or neck pain get seen the same week — imaging, conservative care, interventional and surgical under one roof, and we handle HMO referral paperwork with your staff. ASK: send the next back/neck patient the way you send knees and shoulders."
ea9682a6-09ea-4d32-a71d-171ffffb7847,Wattles Internal Medicine- use,Sean (verify),Tier 2,Sean Priority,PCP,Ortho Referrer,0,1,"Mark Zohoury, DO (1 ortho)",4,COMM-LIKELY,PCP — commercial/Medicare-likely; confirm HMO share (BCN/HAP/McLaren/Priority HMO need PCP referral — we handle that),Heuristic — verify — intake (Kelly) verifies Tier 1 first; NOT confirmed,Payer: commercial/Medicare-likely — HMO referrals handled with your staff.,"Thank you for the patients you've sent. OPEN: you already trust us with ortho. MESSAGE: spine works exactly the same way — your patients with back or neck pain get seen the same week — imaging, conservative care, interventional and surgical under one roof, and we handle HMO referral paperwork with your staff. ASK: send the next back/neck patient the way you send knees and shoulders."
573750f7-b7bd-4246-b7ac-f1217823639f,South Lyon Family Docs,Sean (verify),Tier 2,Sean Priority,PCP,Ortho Referrer,0,1,"Brandy Eberhardt, DO (1 ortho)",3,COMM-LIKELY,PCP — commercial/Medicare-likely; confirm HMO share (BCN/HAP/McLaren/Priority HMO need PCP referral — we handle that),Heuristic — verify — intake (Kelly) verifies Tier 1 first; NOT confirmed,Payer: commercial/Medicare-likely — HMO referrals handled with your staff.,"Thank you for the patients you've sent. OPEN: you already trust us with ortho. MESSAGE: spine works exactly the same way — your patients with back or neck pain get seen the same week — imaging, conservative care, interventional and surgical under one roof, and we handle HMO referral paperwork with your staff. ASK: send the next back/neck patient the way you send knees and shoulders."
97ae4125-fd10-47de-8cae-c053e42232d0,Academic Internal Medicine (Ascension),Sean (verify),Tier 3,Sean Priority,PCP,Other Patient Referrer,0,1,"Zain Kulairi, MD",5,MIXED-SYSTEM,Hospital-system site — mixed commercial + Medicare + some Medicaid; qualified with intake screening,Heuristic — verify — intake (Kelly) verifies Tier 1 first; NOT confirmed,Payer: mixed panel — screen at intake; HMO plans need PCP referral (we assist).,"Thank you for the patients you've sent. MESSAGE: beyond what you already send, our spine line offers your patients with back or neck pain get seen the same week — imaging, conservative care, interventional and surgical under one roof, and we handle HMO referral paperwork with your staff. ASK: “Send us a handful of the spine ones — let us show you what we're about.”"
