Global Rank,PL Rank,Target Score,Tier,Wave,Referral Evidence Band,Operating Lane,Account / Practice,MMC Company ID,City / Address,Practice Type,MMC Groups,Territory,Assigned PL,Referral Match Status,Matched Referral Source(s),2026 Spine Patients,2026 Ortho Patients,2026 Other Patients,2026 Total B2B Patients,Last Spine Patient Date,Last Any Patient Date,Prior Visit Before Reference Patient,Visit-to-First-Appt Lag Days,Median Visit-to-First-Appt Lag,Relationship Activity,Spine Opportunity,Core Baseline Status,Visit-Days 4W,Visit-Days 8W,Visit-Days 12W,2026 Practice Visit-Days,2026 People Touches,Linked People,Last Completed Visit,Observed Revisit Days,Planned Cadence Days,Configured Frequency,Frequency Status,Payer Fit,Operating Status,Next Action,Data Match Status,Notes / Score Rationale
1,1,100,Tier 1,Wave 1,Repeat Spine Referrer,Proven Spine / Protect,DMC SPORTS MEDICINE NOVI,6e52135e-6cca-4482-9973-58d180f1dce7,"44000 W 12 MILE RD STE 100, NOVI, MI, 48377",Orthopedic,Sports Medicine,Other – NOVI,Jasmine,Deterministically matched,"COOKE MD, CHRISTOPHER LEE; COOKE, CHRISTOPHER LEE; Cooke, Christopher; MEEHAN MD, ROBERT; Meehan, Robert",7,0,0,7,2026-06-19 00:00:00,2026-06-19 00:00:00,2026-05-11 00:00:00,39,32,Strong,Proven Repeat Spine Referrer,Current Core Baseline,1,1,2,5,21,5,2026-06-24 00:00:00,41,14,Sports Medicine: No frequency,Unknown,Unknown,Likely Open – recent MMC visit,"Protect: thank, learn and expand spine",Matched,"Score = referral 88 + specialty 5 + visit context 3 + reachability 2 + data 2. Exact provider name + referral PL owner; Unique provider first + last + referral PL owner; Exact provider name Patient counts are distinct attributed B2B records, not confirmed kept visits."
2,1,99,Tier 1,Wave 1,Repeat Spine Referrer,Proven Spine / Protect,Park Medical Centers,92913d4d-edc4-462b-aecf-ef3f54198f09,"38253 Ann Arbor Road, Livonia, Michigan, 48150",PCP,Kristen Strategic Account; Internal Medicine/PCP,Livonia,Kristen,Deterministically matched,"Ozog DO, Richard; POULOS PA, KATHRYN  MARIE",5,7,0,12,2026-05-29 00:00:00,2026-06-02 00:00:00,2026-04-24 00:00:00,39,27.5,Moderate,Proven Repeat Spine Referrer,Current Core Baseline,1,1,2,3,9,5,2026-06-30 00:00:00,77,14,Kristen Strategic Account: No frequency;Internal Medicine/PCP: No frequency,Unknown,Unknown,Likely Open – recent MMC visit,"Protect: thank, learn and expand spine",Matched,"Score = referral 88 + specialty 4 + visit context 3 + reachability 2 + data 2. Unique provider first + last; Exact provider name Patient counts are distinct attributed B2B records, not confirmed kept visits."
3,2,99,Tier 1,Wave 1,Repeat Spine Referrer,Proven Spine / Protect,Comprehensive Healthcare Associates and Prevention Medicine,c7781046-a235-49fa-ac8e-4b8d6354c618,"15140 Levan Rd, Livonia, Michigan, 48154",PCP,Internal Medicine/PCP,Livonia,Jasmine,Deterministically matched,"Jarodiya MD, Babu; Patel MD, Rakesh; Singh MD, Jaspal; Vankayalapati MD, Jaya",6,16,2,24,2026-06-23 00:00:00,2026-06-30 00:00:00,2026-05-22 00:00:00,39,23,Strong,Proven Repeat Spine Referrer,Current Core Baseline,1,2,2,4,32,8,2026-07-09 00:00:00,46,14,Internal Medicine/PCP: No frequency,Unknown,Unknown,Likely Open – recent MMC visit,"Protect: thank, learn and expand spine",Matched,"Score = referral 88 + specialty 4 + visit context 3 + reachability 2 + data 2. Exact provider name + referral PL owner Patient counts are distinct attributed B2B records, not confirmed kept visits."
4,1,99,Tier 1,Wave 1,Repeat Spine Referrer,Proven Spine / Protect,Lakeview Medical Center,64ed5116-24c0-4278-8d87-a7ca5f7d76c4,"23600 Harper Ave ste 103 St Clair Shores, St. Clair Shores, Michigan, 48080",PCP,Internal Medicine/PCP,Other – St. Clair Shores,Coty,Deterministically matched,"Kloski PA-C, Rachel N; Kloski, Rachel N; Wanis MD, Magdy",7,6,0,13,2026-04-30 00:00:00,2026-05-14 00:00:00,2026-05-04 00:00:00,10,15,Strong,Proven Repeat Spine Referrer,Current Core Baseline,1,3,4,8,48,6,2026-07-09 00:00:00,17,14,Internal Medicine/PCP: No frequency,Unknown,Unknown,Likely Open – recent MMC visit,"Protect: thank, learn and expand spine",Matched,"Score = referral 88 + specialty 4 + visit context 3 + reachability 2 + data 2. Exact provider name; Unique provider first + last Patient counts are distinct attributed B2B records, not confirmed kept visits."
5,2,99,Tier 1,Wave 1,Repeat Spine Referrer,Proven Spine / Protect,Schoenherr Family Practice,e9020844-6b2a-43b6-9416-51116e859cc2,"13350 24 Mile Rd ste 200, Shelby Township, Michigan, 48315",PCP,Internal Medicine/PCP,Other – Shelby Township,Coty,Deterministically matched,"Machesky MD, Kelly K; ROMANO, MATTHEW",6,2,0,8,2026-05-26 00:00:00,2026-06-04 00:00:00,2026-04-27 00:00:00,38,17,Strong,Proven Repeat Spine Referrer,Current Core Baseline,1,2,3,5,35,7,2026-07-07 00:00:00,35.5,14,Internal Medicine/PCP: No frequency,Unknown,Unknown,Likely Open – recent MMC visit,"Protect: thank, learn and expand spine",Matched,"Score = referral 88 + specialty 4 + visit context 3 + reachability 2 + data 2. Unique provider first + last; Exact provider name Patient counts are distinct attributed B2B records, not confirmed kept visits."
6,2,98,Tier 1,Wave 1,Repeat Spine Referrer,Proven Spine / Protect,Kajy Law,3b453978-15f0-429d-ab43-67d84178b21f,"18000 W Nine Mile Rd suite 1400, Southfield, Michigan, 48075",Attorney / Legal,Attorney,Southfield,Kristen,Deterministically matched,Kajy Law,5,0,0,5,2026-05-21 00:00:00,2026-05-21 00:00:00,2026-05-12 00:00:00,9,9,Strong,Proven Repeat Spine Referrer,Outside Core Baseline,1,1,3,6,7,2,2026-06-29 00:00:00,30,14,Attorney: No frequency,Unknown,Unknown,Likely Open – recent MMC visit,"Protect: thank, learn and expand spine",Matched,"Score = referral 88 + specialty 3 + visit context 3 + reachability 2 + data 2. Exact company name Patient counts are distinct attributed B2B records, not confirmed kept visits."
7,3,98,Tier 1,Wave 1,Repeat Spine Referrer,Proven Spine / Protect,Mike Morse Law Firm,2dd4a698-eeec-4552-98ba-d85b130bcc56,"24901 Northwestern Highway, Southfield, Michigan, 48075",Attorney / Legal,Attorney,Southfield,Kristen,Deterministically matched,MIKE MORSE; Mike Morse,75,18,1,94,2026-06-24 00:00:00,2026-06-24 00:00:00,2026-06-24 00:00:00,0,28,Strong,Proven Repeat Spine Referrer,Outside Core Baseline,1,3,3,5,125,42,2026-06-24 00:00:00,31,14,Attorney: No frequency,Unknown,Unknown,Likely Open – recent MMC visit,"Protect: thank, learn and expand spine",Matched,"Score = referral 88 + specialty 3 + visit context 3 + reachability 2 + data 2. Reviewed source alias Patient counts are distinct attributed B2B records, not confirmed kept visits."
8,3,98,Tier 1,Wave 1,Repeat Spine Referrer,Proven Spine / Protect,Park Medical Centers - Canton,047f1f57-d796-4b0d-b2d0-b5d576ad50ea,"8532 N CANTON CENTER RD, CANTON, MI, 48187",PCP,Internal Medicine/PCP,Other – CANTON,Jasmine,Deterministically matched,"Rollins DO, William; Rollins DO, William F; Rollins MD, William",5,3,1,9,2026-07-07 00:00:00,2026-07-07 00:00:00,2026-07-02 00:00:00,5,28,Moderate,Proven Repeat Spine Referrer,Current Core Baseline,1,1,2,3,3,1,2026-07-02 00:00:00,60.5,14,Internal Medicine/PCP: No frequency,Unknown,Unknown,Likely Open – recent MMC visit,"Protect: thank, learn and expand spine",Matched,"Score = referral 88 + specialty 4 + visit context 3 + reachability 1 + data 2. Unique provider first + last; Exact provider name Patient counts are distinct attributed B2B records, not confirmed kept visits."
9,4,97,Tier 1,Wave 1,Repeat Spine Referrer,Proven Spine / Protect,DMC PRIMARY AND SPECIALTY CARE WEST BLOOMFIELD,e1df3a06-b408-47d1-8333-8e5c30e7bc97,"6525 W MAPLE RD STE 101E, WEST BLOOMFIELD, MI, 48322",PCP,Internal Medicine/PCP,Other – WEST BLOOMFIELD,Kristen,Deterministically matched,"ARONOV DO, MARK; KRISHNAMOORTHY, MADHUMITHA",5,1,0,6,2026-04-15 00:00:00,2026-07-08 00:00:00,2026-05-07 00:00:00,62,37,Moderate,Proven Repeat Spine Referrer,Outside Core Baseline,0,0,1,2,10,5,2026-05-07 00:00:00,84,14,Internal Medicine/PCP: No frequency,Unknown,Unknown,Likely Open – recent MMC visit,"Protect: thank, learn and expand spine",Matched,"Score = referral 88 + specialty 4 + visit context 1 + reachability 2 + data 2. Exact provider name Patient counts are distinct attributed B2B records, not confirmed kept visits."
10,5,97,Tier 1,Wave 1,Repeat Spine Referrer,Proven Spine / Protect,Henry Ford Primary Care Center - 160,b6033c7f-ac4e-4957-b3b0-519077da6c8d,"30055 Northwestern Hwy, Farmington Hills, Michigan, 48334",PCP,Internal Medicine/PCP,Other – Farmington Hills,Kristen,Deterministically matched,"Antone MD, May; Bajouka MD, Neeran; Bajouka MD, Neeran Yosif",5,0,1,6,2026-05-20 00:00:00,2026-05-20 00:00:00,2026-05-08 00:00:00,12,24.5,Weak,Proven Repeat Spine Referrer,Outside Core Baseline,0,0,1,2,2,2,2026-05-08 00:00:00,81,14,Internal Medicine/PCP: No frequency,Unknown,Unknown,Likely Open – recent MMC visit,"Protect: thank, learn and expand spine",Matched,"Score = referral 88 + specialty 4 + visit context 1 + reachability 2 + data 2. Exact provider name; Unique provider first + last Patient counts are distinct attributed B2B records, not confirmed kept visits."
11,6,97,Tier 1,Wave 1,Repeat Spine Referrer,Proven Spine / Protect,Hesselberg Chiropractic,83b9dec3-57ee-4777-b000-fcb1c228e6c7,"2900 Packard Street, Ypsilanti, Michigan, 48197",Chiropractor,Kristen Strategic Account; Chiropractor,Other – Ypsilanti,Kristen,Deterministically matched,"Hesselberg DC, Jason Joseph; Hesselberg, Jason DC",23,0,0,23,2026-06-17 00:00:00,2026-06-17 00:00:00,2026-04-27 00:00:00,51,25,Moderate,Proven Repeat Spine Referrer,Outside Core Baseline,0,0,1,2,6,3,2026-04-27 00:00:00,91,14,Kristen Strategic Account: No frequency;Chiropractor: No frequency,Unknown,Unknown,Likely Open – recent MMC visit,"Protect: thank, learn and expand spine",Matched,"Score = referral 88 + specialty 4 + visit context 1 + reachability 2 + data 2. Unique provider first + last; Exact provider name Patient counts are distinct attributed B2B records, not confirmed kept visits."
12,7,97,Tier 1,Wave 1,Repeat Spine Referrer,Proven Spine / Protect,Michigan Auto Law,8bd62ae0-e836-472d-84f6-a85688fd5524,"30101 Northwestern Hwy, Farmington Hills, Michigan, 48334",Attorney / Legal,Attorney,Other – Farmington Hills,Kristen,Deterministically matched,KEVIN SEIFERHELD; MI AUTO LAW; MI Auto Law; Mi Auto Law; Michigan Auto Law,10,5,0,15,2026-06-17 00:00:00,2026-06-17 00:00:00,2026-04-29 00:00:00,49,10,Strong,Proven Repeat Spine Referrer,Outside Core Baseline,0,0,2,12,53,13,2026-04-29 00:00:00,7,14,Attorney: No frequency,Unknown,Unknown,Likely Open – recent MMC visit,"Protect: thank, learn and expand spine",Matched,"Score = referral 88 + specialty 3 + visit context 2 + reachability 2 + data 2. Exact provider name; Reviewed source alias; Exact company name Patient counts are distinct attributed B2B records, not confirmed kept visits."
13,8,97,Tier 1,Wave 1,Repeat Spine Referrer,Proven Spine / Protect,Stonebrooke Family Physicians,c9013f02-25d6-4df2-96f8-b4f1e9936878,"2940 Crooks Rd, Rochester Hills, Michigan, 48309",PCP,Internal Medicine/PCP,Other – Rochester Hills,Kristen,Deterministically matched,"Becker Mitzner DO, Katherine; Bellisario MD, Ronald; Ewald MD, Matthew T; HAENER DO, JENNIFER; Kastl MD, Stacey; Ryman PA , Elizabeth",5,5,7,17,2026-05-27 00:00:00,2026-07-09 00:00:00,2026-06-10 00:00:00,29,36,Strong,Proven Repeat Spine Referrer,Outside Core Baseline,0,1,1,3,24,10,2026-06-10 00:00:00,70,14,Internal Medicine/PCP: No frequency,Unknown,Unknown,Likely Open – recent MMC visit,"Protect: thank, learn and expand spine",Matched,"Score = referral 88 + specialty 4 + visit context 1 + reachability 2 + data 2. Exact provider name; Unique provider first + last Patient counts are distinct attributed B2B records, not confirmed kept visits."
14,9,96,Tier 1,Wave 1,Repeat Spine Referrer,Proven Spine / Protect,Ross Law,86e7413a-57df-4cba-adee-c6d0a8e55b63,"29200 Northwestern Hwy, Southfield, Michigan, 48034",Attorney / Legal,Attorney,Southfield,Kristen,Deterministically matched,Ross Law,5,2,0,7,2026-06-22 00:00:00,2026-06-22 00:00:00,2026-05-29 00:00:00,24,14,Strong,Proven Repeat Spine Referrer,Outside Core Baseline,0,2,3,3,3,1,2026-05-29 00:00:00,15,14,Attorney: No frequency,Unknown,Unknown,Likely Open – recent MMC visit,"Protect: thank, learn and expand spine",Matched,"Score = referral 88 + specialty 3 + visit context 2 + reachability 1 + data 2. Exact company name Patient counts are distinct attributed B2B records, not confirmed kept visits."
15,10,95,Tier 1,Wave 1,Repeat Spine Referrer,Proven Spine / Protect,Applebaum & Stone,89b27066-bd8f-45eb-b2ec-e3196a89a16c,"26777 Central Park Blvd suite 300, Southfield, Michigan, 48076",Attorney / Legal,Attorney,Southfield,Kristen,Deterministically matched,Applebaum and Stone,5,2,0,7,2026-06-26 00:00:00,2026-06-26 00:00:00,2026-03-16 00:00:00,102,58,Weak,Proven Repeat Spine Referrer,Outside Core Baseline,0,0,0,2,4,2,2026-03-16 00:00:00,3,14,Attorney: No frequency,Unknown,Unknown,Likely Open – recent MMC visit,"Protect: thank, learn and expand spine",Matched,"Score = referral 88 + specialty 3 + visit context 0 + reachability 2 + data 2. Exact company name Patient counts are distinct attributed B2B records, not confirmed kept visits."
16,11,94,Tier 1,Wave 1,Repeat Spine Referrer,Proven Spine / Protect,Vanstone Injury Law,5ffbe2ff-83ec-4e24-8d4f-4071334a9c5c,"7031 Orchard Lake Rd West Bloomfield Township, Michigan, 48322",Attorney / Legal,Attorney,Other,Kristen,Deterministically matched,Vanstone; Vanstone Law,5,0,0,5,2026-05-07 00:00:00,2026-05-07 00:00:00,2026-02-27 00:00:00,69,10,Weak,Proven Repeat Spine Referrer,Outside Core Baseline,0,0,0,1,4,4,2026-02-27 00:00:00,,14,Attorney: No frequency,Unknown,Unknown,Likely Open – recent MMC visit,"Protect: thank, learn and expand spine",Matched,"Score = referral 88 + specialty 3 + visit context 0 + reachability 2 + data 1. Reviewed source alias Patient counts are distinct attributed B2B records, not confirmed kept visits."
17,12,91,Tier 1,Wave 1,Repeat Spine Referrer,Proven Spine / Protect,DMC Orthopedics - Commerce Township,568c9052-985c-48fa-b5bc-44baafba3dea,"1 William Carls Drive, Michigan, 48382",Orthopedic,Orthopedic Surgery,Other,Kristen,Deterministically matched,"Cooke, Christopher; Mackey MD, Mark",3,0,0,3,2026-07-06 00:00:00,2026-07-06 00:00:00,2026-07-06 00:00:00,0,0,Moderate,Proven Repeat Spine Referrer,Current Core Baseline,2,2,2,2,6,5,2026-07-07 00:00:00,1,14,Orthopedic Surgery: No frequency,Unknown,Unknown,Likely Open – recent MMC visit,"Protect: thank, learn and expand spine",Matched,"Score = referral 80 + specialty 5 + visit context 3 + reachability 2 + data 1. Exact provider name + referral PL owner; Exact provider name Patient counts are distinct attributed B2B records, not confirmed kept visits."
18,13,91,Tier 1,Wave 1,Repeat Spine Referrer,Proven Spine / Protect,Hermann Banks MD PC,31597599-5a74-4f7a-8cb0-0ebbb4b41303,"14700 Farmington Rd, Livonia, Michigan, 48154",Neurology,Neurology,Livonia,Kristen,Deterministically matched,"Banks MD, Hermann; Banks, Hermann Darwin",3,0,0,3,2026-06-29 00:00:00,2026-06-29 00:00:00,2026-06-29 00:00:00,0,26,Moderate,Proven Repeat Spine Referrer,Outside Core Baseline,1,1,2,3,3,1,2026-06-29 00:00:00,57.5,14,Neurology: No frequency,Unknown,Unknown,Likely Open – recent MMC visit,"Protect: thank, learn and expand spine",Matched,"Score = referral 80 + specialty 5 + visit context 3 + reachability 1 + data 2. Unique provider first + last; Exact provider name Patient counts are distinct attributed B2B records, not confirmed kept visits."
19,4,91,Tier 1,Wave 1,Repeat Spine Referrer,Proven Spine / Protect,NORLIVO INTERNAL MEDICINE,74262c96-dd4b-4b92-acd7-c43ebba4c04f,"20311 Farmington Road, Livonia, Michigan, 48152",Orthopedic,Ortho; Internal Medicine/PCP,Livonia,Jasmine,Deterministically matched,"Sturla MD, Amadeo; Sturla MD, Amadeo R",3,7,0,10,2026-05-04 00:00:00,2026-06-05 00:00:00,2026-04-27 00:00:00,39,19,Moderate,Proven Repeat Spine Referrer,Outside Core Baseline,0,1,2,4,8,2,2026-06-09 00:00:00,43,14,Ortho: No frequency;Internal Medicine/PCP: No frequency,Unknown,Unknown,Likely Open – recent MMC visit,"Protect: thank, learn and expand spine",Matched,"Score = referral 80 + specialty 5 + visit context 2 + reachability 2 + data 2. Unique provider first + last; Exact provider name Patient counts are distinct attributed B2B records, not confirmed kept visits."
20,5,91,Tier 1,Wave 1,Repeat Spine Referrer,Proven Spine / Protect,Synergy Medical Primary Care,5cb01f9c-faec-4c04-b600-f0eba085f6a3,"9216 Middlebelt Rd, Livonia, Michigan, 48150",PCP,Internal Medicine/PCP,Livonia,Jasmine,Deterministically matched,"Gandhi MD, Hetal; Sattam PA-C, Miranda; Simkow NP, Katie",4,14,1,19,2026-06-25 00:00:00,2026-06-25 00:00:00,2026-06-12 00:00:00,13,18,Strong,Proven Repeat Spine Referrer,Current Core Baseline,1,2,4,7,24,3,2026-07-08 00:00:00,28.5,14,Internal Medicine/PCP: No frequency,Unknown,Unknown,Likely Open – recent MMC visit,"Protect: thank, learn and expand spine",Matched,"Score = referral 80 + specialty 4 + visit context 3 + reachability 2 + data 2. Exact provider name Patient counts are distinct attributed B2B records, not confirmed kept visits."
21,3,91,Tier 1,Wave 1,Repeat Spine Referrer,Proven Spine / Protect,North Valley Internal Medicine,063204da-544e-4bdd-a18b-f483a5c16ad9,"2330 S Milford Rd, ste 120 Highland, Highland Charter Township, Michigan, 48357",PCP,Internal Medicine/PCP,Other – Highland Charter Township,Coty,Deterministically matched,"Genson DO, Brandon; Johnston PA-C, Ryan",3,0,0,3,2026-05-22 00:00:00,2026-05-22 00:00:00,2026-04-28 00:00:00,24,24,Strong,Proven Repeat Spine Referrer,Current Core Baseline,1,1,2,3,24,8,2026-07-16 00:00:00,78,14,Internal Medicine/PCP: No frequency,Unknown,Unknown,Likely Open – recent MMC visit,"Protect: thank, learn and expand spine",Matched,"Score = referral 80 + specialty 4 + visit context 3 + reachability 2 + data 2. Exact provider name Patient counts are distinct attributed B2B records, not confirmed kept visits."
22,4,91,Tier 1,Wave 1,Repeat Spine Referrer,Proven Spine / Protect,Office of George Nassif MD,1225209075,"42621 Garfield Rd, ste 108, Clinton Township, MI, 480385031",PCP,Internal Medicine/PCP,Other – Clinton Township,Coty,Deterministically matched,"Nassif MD, George Helmy",4,0,0,4,2026-06-15 00:00:00,2026-06-15 00:00:00,2026-05-14 00:00:00,32,29.5,Moderate,Proven Repeat Spine Referrer,Current Core Baseline,1,1,2,4,7,2,2026-06-18 00:00:00,35,14,Internal Medicine/PCP: No frequency,Unknown,Unknown,Likely Open – recent MMC visit,"Protect: thank, learn and expand spine",Matched,"Score = referral 80 + specialty 4 + visit context 3 + reachability 2 + data 2. Unique provider first + last Patient counts are distinct attributed B2B records, not confirmed kept visits."
23,14,90,Tier 1,Wave 1,Repeat Spine Referrer,Proven Spine / Protect,Levine Clinic of Chiropractic,e19f7675-d86b-445b-ad8d-c06409bfde92,"31390 Northwestern Hwy., Ste C, Farmington Hills, Michigan, 48334",Chiropractor,Chiropractor,Other – Farmington Hills,Kristen,Deterministically matched,"Levine DC, Richard",3,1,1,5,2026-05-08 00:00:00,2026-06-01 00:00:00,2026-05-08 00:00:00,24,9,Strong,Proven Repeat Spine Referrer,Outside Core Baseline,0,0,2,5,15,3,2026-05-08 00:00:00,23,14,Chiropractor: No frequency,Unknown,Unknown,Likely Open – recent MMC visit,"Protect: thank, learn and expand spine",Matched,"Score = referral 80 + specialty 4 + visit context 2 + reachability 2 + data 2. Exact provider name Patient counts are distinct attributed B2B records, not confirmed kept visits."
24,6,90,Tier 1,Wave 1,Repeat Spine Referrer,Proven Spine / Protect,CANTON FAMILY HEALTH LLC,3acfe2ff-d550-4785-99aa-a1ea91ef7da4,"6300 N HAGGERTY RD STE 220, CANTON, MI, 48187",PCP,Internal Medicine/PCP,Other – CANTON,Jasmine,Deterministically matched,"Ajami DO, Samih Mike; Yeihey MD, Shadia",4,1,1,6,2026-07-06 00:00:00,2026-07-06 00:00:00,2026-07-06 00:00:00,0,44.5,Moderate,Proven Repeat Spine Referrer,Current Core Baseline,1,1,1,3,6,2,2026-07-06 00:00:00,89.5,14,Internal Medicine/PCP: No frequency,Unknown,Unknown,Likely Open – recent MMC visit,"Protect: thank, learn and expand spine",Matched,"Score = referral 80 + specialty 4 + visit context 2 + reachability 2 + data 2. Exact provider name; Unique provider first + last Patient counts are distinct attributed B2B records, not confirmed kept visits."
25,15,89,Tier 1,Wave 1,Repeat Spine Referrer,Proven Spine / Protect,Beaumont Medical Center - Redford,03095e36-e586-4709-8cd8-440a98b9bcd7,"15540 Beech Daly, Redford Charter Township, Michigan, 48239",PCP,Kristen Strategic Account; Internal Medicine/PCP,Other – Redford Charter Township,Kristen,Deterministically matched,"MARSHALL MD, BRITANI ALYCE; Marshall MD, Britani; Weathersby MD, Liza",3,20,0,23,2026-04-10 00:00:00,2026-06-12 00:00:00,2026-05-01 00:00:00,42,33,Moderate,Proven Repeat Spine Referrer,Outside Core Baseline,0,0,1,2,8,4,2026-05-01 00:00:00,87,14,Kristen Strategic Account: No frequency;Internal Medicine/PCP: No frequency,Unknown,Unknown,Likely Open – recent MMC visit,"Protect: thank, learn and expand spine",Matched,"Score = referral 80 + specialty 4 + visit context 1 + reachability 2 + data 2. Exact provider name; Unique provider first + last Patient counts are distinct attributed B2B records, not confirmed kept visits."
26,16,89,Tier 1,Wave 1,Repeat Spine Referrer,Proven Spine / Protect,GARDEN CITY FAMILY PHYSICIANS,be4c4280-49d5-443c-b413-3471ee753d27,"30900 FORD RD STE B, GARDEN CITY, MI, 48135",PCP,Kristen Strategic Account; Internal Medicine/PCP,Other – GARDEN CITY,Kristen,Deterministically matched,"Francu MD, Angelica",3,3,0,6,2026-05-18 00:00:00,2026-05-18 00:00:00,2026-03-17 00:00:00,62,30.5,Moderate,Proven Repeat Spine Referrer,Outside Core Baseline,0,1,1,3,6,2,2026-06-05 00:00:00,75.5,14,Kristen Strategic Account: No frequency;Internal Medicine/PCP: No frequency,Unknown,Unknown,Likely Open – recent MMC visit,"Protect: thank, learn and expand spine",Matched,"Score = referral 80 + specialty 4 + visit context 1 + reachability 2 + data 2. Exact provider name Patient counts are distinct attributed B2B records, not confirmed kept visits."
27,17,89,Tier 1,Wave 1,Repeat Spine Referrer,Proven Spine / Protect,Lifetime Family Care,b70053c3-f0fd-41de-9386-95fcc448a738,"26393 Dequindre Rd, Madison Heights, Michigan, 48071",PCP,Kristen Strategic Account; Internal Medicine/PCP,Other – Madison Heights,Kristen,Deterministically matched,"Balysh DO, Erica; Balysh DO, Erica N; Orrin DO, Colin David",3,0,0,3,2026-03-20 00:00:00,2026-03-20 00:00:00,2026-01-13 00:00:00,66,66,Moderate,Proven Repeat Spine Referrer,Outside Core Baseline,0,1,1,3,11,6,2026-06-15 00:00:00,76.5,14,Kristen Strategic Account: No frequency;Internal Medicine/PCP: No frequency,Unknown,Unknown,Likely Open – recent MMC visit,"Protect: thank, learn and expand spine",Matched,"Score = referral 80 + specialty 4 + visit context 1 + reachability 2 + data 2. Unique provider first + last; Exact provider name Patient counts are distinct attributed B2B records, not confirmed kept visits."
28,7,89,Tier 1,Wave 1,Repeat Spine Referrer,Proven Spine / Protect,QuickDoc Urgent Care,20e3535a-e9f3-4760-9cd8-6e86789495da,"19070 East 10 Mile Road, Eastpointe, Michigan, 48021",Urgent Care,Urgent Cares,Other – Eastpointe,Jasmine,Deterministically matched,"Rahbar MD, Mohamad",4,0,0,4,2026-05-28 00:00:00,2026-05-28 00:00:00,2026-05-12 00:00:00,16,11,Moderate,Proven Repeat Spine Referrer,Outside Core Baseline,0,0,1,5,8,2,2026-05-12 00:00:00,29.5,14,Urgent Cares: No frequency,Unknown,Unknown,Likely Open – recent MMC visit,"Protect: thank, learn and expand spine",Matched,"Score = referral 80 + specialty 4 + visit context 1 + reachability 2 + data 2. Exact provider name Patient counts are distinct attributed B2B records, not confirmed kept visits."
29,8,88,Tier 1,Wave 1,Repeat Spine Referrer,Proven Spine / Protect,OAK STREET HEALTH CHERRY HILL,0cc06713-910b-4b74-ba14-7cd3d76b3c62,"27155 CHERRY HILL RD, INKSTER, MI, 48141",PCP,Internal Medicine/PCP,Other – INKSTER,Jasmine,Deterministically matched,"Larcher NP, Nadine; Larcher, Nadine; Morrell MD, Gaybriel; Oakstreet Health - Cherry Hill; Vasquez MD, Peter",3,14,4,21,2026-05-27 00:00:00,2026-06-25 00:00:00,2026-04-22 00:00:00,64,22,Moderate,Proven Repeat Spine Referrer,Outside Core Baseline,0,0,0,3,21,7,2026-04-22 00:00:00,27.5,14,Internal Medicine/PCP: No frequency,Unknown,Unknown,Likely Open – recent MMC visit,"Protect: thank, learn and expand spine",Matched,"Score = referral 80 + specialty 4 + visit context 0 + reachability 2 + data 2. Exact provider name; Exact company name Patient counts are distinct attributed B2B records, not confirmed kept visits."
30,5,88,Tier 1,Wave 1,Repeat Spine Referrer,Proven Spine / Protect,Be Well Medical Center,1174554364,"1964 11 Mile Rd, Berkley, MI, 48072",PCP,Internal Medicine/PCP,Other – Berkley,Coty,Deterministically matched,"Benson DO, Paul A; Bornstein DO, Mark; Rosen PA-C, Mark; Rosen PA-C, Mark (ZOC DOC); Youngblood PA C, Caleb",3,11,3,17,2026-06-09 00:00:00,2026-07-08 00:00:00,2026-04-21 00:00:00,78,17,Moderate,Proven Repeat Spine Referrer,Outside Core Baseline,0,0,0,3,24,8,2026-04-21 00:00:00,47.5,14,Internal Medicine/PCP: No frequency,Unknown,Unknown,Likely Open – recent MMC visit,"Protect: thank, learn and expand spine",Matched,"Score = referral 80 + specialty 4 + visit context 0 + reachability 2 + data 2. Exact provider name; Unique provider first + last Patient counts are distinct attributed B2B records, not confirmed kept visits."
31,18,85,Tier 1,Wave 1,Repeat Spine Referrer,Proven Spine / Protect,Pulmonary & Medical Associates,dda630a5-9d61-49cd-bec6-61084e47ddb9,"27472 Schoenherr Rd #100, Warren, MI, 48088",PCP,Internal Medicine/PCP,Other – Warren,Kristen,Deterministically matched,"Pearson DO, Shanna; Pearson MD, Shanna",2,5,1,8,2026-06-09 00:00:00,2026-07-09 00:00:00,2026-04-30 00:00:00,70,47.5,Strong,Proven Repeat Spine Referrer,Current Core Baseline,1,1,2,3,21,11,2026-07-13 00:00:00,80.5,14,Internal Medicine/PCP: No frequency,Unknown,Unknown,Likely Open – recent MMC visit,"Protect: thank, learn and expand spine",Matched,"Score = referral 74 + specialty 4 + visit context 3 + reachability 2 + data 2. Exact provider name Patient counts are distinct attributed B2B records, not confirmed kept visits."
32,19,85,Tier 1,Wave 1,Repeat Spine Referrer,Proven Spine / Protect,Village Medical - Livonia,e3d707da-675d-4d7c-9356-2f53ec4d8a2e,"17800 Newburgh Road, Livonia, Michigan, 48152",PCP,Kristen Strategic Account; Internal Medicine/PCP,Livonia,Kristen,Deterministically matched,"Erickson DO, Martin; Jackson DO, Paul; Rosenfeld DO, Sherri; Van Oast PA, Joann; Village Medical Livonia",2,4,0,6,2026-03-30 00:00:00,2026-06-23 00:00:00,2026-04-24 00:00:00,60,40.5,Strong,Proven Repeat Spine Referrer,Current Core Baseline,1,1,2,3,29,10,2026-06-30 00:00:00,77,14,Kristen Strategic Account: No frequency;Internal Medicine/PCP: No frequency,Unknown,Unknown,Likely Open – recent MMC visit,"Protect: thank, learn and expand spine",Matched,"Score = referral 74 + specialty 4 + visit context 3 + reachability 2 + data 2. Exact provider name; Exact company name Patient counts are distinct attributed B2B records, not confirmed kept visits."
33,9,85,Tier 1,Wave 1,Repeat Spine Referrer,Proven Spine / Protect,Premier Medicine Medical Center - Livonia,13842362-6701-47f3-95cc-140ea17bd264,"20290 Middlebelt Rd, Livonia, Michigan, 48152",Urgent Care,Urgent Cares; PCP,Livonia,Jasmine,Deterministically matched,"Chowdhury MD, Somnath; Fukala NP, Monica; Fukala, Monica; Suliman MD, Nabil",2,5,0,7,2026-02-03 00:00:00,2026-06-19 00:00:00,2026-05-20 00:00:00,30,30,Strong,Proven Repeat Spine Referrer,Current Core Baseline,1,1,2,5,55,11,2026-06-26 00:00:00,37,14,Urgent Cares: No frequency;PCP: 4 days,Past due,Unknown,Likely Open – recent MMC visit,"Protect: thank, learn and expand spine",Matched,"Score = referral 74 + specialty 4 + visit context 3 + reachability 2 + data 2. Unique provider first + last; Exact provider name Patient counts are distinct attributed B2B records, not confirmed kept visits."
34,6,85,Tier 1,Wave 1,Repeat Spine Referrer,Proven Spine / Protect,Faith Internal Medicine & Urgent Care,677326d2-4ba2-4a49-a6f1-e7633a9a8401,"15645 Farmington Rd, Livonia, Michigan, 48154",PCP,Internal Medicine/PCP,Livonia,Coty,Deterministically matched,"Jacob MD, Laith; Jacob MbChB, Laith J",2,7,1,10,2026-04-21 00:00:00,2026-06-22 00:00:00,2026-06-19 00:00:00,3,20,Moderate,Proven Repeat Spine Referrer,Current Core Baseline,1,1,2,5,10,2,2026-06-19 00:00:00,30,14,Internal Medicine/PCP: No frequency,Unknown,Unknown,Likely Open – recent MMC visit,"Protect: thank, learn and expand spine",Matched,"Score = referral 74 + specialty 4 + visit context 3 + reachability 2 + data 2. Exact provider name; Unique provider first + last Patient counts are distinct attributed B2B records, not confirmed kept visits."
35,7,85,Tier 1,Wave 1,Repeat Spine Referrer,Proven Spine / Protect,The Family Doctor,23a703a6-5bde-4887-845c-b78a61128817,"15501 Metro Parkway, Clinton Township, Michigan, 48036",PCP,Internal Medicine/PCP,Other – Clinton Township,Coty,Deterministically matched,"Mckenzie MD, Keith; Pop MD, Claudia",2,1,0,3,2026-05-14 00:00:00,2026-05-14 00:00:00,2026-04-15 00:00:00,29,19,Strong,Proven Repeat Spine Referrer,Current Core Baseline,2,2,2,4,22,6,2026-07-10 00:00:00,20,14,Internal Medicine/PCP: No frequency,Unknown,Unknown,Likely Open – recent MMC visit,"Protect: thank, learn and expand spine",Matched,"Score = referral 74 + specialty 4 + visit context 3 + reachability 2 + data 2. Exact provider name Patient counts are distinct attributed B2B records, not confirmed kept visits."
36,20,84,Tier 1,Wave 1,Repeat Spine Referrer,Proven Spine / Protect,Medical Clinic of Northville,ebcb6f7a-eb6b-4759-81d9-516e3dc36b67,"308 S Main St, Northville, Michigan, 48167",PCP,Kristen Strategic Account; Internal Medicine/PCP,Other – Northville,Kristen,Deterministically matched,"Cislo PA, Lauren; Ducu MD, Mirella; Ducu MD, Mirella F; Johnstone MD, Cheryl Anne; Summers MD, Ross; Summers MD, Ross A",2,16,0,18,2026-05-27 00:00:00,2026-06-26 00:00:00,2026-06-04 00:00:00,22,22,Strong,Proven Repeat Spine Referrer,Outside Core Baseline,0,1,2,4,16,6,2026-06-04 00:00:00,51,14,Kristen Strategic Account: No frequency;Internal Medicine/PCP: No frequency,Unknown,Unknown,Likely Open – recent MMC visit,"Protect: thank, learn and expand spine",Matched,"Score = referral 74 + specialty 4 + visit context 2 + reachability 2 + data 2. Exact provider name; Unique provider first + last Patient counts are distinct attributed B2B records, not confirmed kept visits."
37,21,84,Tier 1,Wave 1,Repeat Spine Referrer,Proven Spine / Protect,Powers Family Medicine,00-761-7874,"23700 Orchard Lake Rd, Farmington Hills, MI, 48336-2559",PCP,Internal Medicine/PCP,Other – Farmington Hills,Kristen,Deterministically matched,"POWERS DO, WILLIAM JOHN; Shefferly PA-C, Sommer",2,1,0,3,2026-04-20 00:00:00,2026-04-20 00:00:00,2026-02-17 00:00:00,62,57,Moderate,Proven Repeat Spine Referrer,Outside Core Baseline,0,0,2,3,9,3,2026-05-13 00:00:00,42.5,14,Internal Medicine/PCP: No frequency,Unknown,Unknown,Likely Open – recent MMC visit,"Protect: thank, learn and expand spine",Matched,"Score = referral 74 + specialty 4 + visit context 2 + reachability 2 + data 2. Unique provider first + last; Exact provider name Patient counts are distinct attributed B2B records, not confirmed kept visits."
38,10,84,Tier 1,Wave 1,Repeat Spine Referrer,Proven Spine / Protect,Frank Lanzilote DO-Family Practice,1d143d90-6122-41e7-ae14-c14d4e4317b4,"16226 Grand River Ave, Detroit, Michigan, 48227",PCP,Internal Medicine/PCP,Other – Detroit,Jasmine,Deterministically matched,"Kodali MD, Pooja",2,18,3,23,2026-02-04 00:00:00,2026-06-12 00:00:00,2026-05-21 00:00:00,22,15,Strong,Proven Repeat Spine Referrer,Outside Core Baseline,0,1,2,6,12,2,2026-05-21 00:00:00,22,14,Internal Medicine/PCP: No frequency,Unknown,Unknown,Likely Open – recent MMC visit,"Protect: thank, learn and expand spine",Matched,"Score = referral 74 + specialty 4 + visit context 2 + reachability 2 + data 2. Exact provider name Patient counts are distinct attributed B2B records, not confirmed kept visits."
39,8,84,Tier 1,Wave 1,Repeat Spine Referrer,Proven Spine / Protect,Oakland Primary Care,1952660706,"27450 Schoenherr, ste 400, Warren, Michigan, 48088",PCP,Internal Medicine/PCP,Other – Warren,Coty,Deterministically matched,"Rahman MD, Uroob; Ryan Smith DO; Soffa DO, Jason; Soffa DO, Jason I; Soffa, Jason I",2,4,0,6,2026-06-15 00:00:00,2026-06-15 00:00:00,2026-03-24 00:00:00,83,24,Strong,Proven Repeat Spine Referrer,Current Core Baseline,1,1,1,4,56,14,2026-06-18 00:00:00,39,14,Internal Medicine/PCP: No frequency,Up to date,Unknown,Likely Open – recent MMC visit,"Protect: thank, learn and expand spine",Matched,"Score = referral 74 + specialty 4 + visit context 2 + reachability 2 + data 2. Exact provider name; Unique provider first + last Patient counts are distinct attributed B2B records, not confirmed kept visits."
40,22,83,Tier 1,Wave 1,Repeat Spine Referrer,Proven Spine / Protect,MedPro Primary Care,eebb725b-b031-43b9-a3d7-bfa83d77bc18,"31005 John R Rd suite a, Madison Heights, Michigan, 48071",Urgent Care,Urgent Cares,Other – Madison Heights,Kristen,Deterministically matched,"Demarce NP, Samantha; Weber PA, Jaclyn",2,2,0,4,2026-03-05 00:00:00,2026-04-10 00:00:00,2026-03-24 00:00:00,17,30.5,Strong,Proven Repeat Spine Referrer,Outside Core Baseline,0,1,1,3,21,8,2026-06-15 00:00:00,76,14,Urgent Cares: No frequency,Unknown,Unknown,Likely Open – recent MMC visit,"Protect: thank, learn and expand spine",Matched,"Score = referral 74 + specialty 4 + visit context 1 + reachability 2 + data 2. Exact provider name + referral PL owner Patient counts are distinct attributed B2B records, not confirmed kept visits."
41,23,83,Tier 1,Wave 1,Repeat Spine Referrer,Proven Spine / Protect,Metro Medical Practice,60-080-4525,"2891 E Maple Rd Ste 102, Troy, MI, 48083",PCP,Internal Medicine/PCP,Troy,Kristen,Deterministically matched,"Nerga MD, Alicja Bernarda",2,1,0,3,2026-03-26 00:00:00,2026-03-26 00:00:00,2026-02-24 00:00:00,30,42,Moderate,Proven Repeat Spine Referrer,Outside Core Baseline,0,0,1,2,8,5,2026-05-18 00:00:00,83,14,Internal Medicine/PCP: No frequency,Unknown,Unknown,Likely Open – recent MMC visit,"Protect: thank, learn and expand spine",Matched,"Score = referral 74 + specialty 4 + visit context 1 + reachability 2 + data 2. Unique provider first + last Patient counts are distinct attributed B2B records, not confirmed kept visits."
42,24,83,Tier 1,Wave 1,Repeat Spine Referrer,Proven Spine / Protect,MNP,40477f1c-8f50-4f86-8e7e-a5431b7f2fe6,"44225 Utica Road, Utica, Michigan, 48317",PCP,Internal Medicine/PCP,Other – Utica,Kristen,Deterministically matched,"Shropshire NP, Kasheena; Shropshire, Kasheena",2,9,0,11,2026-05-12 00:00:00,2026-06-24 00:00:00,2026-06-22 00:00:00,2,19,Weak,Proven Repeat Spine Referrer,Current Core Baseline,1,1,1,3,3,1,2026-06-22 00:00:00,76.5,14,Internal Medicine/PCP: No frequency,Unknown,Unknown,Likely Open – recent MMC visit,"Protect: thank, learn and expand spine",Matched,"Score = referral 74 + specialty 4 + visit context 2 + reachability 1 + data 2. Exact provider name Patient counts are distinct attributed B2B records, not confirmed kept visits."
43,25,83,Tier 1,Wave 1,Repeat Spine Referrer,Proven Spine / Protect,Oakland Family Practice,13ba57d5-6bc6-4d44-8d40-efd8e7131d2e,"27650 Dequindre Road, Suite 2000, Warren, Michigan, 48092",PCP,Kristen Strategic Account; Internal Medicine/PCP,Other – Warren,Kristen,Deterministically matched,"Hetzner DNP, Rachel; Hirsch DO, Ronald; Hoffman MSW, Keith; Kranz DO, Zachary; Kranz, Zachary; Millman FNP-C, Michelle",2,13,2,17,2026-05-19 00:00:00,2026-07-08 00:00:00,2026-06-15 00:00:00,23,23,Strong,Proven Repeat Spine Referrer,Outside Core Baseline,0,1,1,3,18,14,2026-06-15 00:00:00,76,14,Kristen Strategic Account: No frequency;Internal Medicine/PCP: No frequency,Unknown,Unknown,Likely Open – recent MMC visit,"Protect: thank, learn and expand spine",Matched,"Score = referral 74 + specialty 4 + visit context 1 + reachability 2 + data 2. Exact provider name Patient counts are distinct attributed B2B records, not confirmed kept visits."
44,26,83,Tier 1,Wave 1,Repeat Spine Referrer,Proven Spine / Protect,Village Medical Farmington,8a6ae159-0242-4272-b933-bd11fc117733,"23133 Orchard Lake Rd, Farmington, Michigan, 48336",PCP,Kristen Strategic Account; Internal Medicine/PCP,Other – Farmington,Kristen,Deterministically matched,"Sabb MD, Sandra; Stern DO, Sheldon; Stern DO, Sheldon L",2,1,1,4,2026-03-26 00:00:00,2026-05-21 00:00:00,2026-05-11 00:00:00,10,26,Strong,Proven Repeat Spine Referrer,Outside Core Baseline,0,0,1,2,16,8,2026-05-11 00:00:00,83,14,Kristen Strategic Account: No frequency;Internal Medicine/PCP: No frequency,Unknown,Unknown,Likely Open – recent MMC visit,"Protect: thank, learn and expand spine",Matched,"Score = referral 74 + specialty 4 + visit context 1 + reachability 2 + data 2. Unique provider first + last; Exact provider name Patient counts are distinct attributed B2B records, not confirmed kept visits."
45,9,83,Tier 1,Wave 1,Repeat Spine Referrer,Proven Spine / Protect,Chronic Pain Institute,11ed7e07-a278-4fda-90ea-e3baede80121,"43145 Schoenherr Rd, Sterling Heights, Michigan, 48313",Pain,Pain Management,Sterling Heights,Coty,Deterministically matched,"Deogun MD, Kuldip S",2,0,0,2,2026-06-30 00:00:00,2026-06-30 00:00:00,2026-06-02 00:00:00,28,24.5,Weak,Proven Repeat Spine Referrer,Outside Core Baseline,0,1,1,3,3,1,2026-06-02 00:00:00,55,14,Pain Management: No frequency,Unknown,Unknown,Likely Open – recent MMC visit,"Protect: thank, learn and expand spine",Matched,"Score = referral 74 + specialty 5 + visit context 1 + reachability 1 + data 2. Unique provider first + last Patient counts are distinct attributed B2B records, not confirmed kept visits."
46,10,83,Tier 1,Wave 1,Repeat Spine Referrer,Proven Spine / Protect,MEDPRO PRIMARY CARE - Waltz Rd,5ba2b7d1-0a31-458d-95a0-4ba47f0574a0,"21057 Waltz Rd, NEW BOSTON, Michigan, 48164",Pain,Pain,Other – NEW BOSTON,Coty,Deterministically matched,"Finazzo PA-C, Ashleigh",2,0,0,2,2026-05-18 00:00:00,2026-05-18 00:00:00,2026-02-17 00:00:00,90,94.5,Moderate,Proven Repeat Spine Referrer,Outside Core Baseline,0,0,0,1,8,8,2026-02-17 00:00:00,,14,Pain: No frequency,Unknown,Unknown,Likely Open – recent MMC visit,"Protect: thank, learn and expand spine",Matched,"Score = referral 74 + specialty 5 + visit context 0 + reachability 2 + data 2. Exact provider name Patient counts are distinct attributed B2B records, not confirmed kept visits."
47,27,82,Tier 1,Wave 1,Repeat Spine Referrer,Proven Spine / Protect,Carson Center Specialty,fe708f7e-ac39-4cb4-91fb-ef244909b360,"29355 NORTHWESTERN HWY STE 120, SOUTHFIELD, MI, 48034",PCP,Kristen Strategic Account; Internal Medicine/PCP,Southfield,Kristen,Deterministically matched,"Soskina MD, Yeva",2,1,0,3,2026-02-03 00:00:00,2026-03-30 00:00:00,2026-03-04 00:00:00,26,26,Weak,Proven Repeat Spine Referrer,Outside Core Baseline,0,1,1,2,2,1,2026-05-27 00:00:00,84,14,Kristen Strategic Account: No frequency;Internal Medicine/PCP: No frequency,Unknown,Unknown,Likely Open – recent MMC visit,"Protect: thank, learn and expand spine",Matched,"Score = referral 74 + specialty 4 + visit context 1 + reachability 1 + data 2. Exact provider name Patient counts are distinct attributed B2B records, not confirmed kept visits."
48,28,82,Tier 1,Wave 1,Repeat Spine Referrer,Proven Spine / Protect,"FARMINGTON HILLS  FAMILY PHYSICIANS, PLLC",cc6d8767-1fad-4a5b-b658-38a67ea47a1c,"29930 W 12 MILE RD STE 6, FARMINGTON HILLS, Michigan",PCP,Internal Medicine/PCP,Other – FARMINGTON HILLS,Kristen,Deterministically matched,"Ahmad MD, Mutahhar; Ahmad, Mutahhar",2,0,0,2,2026-02-24 00:00:00,2026-02-24 00:00:00,2026-02-16 00:00:00,8,20.5,Weak,Proven Repeat Spine Referrer,Outside Core Baseline,0,0,1,2,2,1,2026-05-11 00:00:00,84,14,Internal Medicine/PCP: No frequency,Unknown,Unknown,Likely Open – recent MMC visit,"Protect: thank, learn and expand spine",Matched,"Score = referral 74 + specialty 4 + visit context 1 + reachability 1 + data 2. Exact provider name Patient counts are distinct attributed B2B records, not confirmed kept visits."
49,29,82,Tier 1,Wave 1,Repeat Spine Referrer,Proven Spine / Protect,Ivy Rehab - Farmington,d1393500-eb13-4514-9e0b-427f872ffa8b,"23330  Rd Farmington, Farmington, Michigan, 48336",PT,Physical Therapy,Other – Farmington,Kristen,Deterministically matched,"Aliseo DPT, Andrea",2,1,0,3,2026-07-06 00:00:00,2026-07-06 00:00:00,2026-06-08 00:00:00,28,7,Strong,Proven Repeat Spine Referrer,Outside Core Baseline,0,1,3,3,3,1,2026-06-08 00:00:00,20.5,14,Physical Therapy: No frequency,Unknown,Unknown,Likely Open – recent MMC visit,"Protect: thank, learn and expand spine",Matched,"Score = referral 74 + specialty 3 + visit context 2 + reachability 1 + data 2. Exact provider name Patient counts are distinct attributed B2B records, not confirmed kept visits."
50,30,82,Tier 1,Wave 1,Repeat Spine Referrer,Proven Spine / Protect,Triumph chiropractic,d99edd32-fb45-4528-94d3-645792efefa1,"20216 Farmington Road, Livonia, Michigan, 48152",Other / Verify,,Livonia,Kristen,Deterministically matched,"Rodnick, Alexander",2,0,0,2,2026-04-10 00:00:00,2026-04-10 00:00:00,2025-06-19 00:00:00,295,280.5,Weak,Proven Repeat Spine Referrer,Outside Core Baseline,1,1,1,1,3,3,2026-06-29 00:00:00,,14,,Unknown,Unknown,Likely Open – recent MMC visit,"Protect: thank, learn and expand spine",Matched,"Score = referral 74 + specialty 3 + visit context 2 + reachability 2 + data 1. Exact provider name Patient counts are distinct attributed B2B records, not confirmed kept visits."
51,11,82,Tier 1,Wave 1,Repeat Spine Referrer,Proven Spine / Protect,Grand River Medical Associates,218209bd-0e83-4585-b5e7-1455814e77b1,"55840 Grand River Ave ste 300, New Hudson, Michigan, 48165",PCP,Internal Medicine/PCP,Other – New Hudson,Jasmine,Deterministically matched,"Taweel DO, Jamie G",2,0,0,2,2026-06-30 00:00:00,2026-06-30 00:00:00,2026-04-14 00:00:00,77,73.5,Weak,Proven Repeat Spine Referrer,Outside Core Baseline,0,0,0,2,4,2,2026-04-14 00:00:00,61,14,Internal Medicine/PCP: No frequency,Unknown,Unknown,Likely Open – recent MMC visit,"Protect: thank, learn and expand spine",Matched,"Score = referral 74 + specialty 4 + visit context 0 + reachability 2 + data 2. Unique provider first + last Patient counts are distinct attributed B2B records, not confirmed kept visits."
52,31,81,Tier 1,Wave 2,Repeat Spine Referrer,Proven Spine / Protect,Safir Law,797c97ec-e6b4-42b3-920e-e16a6364e0c9,"29110 Inkster Road, Suite 150, Southfield, Michigan, 48034",Attorney / Legal,Attorney,Southfield,Kristen,Deterministically matched,Joel Safir,2,0,0,2,2026-03-31 00:00:00,2026-03-31 00:00:00,2026-02-27 00:00:00,32,24,Moderate,Proven Repeat Spine Referrer,Outside Core Baseline,0,0,0,5,9,3,2026-02-27 00:00:00,11,14,Attorney: No frequency,Unknown,Unknown,Likely Open – recent MMC visit,"Protect: thank, learn and expand spine",Matched,"Score = referral 74 + specialty 3 + visit context 0 + reachability 2 + data 2. Exact provider name Patient counts are distinct attributed B2B records, not confirmed kept visits."
53,32,81,Tier 1,Wave 2,Repeat Spine Referrer,Proven Spine / Protect,Victor Valentino Law,740ceb33-170d-402e-b5c2-8c204cf2bdf4,"43494 Woodward Ave Bloomfield Township, Michigan, 48302",Attorney / Legal,Attorney,Other,Kristen,Deterministically matched,Victor Valentino,2,1,0,3,2026-04-02 00:00:00,2026-04-02 00:00:00,2026-03-18 00:00:00,15,12,Moderate,Proven Repeat Spine Referrer,Outside Core Baseline,0,0,2,5,5,1,2026-05-15 00:00:00,12,14,Attorney: No frequency,Unknown,Unknown,Likely Open – recent MMC visit,"Protect: thank, learn and expand spine",Matched,"Score = referral 74 + specialty 3 + visit context 2 + reachability 1 + data 1. Exact provider name Patient counts are distinct attributed B2B records, not confirmed kept visits."
54,33,80,Tier 1,Wave 2,Repeat Spine Referrer,Proven Spine / Protect,Steinberg Law Firm,8f912f3f-f54b-4694-984f-06c26dcbe2a8,"29777 Telegraph Rd suite 1555, Southfield, Michigan, 48034",Attorney / Legal,Attorney,Southfield,Kristen,Deterministically matched,Eric Steinberg,2,0,0,2,2026-02-13 00:00:00,2026-02-13 00:00:00,2026-01-29 00:00:00,15,13,Weak,Proven Repeat Spine Referrer,Outside Core Baseline,0,0,0,3,3,1,2026-04-02 00:00:00,35.5,14,Attorney: No frequency,Unknown,Unknown,Likely Open – recent MMC visit,"Protect: thank, learn and expand spine",Matched,"Score = referral 74 + specialty 3 + visit context 0 + reachability 1 + data 2. Exact provider name Patient counts are distinct attributed B2B records, not confirmed kept visits."
55,11,73,Tier 1,Wave 1,One Spine Patient,Proven Spine / Protect,DMC Orthopedics & Sports Medicine - Warren,1285806067,"33703 Van Dyke Ave, Sterling Heihhts, MI, 48312",Orthopedic,Sports Medicine,Other – Sterling Heihhts,Coty,Deterministically matched,"ANDERSON DO, BRITTA",1,0,0,1,2026-02-17 00:00:00,2026-02-17 00:00:00,2026-02-12 00:00:00,5,5,Strong,Proven Spine Referrer,Current Core Baseline,1,2,3,5,40,8,2026-06-26 00:00:00,28.5,14,Sports Medicine: No frequency,Unknown,Unknown,Likely Open – recent MMC visit,Convert: ask for the next spine patient,Matched,"Score = referral 61 + specialty 5 + visit context 3 + reachability 2 + data 2. Exact provider name Patient counts are distinct attributed B2B records, not confirmed kept visits."
56,34,72,Tier 1,Wave 2,One Spine Patient,Proven Spine / Protect,"AGHA INTERNAL MEDICINE AND ASSOCIATES, PC",85fd21cb-8cbc-4ead-9b3d-0cdbecdf7638,"15604 FARMINGTON RD, LIVONIA, MI, 48154",PCP,Internal Medicine/PCP,Livonia,Kristen,Deterministically matched,"Agha MD, Hooman",1,2,0,3,2026-03-16 00:00:00,2026-06-08 00:00:00,2026-04-24 00:00:00,45,49,Moderate,Proven Spine Referrer,Current Core Baseline,1,1,2,3,6,2,2026-06-29 00:00:00,77,14,Internal Medicine/PCP: No frequency,Unknown,Unknown,Likely Open – recent MMC visit,Convert: ask for the next spine patient,Matched,"Score = referral 61 + specialty 4 + visit context 3 + reachability 2 + data 2. Unique provider first + last Patient counts are distinct attributed B2B records, not confirmed kept visits."
57,35,72,Tier 1,Wave 2,One Spine Patient,Proven Spine / Protect,Corewell Health-East,04ad9387-b1fe-45cd-bd14-73188de8e04a,"29245 Ryan Rd suite 300, Warren, Michigan, 48092",PCP,Internal Medicine/PCP,Other – Warren,Kristen,Deterministically matched,"Qin MD, Pu",1,0,0,1,2026-02-25 00:00:00,2026-02-25 00:00:00,2026-02-02 00:00:00,23,23,Moderate,Proven Spine Referrer,Current Core Baseline,1,1,2,3,6,3,2026-07-13 00:00:00,80.5,14,Internal Medicine/PCP: No frequency,Unknown,Unknown,Likely Open – recent MMC visit,Convert: ask for the next spine patient,Matched,"Score = referral 61 + specialty 4 + visit context 3 + reachability 2 + data 2. Exact provider name Patient counts are distinct attributed B2B records, not confirmed kept visits."
58,36,72,Tier 1,Wave 2,One Spine Patient,Proven Spine / Protect,Henry Ford Health Medical Center - Seven Mile Road,44019f00-063b-4cdc-83d9-96ee51f8c6e3,"37508 W SEVEN MILE RD, LIVONIA, Michigan",PCP,Internal Medicine/PCP,Livonia,Kristen,Deterministically matched,"Benedix DO, Matthew W; Mehock DO, Courtney",1,1,1,3,2026-05-05 00:00:00,2026-06-17 00:00:00,2026-04-24 00:00:00,54,26,Moderate,Proven Spine Referrer,Current Core Baseline,1,1,2,3,6,2,2026-06-30 00:00:00,77,14,Internal Medicine/PCP: No frequency,Unknown,Unknown,Likely Open – recent MMC visit,Convert: ask for the next spine patient,Matched,"Score = referral 61 + specialty 4 + visit context 3 + reachability 2 + data 2. Unique provider first + last; Exact provider name Patient counts are distinct attributed B2B records, not confirmed kept visits."
59,37,72,Tier 1,Wave 2,One Spine Patient,Proven Spine / Protect,Henry Ford Warren Family Physicians,6771a475-3022-40fd-9db9-b8e0291f7082,"11270 East Thirteen Mile Road, Warren, Michigan, 48093",PCP,Internal Medicine/PCP,Other – Warren,Kristen,Deterministically matched,"Colvin MD, Randall; Panozzo DO, Kristen; Rizk MD, Nabil",1,2,1,4,2026-02-27 00:00:00,2026-05-08 00:00:00,2026-04-30 00:00:00,8,44,Moderate,Proven Spine Referrer,Current Core Baseline,1,1,2,3,9,6,2026-07-15 00:00:00,81.5,14,Internal Medicine/PCP: No frequency,Unknown,Unknown,Likely Open – recent MMC visit,Convert: ask for the next spine patient,Matched,"Score = referral 61 + specialty 4 + visit context 3 + reachability 2 + data 2. Exact provider name Patient counts are distinct attributed B2B records, not confirmed kept visits."
60,38,72,Tier 1,Wave 2,One Spine Patient,Proven Spine / Protect,Huron Family Practice Center,60ee8106-1f15-4abf-95a1-c2184761b159,"1225 10th St, Port Huron, Michigan, 48060",PCP,Internal Medicine/PCP,Port Huron,Kristen,Deterministically matched,"Whitten PA-C, Autumn A",1,0,0,1,2026-05-22 00:00:00,2026-05-22 00:00:00,2026-04-21 00:00:00,31,31,Strong,Proven Spine Referrer,Current Core Baseline,1,2,2,4,16,4,2026-06-25 00:00:00,56,14,Internal Medicine/PCP: No frequency,Unknown,Unknown,Likely Open – recent MMC visit,Convert: ask for the next spine patient,Matched,"Score = referral 61 + specialty 4 + visit context 3 + reachability 2 + data 2. Unique provider first + last Patient counts are distinct attributed B2B records, not confirmed kept visits."
61,39,72,Tier 1,Wave 2,One Spine Patient,Proven Spine / Protect,ROSE MEDICINE,9c2f2817-fae0-4fb0-b943-376aef6fc719,"31500 TELEGRAPH RD STE 115, BINGHAM FARMS, MI, 48025",PCP,Internal Medicine/PCP,Other – BINGHAM FARMS,Kristen,Deterministically matched,"Akinyosoye MD, Oluwasayo",1,0,0,1,2026-01-09 00:00:00,2026-01-09 00:00:00,2025-11-14 00:00:00,56,56,Moderate,Proven Spine Referrer,Current Core Baseline,1,1,2,3,6,2,2026-07-08 00:00:00,79.5,14,Internal Medicine/PCP: No frequency,Unknown,Unknown,Likely Open – recent MMC visit,Convert: ask for the next spine patient,Matched,"Score = referral 61 + specialty 4 + visit context 3 + reachability 2 + data 2. Exact provider name Patient counts are distinct attributed B2B records, not confirmed kept visits."
62,12,72,Tier 1,Wave 1,One Spine Patient,Proven Spine / Protect,Core Institute/Henry Ford Motor City Orthopedics & PT- Southfield,b2290856-de23-4322-aabc-b2436529feac,"22250 Providence Drive, ste 401, Southfield, Michigan, 48075",Orthopedic,Orthopedic - PT,Southfield,Jasmine,Deterministically matched,"Bolz MD, Nick",1,0,0,1,2026-05-12 00:00:00,2026-05-12 00:00:00,2026-04-14 00:00:00,28,28,Strong,Proven Spine Referrer,Current Core Baseline,1,1,1,6,45,9,2026-07-09 00:00:00,35,14,Orthopedic - PT: No frequency,Unknown,Unknown,Likely Open – recent MMC visit,Convert: ask for the next spine patient,Matched,"Score = referral 61 + specialty 5 + visit context 2 + reachability 2 + data 2. Unique provider first + last Patient counts are distinct attributed B2B records, not confirmed kept visits."
63,13,72,Tier 1,Wave 1,One Spine Patient,Proven Spine / Protect,COREWELL HEALTH  INTERNAL MEDICINE DEARBORN,9d286e7b-6017-417c-8a6b-763fe942c9c2,"17000 Hubbard Dr, Dearborn, Michigan, 48126",PCP,Internal Medicine/PCP,Other – Dearborn,Jasmine,Deterministically matched,"ZOABI MD, SARAH",1,0,0,1,2026-04-29 00:00:00,2026-04-29 00:00:00,2026-03-25 00:00:00,35,35,Strong,Proven Spine Referrer,Current Core Baseline,1,1,2,4,36,9,2026-07-14 00:00:00,55,14,Internal Medicine/PCP: No frequency,Unknown,Unknown,Likely Open – recent MMC visit,Convert: ask for the next spine patient,Matched,"Score = referral 61 + specialty 4 + visit context 3 + reachability 2 + data 2. Exact provider name Patient counts are distinct attributed B2B records, not confirmed kept visits."
64,14,72,Tier 1,Wave 1,One Spine Patient,Proven Spine / Protect,Livonia Family Medical Center,68ceff67-99ac-4ef7-a162-918f93bbdf38,"28701 Plymouth Rd, Livonia, Michigan, 48150",PCP,Internal Medicine/PCP,Livonia,Jasmine,Deterministically matched,"Burry DO, Michael; Tobin DO, Keith M",1,1,1,3,2026-05-05 00:00:00,2026-05-05 00:00:00,2026-04-07 00:00:00,28,27,Strong,Proven Spine Referrer,Current Core Baseline,1,1,2,5,15,3,2026-06-26 00:00:00,40,14,Internal Medicine/PCP: No frequency,Unknown,Unknown,Likely Open – recent MMC visit,Convert: ask for the next spine patient,Matched,"Score = referral 61 + specialty 4 + visit context 3 + reachability 2 + data 2. Exact provider name Patient counts are distinct attributed B2B records, not confirmed kept visits."
65,15,72,Tier 1,Wave 1,One Spine Patient,Proven Spine / Protect,Roberts Orthopedic Services,680822f2-58d4-4f67-b09b-01ccd6f95892,"27207 Lahser Rd, Southfield, Michigan, 48034",Orthopedic,Orthopedic Surgery,Southfield,Jasmine,Deterministically matched,"NZOMA, JONATHAN KYULU",1,0,0,1,2026-05-22 00:00:00,2026-05-22 00:00:00,2026-04-15 00:00:00,37,37,Weak,Proven Spine Referrer,Current Core Baseline,1,1,1,2,4,2,2026-06-30 00:00:00,76,14,Orthopedic Surgery: No frequency,Unknown,Unknown,Likely Open – recent MMC visit,Convert: ask for the next spine patient,Matched,"Score = referral 61 + specialty 5 + visit context 2 + reachability 2 + data 2. Unique provider first + last Patient counts are distinct attributed B2B records, not confirmed kept visits."
66,16,72,Tier 1,Wave 1,One Spine Patient,Proven Spine / Protect,Trinity Health IHA Medical Group Primary Care - Canton,25a91d51-ca80-40cd-88ea-8b37beaa2ea8,"1600 S Canton Center Road, Suite 200, CANTON, Michigan, 48188",PCP,Internal Medicine/PCP,Other – CANTON,Jasmine,Deterministically matched,"MURRAY MD, YUJING",1,0,0,1,2026-07-06 00:00:00,2026-07-06 00:00:00,2026-06-05 00:00:00,31,31,Strong,Proven Spine Referrer,Current Core Baseline,1,2,2,5,60,12,2026-07-15 00:00:00,40.5,14,Internal Medicine/PCP: No frequency,Unknown,Unknown,Likely Open – recent MMC visit,Convert: ask for the next spine patient,Matched,"Score = referral 61 + specialty 4 + visit context 3 + reachability 2 + data 2. Exact provider name Patient counts are distinct attributed B2B records, not confirmed kept visits."
67,17,72,Tier 1,Wave 1,One Spine Patient,Proven Spine / Protect,"Trinity Health IHA Medical Group, Primary Care - Southeast Livonia",6b70f9d5-4063-4208-85f4-1d780fabaacc,"29370 Plymouth Road, Livonia, Michigan, 48150",PCP,Internal Medicine/PCP,Livonia,Jasmine,Deterministically matched,"Cooper DO, Candace; MARCUCCI MD, RACHEL B; Walton Doyle MD, Erin",1,2,0,3,2026-03-19 00:00:00,2026-05-18 00:00:00,2026-04-06 00:00:00,42,30,Strong,Proven Spine Referrer,Current Core Baseline,1,1,2,4,28,7,2026-06-26 00:00:00,44,14,Internal Medicine/PCP: No frequency,Unknown,Unknown,Likely Open – recent MMC visit,Convert: ask for the next spine patient,Matched,"Score = referral 61 + specialty 4 + visit context 3 + reachability 2 + data 2. Exact provider name; Unique provider first + last Patient counts are distinct attributed B2B records, not confirmed kept visits."
68,12,72,Tier 1,Wave 1,One Spine Patient,Proven Spine / Protect,Brighton Internal Medicine,02e450b1-82e8-408a-a0a4-fa7af806ed2b,"1225 S Latson Rd #200, Howell, Michigan, 48843",PCP,Internal Medicine/PCP,Other – Howell,Coty,Deterministically matched,"Shahab MD, Syed Masood",1,0,0,1,2026-01-06 00:00:00,2026-01-06 00:00:00,2025-11-04 00:00:00,63,63,Strong,Proven Spine Referrer,Current Core Baseline,1,1,2,4,16,4,2026-07-16 00:00:00,48,14,Internal Medicine/PCP: No frequency,Unknown,Unknown,Likely Open – recent MMC visit,Convert: ask for the next spine patient,Matched,"Score = referral 61 + specialty 4 + visit context 3 + reachability 2 + data 2. Exact provider name Patient counts are distinct attributed B2B records, not confirmed kept visits."
69,13,72,Tier 1,Wave 1,One Spine Patient,Proven Spine / Protect,Community First Health Centers - New Haven,8cef9fd7-931c-4e45-bf44-0cac47716f62,"58144 Gratiot Ave, New Haven, Michigan, 48048",PCP,Internal Medicine/PCP,Other – New Haven,Coty,Deterministically matched,"Singleton MD, Shelia",1,0,0,1,2026-06-09 00:00:00,2026-06-09 00:00:00,2026-05-19 00:00:00,21,21,Strong,Proven Spine Referrer,Current Core Baseline,1,1,2,2,12,7,2026-06-30 00:00:00,42,14,Internal Medicine/PCP: No frequency,Unknown,Unknown,Likely Open – recent MMC visit,Convert: ask for the next spine patient,Matched,"Score = referral 61 + specialty 4 + visit context 3 + reachability 2 + data 2. Exact provider name Patient counts are distinct attributed B2B records, not confirmed kept visits."
70,14,72,Tier 1,Wave 1,One Spine Patient,Proven Spine / Protect,Henry Ford St. John Center for Wellness,5e640eee-6b5a-442a-8222-bd81d0a228ec,"18303 E 10 Mile Rd #500, Roseville, Michigan, 48066",PCP,Internal Medicine/PCP,Other – Roseville,Coty,Deterministically matched,"RAYES DO, LYDIA JOY",1,1,1,3,2026-05-18 00:00:00,2026-05-18 00:00:00,2025-04-08 00:00:00,405,405,Strong,Proven Spine Referrer,Current Core Baseline,1,3,3,3,15,5,2026-06-25 00:00:00,17.5,14,Internal Medicine/PCP: No frequency,Unknown,Unknown,Likely Open – recent MMC visit,Convert: ask for the next spine patient,Matched,"Score = referral 61 + specialty 4 + visit context 3 + reachability 2 + data 2. Unique provider first + last Patient counts are distinct attributed B2B records, not confirmed kept visits."
71,15,72,Tier 1,Wave 1,One Spine Patient,Proven Spine / Protect,Macomb Medical Clinic,1992782320,"2405 E 14 Mile Rd, Sterling Heights, MI, 48310",PCP,Internal Medicine/PCP,Sterling Heights,Coty,Deterministically matched,"GIANCOLA PA, DAVID; Kurjakovic PA-C, Amar; MONTICCIOLO PA C, JILLIAN; Macomb Medical Clinic; Rosenberg DO, Mark S; TOBIA PA, BROOKE",1,10,1,12,2026-04-13 00:00:00,2026-07-09 00:00:00,2026-07-02 00:00:00,7,22.5,Strong,Proven Spine Referrer,Current Core Baseline,1,1,2,6,29,6,2026-07-02 00:00:00,34,14,Internal Medicine/PCP: No frequency,Unknown,Unknown,Likely Open – recent MMC visit,Convert: ask for the next spine patient,Matched,"Score = referral 61 + specialty 4 + visit context 3 + reachability 2 + data 2. Unique provider first + last; Exact provider name; Exact company name Patient counts are distinct attributed B2B records, not confirmed kept visits."
72,16,72,Tier 1,Wave 1,One Spine Patient,Proven Spine / Protect,Macomb Physicians Group,fdefbf3e-907d-4d68-bbd3-2d70f4818b7a,"8244 Metro Parkway, Sterling Heights, Michigan, 48312",PCP,Neurology; Internal Medicine/PCP,Sterling Heights,Coty,Deterministically matched,"Diora MD, Gordhan; Diora, Gordhan; KONERU MD, LALITHA; Stephen MD, Mark; Stephen MD, Mark  H",1,8,0,9,2026-04-29 00:00:00,2026-07-07 00:00:00,2026-07-02 00:00:00,5,27,Strong,Proven Spine Referrer,Current Core Baseline,1,1,3,5,45,11,2026-07-02 00:00:00,43.5,14,Neurology: No frequency;Internal Medicine/PCP: No frequency,Up to date,Unknown,Likely Open – recent MMC visit,Convert: ask for the next spine patient,Matched,"Score = referral 61 + specialty 4 + visit context 3 + reachability 2 + data 2. Exact provider name; Unique provider first + last Patient counts are distinct attributed B2B records, not confirmed kept visits."
73,17,72,Tier 1,Wave 1,One Spine Patient,Proven Spine / Protect,Preferred Medical Group,1356443600,"1200 W 12 Mile Rd, Madison Heights, MI, 48071",Orthopedic,Internal Medicine/PCP; Physiatry,Other – Madison Heights,Coty,Deterministically matched,"Gillespie DPM, Rachel; Ustruck DO, Rachael",1,1,0,2,2026-03-24 00:00:00,2026-06-25 00:00:00,2026-06-24 00:00:00,1,1,Strong,Proven Spine Referrer,Current Core Baseline,1,1,1,5,45,9,2026-06-24 00:00:00,22.5,14,Internal Medicine/PCP: No frequency;Physiatry: No frequency,Unknown,Unknown,Likely Open – recent MMC visit,Convert: ask for the next spine patient,Matched,"Score = referral 61 + specialty 5 + visit context 2 + reachability 2 + data 2. Exact provider name + referral PL owner; Exact provider name Patient counts are distinct attributed B2B records, not confirmed kept visits."
74,18,72,Tier 1,Wave 1,One Spine Patient,Proven Spine / Protect,Premier Private Physicians,fc79eac0-6f20-44c3-84a9-e20d7068fe4e,"1627 W Big Beaver Rd, Troy, Michigan, 48084",PCP,Concierge Physicians,Troy,Coty,Deterministically matched,"Peoples MD, Ashleigh",1,0,0,1,2026-06-09 00:00:00,2026-06-09 00:00:00,2026-06-03 00:00:00,6,6,Strong,Proven Spine Referrer,Current Core Baseline,2,3,4,7,27,5,2026-07-13 00:00:00,26,14,Concierge Physicians: No frequency,Unknown,Unknown,Likely Open – recent MMC visit,Convert: ask for the next spine patient,Matched,"Score = referral 61 + specialty 4 + visit context 3 + reachability 2 + data 2. Exact provider name Patient counts are distinct attributed B2B records, not confirmed kept visits."
75,40,71,Tier 1,Wave 2,One Spine Patient,Proven Spine / Protect,Brentwood Pediatric Associates,9dfbaa38-07b2-4017-9d71-ff4cd2ce42f7,"33215 W Seven Mile Rd, Livonia, Michigan, 48152",Pediatrics,Pediatrician,Livonia,Kristen,Deterministically matched,"Bazzy DO, Hassan; Godbole MD, Ajey V",1,9,1,11,2026-03-31 00:00:00,2026-07-09 00:00:00,2026-06-30 00:00:00,9,46,Moderate,Proven Spine Referrer,Outside Core Baseline,1,1,2,3,10,4,2026-06-30 00:00:00,77,14,Pediatrician: No frequency,Unknown,Unknown,Likely Open – recent MMC visit,Convert: ask for the next spine patient,Matched,"Score = referral 61 + specialty 3 + visit context 3 + reachability 2 + data 2. Unique provider first + last; Exact provider name Patient counts are distinct attributed B2B records, not confirmed kept visits."
76,41,71,Tier 1,Wave 2,One Spine Patient,Proven Spine / Protect,"FERRIS, MARY C, MEDICAL GROUP",a5a045ce-889d-4018-81f5-3fd8d3d7af6b,"28111 HOOVER RD STE 1A, WARREN, Michigan",PCP,Kristen Strategic Account; Internal Medicine/PCP,Other – WARREN,Kristen,Deterministically matched,"Ferris DO, Mary C",1,6,0,7,2026-03-19 00:00:00,2026-07-09 00:00:00,2026-04-30 00:00:00,70,52,Moderate,Proven Spine Referrer,Current Core Baseline,1,1,2,3,3,1,2026-07-13 00:00:00,80.5,14,Kristen Strategic Account: No frequency;Internal Medicine/PCP: No frequency,Unknown,Unknown,Likely Open – recent MMC visit,Convert: ask for the next spine patient,Matched,"Score = referral 61 + specialty 4 + visit context 3 + reachability 1 + data 2. Unique provider first + last Patient counts are distinct attributed B2B records, not confirmed kept visits."
77,42,71,Tier 1,Wave 2,One Spine Patient,Proven Spine / Protect,Henry Ford Main Internal Medicine - Grosse Pointe,1073593174,"19251 Mack Ave #333, Grosse Pointe, Michigan, 48236",PCP,Internal Medicine/PCP,Other – Grosse Pointe,Kristen,Deterministically matched,"Rozzell MD, Donald M",1,0,0,1,2026-04-21 00:00:00,2026-04-21 00:00:00,2026-04-15 00:00:00,6,6,Strong,Proven Spine Referrer,Current Core Baseline,1,1,1,4,59,20,2026-07-07 00:00:00,72,14,Internal Medicine/PCP: No frequency,Unknown,Unknown,Likely Open – recent MMC visit,Convert: ask for the next spine patient,Matched,"Score = referral 61 + specialty 4 + visit context 2 + reachability 2 + data 2. Unique provider first + last Patient counts are distinct attributed B2B records, not confirmed kept visits."
78,43,71,Tier 1,Wave 2,One Spine Patient,Proven Spine / Protect,Jefferson Family Practice (Cornerstone),9b2159ca-9617-4ade-8a25-85a92fcca972,"15050 E Jefferson Ave suite 101, Grosse Pointe, Michigan, 48230",PCP,Internal Medicine/PCP,Other – Grosse Pointe,Kristen,Deterministically matched,"Mulpuri MD, Durga",1,0,1,2,2026-03-12 00:00:00,2026-03-12 00:00:00,2026-01-28 00:00:00,43,29,Moderate,Proven Spine Referrer,Current Core Baseline,1,1,2,3,3,1,2026-07-07 00:00:00,80,14,Internal Medicine/PCP: No frequency,Unknown,Unknown,Likely Open – recent MMC visit,Convert: ask for the next spine patient,Matched,"Score = referral 61 + specialty 4 + visit context 3 + reachability 1 + data 2. Exact provider name Patient counts are distinct attributed B2B records, not confirmed kept visits."
79,44,71,Tier 1,Wave 2,One Spine Patient,Proven Spine / Protect,Michigan Neurology and Spine Center,137ab9e0-c65d-4932-9dc5-f8b83b872e50,"1103 7th St suite a, Port Huron, Michigan, 48060",Pain,Neurology; Pain Management,Port Huron,Kristen,Deterministically matched,"Miller FNP-BC, Carol",1,0,0,1,2026-05-12 00:00:00,2026-05-12 00:00:00,2026-04-21 00:00:00,21,21,Strong,Proven Spine Referrer,Outside Core Baseline,0,1,1,3,15,6,2026-06-16 00:00:00,69,14,Neurology: No frequency;Pain Management: No frequency,Unknown,Unknown,Likely Open – recent MMC visit,Convert: ask for the next spine patient,Matched,"Score = referral 61 + specialty 5 + visit context 1 + reachability 2 + data 2. Exact provider name Patient counts are distinct attributed B2B records, not confirmed kept visits."
80,45,71,Tier 1,Wave 2,One Spine Patient,Proven Spine / Protect,Northpointe Pediatrics,31b0544c-cc2c-4479-9df9-b11748ecefc7,"30061 Schoenherr Rd, Warren, Michigan, 48088",Pediatrics,Pediatrician,Other – Warren,Kristen,Deterministically matched,"Denysenko DO, Deanna; Engel MD, Allison; Francis MD, Peter J",1,3,0,4,2026-01-20 00:00:00,2026-03-04 00:00:00,2026-02-02 00:00:00,30,46.5,Strong,Proven Spine Referrer,Outside Core Baseline,1,1,2,3,35,12,2026-07-15 00:00:00,81.5,14,Pediatrician: No frequency,Unknown,Unknown,Likely Open – recent MMC visit,Convert: ask for the next spine patient,Matched,"Score = referral 61 + specialty 3 + visit context 3 + reachability 2 + data 2. Exact provider name; Unique provider first + last Patient counts are distinct attributed B2B records, not confirmed kept visits."
81,46,71,Tier 1,Wave 2,One Spine Patient,Proven Spine / Protect,Swetech Medical Center,1255427209,"43600 Garfield Rd, Clinton Township, Michigan, 48038",PCP,Internal Medicine/PCP,Other – Clinton Township,Kristen,Deterministically matched,"SWETECH MD, MARIA; Swetech DO, Jonathan",1,0,1,2,2026-02-09 00:00:00,2026-05-14 00:00:00,2026-03-24 00:00:00,51,42,Strong,Proven Spine Referrer,Outside Core Baseline,0,2,2,4,30,9,2026-06-15 00:00:00,63,14,Internal Medicine/PCP: No frequency,Unknown,Unknown,Likely Open – recent MMC visit,Convert: ask for the next spine patient,Matched,"Score = referral 61 + specialty 4 + visit context 2 + reachability 2 + data 2. Exact provider name Patient counts are distinct attributed B2B records, not confirmed kept visits."
82,18,71,Tier 1,Wave 1,One Spine Patient,Proven Spine / Protect,Corwell health orthopedics Canton,48d727c6-d942-4dbb-b457-0839ac8e1b68,"2050 North Haggerty Road, Canton, Michigan, 48187",Orthopedic,Ortho,Other – Canton,Jasmine,Deterministically matched,"Odeh MD, Khalid",1,0,0,1,2026-02-04 00:00:00,2026-02-04 00:00:00,2025-12-15 00:00:00,51,51,Moderate,Proven Spine Referrer,Outside Core Baseline,0,1,1,3,9,3,2026-06-02 00:00:00,56.5,14,Ortho: No frequency,Unknown,Unknown,Likely Open – recent MMC visit,Convert: ask for the next spine patient,Matched,"Score = referral 61 + specialty 5 + visit context 1 + reachability 2 + data 2. Exact provider name + referral PL owner Patient counts are distinct attributed B2B records, not confirmed kept visits."
83,19,71,Tier 1,Wave 1,One Spine Patient,Proven Spine / Protect,Lakes Urgent Care - Livonia,73107e68-fc7f-46d0-bef4-ee26e9dc0099,"36650 Five Mile Rd suite 106, Livonia, Michigan, 48154",Urgent Care,Urgent care,Livonia,Jasmine,Deterministically matched,LAKES URGENT CARE; Lakes Urgent Care; Lakes Urgent Care Livonia,1,28,3,32,2026-05-14 00:00:00,2026-07-06 00:00:00,2026-06-09 00:00:00,27,15,Moderate,Proven Spine Referrer,Outside Core Baseline,0,1,2,4,8,2,2026-06-09 00:00:00,33,14,Urgent care: No frequency,Unknown,Unknown,Likely Open – recent MMC visit,Convert: ask for the next spine patient,Matched,"Score = referral 61 + specialty 4 + visit context 2 + reachability 2 + data 2. Reviewed source alias; Exact company name Patient counts are distinct attributed B2B records, not confirmed kept visits."
84,19,71,Tier 1,Wave 1,One Spine Patient,Proven Spine / Protect,Bay Area Family Physicians,1093985145,"34301 23 Mile Road, New Baltimore, MI, 48047",PCP,Internal Medicine/PCP,Other – New Baltimore,Coty,Deterministically matched,"Hopman MD, Eileen",1,0,0,1,2026-06-17 00:00:00,2026-06-17 00:00:00,2026-05-19 00:00:00,29,29,Strong,Proven Spine Referrer,Outside Core Baseline,0,0,2,2,22,11,2026-05-19 00:00:00,12,14,Internal Medicine/PCP: No frequency,Unknown,Unknown,Likely Open – recent MMC visit,Convert: ask for the next spine patient,Matched,"Score = referral 61 + specialty 4 + visit context 2 + reachability 2 + data 2. Exact provider name Patient counts are distinct attributed B2B records, not confirmed kept visits."
85,20,71,Tier 1,Wave 1,One Spine Patient,Proven Spine / Protect,Madison Medical Arts,1760473094,"28200 John R Road, Madison Heights, MI, 48071",PCP,Internal Medicine/PCP,Other – Madison Heights,Coty,Deterministically matched,"Hasbany MD, Robert",1,0,0,1,2026-06-18 00:00:00,2026-06-18 00:00:00,2026-04-22 00:00:00,57,57,Moderate,Proven Spine Referrer,Current Core Baseline,1,1,1,3,6,2,2026-06-24 00:00:00,56.5,14,Internal Medicine/PCP: No frequency,Unknown,Unknown,Likely Open – recent MMC visit,Convert: ask for the next spine patient,Matched,"Score = referral 61 + specialty 4 + visit context 2 + reachability 2 + data 2. Exact provider name Patient counts are distinct attributed B2B records, not confirmed kept visits."
86,21,71,Tier 1,Wave 1,One Spine Patient,Proven Spine / Protect,North Macomb Medical Associates,7250fa4c-09c2-418b-94d4-8badec5b77f7,"66440 Gratiot Ave, Richmond, Michigan, 48050",PCP,Internal Medicine/PCP,Other – Richmond,Coty,Deterministically matched,"Weymouth PA-C, Sarah",1,0,0,1,2026-06-09 00:00:00,2026-06-09 00:00:00,2025-09-04 00:00:00,278,278,Moderate,Proven Spine Referrer,Current Core Baseline,1,1,1,1,7,7,2026-06-30 00:00:00,,14,Internal Medicine/PCP: No frequency,Unknown,Unknown,Likely Open – recent MMC visit,Convert: ask for the next spine patient,Matched,"Score = referral 61 + specialty 4 + visit context 2 + reachability 2 + data 2. Exact provider name Patient counts are distinct attributed B2B records, not confirmed kept visits."
87,22,71,Tier 1,Wave 1,One Spine Patient,Proven Spine / Protect,Office of Josephine A. Iskander MD,b1e60538-ff76-457b-a530-3647907b307b,"43200 Dequindre Rd., Ste 104 Sterling Heights, MI 48314, United States, Sterling Heights, Michigan, 48314",PCP,Internal Medicine/PCP,Sterling Heights,Coty,Deterministically matched,"Iskander MD, Josephine",1,0,0,1,2026-06-25 00:00:00,2026-06-25 00:00:00,2026-04-29 00:00:00,57,57,Strong,Proven Spine Referrer,Current Core Baseline,2,2,3,5,5,1,2026-07-13 00:00:00,45,14,Internal Medicine/PCP: No frequency,Unknown,Unknown,Likely Open – recent MMC visit,Convert: ask for the next spine patient,Matched,"Score = referral 61 + specialty 4 + visit context 3 + reachability 1 + data 2. Exact provider name Patient counts are distinct attributed B2B records, not confirmed kept visits."
88,23,71,Tier 1,Wave 1,One Spine Patient,Proven Spine / Protect,Sudha Nannapaneni MD,f9518cc9-e8e8-4517-8250-4768d176ee8c,"18285 East 10 Mile Road, Roseville, Michigan, 48066",PCP,Coty; Internal Medicine/PCP,Other – Roseville,Coty,Deterministically matched,"Nannapaneni MD, Sudha",1,0,0,1,2026-01-20 00:00:00,2026-01-20 00:00:00,2025-11-05 00:00:00,76,76,Moderate,Proven Spine Referrer,Current Core Baseline,1,2,2,4,4,1,2026-06-25 00:00:00,55,14,Coty: No frequency;Internal Medicine/PCP: No frequency,Unknown,Unknown,Likely Open – recent MMC visit,Convert: ask for the next spine patient,Matched,"Score = referral 61 + specialty 4 + visit context 3 + reachability 1 + data 2. Exact provider name Patient counts are distinct attributed B2B records, not confirmed kept visits."
89,47,70,Tier 1,Wave 2,One Spine Patient,Proven Spine / Protect,ARBOR LANE FAMILY PHYSICIANS,ff61f8fa-5169-42e7-aafe-f189027c5f3a,"24224 JOY RD STE 100, REDFORD, Michigan",PCP,Internal Medicine/PCP,Other – REDFORD,Kristen,Deterministically matched,"Abdo MD, Basil",1,1,0,2,2026-01-27 00:00:00,2026-06-26 00:00:00,2026-05-01 00:00:00,56,62,Weak,Proven Spine Referrer,Outside Core Baseline,0,0,1,2,4,2,2026-05-01 00:00:00,87,14,Internal Medicine/PCP: No frequency,Unknown,Unknown,Likely Open – recent MMC visit,Convert: ask for the next spine patient,Matched,"Score = referral 61 + specialty 4 + visit context 1 + reachability 2 + data 2. Exact provider name Patient counts are distinct attributed B2B records, not confirmed kept visits."
90,48,70,Tier 1,Wave 2,One Spine Patient,Proven Spine / Protect,Corewell Internal Medicine Southfield,5eb6a409-5e7b-430f-a462-af3a919cfc22,"29355 Northwestern Hwy #210, Southfield, Michigan, 48034",PCP,Internal Medicine/PCP,Southfield,Kristen,Deterministically matched,"Michel MD, Adrian Laith",1,0,0,1,2026-04-21 00:00:00,2026-04-21 00:00:00,2026-03-04 00:00:00,48,48,Strong,Proven Spine Referrer,Outside Core Baseline,0,1,1,2,19,11,2026-05-27 00:00:00,84,14,Internal Medicine/PCP: No frequency,Unknown,Unknown,Likely Open – recent MMC visit,Convert: ask for the next spine patient,Matched,"Score = referral 61 + specialty 4 + visit context 1 + reachability 2 + data 2. Unique provider first + last Patient counts are distinct attributed B2B records, not confirmed kept visits."
91,49,70,Tier 1,Wave 2,One Spine Patient,Proven Spine / Protect,DEIGHTON FAMILY PRACTICE - use this one,a6779fd4-289a-49f7-8602-76dc1bf5764c,"22250 PROVIDENCE DR STE 500, SOUTHFIELD, Michigan",PCP,Internal Medicine/PCP,Southfield,Kristen,Deterministically matched,"Badreddine MD, Hamzah",1,0,2,3,2026-04-15 00:00:00,2026-06-01 00:00:00,2026-05-29 00:00:00,3,15,Strong,Proven Spine Referrer,Outside Core Baseline,0,1,1,2,52,26,2026-05-29 00:00:00,85,14,Internal Medicine/PCP: No frequency,Unknown,Unknown,Likely Open – recent MMC visit,Convert: ask for the next spine patient,Matched,"Score = referral 61 + specialty 4 + visit context 1 + reachability 2 + data 2. Exact provider name Patient counts are distinct attributed B2B records, not confirmed kept visits."
92,50,70,Tier 1,Wave 2,One Spine Patient,Proven Spine / Protect,"FAMILY CARE CENTER OF HAMTRAMCK, PC",f4a7f5a0-d8e0-49ff-874a-04f12057fc5f,"12169 JOSEPH CAMPAU ST, HAMTRAMCK, MI, 48212",PCP,Internal Medicine/PCP,Other – HAMTRAMCK,Kristen,Deterministically matched,"Sharma MD, Bhupesh; Sharma MD, Meenakshi",1,3,0,4,2026-04-23 00:00:00,2026-06-23 00:00:00,2026-05-19 00:00:00,35,29,Weak,Proven Spine Referrer,Outside Core Baseline,0,0,1,2,4,2,2026-05-19 00:00:00,83,14,Internal Medicine/PCP: No frequency,Unknown,Unknown,Likely Open – recent MMC visit,Convert: ask for the next spine patient,Matched,"Score = referral 61 + specialty 4 + visit context 1 + reachability 2 + data 2. Exact provider name Patient counts are distinct attributed B2B records, not confirmed kept visits."
93,51,70,Tier 1,Wave 2,One Spine Patient,Proven Spine / Protect,HENRY FORD MEDICAL CENTER FARMINGTON ROAD INTERNAL MEDICINE,9021dee7-1935-4acc-9d3e-63f9e919459d,"6530 FARMINGTON RD STE LL-02, WEST BLOOMFIELD, MI, 48322",PCP,Internal Medicine/PCP,Other – WEST BLOOMFIELD,Kristen,Deterministically matched,"Alsabeh MD, Rashid; Finn MD, Jeffrey",1,0,1,2,2026-06-02 00:00:00,2026-06-09 00:00:00,2026-05-07 00:00:00,33,29.5,Strong,Proven Spine Referrer,Outside Core Baseline,0,0,1,2,20,10,2026-05-07 00:00:00,84,14,Internal Medicine/PCP: No frequency,Unknown,Unknown,Likely Open – recent MMC visit,Convert: ask for the next spine patient,Matched,"Score = referral 61 + specialty 4 + visit context 1 + reachability 2 + data 2. Exact provider name Patient counts are distinct attributed B2B records, not confirmed kept visits."
94,52,70,Tier 1,Wave 2,One Spine Patient,Proven Spine / Protect,John Mullally MD PC,b257a3dd-4296-4f0d-89f2-7d9f845a231e,"1117 Stone St suite 2, Port Huron, Michigan, 48060",PCP,Internal Medicine/PCP,Port Huron,Kristen,Deterministically matched,"MULLALLY MD, JOHN",1,1,0,2,2026-04-28 00:00:00,2026-04-28 00:00:00,2026-01-29 00:00:00,89,47.5,Moderate,Proven Spine Referrer,Outside Core Baseline,0,1,2,3,3,1,2026-06-16 00:00:00,69,14,Internal Medicine/PCP: No frequency,Unknown,Unknown,Likely Open – recent MMC visit,Convert: ask for the next spine patient,Matched,"Score = referral 61 + specialty 4 + visit context 2 + reachability 1 + data 2. Exact provider name Patient counts are distinct attributed B2B records, not confirmed kept visits."
95,53,70,Tier 1,Wave 2,One Spine Patient,Proven Spine / Protect,Lexington Family Medicine,e91e6824-c768-4d8f-a1d0-2c6cb005cc47,"5294 Main Street, Lexington, Michigan, 48450",PCP,Internal Medicine/PCP,Other – Lexington,Kristen,Deterministically matched,"Laming, Christie S",1,0,0,1,2026-02-10 00:00:00,2026-02-10 00:00:00,2026-01-12 00:00:00,29,29,Moderate,Proven Spine Referrer,Outside Core Baseline,0,1,1,3,9,3,2026-06-09 00:00:00,74,14,Internal Medicine/PCP: No frequency,Unknown,Unknown,Likely Open – recent MMC visit,Convert: ask for the next spine patient,Matched,"Score = referral 61 + specialty 4 + visit context 1 + reachability 2 + data 2. Unique provider first + last Patient counts are distinct attributed B2B records, not confirmed kept visits."
96,54,70,Tier 1,Wave 2,One Spine Patient,Proven Spine / Protect,Lupo Chiropractic Center,ea3dd183-15b5-491c-b6b5-55d6404f4a22,"27850 Gratiot Avenue, Roseville, Michigan, 48066",Chiropractor,Chiropractor,Other – Roseville,Kristen,Deterministically matched,"Lupo, Jeffrey",1,0,0,1,2026-02-12 00:00:00,2026-02-12 00:00:00,2026-02-09 00:00:00,3,3,Strong,Proven Spine Referrer,Outside Core Baseline,0,0,1,2,16,9,2026-05-04 00:00:00,84,14,Chiropractor: No frequency,Unknown,Unknown,Likely Open – recent MMC visit,Convert: ask for the next spine patient,Matched,"Score = referral 61 + specialty 4 + visit context 1 + reachability 2 + data 2. Exact provider name Patient counts are distinct attributed B2B records, not confirmed kept visits."
97,55,70,Tier 1,Wave 2,One Spine Patient,Proven Spine / Protect,Mitchell Medical Center,3a600778-0104-4e04-b9d4-feb46e567bd7,"1209 10th St, Port Huron, Michigan, 48060",PCP,Internal Medicine/PCP,Port Huron,Kristen,Deterministically matched,"BLACKWELL PA, KATHERINE",1,5,2,8,2026-05-12 00:00:00,2026-06-04 00:00:00,2026-03-12 00:00:00,84,41.5,Strong,Proven Spine Referrer,Outside Core Baseline,0,1,1,3,26,9,2026-06-16 00:00:00,69,14,Internal Medicine/PCP: No frequency,Unknown,Unknown,Likely Open – recent MMC visit,Convert: ask for the next spine patient,Matched,"Score = referral 61 + specialty 4 + visit context 1 + reachability 2 + data 2. Unique provider first + last Patient counts are distinct attributed B2B records, not confirmed kept visits."
98,56,70,Tier 1,Wave 2,One Spine Patient,Proven Spine / Protect,ORCHARD PRIMARY CARE,ba00dba0-20f9-440b-8df0-799ade91a785,"30852 W 10 MILE RD, FARMINGTON HILLS, MI, 48336",PCP,Internal Medicine/PCP,Other – FARMINGTON HILLS,Kristen,Deterministically matched,"Pathak MD, Meghna",1,0,0,1,2026-05-01 00:00:00,2026-05-01 00:00:00,2026-02-17 00:00:00,73,73,Moderate,Proven Spine Referrer,Outside Core Baseline,0,0,1,2,6,3,2026-05-13 00:00:00,85,14,Internal Medicine/PCP: No frequency,Unknown,Unknown,Likely Open – recent MMC visit,Convert: ask for the next spine patient,Matched,"Score = referral 61 + specialty 4 + visit context 1 + reachability 2 + data 2. Exact provider name Patient counts are distinct attributed B2B records, not confirmed kept visits."
99,57,70,Tier 1,Wave 2,One Spine Patient,Proven Spine / Protect,Physician HealthCare Network Urgent Care and Walk In- Fort Gratiot,4c053f65-6667-471a-9d5b-ee08b564d031,"4190 24th Ave,  Suite 105, Fort Gratiot Township, Michigan, 48059",Urgent Care,Kristen Strategic Account; Internal Medicine/PCP; Urgent Cares,Other – Fort Gratiot Township,Kristen,Deterministically matched,"BORGIEL MD, CHRISTOPHER; Hill PA-C, Stacie; Naqvi MD, Farrukh Zaman; Souphis DO, Daniel C; Souphis, Daniel C",1,14,0,15,2026-06-08 00:00:00,2026-06-18 00:00:00,2026-05-05 00:00:00,44,21,Strong,Proven Spine Referrer,Outside Core Baseline,0,0,1,3,15,5,2026-05-05 00:00:00,56.5,14,Kristen Strategic Account: No frequency;Internal Medicine/PCP: No frequency;Urgent Cares: No frequency,Unknown,Unknown,Likely Open – recent MMC visit,Convert: ask for the next spine patient,Matched,"Score = referral 61 + specialty 4 + visit context 1 + reachability 2 + data 2. Exact provider name; Unique provider first + last Patient counts are distinct attributed B2B records, not confirmed kept visits."
100,58,70,Tier 1,Wave 2,One Spine Patient,Proven Spine / Protect,"PILLAY INTERNAL MEDICINE ASSOCIATES, PLLC",f5f4f354-94f3-42a1-a3be-10f8a64cdaae,"100 N POND DR STE C, WALLED LAKE, MI, 48390",PCP,Internal Medicine/PCP,Other – WALLED LAKE,Kristen,Deterministically matched,"Pillay MD, Jeet N",1,0,2,3,2026-06-03 00:00:00,2026-06-26 00:00:00,2026-05-04 00:00:00,53,30,Moderate,Proven Spine Referrer,Outside Core Baseline,0,0,1,3,9,3,2026-05-04 00:00:00,42,14,Internal Medicine/PCP: No frequency,Unknown,Unknown,Likely Open – recent MMC visit,Convert: ask for the next spine patient,Matched,"Score = referral 61 + specialty 4 + visit context 1 + reachability 2 + data 2. Unique provider first + last Patient counts are distinct attributed B2B records, not confirmed kept visits."
101,59,70,Tier 1,Wave 2,One Spine Patient,Proven Spine / Protect,Port Huron Medicine Associates,1245235654,"2540 16th St, Port Huron, MI, 480606405",PCP,Kristen Strategic Account; Internal Medicine/PCP,Port Huron,Kristen,Deterministically matched,"Ashley Richardson, PA-C; Canto MD, Cheryl",1,5,0,6,2026-01-27 00:00:00,2026-05-20 00:00:00,2026-04-07 00:00:00,43,26,Strong,Proven Spine Referrer,Outside Core Baseline,0,1,1,3,20,8,2026-06-16 00:00:00,69,14,Kristen Strategic Account: No frequency;Internal Medicine/PCP: No frequency,Unknown,Unknown,Likely Open – recent MMC visit,Convert: ask for the next spine patient,Matched,"Score = referral 61 + specialty 4 + visit context 1 + reachability 2 + data 2. Exact provider name Patient counts are distinct attributed B2B records, not confirmed kept visits."
102,60,70,Tier 1,Wave 2,One Spine Patient,Proven Spine / Protect,Rodnick Chiropractic,97e1431f-4c5b-4ec4-b3a5-47267613937b,"2685 Union Lake Rd Commerce Charter Twp, Commerce Charter Township, Michigan, 48382",Chiropractor,Chiropractor,Other – Commerce Charter Township,Kristen,Deterministically matched,"Rodnick, Alex",1,0,0,1,2026-02-19 00:00:00,2026-02-19 00:00:00,2025-12-19 00:00:00,62,62,Strong,Proven Spine Referrer,Outside Core Baseline,0,1,1,3,21,7,2026-05-26 00:00:00,42.5,14,Chiropractor: No frequency,Unknown,Unknown,Likely Open – recent MMC visit,Convert: ask for the next spine patient,Matched,"Score = referral 61 + specialty 4 + visit context 1 + reachability 2 + data 2. Exact provider name Patient counts are distinct attributed B2B records, not confirmed kept visits."
103,61,70,Tier 1,Wave 2,One Spine Patient,Proven Spine / Protect,SHEIKH MEDICAL CENTER,7c32d0b4-c83f-4756-924c-9c8c74996a39,"22821 ORCHARD LAKE RD, FARMINGTON, MI, 48336",PCP,Internal Medicine/PCP,Other – FARMINGTON,Kristen,Deterministically matched,"Cameron MD, Mary A; Sheikh, Mohammad I",1,1,0,2,2026-06-12 00:00:00,2026-06-12 00:00:00,2026-05-11 00:00:00,32,21,Moderate,Proven Spine Referrer,Outside Core Baseline,0,0,1,2,8,4,2026-05-11 00:00:00,83,14,Internal Medicine/PCP: No frequency,Unknown,Unknown,Likely Open – recent MMC visit,Convert: ask for the next spine patient,Matched,"Score = referral 61 + specialty 4 + visit context 1 + reachability 2 + data 2. Unique provider first + last Patient counts are distinct attributed B2B records, not confirmed kept visits."
104,62,70,Tier 1,Wave 2,One Spine Patient,Proven Spine / Protect,SOUTHFIELD MEDICAL CLINIC AND PREMIER URGENT CARE AND WALK IN CLINIC,297a710c-01f5-41e0-9ffc-d1df69e9329d,"17070 W 12 MILE RD STE A, SOUTHFIELD, Michigan, MI 48076",Urgent Care,Urgent care; Internal Medicine/PCP,Southfield,Kristen,Deterministically matched,"Mansour MD, Yousif S/Ross Law",1,0,0,1,2026-04-20 00:00:00,2026-04-20 00:00:00,2026-03-17 00:00:00,34,34,Moderate,Proven Spine Referrer,Outside Core Baseline,0,1,1,2,6,3,2026-06-01 00:00:00,76,14,Urgent care: No frequency;Internal Medicine/PCP: No frequency,Unknown,Unknown,Likely Open – recent MMC visit,Convert: ask for the next spine patient,Matched,"Score = referral 61 + specialty 4 + visit context 1 + reachability 2 + data 2. Unique provider first + last Patient counts are distinct attributed B2B records, not confirmed kept visits."
105,63,70,Tier 1,Wave 2,One Spine Patient,Proven Spine / Protect,Team Rehabilitation  - Washington,940f0098-7ee4-47be-9425-5cd4bbc4dd0f,"64541 Van Dyke, Washington, Michigan, 48095",PT,Physical Therapy,Other – Washington,Kristen,Deterministically matched,"Genoff DPT, Dave; Maasri DPT, Rami",1,1,0,2,2026-03-12 00:00:00,2026-03-25 00:00:00,2026-02-10 00:00:00,43,36.5,Strong,Proven Spine Referrer,Current Core Baseline,1,1,1,4,19,6,2026-06-25 00:00:00,52,14,Physical Therapy: No frequency,Unknown,Unknown,Likely Open – recent MMC visit,Convert: ask for the next spine patient,Matched,"Score = referral 61 + specialty 3 + visit context 2 + reachability 2 + data 2. Exact provider name Patient counts are distinct attributed B2B records, not confirmed kept visits."
106,64,70,Tier 1,Wave 2,One Spine Patient,Proven Spine / Protect,Village Medical - Northville West,1255345930,"422 N Center St, Northville, Michigan, 48167",PCP,Internal Medicine/PCP,Other – Northville,Kristen,Deterministically matched,"Demeri MD, Nader",1,0,0,1,2026-05-18 00:00:00,2026-05-18 00:00:00,2026-03-18 00:00:00,61,61,Strong,Proven Spine Referrer,Outside Core Baseline,0,1,1,3,15,6,2026-06-04 00:00:00,70,14,Internal Medicine/PCP: No frequency,Unknown,Unknown,Likely Open – recent MMC visit,Convert: ask for the next spine patient,Matched,"Score = referral 61 + specialty 4 + visit context 1 + reachability 2 + data 2. Exact provider name + referral PL owner Patient counts are distinct attributed B2B records, not confirmed kept visits."
107,65,70,Tier 1,Wave 2,One Spine Patient,Proven Spine / Protect,Wigod & Falzon,1da57554-aa50-483a-b1a8-060ff843ff7c,"25899 W 12 Mile Rd, Southfield, Michigan, 48034",Attorney / Legal,Attorney,Southfield,Kristen,Deterministically matched,Wigod and Falzon,1,0,0,1,2026-06-17 00:00:00,2026-06-17 00:00:00,2026-05-29 00:00:00,19,19,Strong,Proven Spine Referrer,Outside Core Baseline,0,3,4,4,24,6,2026-05-29 00:00:00,7,14,Attorney: No frequency,Unknown,Unknown,Likely Open – recent MMC visit,Convert: ask for the next spine patient,Matched,"Score = referral 61 + specialty 3 + visit context 2 + reachability 2 + data 2. Exact company name Patient counts are distinct attributed B2B records, not confirmed kept visits."
108,66,70,Tier 1,Wave 2,One Spine Patient,Proven Spine / Protect,Yale Community Heath Center - VA Clinic,ef22f4d0-c253-4bff-8a60-2a5eaa3168df,"7470 South Brockway Road, Yale, Michigan, 48097",PCP,Kristen Strategic Account; Internal Medicine/PCP,Other – Yale,Kristen,Deterministically matched,"Brosius NP, Laura; Deters PA, Tara; Deters PA-C, Tara; Mariutza NP, Melissa; Parslow PA, Michael; Richards PA-C, Carolyn; Yale VA",1,21,0,22,2026-06-30 00:00:00,2026-07-08 00:00:00,2026-06-09 00:00:00,29,14.5,Strong,Proven Spine Referrer,Outside Core Baseline,0,1,1,5,25,6,2026-06-09 00:00:00,37.5,14,Kristen Strategic Account: No frequency;Internal Medicine/PCP: No frequency,Unknown,Unknown,Likely Open – recent MMC visit,Convert: ask for the next spine patient,Matched,"Score = referral 61 + specialty 4 + visit context 1 + reachability 2 + data 2. Exact provider name; Reviewed source alias Patient counts are distinct attributed B2B records, not confirmed kept visits."
109,20,70,Tier 1,Wave 1,One Spine Patient,Proven Spine / Protect,A1 Family Medicine,b1a9167c-0bb6-47bd-b50a-ff18a973875f,"2050 N Haggerty Rd, Canton, Michigan, 48187",PCP,Internal Medicine/PCP,Other – Canton,Jasmine,Deterministically matched,"Dharia MD, Purvi",1,2,0,3,2026-06-16 00:00:00,2026-06-30 00:00:00,2026-04-17 00:00:00,74,60,Weak,Proven Spine Referrer,Current Core Baseline,1,1,1,5,5,1,2026-07-02 00:00:00,22,14,Internal Medicine/PCP: No frequency,Unknown,Unknown,Likely Open – recent MMC visit,Convert: ask for the next spine patient,Matched,"Score = referral 61 + specialty 4 + visit context 2 + reachability 1 + data 2. Exact provider name Patient counts are distinct attributed B2B records, not confirmed kept visits."
110,21,70,Tier 1,Wave 1,One Spine Patient,Proven Spine / Protect,"APOLLO HEALTH SERVICES, PC",1689099f-fc6b-4174-9111-5dce70adbd66,"5823 MIDDLEBELT RD, GARDEN CITY, MI, 48135",PCP,Internal Medicine/PCP,Other – GARDEN CITY,Jasmine,Deterministically matched,"Kambhatla MD, Sujata",1,0,0,1,2026-03-31 00:00:00,2026-03-31 00:00:00,2026-01-05 00:00:00,85,85,Weak,Proven Spine Referrer,Outside Core Baseline,0,0,1,2,4,2,2026-04-23 00:00:00,108,14,Internal Medicine/PCP: No frequency,Unknown,Unknown,Likely Open – recent MMC visit,Convert: ask for the next spine patient,Matched,"Score = referral 61 + specialty 4 + visit context 1 + reachability 2 + data 2. Exact provider name Patient counts are distinct attributed B2B records, not confirmed kept visits."
111,22,70,Tier 1,Wave 1,One Spine Patient,Proven Spine / Protect,BEAUMONT FAMILY MEDICINE BELLEVILLE,61a031d7-889d-4b90-8391-8647f4be87ec,"201 3RD ST STE 200, BELLEVILLE, Michigan",PCP,Internal Medicine/PCP,Other – BELLEVILLE,Jasmine,Deterministically matched,"Szaraz MD, David Julian; Yi MD, Chin",1,3,1,5,2026-05-07 00:00:00,2026-05-18 00:00:00,2026-03-09 00:00:00,70,59,Strong,Proven Spine Referrer,Outside Core Baseline,0,1,1,3,33,11,2026-05-29 00:00:00,71.5,14,Internal Medicine/PCP: No frequency,Unknown,Unknown,Likely Open – recent MMC visit,Convert: ask for the next spine patient,Matched,"Score = referral 61 + specialty 4 + visit context 1 + reachability 2 + data 2. Exact provider name; Unique provider first + last Patient counts are distinct attributed B2B records, not confirmed kept visits."
112,23,70,Tier 1,Wave 1,One Spine Patient,Proven Spine / Protect,Corewell Health Wayne Hospital Family Medicine -  Canton,1022591b-a2f2-47ed-a718-e764042f930d,"7330 N CANTON CENTER RD STE 111, CANTON, MI, 48187",PCP,Internal Medicine/PCP,Other – CANTON,Jasmine,Deterministically matched,"Choucair DO, Iman; Raza MD, Mushahid; Raza, Mushahid",1,1,1,3,2026-03-18 00:00:00,2026-05-29 00:00:00,2026-03-30 00:00:00,60,23,Strong,Proven Spine Referrer,Outside Core Baseline,0,1,1,3,21,7,2026-06-02 00:00:00,49,14,Internal Medicine/PCP: No frequency,Unknown,Unknown,Likely Open – recent MMC visit,Convert: ask for the next spine patient,Matched,"Score = referral 61 + specialty 4 + visit context 1 + reachability 2 + data 2. Exact provider name Patient counts are distinct attributed B2B records, not confirmed kept visits."
113,24,70,Tier 1,Wave 1,One Spine Patient,Proven Spine / Protect,"DEARBORN FAMILY CLINIC, PC",a7a3d5c1-7a49-46bc-b9ad-08cbe9188e80,"3133 South Telegraph Road, Dearborn, Michigan, 48124",Orthopedic,Ortho; Internal Medicine/PCP,Other – Dearborn,Jasmine,Deterministically matched,"Harris MD, Angela; Wright DO, Howard",1,1,1,3,2026-01-22 00:00:00,2026-04-15 00:00:00,2026-01-26 00:00:00,79,49,Moderate,Proven Spine Referrer,Outside Core Baseline,0,0,0,3,18,6,2026-04-20 00:00:00,50.5,14,Ortho: No frequency;Internal Medicine/PCP: No frequency,Unknown,Unknown,Likely Open – recent MMC visit,Convert: ask for the next spine patient,Matched,"Score = referral 61 + specialty 5 + visit context 0 + reachability 2 + data 2. Exact provider name Patient counts are distinct attributed B2B records, not confirmed kept visits."
114,25,70,Tier 1,Wave 1,One Spine Patient,Proven Spine / Protect,Eastpointe Family Physicians,1578685921,"24901 Kelly Rd, Eastpointe, MI, 48021",PCP,Internal Medicine/PCP,Other – Eastpointe,Jasmine,Deterministically matched,"Pope DO, Haley; ZINKE FNP BC, ANDREA",1,2,1,4,2026-03-31 00:00:00,2026-05-15 00:00:00,2026-05-12 00:00:00,3,22,Strong,Proven Spine Referrer,Outside Core Baseline,0,0,1,4,12,4,2026-05-12 00:00:00,40,14,Internal Medicine/PCP: No frequency,Unknown,Unknown,Likely Open – recent MMC visit,Convert: ask for the next spine patient,Matched,"Score = referral 61 + specialty 4 + visit context 1 + reachability 2 + data 2. Exact provider name Patient counts are distinct attributed B2B records, not confirmed kept visits."
115,26,70,Tier 1,Wave 1,One Spine Patient,Proven Spine / Protect,Karma Internists,9e6bf540-edd8-4135-9b33-cef5e4fbcc2c,"26850 PROVIDENCE PKWY STE 420, NOVI, Michigan, 48374",PCP,Internal Medicine/PCP,Other – NOVI,Jasmine,Deterministically matched,"Saini MD, Anvita  B",1,0,0,1,2026-03-26 00:00:00,2026-03-26 00:00:00,2026-03-24 00:00:00,2,2,Moderate,Proven Spine Referrer,Outside Core Baseline,0,1,2,4,4,1,2026-06-04 00:00:00,36,14,Internal Medicine/PCP: No frequency,Unknown,Unknown,Likely Open – recent MMC visit,Convert: ask for the next spine patient,Matched,"Score = referral 61 + specialty 4 + visit context 2 + reachability 1 + data 2. Unique provider first + last Patient counts are distinct attributed B2B records, not confirmed kept visits."
116,24,70,Tier 1,Wave 1,One Spine Patient,Proven Spine / Protect,Barry S Meyer DO PC,a183eb7c-8d61-4470-8154-52f7dbff87b5,"23411 Ryan Rd, Warren, MI, 48091",PCP,Internal Medicine/PCP,Other – Warren,Coty,Deterministically matched,"Meyer DO, Barry S",1,0,0,1,2026-05-27 00:00:00,2026-05-27 00:00:00,2026-05-01 00:00:00,26,26,Moderate,Proven Spine Referrer,Outside Core Baseline,0,1,2,5,5,1,2026-06-01 00:00:00,22,14,Internal Medicine/PCP: No frequency,Unknown,Unknown,Likely Open – recent MMC visit,Convert: ask for the next spine patient,Matched,"Score = referral 61 + specialty 4 + visit context 2 + reachability 1 + data 2. Unique provider first + last Patient counts are distinct attributed B2B records, not confirmed kept visits."
117,25,70,Tier 1,Wave 1,One Spine Patient,Proven Spine / Protect,Epic Primary Care - Ferndale,8d70ed21-9cc0-4e04-a934-e01ab1155823,"911 E 9 Mile Rd, Ferndale, Michigan, 48220",PCP,Internal Medicine/PCP,Other – Ferndale,Coty,Deterministically matched,"Naman MD, Greg S; Tam DO, Susan",1,3,0,4,2026-04-10 00:00:00,2026-05-05 00:00:00,2026-02-19 00:00:00,75,50,Strong,Proven Spine Referrer,Outside Core Baseline,0,1,1,2,20,10,2026-05-21 00:00:00,91,14,Internal Medicine/PCP: No frequency,Unknown,Unknown,Likely Open – recent MMC visit,Convert: ask for the next spine patient,Matched,"Score = referral 61 + specialty 4 + visit context 1 + reachability 2 + data 2. Unique provider first + last + referral PL owner; Exact provider name Patient counts are distinct attributed B2B records, not confirmed kept visits."
118,26,70,Tier 1,Wave 1,One Spine Patient,Proven Spine / Protect,EPIC Southfield - Telegraph Rd office,e9338159-c4f0-4329-a188-50fd3d8a5ddb,"29829 Telegraph Rd suite 200, Southfield, Michigan, 48034",PCP,Internal Medicine/PCP,Southfield,Coty,Deterministically matched,"Webster PAC, Shannon",1,3,0,4,2026-03-26 00:00:00,2026-07-09 00:00:00,2026-05-28 00:00:00,42,46.5,Strong,Proven Spine Referrer,Outside Core Baseline,0,1,1,2,20,11,2026-05-28 00:00:00,86,14,Internal Medicine/PCP: No frequency,Unknown,Unknown,Likely Open – recent MMC visit,Convert: ask for the next spine patient,Matched,"Score = referral 61 + specialty 4 + visit context 1 + reachability 2 + data 2. Exact provider name Patient counts are distinct attributed B2B records, not confirmed kept visits."
119,27,70,Tier 1,Wave 1,One Spine Patient,Proven Spine / Protect,Henry Ford Macomb Internal Medicine,1841213436,"13801 15 Mile Rd, Sterling Heights, Michigan, 48312",PCP,Internal Medicine/PCP,Sterling Heights,Coty,Deterministically matched,"Bochenek DO, John C; Doyle DO, Katherine",1,3,0,4,2026-03-25 00:00:00,2026-03-26 00:00:00,2026-01-23 00:00:00,62,44.5,Strong,Proven Spine Referrer,Outside Core Baseline,0,1,1,3,12,4,2026-06-16 00:00:00,72,14,Internal Medicine/PCP: No frequency,Unknown,Unknown,Likely Open – recent MMC visit,Convert: ask for the next spine patient,Matched,"Score = referral 61 + specialty 4 + visit context 1 + reachability 2 + data 2. Exact provider name; Unique provider first + last Patient counts are distinct attributed B2B records, not confirmed kept visits."
120,28,70,Tier 1,Wave 1,One Spine Patient,Proven Spine / Protect,Office of Steven Trombly MD,1407867815,"5195 15 Mile Rd, Sterling Heights, Michigan, 48310",PCP,Internal Medicine/PCP,Sterling Heights,Coty,Deterministically matched,"Trombly MD, Steven D",1,6,0,7,2026-04-14 00:00:00,2026-06-29 00:00:00,2026-03-11 00:00:00,110,61,Weak,Proven Spine Referrer,Current Core Baseline,1,1,1,3,3,1,2026-07-09 00:00:00,83.5,14,Internal Medicine/PCP: No frequency,Up to date,Unknown,Likely Open – recent MMC visit,Convert: ask for the next spine patient,Matched,"Score = referral 61 + specialty 4 + visit context 2 + reachability 1 + data 2. Unique provider first + last Patient counts are distinct attributed B2B records, not confirmed kept visits."
121,29,70,Tier 1,Wave 1,One Spine Patient,Proven Spine / Protect,Rochester Medical Group,c82c9d5d-f644-42a6-8149-43868624eb50,"633 E South Blvd #1200, Rochester Hills, Michigan, 48307",PCP,Podaitry; Internal Medicine/PCP,Other – Rochester Hills,Coty,Deterministically matched,"HAWKINS DO, JASON",1,0,0,1,2026-04-30 00:00:00,2026-04-30 00:00:00,2026-03-23 00:00:00,38,38,Strong,Proven Spine Referrer,Outside Core Baseline,0,1,1,3,27,9,2026-06-15 00:00:00,58.5,14,Podaitry: No frequency;Internal Medicine/PCP: No frequency,Unknown,Unknown,Likely Open – recent MMC visit,Convert: ask for the next spine patient,Matched,"Score = referral 61 + specialty 4 + visit context 1 + reachability 2 + data 2. Exact provider name Patient counts are distinct attributed B2B records, not confirmed kept visits."
122,30,70,Tier 1,Wave 1,One Spine Patient,Proven Spine / Protect,Specialists in Rehabilitation Medicine,8c808cf3-9148-4a0b-8ea0-2d0882a9424e,"1135 W University Dr suite 425, Rochester, Michigan, 48307",Orthopedic,Physiatry; Physical Therapy; PA's,Other – Rochester,Coty,Deterministically matched,"Arbit MD, Steven",1,0,0,1,2026-04-07 00:00:00,2026-04-07 00:00:00,2025-07-17 00:00:00,264,264,Weak,Proven Spine Referrer,Outside Core Baseline,0,0,0,0,0,7,2025-07-17 00:00:00,,14,Physiatry: No frequency;Physical Therapy: No frequency;PA's: No frequency,Unknown,Unknown,Verify before route,Convert: ask for the next spine patient,Matched,"Score = referral 61 + specialty 5 + visit context 0 + reachability 2 + data 2. Exact provider name Patient counts are distinct attributed B2B records, not confirmed kept visits."
123,67,69,Tier 1,Wave 2,One Spine Patient,Proven Spine / Protect,Center For Hollistic Medicine,42b038b0-949b-46be-8843-e02868bb894a,"6089 W MAPLE RD STE 200, WEST BLOOMFIELD, Michigan",Other / Verify,Hollistic Medicine,Other – WEST BLOOMFIELD,Kristen,Deterministically matched,"Brownstein DO, Hailey L",1,0,0,1,2026-04-27 00:00:00,2026-04-27 00:00:00,2026-02-12 00:00:00,74,74,Strong,Proven Spine Referrer,Outside Core Baseline,0,0,1,2,14,7,2026-05-07 00:00:00,84,14,Hollistic Medicine: No frequency,Unknown,Unknown,Likely Open – recent MMC visit,Convert: ask for the next spine patient,Matched,"Score = referral 61 + specialty 3 + visit context 1 + reachability 2 + data 2. Unique provider first + last Patient counts are distinct attributed B2B records, not confirmed kept visits."
124,68,69,Tier 1,Wave 2,One Spine Patient,Proven Spine / Protect,CoreMed - Commerce,eab7d954-a523-466a-a75b-3eca7bf9c6d0,"2600 Union Lake Rd suite 140 Commerce Township, Michigan, 48382",PCP,Internal Medicine/PCP,Other,Kristen,Deterministically matched,"Skelton PA-C, Kelsey",1,0,0,1,2026-03-12 00:00:00,2026-03-12 00:00:00,,,,Weak,Proven Spine Referrer,Outside Core Baseline,0,1,1,1,2,3,2026-05-26 00:00:00,,14,Internal Medicine/PCP: No frequency,Unknown,Unknown,Likely Open – recent MMC visit,Convert: ask for the next spine patient,Matched,"Score = referral 61 + specialty 4 + visit context 1 + reachability 2 + data 1. Exact provider name Patient counts are distinct attributed B2B records, not confirmed kept visits."
125,69,69,Tier 1,Wave 2,One Spine Patient,Proven Spine / Protect,Greg Monroe DO PC,4de0cfd4-93f7-4efa-a4ed-25a3ceaf173b,"6149 Elmwood Street, Westland, Michigan, 48185",PCP,Internal Medicine/PCP,Other – Westland,Kristen,Deterministically matched,"Monroe DO, Gregory",1,0,0,1,2026-01-07 00:00:00,2026-01-07 00:00:00,2026-01-05 00:00:00,2,2,Weak,Proven Spine Referrer,Outside Core Baseline,0,1,1,3,3,1,2026-06-05 00:00:00,75.5,14,Internal Medicine/PCP: No frequency,Unknown,Unknown,Likely Open – recent MMC visit,Convert: ask for the next spine patient,Matched,"Score = referral 61 + specialty 4 + visit context 1 + reachability 1 + data 2. Exact provider name Patient counts are distinct attributed B2B records, not confirmed kept visits."
126,70,69,Tier 1,Wave 2,One Spine Patient,Proven Spine / Protect,IHA UNION LAKE PEDIATRICS,905d0bbb-d935-4258-8a1e-2e30d0a25987,"2630 UNION LAKE RD STE 100, COMMERCE TOWNSHIP, Michigan",Pediatrics,Pediatrician,Other – COMMERCE TOWNSHIP,Kristen,Deterministically matched,"Palka, Courtney Elyse",1,0,0,1,2026-06-10 00:00:00,2026-06-10 00:00:00,2026-05-26 00:00:00,15,15,Moderate,Proven Spine Referrer,Outside Core Baseline,0,1,1,2,8,4,2026-05-26 00:00:00,85,14,Pediatrician: No frequency,Unknown,Unknown,Likely Open – recent MMC visit,Convert: ask for the next spine patient,Matched,"Score = referral 61 + specialty 3 + visit context 1 + reachability 2 + data 2. Unique provider first + last Patient counts are distinct attributed B2B records, not confirmed kept visits."
127,71,69,Tier 1,Wave 2,One Spine Patient,Proven Spine / Protect,Jian Zu MD,85043f4d-a0d7-448b-9a3d-e0943de69dd8,"29355 Northwestern Hwy, Southfield, Michigan, 48034",PCP,Internal Medicine/PCP,Southfield,Kristen,Deterministically matched,"Zu MD, Jian",1,0,0,1,2026-02-02 00:00:00,2026-02-02 00:00:00,2025-12-22 00:00:00,42,42,Weak,Proven Spine Referrer,Outside Core Baseline,0,1,1,2,2,1,2026-05-27 00:00:00,84,14,Internal Medicine/PCP: No frequency,Unknown,Unknown,Likely Open – recent MMC visit,Convert: ask for the next spine patient,Matched,"Score = referral 61 + specialty 4 + visit context 1 + reachability 1 + data 2. Exact provider name Patient counts are distinct attributed B2B records, not confirmed kept visits."
128,72,69,Tier 1,Wave 2,One Spine Patient,Proven Spine / Protect,Legacy Family Care,6a6a4408-2a28-4e5b-aea6-b70d4b47d57c,"23800 Orchard Lake Rd suite 202, Farmington Hills, Michigan, 48336",PCP,Internal Medicine/PCP,Other – Farmington Hills,Kristen,Deterministically matched,"Koza MD, Heather",1,0,0,1,2026-06-01 00:00:00,2026-06-01 00:00:00,2026-05-11 00:00:00,21,21,Weak,Proven Spine Referrer,Outside Core Baseline,0,0,1,2,2,1,2026-05-11 00:00:00,83,14,Internal Medicine/PCP: No frequency,Unknown,Unknown,Likely Open – recent MMC visit,Convert: ask for the next spine patient,Matched,"Score = referral 61 + specialty 4 + visit context 1 + reachability 1 + data 2. Exact provider name Patient counts are distinct attributed B2B records, not confirmed kept visits."
129,73,69,Tier 1,Wave 2,One Spine Patient,Proven Spine / Protect,"MARY LEE, MD, PC",d62a30ae-10fe-4408-a2cc-7b0aa9422bb8,"5799 W MAPLE RD STE 163, WEST BLOOMFIELD, MI, 48322",PCP,Internal Medicine/PCP,Other – WEST BLOOMFIELD,Kristen,Deterministically matched,"Lee MD, Mary S",1,0,2,3,2026-04-01 00:00:00,2026-05-07 00:00:00,2026-05-07 00:00:00,0,48,Weak,Proven Spine Referrer,Outside Core Baseline,0,0,1,2,2,1,2026-05-07 00:00:00,84,14,Internal Medicine/PCP: No frequency,Unknown,Unknown,Likely Open – recent MMC visit,Convert: ask for the next spine patient,Matched,"Score = referral 61 + specialty 4 + visit context 1 + reachability 1 + data 2. Unique provider first + last Patient counts are distinct attributed B2B records, not confirmed kept visits."
130,74,69,Tier 1,Wave 2,One Spine Patient,Proven Spine / Protect,Providence Park Pediatrics - Novi,9db7de95-514d-45c7-8a73-449a08d1d590,"26850 PROVIDENCE PKWY STE 455, NOVI, Michigan",Pediatrics,Pediatrician,Other – NOVI,Kristen,Deterministically matched,"GAIND MD, MALA; Hoisington MD, Melissa; Kendall MD, Ada; Levy MD, Lili; Newcombe MD, Marcia J",1,5,0,6,2026-01-29 00:00:00,2026-05-11 00:00:00,2026-03-20 00:00:00,52,31.5,Strong,Proven Spine Referrer,Outside Core Baseline,0,1,1,3,33,11,2026-06-01 00:00:00,71.5,14,Pediatrician: No frequency,Unknown,Unknown,Likely Open – recent MMC visit,Convert: ask for the next spine patient,Matched,"Score = referral 61 + specialty 3 + visit context 1 + reachability 2 + data 2. Exact provider name + referral PL owner; Unique provider first + last Patient counts are distinct attributed B2B records, not confirmed kept visits."
131,75,69,Tier 1,Wave 2,One Spine Patient,Proven Spine / Protect,"TONI BALLITCH TRATE, DO, PC",a1394f28-7761-4612-ab27-23681dcadac0,"38215 W 10 MILE RD STE 8, FARMINGTON HILLS, Michigan",PCP,Internal Medicine/PCP,Other – FARMINGTON HILLS,Kristen,Deterministically matched,"Trate DO, Toni",1,0,1,2,2026-03-18 00:00:00,2026-07-08 00:00:00,2026-05-11 00:00:00,58,43.5,Weak,Proven Spine Referrer,Outside Core Baseline,0,0,1,2,2,1,2026-05-11 00:00:00,83,14,Internal Medicine/PCP: No frequency,Unknown,Unknown,Likely Open – recent MMC visit,Convert: ask for the next spine patient,Matched,"Score = referral 61 + specialty 4 + visit context 1 + reachability 1 + data 2. Unique provider first + last Patient counts are distinct attributed B2B records, not confirmed kept visits."
132,76,69,Tier 1,Wave 2,One Spine Patient,Proven Spine / Protect,"TWIN LAKES MEDICAL ASSOCIATES, PC",e7b52c83-5403-4607-98fb-61ffa473ccc4,"43700 WOODWARD AVE STE 206, BLOOMFIELD, Michigan, MI 48302",PCP,Internal Medicine/PCP,Other – BLOOMFIELD,Kristen,Deterministically matched,"Patel MD, Priyesh",1,0,0,1,2026-06-10 00:00:00,2026-06-10 00:00:00,2026-05-06 00:00:00,35,35,Weak,Proven Spine Referrer,Outside Core Baseline,0,0,1,4,4,1,2026-05-06 00:00:00,27,14,Internal Medicine/PCP: No frequency,Unknown,Unknown,Likely Open – recent MMC visit,Convert: ask for the next spine patient,Matched,"Score = referral 61 + specialty 4 + visit context 1 + reachability 1 + data 2. Exact provider name Patient counts are distinct attributed B2B records, not confirmed kept visits."
133,77,69,Tier 1,Wave 2,One Spine Patient,Proven Spine / Protect,Yale Family Care,03bf4090-11b2-4f44-94a5-662885cce913,"333 Gordon Drive, Yale, Michigan, 48097",PCP,Internal Medicine/PCP,Other – Yale,Kristen,Deterministically matched,"Doshi MD, Seema K",1,1,0,2,2026-04-14 00:00:00,2026-06-04 00:00:00,2026-03-19 00:00:00,77,51.5,Weak,Proven Spine Referrer,Outside Core Baseline,0,1,1,3,3,1,2026-06-09 00:00:00,69,14,Internal Medicine/PCP: No frequency,Unknown,Unknown,Likely Open – recent MMC visit,Convert: ask for the next spine patient,Matched,"Score = referral 61 + specialty 4 + visit context 1 + reachability 1 + data 2. Unique provider first + last Patient counts are distinct attributed B2B records, not confirmed kept visits."
134,27,69,Tier 1,Wave 1,One Spine Patient,Proven Spine / Protect,Park Medical Center (Medicaid),c4cc522a-15ee-4dcb-8312-cc7b7efdf995,"12871 East Jefferson Avenue, Detroit, Michigan, 48215",PCP,Internal Medicine/PCP,Other – Detroit,Jasmine,Deterministically matched,"Brown DO, Richard M; Brown, Richard",1,1,0,2,2026-01-13 00:00:00,2026-01-19 00:00:00,2025-12-17 00:00:00,33,30,Weak,Proven Spine Referrer,Outside Core Baseline,0,0,1,2,2,1,2026-04-24 00:00:00,56,14,Internal Medicine/PCP: No frequency,Unknown,Unknown,Likely Open – recent MMC visit,Convert: ask for the next spine patient,Matched,"Score = referral 61 + specialty 4 + visit context 1 + reachability 1 + data 2. Unique provider first + last; Exact provider name Patient counts are distinct attributed B2B records, not confirmed kept visits."
135,28,69,Tier 1,Wave 1,One Spine Patient,Proven Spine / Protect,PelHam Primary Care,d4c2e8cb-a4bb-454f-bc5c-8425cff6d293,"3815 Pelham Street, Dearborn, Michigan, 48124",PCP,Internal Medicine/PCP,Other – Dearborn,Jasmine,Deterministically matched,"Khader MD, Talal",1,0,0,1,2026-01-13 00:00:00,2026-01-13 00:00:00,2025-12-05 00:00:00,39,39,Weak,Proven Spine Referrer,Outside Core Baseline,0,0,1,2,2,1,2026-05-06 00:00:00,84,14,Internal Medicine/PCP: No frequency,Unknown,Unknown,Likely Open – recent MMC visit,Convert: ask for the next spine patient,Matched,"Score = referral 61 + specialty 4 + visit context 1 + reachability 1 + data 2. Exact provider name + referral PL owner Patient counts are distinct attributed B2B records, not confirmed kept visits."
136,29,69,Tier 1,Wave 1,One Spine Patient,Proven Spine / Protect,Plymouth physical therapy services,cd5ff85f-ef03-49bb-bf33-ee98e3b500ec,"29454 Ford Road, Garden City, Michigan, 48135",PT,Physical Therapy,Other – Garden City,Jasmine,Deterministically matched,"Lefere PT, Nicholas",1,0,0,1,2026-06-10 00:00:00,2026-06-10 00:00:00,2026-04-23 00:00:00,48,48,Strong,Proven Spine Referrer,Outside Core Baseline,0,0,1,3,27,9,2026-04-23 00:00:00,54,14,Physical Therapy: No frequency,Unknown,Unknown,Likely Open – recent MMC visit,Convert: ask for the next spine patient,Matched,"Score = referral 61 + specialty 3 + visit context 1 + reachability 2 + data 2. Unique provider first + last Patient counts are distinct attributed B2B records, not confirmed kept visits."
137,30,69,Tier 1,Wave 1,One Spine Patient,Proven Spine / Protect,"TENNY INTERNAL MEDICINE, PLLC",3effe9bc-8576-4eee-ba7e-9bf99eb7d1fa,"22361 W VILLAGE DR STE 102, DEARBORN, MI, 48124",PCP,Internal Medicine/PCP,Other – DEARBORN,Jasmine,Deterministically matched,"Levy FNP-BC, Michelle; Marcarian MD, Gregory",1,2,0,3,2026-04-21 00:00:00,2026-05-20 00:00:00,2026-04-03 00:00:00,47,28,Moderate,Proven Spine Referrer,Outside Core Baseline,0,0,0,2,8,4,2026-04-03 00:00:00,51,14,Internal Medicine/PCP: No frequency,Unknown,Unknown,Likely Open – recent MMC visit,Convert: ask for the next spine patient,Matched,"Score = referral 61 + specialty 4 + visit context 0 + reachability 2 + data 2. Exact provider name Patient counts are distinct attributed B2B records, not confirmed kept visits."
138,31,69,Tier 1,Wave 2,One Spine Patient,Proven Spine / Protect,Cornerstone Internal Medicine,1124006333,"46591 Romeo Plank Road, Macomb, Michigan, 48044",PCP,Internal Medicine/PCP,Other – Macomb,Coty,Deterministically matched,"DALALY MD, FERAH  ADIL; Vitale MD, Massimiliano",1,1,0,2,2026-03-18 00:00:00,2026-04-10 00:00:00,2025-09-11 00:00:00,211,199.5,Weak,Proven Spine Referrer,Outside Core Baseline,0,0,0,0,0,3,2025-09-11 00:00:00,,14,Internal Medicine/PCP: No frequency,Unknown,Unknown,Verify before route,Convert: ask for the next spine patient,Matched,"Score = referral 61 + specialty 4 + visit context 0 + reachability 2 + data 2. Exact provider name; Unique provider first + last Patient counts are distinct attributed B2B records, not confirmed kept visits."
139,32,69,Tier 1,Wave 2,One Spine Patient,Proven Spine / Protect,Epic Healthcare - Southfield,a6831f2e-4f19-4f2d-bdb5-d732d5c81ce7,"18591 W 10 Mile Rd, SOUTHFIELD, Michigan, 48075",PCP,Internal Medicine/PCP,Southfield,Coty,Deterministically matched,"Kalabat FNP-BC, Amber S",1,0,0,1,2026-01-21 00:00:00,2026-01-21 00:00:00,2025-12-23 00:00:00,29,29,Moderate,Proven Spine Referrer,Outside Core Baseline,0,0,0,1,8,8,2026-03-05 00:00:00,,14,Internal Medicine/PCP: No frequency,Unknown,Unknown,Likely Open – recent MMC visit,Convert: ask for the next spine patient,Matched,"Score = referral 61 + specialty 4 + visit context 0 + reachability 2 + data 2. Unique provider first + last Patient counts are distinct attributed B2B records, not confirmed kept visits."
140,33,69,Tier 1,Wave 2,One Spine Patient,Proven Spine / Protect,McLaren Oakland Center for Spine & Pain Management,be1474d8-c6ce-4792-bc96-a22bf4ce125d,"5625 Water Tower Place ste 220, City of the Village of Clarkston, Michigan, 48346",Pain,Pain Management,Other – City of the Village of Clarkston,Coty,Deterministically matched,"Khan DO, Ashraf; Khan MD, Ashraf",1,0,1,2,2026-03-05 00:00:00,2026-06-09 00:00:00,2026-03-02 00:00:00,99,51,Weak,Proven Spine Referrer,Outside Core Baseline,0,0,0,1,1,1,2026-03-02 00:00:00,,14,Pain Management: No frequency,Unknown,Unknown,Likely Open – recent MMC visit,Convert: ask for the next spine patient,Matched,"Score = referral 61 + specialty 5 + visit context 0 + reachability 1 + data 2. Exact provider name Patient counts are distinct attributed B2B records, not confirmed kept visits."
141,34,69,Tier 1,Wave 2,One Spine Patient,Proven Spine / Protect,Oak Street Health - Eastgate,23fb6135-419b-4880-ae64-4a97e9244f37,"26390 Gratiot Ave, Roseville, Michigan, 48066",PCP,Internal Medicine/PCP,Other – Roseville,Coty,Deterministically matched,"SUEDE NP, KRISTINA",1,1,0,2,2026-05-22 00:00:00,2026-05-22 00:00:00,2026-02-26 00:00:00,85,76,Moderate,Proven Spine Referrer,Outside Core Baseline,0,0,0,1,8,8,2026-02-26 00:00:00,,14,Internal Medicine/PCP: No frequency,Unknown,Unknown,Likely Open – recent MMC visit,Convert: ask for the next spine patient,Matched,"Score = referral 61 + specialty 4 + visit context 0 + reachability 2 + data 2. Exact provider name Patient counts are distinct attributed B2B records, not confirmed kept visits."
142,78,68,Tier 1,Wave 2,One Spine Patient,Proven Spine / Protect,Ross Gilders Law,26a4f321-2be3-4d5d-8cf6-335d1fd38f12,"215 East 4th Street, Royal Oak, Michigan, 48067",Attorney / Legal,Attorney,Other – Royal Oak,Kristen,Deterministically matched,Ross Gilders; Ross Gilders Law,1,2,0,3,2026-05-04 00:00:00,2026-05-29 00:00:00,2026-04-02 00:00:00,57,32,Weak,Proven Spine Referrer,Outside Core Baseline,0,0,0,1,2,2,2026-04-02 00:00:00,,14,Attorney: No frequency,Unknown,Unknown,Likely Open – recent MMC visit,Convert: ask for the next spine patient,Matched,"Score = referral 61 + specialty 3 + visit context 0 + reachability 2 + data 2. Exact company name; Exact provider name Patient counts are distinct attributed B2B records, not confirmed kept visits."
143,35,68,Tier 1,Wave 2,One Spine Patient,Proven Spine / Protect,Gratiot Family Medicine,f7eb2b6e-6864-4576-879b-81a2bb775cb1,"19959 Vernier Rd, Suite 200, Harper Woods, MI, 48225",PCP,Internal Medicine/PCP,Other – Harper Woods,Coty,Deterministically matched,"Darwish, Darwish",1,0,0,1,2026-06-25 00:00:00,2026-06-25 00:00:00,2026-03-19 00:00:00,98,98,Weak,Proven Spine Referrer,Outside Core Baseline,0,0,0,2,2,1,2026-03-19 00:00:00,31,14,Internal Medicine/PCP: No frequency,Unknown,Unknown,Likely Open – recent MMC visit,Convert: ask for the next spine patient,Matched,"Score = referral 61 + specialty 4 + visit context 0 + reachability 1 + data 2. Exact provider name Patient counts are distinct attributed B2B records, not confirmed kept visits."
144,36,68,Tier 1,Wave 2,One Spine Patient,Proven Spine / Protect,Premiere Pediatrics,a8abc02a-95b9-4318-b876-60471f8fff0e,"7210 N Main St suite 205, City of the Village of Clarkston, Michigan",Pediatrics,Pediatrician,Other – City of the Village of Clarkston,Coty,Deterministically matched,"Thomas MD, Mark William",1,0,0,1,2026-06-16 00:00:00,2026-06-16 00:00:00,2024-11-07 00:00:00,586,586,Weak,Proven Spine Referrer,Outside Core Baseline,0,0,0,0,0,5,2024-11-07 00:00:00,,14,Pediatrician: No frequency,Unknown,Unknown,Verify before route,Convert: ask for the next spine patient,Matched,"Score = referral 61 + specialty 3 + visit context 0 + reachability 2 + data 2. Unique provider first + last Patient counts are distinct attributed B2B records, not confirmed kept visits."
145,79,67,Tier 1,Wave 2,One Spine Patient,Proven Spine / Protect,Blue Water Urgent Care,57c8b393-1204-4def-8cf0-5461a39e5e14,"1600 Gratiot Blvd suite 1, Marysville, Michigan, 48040",Urgent Care,Urgent Cares,Other – Marysville,Kristen,Deterministically matched,Blue Water Urgent Care,1,0,0,1,2026-02-10 00:00:00,2026-02-10 00:00:00,2026-01-12 00:00:00,29,29,Weak,Proven Spine Referrer,Outside Core Baseline,0,0,1,3,0,0,2026-05-05 00:00:00,56.5,14,Urgent Cares: No frequency,Unknown,Unknown,Likely Open – recent MMC visit,Convert: ask for the next spine patient,Matched,"Score = referral 61 + specialty 4 + visit context 1 + reachability 0 + data 1. Exact company name Patient counts are distinct attributed B2B records, not confirmed kept visits."
146,80,67,Tier 1,Wave 2,One Spine Patient,Proven Spine / Protect,Christensen Law,1ddf5ef9-8562-4164-9faa-60a49c6aa066,"25925 Telegraph Road, Suite 200, Southfield, Michigan, 48033",Attorney / Legal,Attorney,Southfield,Kristen,Deterministically matched,Christensen Law,1,0,0,1,2026-04-02 00:00:00,2026-04-02 00:00:00,2026-03-17 00:00:00,16,16,Weak,Proven Spine Referrer,Outside Core Baseline,0,0,0,3,3,1,2026-03-17 00:00:00,16,14,Attorney: No frequency,Unknown,Unknown,Likely Open – recent MMC visit,Convert: ask for the next spine patient,Matched,"Score = referral 61 + specialty 3 + visit context 0 + reachability 1 + data 2. Exact company name Patient counts are distinct attributed B2B records, not confirmed kept visits."
147,31,60,Tier 2,Wave 2,Ortho Referrer,Ortho / Cross-Sell,Dedicated Senior Medical Center - Warren,95ae3078-f17c-44de-af58-d9fc8e58f4de,"1921 8 Mile Road, Warren, Michigan, 48091",Orthopedic,Ortho; Internal Medicine/PCP,Other – Warren,Jasmine,Deterministically matched,"Khan DO, Afshan; Khangura DO, Charanpreet K",0,4,2,6,,2026-06-03 00:00:00,2026-06-03 00:00:00,0,0,Strong,Ortho-to-Spine Cross-Sell,Current Core Baseline,2,5,5,17,116,8,2026-06-25 00:00:00,7,21,Ortho: No frequency;Internal Medicine/PCP: No frequency,Unknown,Unknown,Likely Open – recent MMC visit,Cross-sell: make a direct spine ask,Matched,"Score = referral 48 + specialty 5 + visit context 3 + reachability 2 + data 2. Exact provider name; Unique provider first + last Patient counts are distinct attributed B2B records, not confirmed kept visits."
148,81,59,Tier 2,Wave 2,Ortho Referrer,Ortho / Cross-Sell,Henry Ford Health - Family Medicine 8 Mile Livonia,22476694-35cd-4d2b-b17f-07cee1f1db4b,"33523 Eight Mile Rd m2, Livonia, Michigan, 48152",PCP,Internal Medicine/PCP,Livonia,Kristen,Deterministically matched,"Fitzgibbons MD, Kelly; Giannola MD, Joseph V; WEIN MD, SAMANTHA CHERISE; White MD, William Paul",0,5,0,5,,2026-06-12 00:00:00,2026-04-24 00:00:00,49,24,Strong,Ortho-to-Spine Cross-Sell,Current Core Baseline,1,1,2,3,30,10,2026-06-29 00:00:00,76.5,21,Internal Medicine/PCP: No frequency,Unknown,Unknown,Likely Open – recent MMC visit,Cross-sell: make a direct spine ask,Matched,"Score = referral 48 + specialty 4 + visit context 3 + reachability 2 + data 2. Exact provider name; Unique provider first + last Patient counts are distinct attributed B2B records, not confirmed kept visits."
149,82,59,Tier 2,Wave 2,Ortho Referrer,Ortho / Cross-Sell,"WAYNE MEDICAL CENTER, PLLC",bc73cba3-b59d-4259-8bb7-6129abd353ab,"1203 S WAYNE RD, WESTLAND, Michigan",PCP,Internal Medicine/PCP,Other – WESTLAND,Kristen,Deterministically matched,"Liyanage MD, Modini",0,4,0,4,,2026-06-24 00:00:00,2026-05-21 00:00:00,34,39.5,Moderate,Ortho-to-Spine Cross-Sell,Current Core Baseline,1,2,2,3,9,3,2026-07-06 00:00:00,80.5,21,Internal Medicine/PCP: No frequency,Unknown,Unknown,Likely Open – recent MMC visit,Cross-sell: make a direct spine ask,Matched,"Score = referral 48 + specialty 4 + visit context 3 + reachability 2 + data 2. Exact provider name Patient counts are distinct attributed B2B records, not confirmed kept visits."
150,32,59,Tier 2,Wave 2,Ortho Referrer,Ortho / Cross-Sell,Corewell Health Family Care of Novi,74e299c3-f9b1-4d54-8e8d-b63af23ba7fd,"44130 W 12 MILE RD, NOVI, MI, 48377",PCP,Internal Medicine/PCP,Other – NOVI,Jasmine,Deterministically matched,"Kadri MD, Medina; Zaban DO, Rana",0,5,0,5,,2026-06-02 00:00:00,2026-04-28 00:00:00,35,17,Strong,Ortho-to-Spine Cross-Sell,Current Core Baseline,1,2,3,5,20,4,2026-07-10 00:00:00,35.5,21,Internal Medicine/PCP: No frequency,Unknown,Unknown,Likely Open – recent MMC visit,Cross-sell: make a direct spine ask,Matched,"Score = referral 48 + specialty 4 + visit context 3 + reachability 2 + data 2. Exact provider name Patient counts are distinct attributed B2B records, not confirmed kept visits."
151,33,59,Tier 2,Wave 2,Ortho Referrer,Ortho / Cross-Sell,CoreWell Health Family Medicine,f8c5f64c-4cf6-463f-9090-68ac9735f08e,"2050 N Haggerty Road, Canton, Michigan, 48187",PCP,Internal Medicine/PCP,Other – Canton,Jasmine,Deterministically matched,"Alqurneh DO, Amal; Ridella MD, Thomas J",0,7,3,10,,2026-07-09 00:00:00,2026-07-02 00:00:00,7,29,Strong,Ortho-to-Spine Cross-Sell,Current Core Baseline,1,1,2,4,12,3,2026-07-02 00:00:00,62,21,Internal Medicine/PCP: No frequency,Unknown,Unknown,Likely Open – recent MMC visit,Cross-sell: make a direct spine ask,Matched,"Score = referral 48 + specialty 4 + visit context 3 + reachability 2 + data 2. Unique provider first + last; Exact provider name Patient counts are distinct attributed B2B records, not confirmed kept visits."
152,34,59,Tier 2,Wave 2,Ortho Referrer,Ortho / Cross-Sell,Corewell Health Wayne Hospital Internal Medicine - Canton,1c7828ed-eebc-45ad-a838-28fbb2264e48,"7330 N CANTON CENTER RD STE 209, CANTON, MI, 48187",PCP,Internal Medicine/PCP,Other – CANTON,Jasmine,Deterministically matched,"Bandri, Raghunath; Go MD, Lily",0,5,0,5,,2026-06-22 00:00:00,2026-05-13 00:00:00,40,20,Strong,Ortho-to-Spine Cross-Sell,Current Core Baseline,1,1,2,4,12,3,2026-07-02 00:00:00,44,21,Internal Medicine/PCP: No frequency,Unknown,Unknown,Likely Open – recent MMC visit,Cross-sell: make a direct spine ask,Matched,"Score = referral 48 + specialty 4 + visit context 3 + reachability 2 + data 2. Exact provider name Patient counts are distinct attributed B2B records, not confirmed kept visits."
153,35,59,Tier 2,Wave 2,Ortho Referrer,Ortho / Cross-Sell,Office of Robert Brateman,1548224769,"40015 Grand River Ave, ste 100, Novi, Michigan, 48375",PCP,Internal Medicine/PCP,Other – Novi,Jasmine,Deterministically matched,"Brateman MD, Robert",0,5,0,5,,2026-06-16 00:00:00,2026-05-05 00:00:00,42,42,Moderate,Ortho-to-Spine Cross-Sell,Current Core Baseline,1,1,2,4,8,2,2026-06-23 00:00:00,50,21,Internal Medicine/PCP: No frequency,Unknown,Unknown,Likely Open – recent MMC visit,Cross-sell: make a direct spine ask,Matched,"Score = referral 48 + specialty 4 + visit context 3 + reachability 2 + data 2. Exact provider name Patient counts are distinct attributed B2B records, not confirmed kept visits."
154,37,59,Tier 2,Wave 2,Ortho Referrer,Ortho / Cross-Sell,Shaun Jayakar MD,f56a8949-cb8d-4abd-8405-0a939eec72d2,"21610 9 Mile Rd, St Clair Shores, MI, 48080",PCP,Internal Medicine/PCP,Other – St Clair Shores,Coty,Deterministically matched,"Jayakar MD, Shaun; Jayakar MD, Shaun M",0,6,0,6,,2026-07-08 00:00:00,2026-06-11 00:00:00,27,20.5,Strong,Ortho-to-Spine Cross-Sell,Current Core Baseline,1,3,4,8,24,3,2026-07-09 00:00:00,17,21,Internal Medicine/PCP: No frequency,Unknown,Unknown,Likely Open – recent MMC visit,Cross-sell: make a direct spine ask,Matched,"Score = referral 48 + specialty 4 + visit context 3 + reachability 2 + data 2. Unique provider first + last; Exact provider name Patient counts are distinct attributed B2B records, not confirmed kept visits."
155,83,58,Tier 2,Wave 2,Ortho Referrer,Ortho / Cross-Sell,Internal Medicine & Primary Care Specialists- 1010,1184660490,"2300 Haggerty Road, ste 1010, West Bloomfield, MI, 48323",PCP,Internal Medicine/PCP,Other – West Bloomfield,Kristen,Deterministically matched,"Dell MD, Lawrence; Rosenbaum DO, Eric; WEST PA, RACHEL; West PA, Rachel",0,4,0,4,,2026-07-06 00:00:00,2026-05-07 00:00:00,60,30.5,Strong,Ortho-to-Spine Cross-Sell,Outside Core Baseline,0,0,2,4,27,14,2026-05-07 00:00:00,3,21,Internal Medicine/PCP: No frequency,Unknown,Unknown,Likely Open – recent MMC visit,Cross-sell: make a direct spine ask,Matched,"Score = referral 48 + specialty 4 + visit context 2 + reachability 2 + data 2. Exact provider name Patient counts are distinct attributed B2B records, not confirmed kept visits."
156,84,58,Tier 2,Wave 2,Ortho Referrer,Ortho / Cross-Sell,Legacy Family Medicine,1558340356,"35429 Schoenherr Rd, Sterling Heights, MI, 48312",PCP,Internal Medicine/PCP,Sterling Heights,Kristen,Deterministically matched,"Sayegh DO, Anthony",0,4,0,4,,2026-06-05 00:00:00,2026-04-03 00:00:00,63,62.5,Moderate,Ortho-to-Spine Cross-Sell,Current Core Baseline,1,1,1,3,6,2,2026-06-22 00:00:00,76.5,21,Internal Medicine/PCP: No frequency,Unknown,Unknown,Likely Open – recent MMC visit,Cross-sell: make a direct spine ask,Matched,"Score = referral 48 + specialty 4 + visit context 2 + reachability 2 + data 2. Exact provider name Patient counts are distinct attributed B2B records, not confirmed kept visits."
157,85,58,Tier 2,Wave 2,Ortho Referrer,Ortho / Cross-Sell,Primal Recovery and PT,d7144e2d-aac6-4f68-a775-78db28d6b445,"36600 Plymouth Road, Livonia, Michigan, 48150",PT,Physical Therapy; Sports Facilities,Livonia,Kristen,Deterministically matched,"Nolff DPT, Spencer",0,4,0,4,,2026-05-26 00:00:00,2026-04-24 00:00:00,32,28.5,Moderate,Ortho-to-Spine Cross-Sell,Current Core Baseline,1,1,2,3,6,2,2026-06-30 00:00:00,77.5,21,Physical Therapy: No frequency;Sports Facilities: No frequency,Unknown,Unknown,Likely Open – recent MMC visit,Cross-sell: make a direct spine ask,Matched,"Score = referral 48 + specialty 3 + visit context 3 + reachability 2 + data 2. Exact provider name Patient counts are distinct attributed B2B records, not confirmed kept visits."
158,86,57,Tier 2,Wave 2,Ortho Referrer,Ortho / Cross-Sell,Patrick Kut MD PC,eca14fb7-48cb-4968-b258-b97a854b34c1,"1985 Gratiot Boulevard, Marysville, Michigan, 48040",PCP,Internal Medicine/PCP,Other – Marysville,Kristen,Deterministically matched,"Kut MD, Patrick",0,4,0,4,,2026-06-18 00:00:00,2026-05-05 00:00:00,44,27,Weak,Ortho-to-Spine Cross-Sell,Outside Core Baseline,0,0,1,3,3,2,2026-05-05 00:00:00,56.5,21,Internal Medicine/PCP: No frequency,Unknown,Unknown,Likely Open – recent MMC visit,Cross-sell: make a direct spine ask,Matched,"Score = referral 48 + specialty 4 + visit context 1 + reachability 2 + data 2. Exact provider name Patient counts are distinct attributed B2B records, not confirmed kept visits."
159,87,57,Tier 2,Wave 2,Ortho Referrer,Ortho / Cross-Sell,"PRAVEEN MODI, MD, PC",63a72095-741a-43fe-b865-a1f6398ee484,"9857 N HAGGERTY RD, PLYMOUTH, Michigan, MI 48170",PCP,Kristen Strategic Account; Internal Medicine/PCP,Other – PLYMOUTH,Kristen,Deterministically matched,"Modi MD, Praveen K; Modi, Praveen K",0,9,0,9,,2026-07-06 00:00:00,2026-06-04 00:00:00,32,40,Moderate,Ortho-to-Spine Cross-Sell,Outside Core Baseline,0,1,1,3,6,2,2026-06-04 00:00:00,73,21,Kristen Strategic Account: No frequency;Internal Medicine/PCP: No frequency,Unknown,Unknown,Likely Open – recent MMC visit,Cross-sell: make a direct spine ask,Matched,"Score = referral 48 + specialty 4 + visit context 1 + reachability 2 + data 2. Unique provider first + last Patient counts are distinct attributed B2B records, not confirmed kept visits."
160,88,57,Tier 2,Wave 2,Ortho Referrer,Ortho / Cross-Sell,Premier Pediatrics Dearborn Heights,bb55a71e-e12b-49be-9449-435cdc38cca4,"22318 Ford Road, Dearborn Heights, Michigan, 48127",Pediatrics,Pediatrician,Other – Dearborn Heights,Kristen,Deterministically matched,"HAMAMEH DO,  MAZEN",0,4,0,4,,2026-05-29 00:00:00,2026-04-06 00:00:00,53,26,Strong,Ortho-to-Spine Cross-Sell,Outside Core Baseline,1,1,1,3,12,4,2026-06-30 00:00:00,86.5,21,Pediatrician: No frequency,Unknown,Unknown,Likely Open – recent MMC visit,Cross-sell: make a direct spine ask,Matched,"Score = referral 48 + specialty 3 + visit context 2 + reachability 2 + data 2. Exact provider name Patient counts are distinct attributed B2B records, not confirmed kept visits."
161,89,56,Tier 2,Wave 2,Ortho Referrer,Ortho / Cross-Sell,SUNNY PEDIATRICS AND FAMILY,2f39cd70-3e7f-4323-8222-52b01a24c007,"5820 N CANTON CENTER RD STE 186, CANTON, Michigan",Pediatrics,Pediatrician,Other – CANTON,Kristen,Deterministically matched,"Raj MD, Navin; Raj, Navin; Syed MD, Sana",0,7,0,7,,2026-07-09 00:00:00,2026-05-20 00:00:00,50,56,Weak,Ortho-to-Spine Cross-Sell,Outside Core Baseline,0,0,1,2,4,2,2026-05-20 00:00:00,86,21,Pediatrician: No frequency,Unknown,Unknown,Likely Open – recent MMC visit,Cross-sell: make a direct spine ask,Matched,"Score = referral 48 + specialty 3 + visit context 1 + reachability 2 + data 2. Exact provider name Patient counts are distinct attributed B2B records, not confirmed kept visits."
162,90,55,Tier 2,Wave 2,Ortho Referrer,Ortho / Cross-Sell,Souva PT and Performance,ff1e6dda-d122-4127-b4fe-e380950051e4,"51220 Van Dyke Ave Shelby Township, Michigan, 48316",PT,Physical Therapy; Sports Facilities,Other,Kristen,Deterministically matched,"Jake Souva DPT; Souva DPT, Jake; Souva PT, Jake",0,6,0,6,,2026-05-26 00:00:00,2026-04-08 00:00:00,48,52,Weak,Ortho-to-Spine Cross-Sell,Current Core Baseline,1,1,1,3,3,1,2026-06-22 00:00:00,75,21,Physical Therapy: No frequency;Sports Facilities: No frequency,Unknown,Unknown,Likely Open – recent MMC visit,Cross-sell: make a direct spine ask,Matched,"Score = referral 48 + specialty 3 + visit context 2 + reachability 1 + data 1. Exact provider name Patient counts are distinct attributed B2B records, not confirmed kept visits."
163,91,53,Tier 2,Wave 2,Ortho Referrer,Ortho / Cross-Sell,Cornerstone St. Clair Internists,cc9cf66d-2e3c-4e56-9aeb-85ba4b7e600c,"45640 Schoenherr Rd, Shelby Township, Michigan, 48315",PCP,Kristen Strategic Account; Internal Medicine/PCP,Other – Shelby Township,Kristen,Deterministically matched,"Dukaj MD, Mark; Eastes, Bryan",0,3,0,3,,2026-06-01 00:00:00,2026-05-12 00:00:00,20,17,Strong,Ortho-to-Spine Cross-Sell,Current Core Baseline,1,1,2,4,12,3,2026-06-22 00:00:00,41,21,Kristen Strategic Account: No frequency;Internal Medicine/PCP: No frequency,Unknown,Unknown,Likely Open – recent MMC visit,Cross-sell: make a direct spine ask,Matched,"Score = referral 42 + specialty 4 + visit context 3 + reachability 2 + data 2. Exact provider name Patient counts are distinct attributed B2B records, not confirmed kept visits."
164,92,53,Tier 2,Wave 2,Ortho Referrer,Ortho / Cross-Sell,Dr. Carley and Associates,045c37c9-22cf-4959-b217-ecbbf986a60c,"1943 Holland Ave, Port Huron, Michigan, 48060",PCP,Internal Medicine/PCP,Port Huron,Kristen,Deterministically matched,"Stromberg MD, Reid",0,2,0,2,,2026-05-14 00:00:00,2026-05-05 00:00:00,9,7.5,Strong,Ortho-to-Spine Cross-Sell,Current Core Baseline,1,1,2,3,15,5,2026-06-25 00:00:00,70,21,Internal Medicine/PCP: No frequency,Unknown,Unknown,Likely Open – recent MMC visit,Cross-sell: make a direct spine ask,Matched,"Score = referral 42 + specialty 4 + visit context 3 + reachability 2 + data 2. Exact provider name Patient counts are distinct attributed B2B records, not confirmed kept visits."
165,93,53,Tier 2,Wave 2,Ortho Referrer,Ortho / Cross-Sell,Grosse Pointe Physicians and Surgeons,8c2316fd-41e0-4fe5-b02a-8a481768ec08,"17000 Kercheval Ave suite 205, Grosse Pointe, Michigan, 48230",PCP,Internal Medicine/PCP,Other – Grosse Pointe,Kristen,Deterministically matched,"KOTSIS DO, ANDREW",0,2,0,2,,2026-04-08 00:00:00,2026-01-28 00:00:00,70,41.5,Strong,Ortho-to-Spine Cross-Sell,Current Core Baseline,1,1,2,3,15,5,2026-07-07 00:00:00,80,21,Internal Medicine/PCP: No frequency,Unknown,Unknown,Likely Open – recent MMC visit,Cross-sell: make a direct spine ask,Matched,"Score = referral 42 + specialty 4 + visit context 3 + reachability 2 + data 2. Exact provider name Patient counts are distinct attributed B2B records, not confirmed kept visits."
166,94,53,Tier 2,Wave 2,Ortho Referrer,Ortho / Cross-Sell,Internal Medicine Associates Port Huron,8afa43db-e543-40bf-9328-2479a24606d8,"1201 Stone St suite 5, Port Huron, Michigan, 48060",PCP,Internal Medicine/PCP,Port Huron,Kristen,Deterministically matched,"Hajjar MD, Riad Robert; Saeed, Sajjad",0,2,0,2,,2026-05-06 00:00:00,2026-05-05 00:00:00,1,18,Strong,Ortho-to-Spine Cross-Sell,Current Core Baseline,1,1,2,3,15,5,2026-06-25 00:00:00,70,21,Internal Medicine/PCP: No frequency,Unknown,Unknown,Likely Open – recent MMC visit,Cross-sell: make a direct spine ask,Matched,"Score = referral 42 + specialty 4 + visit context 3 + reachability 2 + data 2. Unique provider first + last; Exact provider name Patient counts are distinct attributed B2B records, not confirmed kept visits."
167,95,53,Tier 2,Wave 2,Ortho Referrer,Ortho / Cross-Sell,iTest Health Family Medicine,2217eb9b-1f7c-434b-9c5f-77ebd185fb7c,"14700 Farmington Rd suite 105, Livonia, Michigan, 48154",PCP,Internal Medicine/PCP,Livonia,Kristen,Deterministically matched,"Bartell MD, Stacey",0,2,0,2,,2026-05-21 00:00:00,2026-04-24 00:00:00,27,50,Moderate,Ortho-to-Spine Cross-Sell,Current Core Baseline,1,1,2,3,6,2,2026-06-29 00:00:00,76.5,21,Internal Medicine/PCP: No frequency,Unknown,Unknown,Likely Open – recent MMC visit,Cross-sell: make a direct spine ask,Matched,"Score = referral 42 + specialty 4 + visit context 3 + reachability 2 + data 2. Exact provider name Patient counts are distinct attributed B2B records, not confirmed kept visits."
168,96,53,Tier 2,Wave 2,Ortho Referrer,Ortho / Cross-Sell,Trinity IHA Primary Care - Schoolcraft Campus,4b1cacba-85fb-4f63-8660-c3314cf72677,"19000 St Joe's Pkwy suite 200, Livonia, Michigan, 48152",PCP,Internal Medicine/PCP,Livonia,Kristen,Deterministically matched,"Klink DO, Michelle; Shih DO, Jenny",0,3,0,3,,2026-06-29 00:00:00,2026-04-24 00:00:00,66,56,Strong,Ortho-to-Spine Cross-Sell,Current Core Baseline,1,1,2,3,30,10,2026-06-30 00:00:00,77,21,Internal Medicine/PCP: No frequency,Unknown,Unknown,Likely Open – recent MMC visit,Cross-sell: make a direct spine ask,Matched,"Score = referral 42 + specialty 4 + visit context 3 + reachability 2 + data 2. Exact provider name Patient counts are distinct attributed B2B records, not confirmed kept visits."
169,36,53,Tier 2,Wave 2,Ortho Referrer,Ortho / Cross-Sell,Dedicated senior Medical Center Detroit North,85d28577-5be8-4372-8c7e-9a349c62e50d,"20001 West Seven Mile Road, Detroit, Michigan, 48219",PCP,Internal Medicine/PCP,Other – Detroit,Jasmine,Deterministically matched,"Molteni, Sandra L",0,3,1,4,,2026-06-03 00:00:00,2026-05-21 00:00:00,13,7,Strong,Ortho-to-Spine Cross-Sell,Current Core Baseline,3,6,7,17,79,5,2026-07-08 00:00:00,8,21,Internal Medicine/PCP: No frequency,Unknown,Unknown,Likely Open – recent MMC visit,Cross-sell: make a direct spine ask,Matched,"Score = referral 42 + specialty 4 + visit context 3 + reachability 2 + data 2. Unique provider first + last Patient counts are distinct attributed B2B records, not confirmed kept visits."
170,37,53,Tier 2,Wave 2,Ortho Referrer,Ortho / Cross-Sell,Freedom Medical Clinic (Trinity),e0d8c74a-31fe-4da6-9aa4-6a2357088b6a,"20206 Farmington Rd, Livonia, MI, 48152",PCP,Internal Medicine/PCP,Livonia,Jasmine,Deterministically matched,"Bickle DO, Randall A; Reddy MD, Trishya",0,2,1,3,,2026-06-18 00:00:00,2026-05-27 00:00:00,22,22,Strong,Ortho-to-Spine Cross-Sell,Current Core Baseline,1,2,2,4,30,9,2026-06-24 00:00:00,49,21,Internal Medicine/PCP: No frequency,Unknown,Unknown,Likely Open – recent MMC visit,Cross-sell: make a direct spine ask,Matched,"Score = referral 42 + specialty 4 + visit context 3 + reachability 2 + data 2. Exact provider name; Unique provider first + last Patient counts are distinct attributed B2B records, not confirmed kept visits."
171,38,53,Tier 2,Wave 2,Ortho Referrer,Ortho / Cross-Sell,WEST OAKLAND INTERNISTS,b9dc6f52-5aa2-459e-98a8-79b4da67dc8a,"44000 W 12 MILE RD STE 200, NOVI, MI, 48377",PCP,Internal Medicine/PCP,Other – NOVI,Jasmine,Deterministically matched,"Preston MD, Stafford; Terrio MD, Bruce; Wehbe DO, Nabil",0,2,5,7,,2026-06-01 00:00:00,2026-04-28 00:00:00,34,7,Strong,Ortho-to-Spine Cross-Sell,Current Core Baseline,1,2,3,6,25,5,2026-07-10 00:00:00,36,21,Internal Medicine/PCP: No frequency,Unknown,Unknown,Likely Open – recent MMC visit,Cross-sell: make a direct spine ask,Matched,"Score = referral 42 + specialty 4 + visit context 3 + reachability 2 + data 2. Exact provider name Patient counts are distinct attributed B2B records, not confirmed kept visits."
172,39,53,Tier 2,Wave 2,Ortho Referrer,Ortho / Cross-Sell,Western Wayne Physicians - Livonia,c6f8c7f7-2386-4788-9102-c4f9ebda94b8,"15160 Levan Rd, Livonia, Michigan, 48154",PCP,Internal Medicine/PCP,Livonia,Jasmine,Deterministically matched,"Schmidt MD, Tamara",0,2,0,2,,2026-03-30 00:00:00,2026-03-03 00:00:00,27,15,Strong,Ortho-to-Spine Cross-Sell,Current Core Baseline,1,2,2,4,16,4,2026-07-09 00:00:00,46,21,Internal Medicine/PCP: No frequency,Unknown,Unknown,Likely Open – recent MMC visit,Cross-sell: make a direct spine ask,Matched,"Score = referral 42 + specialty 4 + visit context 3 + reachability 2 + data 2. Exact provider name Patient counts are distinct attributed B2B records, not confirmed kept visits."
173,38,53,Tier 2,Wave 2,Ortho Referrer,Ortho / Cross-Sell,Henry Ford Health Medical Center (Ascension),3a5cf92c-ae21-4227-96ec-08c2968a5939,"24911 Little Mack Ave Ste C, St. Clair Shores, Michigan, 48080",PCP,Internal Medicine/PCP,Other – St. Clair Shores,Coty,Deterministically matched,"Farhat MD, Anna; Murphy MD, Mary E",0,3,0,3,,2026-06-29 00:00:00,2026-06-18 00:00:00,11,11,Strong,Ortho-to-Spine Cross-Sell,Current Core Baseline,1,1,2,4,36,9,2026-06-18 00:00:00,52,21,Internal Medicine/PCP: No frequency,Unknown,Unknown,Likely Open – recent MMC visit,Cross-sell: make a direct spine ask,Matched,"Score = referral 42 + specialty 4 + visit context 3 + reachability 2 + data 2. Unique provider first + last; Exact provider name Patient counts are distinct attributed B2B records, not confirmed kept visits."
174,39,53,Tier 2,Wave 2,Ortho Referrer,Ortho / Cross-Sell,Lakeside Internal Medicine,1c5c4e69-60f0-4d66-a3ee-9a33e818a99b,"21000 Twelve Mile Rd Suite 105, St Clair Shores, Michigan, 48081",PCP,Internal Medicine/PCP,Other – St Clair Shores,Coty,Deterministically matched,"Skardarasy MD, Charles",0,3,0,3,,2026-03-10 00:00:00,2026-02-20 00:00:00,18,22,Strong,Ortho-to-Spine Cross-Sell,Current Core Baseline,1,1,2,5,38,8,2026-07-09 00:00:00,40.5,21,Internal Medicine/PCP: No frequency,Unknown,Unknown,Likely Open – recent MMC visit,Cross-sell: make a direct spine ask,Matched,"Score = referral 42 + specialty 4 + visit context 3 + reachability 2 + data 2. Exact provider name Patient counts are distinct attributed B2B records, not confirmed kept visits."
175,97,52,Tier 2,Wave 2,Ortho Referrer,Ortho / Cross-Sell,Silver Pine Medical Group - Sterling Heights,cac69af6-f814-4339-a4f4-d8cd7112ec3c,"43455 Schoenherr Rd ste 2, Sterling Heights, Michigan, 48313",PCP,Kristen Strategic Account; Internal Medicine/PCP,Sterling Heights,Kristen,Deterministically matched,"Hichme MD, Jennifer L; Thibault MD, Steven J",0,2,1,3,,2026-05-05 00:00:00,2026-04-03 00:00:00,32,32,Strong,Ortho-to-Spine Cross-Sell,Current Core Baseline,1,1,1,3,117,40,2026-06-22 00:00:00,76.5,21,Kristen Strategic Account: No frequency;Internal Medicine/PCP: No frequency,Unknown,Unknown,Likely Open – recent MMC visit,Cross-sell: make a direct spine ask,Matched,"Score = referral 42 + specialty 4 + visit context 2 + reachability 2 + data 2. Unique provider first + last Patient counts are distinct attributed B2B records, not confirmed kept visits."
176,98,52,Tier 2,Wave 2,Ortho Referrer,Ortho / Cross-Sell,Sterling Family Medicine,1598941148,"2539 E 12 Mile Rd, Warren, MI, 48092",PCP,Internal Medicine/PCP,Other – Warren,Kristen,Deterministically matched,"Bolukh MD, Oleh",0,2,0,2,,2026-05-13 00:00:00,2026-04-29 00:00:00,14,36.5,Moderate,Ortho-to-Spine Cross-Sell,Current Core Baseline,1,1,2,3,3,1,2026-07-13 00:00:00,80.5,21,Internal Medicine/PCP: No frequency,Unknown,Unknown,Likely Open – recent MMC visit,Cross-sell: make a direct spine ask,Matched,"Score = referral 42 + specialty 4 + visit context 3 + reachability 1 + data 2. Exact provider name Patient counts are distinct attributed B2B records, not confirmed kept visits."
177,40,52,Tier 2,Wave 2,Ortho Referrer,Ortho / Cross-Sell,BN Nandish MD,4dee089f-61d1-4d13-9fca-62b8d8ffc312,"14555 Levan Rd suite 308, Livonia, Michigan, 48154",PCP,Internal Medicine/PCP,Livonia,Jasmine,Deterministically matched,"Nandish MD, Banathally N",0,2,0,2,,2026-04-03 00:00:00,2026-03-03 00:00:00,31,17,Moderate,Ortho-to-Spine Cross-Sell,Current Core Baseline,1,2,2,4,4,1,2026-07-09 00:00:00,46,21,Internal Medicine/PCP: No frequency,Unknown,Unknown,Likely Open – recent MMC visit,Cross-sell: make a direct spine ask,Matched,"Score = referral 42 + specialty 4 + visit context 3 + reachability 1 + data 2. Unique provider first + last Patient counts are distinct attributed B2B records, not confirmed kept visits."
178,41,52,Tier 2,Wave 2,Ortho Referrer,Ortho / Cross-Sell,IHA Plymouth Primary Care,92cc3682-defe-42ff-8ccd-0ff138c12b77,"990 w Ann Arbor trail, ste 208, PLYMOUTH, Michigan, 48170",PCP,Internal Medicine/PCP,Other – PLYMOUTH,Jasmine,Deterministically matched,"KOHLENBERG MD, MATTHEW; Lumley DO, Lauren; Schmehl DO, Ashley",0,3,1,4,,2026-05-21 00:00:00,2026-04-10 00:00:00,41,24.5,Strong,Ortho-to-Spine Cross-Sell,Current Core Baseline,1,1,1,4,44,11,2026-07-13 00:00:00,50,21,Internal Medicine/PCP: No frequency,Unknown,Unknown,Likely Open – recent MMC visit,Cross-sell: make a direct spine ask,Matched,"Score = referral 42 + specialty 4 + visit context 2 + reachability 2 + data 2. Exact provider name Patient counts are distinct attributed B2B records, not confirmed kept visits."
179,42,52,Tier 2,Wave 2,Ortho Referrer,Ortho / Cross-Sell,Office of Robert Vartabedian MD,a3906606-5f95-4b86-b5ca-235186bdde34,"990 W Ann Arbor Trail suite 104, Plymouth, Michigan, 48170",PCP,Internal Medicine/PCP,Other – Plymouth,Jasmine,Deterministically matched,"Vartabedian MD, Robert",0,2,0,2,,2026-06-19 00:00:00,2026-04-14 00:00:00,66,60.5,Moderate,Ortho-to-Spine Cross-Sell,Current Core Baseline,1,1,1,5,10,2,2026-06-22 00:00:00,36,21,60 days; Internal Medicine/PCP: No frequency,Up to date,Unknown,Likely Open – recent MMC visit,Cross-sell: make a direct spine ask,Matched,"Score = referral 42 + specialty 4 + visit context 2 + reachability 2 + data 2. Exact provider name Patient counts are distinct attributed B2B records, not confirmed kept visits."
180,40,52,Tier 2,Wave 2,Ortho Referrer,Ortho / Cross-Sell,Progressive Health Care,1790797207,"2635 Coolidge Hwy, Berkley, MI, 48072",PCP,Internal Medicine/PCP,Other – Berkley,Coty,Deterministically matched,"Haroutunian DO, Michael",0,2,0,2,,2026-05-14 00:00:00,2026-04-21 00:00:00,23,16.5,Strong,Ortho-to-Spine Cross-Sell,Outside Core Baseline,0,2,2,4,16,4,2026-06-17 00:00:00,27,21,Internal Medicine/PCP: No frequency,Unknown,Unknown,Likely Open – recent MMC visit,Cross-sell: make a direct spine ask,Matched,"Score = referral 42 + specialty 4 + visit context 2 + reachability 2 + data 2. Exact provider name Patient counts are distinct attributed B2B records, not confirmed kept visits."
181,99,51,Tier 2,Wave 2,Ortho Referrer,Ortho / Cross-Sell,ASCENSION MEDICAL GROUP PROVIDENCE FAMILY AND ATHLETIC MEDICINE,2a800701-496e-4bcf-b305-aa1a21a3c7ef,"26750 PROVIDENCE PKWY STE 210, NOVI, MI, 48374",PCP,Internal Medicine/PCP,Other – NOVI,Kristen,Deterministically matched,"Balmaseda, Paolo Nino; Cibor DO, Gregory; Peck MD, David",0,2,1,3,,2026-06-24 00:00:00,2026-06-01 00:00:00,23,23,Strong,Ortho-to-Spine Cross-Sell,Outside Core Baseline,0,1,1,3,15,5,2026-06-01 00:00:00,71.5,21,Internal Medicine/PCP: No frequency,Unknown,Unknown,Likely Open – recent MMC visit,Cross-sell: make a direct spine ask,Matched,"Score = referral 42 + specialty 4 + visit context 1 + reachability 2 + data 2. Exact provider name; Unique provider first + last + referral PL owner Patient counts are distinct attributed B2B records, not confirmed kept visits."
182,100,51,Tier 2,Wave 2,Ortho Referrer,Ortho / Cross-Sell,BEAUMONT FAMILY MEDICINE WESTLAND,45376ca8-4cd3-43e5-945d-5f6309bac752,"2001 S MERRIMAN RD STE 100, WESTLAND, Michigan",PCP,Internal Medicine/PCP,Other – WESTLAND,Kristen,Deterministically matched,"Drewry MD, Tyler; Lewan DO, Elizabeth Ann",0,3,0,3,,2026-07-10 00:00:00,2026-06-05 00:00:00,35,35,Strong,Ortho-to-Spine Cross-Sell,Outside Core Baseline,0,1,1,3,30,10,2026-06-05 00:00:00,75.5,21,Internal Medicine/PCP: No frequency,Unknown,Unknown,Likely Open – recent MMC visit,Cross-sell: make a direct spine ask,Matched,"Score = referral 42 + specialty 4 + visit context 1 + reachability 2 + data 2. Unique provider first + last Patient counts are distinct attributed B2B records, not confirmed kept visits."
183,101,51,Tier 2,Wave 2,Ortho Referrer,Ortho / Cross-Sell,Blue Water Internal Medicine PC,a086480a-231f-4bcb-9889-891475aa37b8,"1210 10th Avenue, Port Huron, Michigan, 48060",PCP,Internal Medicine/PCP,Port Huron,Kristen,Deterministically matched,"Daher MD, Emad",0,2,0,2,,2026-03-03 00:00:00,2026-01-29 00:00:00,33,19.5,Moderate,Ortho-to-Spine Cross-Sell,Outside Core Baseline,0,1,1,3,9,3,2026-06-16 00:00:00,69,21,Internal Medicine/PCP: No frequency,Unknown,Unknown,Likely Open – recent MMC visit,Cross-sell: make a direct spine ask,Matched,"Score = referral 42 + specialty 4 + visit context 1 + reachability 2 + data 2. Exact provider name Patient counts are distinct attributed B2B records, not confirmed kept visits."
184,102,51,Tier 2,Wave 2,Ortho Referrer,Ortho / Cross-Sell,Corewell Health Family Medicine - Farmington Hills,f4e08b14-ec91-4b48-b82c-2c7f762bf721,"29645 W 14 mile rd, ste 110, FARMINGTON HILLS, Michigan, 48334",PCP,Internal Medicine/PCP,Other – FARMINGTON HILLS,Kristen,Deterministically matched,"Farah MD, RENEE; Farah MD, Renee; Farah MD, Renee Afram; Johnson MD, Valerie",0,3,1,4,,2026-06-19 00:00:00,2026-05-08 00:00:00,42,46,Moderate,Ortho-to-Spine Cross-Sell,Outside Core Baseline,0,0,1,2,8,5,2026-05-08 00:00:00,81,21,Internal Medicine/PCP: No frequency,Unknown,Unknown,Likely Open – recent MMC visit,Cross-sell: make a direct spine ask,Matched,"Score = referral 42 + specialty 4 + visit context 1 + reachability 2 + data 2. Exact provider name; Unique provider first + last Patient counts are distinct attributed B2B records, not confirmed kept visits."
185,103,51,Tier 2,Wave 2,Ortho Referrer,Ortho / Cross-Sell,Corewell Health Farmington Hills Hospital Family Medicine,3edb39b0-eee8-436d-b215-e28e186500be,"28100 GRAND RIVER AVE STE 313, FARMINGTON HILLS, Michigan",PCP,Internal Medicine/PCP,Other – FARMINGTON HILLS,Kristen,Deterministically matched,"Craib DO, Annie; Sebastian DO, Matthew",0,3,1,4,,2026-04-13 00:00:00,2026-02-18 00:00:00,54,59,Moderate,Ortho-to-Spine Cross-Sell,Outside Core Baseline,0,0,1,2,8,4,2026-05-13 00:00:00,84,21,Internal Medicine/PCP: No frequency,Unknown,Unknown,Likely Open – recent MMC visit,Cross-sell: make a direct spine ask,Matched,"Score = referral 42 + specialty 4 + visit context 1 + reachability 2 + data 2. Exact provider name Patient counts are distinct attributed B2B records, not confirmed kept visits."
186,104,51,Tier 2,Wave 2,Ortho Referrer,Ortho / Cross-Sell,Corewell Health Urgent Care - Garden City,7db80555-4d31-47b0-904c-cd43fb08b2ee,"6200 Middlebelt Road, Garden City, Michigan, 48135",Urgent Care,Urgent Cares,Other – Garden City,Kristen,Deterministically matched,Corewell UC Garden City; Corewell Urgent Care Garden City,0,2,1,3,,2026-06-22 00:00:00,2026-06-05 00:00:00,17,17,Moderate,Ortho-to-Spine Cross-Sell,Outside Core Baseline,0,1,1,3,11,4,2026-06-05 00:00:00,75.5,21,Urgent Cares: No frequency,Unknown,Unknown,Likely Open – recent MMC visit,Cross-sell: make a direct spine ask,Matched,"Score = referral 42 + specialty 4 + visit context 1 + reachability 2 + data 2. Reviewed source alias Patient counts are distinct attributed B2B records, not confirmed kept visits."
187,105,51,Tier 2,Wave 2,Ortho Referrer,Ortho / Cross-Sell,Corewell Urgent Care - Allen Park,5090dcdb-4928-46db-ad3f-6b5e013d2d53,"5606 Southfield Road, Allen Park, Michigan, 48101",Urgent Care,Urgent Cares,Other – Allen Park,Kristen,Deterministically matched,COREWELL UC ALLEN PARK; Corewell Urgent Care Allen Park,0,2,0,2,,2026-05-26 00:00:00,2026-05-01 00:00:00,25,54.5,Weak,Ortho-to-Spine Cross-Sell,Outside Core Baseline,0,0,1,2,4,2,2026-05-01 00:00:00,87,21,Urgent Cares: No frequency,Unknown,Unknown,Likely Open – recent MMC visit,Cross-sell: make a direct spine ask,Matched,"Score = referral 42 + specialty 4 + visit context 1 + reachability 2 + data 2. Exact company name Patient counts are distinct attributed B2B records, not confirmed kept visits."
188,106,51,Tier 2,Wave 2,Ortho Referrer,Ortho / Cross-Sell,"FAMILY MEDICINE, PC",e81bc37f-2055-4c48-8e89-e2bca87d2f73,"29255 NORTHWESTERN HWY STE 203, SOUTHFIELD, Michigan",PCP,Internal Medicine/PCP,Southfield,Kristen,Deterministically matched,"Tobar DO, Rodrigo",0,2,0,2,,2026-05-08 00:00:00,2026-03-04 00:00:00,65,40,Weak,Ortho-to-Spine Cross-Sell,Outside Core Baseline,0,1,1,2,4,2,2026-05-27 00:00:00,84,21,Internal Medicine/PCP: No frequency,Unknown,Unknown,Likely Open – recent MMC visit,Cross-sell: make a direct spine ask,Matched,"Score = referral 42 + specialty 4 + visit context 1 + reachability 2 + data 2. Exact provider name Patient counts are distinct attributed B2B records, not confirmed kept visits."
189,107,51,Tier 2,Wave 2,Ortho Referrer,Ortho / Cross-Sell,Haller and Hug Internal Medicine,9019b0af-745f-41ea-a4ab-4e72321359d9,"27555 Farmington Rd suite 120, Farmington Hills, Michigan, 48334",PCP,Internal Medicine/PCP,Other – Farmington Hills,Kristen,Deterministically matched,"Haller MD, Jeffrey; Haller, Jeffrey; Molnar MD, Heather",0,2,10,12,,2026-07-09 00:00:00,2026-05-11 00:00:00,59,57,Strong,Ortho-to-Spine Cross-Sell,Outside Core Baseline,0,0,1,2,16,9,2026-05-11 00:00:00,84,21,Internal Medicine/PCP: No frequency,Unknown,Unknown,Likely Open – recent MMC visit,Cross-sell: make a direct spine ask,Matched,"Score = referral 42 + specialty 4 + visit context 1 + reachability 2 + data 2. Exact provider name Patient counts are distinct attributed B2B records, not confirmed kept visits."
190,108,51,Tier 2,Wave 2,Ortho Referrer,Ortho / Cross-Sell,Hamtramck Community Medical Center,a05c84d7-ae44-4f75-a80e-972ce19c5477,"9740 Conant, Hamtramck, Michigan, 48212",PCP,Internal Medicine/PCP,Other – Hamtramck,Kristen,Deterministically matched,"Uddin MD, Redwan",0,2,1,3,,2026-04-09 00:00:00,2026-02-25 00:00:00,43,34,Weak,Ortho-to-Spine Cross-Sell,Outside Core Baseline,0,0,1,2,4,2,2026-05-19 00:00:00,83,21,Internal Medicine/PCP: No frequency,Unknown,Unknown,Likely Open – recent MMC visit,Cross-sell: make a direct spine ask,Matched,"Score = referral 42 + specialty 4 + visit context 1 + reachability 2 + data 2. Exact provider name Patient counts are distinct attributed B2B records, not confirmed kept visits."
191,109,51,Tier 2,Wave 2,Ortho Referrer,Ortho / Cross-Sell,Henry Ford Internal & Family Medicine - Farmington Hills -170,4854db87-cb06-45bd-9c8a-7a3e77cfa827,"30055 Northwestern Hwy suite 170, Farmington Hills, Michigan, 48334",PCP,Internal Medicine/PCP,Other – Farmington Hills,Kristen,Deterministically matched,"Elyas MD, Nahid",0,2,0,2,,2026-04-16 00:00:00,2026-02-16 00:00:00,59,34.5,Weak,Ortho-to-Spine Cross-Sell,Outside Core Baseline,0,0,1,2,4,2,2026-05-08 00:00:00,81,21,Internal Medicine/PCP: No frequency,Unknown,Unknown,Likely Open – recent MMC visit,Cross-sell: make a direct spine ask,Matched,"Score = referral 42 + specialty 4 + visit context 1 + reachability 2 + data 2. Exact provider name Patient counts are distinct attributed B2B records, not confirmed kept visits."
192,110,51,Tier 2,Wave 2,Ortho Referrer,Ortho / Cross-Sell,Ivy Rehab - Novi,df60078e-201f-47fc-b9e3-dea78ab7c916,"43440 W Oaks Dr, Novi, Michigan, 48377",PT,Physical Therapy,Other – Novi,Kristen,Deterministically matched,"Jesser DPT, Emily; Jesser, Emily DPT",0,2,0,2,,2026-07-10 00:00:00,2026-06-01 00:00:00,39,25,Moderate,Ortho-to-Spine Cross-Sell,Outside Core Baseline,0,1,2,2,3,2,2026-06-01 00:00:00,34,21,Physical Therapy: No frequency,Unknown,Unknown,Likely Open – recent MMC visit,Cross-sell: make a direct spine ask,Matched,"Score = referral 42 + specialty 3 + visit context 2 + reachability 2 + data 2. Exact provider name Patient counts are distinct attributed B2B records, not confirmed kept visits."
193,111,51,Tier 2,Wave 2,Ortho Referrer,Ortho / Cross-Sell,MDVip - Southfield,795ab9a0-8c97-4995-83b6-2fe8b10fcf2a,"29275 Northwestern Hwy suite 202, Southfield, Michigan, 48034",PCP,Concierge Physicians,Southfield,Kristen,Deterministically matched,"Lerner DO, Sandra S",0,2,0,2,,2026-05-04 00:00:00,2026-03-04 00:00:00,61,62,Weak,Ortho-to-Spine Cross-Sell,Outside Core Baseline,0,1,1,2,4,2,2026-05-27 00:00:00,84,21,Concierge Physicians: No frequency,Unknown,Unknown,Likely Open – recent MMC visit,Cross-sell: make a direct spine ask,Matched,"Score = referral 42 + specialty 4 + visit context 1 + reachability 2 + data 2. Unique provider first + last Patient counts are distinct attributed B2B records, not confirmed kept visits."
194,112,51,Tier 2,Wave 2,Ortho Referrer,Ortho / Cross-Sell,MHP - West,ad377c20-ff69-40a9-a224-4a5787ab13bb,"6149 North Wayne Road, Westland, Michigan, 48185",PCP,Internal Medicine/PCP,Other – Westland,Kristen,Deterministically matched,"Baroff DO, Stewart",0,3,0,3,,2026-05-14 00:00:00,2026-03-18 00:00:00,57,64,Moderate,Ortho-to-Spine Cross-Sell,Outside Core Baseline,0,1,1,3,6,2,2026-06-05 00:00:00,75.5,21,Internal Medicine/PCP: No frequency,Unknown,Unknown,Likely Open – recent MMC visit,Cross-sell: make a direct spine ask,Matched,"Score = referral 42 + specialty 4 + visit context 1 + reachability 2 + data 2. Exact provider name Patient counts are distinct attributed B2B records, not confirmed kept visits."
195,113,51,Tier 2,Wave 2,Ortho Referrer,Ortho / Cross-Sell,MICHIGAN PREMIER INTERNISTS,8d7b190e-e89f-4b22-b037-7042bcdd7579,"2033 CROOKS RD, ROYAL OAK, MI, 48073",PCP,Internal Medicine/PCP,Other – ROYAL OAK,Kristen,Deterministically matched,"Ostro Brown MD, Helen; Ostro-Brown MD, Helen",0,2,0,2,,2026-06-10 00:00:00,2026-05-21 00:00:00,20,27.5,Moderate,Ortho-to-Spine Cross-Sell,Outside Core Baseline,0,1,1,2,8,4,2026-05-21 00:00:00,83,21,Internal Medicine/PCP: No frequency,Unknown,Unknown,Likely Open – recent MMC visit,Cross-sell: make a direct spine ask,Matched,"Score = referral 42 + specialty 4 + visit context 1 + reachability 2 + data 2. Exact provider name Patient counts are distinct attributed B2B records, not confirmed kept visits."
196,114,51,Tier 2,Wave 2,Ortho Referrer,Ortho / Cross-Sell,Physician HealthCare Network,1134195258,"36267 26 Mile Road, Suite 3, Lenox, MI, 48048",PCP,Kristen Strategic Account; Internal Medicine/PCP,Other – Lenox,Kristen,Deterministically matched,"Cavataio MD, Pietro; Colombo, Antonio",0,2,0,2,,2026-04-21 00:00:00,2026-03-23 00:00:00,29,41,Strong,Ortho-to-Spine Cross-Sell,Outside Core Baseline,0,1,1,3,30,10,2026-06-09 00:00:00,68.5,21,Kristen Strategic Account: No frequency;Internal Medicine/PCP: No frequency,Unknown,Unknown,Likely Open – recent MMC visit,Cross-sell: make a direct spine ask,Matched,"Score = referral 42 + specialty 4 + visit context 1 + reachability 2 + data 2. Exact provider name Patient counts are distinct attributed B2B records, not confirmed kept visits."
197,115,51,Tier 2,Wave 2,Ortho Referrer,Ortho / Cross-Sell,Physician HeathCare Network - Michele Raymond DO,6904e522-5104-4c29-ae02-e787473b0edf,"2425 Military St building 2, Port Huron, Michigan, 48060",PCP,Kristen Strategic Account; Internal Medicine/PCP,Port Huron,Kristen,Deterministically matched,"Raymond DO, Michele L; Sabala NP, Danielle",0,3,0,3,,2026-04-16 00:00:00,2026-04-07 00:00:00,9,21,Moderate,Ortho-to-Spine Cross-Sell,Outside Core Baseline,0,1,1,3,9,3,2026-06-16 00:00:00,69,21,Kristen Strategic Account: No frequency;Internal Medicine/PCP: No frequency,Unknown,Unknown,Likely Open – recent MMC visit,Cross-sell: make a direct spine ask,Matched,"Score = referral 42 + specialty 4 + visit context 1 + reachability 2 + data 2. Exact provider name; Unique provider first + last Patient counts are distinct attributed B2B records, not confirmed kept visits."
198,116,51,Tier 2,Wave 2,Ortho Referrer,Ortho / Cross-Sell,Pryde Athletics and Physical Therapy,70091951-e0bd-42eb-9eb7-c5be5ce88649,"5624 Research Drive, Canton, Michigan, 48188",PT,Kristen Strategic Account; Physical Therapy; Sports Facilities,Other – Canton,Kristen,Deterministically matched,"Martenka DPT, Joe Pryde Athletics; Pickworth DPT, Amanda - Pryde Athletics",0,2,0,2,,2026-03-26 00:00:00,2026-03-10 00:00:00,16,40,Strong,Ortho-to-Spine Cross-Sell,Outside Core Baseline,0,1,3,5,28,7,2026-06-11 00:00:00,20.5,21,Kristen Strategic Account: No frequency;Physical Therapy: No frequency;Sports Facilities: No frequency,Unknown,Unknown,Likely Open – recent MMC visit,Cross-sell: make a direct spine ask,Matched,"Score = referral 42 + specialty 3 + visit context 2 + reachability 2 + data 2. Unique provider first + last Patient counts are distinct attributed B2B records, not confirmed kept visits."
199,117,51,Tier 2,Wave 2,Ortho Referrer,Ortho / Cross-Sell,Superior Family Medicine - Health Venters Detroit -use this onea,49af378b-9c15-4649-815d-958a79af2f84,"23077 Greenfield Rd suite 400, Southfield, Michigan, 48075",PCP,Internal Medicine/PCP,Southfield,Kristen,Deterministically matched,"Haney DO, James",0,2,0,2,,2026-07-09 00:00:00,2026-05-28 00:00:00,42,41.5,Moderate,Ortho-to-Spine Cross-Sell,Outside Core Baseline,0,1,1,2,6,3,2026-05-28 00:00:00,84,21,Internal Medicine/PCP: No frequency,Unknown,Unknown,Likely Open – recent MMC visit,Cross-sell: make a direct spine ask,Matched,"Score = referral 42 + specialty 4 + visit context 1 + reachability 2 + data 2. Exact provider name Patient counts are distinct attributed B2B records, not confirmed kept visits."
200,118,51,Tier 2,Wave 2,Ortho Referrer,Ortho / Cross-Sell,Wadhams Family Care,16b28f94-4956-4a84-8936-0ae7dbe24994,"5312 Lapeer Rd, Kimball, Michigan, 48074",PCP,Internal Medicine/PCP,Other – Kimball,Kristen,Deterministically matched,"James DO, Gary",0,2,0,2,,2026-05-28 00:00:00,2026-05-05 00:00:00,23,29,Moderate,Ortho-to-Spine Cross-Sell,Outside Core Baseline,0,0,1,3,6,3,2026-05-05 00:00:00,56.5,21,Internal Medicine/PCP: No frequency,Unknown,Unknown,Likely Open – recent MMC visit,Cross-sell: make a direct spine ask,Matched,"Score = referral 42 + specialty 4 + visit context 1 + reachability 2 + data 2. Exact provider name Patient counts are distinct attributed B2B records, not confirmed kept visits."
201,43,51,Tier 2,Wave 2,Ortho Referrer,Ortho / Cross-Sell,"IHA, Primary Care - Cherry Hill Village",88f17311-2f10-4d7d-b250-085575fb31c1,"49650 Cherry Hill Rd, Canton, Michigan, 48187",PCP,Internal Medicine/PCP,Other – Canton,Jasmine,Deterministically matched,"Parrinello, Frank; YEE MD, KRISTEN ALEXIS",0,2,0,2,,2026-04-23 00:00:00,2026-03-12 00:00:00,42,34,Strong,Ortho-to-Spine Cross-Sell,Outside Core Baseline,0,1,1,3,36,12,2026-06-02 00:00:00,59.5,21,Internal Medicine/PCP: No frequency,Unknown,Unknown,Likely Open – recent MMC visit,Cross-sell: make a direct spine ask,Matched,"Score = referral 42 + specialty 4 + visit context 1 + reachability 2 + data 2. Exact provider name; Unique provider first + last Patient counts are distinct attributed B2B records, not confirmed kept visits."
202,41,51,Tier 2,Wave 2,Ortho Referrer,Ortho / Cross-Sell,ESSENTIAL CARE FAMILY MEDICINE,131adcde-9fdc-45db-af94-831482a14212,"21603 E 11 MILE RD, SAINT CLAIR SHORES, Michigan",PCP,Internal Medicine/PCP,Other – SAINT CLAIR SHORES,Coty,Deterministically matched,"Koss, Marcus",0,3,0,3,,2026-07-08 00:00:00,2026-06-25 00:00:00,13,88,Weak,Ortho-to-Spine Cross-Sell,Current Core Baseline,1,1,1,4,4,1,2026-06-25 00:00:00,35,21,Internal Medicine/PCP: No frequency,Unknown,Unknown,Likely Open – recent MMC visit,Cross-sell: make a direct spine ask,Matched,"Score = referral 42 + specialty 4 + visit context 2 + reachability 1 + data 2. Exact provider name Patient counts are distinct attributed B2B records, not confirmed kept visits."
203,44,50,Tier 2,Wave 2,Ortho Referrer,Ortho / Cross-Sell,MD VIP - Trenton,0e7f5d40-b8a0-4524-96a4-2229c7d1e5e7,"1570 Kingsway Ct suite 1, Trenton, Michigan, 48183",PCP,Concierge Physicians; Internal Medicine/PCP,Other – Trenton,Jasmine,Deterministically matched,"Bauer MD, Michelle; Fretz DO, Jennifer",0,2,0,2,,2026-06-26 00:00:00,2026-03-17 00:00:00,101,69.5,Weak,Ortho-to-Spine Cross-Sell,Outside Core Baseline,0,0,0,2,4,2,2026-03-17 00:00:00,60,21,Concierge Physicians: No frequency;Internal Medicine/PCP: No frequency,Unknown,Unknown,Likely Open – recent MMC visit,Cross-sell: make a direct spine ask,Matched,"Score = referral 42 + specialty 4 + visit context 0 + reachability 2 + data 2. Exact provider name; Exact provider name + referral PL owner Patient counts are distinct attributed B2B records, not confirmed kept visits."
204,42,50,Tier 2,Wave 2,Ortho Referrer,Ortho / Cross-Sell,Levan Internists,1972528818,"15130 Levan Rd, Livonia, MI, 48154",PCP,Internal Medicine/PCP; Nephrology,Livonia,Coty,Deterministically matched,"Viswanath MD, Talanki",0,2,0,2,,2026-04-30 00:00:00,2026-03-11 00:00:00,50,35.5,Moderate,Ortho-to-Spine Cross-Sell,Outside Core Baseline,0,0,0,1,6,6,2026-03-11 00:00:00,,21,Internal Medicine/PCP: No frequency;Nephrology: 10 days,Past due,Unknown,Likely Open – recent MMC visit,Cross-sell: make a direct spine ask,Matched,"Score = referral 42 + specialty 4 + visit context 0 + reachability 2 + data 2. Exact provider name Patient counts are distinct attributed B2B records, not confirmed kept visits."
205,119,49,Tier 2,Wave 2,Ortho Referrer,Ortho / Cross-Sell,Marko Law,7adfcce2-7d98-4f4d-aaa5-95eb30889397,"220 W Congress St, Detroit, Michigan, 48226",Attorney / Legal,Attorney,Other – Detroit,Kristen,Deterministically matched,Marko Law,0,2,0,2,,2026-05-21 00:00:00,2026-03-26 00:00:00,56,53,Moderate,Ortho-to-Spine Cross-Sell,Outside Core Baseline,0,0,0,10,15,2,2026-03-26 00:00:00,7,21,Attorney: No frequency,Unknown,Unknown,Likely Open – recent MMC visit,Cross-sell: make a direct spine ask,Matched,"Score = referral 42 + specialty 3 + visit context 0 + reachability 2 + data 2. Exact company name Patient counts are distinct attributed B2B records, not confirmed kept visits."
206,45,49,Tier 2,Wave 2,Ortho Referrer,Ortho / Cross-Sell,Michigan Urgent Care - Livonia,1d453948-16d6-4da0-a7d9-80b603bedb9b,"37595 W Seven Mile Rd, Livonia, Michigan, 48152",Orthopedic,Urgent care; Ortho; Urgent Cares,Livonia,Jasmine,Deterministically matched,Michigan Urgent Care - Livonia,0,1,0,1,,2026-01-12 00:00:00,2025-12-15 00:00:00,28,28,Strong,Ortho-to-Spine Cross-Sell,Current Core Baseline,2,2,3,7,21,3,2026-07-16 00:00:00,27.5,21,Urgent care: No frequency;Ortho: No frequency;Urgent Cares: No frequency,Unknown,Unknown,Likely Open – recent MMC visit,Cross-sell: make a direct spine ask,Matched,"Score = referral 37 + specialty 5 + visit context 3 + reachability 2 + data 2. Exact company name Patient counts are distinct attributed B2B records, not confirmed kept visits."
207,46,49,Tier 2,Wave 2,Ortho Referrer,Ortho / Cross-Sell,Primecare of Novi,08777e8a-5ca0-4abd-8ad4-d8f4fbbacc9c,"39555 West 10 Mile Road, Novi, Michigan, 48375",Pain,Pain; Internal Medicine/PCP,Other – Novi,Jasmine,Deterministically matched,"Berman NP, Hannah R",0,1,0,1,,2026-02-09 00:00:00,2025-12-29 00:00:00,42,42,Strong,Ortho-to-Spine Cross-Sell,Current Core Baseline,1,1,2,4,28,7,2026-07-01 00:00:00,43,21,Pain: No frequency;Internal Medicine/PCP: No frequency,Unknown,Unknown,Likely Open – recent MMC visit,Cross-sell: make a direct spine ask,Matched,"Score = referral 37 + specialty 5 + visit context 3 + reachability 2 + data 2. Unique provider first + last Patient counts are distinct attributed B2B records, not confirmed kept visits."
208,47,49,Tier 2,Wave 2,Ortho Referrer,Ortho / Cross-Sell,Trinity IHA Orthopedics - Schoolcraft,e5c5b135-ecad-42bb-bbbc-011dd2c4a225,"19000 St Joe's Pkwy, Livonia, Michigan, 48152",Orthopedic,Ortho,Livonia,Jasmine,Deterministically matched,"Aalderink, Kristopher J",0,1,0,1,,2026-02-02 00:00:00,2025-12-22 00:00:00,42,42,Strong,Ortho-to-Spine Cross-Sell,Current Core Baseline,2,2,3,5,17,4,2026-07-16 00:00:00,35,21,Ortho: No frequency,Unknown,Unknown,Likely Open – recent MMC visit,Cross-sell: make a direct spine ask,Matched,"Score = referral 37 + specialty 5 + visit context 3 + reachability 2 + data 2. Unique provider first + last Patient counts are distinct attributed B2B records, not confirmed kept visits."
209,48,49,Tier 2,Wave 2,Ortho Referrer,Ortho / Cross-Sell,Village Medical - Novi,60ca59a0-452f-4fea-8aff-cf4ef63862b7,"39475 Lewis Dr ste 130, Novi, Michigan, 48377",Pain,Pain; Internal Medicine/PCP; Pediatrician,Other – Novi,Jasmine,Deterministically matched,"Golden MD, James; Rosenberg MD, Daniel",0,1,2,3,,2026-05-07 00:00:00,2026-04-01 00:00:00,36,18,Strong,Ortho-to-Spine Cross-Sell,Current Core Baseline,1,2,3,7,42,6,2026-06-23 00:00:00,33,21,Pain: No frequency;Internal Medicine/PCP: No frequency;Pediatrician: No frequency,Unknown,Unknown,Likely Open – recent MMC visit,Cross-sell: make a direct spine ask,Matched,"Score = referral 37 + specialty 5 + visit context 3 + reachability 2 + data 2. Exact provider name Patient counts are distinct attributed B2B records, not confirmed kept visits."
210,43,49,Tier 2,Wave 2,Ortho Referrer,Ortho / Cross-Sell,Associated Orthopedists of Detroit-Shelby Township,59a078a4-145e-43bb-8052-a1ff32814d1e,"50505 Schoenherr Rd ste 120, Shelby Township, Michigan, 48315",Orthopedic,Orthopedic Surgery,Other – Shelby Township,Coty,Deterministically matched,"Ajluni DO, Andrew Farris",0,1,0,1,,2026-05-21 00:00:00,2026-03-12 00:00:00,70,70,Strong,Ortho-to-Spine Cross-Sell,Current Core Baseline,1,2,2,4,36,9,2026-07-07 00:00:00,28,21,Orthopedic Surgery: No frequency,Unknown,Unknown,Likely Open – recent MMC visit,Cross-sell: make a direct spine ask,Matched,"Score = referral 37 + specialty 5 + visit context 3 + reachability 2 + data 2. Unique provider first + last Patient counts are distinct attributed B2B records, not confirmed kept visits."
211,120,48,Tier 2,Wave 2,Ortho Referrer,Ortho / Cross-Sell,Beverly Hills Internal Medicine,04-330-7414,"17392 W 13 Mile Rd, Beverly Hills, MI, 48025-5438",PCP,Internal Medicine/PCP,Other – Beverly Hills,Kristen,Deterministically matched,"Shishu MD, Nidhi",0,1,0,1,,2026-02-24 00:00:00,2026-01-30 00:00:00,25,25,Moderate,Ortho-to-Spine Cross-Sell,Current Core Baseline,1,1,2,3,9,3,2026-07-08 00:00:00,79.5,21,Internal Medicine/PCP: No frequency,Unknown,Unknown,Likely Open – recent MMC visit,Cross-sell: make a direct spine ask,Matched,"Score = referral 37 + specialty 4 + visit context 3 + reachability 2 + data 2. Exact provider name Patient counts are distinct attributed B2B records, not confirmed kept visits."
212,121,48,Tier 2,Wave 2,Ortho Referrer,Ortho / Cross-Sell,Blue Water Urgent Care - Port Huron,97837698-b314-4e35-a9af-a63d6305dc5b,"1612 10th Avenue, Port Huron, Michigan, 48060",Urgent Care,Urgent Cares,Port Huron,Kristen,Deterministically matched,Blue Water Urgent Care Port Huron,0,1,0,1,,2026-03-19 00:00:00,2026-02-05 00:00:00,42,42,Strong,Ortho-to-Spine Cross-Sell,Current Core Baseline,1,1,2,3,18,6,2026-06-25 00:00:00,70,21,Urgent Cares: No frequency,Unknown,Unknown,Likely Open – recent MMC visit,Cross-sell: make a direct spine ask,Matched,"Score = referral 37 + specialty 4 + visit context 3 + reachability 2 + data 2. Exact company name Patient counts are distinct attributed B2B records, not confirmed kept visits."
213,122,48,Tier 2,Wave 2,Ortho Referrer,Ortho / Cross-Sell,GROSSE POINTE PARK INTERNAL MEDICINE CENTER,4182fa5f-6d87-4037-9102-1014f5d60056,"15200 KERCHEVAL AVE, GROSSE POINTE, MI, 48230",PCP,Internal Medicine/PCP,Other – GROSSE POINTE,Kristen,Deterministically matched,"Francis DO, Michael",0,1,0,1,,2026-06-02 00:00:00,2026-04-28 00:00:00,35,35,Moderate,Ortho-to-Spine Cross-Sell,Current Core Baseline,1,1,2,3,7,3,2026-07-07 00:00:00,80,21,Internal Medicine/PCP: No frequency,Unknown,Unknown,Likely Open – recent MMC visit,Cross-sell: make a direct spine ask,Matched,"Score = referral 37 + specialty 4 + visit context 3 + reachability 2 + data 2. Exact provider name Patient counts are distinct attributed B2B records, not confirmed kept visits."
214,123,48,Tier 2,Wave 2,Ortho Referrer,Ortho / Cross-Sell,METROPOLITAN MEDICAL ASSOCIATES,297c1d83-ce5b-4ce5-b393-97b656f9b2c7,"28111 HOOVER RD STE 2A, WARREN, MI, 48093",PCP,Internal Medicine/PCP,Other – WARREN,Kristen,Deterministically matched,"Trivedi MD, Archi",0,1,0,1,,2026-06-03 00:00:00,2026-04-30 00:00:00,34,34,Moderate,Ortho-to-Spine Cross-Sell,Current Core Baseline,1,1,2,3,4,2,2026-07-13 00:00:00,80.5,21,Internal Medicine/PCP: No frequency,Unknown,Unknown,Likely Open – recent MMC visit,Cross-sell: make a direct spine ask,Matched,"Score = referral 37 + specialty 4 + visit context 3 + reachability 2 + data 2. Exact provider name Patient counts are distinct attributed B2B records, not confirmed kept visits."
215,124,48,Tier 2,Wave 2,Ortho Referrer,Ortho / Cross-Sell,Village Medical Wayne,7e594070-5f19-4b0e-982f-f339ee92109c,"400 N Wayne Rd, Westland, Michigan, 48185",PCP,Internal Medicine/PCP,Other – Westland,Kristen,Deterministically matched,"Brock DO, Robert Coleman",0,1,1,2,,2026-03-30 00:00:00,2026-02-12 00:00:00,46,25.5,Strong,Ortho-to-Spine Cross-Sell,Current Core Baseline,1,2,2,4,25,7,2026-07-06 00:00:00,46,21,Internal Medicine/PCP: No frequency,Unknown,Unknown,Likely Open – recent MMC visit,Cross-sell: make a direct spine ask,Matched,"Score = referral 37 + specialty 4 + visit context 3 + reachability 2 + data 2. Exact provider name Patient counts are distinct attributed B2B records, not confirmed kept visits."
216,49,48,Tier 2,Wave 2,Ortho Referrer,Ortho / Cross-Sell,Dedicated Senior Medical Center - Eastpointe,461fe196-5467-4d92-bec8-0125858453c8,"21811 Kelly Rd, Eastpointe, Michigan, 48021",PCP,Internal Medicine/PCP; Geriatrics,Other – Eastpointe,Jasmine,Deterministically matched,"Patel MD, Poonam",0,1,1,2,,2026-05-12 00:00:00,2026-05-12 00:00:00,0,0.5,Strong,Ortho-to-Spine Cross-Sell,Current Core Baseline,3,6,10,21,144,7,2026-07-08 00:00:00,7,21,Internal Medicine/PCP: No frequency;Geriatrics: No frequency,Unknown,Unknown,Likely Open – recent MMC visit,Cross-sell: make a direct spine ask,Matched,"Score = referral 37 + specialty 4 + visit context 3 + reachability 2 + data 2. Exact provider name Patient counts are distinct attributed B2B records, not confirmed kept visits."
217,50,48,Tier 2,Wave 2,Ortho Referrer,Ortho / Cross-Sell,Family Care Physicians PC,9d72636b-2e2d-4e54-b69a-aab72e18f8a9,"39500 West 10 mile, suite 100, Novi, MI, 48375",PCP,Internal Medicine/PCP,Other – Novi,Jasmine,Deterministically matched,"Sack DO, Marshall B",0,1,0,1,,2026-04-28 00:00:00,2026-04-01 00:00:00,27,27,Strong,Ortho-to-Spine Cross-Sell,Current Core Baseline,1,1,2,4,20,5,2026-06-23 00:00:00,40,21,Internal Medicine/PCP: No frequency,Unknown,Unknown,Likely Open – recent MMC visit,Cross-sell: make a direct spine ask,Matched,"Score = referral 37 + specialty 4 + visit context 3 + reachability 2 + data 2. Exact provider name Patient counts are distinct attributed B2B records, not confirmed kept visits."
218,51,48,Tier 2,Wave 2,Ortho Referrer,Ortho / Cross-Sell,PROVIDENCE PARK LIVONIA FAMILY MEDICINE,10a3ca46-32f2-472e-99d9-39f7c9e3bde3,"37650 PROFESSIONAL CENTER DR STE 1010A, LIVONIA, MI, 48154",PCP,Internal Medicine/PCP,Livonia,Jasmine,Deterministically matched,"Karle MD, David E",0,1,0,1,,2026-04-28 00:00:00,2026-03-30 00:00:00,29,29,Strong,Ortho-to-Spine Cross-Sell,Current Core Baseline,1,1,2,5,30,6,2026-06-19 00:00:00,41.5,21,Internal Medicine/PCP: No frequency,Unknown,Unknown,Likely Open – recent MMC visit,Cross-sell: make a direct spine ask,Matched,"Score = referral 37 + specialty 4 + visit context 3 + reachability 2 + data 2. Exact provider name Patient counts are distinct attributed B2B records, not confirmed kept visits."
219,52,48,Tier 2,Wave 2,Ortho Referrer,Ortho / Cross-Sell,Trinity Health Orthopedic group-Ypsilanti,5fcd802e-4f68-4425-8e82-e66edfaa3720,"5315 Elliot Dr, suite 301, Ypsilanti, Michigan, 48197",Orthopedic,Hospitalist; Orthopedic Surgery,Other – Ypsilanti,Jasmine,Deterministically matched,"Thomas MD, Jared",0,1,0,1,,2026-06-12 00:00:00,2026-03-10 00:00:00,94,94,Strong,Ortho-to-Spine Cross-Sell,Current Core Baseline,1,1,1,3,78,26,2026-06-30 00:00:00,80.5,21,Hospitalist: No frequency;Orthopedic Surgery: No frequency,Unknown,Unknown,Likely Open – recent MMC visit,Cross-sell: make a direct spine ask,Matched,"Score = referral 37 + specialty 5 + visit context 2 + reachability 2 + data 2. Exact provider name Patient counts are distinct attributed B2B records, not confirmed kept visits."
220,44,48,Tier 2,Wave 2,Ortho Referrer,Ortho / Cross-Sell,Alliance - Macomb,cfa43a87-0a00-4e16-8816-57177ce29fb3,"50505 Schoenherr Rd ste 300, Shelby Township, Michigan, 48315",PCP,Internal Medicine/PCP,Other – Shelby Township,Coty,Deterministically matched,"Savalli DO, Michael; Toomajian DO, Leo",0,1,1,2,,2026-07-09 00:00:00,2026-07-07 00:00:00,2,4.5,Strong,Ortho-to-Spine Cross-Sell,Current Core Baseline,1,2,4,7,70,10,2026-07-07 00:00:00,22,21,Internal Medicine/PCP: No frequency,Unknown,Unknown,Likely Open – recent MMC visit,Cross-sell: make a direct spine ask,Matched,"Score = referral 37 + specialty 4 + visit context 3 + reachability 2 + data 2. Exact provider name Patient counts are distinct attributed B2B records, not confirmed kept visits."
221,45,48,Tier 2,Wave 2,Ortho Referrer,Ortho / Cross-Sell,Barclay Internists,1528076619,"75 Barclay Circle, ste 120, Rochester, MI, 48307",PCP,Internal Medicine/PCP,Other – Rochester,Coty,Deterministically matched,"Meri MD, Abdel Wahab",0,1,0,1,,2026-01-06 00:00:00,2025-10-10 00:00:00,88,88,Strong,Ortho-to-Spine Cross-Sell,Current Core Baseline,1,3,4,9,37,4,2026-07-15 00:00:00,14.5,21,Internal Medicine/PCP: No frequency,Unknown,Unknown,Likely Open – recent MMC visit,Cross-sell: make a direct spine ask,Matched,"Score = referral 37 + specialty 4 + visit context 3 + reachability 2 + data 2. Exact provider name Patient counts are distinct attributed B2B records, not confirmed kept visits."
222,46,48,Tier 2,Wave 2,Ortho Referrer,Ortho / Cross-Sell,Beaumont Associated Family Care - Warren,81c6691d-f02d-49d9-940d-49ca3462c7fa,"8545 Common Rd, Ste 280, Warren, Michigan, 480936772",PCP,Internal Medicine/PCP,Other – Warren,Coty,Deterministically matched,"PEERA, AVA (ZOC DOC); Peera, Ava",0,1,1,2,,2026-06-22 00:00:00,2026-04-24 00:00:00,59,32.5,Strong,Ortho-to-Spine Cross-Sell,Current Core Baseline,1,1,2,5,24,8,2026-07-09 00:00:00,36.5,21,30 days; Internal Medicine/PCP: No frequency,Up to date,Unknown,Likely Open – recent MMC visit,Cross-sell: make a direct spine ask,Matched,"Score = referral 37 + specialty 4 + visit context 3 + reachability 2 + data 2. Unique provider first + last; Exact provider name Patient counts are distinct attributed B2B records, not confirmed kept visits."
223,47,48,Tier 2,Wave 2,Ortho Referrer,Ortho / Cross-Sell,Corewell Health Family Medicine -SAINT CLAIR SHORES,a7f38558-5076-4a5b-9bd2-68b110ff29c1,"25631 LITTLE MACK AVE STE 103, SAINT CLAIR SHORES, Michigan",PCP,Internal Medicine/PCP,Other – SAINT CLAIR SHORES,Coty,Deterministically matched,"Shah MD, Sheena P",0,1,0,1,,2026-06-15 00:00:00,2026-04-27 00:00:00,49,49,Strong,Ortho-to-Spine Cross-Sell,Current Core Baseline,1,1,2,4,16,4,2026-06-18 00:00:00,52,21,Internal Medicine/PCP: No frequency,Unknown,Unknown,Likely Open – recent MMC visit,Cross-sell: make a direct spine ask,Matched,"Score = referral 37 + specialty 4 + visit context 3 + reachability 2 + data 2. Unique provider first + last Patient counts are distinct attributed B2B records, not confirmed kept visits."
224,48,48,Tier 2,Wave 2,Ortho Referrer,Ortho / Cross-Sell,Corewell Health Medical Group East,94e41be8-c824-4bbd-8119-47ffbb084071,"18325 E. 10 Mile Rd Suite 300, Roseville, MI, 48066",PCP,Internal Medicine/PCP; PCP,Other – Roseville,Coty,Deterministically matched,"Jain MD, Deepali",0,1,0,1,,2026-03-04 00:00:00,2026-02-16 00:00:00,16,16,Strong,Ortho-to-Spine Cross-Sell,Current Core Baseline,1,2,2,5,40,8,2026-06-25 00:00:00,30,21,Internal Medicine/PCP: No frequency;PCP: 4 days,Past due,Unknown,Likely Open – recent MMC visit,Cross-sell: make a direct spine ask,Matched,"Score = referral 37 + specialty 4 + visit context 3 + reachability 2 + data 2. Exact provider name Patient counts are distinct attributed B2B records, not confirmed kept visits."
225,49,48,Tier 2,Wave 2,Ortho Referrer,Ortho / Cross-Sell,Corewell Internal Medicine Midway,2ce334a8-959e-4c7d-9b94-f3d5cb4183a3,"555 Barclay Circle, ste 150, Rochester Hills, Michigan, 48307",PCP,Internal Medicine/PCP,Other – Rochester Hills,Coty,Deterministically matched,"Rastogi MD, Shailaja",0,1,0,1,,2026-05-14 00:00:00,2026-04-24 00:00:00,20,20,Strong,Ortho-to-Spine Cross-Sell,Current Core Baseline,2,2,3,6,30,5,2026-07-15 00:00:00,16,21,Internal Medicine/PCP: No frequency,Unknown,Unknown,Likely Open – recent MMC visit,Cross-sell: make a direct spine ask,Matched,"Score = referral 37 + specialty 4 + visit context 3 + reachability 2 + data 2. Exact provider name Patient counts are distinct attributed B2B records, not confirmed kept visits."
226,50,48,Tier 2,Wave 2,Ortho Referrer,Ortho / Cross-Sell,"GREAT LAKE PHYSICIANS, PC",5eb36bb9-fcd1-4d12-be8d-6cc4527f5a13,"36180 5 MILE RD, LIVONIA, Michigan, 48154",Orthopedic,Spine,Livonia,Coty,Deterministically matched,"Desai MD, Jayshree",0,1,0,1,,2026-06-10 00:00:00,2026-03-13 00:00:00,89,89,Moderate,Ortho-to-Spine Cross-Sell,Current Core Baseline,1,1,1,3,9,3,2026-06-19 00:00:00,61,21,Spine: No frequency,Unknown,Unknown,Likely Open – recent MMC visit,Cross-sell: make a direct spine ask,Matched,"Score = referral 37 + specialty 5 + visit context 2 + reachability 2 + data 2. Exact provider name Patient counts are distinct attributed B2B records, not confirmed kept visits."
227,51,48,Tier 2,Wave 2,Ortho Referrer,Ortho / Cross-Sell,Meadowbrook Internists,302019e4-0b7f-4f55-bdca-192920804d63,"75 Barclay Cir, #230, Rochester Hills, Michigan, 48307",PCP,Internal Medicine/PCP,Other – Rochester Hills,Coty,Deterministically matched,"Stephan MD, Namir",0,1,0,1,,2026-01-29 00:00:00,2025-10-10 00:00:00,111,111,Strong,Ortho-to-Spine Cross-Sell,Current Core Baseline,1,2,3,6,12,2,2026-06-23 00:00:00,27,21,Internal Medicine/PCP: No frequency,Unknown,Unknown,Likely Open – recent MMC visit,Cross-sell: make a direct spine ask,Matched,"Score = referral 37 + specialty 4 + visit context 3 + reachability 2 + data 2. Exact provider name Patient counts are distinct attributed B2B records, not confirmed kept visits."
228,52,48,Tier 2,Wave 2,Ortho Referrer,Ortho / Cross-Sell,Oakland Internal Medicine Associates - Henry Ford,1053422006,"1435 N. Milford, ste 100, Milford, MI, 48381",PCP,Internal Medicine/PCP,Other – Milford,Coty,Deterministically matched,"Bassily DO, Tiffany Lynn; Learner DO, James M",0,1,1,2,,2026-04-23 00:00:00,2026-03-11 00:00:00,43,45,Strong,Ortho-to-Spine Cross-Sell,Current Core Baseline,1,1,2,4,12,3,2026-07-16 00:00:00,48,21,Internal Medicine/PCP: No frequency,Unknown,Unknown,Likely Open – recent MMC visit,Cross-sell: make a direct spine ask,Matched,"Score = referral 37 + specialty 4 + visit context 3 + reachability 2 + data 2. Unique provider first + last Patient counts are distinct attributed B2B records, not confirmed kept visits."
229,53,48,Tier 2,Wave 2,Ortho Referrer,Ortho / Cross-Sell,Precise Chiropractic,7949ef7e-580c-41cc-b7ee-5a5d6dadc605,"4101 John R Rd, Troy, Michigan, 48085",Chiropractor,Chiropractor,Troy,Coty,Deterministically matched,"Hanselman, Michael",0,1,0,1,,2026-06-29 00:00:00,2026-04-28 00:00:00,62,62,Strong,Ortho-to-Spine Cross-Sell,Current Core Baseline,1,1,2,3,12,4,2026-07-13 00:00:00,90,21,Chiropractor: No frequency,Unknown,Unknown,Likely Open – recent MMC visit,Cross-sell: make a direct spine ask,Matched,"Score = referral 37 + specialty 4 + visit context 3 + reachability 2 + data 2. Exact provider name Patient counts are distinct attributed B2B records, not confirmed kept visits."
230,54,48,Tier 2,Wave 2,Ortho Referrer,Ortho / Cross-Sell,Prism Medical Group - Family Medicine Ste 240,b95fc8ff-585a-4d2e-9aae-c2ea0fd1b50c,"1701 E South Blvd ste 240, Rochester Hills, Michigan, 48307",PCP,Internal Medicine/PCP,Other – Rochester Hills,Coty,Deterministically matched,"Geevarghese MD, Roby J; Ortwine MD, Kelly Z",0,1,1,2,,2026-05-05 00:00:00,2025-10-22 00:00:00,195,143,Moderate,Ortho-to-Spine Cross-Sell,Current Core Baseline,1,1,2,2,10,5,2026-06-23 00:00:00,36,21,Internal Medicine/PCP: No frequency,Unknown,Unknown,Likely Open – recent MMC visit,Cross-sell: make a direct spine ask,Matched,"Score = referral 37 + specialty 4 + visit context 3 + reachability 2 + data 2. Unique provider first + last Patient counts are distinct attributed B2B records, not confirmed kept visits."
231,55,48,Tier 2,Wave 2,Ortho Referrer,Ortho / Cross-Sell,Troy Health Center,c80937d7-1504-43ae-af51-bb0f13603168,"1560 E Maple Rd ste 200, Troy, Michigan, 48083",PCP,Internal Medicine/PCP,Troy,Coty,Deterministically matched,"Lauder MD, Nehman; XU MD, JINPING",0,1,1,2,,2026-03-27 00:00:00,2026-03-05 00:00:00,22,65.5,Moderate,Ortho-to-Spine Cross-Sell,Current Core Baseline,1,2,2,3,6,2,2026-07-01 00:00:00,59,21,Internal Medicine/PCP: No frequency,Unknown,Unknown,Likely Open – recent MMC visit,Cross-sell: make a direct spine ask,Matched,"Score = referral 37 + specialty 4 + visit context 3 + reachability 2 + data 2. Exact provider name Patient counts are distinct attributed B2B records, not confirmed kept visits."
232,56,48,Tier 2,Wave 2,Ortho Referrer,Ortho / Cross-Sell,Troy Primary Care,e160ee5a-9916-41e2-b0c6-e2dae5007a6e,"1380 Coolidge Hwy suite 200, Troy, Michigan, 48084",PCP,Internal Medicine/PCP,Troy,Coty,Deterministically matched,"Kado MD, Hadeel",0,1,0,1,,2026-06-16 00:00:00,2026-06-15 00:00:00,1,1,Strong,Ortho-to-Spine Cross-Sell,Current Core Baseline,2,3,5,9,27,3,2026-07-01 00:00:00,19.5,21,Internal Medicine/PCP: No frequency,Unknown,Unknown,Likely Open – recent MMC visit,Cross-sell: make a direct spine ask,Matched,"Score = referral 37 + specialty 4 + visit context 3 + reachability 2 + data 2. Exact provider name Patient counts are distinct attributed B2B records, not confirmed kept visits."
233,57,48,Tier 2,Wave 2,Ortho Referrer,Ortho / Cross-Sell,Urgent Care Family,235de96a-2ae5-47a2-bf9a-8379e846684a,"5843 17 Mile Road, Sterling Heights, Michigan, 48310",Urgent Care,Urgent care; Internal Medicine/PCP,Sterling Heights,Coty,Deterministically matched,"Mansour MD, Lena",0,1,0,1,,2026-06-23 00:00:00,2026-06-05 00:00:00,18,18,Moderate,Ortho-to-Spine Cross-Sell,Current Core Baseline,1,2,2,5,10,2,2026-06-25 00:00:00,25,21,Urgent care: No frequency;Internal Medicine/PCP: No frequency,Unknown,Unknown,Likely Open – recent MMC visit,Cross-sell: make a direct spine ask,Matched,"Score = referral 37 + specialty 4 + visit context 3 + reachability 2 + data 2. Exact provider name Patient counts are distinct attributed B2B records, not confirmed kept visits."
234,58,48,Tier 2,Wave 2,Ortho Referrer,Ortho / Cross-Sell,Vital Medicine,d96ab765-7e8d-447c-b9a1-72f2bcda2283,"37595 7 MILE RD STE 240, LIVONIA, MI, 48152",PCP,Internal Medicine/PCP,Livonia,Coty,Deterministically matched,"Shuker MD, Ala",0,1,0,1,,2026-06-18 00:00:00,2026-05-08 00:00:00,41,41,Strong,Ortho-to-Spine Cross-Sell,Current Core Baseline,1,1,2,6,12,2,2026-06-19 00:00:00,24,21,Internal Medicine/PCP: No frequency,Unknown,Unknown,Likely Open – recent MMC visit,Cross-sell: make a direct spine ask,Matched,"Score = referral 37 + specialty 4 + visit context 3 + reachability 2 + data 2. Exact provider name Patient counts are distinct attributed B2B records, not confirmed kept visits."
235,125,47,Tier 2,Wave 2,Ortho Referrer,Ortho / Cross-Sell,Dr. Robin’s Heath and Wellness Center,31a45584-b284-4569-b97c-27016e2c1362,"14700 Farmington Road, Suite 103, Livonia, Michigan, 48154, United States, Livonia, Michigan, 48154",PCP,Internal Medicine/PCP,Livonia,Kristen,Deterministically matched,"Lipski DO, Robin L",0,1,0,1,,2026-06-02 00:00:00,2026-04-24 00:00:00,39,39,Moderate,Ortho-to-Spine Cross-Sell,Current Core Baseline,1,1,2,3,3,1,2026-06-29 00:00:00,76.5,21,Internal Medicine/PCP: No frequency,Unknown,Unknown,Likely Open – recent MMC visit,Cross-sell: make a direct spine ask,Matched,"Score = referral 37 + specialty 4 + visit context 3 + reachability 1 + data 2. Exact provider name Patient counts are distinct attributed B2B records, not confirmed kept visits."
236,126,47,Tier 2,Wave 2,Ortho Referrer,Ortho / Cross-Sell,Health Care Medical Center,522bb9a7-68be-41af-9408-b29b136875e0,"25511 Van Dyke Ave, Center Line, Michigan, 48015",PCP,Internal Medicine/PCP,Other – Center Line,Kristen,Deterministically matched,"Kohli MD, Vinod",0,1,0,1,,2026-06-03 00:00:00,2026-04-29 00:00:00,35,35,Moderate,Ortho-to-Spine Cross-Sell,Current Core Baseline,1,1,2,3,3,1,2026-07-13 00:00:00,80.5,21,Internal Medicine/PCP: No frequency,Unknown,Unknown,Likely Open – recent MMC visit,Cross-sell: make a direct spine ask,Matched,"Score = referral 37 + specialty 4 + visit context 3 + reachability 1 + data 2. Exact provider name Patient counts are distinct attributed B2B records, not confirmed kept visits."
237,127,47,Tier 2,Wave 2,Ortho Referrer,Ortho / Cross-Sell,Mark Sisson Law,b1d08ae6-47db-4f5e-ae59-860765486ca0,"30200 Telegraph Rd, Bingham Farms, Michigan, 48025",Attorney / Legal,Attorney,Other – Bingham Farms,Kristen,Deterministically matched,Mark Sisson Law,0,1,0,1,,2026-04-20 00:00:00,2026-03-06 00:00:00,45,45,Moderate,Ortho-to-Spine Cross-Sell,Outside Core Baseline,1,1,2,5,11,3,2026-07-08 00:00:00,30,21,Attorney: No frequency,Unknown,Unknown,Likely Open – recent MMC visit,Cross-sell: make a direct spine ask,Matched,"Score = referral 37 + specialty 3 + visit context 3 + reachability 2 + data 2. Exact company name Patient counts are distinct attributed B2B records, not confirmed kept visits."
238,128,47,Tier 2,Wave 2,Ortho Referrer,Ortho / Cross-Sell,NICOLOFF HOLISTIC FAMILY MEDICINE,c53a52e1-de9e-438f-87b9-f80c5bf3c183,"15510 FARMINGTON RD, LIVONIA, MI, 48154",PCP,Hollistic Medicine; Internal Medicine/PCP,Livonia,Kristen,Deterministically matched,"Nicoloff MD, George",0,1,0,1,,2026-05-29 00:00:00,2026-04-24 00:00:00,35,35,Moderate,Ortho-to-Spine Cross-Sell,Current Core Baseline,1,1,2,3,3,1,2026-06-29 00:00:00,76.5,21,Hollistic Medicine: No frequency;Internal Medicine/PCP: No frequency,Unknown,Unknown,Likely Open – recent MMC visit,Cross-sell: make a direct spine ask,Matched,"Score = referral 37 + specialty 4 + visit context 3 + reachability 1 + data 2. Exact provider name Patient counts are distinct attributed B2B records, not confirmed kept visits."
239,129,47,Tier 2,Wave 2,Ortho Referrer,Ortho / Cross-Sell,Plumbrook Medical Center,1013009901,"39880 Van Dyke, Sterling Heights, MI, 48313",PCP,Internal Medicine/PCP,Sterling Heights,Kristen,Deterministically matched,"Neumann DO, Fredric",0,1,0,1,,2026-02-02 00:00:00,2026-01-20 00:00:00,13,13,Moderate,Ortho-to-Spine Cross-Sell,Current Core Baseline,1,1,1,3,6,3,2026-06-22 00:00:00,76.5,21,Internal Medicine/PCP: No frequency,Unknown,Unknown,Likely Open – recent MMC visit,Cross-sell: make a direct spine ask,Matched,"Score = referral 37 + specialty 4 + visit context 2 + reachability 2 + data 2. Exact provider name Patient counts are distinct attributed B2B records, not confirmed kept visits."
240,53,47,Tier 2,Wave 2,Ortho Referrer,Ortho / Cross-Sell,ACADEMIC INTERNAL MEDICINE SPECIALISTS,24230075-46f5-44cf-bd8f-deb5f276aa99,"22250 PROVIDENCE DR STE 301, SOUTHFIELD, Michigan, 48075",PCP,Internal Medicine/PCP,Southfield,Jasmine,Deterministically matched,"Williams MD, Michael A",0,1,0,1,,2026-03-10 00:00:00,2026-03-03 00:00:00,7,7,Strong,Ortho-to-Spine Cross-Sell,Current Core Baseline,1,1,1,5,45,9,2026-06-29 00:00:00,38,21,Internal Medicine/PCP: No frequency,Unknown,Unknown,Likely Open – recent MMC visit,Cross-sell: make a direct spine ask,Matched,"Score = referral 37 + specialty 4 + visit context 2 + reachability 2 + data 2. Unique provider first + last Patient counts are distinct attributed B2B records, not confirmed kept visits."
241,54,47,Tier 2,Wave 2,Ortho Referrer,Ortho / Cross-Sell,CENTER FOR INTERNAL MEDICINE CONTINUITY CLINIC,ce969d89-5e72-4361-9024-039ad31f5bc3,"28479 7 MILE RD, LIVONIA, MI, 48152",PCP,Internal Medicine/PCP,Livonia,Jasmine,Deterministically matched,"Nguyen DO, Hao",0,1,0,1,,2026-01-13 00:00:00,2025-12-15 00:00:00,29,29,Moderate,Ortho-to-Spine Cross-Sell,Outside Core Baseline,0,1,2,4,8,2,2026-06-12 00:00:00,45,21,Internal Medicine/PCP: No frequency,Unknown,Unknown,Likely Open – recent MMC visit,Cross-sell: make a direct spine ask,Matched,"Score = referral 37 + specialty 4 + visit context 2 + reachability 2 + data 2. Exact provider name Patient counts are distinct attributed B2B records, not confirmed kept visits."
242,55,47,Tier 2,Wave 2,Ortho Referrer,Ortho / Cross-Sell,MI Express Urgent Care,fc1455cf-74a6-4b97-b05f-e677351745de,"80 South Zeeb Road, Ann Arbor, Michigan, 48103",Orthopedic,Urgent care; Ortho; Urgent Cares,Other – Ann Arbor,Jasmine,Deterministically matched,MI Express Urgent Care,0,1,0,1,,2026-07-06 00:00:00,2026-06-11 00:00:00,25,25,Weak,Ortho-to-Spine Cross-Sell,Outside Core Baseline,0,1,1,3,3,2,2026-06-11 00:00:00,63,21,Urgent care: No frequency;Ortho: No frequency;Urgent Cares: No frequency,Unknown,Unknown,Likely Open – recent MMC visit,Cross-sell: make a direct spine ask,Matched,"Score = referral 37 + specialty 5 + visit context 1 + reachability 2 + data 2. Exact company name Patient counts are distinct attributed B2B records, not confirmed kept visits."
243,56,47,Tier 2,Wave 2,Ortho Referrer,Ortho / Cross-Sell,Tri County Neurology,3d10a23f-49c8-4b30-b87f-ae7465e0f588,"18161 E 8 Mile Rd, Eastpointe, Michigan, 48021",Neurology,Neurology,Other – Eastpointe,Jasmine,Deterministically matched,"Siddiqui MD, Saadia",0,1,0,1,,2026-07-06 00:00:00,2026-05-12 00:00:00,55,55,Strong,Ortho-to-Spine Cross-Sell,Outside Core Baseline,0,0,1,4,12,3,2026-05-12 00:00:00,34,21,Neurology: No frequency,Unknown,Unknown,Likely Open – recent MMC visit,Cross-sell: make a direct spine ask,Matched,"Score = referral 37 + specialty 5 + visit context 1 + reachability 2 + data 2. Exact provider name Patient counts are distinct attributed B2B records, not confirmed kept visits."
244,57,47,Tier 2,Wave 2,Ortho Referrer,Ortho / Cross-Sell,UofM Canton Health Center General Medicine,400aeb1f-6186-4eb7-98c8-0544491af836,"1051 North Canton Center Road, Canton, Michigan, 48187",PCP,Internal Medicine/PCP,Other – Canton,Jasmine,Deterministically matched,"Collier MD, Kristin M",0,1,0,1,,2026-06-03 00:00:00,2026-04-30 00:00:00,34,34,Strong,Ortho-to-Spine Cross-Sell,Outside Core Baseline,0,1,2,4,44,12,2026-06-11 00:00:00,49,21,Internal Medicine/PCP: No frequency,Unknown,Unknown,Likely Open – recent MMC visit,Cross-sell: make a direct spine ask,Matched,"Score = referral 37 + specialty 4 + visit context 2 + reachability 2 + data 2. Exact provider name Patient counts are distinct attributed B2B records, not confirmed kept visits."
245,59,47,Tier 2,Wave 2,Ortho Referrer,Ortho / Cross-Sell,Belamedica,b0dd30c7-d622-45a0-afcc-00519e73eca3,"3250 W Big Beaver Rd #144, Troy, Michigan, 48084",PCP,Internal Medicine/PCP,Troy,Coty,Deterministically matched,"Mishulin MD, Svetlana",0,1,0,1,,2026-06-22 00:00:00,2025-05-13 00:00:00,405,405,Weak,Ortho-to-Spine Cross-Sell,Current Core Baseline,1,1,1,1,2,2,2026-06-25 00:00:00,,21,Internal Medicine/PCP: No frequency,Unknown,Unknown,Likely Open – recent MMC visit,Cross-sell: make a direct spine ask,Matched,"Score = referral 37 + specialty 4 + visit context 2 + reachability 2 + data 2. Exact provider name Patient counts are distinct attributed B2B records, not confirmed kept visits."
246,60,47,Tier 2,Wave 2,Ortho Referrer,Ortho / Cross-Sell,Cornerstone Garfield Family Practice - Ascension,67778aa6-f0ab-4aac-80f9-0de0c25b2ac8,"43900 Garfield Rd ste 222, Clinton Township, Michigan, 48038",PCP,Internal Medicine/PCP,Other – Clinton Township,Coty,Deterministically matched,"Gleesing DO, Ryan; VENDITTELLI MD, CARLISLE",0,1,2,3,,2026-07-06 00:00:00,2026-06-16 00:00:00,20,4,Strong,Ortho-to-Spine Cross-Sell,Outside Core Baseline,0,1,2,4,39,10,2026-06-16 00:00:00,33,21,Internal Medicine/PCP: No frequency,Unknown,Unknown,Likely Open – recent MMC visit,Cross-sell: make a direct spine ask,Matched,"Score = referral 37 + specialty 4 + visit context 2 + reachability 2 + data 2. Exact provider name Patient counts are distinct attributed B2B records, not confirmed kept visits."
247,61,47,Tier 2,Wave 2,Ortho Referrer,Ortho / Cross-Sell,Hope Medical Center,58979922-388f-454f-97f0-c730f11f6434,"3840 17 Mile Road, Sterling Heights, Michigan, 48310",PCP,Internal Medicine/PCP,Sterling Heights,Coty,Deterministically matched,"Lewis MD, Raja",0,1,0,1,,2026-02-12 00:00:00,2026-02-12 00:00:00,0,0,Strong,Ortho-to-Spine Cross-Sell,Current Core Baseline,1,3,4,7,7,1,2026-06-26 00:00:00,17,21,Internal Medicine/PCP: No frequency,Unknown,Unknown,Likely Open – recent MMC visit,Cross-sell: make a direct spine ask,Matched,"Score = referral 37 + specialty 4 + visit context 3 + reachability 1 + data 2. Exact provider name Patient counts are distinct attributed B2B records, not confirmed kept visits."
248,62,47,Tier 2,Wave 2,Ortho Referrer,Ortho / Cross-Sell,John R Medical Clinic,1720079437,"26505 John R Rd, Madison Heights, MI, 48071",PCP,Internal Medicine/PCP,Other – Madison Heights,Coty,Deterministically matched,"Gennaoui MD, Habib G",0,1,0,1,,2026-06-25 00:00:00,2026-06-24 00:00:00,1,1,Moderate,Ortho-to-Spine Cross-Sell,Current Core Baseline,1,1,1,4,8,2,2026-06-24 00:00:00,35,21,Internal Medicine/PCP: No frequency,Unknown,Unknown,Likely Open – recent MMC visit,Cross-sell: make a direct spine ask,Matched,"Score = referral 37 + specialty 4 + visit context 2 + reachability 2 + data 2. Unique provider first + last Patient counts are distinct attributed B2B records, not confirmed kept visits."
249,63,47,Tier 2,Wave 2,Ortho Referrer,Ortho / Cross-Sell,Normandy Family Practice,1265482095,"36367 Harper Ave, Clinton Township, MI, 48035",PCP,Internal Medicine/PCP,Other – Clinton Township,Coty,Deterministically matched,"Kurzawa MD, Mark R",0,1,0,1,,2026-04-01 00:00:00,2026-03-19 00:00:00,13,13,Moderate,Ortho-to-Spine Cross-Sell,Outside Core Baseline,0,1,2,3,9,3,2026-06-16 00:00:00,44.5,21,Internal Medicine/PCP: No frequency,Unknown,Unknown,Likely Open – recent MMC visit,Cross-sell: make a direct spine ask,Matched,"Score = referral 37 + specialty 4 + visit context 2 + reachability 2 + data 2. Exact provider name Patient counts are distinct attributed B2B records, not confirmed kept visits."
250,64,47,Tier 2,Wave 2,Ortho Referrer,Ortho / Cross-Sell,Premier Family Physicians,1700883345,"24100 Little Mack Ave, Saint Clair Shores, MI, 48080",PCP,PCP,Other – Saint Clair Shores,Coty,Deterministically matched,"Namei MD, Farzin Reza",0,1,0,1,,2026-06-17 00:00:00,2026-04-27 00:00:00,51,51,Moderate,Ortho-to-Spine Cross-Sell,Current Core Baseline,1,1,2,4,4,1,2026-06-18 00:00:00,52,21,PCP: 4 days,Past due,Unknown,Likely Open – recent MMC visit,Cross-sell: make a direct spine ask,Matched,"Score = referral 37 + specialty 4 + visit context 3 + reachability 1 + data 2. Unique provider first + last Patient counts are distinct attributed B2B records, not confirmed kept visits."
251,65,47,Tier 2,Wave 2,Ortho Referrer,Ortho / Cross-Sell,Prism Medical Group - Internal Medicine,2e8aa328-e0cf-478e-8b39-00f6628c15ac,"1701 South Boulevard East, Suite 290, Rochester Hills, Michigan, 48307",PCP,Internal Medicine/PCP,Other – Rochester Hills,Coty,Deterministically matched,"HACHIGIAN MD, TODD",0,1,0,1,,2026-03-26 00:00:00,2026-02-23 00:00:00,31,31,Strong,Ortho-to-Spine Cross-Sell,Outside Core Baseline,0,0,2,4,20,5,2026-05-18 00:00:00,24,21,Internal Medicine/PCP: No frequency,Unknown,Unknown,Likely Open – recent MMC visit,Cross-sell: make a direct spine ask,Matched,"Score = referral 37 + specialty 4 + visit context 2 + reachability 2 + data 2. Exact provider name Patient counts are distinct attributed B2B records, not confirmed kept visits."
252,66,47,Tier 2,Wave 2,Ortho Referrer,Ortho / Cross-Sell,Shores Internal Medicine,1154434975,"24800 Harper, Saint Clair Shores, MI, 48080",PCP,Internal Medicine/PCP,Other – Saint Clair Shores,Coty,Deterministically matched,"Datla MD, Sailaja",0,1,0,1,,2026-06-24 00:00:00,2026-04-27 00:00:00,58,58,Moderate,Ortho-to-Spine Cross-Sell,Current Core Baseline,1,1,2,4,4,1,2026-06-25 00:00:00,59,21,Internal Medicine/PCP: No frequency,Unknown,Unknown,Likely Open – recent MMC visit,Cross-sell: make a direct spine ask,Matched,"Score = referral 37 + specialty 4 + visit context 3 + reachability 1 + data 2. Exact provider name Patient counts are distinct attributed B2B records, not confirmed kept visits."
253,130,46,Tier 2,Wave 2,Ortho Referrer,Ortho / Cross-Sell,ALLEN PARK FAMILY PHYSICIANS,617ab041-696a-4d5d-92bd-eb43c5eb4276,"7445 Allen Road, Allen Park, Michigan, 48101",PCP,Internal Medicine/PCP,Other – Allen Park,Kristen,Deterministically matched,"Vandehey DO, Patrick R; Vandehey, Patrick",0,1,1,2,,2026-03-13 00:00:00,2026-02-03 00:00:00,38,46,Moderate,Ortho-to-Spine Cross-Sell,Outside Core Baseline,0,0,1,2,6,3,2026-05-01 00:00:00,87,21,Internal Medicine/PCP: No frequency,Unknown,Unknown,Likely Open – recent MMC visit,Cross-sell: make a direct spine ask,Matched,"Score = referral 37 + specialty 4 + visit context 1 + reachability 2 + data 2. Exact provider name; Unique provider first + last Patient counts are distinct attributed B2B records, not confirmed kept visits."
254,131,46,Tier 2,Wave 2,Ortho Referrer,Ortho / Cross-Sell,APH - Pavillion IM Use this one,2042f8c4-062b-497d-93cd-a5501bc57707,"22250 Providence Drive #702, Southfield, Michigan, 48075",PCP,Internal Medicine/PCP,Southfield,Kristen,Deterministically matched,"Huber MD, Yosef Yitzchok",0,1,0,1,,2026-04-20 00:00:00,2026-03-05 00:00:00,46,46,Moderate,Ortho-to-Spine Cross-Sell,Outside Core Baseline,0,1,1,2,10,5,2026-05-29 00:00:00,85,21,Internal Medicine/PCP: No frequency,Unknown,Unknown,Likely Open – recent MMC visit,Cross-sell: make a direct spine ask,Matched,"Score = referral 37 + specialty 4 + visit context 1 + reachability 2 + data 2. Unique provider first + last Patient counts are distinct attributed B2B records, not confirmed kept visits."
255,132,46,Tier 2,Wave 2,Ortho Referrer,Ortho / Cross-Sell,BASEL BRIKHO MEDICAL GROUP - use this one,7f38b648-2666-44e3-ad8a-135b873364c5,"6055 19 MILE RD, STERLING HEIGHTS, Michigan, 48314",PCP,Internal Medicine/PCP,Sterling Heights,Kristen,Deterministically matched,"Jamil MD MPH, Mada H",0,1,0,1,,2026-06-24 00:00:00,2026-06-05 00:00:00,19,19,Moderate,Ortho-to-Spine Cross-Sell,Outside Core Baseline,0,1,1,3,6,2,2026-06-05 00:00:00,71,21,Internal Medicine/PCP: No frequency,Unknown,Unknown,Likely Open – recent MMC visit,Cross-sell: make a direct spine ask,Matched,"Score = referral 37 + specialty 4 + visit context 1 + reachability 2 + data 2. Unique provider first + last Patient counts are distinct attributed B2B records, not confirmed kept visits."
256,133,46,Tier 2,Wave 2,Ortho Referrer,Ortho / Cross-Sell,Bully Family Physicians,1841257029,"29425 NORTHWESTERN HIGHWAY STE 330, Southfield, MI, 48034",PCP,Internal Medicine/PCP,Southfield,Kristen,Deterministically matched,"Bully MD, Tammie",0,1,1,2,,2026-06-15 00:00:00,2026-05-27 00:00:00,19,13.5,Weak,Ortho-to-Spine Cross-Sell,Outside Core Baseline,0,1,1,2,4,2,2026-05-27 00:00:00,84,21,Internal Medicine/PCP: No frequency,Unknown,Unknown,Likely Open – recent MMC visit,Cross-sell: make a direct spine ask,Matched,"Score = referral 37 + specialty 4 + visit context 1 + reachability 2 + data 2. Exact provider name Patient counts are distinct attributed B2B records, not confirmed kept visits."
257,134,46,Tier 2,Wave 2,Ortho Referrer,Ortho / Cross-Sell,"CHARLES G GODOSHIAN, MD, PC",1a773df8-9f15-454d-a12a-8fd6751d4903,"27177 LAHSER RD STE 104, SOUTHFIELD, MI, 48034",PCP,Internal Medicine/PCP,Southfield,Kristen,Deterministically matched,"Godoshian MD, Charles G",0,1,0,1,,2026-06-05 00:00:00,2026-05-28 00:00:00,8,8,Weak,Ortho-to-Spine Cross-Sell,Outside Core Baseline,0,1,1,2,4,2,2026-05-28 00:00:00,84,21,Internal Medicine/PCP: No frequency,Unknown,Unknown,Likely Open – recent MMC visit,Cross-sell: make a direct spine ask,Matched,"Score = referral 37 + specialty 4 + visit context 1 + reachability 2 + data 2. Unique provider first + last Patient counts are distinct attributed B2B records, not confirmed kept visits."
258,135,46,Tier 2,Wave 2,Ortho Referrer,Ortho / Cross-Sell,Croswell Clinic - McKenzie Health System,2ac1e0f1-866e-4ffa-a132-1099d6d87433,"8 N Howard Ave, Croswell, Michigan, 48422",PCP,Internal Medicine/PCP,Other – Croswell,Kristen,Deterministically matched,"Gormley MD, Matthew",0,1,0,1,,2026-03-31 00:00:00,2026-03-19 00:00:00,12,12,Moderate,Ortho-to-Spine Cross-Sell,Outside Core Baseline,0,1,1,3,6,2,2026-06-09 00:00:00,74,21,Internal Medicine/PCP: No frequency,Unknown,Unknown,Likely Open – recent MMC visit,Cross-sell: make a direct spine ask,Matched,"Score = referral 37 + specialty 4 + visit context 1 + reachability 2 + data 2. Exact provider name Patient counts are distinct attributed B2B records, not confirmed kept visits."
259,136,46,Tier 2,Wave 2,Ortho Referrer,Ortho / Cross-Sell,Henry Ford Internists - Farmington Hills 150,85ababc7-e294-4225-8cc7-28b8a5b1b9e2,"30055 Northwestern Hwy #150, Farmington Hills, Michigan, 48334",PCP,Internal Medicine/PCP,Other – Farmington Hills,Kristen,Deterministically matched,"Goldman DO, Seth A",0,1,0,1,,2026-05-04 00:00:00,2026-02-16 00:00:00,77,77,Moderate,Ortho-to-Spine Cross-Sell,Outside Core Baseline,0,0,1,2,8,5,2026-05-08 00:00:00,81,21,Internal Medicine/PCP: No frequency,Unknown,Unknown,Likely Open – recent MMC visit,Cross-sell: make a direct spine ask,Matched,"Score = referral 37 + specialty 4 + visit context 1 + reachability 2 + data 2. Unique provider first + last Patient counts are distinct attributed B2B records, not confirmed kept visits."
260,137,46,Tier 2,Wave 2,Ortho Referrer,Ortho / Cross-Sell,IPHCA,74b8c0cb-3736-44a0-9158-3b8106c9c58f,"4057 Pioneer Dr, Suite 300, Commerce Township, Michigan, 48390",PCP,Internal Medicine/PCP,Other – Commerce Township,Kristen,Deterministically matched,"Syed MD, Suzan",0,1,0,1,,2026-04-02 00:00:00,2026-03-03 00:00:00,30,30,Moderate,Ortho-to-Spine Cross-Sell,Outside Core Baseline,0,1,1,2,8,4,2026-05-26 00:00:00,84,21,Internal Medicine/PCP: No frequency,Unknown,Unknown,Likely Open – recent MMC visit,Cross-sell: make a direct spine ask,Matched,"Score = referral 37 + specialty 4 + visit context 1 + reachability 2 + data 2. Unique provider first + last Patient counts are distinct attributed B2B records, not confirmed kept visits."
261,138,46,Tier 2,Wave 2,Ortho Referrer,Ortho / Cross-Sell,Lake Huron Medical Center - Fort Gratiot,b4513fe8-6a5e-436a-8c89-648ea99ad482,"4190 24th Avenue, Suite 208, Fort Gratiot, Michigan, 48059",PCP,Internal Medicine/PCP,Other – Fort Gratiot,Kristen,Deterministically matched,"Faruque DO, Rubaiya",0,1,0,1,,2026-01-08 00:00:00,2025-11-06 00:00:00,63,63,Moderate,Ortho-to-Spine Cross-Sell,Outside Core Baseline,0,0,1,3,6,2,2026-05-05 00:00:00,56.5,21,Internal Medicine/PCP: No frequency,Unknown,Unknown,Likely Open – recent MMC visit,Cross-sell: make a direct spine ask,Matched,"Score = referral 37 + specialty 4 + visit context 1 + reachability 2 + data 2. Exact provider name Patient counts are distinct attributed B2B records, not confirmed kept visits."
262,139,46,Tier 2,Wave 2,Ortho Referrer,Ortho / Cross-Sell,Legend Health - Now One Health,078d2fa6-e81c-41d1-95f2-04234d511192,"29201 Telegraph Rd, ste 403, Southfield, MI, 48034",PCP,Internal Medicine/PCP,Southfield,Kristen,Deterministically matched,"BRIETZKE, THERESA; Williams MD, David; Williams, David",0,1,2,3,,2026-06-16 00:00:00,2026-05-27 00:00:00,20,57,Moderate,Ortho-to-Spine Cross-Sell,Outside Core Baseline,0,1,1,2,10,6,2026-05-27 00:00:00,85,21,Internal Medicine/PCP: No frequency,Unknown,Unknown,Likely Open – recent MMC visit,Cross-sell: make a direct spine ask,Matched,"Score = referral 37 + specialty 4 + visit context 1 + reachability 2 + data 2. Exact provider name Patient counts are distinct attributed B2B records, not confirmed kept visits."
263,140,46,Tier 2,Wave 2,Ortho Referrer,Ortho / Cross-Sell,McLaren Port Huron Fort Gratiot Internal Medicine,292b69e3-3f35-422f-a60b-87c0ddf678d1,"5979 Lakeshore Rd Fort Gratiot Twp, Fort Gratiot, Michigan, 48059",PCP,Internal Medicine/PCP,Other – Fort Gratiot,Kristen,Deterministically matched,"Whateley MD, Jason",0,1,0,1,,2026-06-22 00:00:00,2026-05-05 00:00:00,48,48,Moderate,Ortho-to-Spine Cross-Sell,Outside Core Baseline,0,0,1,3,6,2,2026-05-05 00:00:00,56.5,21,Internal Medicine/PCP: No frequency,Unknown,Unknown,Likely Open – recent MMC visit,Cross-sell: make a direct spine ask,Matched,"Score = referral 37 + specialty 4 + visit context 1 + reachability 2 + data 2. Exact provider name Patient counts are distinct attributed B2B records, not confirmed kept visits."
264,141,46,Tier 2,Wave 2,Ortho Referrer,Ortho / Cross-Sell,Millenium Associated Physicians - 130A,1972588259,"32255 Northwestern Highway, Suite 130A, Farmington Hills, MI, 48334",PCP,Kristen Strategic Account; Internal Medicine/PCP,Other – Farmington Hills,Kristen,Deterministically matched,"Feldman MD, Barry",0,1,0,1,,2026-05-07 00:00:00,2026-02-16 00:00:00,80,80,Strong,Ortho-to-Spine Cross-Sell,Outside Core Baseline,0,0,1,2,18,10,2026-05-08 00:00:00,81,21,Kristen Strategic Account: No frequency;Internal Medicine/PCP: No frequency,Unknown,Unknown,Likely Open – recent MMC visit,Cross-sell: make a direct spine ask,Matched,"Score = referral 37 + specialty 4 + visit context 1 + reachability 2 + data 2. Exact provider name Patient counts are distinct attributed B2B records, not confirmed kept visits."
265,142,46,Tier 2,Wave 2,Ortho Referrer,Ortho / Cross-Sell,Millennium Affiliated Physicians - 130B,27e5353b-7c0d-406b-be13-0d0eb3c3e200,"32255 NORTHWESTERN HWY STE 130B, FARMINGTON HILLS, Michigan, 48334",PCP,Internal Medicine/PCP,Other – FARMINGTON HILLS,Kristen,Deterministically matched,"Trivax MD, Geoffrey; White MD, Michael",0,1,1,2,,2026-04-08 00:00:00,2026-02-16 00:00:00,51,54.5,Strong,Ortho-to-Spine Cross-Sell,Outside Core Baseline,0,0,1,2,14,7,2026-05-08 00:00:00,81,21,Internal Medicine/PCP: No frequency,Unknown,Unknown,Likely Open – recent MMC visit,Cross-sell: make a direct spine ask,Matched,"Score = referral 37 + specialty 4 + visit context 1 + reachability 2 + data 2. Exact provider name Patient counts are distinct attributed B2B records, not confirmed kept visits."
266,143,46,Tier 2,Wave 2,Ortho Referrer,Ortho / Cross-Sell,Oakland Integrated Healthcare Network,81f49d59-3845-4c1e-8a21-7b2a067375e5,"114 Orchard Lake Rd, Pontiac, Michigan, 48341",PCP,Internal Medicine/PCP,Other – Pontiac,Kristen,Deterministically matched,"Shareefuddin MD, Faisal M",0,1,0,1,,2026-06-08 00:00:00,2026-05-12 00:00:00,27,27,Weak,Ortho-to-Spine Cross-Sell,Outside Core Baseline,0,0,1,2,4,2,2026-05-12 00:00:00,90,21,Internal Medicine/PCP: No frequency,Unknown,Unknown,Likely Open – recent MMC visit,Cross-sell: make a direct spine ask,Matched,"Score = referral 37 + specialty 4 + visit context 1 + reachability 2 + data 2. Unique provider first + last Patient counts are distinct attributed B2B records, not confirmed kept visits."
267,144,46,Tier 2,Wave 2,Ortho Referrer,Ortho / Cross-Sell,Pavilion Family Practice - use this one,81d28e80-f8a8-4a1f-a027-35e8a21e8366,"23077 GREENFIELD RD STE 195, SOUTHFIELD, MI, 48075",PCP,Internal Medicine/PCP,Southfield,Kristen,Deterministically matched,"Uroda MD, Lauren",0,1,0,1,,2026-06-22 00:00:00,2026-05-28 00:00:00,25,25,Moderate,Ortho-to-Spine Cross-Sell,Outside Core Baseline,0,1,1,2,6,4,2026-05-28 00:00:00,84,21,Internal Medicine/PCP: No frequency,Unknown,Unknown,Likely Open – recent MMC visit,Cross-sell: make a direct spine ask,Matched,"Score = referral 37 + specialty 4 + visit context 1 + reachability 2 + data 2. Exact provider name Patient counts are distinct attributed B2B records, not confirmed kept visits."
268,145,46,Tier 2,Wave 2,Ortho Referrer,Ortho / Cross-Sell,Physician HeathCare Network - Marysville,f6ae01d5-e2aa-485f-93b1-7586e5fdcd26,"3350 Gratiot Boulevard, Marysville, Michigan, 48040",PCP,Internal Medicine/PCP,Other – Marysville,Kristen,Deterministically matched,"Colombo MD, John D",0,1,0,1,,2026-04-08 00:00:00,2026-02-26 00:00:00,41,41,Strong,Ortho-to-Spine Cross-Sell,Outside Core Baseline,0,0,1,3,27,9,2026-05-05 00:00:00,56.5,21,Internal Medicine/PCP: No frequency,Unknown,Unknown,Likely Open – recent MMC visit,Cross-sell: make a direct spine ask,Matched,"Score = referral 37 + specialty 4 + visit context 1 + reachability 2 + data 2. Unique provider first + last Patient counts are distinct attributed B2B records, not confirmed kept visits."
269,146,46,Tier 2,Wave 2,Ortho Referrer,Ortho / Cross-Sell,Plymouth Urgent Care,ea50a287-34fb-4325-8a2e-5ba156145624,"41424 Ann Arbor Rd, Plymouth, Michigan, 48170",Urgent Care,Urgent Cares,Other – Plymouth,Kristen,Deterministically matched,Plymouth Urgent Care,0,1,0,1,,2026-05-08 00:00:00,2026-03-23 00:00:00,46,46,Moderate,Ortho-to-Spine Cross-Sell,Outside Core Baseline,0,1,1,3,6,2,2026-06-04 00:00:00,73,21,Urgent Cares: No frequency,Unknown,Unknown,Likely Open – recent MMC visit,Cross-sell: make a direct spine ask,Matched,"Score = referral 37 + specialty 4 + visit context 1 + reachability 2 + data 2. Exact company name Patient counts are distinct attributed B2B records, not confirmed kept visits."
270,147,46,Tier 2,Wave 2,Ortho Referrer,Ortho / Cross-Sell,Premier Internists - Suite 180,23ff4711-fcf4-4eb3-bd86-aa07b5332791,"32255 NORTHWESTERN HWY STE 180, FARMINGTON HILLS, Michigan, 48334",PCP,Internal Medicine/PCP,Other – FARMINGTON HILLS,Kristen,Deterministically matched,"Ilayan, Samer A; Kizy MD, Michael; Lipson MD, Peter",0,1,4,5,,2026-07-07 00:00:00,2026-05-08 00:00:00,60,60,Strong,Ortho-to-Spine Cross-Sell,Outside Core Baseline,0,0,1,2,16,8,2026-05-08 00:00:00,81,21,Internal Medicine/PCP: No frequency,Unknown,Unknown,Likely Open – recent MMC visit,Cross-sell: make a direct spine ask,Matched,"Score = referral 37 + specialty 4 + visit context 1 + reachability 2 + data 2. Exact provider name; Unique provider first + last Patient counts are distinct attributed B2B records, not confirmed kept visits."
271,148,46,Tier 2,Wave 2,Ortho Referrer,Ortho / Cross-Sell,Purdy Chiropractic Center,e07e12c2-6f7f-48ec-bcea-556f883be0ea,"37257 Mound Road, Sterling Heights, Michigan, 48310",Chiropractor,Chiropractor,Sterling Heights,Kristen,Deterministically matched,"Purdy- Cantu DC, Nicole",0,1,0,1,,2026-03-03 00:00:00,2026-03-02 00:00:00,1,1,Weak,Ortho-to-Spine Cross-Sell,Current Core Baseline,1,1,1,2,2,1,2026-06-18 00:00:00,108,21,Chiropractor: No frequency,Unknown,Unknown,Likely Open – recent MMC visit,Cross-sell: make a direct spine ask,Matched,"Score = referral 37 + specialty 4 + visit context 2 + reachability 1 + data 2. Exact provider name Patient counts are distinct attributed B2B records, not confirmed kept visits."
272,149,46,Tier 2,Wave 2,Ortho Referrer,Ortho / Cross-Sell,Troy Internal Medicine,227a3faf-d636-4f07-adbf-db1d49776b27,"4600 Investment Dr, ste 300, Troy, MI, 48098",PCP,Kristen Strategic Account; Internal Medicine/PCP,Troy,Kristen,Deterministically matched,"Gamalski DO, Joseph",0,1,0,1,,2026-06-16 00:00:00,2026-05-15 00:00:00,32,32,Strong,Ortho-to-Spine Cross-Sell,Outside Core Baseline,0,0,1,2,54,27,2026-05-15 00:00:00,85,21,Kristen Strategic Account: No frequency;Internal Medicine/PCP: No frequency,Unknown,Unknown,Likely Open – recent MMC visit,Cross-sell: make a direct spine ask,Matched,"Score = referral 37 + specialty 4 + visit context 1 + reachability 2 + data 2. Exact provider name Patient counts are distinct attributed B2B records, not confirmed kept visits."
273,150,46,Tier 2,Wave 2,Ortho Referrer,Ortho / Cross-Sell,WESTLAND CLINIC - use,ff31198c-887e-4720-94cd-4d7fb158d9b5,"6149 N WAYNE RD, WESTLAND, MI, 48185",PCP,Internal Medicine/PCP,Other – WESTLAND,Kristen,Deterministically matched,"Colman NP, Jodie",0,1,0,1,,2026-01-05 00:00:00,2026-01-05 00:00:00,0,0,Moderate,Ortho-to-Spine Cross-Sell,Outside Core Baseline,0,1,1,3,9,3,2026-06-05 00:00:00,75.5,21,Internal Medicine/PCP: No frequency,Unknown,Unknown,Likely Open – recent MMC visit,Cross-sell: make a direct spine ask,Matched,"Score = referral 37 + specialty 4 + visit context 1 + reachability 2 + data 2. Exact provider name Patient counts are distinct attributed B2B records, not confirmed kept visits."
274,58,46,Tier 2,Wave 2,Ortho Referrer,Ortho / Cross-Sell,"BADHWAR ASSOCIATES, MD, PC",930e15d8-29b2-49a1-be3d-7eae0da7dc41,"19135 ALLEN RD STE 106, BROWNSTOWN, MI, 48183",PCP,Internal Medicine/PCP,Other – BROWNSTOWN,Jasmine,Deterministically matched,"Badhwar MD, Avlokita",0,1,0,1,,2026-05-13 00:00:00,2026-01-26 00:00:00,107,107,Moderate,Ortho-to-Spine Cross-Sell,Outside Core Baseline,0,1,1,2,7,4,2026-05-29 00:00:00,123,21,Internal Medicine/PCP: No frequency,Unknown,Unknown,Likely Open – recent MMC visit,Cross-sell: make a direct spine ask,Matched,"Score = referral 37 + specialty 4 + visit context 1 + reachability 2 + data 2. Exact provider name Patient counts are distinct attributed B2B records, not confirmed kept visits."
275,59,46,Tier 2,Wave 2,Ortho Referrer,Ortho / Cross-Sell,Michigan Primary Care - Eastpointe,4328f444-1a86-4fbb-9849-e8a159cce3e2,"17000 E 10 Mile Rd, Eastpointe, MI, 48021",PCP,Internal Medicine/PCP,Other – Eastpointe,Jasmine,Deterministically matched,"Miller NP, Colleen",0,1,0,1,,2026-06-04 00:00:00,2026-05-12 00:00:00,23,23,Strong,Ortho-to-Spine Cross-Sell,Outside Core Baseline,0,0,1,4,21,6,2026-05-12 00:00:00,40,21,Internal Medicine/PCP: No frequency,Unknown,Unknown,Likely Open – recent MMC visit,Cross-sell: make a direct spine ask,Matched,"Score = referral 37 + specialty 4 + visit context 1 + reachability 2 + data 2. Exact provider name Patient counts are distinct attributed B2B records, not confirmed kept visits."
276,60,46,Tier 2,Wave 2,Ortho Referrer,Ortho / Cross-Sell,Office of Jeff The DO,1710940242,"990 West Ann Arbor Trail, Plymouth, Michigan, 48170",PCP,Internal Medicine/PCP,Other – Plymouth,Jasmine,Deterministically matched,"The DO, Jeff Y",0,1,0,1,,2026-03-19 00:00:00,2026-02-19 00:00:00,28,28,Weak,Ortho-to-Spine Cross-Sell,Current Core Baseline,1,1,1,4,4,1,2026-07-13 00:00:00,50,21,60 days; Internal Medicine/PCP: No frequency,Up to date,Unknown,Likely Open – recent MMC visit,Cross-sell: make a direct spine ask,Matched,"Score = referral 37 + specialty 4 + visit context 2 + reachability 1 + data 2. Unique provider first + last Patient counts are distinct attributed B2B records, not confirmed kept visits."
277,67,46,Tier 2,Wave 2,Ortho Referrer,Ortho / Cross-Sell,Clarkston Medical Group,24639120-4fbe-4135-8d9e-1409bb0fd8cb,"5701 Bow Pointe Dr ste 100, Clarkston, Michigan, 48346",PCP,Internal Medicine/PCP,Other – Clarkston,Coty,Deterministically matched,"Moscovic DO, Dean",0,1,0,1,,2026-04-17 00:00:00,2026-03-02 00:00:00,46,46,Strong,Ortho-to-Spine Cross-Sell,Outside Core Baseline,0,1,1,3,77,26,2026-06-08 00:00:00,49,21,Internal Medicine/PCP: No frequency,Unknown,Unknown,Likely Open – recent MMC visit,Cross-sell: make a direct spine ask,Matched,"Score = referral 37 + specialty 4 + visit context 1 + reachability 2 + data 2. Exact provider name Patient counts are distinct attributed B2B records, not confirmed kept visits."
278,68,46,Tier 2,Wave 2,Ortho Referrer,Ortho / Cross-Sell,Clarkston Medical Group Adult & Pediatric Medicine,b24ac823-2845-4622-ad3b-eb46f7171bbb,"5625 Water Tower Place, Village of Clarkston, Michigan, 48346",PCP,Coty; Internal Medicine/PCP,Other – Village of Clarkston,Coty,Deterministically matched,"French DO, Katherine Zwark",0,1,0,1,,2026-03-04 00:00:00,2026-03-02 00:00:00,2,2,Moderate,Ortho-to-Spine Cross-Sell,Outside Core Baseline,0,1,1,2,6,5,2026-06-08 00:00:00,98,21,Coty: No frequency;Internal Medicine/PCP: No frequency,Unknown,Unknown,Likely Open – recent MMC visit,Cross-sell: make a direct spine ask,Matched,"Score = referral 37 + specialty 4 + visit context 1 + reachability 2 + data 2. Unique provider first + last Patient counts are distinct attributed B2B records, not confirmed kept visits."
279,69,46,Tier 2,Wave 2,Ortho Referrer,Ortho / Cross-Sell,MHP Internal Medicine,1699828632,"27483 DeQuindre Rd suite 302, Madison Heights, Michigan, 48071",PCP,Internal Medicine/PCP,Other – Madison Heights,Coty,Deterministically matched,"Langnas DO, Gary",0,1,0,1,,2026-05-27 00:00:00,2026-03-27 00:00:00,61,61,Strong,Ortho-to-Spine Cross-Sell,Outside Core Baseline,0,1,1,4,36,9,2026-06-01 00:00:00,15,21,Internal Medicine/PCP: No frequency,Unknown,Unknown,Likely Open – recent MMC visit,Cross-sell: make a direct spine ask,Matched,"Score = referral 37 + specialty 4 + visit context 1 + reachability 2 + data 2. Exact provider name Patient counts are distinct attributed B2B records, not confirmed kept visits."
280,70,46,Tier 2,Wave 2,Ortho Referrer,Ortho / Cross-Sell,Physicians in Family Medicine,1932288693,"940 W Avon Rd, Rochester Hills, Michigan, 48307",PCP,Internal Medicine/PCP,Other – Rochester Hills,Coty,Deterministically matched,"Pirzada DO, Pamela",0,1,0,1,,2026-06-09 00:00:00,2026-06-05 00:00:00,4,4,Weak,Ortho-to-Spine Cross-Sell,Outside Core Baseline,0,1,1,2,4,2,2026-06-05 00:00:00,102,21,Internal Medicine/PCP: No frequency,Unknown,Unknown,Likely Open – recent MMC visit,Cross-sell: make a direct spine ask,Matched,"Score = referral 37 + specialty 4 + visit context 1 + reachability 2 + data 2. Exact provider name Patient counts are distinct attributed B2B records, not confirmed kept visits."
281,71,46,Tier 2,Wave 2,Ortho Referrer,Ortho / Cross-Sell,"TRENTON TOTAL HEALTH CARE CENTER, PC",865f8b49-ce19-4ffd-8643-a755635f6ccc,"1675 Kingsway Court, Trenton, Michigan, 48183",Orthopedic,Ortho,Other – Trenton,Coty,Deterministically matched,"Sudhakara MD, Kajoor",0,1,0,1,,2026-05-29 00:00:00,2026-03-27 00:00:00,63,63,Weak,Ortho-to-Spine Cross-Sell,Outside Core Baseline,0,0,0,1,5,5,2026-03-27 00:00:00,,21,Ortho: No frequency,Unknown,Unknown,Likely Open – recent MMC visit,Cross-sell: make a direct spine ask,Matched,"Score = referral 37 + specialty 5 + visit context 0 + reachability 2 + data 2. Exact provider name Patient counts are distinct attributed B2B records, not confirmed kept visits."
282,151,45,Tier 2,Wave 2,Ortho Referrer,Ortho / Cross-Sell,Limitless Physical Therapy and Performance,b674ee01-88b6-42e2-8d45-e1de4891ab56,"1136 S  Rd suite c Rochester, Rochester, Michigan, 48307",PT,Physical Therapy,Other – Rochester,Kristen,Deterministically matched,"King DPT, Seth",0,1,0,1,,2026-06-16 00:00:00,2026-06-10 00:00:00,6,6,Moderate,Ortho-to-Spine Cross-Sell,Outside Core Baseline,0,1,1,2,6,3,2026-06-10 00:00:00,77,21,Physical Therapy: No frequency,Unknown,Unknown,Likely Open – recent MMC visit,Cross-sell: make a direct spine ask,Matched,"Score = referral 37 + specialty 3 + visit context 1 + reachability 2 + data 2. Exact provider name Patient counts are distinct attributed B2B records, not confirmed kept visits."
283,152,45,Tier 2,Wave 2,Ortho Referrer,Ortho / Cross-Sell,Neil King Physical Therapy,01-484-0595,"141 Hampton Cir, Rochester Hills, MI, 48307-4103",PT,Physical Therapy,Other – Rochester Hills,Kristen,Deterministically matched,"Tomei DPT, Jordan",0,1,0,1,,2026-04-13 00:00:00,2026-03-26 00:00:00,18,18,Strong,Ortho-to-Spine Cross-Sell,Outside Core Baseline,0,1,1,3,57,19,2026-06-08 00:00:00,69.5,21,Physical Therapy: No frequency,Unknown,Unknown,Likely Open – recent MMC visit,Cross-sell: make a direct spine ask,Matched,"Score = referral 37 + specialty 3 + visit context 1 + reachability 2 + data 2. Exact provider name Patient counts are distinct attributed B2B records, not confirmed kept visits."
284,153,45,Tier 2,Wave 2,Ortho Referrer,Ortho / Cross-Sell,WELL BEING PEDIATRICS,e5e6ea92-d9c9-49c0-b1f3-b645b04e1adb,"46325 W 12 MILE RD STE 240, NOVI, Michigan",Pediatrics,Pediatrician,Other – NOVI,Kristen,Deterministically matched,"Forman MD, Seth",0,1,0,1,,2026-04-24 00:00:00,2026-03-20 00:00:00,35,35,Moderate,Ortho-to-Spine Cross-Sell,Outside Core Baseline,0,1,1,3,9,3,2026-06-01 00:00:00,71.5,21,Pediatrician: No frequency,Unknown,Unknown,Likely Open – recent MMC visit,Cross-sell: make a direct spine ask,Matched,"Score = referral 37 + specialty 3 + visit context 1 + reachability 2 + data 2. Exact provider name Patient counts are distinct attributed B2B records, not confirmed kept visits."
285,154,45,Tier 2,Wave 2,Ortho Referrer,Ortho / Cross-Sell,"WEST BLOOMFIELD INTERNAL MEDICINE, PLLC",edf56788-9b9d-4f4d-a93a-59a09f7cb794,"6014 W MAPLE RD, WEST BLOOMFIELD, Michigan, MI 48322",PCP,Internal Medicine/PCP,Other – WEST BLOOMFIELD,Kristen,Deterministically matched,"Bragman DO, James",0,1,1,2,,2026-03-27 00:00:00,2026-02-12 00:00:00,43,53.5,Weak,Ortho-to-Spine Cross-Sell,Outside Core Baseline,0,0,1,2,2,1,2026-05-07 00:00:00,84,21,Internal Medicine/PCP: No frequency,Unknown,Unknown,Likely Open – recent MMC visit,Cross-sell: make a direct spine ask,Matched,"Score = referral 37 + specialty 4 + visit context 1 + reachability 1 + data 2. Exact provider name Patient counts are distinct attributed B2B records, not confirmed kept visits."
286,61,45,Tier 2,Wave 2,Ortho Referrer,Ortho / Cross-Sell,Care Medical Clinic of Canton,1356380513,"5730 N Lilley Rd, ste C, Canton, MI, 48187",PCP,Internal Medicine/PCP,Other – Canton,Jasmine,Deterministically matched,"Debrincat, Paul G",0,1,0,1,,2026-05-08 00:00:00,2026-03-16 00:00:00,53,53,Weak,Ortho-to-Spine Cross-Sell,Outside Core Baseline,0,1,1,3,3,1,2026-06-02 00:00:00,69,21,Internal Medicine/PCP: No frequency,Unknown,Unknown,Likely Open – recent MMC visit,Cross-sell: make a direct spine ask,Matched,"Score = referral 37 + specialty 4 + visit context 1 + reachability 1 + data 2. Exact provider name Patient counts are distinct attributed B2B records, not confirmed kept visits."
287,62,45,Tier 2,Wave 2,Ortho Referrer,Ortho / Cross-Sell,City Medical - Southgate,1326021262,"13636 Dix Toledo, Southgate, MI, 481952432",PCP,Internal Medicine/PCP,Other – Southgate,Jasmine,Deterministically matched,"Omar PA-C, Nabeel",0,1,0,1,,2026-05-08 00:00:00,2026-04-22 00:00:00,16,16,Moderate,Ortho-to-Spine Cross-Sell,Outside Core Baseline,0,0,0,2,6,3,2026-04-22 00:00:00,48,21,Internal Medicine/PCP: No frequency,Unknown,Unknown,Likely Open – recent MMC visit,Cross-sell: make a direct spine ask,Matched,"Score = referral 37 + specialty 4 + visit context 0 + reachability 2 + data 2. Exact provider name Patient counts are distinct attributed B2B records, not confirmed kept visits."
288,63,45,Tier 2,Wave 2,Ortho Referrer,Ortho / Cross-Sell,Corwell internal medicine and primary care,3a2a1db5-c1c4-41cd-a7f3-b4e0b388e268,"37633 Pembroke Avenue, Livonia, Michigan, 48152",PCP,Internal Medicine/PCP,Livonia,Jasmine,Deterministically matched,"VAYNTRUB MD, ELAINA",0,1,0,1,,2026-06-08 00:00:00,,,,Weak,Ortho-to-Spine Cross-Sell,Outside Core Baseline,0,1,1,1,1,1,2026-06-09 00:00:00,,21,Internal Medicine/PCP: No frequency,Unknown,Unknown,Likely Open – recent MMC visit,Cross-sell: make a direct spine ask,Matched,"Score = referral 37 + specialty 4 + visit context 1 + reachability 1 + data 2. Exact provider name Patient counts are distinct attributed B2B records, not confirmed kept visits."
289,64,45,Tier 2,Wave 2,Ortho Referrer,Ortho / Cross-Sell,"MEDICAL GROUP PRACTICE, PC (Olympia health)",931a0b27-6417-43b6-a15a-c3eac7f8203a,"9460 MIDDLEBELT RD, LIVONIA, MI, 48150",PCP,Jasmine's unrelated; Internal Medicine/PCP,Livonia,Jasmine,Deterministically matched,"Penn DO, William Paul",0,1,0,1,,2026-04-13 00:00:00,2026-03-03 00:00:00,41,41,Weak,Ortho-to-Spine Cross-Sell,Outside Core Baseline,0,0,0,1,2,2,2026-03-03 00:00:00,,21,Jasmine's unrelated: No frequency;Internal Medicine/PCP: No frequency,Unknown,Unknown,Likely Open – recent MMC visit,Cross-sell: make a direct spine ask,Matched,"Score = referral 37 + specialty 4 + visit context 0 + reachability 2 + data 2. Unique provider first + last Patient counts are distinct attributed B2B records, not confirmed kept visits."
290,65,45,Tier 2,Wave 2,Ortho Referrer,Ortho / Cross-Sell,Schaefer Medical,a5a464ab-73df-48e0-8f49-b80f6b89fc6b,"5245 Schaefer Rd, Dearborn, Michigan, 48126",PCP,Internal Medicine/PCP,Other – Dearborn,Jasmine,Deterministically matched,"Ghani MD, Nesrene",0,1,0,1,,2026-04-17 00:00:00,2026-01-22 00:00:00,85,85,Weak,Ortho-to-Spine Cross-Sell,Outside Core Baseline,0,0,1,2,2,1,2026-05-06 00:00:00,104,21,Internal Medicine/PCP: No frequency,Unknown,Unknown,Likely Open – recent MMC visit,Cross-sell: make a direct spine ask,Matched,"Score = referral 37 + specialty 4 + visit context 1 + reachability 1 + data 2. Exact provider name Patient counts are distinct attributed B2B records, not confirmed kept visits."
291,66,45,Tier 2,Wave 2,Ortho Referrer,Ortho / Cross-Sell,"TERRY D HOWELL, MD, PC",4e57efb6-1ae9-4171-ac14-4be29705805c,"401 N ANN ARBOR ST STE D, SALINE, MI, 48176",PCP,Internal Medicine/PCP,Other – SALINE,Jasmine,Deterministically matched,"Howell MD, Terry",0,1,0,1,,2026-06-22 00:00:00,2025-10-20 00:00:00,245,245,Weak,Ortho-to-Spine Cross-Sell,Outside Core Baseline,0,0,0,0,0,2,2025-10-20 00:00:00,,21,Internal Medicine/PCP: No frequency,Unknown,Unknown,Verify before route,Cross-sell: make a direct spine ask,Matched,"Score = referral 37 + specialty 4 + visit context 0 + reachability 2 + data 2. Exact provider name Patient counts are distinct attributed B2B records, not confirmed kept visits."
292,67,45,Tier 2,Wave 2,Ortho Referrer,Ortho / Cross-Sell,The family Doc,3b5d6ffd-3a5a-4ccd-b656-e2340f7c8ea5,"25350 West Warren Street, Dearborn Heights, Michigan, 48127",PCP,Internal Medicine/PCP,Other – Dearborn Heights,Jasmine,Deterministically matched,"Nasrallah MD, Ali I",0,1,0,1,,2026-03-16 00:00:00,2026-02-26 00:00:00,18,18,Weak,Ortho-to-Spine Cross-Sell,Outside Core Baseline,0,0,0,1,4,4,2026-02-26 00:00:00,,21,Internal Medicine/PCP: No frequency,Unknown,Unknown,Likely Open – recent MMC visit,Cross-sell: make a direct spine ask,Matched,"Score = referral 37 + specialty 4 + visit context 0 + reachability 2 + data 2. Unique provider first + last Patient counts are distinct attributed B2B records, not confirmed kept visits."
293,68,45,Tier 2,Wave 2,Ortho Referrer,Ortho / Cross-Sell,Wayne Primary Care and Walk In,607852d7-cb70-46f8-ac4a-ed6f36b0acf9,"4020 Venoy Rd suite 400, Wayne, Michigan, 48184",Urgent Care,Internal Medicine/PCP; Urgent Cares,Other – Wayne,Jasmine,Deterministically matched,"Patel MD, Vijay",0,1,0,1,,2026-01-15 00:00:00,2026-01-05 00:00:00,10,10,Weak,Ortho-to-Spine Cross-Sell,Outside Core Baseline,0,1,1,3,3,1,2026-06-08 00:00:00,77,21,Internal Medicine/PCP: No frequency;Urgent Cares: No frequency,Unknown,Unknown,Likely Open – recent MMC visit,Cross-sell: make a direct spine ask,Matched,"Score = referral 37 + specialty 4 + visit context 1 + reachability 1 + data 2. Exact provider name Patient counts are distinct attributed B2B records, not confirmed kept visits."
294,72,45,Tier 2,Wave 2,Ortho Referrer,Ortho / Cross-Sell,Henry Ford Macomb Health Center - Fraser,1902134794,"15717 15 Mile Rd, Clinton Township, MI, 48035",PCP,Internal Medicine/PCP,Other – Clinton Township,Coty,Deterministically matched,"Packey DO, Nicholas S",0,1,0,1,,2026-05-05 00:00:00,2026-03-26 00:00:00,40,40,Moderate,Ortho-to-Spine Cross-Sell,Outside Core Baseline,0,0,0,1,6,6,2026-03-26 00:00:00,,21,Internal Medicine/PCP: No frequency,Unknown,Unknown,Likely Open – recent MMC visit,Cross-sell: make a direct spine ask,Matched,"Score = referral 37 + specialty 4 + visit context 0 + reachability 2 + data 2. Unique provider first + last Patient counts are distinct attributed B2B records, not confirmed kept visits."
295,73,45,Tier 2,Wave 2,Ortho Referrer,Ortho / Cross-Sell,Springfield Urgent Care - Hamburg,0da678d4-9648-4315-8770-fb6768c5c2ea,"9547 Chilson Commons Cir, Whitmore Lake, Michigan, 48189",Urgent Care,Urgent Cares,Other – Whitmore Lake,Coty,Deterministically matched,Springfield Urgent Care - Hamburg,0,1,0,1,,2026-01-30 00:00:00,2024-02-12 00:00:00,718,718,Weak,Ortho-to-Spine Cross-Sell,Outside Core Baseline,0,0,0,1,4,4,2026-02-11 00:00:00,,21,Urgent Cares: No frequency,Unknown,Unknown,Likely Open – recent MMC visit,Cross-sell: make a direct spine ask,Matched,"Score = referral 37 + specialty 4 + visit context 0 + reachability 2 + data 2. Exact company name Patient counts are distinct attributed B2B records, not confirmed kept visits."
296,155,44,Tier 2,Wave 2,Ortho Referrer,Ortho / Cross-Sell,Team Rehab - SMA Bloomfield Hills,6185c99b-b972-4582-aac1-b784f9730bb5,"36880 Woodward Ave Bloomfield Township, Michigan, 48304",PT,Physical Therapy,Other,Kristen,Deterministically matched,"DiPace DPT, Lorenzo",0,1,0,1,,2026-02-06 00:00:00,,,,Moderate,Ortho-to-Spine Cross-Sell,Outside Core Baseline,0,0,1,1,6,6,2026-05-06 00:00:00,,21,Physical Therapy: No frequency,Unknown,Unknown,Likely Open – recent MMC visit,Cross-sell: make a direct spine ask,Matched,"Score = referral 37 + specialty 3 + visit context 1 + reachability 2 + data 1. Exact provider name Patient counts are distinct attributed B2B records, not confirmed kept visits."
297,69,44,Tier 2,Wave 2,Ortho Referrer,Ortho / Cross-Sell,PEDIATRIC AND ADOLESCENT CENTER,31fe13d8-1060-4c98-bf75-61f09e803121,"15555 Northline Road, Southgate, Michigan, 48195",Pediatrics,Pediatrician,Other – Southgate,Jasmine,Deterministically matched,"Nayak  MD, Dinesh",0,1,0,1,,2026-02-09 00:00:00,2025-11-03 00:00:00,98,98,Moderate,Ortho-to-Spine Cross-Sell,Outside Core Baseline,0,0,0,2,14,7,2026-04-22 00:00:00,48,21,Pediatrician: No frequency,Unknown,Unknown,Likely Open – recent MMC visit,Cross-sell: make a direct spine ask,Matched,"Score = referral 37 + specialty 3 + visit context 0 + reachability 2 + data 2. Exact provider name Patient counts are distinct attributed B2B records, not confirmed kept visits."
298,74,44,Tier 2,Wave 2,Ortho Referrer,Ortho / Cross-Sell,Corondan Medical,1376594887,"14050 14 Mile Rd, Warren, MI, 48088",PCP,Internal Medicine/PCP,Other – Warren,Coty,Deterministically matched,"Corondan MD, Victor",0,1,0,1,,2026-04-01 00:00:00,2026-03-27 00:00:00,5,5,Weak,Ortho-to-Spine Cross-Sell,Outside Core Baseline,0,0,0,2,2,1,2026-04-17 00:00:00,21,21,Internal Medicine/PCP: No frequency,Unknown,Unknown,Likely Open – recent MMC visit,Cross-sell: make a direct spine ask,Matched,"Score = referral 37 + specialty 4 + visit context 0 + reachability 1 + data 2. Exact provider name Patient counts are distinct attributed B2B records, not confirmed kept visits."
299,75,44,Tier 2,Wave 2,Ortho Referrer,Ortho / Cross-Sell,Midwest Center for Dermatology - Warren,1205831005,"11900 E 12 Mile Rd, ste 201, Warren, MI, 480933490",Other / Verify,Dermatology,Other – Warren,Coty,Deterministically matched,"Altman, David A",0,1,0,1,,2026-05-15 00:00:00,2023-08-04 00:00:00,1015,1015,Weak,Ortho-to-Spine Cross-Sell,Outside Core Baseline,0,0,0,0,0,2,2023-08-04 00:00:00,,21,Dermatology: No frequency,Unknown,Unknown,Verify before route,Cross-sell: make a direct spine ask,Matched,"Score = referral 37 + specialty 3 + visit context 0 + reachability 2 + data 2. Unique provider first + last Patient counts are distinct attributed B2B records, not confirmed kept visits."
300,76,44,Tier 2,Wave 2,Ortho Referrer,Ortho / Cross-Sell,Saurabh Gupta MD,1912926510,"610 E 12 Mile Rd, Madison Heights, MI, 480712567",PCP,Geriatrics,Other – Madison Heights,Coty,Deterministically matched,"Gupta MD, Saurabh",0,1,0,1,,2026-07-06 00:00:00,2025-05-16 00:00:00,416,416,Weak,Ortho-to-Spine Cross-Sell,Outside Core Baseline,0,0,0,0,0,1,2025-05-16 00:00:00,,21,Geriatrics: No frequency,Unknown,Unknown,Verify before route,Cross-sell: make a direct spine ask,Matched,"Score = referral 37 + specialty 4 + visit context 0 + reachability 1 + data 2. Exact provider name Patient counts are distinct attributed B2B records, not confirmed kept visits."
301,156,43,Tier 2,Wave 2,Ortho Referrer,Ortho / Cross-Sell,Kids First Pediatrics,1235164872,"350 East 9 Mile Rd, Hazel Park, Michigan, 480301842",Other / Verify,,Other – Hazel Park,Kristen,Deterministically matched,"Hatta MD, Ami",0,1,0,1,,2026-01-06 00:00:00,2025-12-10 00:00:00,27,27,Weak,Ortho-to-Spine Cross-Sell,Outside Core Baseline,0,0,1,2,2,1,2026-05-12 00:00:00,83,21,,Unknown,Unknown,Likely Open – recent MMC visit,Cross-sell: make a direct spine ask,Matched,"Score = referral 37 + specialty 3 + visit context 1 + reachability 1 + data 1. Exact provider name Patient counts are distinct attributed B2B records, not confirmed kept visits."
302,70,43,Tier 2,Wave 2,Ortho Referrer,Ortho / Cross-Sell,CANTON FOOT & Ankle SPECIALISTS,13dc6a74-7486-4022-8993-7eaf6b95734e,"43050 Ford Road Ste 150, Canton, Michigan, 48187",Podiatry,Podiatrist,Other – Canton,Jasmine,Deterministically matched,"SEMMA, BRANDON",0,1,0,1,,2026-01-20 00:00:00,2026-01-15 00:00:00,5,5,Weak,Ortho-to-Spine Cross-Sell,Outside Core Baseline,0,0,0,1,1,1,2026-01-15 00:00:00,,21,Podiatrist: No frequency,Unknown,Unknown,Verify before route,Cross-sell: make a direct spine ask,Matched,"Score = referral 37 + specialty 3 + visit context 0 + reachability 1 + data 2. Exact provider name Patient counts are distinct attributed B2B records, not confirmed kept visits."
303,71,35,Tier 3,Wave 2,Other Patient Referrer,Other B2B / Cross-Sell,Novi Medicine,bd0ee186-9de1-49f1-b6f7-85fc538efd3b,"39475 LEWIS DR STE 150, NOVI, MI, 48377",PCP,Internal Medicine/PCP,Other – NOVI,Jasmine,Deterministically matched,"Paul MD, Lowell",0,0,4,4,,2026-05-26 00:00:00,2026-04-28 00:00:00,28,8,Strong,Active B2B Cross-Sell,Current Core Baseline,1,2,3,6,12,2,2026-07-15 00:00:00,37,30,Internal Medicine/PCP: No frequency,Unknown,Unknown,Likely Open – recent MMC visit,Cross-sell: qualify spine opportunity,Matched,"Score = referral 24 + specialty 4 + visit context 3 + reachability 2 + data 2. Exact provider name Patient counts are distinct attributed B2B records, not confirmed kept visits."
304,157,33,Tier 3,Wave 2,Other Patient Referrer,Other B2B / Cross-Sell,Berry Johnson Health,1134320930,"26400 West 12 Mile Road, Southfield, Michigan, 48034",PCP,Internal Medicine/PCP,Southfield,Kristen,Deterministically matched,"Berry MD, Neesha R; Irby Johnson MD, NiJuanna; Irby Johnson, NiJuanna; Irby- Johnson MD, NiJuanna",0,0,14,14,,2026-07-07 00:00:00,2026-05-27 00:00:00,41,44,Weak,Active B2B Cross-Sell,Outside Core Baseline,0,1,1,2,5,3,2026-05-27 00:00:00,84,30,Internal Medicine/PCP: No frequency,Unknown,Unknown,Likely Open – recent MMC visit,Cross-sell: qualify spine opportunity,Matched,"Score = referral 24 + specialty 4 + visit context 1 + reachability 2 + data 2. Exact provider name; Unique provider first + last Patient counts are distinct attributed B2B records, not confirmed kept visits."
305,77,33,Tier 3,Wave 2,Other Patient Referrer,Other B2B / Cross-Sell,Michigan Spine Institute,989f0eea-dc08-4445-9a51-ee7663255964,"5220 Highland Rd #210, Waterford Township, Michigan, 48327",Orthopedic,Neurosurgery,Other – Waterford Township,Coty,Deterministically matched,"CRUET MD, MIGUELANGELO PEREZ; CRUET, MIGUELANGELO PEREZ; Perez- Cruet MD, Miguelangelo",0,0,5,5,,2026-06-08 00:00:00,2025-10-28 00:00:00,223,160,Weak,Active B2B Cross-Sell,Outside Core Baseline,0,0,0,0,0,5,2025-10-28 00:00:00,,30,Neurosurgery: No frequency,Unknown,Unknown,Verify before route,Cross-sell: qualify spine opportunity,Matched,"Score = referral 24 + specialty 5 + visit context 0 + reachability 2 + data 2. Exact provider name Patient counts are distinct attributed B2B records, not confirmed kept visits."
306,72,29,Tier 3,Wave 2,Other Patient Referrer,Other B2B / Cross-Sell,DEDICATED SENIOR MEDICAL CENTER - Southfield,12deaf83-0f5e-4bd5-bf07-a4026935ffd1,"21816 w 11 mile rd, Southfield, Michigan, 48076",Orthopedic,Ortho; Internal Medicine/PCP,Southfield,Jasmine,Deterministically matched,"Azzo MD, Sally; Reddy MD, Vishnuvardhan G",0,0,2,2,,2026-06-22 00:00:00,2026-06-18 00:00:00,4,8,Strong,Active B2B Cross-Sell,Current Core Baseline,2,5,6,16,80,5,2026-06-25 00:00:00,8,30,Ortho: No frequency;Internal Medicine/PCP: No frequency,Unknown,Unknown,Likely Open – recent MMC visit,Cross-sell: qualify spine opportunity,Matched,"Score = referral 17 + specialty 5 + visit context 3 + reachability 2 + data 2. Exact provider name; Unique provider first + last Patient counts are distinct attributed B2B records, not confirmed kept visits."
307,73,28,Tier 3,Wave 2,Other Patient Referrer,Other B2B / Cross-Sell,Corewell Health Farmington hills Hospital family medicine,a2a230c5-b58c-4416-a519-b3d118d15202,"39000 7 MILE RD Suite 4300, LIVONIA, MI, 48152",PCP,Internal Medicine/PCP,Livonia,Jasmine,Deterministically matched,"STONE PA, KERRY L; Valenti DO, Matteo",0,0,2,2,,2026-06-18 00:00:00,2026-05-14 00:00:00,35,29.5,Strong,Active B2B Cross-Sell,Current Core Baseline,1,1,2,6,24,4,2026-07-08 00:00:00,34,30,Internal Medicine/PCP: No frequency,Unknown,Unknown,Likely Open – recent MMC visit,Cross-sell: qualify spine opportunity,Matched,"Score = referral 17 + specialty 4 + visit context 3 + reachability 2 + data 2. Unique provider first + last; Exact provider name Patient counts are distinct attributed B2B records, not confirmed kept visits."
308,78,27,Tier 3,Wave 2,Other Patient Referrer,Other B2B / Cross-Sell,Michigan Institute for Neurological Disorders (MIND) - Farmington Hills,1962472241,"28595 Orchard Lake Road, ste 200, Farmington, Michigan, 483342977",Pain,Neurology; Pain Management; Physical Therapy,Other – Farmington,Coty,Deterministically matched,"Feldman MD, Daniel; Singer DO, Daniel",0,0,2,2,,2026-05-01 00:00:00,2026-02-12 00:00:00,78,59,Weak,Active B2B Cross-Sell,Outside Core Baseline,0,1,1,2,4,2,2026-05-28 00:00:00,105,30,Neurology: No frequency;Pain Management: No frequency;Physical Therapy: No frequency,Unknown,Unknown,Likely Open – recent MMC visit,Cross-sell: qualify spine opportunity,Matched,"Score = referral 17 + specialty 5 + visit context 1 + reachability 2 + data 2. Exact provider name Patient counts are distinct attributed B2B records, not confirmed kept visits."
309,158,26,Tier 3,Wave 2,Other Patient Referrer,Other B2B / Cross-Sell,Internal Medicine Physicians #170,b2c94565-78b1-460d-a80d-4d507a1ddb7d,"32255 NORTHWESTERN HWY STE 170, FARMINGTON HILLS, MI, 48334",PCP,Internal Medicine/PCP,Other – FARMINGTON HILLS,Kristen,Deterministically matched,"Klausner MD, Mitchell; Moss MD, Barry M",0,0,3,3,,2026-06-10 00:00:00,2026-05-08 00:00:00,33,33,Strong,Active B2B Cross-Sell,Outside Core Baseline,0,0,1,2,18,9,2026-05-08 00:00:00,81,30,Internal Medicine/PCP: No frequency,Unknown,Unknown,Likely Open – recent MMC visit,Cross-sell: qualify spine opportunity,Matched,"Score = referral 17 + specialty 4 + visit context 1 + reachability 2 + data 2. Exact provider name; Unique provider first + last Patient counts are distinct attributed B2B records, not confirmed kept visits."
310,79,25,Tier 3,Wave 2,Other Patient Referrer,Other B2B / Cross-Sell,Michigan Institute for Neurological Disorders (MIND) - Roseville,7d9074be-0dfe-445c-9ff8-65b5eadde58e,"25100 Kelly Rd, Roseville, Michigan, 48066",Pain,Neurology; Pain Management; Physical Therapy,Other – Roseville,Coty,Deterministically matched,"Vieder DO, Brandon",0,0,1,1,,2026-01-27 00:00:00,2025-11-05 00:00:00,83,83,Strong,Active B2B Cross-Sell,Current Core Baseline,1,2,3,6,64,12,2026-06-25 00:00:00,29,30,Neurology: No frequency;Pain Management: No frequency;Physical Therapy: No frequency,Unknown,Unknown,Likely Open – recent MMC visit,Cross-sell: qualify spine opportunity,Matched,"Score = referral 13 + specialty 5 + visit context 3 + reachability 2 + data 2. Exact provider name Patient counts are distinct attributed B2B records, not confirmed kept visits."
311,80,25,Tier 3,Wave 2,Other Patient Referrer,Other B2B / Cross-Sell,Neurology Consultants of Southfield,1003819897,"26400 West 12 Mile Rd, Suite 170, Southfield, MI, 48034",Neurology,Neurology,Southfield,Coty,Deterministically matched,"Leuchter MD, William",0,0,1,1,,2026-07-06 00:00:00,2026-05-28 00:00:00,39,39,Strong,Active B2B Cross-Sell,Outside Core Baseline,1,2,3,7,28,5,2026-07-08 00:00:00,19.5,30,Neurology: No frequency,Unknown,Unknown,Likely Open – recent MMC visit,Cross-sell: qualify spine opportunity,Matched,"Score = referral 13 + specialty 5 + visit context 3 + reachability 2 + data 2. Exact provider name Patient counts are distinct attributed B2B records, not confirmed kept visits."
312,74,24,Tier 3,Wave 2,Other Patient Referrer,Other B2B / Cross-Sell,ASCENSION MEDICAL GROUP WEST BLOOMFIELD FAMILY PRACTICE,611f52cc-838d-405e-8988-68708f39608e,"28455 HAGGERTY RD STE 100, NOVI, MI, 48377",PCP,Internal Medicine/PCP,Other – NOVI,Jasmine,Deterministically matched,"Clary MD, Bethany",0,0,1,1,,2026-03-03 00:00:00,2026-02-23 00:00:00,8,8,Strong,Active B2B Cross-Sell,Current Core Baseline,1,2,3,6,18,3,2026-07-15 00:00:00,37,30,Internal Medicine/PCP: No frequency,Unknown,Unknown,Likely Open – recent MMC visit,Cross-sell: qualify spine opportunity,Matched,"Score = referral 13 + specialty 4 + visit context 3 + reachability 2 + data 2. Exact provider name Patient counts are distinct attributed B2B records, not confirmed kept visits."
313,75,24,Tier 3,Wave 2,Other Patient Referrer,Other B2B / Cross-Sell,Corewell Urgent Care - Novi,e996949d-e85c-4588-a081-deb7cdc8510a,"43535 Grand River, Novi, Michigan, 48375",Urgent Care,Urgent care,Other – Novi,Jasmine,Deterministically matched,Corewell Urgent Care - Novi,0,0,1,1,,2026-04-22 00:00:00,2026-04-01 00:00:00,21,21,Moderate,Active B2B Cross-Sell,Current Core Baseline,1,1,2,5,10,2,2026-06-23 00:00:00,41.5,30,Urgent care: No frequency,Unknown,Unknown,Likely Open – recent MMC visit,Cross-sell: qualify spine opportunity,Matched,"Score = referral 13 + specialty 4 + visit context 3 + reachability 2 + data 2. Exact company name Patient counts are distinct attributed B2B records, not confirmed kept visits."
314,76,24,Tier 3,Wave 2,Other Patient Referrer,Other B2B / Cross-Sell,Park Family Practice - Novi,210797fc-d818-410f-94de-02c502935d29,"26850 PROVIDENCE PKWY STE 370, NOVI, MI, 48374",PCP,Internal Medicine/PCP,Other – NOVI,Jasmine,Deterministically matched,"Schram PA, Megan",0,0,1,1,,2026-07-09 00:00:00,2026-06-23 00:00:00,16,16,Strong,Active B2B Cross-Sell,Current Core Baseline,1,1,2,5,40,8,2026-06-23 00:00:00,41.5,30,Internal Medicine/PCP: No frequency,Unknown,Unknown,Likely Open – recent MMC visit,Cross-sell: qualify spine opportunity,Matched,"Score = referral 13 + specialty 4 + visit context 3 + reachability 2 + data 2. Exact provider name Patient counts are distinct attributed B2B records, not confirmed kept visits."
315,77,24,Tier 3,Wave 2,Other Patient Referrer,Other B2B / Cross-Sell,"PONDURI, KAVITHA, MEDICAL GROUP",b873599c-56bb-4876-b2ec-95215a325efb,"34659 West Michigan Avenue, Wayne, Michigan, 48184",PCP,Internal Medicine/PCP,Other – Wayne,Jasmine,Deterministically matched,"Ponduri MD, Kavitha",0,0,1,1,,2026-03-23 00:00:00,2026-03-09 00:00:00,14,14,Moderate,Active B2B Cross-Sell,Current Core Baseline,1,2,2,4,8,2,2026-07-13 00:00:00,63,30,Internal Medicine/PCP: No frequency,Unknown,Unknown,Likely Open – recent MMC visit,Cross-sell: qualify spine opportunity,Matched,"Score = referral 13 + specialty 4 + visit context 3 + reachability 2 + data 2. Exact provider name Patient counts are distinct attributed B2B records, not confirmed kept visits."
316,159,23,Tier 3,Wave 2,Other Patient Referrer,Other B2B / Cross-Sell,Henry Ford Orthopedics & Sports Medicine - Chesterfield,0200933e-44d0-4869-8ddd-cd02b601b866,"36750 26 Mile Rd, ste 140, New Baltimore, Michigan, 48047",Orthopedic,Orthopedic Surgery,Other – New Baltimore,Kristen,Deterministically matched,"Yokhana MD, Sanar",0,0,1,1,,2026-04-02 00:00:00,2026-03-23 00:00:00,10,10,Strong,Active B2B Cross-Sell,Outside Core Baseline,0,1,1,3,12,4,2026-06-09 00:00:00,68.5,30,Orthopedic Surgery: No frequency,Unknown,Unknown,Likely Open – recent MMC visit,Cross-sell: qualify spine opportunity,Matched,"Score = referral 13 + specialty 5 + visit context 1 + reachability 2 + data 2. Exact provider name Patient counts are distinct attributed B2B records, not confirmed kept visits."
317,160,23,Tier 3,Wave 2,Other Patient Referrer,Other B2B / Cross-Sell,"MEDICAL CENTER PEDIATRICS, PLLC",137b9944-574d-47c1-9f8c-99541123fc30,"30400 TELEGRAPH RD STE 101, BINGHAM FARMS, Michigan",Pediatrics,Pediatrician,Other – BINGHAM FARMS,Kristen,Deterministically matched,"LIPPITT MD,  DENISE",0,0,1,1,,2026-05-07 00:00:00,2026-04-27 00:00:00,10,10,Strong,Active B2B Cross-Sell,Outside Core Baseline,1,1,2,3,42,14,2026-07-08 00:00:00,79.5,30,Pediatrician: No frequency,Unknown,Unknown,Likely Open – recent MMC visit,Cross-sell: qualify spine opportunity,Matched,"Score = referral 13 + specialty 3 + visit context 3 + reachability 2 + data 2. Exact provider name Patient counts are distinct attributed B2B records, not confirmed kept visits."
318,78,23,Tier 3,Wave 2,Other Patient Referrer,Other B2B / Cross-Sell,BEAUMONT FAMILY MEDICINE GARDEN CITY,796ef668-29ca-4cac-84b8-fd8125eb6bde,"29150 FORD RD, GARDEN CITY, MI, 48135",PCP,Internal Medicine/PCP,Other – GARDEN CITY,Jasmine,Deterministically matched,"Abdulghani MD, Mariam",0,0,1,1,,2026-03-30 00:00:00,2026-03-03 00:00:00,27,27,Strong,Active B2B Cross-Sell,Outside Core Baseline,0,1,2,3,24,8,2026-06-15 00:00:00,52,30,Internal Medicine/PCP: No frequency,Unknown,Unknown,Likely Open – recent MMC visit,Cross-sell: qualify spine opportunity,Matched,"Score = referral 13 + specialty 4 + visit context 2 + reachability 2 + data 2. Exact provider name Patient counts are distinct attributed B2B records, not confirmed kept visits."
319,81,23,Tier 3,Wave 2,Other Patient Referrer,Other B2B / Cross-Sell,Foot & Ankle Specialists of Southeast Michigan - Warren,c47f040d-217f-4526-bd80-92b1073a4d77,"29433 Ryan Rd, Warren, Michigan, 48092",Other / Verify,Podaitry,Other – Warren,Coty,Deterministically matched,"KISSEL DPM, BRIAN",0,0,1,1,,2026-06-25 00:00:00,2026-06-08 00:00:00,17,17,Strong,Active B2B Cross-Sell,Outside Core Baseline,1,2,4,6,26,8,2026-07-02 00:00:00,24,30,Podaitry: No frequency,Unknown,Unknown,Likely Open – recent MMC visit,Cross-sell: qualify spine opportunity,Matched,"Score = referral 13 + specialty 3 + visit context 3 + reachability 2 + data 2. Exact provider name Patient counts are distinct attributed B2B records, not confirmed kept visits."
320,82,23,Tier 3,Wave 2,Other Patient Referrer,Other B2B / Cross-Sell,Frederick Karoub MD PC,1679554562,"4045 West 13 Mile Road, Royal Oak, Michigan, 48073",PCP,Internal Medicine/PCP,Other – Royal Oak,Coty,Deterministically matched,"Karoub MD, Carl",0,0,1,1,,2026-01-05 00:00:00,2025-09-25 00:00:00,102,102,Moderate,Active B2B Cross-Sell,Outside Core Baseline,0,1,2,5,10,2,2026-06-17 00:00:00,27,30,Internal Medicine/PCP: No frequency,Unknown,Unknown,Likely Open – recent MMC visit,Cross-sell: qualify spine opportunity,Matched,"Score = referral 13 + specialty 4 + visit context 2 + reachability 2 + data 2. Exact provider name Patient counts are distinct attributed B2B records, not confirmed kept visits."
321,161,22,Tier 3,Wave 2,Other Patient Referrer,Other B2B / Cross-Sell,Associates in Internal Medicine - MHP,1639309131,"5777 W Maple Rd, Suite 140, West Bloomfield, MI, 483222267",PCP,Internal Medicine/PCP,Other – West Bloomfield,Kristen,Deterministically matched,"Samona MD, tassia",0,0,1,1,,2026-07-07 00:00:00,2026-05-07 00:00:00,61,61,Strong,Active B2B Cross-Sell,Outside Core Baseline,0,0,1,3,21,7,2026-05-07 00:00:00,42,30,Internal Medicine/PCP: No frequency,Unknown,Unknown,Likely Open – recent MMC visit,Cross-sell: qualify spine opportunity,Matched,"Score = referral 13 + specialty 4 + visit context 1 + reachability 2 + data 2. Exact provider name Patient counts are distinct attributed B2B records, not confirmed kept visits."
322,162,22,Tier 3,Wave 2,Other Patient Referrer,Other B2B / Cross-Sell,Commerce Internal Medicine,4d1d555f-aa98-48e9-b9a2-d323e87d5745,"9640 Commerce Road, Commerce Charter Township, Michigan, 48382",PCP,Internal Medicine/PCP,Other – Commerce Charter Township,Kristen,Deterministically matched,"Markowitz, Norman",0,0,1,1,,2026-01-07 00:00:00,2025-12-19 00:00:00,19,19,Moderate,Active B2B Cross-Sell,Outside Core Baseline,0,1,1,2,8,4,2026-05-26 00:00:00,84,30,Internal Medicine/PCP: No frequency,Unknown,Unknown,Likely Open – recent MMC visit,Cross-sell: qualify spine opportunity,Matched,"Score = referral 13 + specialty 4 + visit context 1 + reachability 2 + data 2. Exact provider name Patient counts are distinct attributed B2B records, not confirmed kept visits."
323,163,22,Tier 3,Wave 2,Other Patient Referrer,Other B2B / Cross-Sell,Corewell Urgent Care - Royal Oak,0705419c-d214-479c-befc-96609a540921,"309 E Eleven Mile Rd ste a, Royal Oak, Michigan, 48067",Urgent Care,Urgent Cares,Other – Royal Oak,Kristen,Deterministically matched,Corewell Urgent Care Royal Oak,0,0,1,1,,2026-06-15 00:00:00,2026-05-21 00:00:00,25,25,Weak,Active B2B Cross-Sell,Outside Core Baseline,0,1,1,1,0,5,2026-05-21 00:00:00,,30,Urgent Cares: No frequency,Unknown,Unknown,Likely Open – recent MMC visit,Cross-sell: qualify spine opportunity,Matched,"Score = referral 13 + specialty 4 + visit context 1 + reachability 2 + data 2. Exact company name Patient counts are distinct attributed B2B records, not confirmed kept visits."
324,164,22,Tier 3,Wave 2,Other Patient Referrer,Other B2B / Cross-Sell,Corwell Health - Farmington,7b335c19-3210-419e-888b-e9aabe43f40a,"32754 Grand River Ave, Farmington, Michigan, 48336",PCP,Internal Medicine/PCP,Other – Farmington,Kristen,Deterministically matched,"Tuxhari DO, Snezhana",0,0,1,1,,2026-06-12 00:00:00,2026-05-11 00:00:00,32,32,Moderate,Active B2B Cross-Sell,Outside Core Baseline,0,0,1,2,6,3,2026-05-11 00:00:00,83,30,Internal Medicine/PCP: No frequency,Unknown,Unknown,Likely Open – recent MMC visit,Cross-sell: qualify spine opportunity,Matched,"Score = referral 13 + specialty 4 + visit context 1 + reachability 2 + data 2. Exact provider name Patient counts are distinct attributed B2B records, not confirmed kept visits."
325,165,22,Tier 3,Wave 2,Other Patient Referrer,Other B2B / Cross-Sell,Internal Medicine Specialists,e37d14fb-2eea-4cb1-8957-ff0081af7ed5,"5821 W Maple Rd suite 190, West Bloomfield Township, Michigan, 48322",PCP,Internal Medicine/PCP,Other – West Bloomfield Township,Kristen,Deterministically matched,"FELDMAN MD, MICHAEL",0,0,1,1,,2026-05-01 00:00:00,2026-02-12 00:00:00,78,78,Strong,Active B2B Cross-Sell,Outside Core Baseline,0,0,1,2,12,6,2026-05-07 00:00:00,84,30,Internal Medicine/PCP: No frequency,Unknown,Unknown,Likely Open – recent MMC visit,Cross-sell: qualify spine opportunity,Matched,"Score = referral 13 + specialty 4 + visit context 1 + reachability 2 + data 2. Exact provider name Patient counts are distinct attributed B2B records, not confirmed kept visits."
326,166,22,Tier 3,Wave 2,Other Patient Referrer,Other B2B / Cross-Sell,Rochester Primary Care,52b21544-4438-4ade-810b-2ce607128ed8,"1349 South Rochester Road, ste 100, Rochester Hills, Michigan, 48307",PCP,Internal Medicine/PCP,Other – Rochester Hills,Kristen,Deterministically matched,"Schwutke MD, Steffanie",0,0,1,1,,2026-03-19 00:00:00,2026-01-20 00:00:00,58,58,Strong,Active B2B Cross-Sell,Outside Core Baseline,0,1,1,3,15,5,2026-06-10 00:00:00,70.5,30,Internal Medicine/PCP: No frequency,Unknown,Unknown,Likely Open – recent MMC visit,Cross-sell: qualify spine opportunity,Matched,"Score = referral 13 + specialty 4 + visit context 1 + reachability 2 + data 2. Exact provider name Patient counts are distinct attributed B2B records, not confirmed kept visits."
327,167,22,Tier 3,Wave 2,Other Patient Referrer,Other B2B / Cross-Sell,"SOUTH EAST MICHIGAN MEDICAL ASSOCIATES, PC",84cae8c7-dbdf-450b-836e-557d4c653f98,"18451 W 12 MILE RD STE 200, LATHRUP VILLAGE, Michigan, MI 48076",PCP,Internal Medicine/PCP,Other – LATHRUP VILLAGE,Kristen,Deterministically matched,"Mohammed MD, Abu Fazal Shaik",0,0,1,1,,2026-06-16 00:00:00,2026-06-01 00:00:00,15,15,Moderate,Active B2B Cross-Sell,Outside Core Baseline,0,1,1,2,8,4,2026-06-01 00:00:00,76,30,Internal Medicine/PCP: No frequency,Unknown,Unknown,Likely Open – recent MMC visit,Cross-sell: qualify spine opportunity,Matched,"Score = referral 13 + specialty 4 + visit context 1 + reachability 2 + data 2. Exact provider name Patient counts are distinct attributed B2B records, not confirmed kept visits."
328,168,22,Tier 3,Wave 2,Other Patient Referrer,Other B2B / Cross-Sell,"WESTERN WAYNE PHYSICIANS, PLC Allen Park",300beedb-7326-44cf-8008-29d60d8d78bb,"8338 ALLEN RD STE 101, ALLEN PARK, MI, 48101",PCP,Internal Medicine/PCP,Other – ALLEN PARK,Kristen,Deterministically matched,"Nester MD, Patricia",0,0,1,1,,2026-02-10 00:00:00,2026-02-03 00:00:00,7,7,Strong,Active B2B Cross-Sell,Outside Core Baseline,0,0,1,2,20,10,2026-05-01 00:00:00,87,30,Internal Medicine/PCP: No frequency,Unknown,Unknown,Likely Open – recent MMC visit,Cross-sell: qualify spine opportunity,Matched,"Score = referral 13 + specialty 4 + visit context 1 + reachability 2 + data 2. Exact provider name Patient counts are distinct attributed B2B records, not confirmed kept visits."
329,169,22,Tier 3,Wave 2,Other Patient Referrer,Other B2B / Cross-Sell,"WILLIAMS FAMILY AND SPORTS MEDICAL CENTER, PLC",128e9f0f-8074-4052-b91d-e71905388022,"23366 FARMINGTON RD, FARMINGTON, MI, 48336",Orthopedic,Sports Medicine; Internal Medicine/PCP,Other – FARMINGTON,Kristen,Deterministically matched,"Williams DO, Joseph L",0,0,1,1,,2026-06-04 00:00:00,2026-05-11 00:00:00,24,24,Weak,Active B2B Cross-Sell,Outside Core Baseline,0,0,1,2,2,1,2026-05-11 00:00:00,83,30,Sports Medicine: No frequency;Internal Medicine/PCP: No frequency,Unknown,Unknown,Likely Open – recent MMC visit,Cross-sell: qualify spine opportunity,Matched,"Score = referral 13 + specialty 5 + visit context 1 + reachability 1 + data 2. Unique provider first + last Patient counts are distinct attributed B2B records, not confirmed kept visits."
330,79,22,Tier 3,Wave 2,Other Patient Referrer,Other B2B / Cross-Sell,SOUTHFIELD URGENT CARE,f8db03fe-3188-4a31-b4ee-6010086c7552,"23832 SOUTHFIELD RD STE 1, SOUTHFIELD, Michigan",Urgent Care,Urgent care,Southfield,Jasmine,Deterministically matched,Southfield Urgent Care,0,0,1,1,,2026-06-08 00:00:00,2026-03-13 00:00:00,87,87,Weak,Active B2B Cross-Sell,Current Core Baseline,1,1,1,3,0,1,2026-06-29 00:00:00,87.5,30,Urgent care: No frequency,Unknown,Unknown,Likely Open – recent MMC visit,Cross-sell: qualify spine opportunity,Matched,"Score = referral 13 + specialty 4 + visit context 2 + reachability 1 + data 2. Exact company name Patient counts are distinct attributed B2B records, not confirmed kept visits."
331,83,22,Tier 3,Wave 2,Other Patient Referrer,Other B2B / Cross-Sell,Colleen Kennedy DO,1538140744,"427 W University, Rochester, MI, 48307",PCP,Internal Medicine/PCP,Other – Rochester,Coty,Deterministically matched,"Kennedy DO, Colleen",0,0,1,1,,2026-04-16 00:00:00,2025-06-09 00:00:00,311,311,Moderate,Active B2B Cross-Sell,Outside Core Baseline,0,0,1,1,7,7,2026-04-29 00:00:00,,30,Internal Medicine/PCP: No frequency,Unknown,Unknown,Likely Open – recent MMC visit,Cross-sell: qualify spine opportunity,Matched,"Score = referral 13 + specialty 4 + visit context 1 + reachability 2 + data 2. Exact provider name Patient counts are distinct attributed B2B records, not confirmed kept visits."
332,84,22,Tier 3,Wave 2,Other Patient Referrer,Other B2B / Cross-Sell,Michigan Head & Spine Institute - Novi,a2352347-063f-4a39-a0c1-25774fd3490b,"25500 Meadowbrook Road, Novi, Michigan, 48375",Orthopedic,Spine,Other – Novi,Coty,Deterministically matched,"Freydl DO, Karl",0,0,1,1,,2026-04-07 00:00:00,2025-03-13 00:00:00,390,390,Weak,Active B2B Cross-Sell,Outside Core Baseline,0,0,0,0,0,9,2025-03-13 00:00:00,,30,Spine: No frequency,Unknown,Unknown,Verify before route,Cross-sell: qualify spine opportunity,Matched,"Score = referral 13 + specialty 5 + visit context 0 + reachability 2 + data 2. Exact provider name Patient counts are distinct attributed B2B records, not confirmed kept visits."
333,85,22,Tier 3,Wave 2,Other Patient Referrer,Other B2B / Cross-Sell,Michigan MSK Medicine - Clinton Township,e2e88457-4627-4d77-a90e-00417069f605,"36385 Harper Ave Clinton Twp, Clinton Township, Michigan, 48035",Neurology,Manual Medicine,Other – Clinton Township,Coty,Deterministically matched,"Hickling, David Robert",0,0,1,1,,2026-07-09 00:00:00,2025-05-07 00:00:00,428,428,Weak,Active B2B Cross-Sell,Outside Core Baseline,0,0,0,0,0,3,2025-05-07 00:00:00,,30,Manual Medicine: No frequency,Unknown,Unknown,Verify before route,Cross-sell: qualify spine opportunity,Matched,"Score = referral 13 + specialty 5 + visit context 0 + reachability 2 + data 2. Unique provider first + last Patient counts are distinct attributed B2B records, not confirmed kept visits."
334,86,22,Tier 3,Wave 2,Other Patient Referrer,Other B2B / Cross-Sell,Michigan Orthopaedic & Spine Surgeons,0c7e4fda-32b4-4999-afc5-3ead3985f8c9,"1555 East South Blvd, Unit 310, Rochester Hills, Michigan, 48307",Orthopedic,Orthopedic Surgery,Other – Rochester Hills,Coty,Deterministically matched,"Ahlgren MD, Bradley",0,0,1,1,,2026-06-03 00:00:00,2025-08-18 00:00:00,289,289,Weak,Active B2B Cross-Sell,Outside Core Baseline,0,0,0,0,0,14,2025-08-18 00:00:00,,30,Orthopedic Surgery: No frequency,Unknown,Unknown,Verify before route,Cross-sell: qualify spine opportunity,Matched,"Score = referral 13 + specialty 5 + visit context 0 + reachability 2 + data 2. Exact provider name Patient counts are distinct attributed B2B records, not confirmed kept visits."
335,87,22,Tier 3,Wave 2,Other Patient Referrer,Other B2B / Cross-Sell,WARREN PODIATRY,4d38264b-b17e-42b4-9043-92ff06e62c09,"11900 E 12 MILE RD STE 102, WARREN, Michigan, MI 48093",Other / Verify,Podaitry,Other – WARREN,Coty,Deterministically matched,"Mauro DPM, Gary",0,0,1,1,,2026-06-23 00:00:00,2026-04-16 00:00:00,68,68,Moderate,Active B2B Cross-Sell,Outside Core Baseline,1,1,1,2,10,5,2026-07-02 00:00:00,77,30,180 days; Podaitry: No frequency,Up to date,Unknown,Likely Open – recent MMC visit,Cross-sell: qualify spine opportunity,Matched,"Score = referral 13 + specialty 3 + visit context 2 + reachability 2 + data 2. Exact provider name + referral PL owner Patient counts are distinct attributed B2B records, not confirmed kept visits."
336,170,21,Tier 3,Wave 2,Other Patient Referrer,Other B2B / Cross-Sell,Macomb Spine Care,c3d66a4c-f046-43dd-ae93-ae4aabe95524,"41060 Hayes Road, Clinton Township, Michigan, 48038",Chiropractor,Chiropractor,Other – Clinton Township,Kristen,Deterministically matched,"Clark, Daniel",0,0,1,1,,2026-04-17 00:00:00,2026-03-24 00:00:00,24,24,Weak,Active B2B Cross-Sell,Outside Core Baseline,0,1,1,3,3,1,2026-06-15 00:00:00,79.5,30,Chiropractor: No frequency,Unknown,Unknown,Likely Open – recent MMC visit,Cross-sell: qualify spine opportunity,Matched,"Score = referral 13 + specialty 4 + visit context 1 + reachability 1 + data 2. Exact provider name Patient counts are distinct attributed B2B records, not confirmed kept visits."
337,171,21,Tier 3,Wave 2,Other Patient Referrer,Other B2B / Cross-Sell,Oakland Physicians,b7bb574d-993f-4604-9935-c8ab3a113635,"100 North Pond, Suite E, Walled Lake, Michigan, 48390",Pediatrics,Pediatrician,Other – Walled Lake,Kristen,Deterministically matched,"Rizk MD, Regina",0,0,1,1,,2026-05-22 00:00:00,2026-05-04 00:00:00,18,18,Weak,Active B2B Cross-Sell,Outside Core Baseline,0,0,1,2,4,2,2026-05-04 00:00:00,84,30,Pediatrician: No frequency,Unknown,Unknown,Likely Open – recent MMC visit,Cross-sell: qualify spine opportunity,Matched,"Score = referral 13 + specialty 3 + visit context 1 + reachability 2 + data 2. Exact provider name Patient counts are distinct attributed B2B records, not confirmed kept visits."
338,80,21,Tier 3,Wave 2,Other Patient Referrer,Other B2B / Cross-Sell,Integrative Family Medicine Clinic - Domino's Farms (U of M),2ca32d51-676d-49f5-8e79-835774431e9d,"24 Frank Lloyd Wright Dr ste 2300 lobby h, Ann Arbor, Michigan, 48105",PCP,Internal Medicine/PCP,Other – Ann Arbor,Jasmine,Deterministically matched,"Shumer MD, Gregory",0,0,1,1,,2026-03-31 00:00:00,2026-02-19 00:00:00,40,40,Moderate,Active B2B Cross-Sell,Outside Core Baseline,0,0,0,2,6,3,2026-04-15 00:00:00,55,30,Internal Medicine/PCP: No frequency,Unknown,Unknown,Likely Open – recent MMC visit,Cross-sell: qualify spine opportunity,Matched,"Score = referral 13 + specialty 4 + visit context 0 + reachability 2 + data 2. Exact provider name Patient counts are distinct attributed B2B records, not confirmed kept visits."
339,172,20,Tier 3,Wave 2,Other Patient Referrer,Other B2B / Cross-Sell,SOMERSET PEDIATRICS,eac89ac4-40e0-4d3a-b812-65771f67412f,"1555 W BIG BEAVER RD BLDG G, TROY, Michigan",Pediatrics,Pediatrician,Troy,Kristen,Deterministically matched,"Massarani MD, Tamer",0,0,1,1,,2026-02-27 00:00:00,2026-02-24 00:00:00,3,3,Weak,Active B2B Cross-Sell,Outside Core Baseline,0,0,1,2,2,1,2026-05-18 00:00:00,83,30,Pediatrician: No frequency,Unknown,Unknown,Likely Open – recent MMC visit,Cross-sell: qualify spine opportunity,Matched,"Score = referral 13 + specialty 3 + visit context 1 + reachability 1 + data 2. Exact provider name Patient counts are distinct attributed B2B records, not confirmed kept visits."
340,173,12,Prospect,Wave 2,Visit / Prospect,Current / Maintain,Metropolitan Orthopedic Associates,b5b7ec36-68c2-4b3f-b1bc-7efada3e145f,"16815 Jefferson Ave ste 150, Grosse Pointe, Michigan, 48230",Orthopedic,Orthopedic Surgery,Other – Grosse Pointe,Kristen,No attributed 2026 record,,0,0,0,0,,,,,,Moderate,Ortho Cross-Sell,Current Core Baseline,1,1,2,3,6,2,2026-07-07 00:00:00,80,45,Orthopedic Surgery: No frequency,Unknown,Unknown,Likely Open – recent MMC visit,Keep: reinforce spine access,Not Started,"Score = referral 0 + specialty 5 + visit context 3 + reachability 2 + data 2. No deterministic referral-source match attributed to this company. Patient counts are distinct attributed B2B records, not confirmed kept visits."
341,174,12,Prospect,Wave 2,Visit / Prospect,Current / Maintain,Newland Medical Associates,c87e740c-afe9-4c07-8de8-827e8eaed42d,"31500 Telegraph Rd. Ste 225, Bingham Farms, Michigan, 48025",Pain,Pain; Rheumatologists,Other – Bingham Farms,Kristen,No attributed 2026 record,,0,0,0,0,,,,,,Strong,Active Spine Target,Current Core Baseline,1,1,2,2,22,11,2026-07-08 00:00:00,61,45,Pain: No frequency;Rheumatologists: No frequency,Unknown,Unknown,Likely Open – recent MMC visit,Keep: reinforce spine access,Not Started,"Score = referral 0 + specialty 5 + visit context 3 + reachability 2 + data 2. No deterministic referral-source match attributed to this company. Patient counts are distinct attributed B2B records, not confirmed kept visits."
342,81,12,Prospect,Wave 2,Visit / Prospect,Current / Maintain,"ALI M NASSER, MD, PC",2299270d-731c-4581-b50a-dd6e9b61dfb6,"15120 Michigan Ave, Ste A, Dearborn, Michigan, 48126",Orthopedic,Spine; Internal Medicine/PCP,Other – Dearborn,Jasmine,No attributed 2026 record,,0,0,0,0,,,,,,Strong,Spine-Labeled Target,Current Core Baseline,1,1,2,4,12,3,2026-07-14 00:00:00,56,45,Spine: No frequency;Internal Medicine/PCP: No frequency,Unknown,Unknown,Likely Open – recent MMC visit,Keep: reinforce spine access,Not Started,"Score = referral 0 + specialty 5 + visit context 3 + reachability 2 + data 2. No deterministic referral-source match attributed to this company. Patient counts are distinct attributed B2B records, not confirmed kept visits."
343,82,12,Prospect,Wave 2,Visit / Prospect,Current / Maintain,"Fox Run, PC(delete)",bb1e72ee-479c-42da-96ea-e71d67a1c702,"41000 Fox Run Road, Novi, Michigan, 48377",Pain,Pain; Internal Medicine/PCP,Other – Novi,Jasmine,No attributed 2026 record,,0,0,0,0,,,,,,Strong,Active Spine Target,Current Core Baseline,1,1,2,3,14,7,2026-07-01 00:00:00,64,45,Pain: No frequency;Internal Medicine/PCP: No frequency,Unknown,Unknown,Likely Open – recent MMC visit,Keep: reinforce spine access,Not Started,"Score = referral 0 + specialty 5 + visit context 3 + reachability 2 + data 2. No deterministic referral-source match attributed to this company. Patient counts are distinct attributed B2B records, not confirmed kept visits."
344,83,12,Prospect,Wave 2,Visit / Prospect,Current / Maintain,Henry Ford Athletic Medicine - Novi (relevance?),c19d8067-80c5-4305-b690-7e5ee2391049,"39450 West 12 Mile Road, Novi, Michigan, 48377",Orthopedic,Sports Medicine,Other – Novi,Jasmine,No attributed 2026 record,,0,0,0,0,,,,,,Strong,Ortho Cross-Sell,Current Core Baseline,1,1,2,3,21,7,2026-06-24 00:00:00,56,45,Sports Medicine: No frequency,Unknown,Unknown,Likely Open – recent MMC visit,Keep: reinforce spine access,Not Started,"Score = referral 0 + specialty 5 + visit context 3 + reachability 2 + data 2. No deterministic referral-source match attributed to this company. Patient counts are distinct attributed B2B records, not confirmed kept visits."
345,84,12,Prospect,Wave 2,Visit / Prospect,Current / Maintain,Jeffrey T. Najor Internal Medicine,4900eaa5-f2a9-42ff-85ea-b3a57c7103ea,"24060 West Nine Mile Road, Southfield, Michigan, 48033",Orthopedic,Ortho; Internal Medicine/PCP,Southfield,Jasmine,No attributed 2026 record,,0,0,0,0,,,,,,Moderate,Ortho Cross-Sell,Current Core Baseline,1,1,2,3,0,2,2026-07-01 00:00:00,39.5,45,Ortho: No frequency;Internal Medicine/PCP: No frequency,Unknown,Unknown,Likely Open – recent MMC visit,Keep: reinforce spine access,Not Started,"Score = referral 0 + specialty 5 + visit context 3 + reachability 2 + data 2. No deterministic referral-source match attributed to this company. Patient counts are distinct attributed B2B records, not confirmed kept visits."
346,85,12,Prospect,Wave 2,Visit / Prospect,Current / Maintain,Michigan Orthopedic Surgeons - Novi,82d5377e-3d89-4262-93c3-5661a3430b58,"26750 Providence Pkwy ste 220, Novi, Michigan, 48374",Orthopedic,Ortho,Other – Novi,Jasmine,No attributed 2026 record,,0,0,0,0,,,,,,Strong,Ortho Cross-Sell,Current Core Baseline,1,2,3,5,19,4,2026-07-10 00:00:00,40,45,Ortho: No frequency,Unknown,Unknown,Likely Open – recent MMC visit,Keep: reinforce spine access,Not Started,"Score = referral 0 + specialty 5 + visit context 3 + reachability 2 + data 2. No deterministic referral-source match attributed to this company. Patient counts are distinct attributed B2B records, not confirmed kept visits."
347,86,12,Prospect,Wave 2,Visit / Prospect,Current / Maintain,Michigan Orthopedic Surgeons- Southfield,e1c8dbbf-56d1-41b9-82e4-7fa1950cb943,"26025 Lahser Rd, Southfield, Michigan, 48033",Orthopedic,Ortho,Southfield,Jasmine,No attributed 2026 record,,0,0,0,0,,,,,,Strong,Ortho Cross-Sell,Current Core Baseline,1,1,2,6,23,28,2026-07-01 00:00:00,32,45,Ortho: No frequency,Unknown,Unknown,Likely Open – recent MMC visit,Keep: reinforce spine access,Not Started,"Score = referral 0 + specialty 5 + visit context 3 + reachability 2 + data 2. No deterministic referral-source match attributed to this company. Patient counts are distinct attributed B2B records, not confirmed kept visits."
348,87,12,Prospect,Wave 2,Visit / Prospect,Current / Maintain,Michigan Spine & Brain - Novi,eaa06235-6a42-4ef9-9f14-9fd1b4ed4610,"26850 Providence Pkwy ste 240, Novi, Michigan, 48374",Orthopedic,Spine,Other – Novi,Jasmine,No attributed 2026 record,,0,0,0,0,,,,,,Moderate,Spine-Labeled Target,Current Core Baseline,1,1,2,3,0,6,2026-06-23 00:00:00,55.5,45,Spine: No frequency,Unknown,Unknown,Likely Open – recent MMC visit,Keep: reinforce spine access,Not Started,"Score = referral 0 + specialty 5 + visit context 3 + reachability 2 + data 2. No deterministic referral-source match attributed to this company. Patient counts are distinct attributed B2B records, not confirmed kept visits."
349,88,12,Prospect,Wave 2,Visit / Prospect,Current / Maintain,ORTHOPEDIC INSTITUTE OF MICHIGAN,7cbc93fd-5b51-41c8-8f3e-0afb5d09b1e4,"39000 W SEVEN MILE RD STE 2500, LIVONIA, MI, 48152",Orthopedic,Orthopedic - PT; Internal Medicine/PCP,Livonia,Jasmine,No attributed 2026 record,,0,0,0,0,,,,,,Strong,Ortho Cross-Sell,Current Core Baseline,1,1,2,4,16,4,2026-07-08 00:00:00,50,45,Orthopedic - PT: No frequency;Internal Medicine/PCP: No frequency,Unknown,Unknown,Likely Open – recent MMC visit,Keep: reinforce spine access,Not Started,"Score = referral 0 + specialty 5 + visit context 3 + reachability 2 + data 2. No deterministic referral-source match attributed to this company. Patient counts are distinct attributed B2B records, not confirmed kept visits."
350,89,12,Prospect,Wave 2,Visit / Prospect,Current / Maintain,"ORTHOPEDIC SURGERY SPECIALISTS, PLLC",03a214ff-22eb-4e89-b7a8-7b939d30700e,"25500 MEADOWBROOK RD STE 275, NOVI, MI, 48375",Orthopedic,Ortho,Other – NOVI,Jasmine,No attributed 2026 record,,0,0,0,0,,,,,,Strong,Ortho Cross-Sell,Current Core Baseline,1,2,3,4,8,2,2026-07-10 00:00:00,37,45,Ortho: No frequency,Unknown,Unknown,Likely Open – recent MMC visit,Keep: reinforce spine access,Not Started,"Score = referral 0 + specialty 5 + visit context 3 + reachability 2 + data 2. No deterministic referral-source match attributed to this company. Patient counts are distinct attributed B2B records, not confirmed kept visits."
351,90,12,Prospect,Wave 2,Visit / Prospect,Current / Maintain,PAIN MANAGEMENT ASSOCIATES OF MICHIGAN,69716ccc-b2b9-4d7b-8f77-69ecd79273be,"24327 Ford Road, Dearborn, Michigan, 48128",Orthopedic,Spine; Pain Management,Other – Dearborn,Jasmine,No attributed 2026 record,,0,0,0,0,,,,,,Moderate,Spine-Labeled Target,Current Core Baseline,1,1,2,3,9,3,2026-07-14 00:00:00,91,45,Spine: No frequency;Pain Management: No frequency,Unknown,Unknown,Likely Open – recent MMC visit,Keep: reinforce spine access,Not Started,"Score = referral 0 + specialty 5 + visit context 3 + reachability 2 + data 2. No deterministic referral-source match attributed to this company. Patient counts are distinct attributed B2B records, not confirmed kept visits."
352,91,12,Prospect,Wave 2,Visit / Prospect,Current / Maintain,"PRIMECARE URGENT CARE, PLLC",448849c6-b351-4856-9d82-1b2e8d15f7ee,"39555 West 10 Mile Road, Novi, Michigan, 48375",Orthopedic,Urgent care; Ortho; Pain,Other – Novi,Jasmine,No attributed 2026 record,,0,0,0,0,,,,,,Moderate,Ortho Cross-Sell,Current Core Baseline,1,1,2,4,8,2,2026-07-01 00:00:00,36,45,Urgent care: No frequency;Ortho: No frequency;Pain: No frequency,Unknown,Unknown,Likely Open – recent MMC visit,Keep: reinforce spine access,Not Started,"Score = referral 0 + specialty 5 + visit context 3 + reachability 2 + data 2. No deterministic referral-source match attributed to this company. Patient counts are distinct attributed B2B records, not confirmed kept visits."
353,92,12,Prospect,Wave 2,Visit / Prospect,Current / Maintain,"PRIZM PAIN SPECIALISTS, PLLC",907ab9ea-28db-4bd8-badd-75e1fdac6a2a,"39000 West Seven Mile Road STE 2600, Livonia, Michigan, 48152",Orthopedic,Spine; Pain Management,Livonia,Jasmine,No attributed 2026 record,,0,0,0,0,,,,,,Strong,Spine-Labeled Target,Current Core Baseline,2,2,3,6,24,4,2026-07-16 00:00:00,35,45,Spine: No frequency;Pain Management: No frequency,Unknown,Unknown,Likely Open – recent MMC visit,Keep: reinforce spine access,Not Started,"Score = referral 0 + specialty 5 + visit context 3 + reachability 2 + data 2. No deterministic referral-source match attributed to this company. Patient counts are distinct attributed B2B records, not confirmed kept visits."
354,93,12,Prospect,Wave 2,Visit / Prospect,Current / Maintain,Trinity Health IHA Brain & Spine Surgery - Ann Arbor Campus,fea6a17c-c68b-43db-acd7-34a4abfe0024,"5315 Elliott Dr suite 102, Ypsilanti, Michigan, 48197",Orthopedic,Spine; Neurosurgery,Other – Ypsilanti,Jasmine,No attributed 2026 record,,0,0,0,0,,,,,,Strong,Spine-Labeled Target,Current Core Baseline,1,1,2,3,33,11,2026-07-13 00:00:00,96,45,Spine: No frequency;Neurosurgery: No frequency,Unknown,Unknown,Likely Open – recent MMC visit,Keep: reinforce spine access,Not Started,"Score = referral 0 + specialty 5 + visit context 3 + reachability 2 + data 2. No deterministic referral-source match attributed to this company. Patient counts are distinct attributed B2B records, not confirmed kept visits."
355,94,12,Prospect,Wave 2,Visit / Prospect,Current / Maintain,Trinity IHA Academic Family Medicine - Livonia,5c7c8073-5fc6-42f5-bc75-0b9f8a07e484,"37595 7 mile rd, ste 210, LIVONIA, Michigan, 48152",Pain,Pain; Internal Medicine/PCP,Livonia,Jasmine,No attributed 2026 record,,0,0,0,0,,,,,,Strong,Active Spine Target,Current Core Baseline,1,1,2,4,113,33,2026-07-16 00:00:00,62,45,Pain: No frequency;Internal Medicine/PCP: No frequency,Unknown,Unknown,Likely Open – recent MMC visit,Keep: reinforce spine access,Not Started,"Score = referral 0 + specialty 5 + visit context 3 + reachability 2 + data 2. No deterministic referral-source match attributed to this company. Patient counts are distinct attributed B2B records, not confirmed kept visits."
356,95,12,Prospect,Wave 2,Visit / Prospect,Current / Maintain,Trinity IHA Orthopedics - West Arbor,a93076a3-e5bf-428b-bb72-5671f99b62b5,"4350 JACKSON RD STE 350, ANN ARBOR, MI, 48103",Orthopedic,Ortho,Other – ANN ARBOR,Jasmine,No attributed 2026 record,,0,0,0,0,,,,,,Strong,Ortho Cross-Sell,Current Core Baseline,1,2,2,4,16,4,2026-07-06 00:00:00,57,45,Ortho: No frequency,Unknown,Unknown,Likely Open – recent MMC visit,Keep: reinforce spine access,Not Started,"Score = referral 0 + specialty 5 + visit context 3 + reachability 2 + data 2. No deterministic referral-source match attributed to this company. Patient counts are distinct attributed B2B records, not confirmed kept visits."
357,96,12,Prospect,Wave 2,Visit / Prospect,Current / Maintain,Trinity URGENT CARE CANTON,c78e3b81-c68a-4687-a4e9-a88863c2c873,"1600 S Canton Center Road, Canton, Michigan, 48188",Orthopedic,Urgent care; Ortho,Other – Canton,Jasmine,No attributed 2026 record,,0,0,0,0,,,,,,Strong,Ortho Cross-Sell,Current Core Baseline,1,2,2,5,120,24,2026-07-15 00:00:00,40.5,45,Urgent care: No frequency;Ortho: No frequency,Unknown,Unknown,Likely Open – recent MMC visit,Keep: reinforce spine access,Not Started,"Score = referral 0 + specialty 5 + visit context 3 + reachability 2 + data 2. No deterministic referral-source match attributed to this company. Patient counts are distinct attributed B2B records, not confirmed kept visits."
358,88,12,Prospect,Wave 2,Visit / Prospect,Current / Maintain,ANDERSON SPORTS MEDICINE,07836153-8b05-4813-a230-a23fa3d07818,"32270 Telegraph Road, ste 220B, Bingham Farms, Michigan, 48025",Orthopedic,Ortho,Other – Bingham Farms,Coty,No attributed 2026 record,,0,0,0,0,,,,,,Strong,Ortho Cross-Sell,Current Core Baseline,1,1,2,3,12,4,2026-07-08 00:00:00,49.5,45,Ortho: No frequency,Unknown,Unknown,Likely Open – recent MMC visit,Keep: reinforce spine access,Not Started,"Score = referral 0 + specialty 5 + visit context 3 + reachability 2 + data 2. No deterministic referral-source match attributed to this company. Patient counts are distinct attributed B2B records, not confirmed kept visits."
359,89,12,Prospect,Wave 2,Visit / Prospect,Current / Maintain,Detroit Ortho Institute,ac4e9d72-9d61-4d13-85ef-1d7c26ded0b6,"1560 East Maple Road, Troy, Michigan, 48083",Orthopedic,Spine,Troy,Coty,No attributed 2026 record,,0,0,0,0,,,,,,Strong,Spine-Labeled Target,Current Core Baseline,1,2,4,6,12,2,2026-07-01 00:00:00,23,45,Spine: No frequency,Unknown,Unknown,Likely Open – recent MMC visit,Keep: reinforce spine access,Not Started,"Score = referral 0 + specialty 5 + visit context 3 + reachability 2 + data 2. No deterministic referral-source match attributed to this company. Patient counts are distinct attributed B2B records, not confirmed kept visits."
360,90,12,Prospect,Wave 2,Visit / Prospect,Current / Maintain,Family Medicine,43229ddf-0bb2-45ab-8aa8-3cb4f6b0d51f,"14825 Southfield Road, Allen Park, Michigan, 48101",Orthopedic,Ortho,Other – Allen Park,Coty,No attributed 2026 record,,0,0,0,0,,,,,,Strong,Ortho Cross-Sell,Current Core Baseline,1,3,3,6,21,5,2026-07-14 00:00:00,27,45,Ortho: No frequency,Unknown,Unknown,Likely Open – recent MMC visit,Keep: reinforce spine access,Not Started,"Score = referral 0 + specialty 5 + visit context 3 + reachability 2 + data 2. No deterministic referral-source match attributed to this company. Patient counts are distinct attributed B2B records, not confirmed kept visits."
361,91,12,Prospect,Wave 2,Visit / Prospect,Current / Maintain,GREAT LAKES ORTHOPAEDICS,922579af-76c0-4a24-bd38-5e88491cece1,"6255 INKSTER RD STE 103, GARDEN CITY, MI, 48135",Orthopedic,Orthopedic - PT,Other – GARDEN CITY,Coty,No attributed 2026 record,,0,0,0,0,,,,,,Moderate,Ortho Cross-Sell,Current Core Baseline,1,1,2,4,8,2,2026-07-14 00:00:00,52,45,Orthopedic - PT: No frequency,Unknown,Unknown,Likely Open – recent MMC visit,Keep: reinforce spine access,Not Started,"Score = referral 0 + specialty 5 + visit context 3 + reachability 2 + data 2. No deterministic referral-source match attributed to this company. Patient counts are distinct attributed B2B records, not confirmed kept visits."
362,92,12,Prospect,Wave 2,Visit / Prospect,Current / Maintain,Jagannathan Neurosurgery,e2adce18-6952-46db-aa54-11f8ab08f2f9,"3290 W Big Beaver Rd ste 150, Troy, Michigan, 48084",Orthopedic,Neurology; Neurosurgery; Pain Management,Troy,Coty,No attributed 2026 record,,0,0,0,0,,,,,,Strong,Spine-Labeled Target,Current Core Baseline,2,2,3,3,8,3,2026-07-13 00:00:00,30.5,45,Neurology: No frequency;Neurosurgery: No frequency;Pain Management: No frequency,Unknown,Unknown,Likely Open – recent MMC visit,Keep: reinforce spine access,Not Started,"Score = referral 0 + specialty 5 + visit context 3 + reachability 2 + data 2. No deterministic referral-source match attributed to this company. Patient counts are distinct attributed B2B records, not confirmed kept visits."
363,93,12,Prospect,Wave 2,Visit / Prospect,Current / Maintain,Mathews Medical Center,1558461392,"2221 Livernois Rd, ste 100, Troy, MI, 48083",Orthopedic,Internal Medicine/PCP; Physiatry,Troy,Coty,No attributed 2026 record,,0,0,0,0,,,,,,Strong,Ortho Cross-Sell,Current Core Baseline,1,2,3,7,42,6,2026-07-01 00:00:00,22.5,45,Internal Medicine/PCP: No frequency;Physiatry: No frequency,Unknown,Unknown,Likely Open – recent MMC visit,Keep: reinforce spine access,Not Started,"Score = referral 0 + specialty 5 + visit context 3 + reachability 2 + data 2. No deterministic referral-source match attributed to this company. Patient counts are distinct attributed B2B records, not confirmed kept visits."
364,94,12,Prospect,Wave 2,Visit / Prospect,Current / Maintain,Neuro Pain Consultants - Clarkston,5b59e6a5-ab8d-42e9-9ee3-60672d731b66,"5701 Bow Pointe Dr suite 305, City of the Village of Clarkston, Michigan, 48346",Pain,Pain Management,Other – City of the Village of Clarkston,Coty,No attributed 2026 record,,0,0,0,0,,,,,,Strong,Active Spine Target,Current Core Baseline,2,4,7,11,26,7,2026-07-07 00:00:00,12.5,45,Pain Management: No frequency,Unknown,Unknown,Likely Open – recent MMC visit,Keep: reinforce spine access,Not Started,"Score = referral 0 + specialty 5 + visit context 3 + reachability 2 + data 2. No deterministic referral-source match attributed to this company. Patient counts are distinct attributed B2B records, not confirmed kept visits."
365,95,12,Prospect,Wave 2,Visit / Prospect,Current / Maintain,Neuro Pain Consultants - Sterling Heights,90c163c1-4bb1-4e1f-bf4c-677df1b21c76,"13860 Canal Road, Sterling Heights, Michigan, 48313",Pain,Coty; Pain Management,Sterling Heights,Coty,No attributed 2026 record,,0,0,0,0,,,,,,Moderate,Active Spine Target,Current Core Baseline,1,1,2,2,0,2,2026-06-26 00:00:00,57,45,Coty: No frequency;Pain Management: No frequency,Unknown,Unknown,Likely Open – recent MMC visit,Keep: reinforce spine access,Not Started,"Score = referral 0 + specialty 5 + visit context 3 + reachability 2 + data 2. No deterministic referral-source match attributed to this company. Patient counts are distinct attributed B2B records, not confirmed kept visits."
366,96,12,Prospect,Wave 2,Visit / Prospect,Current / Maintain,Premier Orthopedics,a4109cc4-88be-479e-bcaa-312214bfbf13,"17000 Executive Plaza Drive, Dearborn, Michigan, 48126",Orthopedic,Ortho,Other – Dearborn,Coty,No attributed 2026 record,,0,0,0,0,,,,,,Moderate,Ortho Cross-Sell,Current Core Baseline,1,1,2,4,8,2,2026-07-14 00:00:00,52,45,Ortho: No frequency,Unknown,Unknown,Likely Open – recent MMC visit,Keep: reinforce spine access,Not Started,"Score = referral 0 + specialty 5 + visit context 3 + reachability 2 + data 2. No deterministic referral-source match attributed to this company. Patient counts are distinct attributed B2B records, not confirmed kept visits."
367,97,12,Prospect,Wave 2,Visit / Prospect,Current / Maintain,Providence Family & Athletic Medicine,0b63a258-0396-414a-a240-3ffdff24c7d4,"1050 Corporate Office Dr, Milford, Michigan, 48381",Orthopedic,Sports Medicine; Internal Medicine/PCP,Other – Milford,Coty,No attributed 2026 record,,0,0,0,0,,,,,,Strong,Ortho Cross-Sell,Current Core Baseline,1,1,2,4,12,3,2026-07-16 00:00:00,48,45,Sports Medicine: No frequency;Internal Medicine/PCP: No frequency,Unknown,Unknown,Likely Open – recent MMC visit,Keep: reinforce spine access,Not Started,"Score = referral 0 + specialty 5 + visit context 3 + reachability 2 + data 2. No deterministic referral-source match attributed to this company. Patient counts are distinct attributed B2B records, not confirmed kept visits."
368,98,12,Prospect,Wave 2,Visit / Prospect,Current / Maintain,Regenerative Pain Medicine,736da453-396a-4f87-95aa-9798465f42b6,"1560 East Maple Road, Troy, Michigan, 48083",Pain,Pain,Troy,Coty,No attributed 2026 record,,0,0,0,0,,,,,,Strong,Active Spine Target,Current Core Baseline,1,1,3,3,9,3,2026-07-01 00:00:00,28,45,Pain: No frequency,Unknown,Unknown,Likely Open – recent MMC visit,Keep: reinforce spine access,Not Started,"Score = referral 0 + specialty 5 + visit context 3 + reachability 2 + data 2. No deterministic referral-source match attributed to this company. Patient counts are distinct attributed B2B records, not confirmed kept visits."
369,99,12,Prospect,Wave 2,Visit / Prospect,Current / Maintain,Somerset Pain Clinic,757d3ce3-93ba-4245-a84e-b14851bfe2e7,"888 W Big Beaver Rd suite 309, Troy, Michigan, 48084",Pain,Pain Management,Troy,Coty,No attributed 2026 record,,0,0,0,0,,,,,,Strong,Active Spine Target,Current Core Baseline,1,2,3,3,6,2,2026-06-29 00:00:00,27.5,45,Pain Management: No frequency,Unknown,Unknown,Likely Open – recent MMC visit,Keep: reinforce spine access,Not Started,"Score = referral 0 + specialty 5 + visit context 3 + reachability 2 + data 2. No deterministic referral-source match attributed to this company. Patient counts are distinct attributed B2B records, not confirmed kept visits."
370,100,12,Prospect,Wave 2,Visit / Prospect,Current / Maintain,Specialists in Spine Surgery - Garden City,15d2de97-a164-4b7e-a3a2-15673271319b,"6255 Inkster Rd ste 204, Garden City, Michigan, 48135",Orthopedic,Orthopedic - PT,Other – Garden City,Coty,No attributed 2026 record,,0,0,0,0,,,,,,Moderate,Ortho Cross-Sell,Current Core Baseline,1,1,2,4,8,2,2026-07-14 00:00:00,52,45,Orthopedic - PT: No frequency,Unknown,Unknown,Likely Open – recent MMC visit,Keep: reinforce spine access,Not Started,"Score = referral 0 + specialty 5 + visit context 3 + reachability 2 + data 2. No deterministic referral-source match attributed to this company. Patient counts are distinct attributed B2B records, not confirmed kept visits."
371,101,12,Prospect,Wave 2,Visit / Prospect,Current / Maintain,Stonebridge Orthopedics,1f3f6af6-8827-4f8a-97ff-61005f2d675d,"13350 24 Mile Rd #700b, Shelby Township, Michigan, 48315",Orthopedic,Orthopedic Surgery,Other – Shelby Township,Coty,No attributed 2026 record,,0,0,0,0,,,,,,Strong,Ortho Cross-Sell,Current Core Baseline,1,2,3,5,25,5,2026-07-07 00:00:00,35.5,45,Orthopedic Surgery: No frequency,Unknown,Unknown,Likely Open – recent MMC visit,Keep: reinforce spine access,Not Started,"Score = referral 0 + specialty 5 + visit context 3 + reachability 2 + data 2. No deterministic referral-source match attributed to this company. Patient counts are distinct attributed B2B records, not confirmed kept visits."
372,102,12,Prospect,Wave 2,Visit / Prospect,Current / Maintain,"TRI COUNTY ORTHOPEDICS, PC",4f46bff0-0295-445e-980a-51107f04dbb9,"28100 GRAND RIVER AVE STE 209, FARMINGTON HILLS, MI, 48336",Orthopedic,Orthopedic - PT,Other – FARMINGTON HILLS,Coty,No attributed 2026 record,,0,0,0,0,,,,,,Moderate,Ortho Cross-Sell,Current Core Baseline,1,2,2,3,6,2,2026-07-08 00:00:00,60.5,45,Orthopedic - PT: No frequency,Unknown,Unknown,Likely Open – recent MMC visit,Keep: reinforce spine access,Not Started,"Score = referral 0 + specialty 5 + visit context 3 + reachability 2 + data 2. No deterministic referral-source match attributed to this company. Patient counts are distinct attributed B2B records, not confirmed kept visits."
373,103,12,Prospect,Wave 2,Visit / Prospect,Current / Maintain,University Orthopedic Specialists,1790722338,"1135 West University, ste 450, Rochester, MI, 48307",Orthopedic,Orthopedic - PT; Orthopedic Surgery,Other – Rochester,Coty,No attributed 2026 record,,0,0,0,0,,,,,,Strong,Ortho Cross-Sell,Current Core Baseline,1,1,2,4,56,14,2026-07-06 00:00:00,43,45,Orthopedic - PT: No frequency;Orthopedic Surgery: No frequency,Unknown,Unknown,Likely Open – recent MMC visit,Keep: reinforce spine access,Not Started,"Score = referral 0 + specialty 5 + visit context 3 + reachability 2 + data 2. No deterministic referral-source match attributed to this company. Patient counts are distinct attributed B2B records, not confirmed kept visits."
374,175,11,Prospect,Wave 2,Visit / Prospect,Current / Maintain,BETTER HEALTH CLINIC,1e77e934-4008-4672-ac72-64c80d79458e,"8275 N WAYNE RD, WESTLAND, Michigan, 48185",PCP,Internal Medicine/PCP,Other – WESTLAND,Kristen,No attributed 2026 record,,0,0,0,0,,,,,,Moderate,Active Spine Target,Current Core Baseline,1,2,2,3,4,2,2026-07-06 00:00:00,80.5,45,Internal Medicine/PCP: No frequency,Unknown,Unknown,Likely Open – recent MMC visit,Keep: reinforce spine access,Not Started,"Score = referral 0 + specialty 4 + visit context 3 + reachability 2 + data 2. No deterministic referral-source match attributed to this company. Patient counts are distinct attributed B2B records, not confirmed kept visits."
375,176,11,Prospect,Wave 2,Visit / Prospect,Current / Maintain,Clawson Internists,e69e445d-bc49-4523-9a4b-a3850c3487c9,"21 S Main St, Clawson, Michigan, 48017",PCP,Internal Medicine/PCP,Other – Clawson,Kristen,No attributed 2026 record,,0,0,0,0,,,,,,Moderate,Active Spine Target,Current Core Baseline,1,1,2,3,6,2,2026-07-15 00:00:00,80.5,45,Internal Medicine/PCP: No frequency,Unknown,Unknown,Likely Open – recent MMC visit,Keep: reinforce spine access,Not Started,"Score = referral 0 + specialty 4 + visit context 3 + reachability 2 + data 2. No deterministic referral-source match attributed to this company. Patient counts are distinct attributed B2B records, not confirmed kept visits."
376,177,11,Prospect,Wave 2,Visit / Prospect,Current / Maintain,Corewell Family Medicine - Grosse Pointe,53870065-638f-4a2b-8ddc-ed21771e1975,"16815 E Jefferson Ave suite 120, Grosse Pointe, Michigan, 48230",PCP,Internal Medicine/PCP; Geriatrics,Other – Grosse Pointe,Kristen,No attributed 2026 record,,0,0,0,0,,,,,,Strong,Active Spine Target,Current Core Baseline,1,1,2,3,39,13,2026-07-07 00:00:00,80,45,Internal Medicine/PCP: No frequency;Geriatrics: No frequency,Unknown,Unknown,Likely Open – recent MMC visit,Keep: reinforce spine access,Not Started,"Score = referral 0 + specialty 4 + visit context 3 + reachability 2 + data 2. No deterministic referral-source match attributed to this company. Patient counts are distinct attributed B2B records, not confirmed kept visits."
377,178,11,Prospect,Wave 2,Visit / Prospect,Current / Maintain,FAITH PRIMARY CARE,93cecbfb-a489-4b00-933f-76d3066a4ad3,"315 s Wayne rd, WESTLAND, Michigan, 48186",PCP,Internal Medicine/PCP,Other – WESTLAND,Kristen,No attributed 2026 record,,0,0,0,0,,,,,,Strong,Active Spine Target,Current Core Baseline,1,2,2,4,12,2,2026-07-06 00:00:00,46,45,Internal Medicine/PCP: No frequency,Unknown,Unknown,Likely Open – recent MMC visit,Keep: reinforce spine access,Not Started,"Score = referral 0 + specialty 4 + visit context 3 + reachability 2 + data 2. No deterministic referral-source match attributed to this company. Patient counts are distinct attributed B2B records, not confirmed kept visits."
378,179,11,Prospect,Wave 2,Visit / Prospect,Current / Maintain,GAMMONS MEDICAL,377517aa-6082-4575-9083-498d5aca7ecb,"28477 HOOVER RD, WARREN, MI, 48093",PCP,Internal Medicine/PCP,Other – WARREN,Kristen,No attributed 2026 record,,0,0,0,0,,,,,,Strong,Active Spine Target,Current Core Baseline,1,1,2,3,12,4,2026-07-13 00:00:00,80.5,45,Internal Medicine/PCP: No frequency,Unknown,Unknown,Likely Open – recent MMC visit,Keep: reinforce spine access,Not Started,"Score = referral 0 + specialty 4 + visit context 3 + reachability 2 + data 2. No deterministic referral-source match attributed to this company. Patient counts are distinct attributed B2B records, not confirmed kept visits."
379,180,11,Prospect,Wave 2,Visit / Prospect,Current / Maintain,Henry Ford  SAINT CLAIR ADULT MEDICINE SPECIALISTS,6f3c7a90-84e4-44ad-9d54-cf249407d5e4,"17141 KERCHEVAL AVE, GROSSE POINTE, Michigan, 48230",PCP,Internal Medicine/PCP,Other – GROSSE POINTE,Kristen,No attributed 2026 record,,0,0,0,0,,,,,,Strong,Active Spine Target,Current Core Baseline,1,1,2,3,12,4,2026-07-07 00:00:00,80,45,Internal Medicine/PCP: No frequency,Unknown,Unknown,Likely Open – recent MMC visit,Keep: reinforce spine access,Not Started,"Score = referral 0 + specialty 4 + visit context 3 + reachability 2 + data 2. No deterministic referral-source match attributed to this company. Patient counts are distinct attributed B2B records, not confirmed kept visits."
380,97,11,Prospect,Wave 2,Visit / Prospect,Current / Maintain,"APPOLINE MEDICAL CLINIC, PC",41d58a99-837a-4287-a726-afe3cda684c8,"8740 W Warren Ave, Dearborn, Michigan, 48126",Orthopedic,Spine,Other – Dearborn,Jasmine,No attributed 2026 record,,0,0,0,0,,,,,,Moderate,Spine-Labeled Target,Current Core Baseline,1,2,2,4,4,1,2026-07-14 00:00:00,59,45,Spine: No frequency,Unknown,Unknown,Likely Open – recent MMC visit,Keep: reinforce spine access,Not Started,"Score = referral 0 + specialty 5 + visit context 3 + reachability 1 + data 2. No deterministic referral-source match attributed to this company. Patient counts are distinct attributed B2B records, not confirmed kept visits."
381,98,11,Prospect,Wave 2,Visit / Prospect,Current / Maintain,BEAUMONT URGENT CARE BY WELLSTREET,24378dba-bc30-4fc4-a4b7-d1eeb12c2bed,"34435 Michigan Avenue, Wayne, Michigan, 48184",Urgent Care,Internal Medicine/PCP; Urgent Cares,Other – Wayne,Jasmine,No attributed 2026 record,,0,0,0,0,,,,,,Moderate,Active Spine Target,Current Core Baseline,1,2,2,4,8,2,2026-07-13 00:00:00,63,45,Internal Medicine/PCP: No frequency;Urgent Cares: No frequency,Unknown,Unknown,Likely Open – recent MMC visit,Keep: reinforce spine access,Not Started,"Score = referral 0 + specialty 4 + visit context 3 + reachability 2 + data 2. No deterministic referral-source match attributed to this company. Patient counts are distinct attributed B2B records, not confirmed kept visits."
382,99,11,Prospect,Wave 2,Visit / Prospect,Current / Maintain,Brackney Chiropractic,e3b0867d-fccc-4c01-8c75-68fde50cdc16,"8524 North Canton Center Road, Canton, Michigan, 48187",Chiropractor,Chiropractor,Other – Canton,Jasmine,No attributed 2026 record,,0,0,0,0,,,,,,Strong,Active Spine Target,Current Core Baseline,1,1,2,4,16,4,2026-07-02 00:00:00,45,45,Chiropractor: No frequency,Unknown,Unknown,Likely Open – recent MMC visit,Keep: reinforce spine access,Not Started,"Score = referral 0 + specialty 4 + visit context 3 + reachability 2 + data 2. No deterministic referral-source match attributed to this company. Patient counts are distinct attributed B2B records, not confirmed kept visits."
383,100,11,Prospect,Wave 2,Visit / Prospect,Current / Maintain,Canton Family Medicine,27944765-e102-4f5b-9ebc-611bcf5fb06c,"5958 N  Center Rd Canton, Canton, Michigan, 48187",PCP,Internal Medicine/PCP,Other – Canton,Jasmine,No attributed 2026 record,,0,0,0,0,,,,,,Moderate,Active Spine Target,Current Core Baseline,1,1,2,4,7,2,2026-07-02 00:00:00,59,45,Internal Medicine/PCP: No frequency,Unknown,Unknown,Likely Open – recent MMC visit,Keep: reinforce spine access,Not Started,"Score = referral 0 + specialty 4 + visit context 3 + reachability 2 + data 2. No deterministic referral-source match attributed to this company. Patient counts are distinct attributed B2B records, not confirmed kept visits."
384,101,11,Prospect,Wave 2,Visit / Prospect,Current / Maintain,CANTON URGENT CARE,6fa415cb-7af9-461a-b555-69ae0e7a90de,"43033 Ford Road, Canton, Michigan, 48187",Orthopedic,Urgent care; Ortho,Other – Canton,Jasmine,No attributed 2026 record,,0,0,0,0,,,,,,Moderate,Ortho Cross-Sell,Current Core Baseline,1,2,2,5,5,1,2026-07-15 00:00:00,37.5,45,Urgent care: No frequency;Ortho: No frequency,Unknown,Unknown,Likely Open – recent MMC visit,Keep: reinforce spine access,Not Started,"Score = referral 0 + specialty 5 + visit context 3 + reachability 1 + data 2. No deterministic referral-source match attributed to this company. Patient counts are distinct attributed B2B records, not confirmed kept visits."
385,102,11,Prospect,Wave 2,Visit / Prospect,Current / Maintain,CORNER HEALTH CENTER (Medicaid),70aaf20d-66c7-43ae-94f7-aecb6bcc117a,"47 N HURON ST, YPSILANTI, Michigan, 48197",Orthopedic,Ortho; Internal Medicine/PCP,Other – YPSILANTI,Jasmine,No attributed 2026 record,,0,0,0,0,,,,,,Moderate,Ortho Cross-Sell,Current Core Baseline,1,1,1,2,10,5,2026-06-18 00:00:00,167,45,Ortho: No frequency;Internal Medicine/PCP: No frequency,Unknown,Unknown,Likely Open – recent MMC visit,Keep: reinforce spine access,Not Started,"Score = referral 0 + specialty 5 + visit context 2 + reachability 2 + data 2. No deterministic referral-source match attributed to this company. Patient counts are distinct attributed B2B records, not confirmed kept visits."
386,103,11,Prospect,Wave 2,Visit / Prospect,Current / Maintain,"Corwell health internal medicine, Dearborn",1881654705,"4700 Schaefer Rd, Suite 240, Dearborn, MI, 481263698",PCP,Internal Medicine/PCP,Other – Dearborn,Jasmine,No attributed 2026 record,,0,0,0,0,,,,,,Moderate,Active Spine Target,Current Core Baseline,1,2,2,4,8,2,2026-07-14 00:00:00,51,45,Internal Medicine/PCP: No frequency,Unknown,Unknown,Likely Open – recent MMC visit,Keep: reinforce spine access,Not Started,"Score = referral 0 + specialty 4 + visit context 3 + reachability 2 + data 2. No deterministic referral-source match attributed to this company. Patient counts are distinct attributed B2B records, not confirmed kept visits."
387,104,11,Prospect,Wave 2,Visit / Prospect,Current / Maintain,Dearborn Health Clinic,e1b0659f-dd0b-44de-bb56-320215093e67,"13840 W Warren Ave, Dearborn, Michigan, 48126",PCP,Internal Medicine/PCP,Other – Dearborn,Jasmine,No attributed 2026 record,,0,0,0,0,,,,,,Moderate,Active Spine Target,Current Core Baseline,1,2,2,4,8,2,2026-07-14 00:00:00,50,45,Internal Medicine/PCP: No frequency,Unknown,Unknown,Likely Open – recent MMC visit,Keep: reinforce spine access,Not Started,"Score = referral 0 + specialty 4 + visit context 3 + reachability 2 + data 2. No deterministic referral-source match attributed to this company. Patient counts are distinct attributed B2B records, not confirmed kept visits."
388,105,11,Prospect,Wave 2,Visit / Prospect,Current / Maintain,Dedicated Senior Medical Center East Jefferson,044c28d6-68de-4f3e-855a-8606d4729ace,"13208 East Jefferson Avenue, Detroit, Michigan, 48215",PCP,Internal Medicine/PCP,Other – Detroit,Jasmine,No attributed 2026 record,,0,0,0,0,,,,,,Strong,Active Spine Target,Current Core Baseline,2,4,5,13,47,4,2026-06-25 00:00:00,13.5,45,Internal Medicine/PCP: No frequency,Unknown,Unknown,Likely Open – recent MMC visit,Keep: reinforce spine access,Not Started,"Score = referral 0 + specialty 4 + visit context 3 + reachability 2 + data 2. No deterministic referral-source match attributed to this company. Patient counts are distinct attributed B2B records, not confirmed kept visits."
389,106,11,Prospect,Wave 2,Visit / Prospect,Current / Maintain,EASTBORN MEDICAL GROUP,5f0d560a-88ef-4011-aac7-20111cc6a973,"15044 Michigan Ave, Dearborn, Michigan, 48126",Orthopedic,Spine; Internal Medicine/PCP,Other – Dearborn,Jasmine,No attributed 2026 record,,0,0,0,0,,,,,,Moderate,Spine-Labeled Target,Current Core Baseline,1,2,2,4,4,1,2026-07-14 00:00:00,66,45,Spine: No frequency;Internal Medicine/PCP: No frequency,Unknown,Unknown,Likely Open – recent MMC visit,Keep: reinforce spine access,Not Started,"Score = referral 0 + specialty 5 + visit context 3 + reachability 1 + data 2. No deterministic referral-source match attributed to this company. Patient counts are distinct attributed B2B records, not confirmed kept visits."
390,107,11,Prospect,Wave 2,Visit / Prospect,Current / Maintain,Elite Prime Care,2699d502-139a-47b8-b5f7-a8ea61dbeeae,"8542 N CANTON CENTER RD, CANTON, MI, 48187",PCP,Internal Medicine/PCP,Other – CANTON,Jasmine,No attributed 2026 record,,0,0,0,0,,,,,,Strong,Active Spine Target,Current Core Baseline,1,1,2,4,12,3,2026-07-02 00:00:00,59,45,Internal Medicine/PCP: No frequency,Unknown,Unknown,Likely Open – recent MMC visit,Keep: reinforce spine access,Not Started,"Score = referral 0 + specialty 4 + visit context 3 + reachability 2 + data 2. No deterministic referral-source match attributed to this company. Patient counts are distinct attributed B2B records, not confirmed kept visits."
391,108,11,Prospect,Wave 2,Visit / Prospect,Current / Maintain,Endeavor chiropractic,4edcea7a-987c-45d1-917d-cfe33f3c18ad,"18320 Farmington Rd, Livonia, Michigan, 48152",Chiropractor,Chiropractor,Livonia,Jasmine,No attributed 2026 record,,0,0,0,0,,,,,,Moderate,Active Spine Target,Current Core Baseline,1,2,2,5,10,2,2026-07-08 00:00:00,45.5,45,Chiropractor: No frequency,Unknown,Unknown,Likely Open – recent MMC visit,Keep: reinforce spine access,Not Started,"Score = referral 0 + specialty 4 + visit context 3 + reachability 2 + data 2. No deterministic referral-source match attributed to this company. Patient counts are distinct attributed B2B records, not confirmed kept visits."
392,109,11,Prospect,Wave 2,Visit / Prospect,Current / Maintain,Everside Health,dfb5fa8d-64ab-4384-9965-4374858f546a,"39595 W 10 Mile Road, NOVI, Michigan, 48375",Pain,Pain; Internal Medicine/PCP,Other – NOVI,Jasmine,No attributed 2026 record,,0,0,0,0,,,,,,Moderate,Active Spine Target,Current Core Baseline,1,1,2,4,5,1,2026-07-01 00:00:00,36,45,Pain: No frequency;Internal Medicine/PCP: No frequency,Unknown,Unknown,Likely Open – recent MMC visit,Keep: reinforce spine access,Not Started,"Score = referral 0 + specialty 5 + visit context 3 + reachability 1 + data 2. No deterministic referral-source match attributed to this company. Patient counts are distinct attributed B2B records, not confirmed kept visits."
393,110,11,Prospect,Wave 2,Visit / Prospect,Current / Maintain,FARMBROOK INTERVENTIONAL PAIN AND EMG,82015845-6f21-41fe-8e5a-c6e03da58e06,"29877 TELEGRAPH RD STE 401, SOUTHFIELD, Michigan, MI 48034",Pain,Pain Management,Southfield,Jasmine,No attributed 2026 record,,0,0,0,0,,,,,,Strong,Active Spine Target,Current Core Baseline,1,1,1,5,12,3,2026-07-01 00:00:00,38,45,Pain Management: No frequency,Unknown,Unknown,Likely Open – recent MMC visit,Keep: reinforce spine access,Not Started,"Score = referral 0 + specialty 5 + visit context 2 + reachability 2 + data 2. No deterministic referral-source match attributed to this company. Patient counts are distinct attributed B2B records, not confirmed kept visits."
394,111,11,Prospect,Wave 2,Visit / Prospect,Current / Maintain,Fox Michael DO,b0006361-799b-4231-8e35-542ac7ccc5c3,"27550 Joy Rd, Livonia, Michigan, 48150",PCP,Internal Medicine/PCP,Livonia,Jasmine,No attributed 2026 record,,0,0,0,0,,,,,,Strong,Active Spine Target,Current Core Baseline,1,1,2,4,12,3,2026-06-19 00:00:00,58,45,Internal Medicine/PCP: No frequency,Unknown,Unknown,Likely Open – recent MMC visit,Keep: reinforce spine access,Not Started,"Score = referral 0 + specialty 4 + visit context 3 + reachability 2 + data 2. No deterministic referral-source match attributed to this company. Patient counts are distinct attributed B2B records, not confirmed kept visits."
395,112,11,Prospect,Wave 2,Visit / Prospect,Current / Maintain,Gem Health and Wellness,70edb114-54ce-4dbf-bb03-01f785af8326,"25500 MEADOWBROOK RD STE 260, NOVI, Michigan, 48375",PCP,Internal Medicine/PCP,Other – NOVI,Jasmine,No attributed 2026 record,,0,0,0,0,,,,,,Strong,Active Spine Target,Current Core Baseline,1,2,3,5,10,2,2026-07-15 00:00:00,36,45,Internal Medicine/PCP: No frequency,Unknown,Unknown,Likely Open – recent MMC visit,Keep: reinforce spine access,Not Started,"Score = referral 0 + specialty 4 + visit context 3 + reachability 2 + data 2. No deterministic referral-source match attributed to this company. Patient counts are distinct attributed B2B records, not confirmed kept visits."
396,113,11,Prospect,Wave 2,Visit / Prospect,Expansion / Test,Henry Ford Family Medicine/Internal Medicine  - Novi,15ebb26a-5efc-4ce7-9eb1-60fb9bd5f6c9,"39450 West 12 Mile Road, Novi, Michigan, 48377",Pain,Pain; Internal Medicine/PCP,Other – Novi,Jasmine,No attributed 2026 record,,0,0,0,0,,,,,,Strong,Active Spine Target,Outside Core Baseline,0,1,2,5,96,20,2026-06-04 00:00:00,40,45,Pain: No frequency;Internal Medicine/PCP: No frequency,Unknown,Unknown,Likely Open – recent MMC visit,Test: add to next spine route,Not Started,"Score = referral 0 + specialty 5 + visit context 2 + reachability 2 + data 2. No deterministic referral-source match attributed to this company. Patient counts are distinct attributed B2B records, not confirmed kept visits."
397,114,11,Prospect,Wave 2,Visit / Prospect,Current / Maintain,Henry Ford Pain Clinic - Novi,fa3d7cf2-0b7a-4b7b-aa60-304995dee0eb,"39450 W 12 Mile Rd #3c, Novi, Michigan, 48377",Pain,Pain Management,Other – Novi,Jasmine,No attributed 2026 record,,0,0,0,0,,,,,,Moderate,Active Spine Target,Current Core Baseline,1,1,2,3,3,1,2026-06-24 00:00:00,56,45,Pain Management: No frequency,Unknown,Unknown,Likely Open – recent MMC visit,Keep: reinforce spine access,Not Started,"Score = referral 0 + specialty 5 + visit context 3 + reachability 1 + data 2. No deterministic referral-source match attributed to this company. Patient counts are distinct attributed B2B records, not confirmed kept visits."
398,115,11,Prospect,Wave 2,Visit / Prospect,Current / Maintain,IEP Urgent Care- Novi,4df59a0a-4c28-4cbf-aed9-c47c969dd72a,"27204 Beck Rd, Novi, Michigan, 48374",Urgent Care,Urgent care,Other – Novi,Jasmine,No attributed 2026 record,,0,0,0,0,,,,,,Strong,Active Spine Target,Current Core Baseline,1,1,2,4,12,3,2026-06-24 00:00:00,36,45,Urgent care: No frequency,Unknown,Unknown,Likely Open – recent MMC visit,Keep: reinforce spine access,Not Started,"Score = referral 0 + specialty 4 + visit context 3 + reachability 2 + data 2. No deterministic referral-source match attributed to this company. Patient counts are distinct attributed B2B records, not confirmed kept visits."
399,116,11,Prospect,Wave 2,Visit / Prospect,Current / Maintain,IHA Family Medicine,cfc1a768-52b4-4363-b4f1-1d54ec8e1b8c,"4940 Clark Rd, Ypsilanti, Michigan, 48197",PCP,Internal Medicine/PCP,Other – Ypsilanti,Jasmine,No attributed 2026 record,,0,0,0,0,,,,,,Strong,Active Spine Target,Current Core Baseline,1,1,2,4,34,10,2026-07-13 00:00:00,66,45,Internal Medicine/PCP: No frequency,Unknown,Unknown,Likely Open – recent MMC visit,Keep: reinforce spine access,Not Started,"Score = referral 0 + specialty 4 + visit context 3 + reachability 2 + data 2. No deterministic referral-source match attributed to this company. Patient counts are distinct attributed B2B records, not confirmed kept visits."
400,117,11,Prospect,Wave 2,Visit / Prospect,Current / Maintain,IHA urgent care Livonia,1e6c2264-d7e8-44cc-8bdb-8bbba8e6a32e,"19000 Saint Joe's Parkway, Livonia, Michigan, 48152",Urgent Care,Urgent care,Livonia,Jasmine,No attributed 2026 record,,0,0,0,0,,,,,,Strong,Active Spine Target,Current Core Baseline,1,1,2,5,59,12,2026-06-19 00:00:00,42,45,Urgent care: No frequency,Unknown,Unknown,Likely Open – recent MMC visit,Keep: reinforce spine access,Not Started,"Score = referral 0 + specialty 4 + visit context 3 + reachability 2 + data 2. No deterministic referral-source match attributed to this company. Patient counts are distinct attributed B2B records, not confirmed kept visits."
401,118,11,Prospect,Wave 2,Visit / Prospect,Current / Maintain,Intensive Pulmonary & Internal Medicine,9eee0ff0-1617-48d1-ab23-cc1eef9a0c5d,"14555 Levan Rd suite 404, Livonia, Michigan, 48154",PCP,Internal Medicine/PCP,Livonia,Jasmine,No attributed 2026 record,,0,0,0,0,,,,,,Moderate,Active Spine Target,Current Core Baseline,1,1,2,4,8,2,2026-07-09 00:00:00,51,45,Internal Medicine/PCP: No frequency,Unknown,Unknown,Likely Open – recent MMC visit,Keep: reinforce spine access,Not Started,"Score = referral 0 + specialty 4 + visit context 3 + reachability 2 + data 2. No deterministic referral-source match attributed to this company. Patient counts are distinct attributed B2B records, not confirmed kept visits."
402,119,11,Prospect,Wave 2,Visit / Prospect,Current / Maintain,"Jowher Khaleel MD, PC",1174571947,"20000 Farmington Hills, Bldg E, Livonia, MI, 48152",PCP,Internal Medicine/PCP,Livonia,Jasmine,No attributed 2026 record,,0,0,0,0,,,,,,Strong,Active Spine Target,Current Core Baseline,1,1,2,5,15,3,2026-06-24 00:00:00,41.5,45,Internal Medicine/PCP: No frequency,Unknown,Unknown,Likely Open – recent MMC visit,Keep: reinforce spine access,Not Started,"Score = referral 0 + specialty 4 + visit context 3 + reachability 2 + data 2. No deterministic referral-source match attributed to this company. Patient counts are distinct attributed B2B records, not confirmed kept visits."
403,120,11,Prospect,Wave 2,Visit / Prospect,Current / Maintain,MDVIP-Novi,34e9346c-8e77-4c5f-8b5a-25cf46347832,"26850 Providence Parkway, Novi, Michigan, 48374",PCP,Internal Medicine/PCP,Other – Novi,Jasmine,No attributed 2026 record,,0,0,0,0,,,,,,Moderate,Active Spine Target,Current Core Baseline,1,1,2,5,10,2,2026-06-23 00:00:00,41.5,45,Internal Medicine/PCP: No frequency,Unknown,Unknown,Likely Open – recent MMC visit,Keep: reinforce spine access,Not Started,"Score = referral 0 + specialty 4 + visit context 3 + reachability 2 + data 2. No deterministic referral-source match attributed to this company. Patient counts are distinct attributed B2B records, not confirmed kept visits."
404,121,11,Prospect,Wave 2,Visit / Prospect,Current / Maintain,Medical Associates PC,ed5b6926-cd2d-40c7-b534-97499a80ee08,"428 S Grove St, Ypsilanti, Michigan, 48198",PCP,Internal Medicine/PCP,Other – Ypsilanti,Jasmine,No attributed 2026 record,,0,0,0,0,,,,,,Strong,Active Spine Target,Current Core Baseline,1,1,2,4,12,3,2026-06-29 00:00:00,56,45,Internal Medicine/PCP: No frequency,Unknown,Unknown,Likely Open – recent MMC visit,Keep: reinforce spine access,Not Started,"Score = referral 0 + specialty 4 + visit context 3 + reachability 2 + data 2. No deterministic referral-source match attributed to this company. Patient counts are distinct attributed B2B records, not confirmed kept visits."
405,122,11,Prospect,Wave 2,Visit / Prospect,Current / Maintain,Medicare urgent care,85768def-ff0c-4952-b900-da31e044eedf,"18621 East 9 Mile Road, Eastpointe, Michigan, 48021",Urgent Care,Urgent care,Other – Eastpointe,Jasmine,No attributed 2026 record,,0,0,0,0,,,,,,Strong,Active Spine Target,Current Core Baseline,1,1,3,5,15,3,2026-06-18 00:00:00,45,45,Urgent care: No frequency,Unknown,Unknown,Likely Open – recent MMC visit,Keep: reinforce spine access,Not Started,"Score = referral 0 + specialty 4 + visit context 3 + reachability 2 + data 2. No deterministic referral-source match attributed to this company. Patient counts are distinct attributed B2B records, not confirmed kept visits."
406,123,11,Prospect,Wave 2,Visit / Prospect,Current / Maintain,Michigan family wellness,99d4fe31-7800-4760-b438-523fa51d9e6b,"2050 North Haggerty Road, CANTON, Michigan, 48187",Pain,Pain; Internal Medicine/PCP,Other – CANTON,Jasmine,No attributed 2026 record,,0,0,0,0,,,,,,Strong,Active Spine Target,Current Core Baseline,1,1,1,4,16,4,2026-07-02 00:00:00,63,45,Pain: No frequency;Internal Medicine/PCP: No frequency,Unknown,Unknown,Likely Open – recent MMC visit,Keep: reinforce spine access,Not Started,"Score = referral 0 + specialty 5 + visit context 2 + reachability 2 + data 2. No deterministic referral-source match attributed to this company. Patient counts are distinct attributed B2B records, not confirmed kept visits."
407,124,11,Prospect,Wave 2,Visit / Prospect,Current / Maintain,Michigan Orthopedic Specialists,8447f063-c332-4bfe-9ab5-13e9ea470cac,"44633 Joy Rd., Ste 200, Canton, Michigan, 48187",Orthopedic,Ortho,Other – Canton,Jasmine,No attributed 2026 record,,0,0,0,0,,,,,,Moderate,Ortho Cross-Sell,Current Core Baseline,1,1,1,3,9,10,2026-07-02 00:00:00,71.5,45,Ortho: No frequency,Unknown,Unknown,Likely Open – recent MMC visit,Keep: reinforce spine access,Not Started,"Score = referral 0 + specialty 5 + visit context 2 + reachability 2 + data 2. No deterministic referral-source match attributed to this company. Patient counts are distinct attributed B2B records, not confirmed kept visits."
408,125,11,Prospect,Wave 2,Visit / Prospect,Current / Maintain,MICHIGAN ORTHOPEDIC SPECIALISTS - Farmington Hills,95f12360-e2e8-47e3-8279-f8ff1f3bfd0e,"28080 GRAND RIVER AVE STE 207, FARMINGTON HILLS, MI, 48336",Orthopedic,Orthopedic - PT,Other – FARMINGTON HILLS,Jasmine,No attributed 2026 record,,0,0,0,0,,,,,,Moderate,Ortho Cross-Sell,Current Core Baseline,1,1,1,4,7,4,2026-07-02 00:00:00,36,45,Orthopedic - PT: No frequency,Unknown,Unknown,Likely Open – recent MMC visit,Keep: reinforce spine access,Not Started,"Score = referral 0 + specialty 5 + visit context 2 + reachability 2 + data 2. No deterministic referral-source match attributed to this company. Patient counts are distinct attributed B2B records, not confirmed kept visits."
409,126,11,Prospect,Wave 2,Visit / Prospect,Current / Maintain,Michigan Spine & Brain Surgeons,c7640a25-ed3b-4097-bda5-cd89202f64a1,"22250 Providence Dr suite 601, Southfield, Michigan, 48075",Orthopedic,Spine; Pain; Orthopedic Surgery,Southfield,Jasmine,No attributed 2026 record,,0,0,0,0,,,,,,Weak,Spine-Labeled Target,Current Core Baseline,1,1,1,1,1,6,2026-07-09 00:00:00,,45,Spine: No frequency;Pain: No frequency;Orthopedic Surgery: No frequency,Unknown,Unknown,Likely Open – recent MMC visit,Keep: reinforce spine access,Not Started,"Score = referral 0 + specialty 5 + visit context 2 + reachability 2 + data 2. No deterministic referral-source match attributed to this company. Patient counts are distinct attributed B2B records, not confirmed kept visits."
410,127,11,Prospect,Wave 2,Visit / Prospect,Current / Maintain,"MICHIGAN SPORTS AND SPINE CENTER, PC (not of value)",02dc2839-7a87-4f51-9ae8-528110ed4a8f,"18312 Middlebelt Road, Livonia, Michigan, 48152",Orthopedic,Spine,Livonia,Jasmine,No attributed 2026 record,,0,0,0,0,,,,,,Strong,Spine-Labeled Target,Current Core Baseline,1,1,1,3,19,7,2026-06-19 00:00:00,71.5,45,Spine: No frequency,Unknown,Unknown,Likely Open – recent MMC visit,Keep: reinforce spine access,Not Started,"Score = referral 0 + specialty 5 + visit context 2 + reachability 2 + data 2. No deterministic referral-source match attributed to this company. Patient counts are distinct attributed B2B records, not confirmed kept visits."
411,128,11,Prospect,Wave 2,Visit / Prospect,Current / Maintain,Northville-Novi Family Medicine,cbf5b149-d8d1-45d2-bc13-27eac5b85f34,"21580 Novi Rd, Novi, Michigan, 48375",PCP,Internal Medicine/PCP,Other – Novi,Jasmine,No attributed 2026 record,,0,0,0,0,,,,,,Strong,Active Spine Target,Current Core Baseline,1,1,2,5,13,3,2026-06-23 00:00:00,40.5,45,Internal Medicine/PCP: No frequency,Unknown,Unknown,Likely Open – recent MMC visit,Keep: reinforce spine access,Not Started,"Score = referral 0 + specialty 4 + visit context 3 + reachability 2 + data 2. No deterministic referral-source match attributed to this company. Patient counts are distinct attributed B2B records, not confirmed kept visits."
412,129,11,Prospect,Wave 2,Visit / Prospect,Current / Maintain,"Oakman, Medical Center",9ae9d844-759e-42b5-a563-2ad00aab5748,"5280 Oakman Blvd, Dearborn, Michigan, 48126",PCP,Internal Medicine/PCP,Other – Dearborn,Jasmine,No attributed 2026 record,,0,0,0,0,,,,,,Moderate,Active Spine Target,Current Core Baseline,1,1,2,3,6,2,2026-07-14 00:00:00,91,45,Internal Medicine/PCP: No frequency,Unknown,Unknown,Likely Open – recent MMC visit,Keep: reinforce spine access,Not Started,"Score = referral 0 + specialty 4 + visit context 3 + reachability 2 + data 2. No deterministic referral-source match attributed to this company. Patient counts are distinct attributed B2B records, not confirmed kept visits."
413,130,11,Prospect,Wave 2,Visit / Prospect,Current / Maintain,Park Internal Medicine,1402505e-8030-4222-ac59-577fa4458cd9,"26850 Providence Parkway, ste 505, Novi, Michigan, 48374",PCP,Internal Medicine/PCP,Other – Novi,Jasmine,No attributed 2026 record,,0,0,0,0,,,,,,Strong,Active Spine Target,Current Core Baseline,1,1,2,5,30,6,2026-06-23 00:00:00,41.5,45,Internal Medicine/PCP: No frequency,Unknown,Unknown,Likely Open – recent MMC visit,Keep: reinforce spine access,Not Started,"Score = referral 0 + specialty 4 + visit context 3 + reachability 2 + data 2. No deterministic referral-source match attributed to this company. Patient counts are distinct attributed B2B records, not confirmed kept visits."
414,131,11,Prospect,Wave 2,Visit / Prospect,Current / Maintain,Partners in Internal Medicine,2bc5b4b8-9395-4f0a-bc36-8f7ffd755481,"255 N Lilley Rd, Canton, Michigan, 48187",PCP,Internal Medicine/PCP,Other – Canton,Jasmine,No attributed 2026 record,,0,0,0,0,,,,,,Strong,Active Spine Target,Current Core Baseline,1,1,2,4,32,9,2026-07-02 00:00:00,50,45,Internal Medicine/PCP: No frequency,Unknown,Unknown,Likely Open – recent MMC visit,Keep: reinforce spine access,Not Started,"Score = referral 0 + specialty 4 + visit context 3 + reachability 2 + data 2. No deterministic referral-source match attributed to this company. Patient counts are distinct attributed B2B records, not confirmed kept visits."
415,132,11,Prospect,Wave 2,Visit / Prospect,Current / Maintain,"SEEMAB GUL KHAN, MD, PC",e419b08f-276a-463b-8d2e-29d69176bb65,"9555 Middlebelt Road, Livonia, Michigan, 48150",Orthopedic,Spine; Internal Medicine/PCP,Livonia,Jasmine,No attributed 2026 record,,0,0,0,0,,,,,,Moderate,Spine-Labeled Target,Current Core Baseline,1,1,2,4,4,1,2026-06-26 00:00:00,42,45,Spine: No frequency;Internal Medicine/PCP: No frequency,Unknown,Unknown,Likely Open – recent MMC visit,Keep: reinforce spine access,Not Started,"Score = referral 0 + specialty 5 + visit context 3 + reachability 1 + data 2. No deterministic referral-source match attributed to this company. Patient counts are distinct attributed B2B records, not confirmed kept visits."
416,133,11,Prospect,Wave 2,Visit / Prospect,Expansion / Test,SHEBA MEDICAL CENTER,f22819d5-efed-4b35-ba21-d6ba06d47271,"10140 VERNOR HWY, DEARBORN, Michigan, 48120",Pain,Pain; Internal Medicine/PCP,Other – DEARBORN,Jasmine,No attributed 2026 record,,0,0,0,0,,,,,,Moderate,Active Spine Target,Outside Core Baseline,0,0,2,4,7,3,2026-05-20 00:00:00,37,45,Pain: No frequency;Internal Medicine/PCP: No frequency,Unknown,Unknown,Likely Open – recent MMC visit,Test: add to next spine route,Not Started,"Score = referral 0 + specialty 5 + visit context 2 + reachability 2 + data 2. No deterministic referral-source match attributed to this company. Patient counts are distinct attributed B2B records, not confirmed kept visits."
417,134,11,Prospect,Wave 2,Visit / Prospect,Current / Maintain,Southeast Michigan Rehab & Pain,422a5ef8-6ba7-49ba-a836-1f967d1b414d,"39595 West 10 Mile Road, ste 103, Novi, Michigan, 48375",Pain,Pain Management,Other – Novi,Jasmine,No attributed 2026 record,,0,0,0,0,,,,,,Strong,Active Spine Target,Current Core Baseline,1,2,3,4,4,1,2026-07-10 00:00:00,37,45,Pain Management: No frequency,Unknown,Unknown,Likely Open – recent MMC visit,Keep: reinforce spine access,Not Started,"Score = referral 0 + specialty 5 + visit context 3 + reachability 1 + data 2. No deterministic referral-source match attributed to this company. Patient counts are distinct attributed B2B records, not confirmed kept visits."
418,135,11,Prospect,Wave 2,Visit / Prospect,Current / Maintain,THE CORE INSTITUTE NOVI,73e16173-bee1-429e-93a5-997d3d6df3d9,"26750 PROVIDENCE PKWY STE 200, NOVI, MI, 48374",Orthopedic,Spine; Pain; Orthopedic Surgery,Other – NOVI,Jasmine,No attributed 2026 record,,0,0,0,0,,,,,,Moderate,Spine-Labeled Target,Current Core Baseline,1,1,1,6,9,8,2026-06-22 00:00:00,35,45,Spine: No frequency;Pain: No frequency;Orthopedic Surgery: No frequency,Unknown,Unknown,Likely Open – recent MMC visit,Keep: reinforce spine access,Not Started,"Score = referral 0 + specialty 5 + visit context 2 + reachability 2 + data 2. No deterministic referral-source match attributed to this company. Patient counts are distinct attributed B2B records, not confirmed kept visits."
419,136,11,Prospect,Wave 2,Visit / Prospect,Current / Maintain,The Joint Chiropractic - Livonia,fbf2356b-694f-4b80-a662-1d1e86c727d7,"11027 Middlebelt Rd, Livonia, Michigan, 48150",Chiropractor,Chiropractor,Livonia,Jasmine,No attributed 2026 record,,0,0,0,0,,,,,,Strong,Active Spine Target,Current Core Baseline,1,1,2,4,16,4,2026-06-19 00:00:00,34,45,Chiropractor: No frequency,Unknown,Unknown,Likely Open – recent MMC visit,Keep: reinforce spine access,Not Started,"Score = referral 0 + specialty 4 + visit context 3 + reachability 2 + data 2. No deterministic referral-source match attributed to this company. Patient counts are distinct attributed B2B records, not confirmed kept visits."
420,137,11,Prospect,Wave 2,Visit / Prospect,Current / Maintain,THE PILOT DOCTORS,27281655-fa64-496e-9ffa-bbd0472e43d4,"965 South Main Street, Plymouth, Michigan, 48170",Orthopedic,Ortho; Internal Medicine/PCP,Other – Plymouth,Jasmine,No attributed 2026 record,,0,0,0,0,,,,,,Moderate,Ortho Cross-Sell,Current Core Baseline,1,1,1,4,8,2,2026-07-13 00:00:00,49,45,Ortho: No frequency;Internal Medicine/PCP: No frequency,Unknown,Unknown,Likely Open – recent MMC visit,Keep: reinforce spine access,Not Started,"Score = referral 0 + specialty 5 + visit context 2 + reachability 2 + data 2. No deterministic referral-source match attributed to this company. Patient counts are distinct attributed B2B records, not confirmed kept visits."
421,138,11,Prospect,Wave 2,Visit / Prospect,Current / Maintain,Trinity Health IHA Academic Internal Medicine,c4b5edcd-9c75-4b5e-8922-bf8bda2f5543,"37595 W Seven Mile Rd, ste 340, Livonia, Michigan, 48152",PCP,Internal Medicine/PCP,Livonia,Jasmine,No attributed 2026 record,,0,0,0,0,,,,,,Strong,Active Spine Target,Current Core Baseline,1,1,2,4,15,4,2026-06-19 00:00:00,45,45,Internal Medicine/PCP: No frequency,Unknown,Unknown,Likely Open – recent MMC visit,Keep: reinforce spine access,Not Started,"Score = referral 0 + specialty 4 + visit context 3 + reachability 2 + data 2. No deterministic referral-source match attributed to this company. Patient counts are distinct attributed B2B records, not confirmed kept visits."
422,139,11,Prospect,Wave 2,Visit / Prospect,Current / Maintain,"Trinity Health IHA Medical Group, Primary Care - Ann Arbor",41bbf717-a150-4c1a-b236-ebab1366b8aa,"5361 McAuley Dr, Ypsilanti, Michigan, 48197",PCP,Internal Medicine/PCP,Other – Ypsilanti,Jasmine,No attributed 2026 record,,0,0,0,0,,,,,,Strong,Active Spine Target,Current Core Baseline,1,1,2,4,56,14,2026-06-30 00:00:00,53,45,Internal Medicine/PCP: No frequency,Unknown,Unknown,Likely Open – recent MMC visit,Keep: reinforce spine access,Not Started,"Score = referral 0 + specialty 4 + visit context 3 + reachability 2 + data 2. No deterministic referral-source match attributed to this company. Patient counts are distinct attributed B2B records, not confirmed kept visits."
423,140,11,Prospect,Wave 2,Visit / Prospect,Current / Maintain,Trinity Health IHA Primary Care - EMU,10a4e627-2c56-4978-9734-9722090617c0,"1065 N Huron River Dr suite 100, Ypsilanti, Michigan, 48197",PCP,Internal Medicine/PCP,Other – Ypsilanti,Jasmine,No attributed 2026 record,,0,0,0,0,,,,,,Strong,Active Spine Target,Current Core Baseline,1,2,3,5,20,4,2026-07-13 00:00:00,40,45,Internal Medicine/PCP: No frequency,Unknown,Unknown,Likely Open – recent MMC visit,Keep: reinforce spine access,Not Started,"Score = referral 0 + specialty 4 + visit context 3 + reachability 2 + data 2. No deterministic referral-source match attributed to this company. Patient counts are distinct attributed B2B records, not confirmed kept visits."
424,141,11,Prospect,Wave 2,Visit / Prospect,Current / Maintain,Trinity Health Urgent Care - West Arbor suite 230,074ec76c-edc3-484d-9c8a-230ffcda445e,"4350 Jackson Road, Ann Arbor, Michigan, 48103",Urgent Care,Urgent care,Other – Ann Arbor,Jasmine,No attributed 2026 record,,0,0,0,0,,,,,,Strong,Active Spine Target,Current Core Baseline,1,1,2,4,78,25,2026-07-06 00:00:00,53,45,Urgent care: No frequency,Unknown,Unknown,Likely Open – recent MMC visit,Keep: reinforce spine access,Not Started,"Score = referral 0 + specialty 4 + visit context 3 + reachability 2 + data 2. No deterministic referral-source match attributed to this company. Patient counts are distinct attributed B2B records, not confirmed kept visits."
425,142,11,Prospect,Wave 2,Visit / Prospect,Current / Maintain,Trinity IHA Primary Care - West Arbor,d7578949-87ce-4820-9a40-a34cbfb03fd6,"4350 Jackson Rd suite 200, Ann Arbor, Michigan, 48103",PCP,Internal Medicine/PCP,Other – Ann Arbor,Jasmine,No attributed 2026 record,,0,0,0,0,,,,,,Strong,Active Spine Target,Current Core Baseline,1,1,2,4,76,21,2026-07-06 00:00:00,57,45,Internal Medicine/PCP: No frequency,Unknown,Unknown,Likely Open – recent MMC visit,Keep: reinforce spine access,Not Started,"Score = referral 0 + specialty 4 + visit context 3 + reachability 2 + data 2. No deterministic referral-source match attributed to this company. Patient counts are distinct attributed B2B records, not confirmed kept visits."
426,143,11,Prospect,Wave 2,Visit / Prospect,Current / Maintain,True Health Chiropractic,bb1e8257-48ba-4510-ac85-f82c85996bdf,"28404 Five Mile Rd, Livonia, Michigan, 48154",Chiropractor,Chiropractor,Livonia,Jasmine,No attributed 2026 record,,0,0,0,0,,,,,,Moderate,Active Spine Target,Current Core Baseline,1,2,2,4,8,2,2026-06-26 00:00:00,34,45,Chiropractor: No frequency,Unknown,Unknown,Likely Open – recent MMC visit,Keep: reinforce spine access,Not Started,"Score = referral 0 + specialty 4 + visit context 3 + reachability 2 + data 2. No deterministic referral-source match attributed to this company. Patient counts are distinct attributed B2B records, not confirmed kept visits."
427,144,11,Prospect,Wave 2,Visit / Prospect,Current / Maintain,UNIVERSITY OF MICHIGAN LIVONIA HEALTH CENTER,fcafa62b-aa2e-4816-b546-f6718ff3ece8,"20321 FARMINGTON RD, LIVONIA, MI, 48152",PCP,Internal Medicine/PCP,Livonia,Jasmine,No attributed 2026 record,,0,0,0,0,,,,,,Strong,Active Spine Target,Current Core Baseline,1,1,2,4,73,18,2026-07-08 00:00:00,50,45,Internal Medicine/PCP: No frequency,Unknown,Unknown,Likely Open – recent MMC visit,Keep: reinforce spine access,Not Started,"Score = referral 0 + specialty 4 + visit context 3 + reachability 2 + data 2. No deterministic referral-source match attributed to this company. Patient counts are distinct attributed B2B records, not confirmed kept visits."
428,145,11,Prospect,Wave 2,Visit / Prospect,Current / Maintain,UNIVERSITY OF MICHIGAN YPSILANTI HEALTH CENTER,2f5507a9-2551-4136-8866-ca58f640c01c,"300 West Michigan Avenue, Ypsilanti, Michigan, 48197",Orthopedic,Ortho; Internal Medicine/PCP,Other – Ypsilanti,Jasmine,No attributed 2026 record,,0,0,0,0,,,,,,Strong,Ortho Cross-Sell,Current Core Baseline,1,1,1,3,15,5,2026-07-07 00:00:00,84,45,Ortho: No frequency;Internal Medicine/PCP: No frequency,Unknown,Unknown,Likely Open – recent MMC visit,Keep: reinforce spine access,Not Started,"Score = referral 0 + specialty 5 + visit context 2 + reachability 2 + data 2. No deterministic referral-source match attributed to this company. Patient counts are distinct attributed B2B records, not confirmed kept visits."
429,146,11,Prospect,Wave 2,Visit / Prospect,Current / Maintain,VillageMD Eastern Michigan,828fa8f3-3b8b-47be-a90f-66dec7286b3e,"39475 Lewis Dr ste 110, Novi, Michigan, 48377",PCP,Internal Medicine/PCP,Other – Novi,Jasmine,No attributed 2026 record,,0,0,0,0,,,,,,Strong,Active Spine Target,Current Core Baseline,1,2,3,4,8,2,2026-07-15 00:00:00,41,45,Internal Medicine/PCP: No frequency,Unknown,Unknown,Likely Open – recent MMC visit,Keep: reinforce spine access,Not Started,"Score = referral 0 + specialty 4 + visit context 3 + reachability 2 + data 2. No deterministic referral-source match attributed to this company. Patient counts are distinct attributed B2B records, not confirmed kept visits."
430,147,11,Prospect,Wave 2,Visit / Prospect,Current / Maintain,Wellness Wave Chiropractic,80bad707-804e-4e08-b1c8-d03f5038b164,"15365 Hubbard St, Livonia, Michigan, 48154",Chiropractor,Chiropractor,Livonia,Jasmine,No attributed 2026 record,,0,0,0,0,,,,,,Moderate,Active Spine Target,Current Core Baseline,1,2,2,4,8,2,2026-06-26 00:00:00,34,45,Chiropractor: No frequency,Unknown,Unknown,Likely Open – recent MMC visit,Keep: reinforce spine access,Not Started,"Score = referral 0 + specialty 4 + visit context 3 + reachability 2 + data 2. No deterministic referral-source match attributed to this company. Patient counts are distinct attributed B2B records, not confirmed kept visits."
431,104,11,Prospect,Wave 2,Visit / Prospect,Current / Maintain,Alliance - Shelby Township,bbb5a959-2f90-4cc2-aa31-4147951ed255,"49310 Van Dyke Ave, Shelby Township, Michigan, 48317",PCP,Internal Medicine/PCP,Other – Shelby Township,Coty,No attributed 2026 record,,0,0,0,0,,,,,,Strong,Active Spine Target,Current Core Baseline,1,2,3,5,45,9,2026-07-07 00:00:00,35.5,45,Internal Medicine/PCP: No frequency,Unknown,Unknown,Likely Open – recent MMC visit,Keep: reinforce spine access,Not Started,"Score = referral 0 + specialty 4 + visit context 3 + reachability 2 + data 2. No deterministic referral-source match attributed to this company. Patient counts are distinct attributed B2B records, not confirmed kept visits."
432,105,11,Prospect,Wave 2,Visit / Prospect,Current / Maintain,Amabir Khaira MD,fdc185b1-8cf4-4f41-b543-bd81b47c5427,"75 Barclay Cir ste 208, Rochester Hills, Michigan, 48307",PCP,Internal Medicine/PCP,Other – Rochester Hills,Coty,No attributed 2026 record,,0,0,0,0,,,,,,Strong,Active Spine Target,Current Core Baseline,2,3,4,7,14,2,2026-07-15 00:00:00,27,45,Internal Medicine/PCP: No frequency,Unknown,Unknown,Likely Open – recent MMC visit,Keep: reinforce spine access,Not Started,"Score = referral 0 + specialty 4 + visit context 3 + reachability 2 + data 2. No deterministic referral-source match attributed to this company. Patient counts are distinct attributed B2B records, not confirmed kept visits."
433,106,11,Prospect,Wave 2,Visit / Prospect,Current / Maintain,AS Medical Group,00f1a591-9c29-48d3-826e-cbc95575d982,"4845 E 14 Mile Rd, Sterling Heights, Michigan, 48310",PCP,Coty; Internal Medicine/PCP,Sterling Heights,Coty,No attributed 2026 record,,0,0,0,0,,,,,,Strong,Active Spine Target,Current Core Baseline,1,3,4,8,22,3,2026-06-26 00:00:00,14,45,Coty: No frequency;Internal Medicine/PCP: No frequency,Unknown,Unknown,Likely Open – recent MMC visit,Keep: reinforce spine access,Not Started,"Score = referral 0 + specialty 4 + visit context 3 + reachability 2 + data 2. No deterministic referral-source match attributed to this company. Patient counts are distinct attributed B2B records, not confirmed kept visits."
434,107,11,Prospect,Wave 2,Visit / Prospect,Current / Maintain,Associated Orthopedists of Detroit-St Clair Shores,4522f3c1-4822-4912-a5d5-f88809b8ea59,"24715 Little Mack Ave ste 100, St. Clair Shores, Michigan, 48080",Orthopedic,Orthopedic Surgery,Other – St. Clair Shores,Coty,No attributed 2026 record,,0,0,0,0,,,,,,Weak,Ortho Cross-Sell,Current Core Baseline,1,1,1,2,4,2,2026-06-18 00:00:00,78,45,Orthopedic Surgery: No frequency,Unknown,Unknown,Likely Open – recent MMC visit,Keep: reinforce spine access,Not Started,"Score = referral 0 + specialty 5 + visit context 2 + reachability 2 + data 2. No deterministic referral-source match attributed to this company. Patient counts are distinct attributed B2B records, not confirmed kept visits."
435,108,11,Prospect,Wave 2,Visit / Prospect,Current / Maintain,Byron Medical Group,d0991686-438d-4fe9-84fd-07bb3b2bbec1,"1225 S Latson Rd ste 350, Howell, Michigan, 48843",PCP,Internal Medicine/PCP,Other – Howell,Coty,No attributed 2026 record,,0,0,0,0,,,,,,Strong,Active Spine Target,Current Core Baseline,1,1,2,4,12,3,2026-07-16 00:00:00,48,45,Internal Medicine/PCP: No frequency,Unknown,Unknown,Likely Open – recent MMC visit,Keep: reinforce spine access,Not Started,"Score = referral 0 + specialty 4 + visit context 3 + reachability 2 + data 2. No deterministic referral-source match attributed to this company. Patient counts are distinct attributed B2B records, not confirmed kept visits."
436,109,11,Prospect,Wave 2,Visit / Prospect,Current / Maintain,CarePoint Internal Medicine,1205811627,"3290 West Big Beaver Road, ste 420, Troy, Michigan, 48084",PCP,Internal Medicine/PCP,Troy,Coty,No attributed 2026 record,,0,0,0,0,,,,,,Strong,Active Spine Target,Current Core Baseline,2,3,6,10,79,8,2026-07-13 00:00:00,18,45,Internal Medicine/PCP: No frequency,Unknown,Unknown,Likely Open – recent MMC visit,Keep: reinforce spine access,Not Started,"Score = referral 0 + specialty 4 + visit context 3 + reachability 2 + data 2. No deterministic referral-source match attributed to this company. Patient counts are distinct attributed B2B records, not confirmed kept visits."
437,110,11,Prospect,Wave 2,Visit / Prospect,Current / Maintain,Ciarlone Orthopedics,776e10e7-f4c0-411b-be58-d586dedcc5eb,"75 Barclay Cir ste 235, Rochester Hills, Michigan, 48307",Orthopedic,Ortho,Other – Rochester Hills,Coty,No attributed 2026 record,,0,0,0,0,,,,,,Strong,Ortho Cross-Sell,Current Core Baseline,1,3,4,8,8,1,2026-07-15 00:00:00,16,45,Ortho: No frequency,Unknown,Unknown,Likely Open – recent MMC visit,Keep: reinforce spine access,Not Started,"Score = referral 0 + specialty 5 + visit context 3 + reachability 1 + data 2. No deterministic referral-source match attributed to this company. Patient counts are distinct attributed B2B records, not confirmed kept visits."
438,111,11,Prospect,Wave 2,Visit / Prospect,Current / Maintain,Corewell Health Taylor Hospital Family Medicine,116ecff0-69a2-4ab9-86a0-22de7c1a6fec,"15777 Northline Rd, Southgate, Michigan, 48195",PCP,Coty; Internal Medicine/PCP,Other – Southgate,Coty,No attributed 2026 record,,0,0,0,0,,,,,,Strong,Active Spine Target,Current Core Baseline,1,2,3,6,48,8,2026-07-02 00:00:00,31,45,Coty: No frequency;Internal Medicine/PCP: No frequency,Unknown,Unknown,Likely Open – recent MMC visit,Keep: reinforce spine access,Not Started,"Score = referral 0 + specialty 4 + visit context 3 + reachability 2 + data 2. No deterministic referral-source match attributed to this company. Patient counts are distinct attributed B2B records, not confirmed kept visits."
439,112,11,Prospect,Wave 2,Visit / Prospect,Current / Maintain,DMC Primary and Specialty Care - Milford,16713b11-3989-4cae-9f63-709b8dcc8b9e,"1501 N Milford Rd ste 200, Milford Charter Township, Michigan, 48381",PCP,Internal Medicine/PCP,Other – Milford Charter Township,Coty,No attributed 2026 record,,0,0,0,0,,,,,,Strong,Active Spine Target,Current Core Baseline,1,1,2,4,16,4,2026-07-16 00:00:00,48,45,Internal Medicine/PCP: No frequency,Unknown,Unknown,Likely Open – recent MMC visit,Keep: reinforce spine access,Not Started,"Score = referral 0 + specialty 4 + visit context 3 + reachability 2 + data 2. No deterministic referral-source match attributed to this company. Patient counts are distinct attributed B2B records, not confirmed kept visits."
440,113,11,Prospect,Wave 2,Visit / Prospect,Current / Maintain,Downriver Internists - Wayne,1982992715,"32320 Michigan, Wayne, MI, 48184",PCP,Internal Medicine/PCP,Other – Wayne,Coty,No attributed 2026 record,,0,0,0,0,,,,,,Moderate,Active Spine Target,Current Core Baseline,1,1,2,4,8,2,2026-07-14 00:00:00,52,45,Internal Medicine/PCP: No frequency,Unknown,Unknown,Likely Open – recent MMC visit,Keep: reinforce spine access,Not Started,"Score = referral 0 + specialty 4 + visit context 3 + reachability 2 + data 2. No deterministic referral-source match attributed to this company. Patient counts are distinct attributed B2B records, not confirmed kept visits."
441,114,11,Prospect,Wave 2,Visit / Prospect,Current / Maintain,Forum Medical Clinic,8dd680b0-5504-40bd-8956-3ce07e763aef,"43184 Dequindre, ste 202, Sterling Heights, Michigan, 48314",PCP,Internal Medicine/PCP,Sterling Heights,Coty,No attributed 2026 record,,0,0,0,0,,,,,,Strong,Active Spine Target,Current Core Baseline,2,4,5,9,36,7,2026-07-13 00:00:00,15.5,45,Internal Medicine/PCP: No frequency,Unknown,Unknown,Likely Open – recent MMC visit,Keep: reinforce spine access,Not Started,"Score = referral 0 + specialty 4 + visit context 3 + reachability 2 + data 2. No deterministic referral-source match attributed to this company. Patient counts are distinct attributed B2B records, not confirmed kept visits."
442,115,11,Prospect,Wave 2,Visit / Prospect,Current / Maintain,Forum Medical Clinic,2b118d9b-4287-416a-aa66-4e30f6d98e26,"25625 Schoenherr Rd, Warren, MI, 48089",PCP,Internal Medicine/PCP,Other – Warren,Coty,No attributed 2026 record,,0,0,0,0,,,,,,Strong,Active Spine Target,Current Core Baseline,3,6,8,15,66,6,2026-07-13 00:00:00,6.5,45,Internal Medicine/PCP: No frequency,Unknown,Unknown,Likely Open – recent MMC visit,Keep: reinforce spine access,Not Started,"Score = referral 0 + specialty 4 + visit context 3 + reachability 2 + data 2. No deterministic referral-source match attributed to this company. Patient counts are distinct attributed B2B records, not confirmed kept visits."
443,116,11,Prospect,Wave 2,Visit / Prospect,Current / Maintain,Get Well Urgent Care of Shelby,6d4858c6-18d3-4849-b136-42e2fcb84fe3,"13467 23 Mile Rd, Shelby Township, Michigan, 48315",Urgent Care,Urgent Cares,Other – Shelby Township,Coty,No attributed 2026 record,,0,0,0,0,,,,,,Strong,Active Spine Target,Current Core Baseline,1,2,2,4,12,3,2026-07-07 00:00:00,28,45,Urgent Cares: No frequency,Unknown,Unknown,Likely Open – recent MMC visit,Keep: reinforce spine access,Not Started,"Score = referral 0 + specialty 4 + visit context 3 + reachability 2 + data 2. No deterministic referral-source match attributed to this company. Patient counts are distinct attributed B2B records, not confirmed kept visits."
444,117,11,Prospect,Wave 2,Visit / Prospect,Expansion / Test,"Glowacki MD - Institute for Pain, Spine & Headache Disorders",5bb9aa8b-846a-4a0b-ab77-289399d9b1b1,"6535 Rochester Rd ste 102, Troy, Michigan, 48085",Orthopedic,Spine; Pain Management,Troy,Coty,No attributed 2026 record,,0,0,0,0,,,,,,Strong,Spine-Labeled Target,Outside Core Baseline,0,1,2,4,23,6,2026-06-03 00:00:00,41,45,Spine: No frequency;Pain Management: No frequency,Unknown,Unknown,Likely Open – recent MMC visit,Test: add to next spine route,Not Started,"Score = referral 0 + specialty 5 + visit context 2 + reachability 2 + data 2. No deterministic referral-source match attributed to this company. Patient counts are distinct attributed B2B records, not confirmed kept visits."
445,118,11,Prospect,Wave 2,Visit / Prospect,Current / Maintain,Great Lakes Health and Wellness,5bdf0e65-dfd7-47d2-8c99-2ca90d5315cd,"12701 Telegraph Road, Taylor, Michigan, 48180",PCP,Internal Medicine/PCP,Other – Taylor,Coty,No attributed 2026 record,,0,0,0,0,,,,,,Strong,Active Spine Target,Current Core Baseline,1,2,3,6,12,2,2026-07-14 00:00:00,21,45,Internal Medicine/PCP: No frequency,Unknown,Unknown,Likely Open – recent MMC visit,Keep: reinforce spine access,Not Started,"Score = referral 0 + specialty 4 + visit context 3 + reachability 2 + data 2. No deterministic referral-source match attributed to this company. Patient counts are distinct attributed B2B records, not confirmed kept visits."
446,119,11,Prospect,Wave 2,Visit / Prospect,Expansion / Test,Greater Michigan Orthopedics and Sports Medicine - Warren,1023000882,"28001 Schoenherr Road, Warren, Michigan, 48088",Orthopedic,Orthopedic - PT; Orthopedic Surgery,Other – Warren,Coty,No attributed 2026 record,,0,0,0,0,,,,,,Moderate,Ortho Cross-Sell,Outside Core Baseline,0,1,2,5,10,2,2026-06-01 00:00:00,28.5,45,Orthopedic - PT: No frequency;Orthopedic Surgery: No frequency,Unknown,Unknown,Likely Open – recent MMC visit,Test: add to next spine route,Not Started,"Score = referral 0 + specialty 5 + visit context 2 + reachability 2 + data 2. No deterministic referral-source match attributed to this company. Patient counts are distinct attributed B2B records, not confirmed kept visits."
447,120,11,Prospect,Wave 2,Visit / Prospect,Current / Maintain,Howell Family Medicine,e474fc74-0d61-4b4f-831d-addccde2b9dd,"1225 S Latson Rd ste 260, Howell, Michigan, 48843",PCP,Internal Medicine/PCP,Other – Howell,Coty,No attributed 2026 record,,0,0,0,0,,,,,,Strong,Active Spine Target,Current Core Baseline,1,1,2,4,12,3,2026-07-16 00:00:00,48,45,Internal Medicine/PCP: No frequency,Unknown,Unknown,Likely Open – recent MMC visit,Keep: reinforce spine access,Not Started,"Score = referral 0 + specialty 4 + visit context 3 + reachability 2 + data 2. No deterministic referral-source match attributed to this company. Patient counts are distinct attributed B2B records, not confirmed kept visits."
448,121,11,Prospect,Wave 2,Visit / Prospect,Current / Maintain,"INTERNAL MEDICINE ASSOCIATES OF MICHIGAN, PC",c0a3429e-a32c-4e10-9c63-39620fac46d2,"15105 NORTHLINE RD, SOUTHGATE, MI, 48195",PCP,Internal Medicine/PCP,Other – SOUTHGATE,Coty,No attributed 2026 record,,0,0,0,0,,,,,,Strong,Active Spine Target,Current Core Baseline,1,2,2,4,12,3,2026-07-06 00:00:00,41,45,Internal Medicine/PCP: No frequency,Unknown,Unknown,Likely Open – recent MMC visit,Keep: reinforce spine access,Not Started,"Score = referral 0 + specialty 4 + visit context 3 + reachability 2 + data 2. No deterministic referral-source match attributed to this company. Patient counts are distinct attributed B2B records, not confirmed kept visits."
449,122,11,Prospect,Wave 2,Visit / Prospect,Current / Maintain,"Internal Medicine Associates of Rochester Hills, PC",d585f868-a414-424d-b7fc-46bf2da53972,"455 S Livernois Rd Suite C-24, Rochester Hills, MI 48307, United States, Rochester Hills, Michigan, 48307",PCP,Internal Medicine/PCP,Other – Rochester Hills,Coty,No attributed 2026 record,,0,0,0,0,,,,,,Moderate,Active Spine Target,Current Core Baseline,1,1,2,2,4,2,2026-07-06 00:00:00,68,45,Internal Medicine/PCP: No frequency,Unknown,Unknown,Likely Open – recent MMC visit,Keep: reinforce spine access,Not Started,"Score = referral 0 + specialty 4 + visit context 3 + reachability 2 + data 2. No deterministic referral-source match attributed to this company. Patient counts are distinct attributed B2B records, not confirmed kept visits."
450,123,11,Prospect,Wave 2,Visit / Prospect,Current / Maintain,"Julie Henry, MD",1eb4b4af-01f6-4e42-bf98-d3a12bea0f85,"27427 Schoenherr Rd suite 200, Warren, Michigan, 48088",Orthopedic,Orthopedic Surgery; Physical Therapy,Other – Warren,Coty,No attributed 2026 record,,0,0,0,0,,,,,,Strong,Ortho Cross-Sell,Current Core Baseline,1,2,3,5,5,1,2026-06-18 00:00:00,28.5,45,Orthopedic Surgery: No frequency;Physical Therapy: No frequency,Unknown,Unknown,Likely Open – recent MMC visit,Keep: reinforce spine access,Not Started,"Score = referral 0 + specialty 5 + visit context 3 + reachability 1 + data 2. No deterministic referral-source match attributed to this company. Patient counts are distinct attributed B2B records, not confirmed kept visits."
451,124,11,Prospect,Wave 2,Visit / Prospect,Current / Maintain,Karle Medical Group,19495112-7e08-4c09-8899-f4c2049ff753,"455 Barclay Cir, Unit D, Rochester Hills, Michigan, 48307",PCP,Internal Medicine/PCP,Other – Rochester Hills,Coty,No attributed 2026 record,,0,0,0,0,,,,,,Strong,Active Spine Target,Current Core Baseline,2,3,4,6,66,11,2026-07-15 00:00:00,16,45,Internal Medicine/PCP: No frequency,Unknown,Unknown,Likely Open – recent MMC visit,Keep: reinforce spine access,Not Started,"Score = referral 0 + specialty 4 + visit context 3 + reachability 2 + data 2. No deterministic referral-source match attributed to this company. Patient counts are distinct attributed B2B records, not confirmed kept visits."
452,125,11,Prospect,Wave 2,Visit / Prospect,Current / Maintain,Maan Askar MD - 13 Mile,8bdecedc-33cd-4229-8467-d684f3b6242d,"13430 13 Mile Rd, Warren, Michigan, 48088",PCP,Internal Medicine/PCP,Other – Warren,Coty,No attributed 2026 record,,0,0,0,0,,,,,,Strong,Active Spine Target,Current Core Baseline,1,2,3,5,5,2,2026-07-09 00:00:00,30.5,45,Internal Medicine/PCP: No frequency,Unknown,Unknown,Likely Open – recent MMC visit,Keep: reinforce spine access,Not Started,"Score = referral 0 + specialty 4 + visit context 3 + reachability 2 + data 2. No deterministic referral-source match attributed to this company. Patient counts are distinct attributed B2B records, not confirmed kept visits."
453,126,11,Prospect,Wave 2,Visit / Prospect,Current / Maintain,Macomb Family Medical Center,bf00683c-6b73-48ef-985a-d84796ddd18f,"16800 24 MILE RD STE 4, MACOMB, MI, 48042",PCP,Internal Medicine/PCP,Other – MACOMB,Coty,No attributed 2026 record,,0,0,0,0,,,,,,Strong,Active Spine Target,Current Core Baseline,1,1,2,4,12,3,2026-06-30 00:00:00,41,45,Internal Medicine/PCP: No frequency,Unknown,Unknown,Likely Open – recent MMC visit,Keep: reinforce spine access,Not Started,"Score = referral 0 + specialty 4 + visit context 3 + reachability 2 + data 2. No deterministic referral-source match attributed to this company. Patient counts are distinct attributed B2B records, not confirmed kept visits."
454,127,11,Prospect,Wave 2,Visit / Prospect,Current / Maintain,Macomb Family Medicine (Henry Ford) - Chesterfield,b9b7ff1f-a14b-4733-af73-e7371152c69a,"36750 26 Mile Rd, ste 230, Chesterfield, Michigan, 48047",PCP,Internal Medicine/PCP,Other – Chesterfield,Coty,No attributed 2026 record,,0,0,0,0,,,,,,Strong,Active Spine Target,Current Core Baseline,1,1,3,3,6,2,2026-06-30 00:00:00,27,45,Internal Medicine/PCP: No frequency,Unknown,Unknown,Likely Open – recent MMC visit,Keep: reinforce spine access,Not Started,"Score = referral 0 + specialty 4 + visit context 3 + reachability 2 + data 2. No deterministic referral-source match attributed to this company. Patient counts are distinct attributed B2B records, not confirmed kept visits."
455,128,11,Prospect,Wave 2,Visit / Prospect,Current / Maintain,McLaren Macomb Primary Care,1215999339,"45441 Heydenreich Rd, Macomb, MI, 48044",Pain,Pain; Internal Medicine/PCP,Other – Macomb,Coty,No attributed 2026 record,,0,0,0,0,,,,,,Strong,Active Spine Target,Current Core Baseline,1,1,1,2,12,6,2026-07-10 00:00:00,133,45,Pain: No frequency;Internal Medicine/PCP: No frequency,Unknown,Unknown,Likely Open – recent MMC visit,Keep: reinforce spine access,Not Started,"Score = referral 0 + specialty 5 + visit context 2 + reachability 2 + data 2. No deterministic referral-source match attributed to this company. Patient counts are distinct attributed B2B records, not confirmed kept visits."
456,129,11,Prospect,Wave 2,Visit / Prospect,Current / Maintain,MDVIP - Troy,1992807358,"1639 E Big Beaver Road, ste 202, Troy, Michigan, 48083",PCP,Concierge Physicians; Internal Medicine/PCP,Troy,Coty,No attributed 2026 record,,0,0,0,0,,,,,,Strong,Active Spine Target,Current Core Baseline,2,3,4,4,7,2,2026-07-01 00:00:00,14,45,Concierge Physicians: No frequency;Internal Medicine/PCP: No frequency,Unknown,Unknown,Likely Open – recent MMC visit,Keep: reinforce spine access,Not Started,"Score = referral 0 + specialty 4 + visit context 3 + reachability 2 + data 2. No deterministic referral-source match attributed to this company. Patient counts are distinct attributed B2B records, not confirmed kept visits."
457,130,11,Prospect,Wave 2,Visit / Prospect,Current / Maintain,Medpointe urgent care - St Clair Shores,df493f72-e10c-457a-a51c-c0b760cf98a4,"31230 Harper Avenue, St. Clair Shores, Michigan, 48082",Urgent Care,Coty; Urgent Cares,Other – St. Clair Shores,Coty,No attributed 2026 record,,0,0,0,0,,,,,,Strong,Active Spine Target,Current Core Baseline,1,2,3,4,12,4,2026-06-18 00:00:00,31,45,Coty: No frequency;Urgent Cares: No frequency,Unknown,Unknown,Likely Open – recent MMC visit,Keep: reinforce spine access,Not Started,"Score = referral 0 + specialty 4 + visit context 3 + reachability 2 + data 2. No deterministic referral-source match attributed to this company. Patient counts are distinct attributed B2B records, not confirmed kept visits."
458,131,11,Prospect,Wave 2,Visit / Prospect,Current / Maintain,Michigan Surgery Specialists  - Roseville,a978aadc-a7c9-40f6-be36-465720a638af,"18425 East 10 Mile Road, ste 130, Roseville, Michigan, 48066",Orthopedic,Orthopedic Surgery,Other – Roseville,Coty,No attributed 2026 record,,0,0,0,0,,,,,,Moderate,Ortho Cross-Sell,Current Core Baseline,1,1,1,4,8,3,2026-07-07 00:00:00,25,45,Orthopedic Surgery: No frequency,Unknown,Unknown,Likely Open – recent MMC visit,Keep: reinforce spine access,Not Started,"Score = referral 0 + specialty 5 + visit context 2 + reachability 2 + data 2. No deterministic referral-source match attributed to this company. Patient counts are distinct attributed B2B records, not confirmed kept visits."
459,132,11,Prospect,Wave 2,Visit / Prospect,Current / Maintain,Michigan Surgery Specialists - Shelby Township,1c5a48da-6d75-4a3e-acb4-f4ed5e876ed6,"50505 Schoenherr Road, ste 250, Shelby Township, Michigan, 48315",Orthopedic,Coty; Orthopedic - PT; Orthopedic Surgery,Other – Shelby Township,Coty,No attributed 2026 record,,0,0,0,0,,,,,,Weak,Ortho Cross-Sell,Current Core Baseline,1,1,1,4,0,3,2026-07-07 00:00:00,25,45,Coty: No frequency;Orthopedic - PT: No frequency;Orthopedic Surgery: No frequency,Unknown,Unknown,Likely Open – recent MMC visit,Keep: reinforce spine access,Not Started,"Score = referral 0 + specialty 5 + visit context 2 + reachability 2 + data 2. No deterministic referral-source match attributed to this company. Patient counts are distinct attributed B2B records, not confirmed kept visits."
460,133,11,Prospect,Wave 2,Visit / Prospect,Current / Maintain,Millennium Orthopedics,15be0813-4c02-407e-9cd2-a1a8c07ec4e7,"32255 NORTHWESTERN HWY STE 100, FARMINGTON HILLS, Michigan, 48334",Orthopedic,Spine,Other – FARMINGTON HILLS,Coty,No attributed 2026 record,,0,0,0,0,,,,,,Moderate,Spine-Labeled Target,Current Core Baseline,1,1,1,3,6,2,2026-07-08 00:00:00,60.5,45,Spine: No frequency,Unknown,Unknown,Likely Open – recent MMC visit,Keep: reinforce spine access,Not Started,"Score = referral 0 + specialty 5 + visit context 2 + reachability 2 + data 2. No deterministic referral-source match attributed to this company. Patient counts are distinct attributed B2B records, not confirmed kept visits."
461,134,11,Prospect,Wave 2,Visit / Prospect,Current / Maintain,MOTOR CITY ORTHOPEDICS - Novi,08267c79-105f-464d-9871-7cf4341a4386,"26850 PROVIDENCE PKWY STE 260, NOVI, MI, 48374",Orthopedic,Orthopedic - PT,Other – NOVI,Coty,No attributed 2026 record,,0,0,0,0,,,,,,Strong,Ortho Cross-Sell,Current Core Baseline,1,1,1,2,24,12,2026-06-22 00:00:00,69,45,Orthopedic - PT: No frequency,Unknown,Unknown,Likely Open – recent MMC visit,Keep: reinforce spine access,Not Started,"Score = referral 0 + specialty 5 + visit context 2 + reachability 2 + data 2. No deterministic referral-source match attributed to this company. Patient counts are distinct attributed B2B records, not confirmed kept visits."
462,135,11,Prospect,Wave 2,Visit / Prospect,Current / Maintain,Neuro Pain Consultants - Macomb,4bb9ca0b-1ac2-4359-9bae-ac3b13ca5c66,"48801 Romeo Plank Rd suite 103, Macomb, Michigan, 48044",Orthopedic,Spine; Pain Management,Other – Macomb,Coty,No attributed 2026 record,,0,0,0,0,,,,,,Moderate,Spine-Labeled Target,Current Core Baseline,1,1,2,2,2,1,2026-06-26 00:00:00,57,45,Spine: No frequency;Pain Management: No frequency,Unknown,Unknown,Likely Open – recent MMC visit,Keep: reinforce spine access,Not Started,"Score = referral 0 + specialty 5 + visit context 3 + reachability 1 + data 2. No deterministic referral-source match attributed to this company. Patient counts are distinct attributed B2B records, not confirmed kept visits."
463,136,11,Prospect,Wave 2,Visit / Prospect,Current / Maintain,New Baltimore Family Practice - Chesterfield,2ba1a5d9-5a5a-4766-a10b-12e037375a67,"36750 26 Mile Rd, ste 220, New Baltimore, Michigan, 48047",PCP,Internal Medicine/PCP,Other – New Baltimore,Coty,No attributed 2026 record,,0,0,0,0,,,,,,Moderate,Active Spine Target,Current Core Baseline,1,1,2,2,3,3,2026-06-30 00:00:00,42,45,Internal Medicine/PCP: No frequency,Unknown,Unknown,Likely Open – recent MMC visit,Keep: reinforce spine access,Not Started,"Score = referral 0 + specialty 4 + visit context 3 + reachability 2 + data 2. No deterministic referral-source match attributed to this company. Patient counts are distinct attributed B2B records, not confirmed kept visits."
464,137,11,Prospect,Wave 2,Visit / Prospect,Current / Maintain,Newland Medical Associates - Howell,89581b53-bbfd-4c4a-bb78-a2d4945bd199,"1225 S Latson Rd ste 260, Howell, Michigan, 48843",PCP,Internal Medicine/PCP,Other – Howell,Coty,No attributed 2026 record,,0,0,0,0,,,,,,Moderate,Active Spine Target,Current Core Baseline,1,1,2,4,8,2,2026-07-16 00:00:00,48,45,Internal Medicine/PCP: No frequency,Unknown,Unknown,Likely Open – recent MMC visit,Keep: reinforce spine access,Not Started,"Score = referral 0 + specialty 4 + visit context 3 + reachability 2 + data 2. No deterministic referral-source match attributed to this company. Patient counts are distinct attributed B2B records, not confirmed kept visits."
465,138,11,Prospect,Wave 2,Visit / Prospect,Current / Maintain,Orthopedic Surgery of Macomb,2eb4ee80-dd25-41e6-bfe5-f3b5e5e7cf91,"16570 19 Mile Rd, Clinton Township, Michigan, 48038",Orthopedic,Orthopedic Surgery,Other – Clinton Township,Coty,No attributed 2026 record,,0,0,0,0,,,,,,Weak,Ortho Cross-Sell,Current Core Baseline,1,1,1,2,4,2,2026-07-10 00:00:00,106,45,Orthopedic Surgery: No frequency,Unknown,Unknown,Likely Open – recent MMC visit,Keep: reinforce spine access,Not Started,"Score = referral 0 + specialty 5 + visit context 2 + reachability 2 + data 2. No deterministic referral-source match attributed to this company. Patient counts are distinct attributed B2B records, not confirmed kept visits."
466,139,11,Prospect,Wave 2,Visit / Prospect,Current / Maintain,Osteopathic Health Care Associates,1891724688,"44720 Van Dyke Ave, Utica, MI, 48317",PCP,Internal Medicine/PCP,Other – Utica,Coty,No attributed 2026 record,,0,0,0,0,,,,,,Moderate,Active Spine Target,Current Core Baseline,1,1,2,2,8,4,2026-06-23 00:00:00,36,45,Internal Medicine/PCP: No frequency,Unknown,Unknown,Likely Open – recent MMC visit,Keep: reinforce spine access,Not Started,"Score = referral 0 + specialty 4 + visit context 3 + reachability 2 + data 2. No deterministic referral-source match attributed to this company. Patient counts are distinct attributed B2B records, not confirmed kept visits."
467,140,11,Prospect,Wave 2,Visit / Prospect,Current / Maintain,Pointe Family Physicians,55be614a-add9-4757-b0ed-33f0f5c4188d,"20225 E 9 Mile Rd ste A, St. Clair Shores, Michigan, 48080",PCP,Internal Medicine/PCP; Pediatrician,Other – St. Clair Shores,Coty,No attributed 2026 record,,0,0,0,0,,,,,,Strong,Active Spine Target,Current Core Baseline,2,4,5,8,72,9,2026-07-09 00:00:00,17,45,Internal Medicine/PCP: No frequency;Pediatrician: No frequency,Unknown,Unknown,Likely Open – recent MMC visit,Keep: reinforce spine access,Not Started,"Score = referral 0 + specialty 4 + visit context 3 + reachability 2 + data 2. No deterministic referral-source match attributed to this company. Patient counts are distinct attributed B2B records, not confirmed kept visits."
468,141,11,Prospect,Wave 2,Visit / Prospect,Current / Maintain,Poley Sports Medicine,9bcc1288-88f8-4366-89d5-1954358b0abb,"1701 E South Blvd, Rochester Hills, Michigan, 48307",Orthopedic,Orthopedic - PT; Sports Medicine,Other – Rochester Hills,Coty,No attributed 2026 record,,0,0,0,0,,,,,,Moderate,Ortho Cross-Sell,Current Core Baseline,1,1,2,4,4,1,2026-06-23 00:00:00,43,45,Orthopedic - PT: No frequency;Sports Medicine: No frequency,Unknown,Unknown,Likely Open – recent MMC visit,Keep: reinforce spine access,Not Started,"Score = referral 0 + specialty 5 + visit context 3 + reachability 1 + data 2. No deterministic referral-source match attributed to this company. Patient counts are distinct attributed B2B records, not confirmed kept visits."
469,142,11,Prospect,Wave 2,Visit / Prospect,Current / Maintain,PRISM Extended Care and Urgent Care,6a404f23-7c36-4965-b240-828d66cceec9,"1701 E South Blvd Ste 150, Rochester Hills, MI 48307, United States, Rochester Hills, Michigan, 48307",Urgent Care,Urgent Cares,Other – Rochester Hills,Coty,No attributed 2026 record,,0,0,0,0,,,,,,Strong,Active Spine Target,Current Core Baseline,1,1,3,6,8,2,2026-06-23 00:00:00,24,45,Urgent Cares: No frequency,Unknown,Unknown,Likely Open – recent MMC visit,Keep: reinforce spine access,Not Started,"Score = referral 0 + specialty 4 + visit context 3 + reachability 2 + data 2. No deterministic referral-source match attributed to this company. Patient counts are distinct attributed B2B records, not confirmed kept visits."
470,143,11,Prospect,Wave 2,Visit / Prospect,Current / Maintain,Prism Medical Group - Family Medicine Ste 160,302f7a03-fbf7-4ffa-ad89-f1a3c3c580c1,"1701 E South Blvd ste 160, Rochester Hills, Michigan, 48307",PCP,Internal Medicine/PCP,Other – Rochester Hills,Coty,No attributed 2026 record,,0,0,0,0,,,,,,Strong,Active Spine Target,Current Core Baseline,1,1,3,6,30,6,2026-06-23 00:00:00,24,45,Internal Medicine/PCP: No frequency,Unknown,Unknown,Likely Open – recent MMC visit,Keep: reinforce spine access,Not Started,"Score = referral 0 + specialty 4 + visit context 3 + reachability 2 + data 2. No deterministic referral-source match attributed to this company. Patient counts are distinct attributed B2B records, not confirmed kept visits."
471,144,11,Prospect,Wave 2,Visit / Prospect,Current / Maintain,Pulse Primary Care - Lenox,16bc4052-1b0d-46cc-8fe0-6c700c988b44,"36555 26 Mile Rd suite 3600, Lenox, Michigan, 48048",PCP,Internal Medicine/PCP,Other – Lenox,Coty,No attributed 2026 record,,0,0,0,0,,,,,,Moderate,Active Spine Target,Current Core Baseline,1,1,2,2,6,3,2026-06-30 00:00:00,42,45,Internal Medicine/PCP: No frequency,Unknown,Unknown,Likely Open – recent MMC visit,Keep: reinforce spine access,Not Started,"Score = referral 0 + specialty 4 + visit context 3 + reachability 2 + data 2. No deterministic referral-source match attributed to this company. Patient counts are distinct attributed B2B records, not confirmed kept visits."
472,145,11,Prospect,Wave 2,Visit / Prospect,Current / Maintain,Rochester Family Practice,a75491e9-8970-44fd-ba14-868027583a78,"595 Barclay Cir ste d, Rochester Hills, Michigan, 48307",PCP,Internal Medicine/PCP,Other – Rochester Hills,Coty,No attributed 2026 record,,0,0,0,0,,,,,,Strong,Active Spine Target,Current Core Baseline,2,2,3,7,63,9,2026-07-15 00:00:00,15.5,45,Internal Medicine/PCP: No frequency,Unknown,Unknown,Likely Open – recent MMC visit,Keep: reinforce spine access,Not Started,"Score = referral 0 + specialty 4 + visit context 3 + reachability 2 + data 2. No deterministic referral-source match attributed to this company. Patient counts are distinct attributed B2B records, not confirmed kept visits."
473,146,11,Prospect,Wave 2,Visit / Prospect,Current / Maintain,Rochester Internists,1d187d2e-e797-487e-9ca1-79b007c4f326,"2708 S Rochester Rd, Rochester Hills, Michigan, 48307",PCP,Internal Medicine/PCP,Other – Rochester Hills,Coty,No attributed 2026 record,,0,0,0,0,,,,,,Strong,Active Spine Target,Current Core Baseline,1,2,2,5,25,5,2026-07-15 00:00:00,32,45,Internal Medicine/PCP: No frequency,Unknown,Unknown,Likely Open – recent MMC visit,Keep: reinforce spine access,Not Started,"Score = referral 0 + specialty 4 + visit context 3 + reachability 2 + data 2. No deterministic referral-source match attributed to this company. Patient counts are distinct attributed B2B records, not confirmed kept visits."
474,147,11,Prospect,Wave 2,Visit / Prospect,Current / Maintain,Romeo Plank Family Practice,5356ae4a-e9ec-4b34-abe8-65a5ff0318ce,"46591 Romeo Plank Rd suite 200, Macomb, Michigan, 48044",PCP,Internal Medicine/PCP,Other – Macomb,Coty,No attributed 2026 record,,0,0,0,0,,,,,,Strong,Active Spine Target,Current Core Baseline,1,1,2,4,20,6,2026-07-10 00:00:00,47,45,Internal Medicine/PCP: No frequency,Unknown,Unknown,Likely Open – recent MMC visit,Keep: reinforce spine access,Not Started,"Score = referral 0 + specialty 4 + visit context 3 + reachability 2 + data 2. No deterministic referral-source match attributed to this company. Patient counts are distinct attributed B2B records, not confirmed kept visits."
475,148,11,Prospect,Wave 2,Visit / Prospect,Current / Maintain,Rosemary Aquiler-Angeles MD,e6dbc679-ce67-4b3e-9c16-e0ead17fbb3b,"18829 Farmington Road, Livonia, Michigan, 48152",PCP,Internal Medicine/PCP,Livonia,Coty,No attributed 2026 record,,0,0,0,0,,,,,,Moderate,Active Spine Target,Current Core Baseline,1,1,2,5,9,2,2026-06-19 00:00:00,30,45,Internal Medicine/PCP: No frequency,Unknown,Unknown,Likely Open – recent MMC visit,Keep: reinforce spine access,Not Started,"Score = referral 0 + specialty 4 + visit context 3 + reachability 2 + data 2. No deterministic referral-source match attributed to this company. Patient counts are distinct attributed B2B records, not confirmed kept visits."
476,149,11,Prospect,Wave 2,Visit / Prospect,Current / Maintain,Salta Direct Primary Care - Troy,f945997b-7ba6-4b6c-a37a-97f24ce1fed5,"1631 W Big Beaver Rd, Troy, Michigan, 48084",PCP,Concierge Physicians; Internal Medicine/PCP,Troy,Coty,No attributed 2026 record,,0,0,0,0,,,,,,Strong,Active Spine Target,Current Core Baseline,1,2,3,5,5,2,2026-07-01 00:00:00,28.5,45,Concierge Physicians: No frequency;Internal Medicine/PCP: No frequency,Unknown,Unknown,Likely Open – recent MMC visit,Keep: reinforce spine access,Not Started,"Score = referral 0 + specialty 4 + visit context 3 + reachability 2 + data 2. No deterministic referral-source match attributed to this company. Patient counts are distinct attributed B2B records, not confirmed kept visits."
477,150,11,Prospect,Wave 2,Visit / Prospect,Current / Maintain,Silver Pine Medical Group Romeo Plank,768a5944-a609-410c-8f75-098efa9952de,"48801 Romeo Plank Rd ste 103, Macomb, Michigan, 48044",PCP,Internal Medicine/PCP,Other – Macomb,Coty,No attributed 2026 record,,0,0,0,0,,,,,,Strong,Active Spine Target,Current Core Baseline,1,1,2,2,12,6,2026-07-10 00:00:00,51,45,Internal Medicine/PCP: No frequency,Unknown,Unknown,Likely Open – recent MMC visit,Keep: reinforce spine access,Not Started,"Score = referral 0 + specialty 4 + visit context 3 + reachability 2 + data 2. No deterministic referral-source match attributed to this company. Patient counts are distinct attributed B2B records, not confirmed kept visits."
478,151,11,Prospect,Wave 2,Visit / Prospect,Current / Maintain,Somerset Family Medicine - Sterling Heights,1386634632,"36950 Ryan Rd, Sterling Heights, MI, 48310",PCP,Internal Medicine/PCP,Sterling Heights,Coty,No attributed 2026 record,,0,0,0,0,,,,,,Strong,Active Spine Target,Current Core Baseline,3,6,7,12,20,2,2026-07-02 00:00:00,13,45,Internal Medicine/PCP: No frequency,Unknown,Unknown,Likely Open – recent MMC visit,Keep: reinforce spine access,Not Started,"Score = referral 0 + specialty 4 + visit context 3 + reachability 2 + data 2. No deterministic referral-source match attributed to this company. Patient counts are distinct attributed B2B records, not confirmed kept visits."
479,152,11,Prospect,Wave 2,Visit / Prospect,Expansion / Test,Spine & Brain Surgery Specialists,4c1b7fe8-a5c4-417f-bee6-92fae75a3c35,"30701 Woodward Ave suite S301, Royal Oak, Michigan, 48073",Orthopedic,Neurosurgery,Other – Royal Oak,Coty,No attributed 2026 record,,0,0,0,0,,,,,,Strong,Spine-Labeled Target,Outside Core Baseline,0,1,2,4,12,3,2026-06-17 00:00:00,36,45,Neurosurgery: No frequency,Unknown,Unknown,Likely Open – recent MMC visit,Test: add to next spine route,Not Started,"Score = referral 0 + specialty 5 + visit context 2 + reachability 2 + data 2. No deterministic referral-source match attributed to this company. Patient counts are distinct attributed B2B records, not confirmed kept visits."
480,153,11,Prospect,Wave 2,Visit / Prospect,Current / Maintain,Tri County Pain Consultants,40ddb048-cf4c-463b-906a-170a28abd32d,"32255 NORTHWESTERN HWY STE 165, FARMINGTON HILLS, Michigan, 48334",Orthopedic,Spine,Other – FARMINGTON HILLS,Coty,No attributed 2026 record,,0,0,0,0,,,,,,Moderate,Spine-Labeled Target,Current Core Baseline,1,1,2,5,5,1,2026-07-08 00:00:00,41,45,Spine: No frequency,Unknown,Unknown,Likely Open – recent MMC visit,Keep: reinforce spine access,Not Started,"Score = referral 0 + specialty 5 + visit context 3 + reachability 1 + data 2. No deterministic referral-source match attributed to this company. Patient counts are distinct attributed B2B records, not confirmed kept visits."
481,154,11,Prospect,Wave 2,Visit / Prospect,Current / Maintain,Trinity Health System Pain Institute,987cb6d6-529f-4dd9-a2bf-fb65d73c5160,"5333 McAuley Dr ste 1000, Ypsilanti, Michigan, 48197",Pain,Pain Management,Other – Ypsilanti,Coty,No attributed 2026 record,,0,0,0,0,,,,,,Weak,Active Spine Target,Current Core Baseline,1,1,1,1,4,4,2026-07-15 00:00:00,,45,Pain Management: No frequency,Unknown,Unknown,Likely Open – recent MMC visit,Keep: reinforce spine access,Not Started,"Score = referral 0 + specialty 5 + visit context 2 + reachability 2 + data 2. No deterministic referral-source match attributed to this company. Patient counts are distinct attributed B2B records, not confirmed kept visits."
482,155,11,Prospect,Wave 2,Visit / Prospect,Current / Maintain,Troy Medical,1578554168,"2649 Crooks Rd, Troy, MI, 48084",Urgent Care,Internal Medicine/PCP; Urgent Cares,Troy,Coty,No attributed 2026 record,,0,0,0,0,,,,,,Strong,Active Spine Target,Current Core Baseline,1,2,4,8,40,5,2026-07-01 00:00:00,21,45,Internal Medicine/PCP: No frequency;Urgent Cares: No frequency,Unknown,Unknown,Likely Open – recent MMC visit,Keep: reinforce spine access,Not Started,"Score = referral 0 + specialty 4 + visit context 3 + reachability 2 + data 2. No deterministic referral-source match attributed to this company. Patient counts are distinct attributed B2B records, not confirmed kept visits."
483,156,11,Prospect,Wave 2,Visit / Prospect,Current / Maintain,Urgent Care of Milford,c87aa383-9bf1-4f78-8810-bcb83fcefb74,"600 Highland Ave Milford, Milford Charter Township, Michigan, 48381",Urgent Care,Urgent Cares,Other – Milford Charter Township,Coty,No attributed 2026 record,,0,0,0,0,,,,,,Strong,Active Spine Target,Current Core Baseline,1,1,2,4,12,3,2026-07-16 00:00:00,48,45,Urgent Cares: No frequency,Unknown,Unknown,Likely Open – recent MMC visit,Keep: reinforce spine access,Not Started,"Score = referral 0 + specialty 4 + visit context 3 + reachability 2 + data 2. No deterministic referral-source match attributed to this company. Patient counts are distinct attributed B2B records, not confirmed kept visits."
484,148,10,Prospect,Wave 2,Visit / Prospect,Expansion / Test,"*NOVAMEDICA, PLLC",d2a011ae-fad5-4195-a59b-93376dd15321,"20331 FARMINGTON RD STE 103, LIVONIA, MI, 48152",PCP,Internal Medicine/PCP,Livonia,Jasmine,No attributed 2026 record,,0,0,0,0,,,,,,Strong,Active Spine Target,Outside Core Baseline,0,1,2,4,12,3,2026-06-12 00:00:00,46,45,Internal Medicine/PCP: No frequency,Unknown,Unknown,Likely Open – recent MMC visit,Test: add to next spine route,Not Started,"Score = referral 0 + specialty 4 + visit context 2 + reachability 2 + data 2. No deterministic referral-source match attributed to this company. Patient counts are distinct attributed B2B records, not confirmed kept visits."
485,149,10,Prospect,Wave 2,Visit / Prospect,Expansion / Test,1st choice Urgent Care Livonia,4234d0ba-61b7-4931-8788-6156494bcc59,"11502 Middlebelt Road, Livonia, Michigan, 48150",Urgent Care,Urgent care,Livonia,Jasmine,No attributed 2026 record,,0,0,0,0,,,,,,Strong,Active Spine Target,Outside Core Baseline,0,1,2,6,12,2,2026-06-09 00:00:00,21,45,Urgent care: No frequency,Unknown,Unknown,Likely Open – recent MMC visit,Test: add to next spine route,Not Started,"Score = referral 0 + specialty 4 + visit context 2 + reachability 2 + data 2. No deterministic referral-source match attributed to this company. Patient counts are distinct attributed B2B records, not confirmed kept visits."
486,150,10,Prospect,Wave 2,Visit / Prospect,Expansion / Test,ACADEMIC INTERNAL MEDICINE,b61f12f1-ac78-4203-876e-78120bd81f47,"5333 McAuley Dr, Ypsilanti, Michigan, 48197",Orthopedic,Spine; Internal Medicine/PCP,Other – Ypsilanti,Jasmine,No attributed 2026 record,,0,0,0,0,,,,,,Strong,Spine-Labeled Target,Outside Core Baseline,0,0,1,3,27,9,2026-05-18 00:00:00,59,45,Spine: No frequency;Internal Medicine/PCP: No frequency,Unknown,Unknown,Likely Open – recent MMC visit,Test: add to next spine route,Not Started,"Score = referral 0 + specialty 5 + visit context 1 + reachability 2 + data 2. No deterministic referral-source match attributed to this company. Patient counts are distinct attributed B2B records, not confirmed kept visits."
487,151,10,Prospect,Wave 2,Visit / Prospect,Expansion / Test,All-Pro Physical Therapy,9531e09a-b183-4d68-994a-80342d7b0c2e,"43050 Ford Road, Canton, Michigan, 48187",Orthopedic,Spine; Physical Therapy,Other – Canton,Jasmine,No attributed 2026 record,,0,0,0,0,,,,,,Moderate,Spine-Labeled Target,Outside Core Baseline,0,1,1,3,6,2,2026-06-02 00:00:00,56.5,45,Spine: No frequency;Physical Therapy: No frequency,Unknown,Unknown,Likely Open – recent MMC visit,Test: add to next spine route,Not Started,"Score = referral 0 + specialty 5 + visit context 1 + reachability 2 + data 2. No deterministic referral-source match attributed to this company. Patient counts are distinct attributed B2B records, not confirmed kept visits."
488,152,10,Prospect,Wave 2,Visit / Prospect,Current / Maintain,Arash Kiarash,ef0b5dc6-d359-46ed-882e-baedca026685,"34725 Palmer Road, Westland, Michigan, 48186",PCP,Internal Medicine/PCP,Other – Westland,Jasmine,No attributed 2026 record,,0,0,0,0,,,,,,Moderate,Active Spine Target,Current Core Baseline,1,2,2,3,3,1,2026-07-06 00:00:00,59.5,45,Internal Medicine/PCP: No frequency,Unknown,Unknown,Likely Open – recent MMC visit,Keep: reinforce spine access,Not Started,"Score = referral 0 + specialty 4 + visit context 3 + reachability 1 + data 2. No deterministic referral-source match attributed to this company. Patient counts are distinct attributed B2B records, not confirmed kept visits."
489,153,10,Prospect,Wave 2,Visit / Prospect,Current / Maintain,ATI,be40181f-bcb8-4cac-ae76-ab9ba0311605,"29539 Plymouth Rd, Livonia, Michigan, 48150",PT,Physical Therapy,Livonia,Jasmine,No attributed 2026 record,,0,0,0,0,,,,,,Strong,Active Spine Target,Current Core Baseline,1,2,2,4,12,3,2026-07-08 00:00:00,42,45,Physical Therapy: No frequency,Unknown,Unknown,Likely Open – recent MMC visit,Keep: reinforce spine access,Not Started,"Score = referral 0 + specialty 3 + visit context 3 + reachability 2 + data 2. No deterministic referral-source match attributed to this company. Patient counts are distinct attributed B2B records, not confirmed kept visits."
490,154,10,Prospect,Wave 2,Visit / Prospect,Reactivation,BEAUMONT MIDWEST INTERNAL MEDICINE ASSOCIATES LIVONIA,dc4592d0-3b9d-4583-a228-a93413a343a7,"20317 FARMINGTON RD, LIVONIA, MI, 48152",PCP,Internal Medicine/PCP,Livonia,Jasmine,No attributed 2026 record,,0,0,0,0,,,,,,Strong,Active Spine Target,Outside Core Baseline,0,1,2,4,16,4,2026-06-12 00:00:00,46,45,30 days; Internal Medicine/PCP: No frequency,Past due,Unknown,Likely Open – recent MMC visit,Increase: visit now; reset cadence,Not Started,"Score = referral 0 + specialty 4 + visit context 2 + reachability 2 + data 2. No deterministic referral-source match attributed to this company. Patient counts are distinct attributed B2B records, not confirmed kept visits."
491,155,10,Prospect,Wave 2,Visit / Prospect,Expansion / Test,BEAUMONT URGENT CARE BY WELLSTREET,b2c0e41e-9b4b-4e68-9a9a-20a7837dbbd6,"23100 Michigan Avenue, Dearborn, Michigan, 48124",Orthopedic,Urgent care; Ortho,Other – Dearborn,Jasmine,No attributed 2026 record,,0,0,0,0,,,,,,Moderate,Ortho Cross-Sell,Outside Core Baseline,0,1,1,4,8,2,2026-06-11 00:00:00,44,45,Urgent care: No frequency;Ortho: No frequency,Unknown,Unknown,Likely Open – recent MMC visit,Test: add to next spine route,Not Started,"Score = referral 0 + specialty 5 + visit context 1 + reachability 2 + data 2. No deterministic referral-source match attributed to this company. Patient counts are distinct attributed B2B records, not confirmed kept visits."
492,156,10,Prospect,Wave 2,Visit / Prospect,Current / Maintain,Bio Energy Medical Center,b578c6ec-ac47-46b9-88e7-e67e8a0cc843,"4201 Varsity Dr suite a, Ann Arbor, Michigan, 48108",PCP,Internal Medicine/PCP,Other – Ann Arbor,Jasmine,No attributed 2026 record,,0,0,0,0,,,,,,Strong,Active Spine Target,Current Core Baseline,1,1,1,3,24,8,2026-07-06 00:00:00,82,45,Internal Medicine/PCP: No frequency,Unknown,Unknown,Likely Open – recent MMC visit,Keep: reinforce spine access,Not Started,"Score = referral 0 + specialty 4 + visit context 2 + reachability 2 + data 2. No deterministic referral-source match attributed to this company. Patient counts are distinct attributed B2B records, not confirmed kept visits."
493,157,10,Prospect,Wave 2,Visit / Prospect,Current / Maintain,Bluestone PT/OT/ST,cfb3b21a-c220-44dd-bf1a-5116d55575eb,"38935 Ann Arbor Road, Livonia, Michigan, 48150",PT,Physical Therapy,Livonia,Jasmine,No attributed 2026 record,,0,0,0,0,,,,,,Strong,Active Spine Target,Current Core Baseline,1,2,2,4,16,4,2026-06-26 00:00:00,52,45,Physical Therapy: No frequency,Unknown,Unknown,Likely Open – recent MMC visit,Keep: reinforce spine access,Not Started,"Score = referral 0 + specialty 3 + visit context 3 + reachability 2 + data 2. No deterministic referral-source match attributed to this company. Patient counts are distinct attributed B2B records, not confirmed kept visits."
494,158,10,Prospect,Wave 2,Visit / Prospect,Current / Maintain,Botsford General Hospital,00-853-2889,"28711 8 Mile Rd Ste E, Livonia, MI, 48152-2041",PCP,Internal Medicine/PCP,Livonia,Jasmine,No attributed 2026 record,,0,0,0,0,,,,,,Moderate,Active Spine Target,Current Core Baseline,1,1,2,5,5,1,2026-06-26 00:00:00,42.5,45,Internal Medicine/PCP: No frequency,Unknown,Unknown,Likely Open – recent MMC visit,Keep: reinforce spine access,Not Started,"Score = referral 0 + specialty 4 + visit context 3 + reachability 1 + data 2. No deterministic referral-source match attributed to this company. Patient counts are distinct attributed B2B records, not confirmed kept visits."
495,159,10,Prospect,Wave 2,Visit / Prospect,Current / Maintain,Buckle Family Chiropractic Ste 5,94d80b68-5992-460a-9b6f-4e4f572bced9,"38807 Ann Arbor Road, Livonia, Michigan, 48150",Chiropractor,Chiropractor,Livonia,Jasmine,No attributed 2026 record,,0,0,0,0,,,,,,Strong,Active Spine Target,Current Core Baseline,2,3,3,5,5,1,2026-07-16 00:00:00,40,45,Chiropractor: No frequency,Unknown,Unknown,Likely Open – recent MMC visit,Keep: reinforce spine access,Not Started,"Score = referral 0 + specialty 4 + visit context 3 + reachability 1 + data 2. No deterministic referral-source match attributed to this company. Patient counts are distinct attributed B2B records, not confirmed kept visits."
496,160,10,Prospect,Wave 2,Visit / Prospect,Current / Maintain,CANTON VA CLINIC,9e975b04-2072-4b4f-976c-88c13100aa49,"5900 N LOTZ RD, CANTON, MI, 48187",PCP,Internal Medicine/PCP,Other – CANTON,Jasmine,No attributed 2026 record,,0,0,0,0,,,,,,Moderate,Active Spine Target,Current Core Baseline,1,1,2,4,4,1,2026-07-06 00:00:00,60,45,Internal Medicine/PCP: No frequency,Unknown,Unknown,Likely Open – recent MMC visit,Keep: reinforce spine access,Not Started,"Score = referral 0 + specialty 4 + visit context 3 + reachability 1 + data 2. No deterministic referral-source match attributed to this company. Patient counts are distinct attributed B2B records, not confirmed kept visits."
497,161,10,Prospect,Wave 2,Visit / Prospect,Expansion / Test,"CARSON, DARCELLE M, MEDICAL GROUP",704729b8-3a54-4b54-b3e3-ace46754f52b,"31705 Plymouth Road, Livonia, Michigan, 48150",Orthopedic,Ortho; Internal Medicine/PCP,Livonia,Jasmine,No attributed 2026 record,,0,0,0,0,,,,,,Moderate,Ortho Cross-Sell,Outside Core Baseline,0,1,2,4,3,1,2026-06-09 00:00:00,43,45,Ortho: No frequency;Internal Medicine/PCP: No frequency,Unknown,Unknown,Likely Open – recent MMC visit,Test: add to next spine route,Not Started,"Score = referral 0 + specialty 5 + visit context 2 + reachability 1 + data 2. No deterministic referral-source match attributed to this company. Patient counts are distinct attributed B2B records, not confirmed kept visits."
498,162,10,Prospect,Wave 2,Visit / Prospect,Current / Maintain,Chiro-Care of Livonia,d322402c-b030-4d0f-bc0e-3e895e6aefed,"28925 West Seven Mile Road, Livonia, Michigan, 48152",Chiropractor,Chiropractor,Livonia,Jasmine,No attributed 2026 record,,0,0,0,0,,,,,,Moderate,Active Spine Target,Current Core Baseline,1,1,2,4,4,1,2026-06-19 00:00:00,47,45,Chiropractor: No frequency,Unknown,Unknown,Likely Open – recent MMC visit,Keep: reinforce spine access,Not Started,"Score = referral 0 + specialty 4 + visit context 3 + reachability 1 + data 2. No deterministic referral-source match attributed to this company. Patient counts are distinct attributed B2B records, not confirmed kept visits."
499,163,10,Prospect,Wave 2,Visit / Prospect,Expansion / Test,COMPREHENSIVE INTEGRATIVE HEALTH CARE,2d41ea24-2571-4304-b0db-34c591f455d3,"30880 BECK RD, NOVI, MI, 48377",PCP,Internal Medicine/PCP,Other – NOVI,Jasmine,No attributed 2026 record,,0,0,0,0,,,,,,Strong,Active Spine Target,Outside Core Baseline,0,1,2,4,12,3,2026-06-12 00:00:00,36,45,Internal Medicine/PCP: No frequency,Unknown,Unknown,Likely Open – recent MMC visit,Test: add to next spine route,Not Started,"Score = referral 0 + specialty 4 + visit context 2 + reachability 2 + data 2. No deterministic referral-source match attributed to this company. Patient counts are distinct attributed B2B records, not confirmed kept visits."
500,164,10,Prospect,Wave 2,Visit / Prospect,Expansion / Test,Doctors urgent care,5d20f222-29ea-4029-b53a-fb46b570224a,"36700 5 Mile road, Livonia, Michigan, 48154",Urgent Care,Urgent care,Livonia,Jasmine,No attributed 2026 record,,0,0,0,0,,,,,,Moderate,Active Spine Target,Outside Core Baseline,0,1,2,5,10,2,2026-06-09 00:00:00,32,45,Urgent care: No frequency,Unknown,Unknown,Likely Open – recent MMC visit,Test: add to next spine route,Not Started,"Score = referral 0 + specialty 4 + visit context 2 + reachability 2 + data 2. No deterministic referral-source match attributed to this company. Patient counts are distinct attributed B2B records, not confirmed kept visits."
501,165,10,Prospect,Wave 2,Visit / Prospect,Current / Maintain,Doctors Urgent Care - Southfield,55ee4a28-a427-426a-af8b-9c8a13993671,"29405 Greenfield Rd, Southfield, Michigan, 48076",Urgent Care,Urgent care,Southfield,Jasmine,No attributed 2026 record,,0,0,0,0,,,,,,Moderate,Active Spine Target,Current Core Baseline,1,1,1,4,7,2,2026-06-30 00:00:00,22,45,Urgent care: No frequency,Unknown,Unknown,Likely Open – recent MMC visit,Keep: reinforce spine access,Not Started,"Score = referral 0 + specialty 4 + visit context 2 + reachability 2 + data 2. No deterministic referral-source match attributed to this company. Patient counts are distinct attributed B2B records, not confirmed kept visits."
502,166,10,Prospect,Wave 2,Visit / Prospect,Current / Maintain,EXPRESS MED URGENT CARE,3c8ceb06-c9a0-412a-964a-82f58cf0827e,"19725 W 12 MILE RD, SOUTHFIELD, Michigan",Urgent Care,Urgent care,Southfield,Jasmine,No attributed 2026 record,,0,0,0,0,,,,,,Moderate,Active Spine Target,Current Core Baseline,1,1,2,5,3,1,2026-06-29 00:00:00,45.5,45,Urgent care: No frequency,Unknown,Unknown,Likely Open – recent MMC visit,Keep: reinforce spine access,Not Started,"Score = referral 0 + specialty 4 + visit context 3 + reachability 1 + data 2. No deterministic referral-source match attributed to this company. Patient counts are distinct attributed B2B records, not confirmed kept visits."
503,167,10,Prospect,Wave 2,Visit / Prospect,Expansion / Test,FORD TEL MEDICAL CENTER,198ce2f6-b94a-4ad3-b397-e6c1148f1644,"23800 Ford Rd, Dearborn Heights, Michigan, 48127",Orthopedic,Urgent care; Spine,Other – Dearborn Heights,Jasmine,No attributed 2026 record,,0,0,0,0,,,,,,Moderate,Spine-Labeled Target,Outside Core Baseline,0,1,1,3,6,2,2026-06-17 00:00:00,73,45,Urgent care: No frequency;Spine: No frequency,Unknown,Unknown,Likely Open – recent MMC visit,Test: add to next spine route,Not Started,"Score = referral 0 + specialty 5 + visit context 1 + reachability 2 + data 2. No deterministic referral-source match attributed to this company. Patient counts are distinct attributed B2B records, not confirmed kept visits."
504,168,10,Prospect,Wave 2,Visit / Prospect,Expansion / Test,"GARDEN CITY MEDICAL CENTER, PC",4387f117-9c7b-45c3-9002-4dd29a03b8dc,"2020 MIDDLEBELT RD, GARDEN CITY, MI, 48135",PCP,Internal Medicine/PCP,Other – GARDEN CITY,Jasmine,No attributed 2026 record,,0,0,0,0,,,,,,Strong,Active Spine Target,Outside Core Baseline,0,1,2,3,15,5,2026-06-15 00:00:00,52,45,Internal Medicine/PCP: No frequency,Unknown,Unknown,Likely Open – recent MMC visit,Test: add to next spine route,Not Started,"Score = referral 0 + specialty 4 + visit context 2 + reachability 2 + data 2. No deterministic referral-source match attributed to this company. Patient counts are distinct attributed B2B records, not confirmed kept visits."
505,169,10,Prospect,Wave 2,Visit / Prospect,Current / Maintain,Get Well Urgent Care Southfield,81a09b96-6834-4950-963a-abff6d4aac6b,"23832 Southfield Road, Southfield, Michigan, 48075",Urgent Care,Urgent care,Southfield,Jasmine,No attributed 2026 record,,0,0,0,0,,,,,,Strong,Active Spine Target,Current Core Baseline,1,1,1,3,27,9,2026-06-30 00:00:00,70.5,45,Urgent care: No frequency,Unknown,Unknown,Likely Open – recent MMC visit,Keep: reinforce spine access,Not Started,"Score = referral 0 + specialty 4 + visit context 2 + reachability 2 + data 2. No deterministic referral-source match attributed to this company. Patient counts are distinct attributed B2B records, not confirmed kept visits."
506,170,10,Prospect,Wave 2,Visit / Prospect,Current / Maintain,Glazer Spine Center- use,db36e827-679d-4248-8834-41450c4256cf,"24725 W 12 Mile Rd Ste. 260, Southfield, Michigan, 480341801",Chiropractor,Chiropractor,Southfield,Jasmine,No attributed 2026 record,,0,0,0,0,,,,,,Strong,Active Spine Target,Current Core Baseline,1,1,1,5,19,5,2026-07-09 00:00:00,39,45,Chiropractor: No frequency,Unknown,Unknown,Likely Open – recent MMC visit,Keep: reinforce spine access,Not Started,"Score = referral 0 + specialty 4 + visit context 2 + reachability 2 + data 2. No deterministic referral-source match attributed to this company. Patient counts are distinct attributed B2B records, not confirmed kept visits."
507,171,10,Prospect,Wave 2,Visit / Prospect,Current / Maintain,Henry Ford employer solutions,c5d07e1d-3c78-4555-8838-bc01177d5016,"37595 7 Mile, Livonia, Michigan, 48152",PCP,Internal Medicine/PCP,Livonia,Jasmine,No attributed 2026 record,,0,0,0,0,,,,,,Moderate,Active Spine Target,Current Core Baseline,1,1,2,4,4,1,2026-06-19 00:00:00,45,45,Internal Medicine/PCP: No frequency,Unknown,Unknown,Likely Open – recent MMC visit,Keep: reinforce spine access,Not Started,"Score = referral 0 + specialty 4 + visit context 3 + reachability 1 + data 2. No deterministic referral-source match attributed to this company. Patient counts are distinct attributed B2B records, not confirmed kept visits."
508,172,10,Prospect,Wave 2,Visit / Prospect,Expansion / Test,Henry Ford urgent care Livonia,3e9f6915-4170-47c8-892b-d54aead4f00f,"29531 Plymouth Road, Livonia, Michigan, 48150",Urgent Care,Urgent care,Livonia,Jasmine,No attributed 2026 record,,0,0,0,0,,,,,,Moderate,Active Spine Target,Outside Core Baseline,0,1,2,4,8,2,2026-06-09 00:00:00,48,45,Urgent care: No frequency,Unknown,Unknown,Likely Open – recent MMC visit,Test: add to next spine route,Not Started,"Score = referral 0 + specialty 4 + visit context 2 + reachability 2 + data 2. No deterministic referral-source match attributed to this company. Patient counts are distinct attributed B2B records, not confirmed kept visits."
509,173,10,Prospect,Wave 2,Visit / Prospect,Expansion / Test,IHA ORTHOPAEDIC SURGERY ASSOCIATES - CANTON,4ed90cf1-abdb-42c8-9e56-86ef1478b14a,"1600 S CANTON CENTER RD STE 2200, CANTON, MI, 48188",Orthopedic,Ortho,Other – CANTON,Jasmine,No attributed 2026 record,,0,0,0,0,,,,,,Strong,Ortho Cross-Sell,Outside Core Baseline,0,1,1,3,12,4,2026-06-02 00:00:00,59.5,45,Ortho: No frequency,Unknown,Unknown,Likely Open – recent MMC visit,Test: add to next spine route,Not Started,"Score = referral 0 + specialty 5 + visit context 1 + reachability 2 + data 2. No deterministic referral-source match attributed to this company. Patient counts are distinct attributed B2B records, not confirmed kept visits."
510,174,10,Prospect,Wave 2,Visit / Prospect,Current / Maintain,Integrative Medicine & Hijama Clinic,536052f1-b0c7-4ac5-8a78-f93ea88a7b8a,"8528 N Canton Center Rd, Canton, Michigan, 48187",PCP,Internal Medicine/PCP,Other – Canton,Jasmine,No attributed 2026 record,,0,0,0,0,,,,,,Moderate,Active Spine Target,Current Core Baseline,1,1,2,4,4,1,2026-07-06 00:00:00,45,45,Internal Medicine/PCP: No frequency,Unknown,Unknown,Likely Open – recent MMC visit,Keep: reinforce spine access,Not Started,"Score = referral 0 + specialty 4 + visit context 3 + reachability 1 + data 2. No deterministic referral-source match attributed to this company. Patient counts are distinct attributed B2B records, not confirmed kept visits."
511,175,10,Prospect,Wave 2,Visit / Prospect,Expansion / Test,Internal Medicine Clinic - Taubman Center,1740379965,"1500 East Medical Center Drive, Ann Arbor, Michigan, 481095856",PCP,Internal Medicine/PCP,Other – Ann Arbor,Jasmine,No attributed 2026 record,,0,0,0,0,,,,,,Strong,Active Spine Target,Outside Core Baseline,0,1,2,3,30,10,2026-06-09 00:00:00,72.5,45,Internal Medicine/PCP: No frequency,Unknown,Unknown,Likely Open – recent MMC visit,Test: add to next spine route,Not Started,"Score = referral 0 + specialty 4 + visit context 2 + reachability 2 + data 2. No deterministic referral-source match attributed to this company. Patient counts are distinct attributed B2B records, not confirmed kept visits."
512,176,10,Prospect,Wave 2,Visit / Prospect,Current / Maintain,Joshua S Faley,05-433-9100,"14555 Levan Rd Ste 302, Livonia, MI, 48154-5085",PCP,Internal Medicine/PCP,Livonia,Jasmine,No attributed 2026 record,,0,0,0,0,,,,,,Moderate,Active Spine Target,Current Core Baseline,1,1,2,4,3,1,2026-07-09 00:00:00,63,45,Internal Medicine/PCP: No frequency,Unknown,Unknown,Likely Open – recent MMC visit,Keep: reinforce spine access,Not Started,"Score = referral 0 + specialty 4 + visit context 3 + reachability 1 + data 2. No deterministic referral-source match attributed to this company. Patient counts are distinct attributed B2B records, not confirmed kept visits."
513,177,10,Prospect,Wave 2,Visit / Prospect,Expansion / Test,"Lawrence Lipnik MD,",1366444705,"31610 Plymouth Rd, Livonia, MI, 48150",PCP,Internal Medicine/PCP,Livonia,Jasmine,No attributed 2026 record,,0,0,0,0,,,,,,Moderate,Active Spine Target,Outside Core Baseline,0,1,2,4,8,2,2026-06-09 00:00:00,43,45,Internal Medicine/PCP: No frequency,Unknown,Unknown,Likely Open – recent MMC visit,Test: add to next spine route,Not Started,"Score = referral 0 + specialty 4 + visit context 2 + reachability 2 + data 2. No deterministic referral-source match attributed to this company. Patient counts are distinct attributed B2B records, not confirmed kept visits."
514,178,10,Prospect,Wave 2,Visit / Prospect,Current / Maintain,Leonard Sahn MD,a967f0db-d552-4e1c-9e98-b867443cb6eb,"29355 Northwestern Hwy ste 100, Southfield, Michigan, 48034",PCP,Internal Medicine/PCP,Southfield,Jasmine,No attributed 2026 record,,0,0,0,0,,,,,,Moderate,Active Spine Target,Current Core Baseline,1,1,2,2,2,1,2026-07-01 00:00:00,42,45,Internal Medicine/PCP: No frequency,Unknown,Unknown,Likely Open – recent MMC visit,Keep: reinforce spine access,Not Started,"Score = referral 0 + specialty 4 + visit context 3 + reachability 1 + data 2. No deterministic referral-source match attributed to this company. Patient counts are distinct attributed B2B records, not confirmed kept visits."
515,179,10,Prospect,Wave 2,Visit / Prospect,Expansion / Test,LIVINGSTON MEDICAL CENTER,675dfc18-3771-4c90-9157-cb23026fc251,"5865 Whitmore Lake Road, Brighton, Michigan, 48116",Orthopedic,Ortho; Internal Medicine/PCP,Other – Brighton,Jasmine,No attributed 2026 record,,0,0,0,0,,,,,,Moderate,Ortho Cross-Sell,Outside Core Baseline,0,1,1,3,7,3,2026-06-05 00:00:00,56.5,45,Ortho: No frequency;Internal Medicine/PCP: No frequency,Unknown,Unknown,Likely Open – recent MMC visit,Test: add to next spine route,Not Started,"Score = referral 0 + specialty 5 + visit context 1 + reachability 2 + data 2. No deterministic referral-source match attributed to this company. Patient counts are distinct attributed B2B records, not confirmed kept visits."
516,180,10,Prospect,Wave 2,Visit / Prospect,Current / Maintain,M.N. Petrous MD,1993900c-8862-4865-ad73-1f71b7468186,"20224 FARMINGTON RD, LIVONIA, MI, 48152",PCP,Internal Medicine/PCP,Livonia,Jasmine,No attributed 2026 record,,0,0,0,0,,,,,,Moderate,Active Spine Target,Current Core Baseline,1,1,2,5,5,1,2026-07-08 00:00:00,44,45,Internal Medicine/PCP: No frequency,Unknown,Unknown,Likely Open – recent MMC visit,Keep: reinforce spine access,Not Started,"Score = referral 0 + specialty 4 + visit context 3 + reachability 1 + data 2. No deterministic referral-source match attributed to this company. Patient counts are distinct attributed B2B records, not confirmed kept visits."
517,181,10,Prospect,Wave 2,Visit / Prospect,Expansion / Test,MDWell,7b3af40f-861b-4f51-b3f7-7ecf93ef3afa,"5958 N Canton Center Rd suite 200, Canton, Michigan, 48187",PCP,Internal Medicine/PCP,Other – Canton,Jasmine,No attributed 2026 record,,0,0,0,0,,,,,,Moderate,Active Spine Target,Outside Core Baseline,0,1,2,4,8,2,2026-06-11 00:00:00,39,45,Internal Medicine/PCP: No frequency,Unknown,Unknown,Likely Open – recent MMC visit,Test: add to next spine route,Not Started,"Score = referral 0 + specialty 4 + visit context 2 + reachability 2 + data 2. No deterministic referral-source match attributed to this company. Patient counts are distinct attributed B2B records, not confirmed kept visits."
518,182,10,Prospect,Wave 2,Visit / Prospect,Expansion / Test,MI Express Care,4e9f385c-33e2-4783-a7a3-18d71a99d587,"44237 MICHIGAN AVE, CANTON, MI, 48188",Urgent Care,Urgent care,Other – CANTON,Jasmine,No attributed 2026 record,,0,0,0,0,,,,,,Strong,Active Spine Target,Outside Core Baseline,0,2,2,4,16,4,2026-06-17 00:00:00,45,45,Urgent care: No frequency,Unknown,Unknown,Likely Open – recent MMC visit,Test: add to next spine route,Not Started,"Score = referral 0 + specialty 4 + visit context 2 + reachability 2 + data 2. No deterministic referral-source match attributed to this company. Patient counts are distinct attributed B2B records, not confirmed kept visits."
519,183,10,Prospect,Wave 2,Visit / Prospect,Current / Maintain,Michigan family Wellness,2f2e703f-4fef-4dd1-8718-336cd307b0e6,"2200 North Canton Center Road, Canton, Michigan, 48187",Chiropractor,Chiropractor,Other – Canton,Jasmine,No attributed 2026 record,,0,0,0,0,,,,,,Moderate,Active Spine Target,Current Core Baseline,1,1,2,4,4,1,2026-07-06 00:00:00,45,45,Chiropractor: No frequency,Unknown,Unknown,Likely Open – recent MMC visit,Keep: reinforce spine access,Not Started,"Score = referral 0 + specialty 4 + visit context 3 + reachability 1 + data 2. No deterministic referral-source match attributed to this company. Patient counts are distinct attributed B2B records, not confirmed kept visits."
520,184,10,Prospect,Wave 2,Visit / Prospect,Current / Maintain,MICHIGAN INSTITUTE OF MEDICINE,80b855ee-7158-489b-b2a0-a7cff1ba0f26,"38525 8 MILE RD, LIVONIA, MI, 48152",PCP,Internal Medicine/PCP,Livonia,Jasmine,No attributed 2026 record,,0,0,0,0,,,,,,Moderate,Active Spine Target,Current Core Baseline,1,1,2,5,5,1,2026-07-09 00:00:00,43.5,45,30 days; Internal Medicine/PCP: No frequency,Up to date,Unknown,Likely Open – recent MMC visit,Keep: reinforce spine access,Not Started,"Score = referral 0 + specialty 4 + visit context 3 + reachability 1 + data 2. No deterministic referral-source match attributed to this company. Patient counts are distinct attributed B2B records, not confirmed kept visits."
521,185,10,Prospect,Wave 2,Visit / Prospect,Expansion / Test,"MICHIGAN INTERNAL MEDICINE ASSOCIATES, PC",f58827d6-6d21-48d0-b5ca-f235d234678b,"24548 West Warren Street, Dearborn Heights, Michigan, 48127",PCP,Internal Medicine/PCP,Other – Dearborn Heights,Jasmine,No attributed 2026 record,,0,0,0,0,,,,,,Strong,Active Spine Target,Outside Core Baseline,0,1,2,3,12,4,2026-06-17 00:00:00,55.5,45,Internal Medicine/PCP: No frequency,Unknown,Unknown,Likely Open – recent MMC visit,Test: add to next spine route,Not Started,"Score = referral 0 + specialty 4 + visit context 2 + reachability 2 + data 2. No deterministic referral-source match attributed to this company. Patient counts are distinct attributed B2B records, not confirmed kept visits."
522,186,10,Prospect,Wave 2,Visit / Prospect,Expansion / Test,Michigan urgent care,869d9f30-d3c6-486c-974d-dd85b1d93065,"3262 Washtenaw Avenue, Ann Arbor, Michigan, 48104",Urgent Care,Urgent care,Other – Ann Arbor,Jasmine,No attributed 2026 record,,0,0,0,0,,,,,,Strong,Active Spine Target,Outside Core Baseline,0,1,2,3,30,10,2026-06-11 00:00:00,63,45,Urgent care: No frequency,Unknown,Unknown,Likely Open – recent MMC visit,Test: add to next spine route,Not Started,"Score = referral 0 + specialty 4 + visit context 2 + reachability 2 + data 2. No deterministic referral-source match attributed to this company. Patient counts are distinct attributed B2B records, not confirmed kept visits."
523,187,10,Prospect,Wave 2,Visit / Prospect,Current / Maintain,Oak Street Health,cce6f965-cad7-4eb7-baf6-90f4191f2dea,"18610 Fenkell ave, Detroit, Michigan, 48223",PCP,Internal Medicine/PCP,Other – Detroit,Jasmine,No attributed 2026 record,,0,0,0,0,,,,,,Moderate,Active Spine Target,Current Core Baseline,1,1,2,5,5,1,2026-06-25 00:00:00,42,45,Internal Medicine/PCP: No frequency,Unknown,Unknown,Likely Open – recent MMC visit,Keep: reinforce spine access,Not Started,"Score = referral 0 + specialty 4 + visit context 3 + reachability 1 + data 2. No deterministic referral-source match attributed to this company. Patient counts are distinct attributed B2B records, not confirmed kept visits."
524,188,10,Prospect,Wave 2,Visit / Prospect,Current / Maintain,Packard Health - Ann Arbor,4cfeb212-d64b-45e7-9946-7ac903b306ac,"2650 Carpenter Rd, Ann Arbor, Michigan, 48108",PCP,Internal Medicine/PCP,Other – Ann Arbor,Jasmine,No attributed 2026 record,,0,0,0,0,,,,,,Strong,Active Spine Target,Current Core Baseline,1,1,1,3,36,12,2026-06-30 00:00:00,86,45,Internal Medicine/PCP: No frequency,Unknown,Unknown,Likely Open – recent MMC visit,Keep: reinforce spine access,Not Started,"Score = referral 0 + specialty 4 + visit context 2 + reachability 2 + data 2. No deterministic referral-source match attributed to this company. Patient counts are distinct attributed B2B records, not confirmed kept visits."
525,189,10,Prospect,Wave 2,Visit / Prospect,Expansion / Test,Pain Clinic of Michigan,bdc96513-2e4b-4263-916b-792d4001c0b0,"23800 Orchard Lake Rd, Farmington Hills, Michigan, 48336",Pain,Pain Management,Other – Farmington Hills,Jasmine,No attributed 2026 record,,0,0,0,0,,,,,,Weak,Active Spine Target,Outside Core Baseline,0,0,1,1,0,3,2026-05-20 00:00:00,,45,Pain Management: No frequency,Unknown,Unknown,Likely Open – recent MMC visit,Test: add to next spine route,Not Started,"Score = referral 0 + specialty 5 + visit context 1 + reachability 2 + data 2. No deterministic referral-source match attributed to this company. Patient counts are distinct attributed B2B records, not confirmed kept visits."
526,190,10,Prospect,Wave 2,Visit / Prospect,Current / Maintain,Palmer Medical,5d3d80df-b9e3-4590-bd23-e5c410e71b43,"34725 Palmer Road, Westland, Michigan, 48186",PCP,Internal Medicine/PCP,Other – Westland,Jasmine,No attributed 2026 record,,0,0,0,0,,,,,,Moderate,Active Spine Target,Current Core Baseline,1,2,2,3,3,1,2026-07-06 00:00:00,59.5,45,Internal Medicine/PCP: No frequency,Unknown,Unknown,Likely Open – recent MMC visit,Keep: reinforce spine access,Not Started,"Score = referral 0 + specialty 4 + visit context 3 + reachability 1 + data 2. No deterministic referral-source match attributed to this company. Patient counts are distinct attributed B2B records, not confirmed kept visits."
527,191,10,Prospect,Wave 2,Visit / Prospect,Current / Maintain,Plymouth urgent care walk-in clinic,8c60e9e4-e4af-426d-912d-3340bea956f4,"1498 South Sheldon Road, Plymouth, Michigan, 48170",Orthopedic,Urgent care; Ortho,Other – Plymouth,Jasmine,No attributed 2026 record,,0,0,0,0,,,,,,Weak,Ortho Cross-Sell,Current Core Baseline,1,1,1,4,4,1,2026-07-13 00:00:00,49,45,Urgent care: No frequency;Ortho: No frequency,Unknown,Unknown,Likely Open – recent MMC visit,Keep: reinforce spine access,Not Started,"Score = referral 0 + specialty 5 + visit context 2 + reachability 1 + data 2. No deterministic referral-source match attributed to this company. Patient counts are distinct attributed B2B records, not confirmed kept visits."
528,192,10,Prospect,Wave 2,Visit / Prospect,Current / Maintain,Premier Medicine Primary and Urgent Care,9288d919-ada8-45ca-a122-9e5065f74980,"9550 Dix Ave, Dearborn, Michigan, 48120",Urgent Care,Urgent care,Other – Dearborn,Jasmine,No attributed 2026 record,,0,0,0,0,,,,,,Moderate,Active Spine Target,Current Core Baseline,1,1,1,3,11,4,2026-07-14 00:00:00,86.5,45,Urgent care: No frequency,Unknown,Unknown,Likely Open – recent MMC visit,Keep: reinforce spine access,Not Started,"Score = referral 0 + specialty 4 + visit context 2 + reachability 2 + data 2. No deterministic referral-source match attributed to this company. Patient counts are distinct attributed B2B records, not confirmed kept visits."
529,193,10,Prospect,Wave 2,Visit / Prospect,Expansion / Test,PRIME CARE MEDICAL CLINIC,e76c31c1-f930-4f95-9297-051e3644a8fb,"5728 Schaefer Road, Dearborn, Michigan, 48126",Orthopedic,Spine,Other – Dearborn,Jasmine,No attributed 2026 record,,0,0,0,0,,,,,,Moderate,Spine-Labeled Target,Outside Core Baseline,0,0,1,2,8,4,2026-04-30 00:00:00,107,45,Spine: No frequency,Unknown,Unknown,Likely Open – recent MMC visit,Test: add to next spine route,Not Started,"Score = referral 0 + specialty 5 + visit context 1 + reachability 2 + data 2. No deterministic referral-source match attributed to this company. Patient counts are distinct attributed B2B records, not confirmed kept visits."
530,194,10,Prospect,Wave 2,Visit / Prospect,Current / Maintain,"Providence Internal Medicine, Diabetes/Endocrinology",ac92f742-7400-4def-bf3c-399c79028ae0,"47601 GRAND RIVER AVE STE A218, NOVI, Michigan, 48374",PCP,Internal Medicine/PCP,Other – NOVI,Jasmine,No attributed 2026 record,,0,0,0,0,,,,,,Moderate,Active Spine Target,Current Core Baseline,1,1,2,4,4,1,2026-07-10 00:00:00,36,45,Internal Medicine/PCP: No frequency,Unknown,Unknown,Likely Open – recent MMC visit,Keep: reinforce spine access,Not Started,"Score = referral 0 + specialty 4 + visit context 3 + reachability 1 + data 2. No deterministic referral-source match attributed to this company. Patient counts are distinct attributed B2B records, not confirmed kept visits."
531,195,10,Prospect,Wave 2,Visit / Prospect,Current / Maintain,PULSE PRIMARY/SENIOR CARE,895c7647-6ae1-4d8c-af49-0939435b01c6,"15400 Michigan Ave, Dearborn, Michigan, 48126",PCP,Internal Medicine/PCP,Other – Dearborn,Jasmine,No attributed 2026 record,,0,0,0,0,,,,,,Weak,Active Spine Target,Current Core Baseline,1,1,1,3,2,13,2026-07-14 00:00:00,95,45,Internal Medicine/PCP: No frequency,Unknown,Unknown,Likely Open – recent MMC visit,Keep: reinforce spine access,Not Started,"Score = referral 0 + specialty 4 + visit context 2 + reachability 2 + data 2. No deterministic referral-source match attributed to this company. Patient counts are distinct attributed B2B records, not confirmed kept visits."
532,196,10,Prospect,Wave 2,Visit / Prospect,Expansion / Test,Raad Al-Saraf MD PC,eb867788-d5d3-410e-8380-0d4ac6bb5f56,"6840 Greenfield Rd, Dearborn, Michigan, 48126",Orthopedic,Spine,Other – Dearborn,Jasmine,No attributed 2026 record,,0,0,0,0,,,,,,Moderate,Spine-Labeled Target,Outside Core Baseline,0,1,1,3,9,3,2026-06-01 00:00:00,65,45,Spine: No frequency,Unknown,Unknown,Likely Open – recent MMC visit,Test: add to next spine route,Not Started,"Score = referral 0 + specialty 5 + visit context 1 + reachability 2 + data 2. No deterministic referral-source match attributed to this company. Patient counts are distinct attributed B2B records, not confirmed kept visits."
533,197,10,Prospect,Wave 2,Visit / Prospect,Current / Maintain,Rivi Medical Associates,9f4c3f2a-ecc2-4050-b43c-d7c1d8f26b1d,"26850 Providence Parkway Ste 420, Novi, Michigan, 48374",PCP,Internal Medicine/PCP,Other – Novi,Jasmine,No attributed 2026 record,,0,0,0,0,,,,,,Moderate,Active Spine Target,Current Core Baseline,1,1,2,5,5,1,2026-06-23 00:00:00,40.5,45,Internal Medicine/PCP: No frequency,Unknown,Unknown,Likely Open – recent MMC visit,Keep: reinforce spine access,Not Started,"Score = referral 0 + specialty 4 + visit context 3 + reachability 1 + data 2. No deterministic referral-source match attributed to this company. Patient counts are distinct attributed B2B records, not confirmed kept visits."
534,198,10,Prospect,Wave 2,Visit / Prospect,Current / Maintain,Sarju Shah Family Medicine and Geriatrics,214bff79-6f8b-47ab-b1c3-a6c140f898c4,"2050 North Haggerty Road, Canton, Michigan, 48187",PCP,Internal Medicine/PCP,Other – Canton,Jasmine,No attributed 2026 record,,0,0,0,0,,,,,,Moderate,Active Spine Target,Current Core Baseline,1,1,2,4,4,1,2026-07-02 00:00:00,45,45,Internal Medicine/PCP: No frequency,Unknown,Unknown,Likely Open – recent MMC visit,Keep: reinforce spine access,Not Started,"Score = referral 0 + specialty 4 + visit context 3 + reachability 1 + data 2. No deterministic referral-source match attributed to this company. Patient counts are distinct attributed B2B records, not confirmed kept visits."
535,199,10,Prospect,Wave 2,Visit / Prospect,Expansion / Test,SOUTH HURON URGENT CARE (CAT 3),e3aecbce-4a94-4ebc-beb2-4e10fec69b88,"1649 South Huron Street, Ypsilanti, Michigan, 48197",Orthopedic,Urgent care; Ortho,Other – Ypsilanti,Jasmine,No attributed 2026 record,,0,0,0,0,,,,,,Moderate,Ortho Cross-Sell,Outside Core Baseline,0,1,1,4,8,2,2026-06-08 00:00:00,74,45,Urgent care: No frequency;Ortho: No frequency,Unknown,Unknown,Likely Open – recent MMC visit,Test: add to next spine route,Not Started,"Score = referral 0 + specialty 5 + visit context 1 + reachability 2 + data 2. No deterministic referral-source match attributed to this company. Patient counts are distinct attributed B2B records, not confirmed kept visits."
536,200,10,Prospect,Wave 2,Visit / Prospect,Current / Maintain,"Sussan J Salas, MD, FAANS",23d47a49-9145-4b5c-9b11-978fd3b4c007,"14555 Levan Road, Ste 312, Livonia, Michigan, 48154",PCP,Internal Medicine/PCP,Livonia,Jasmine,No attributed 2026 record,,0,0,0,0,,,,,,Moderate,Active Spine Target,Current Core Baseline,1,1,2,4,4,1,2026-07-09 00:00:00,57,45,Internal Medicine/PCP: No frequency,Unknown,Unknown,Likely Open – recent MMC visit,Keep: reinforce spine access,Not Started,"Score = referral 0 + specialty 4 + visit context 3 + reachability 1 + data 2. No deterministic referral-source match attributed to this company. Patient counts are distinct attributed B2B records, not confirmed kept visits."
537,201,10,Prospect,Wave 2,Visit / Prospect,Current / Maintain,Taylor walk-in clinic,a42a04f1-cc44-4398-a98b-e7d51622a415,"23234 Ecorse Road, Taylor, Michigan, 48180",Urgent Care,Urgent care,Other – Taylor,Jasmine,No attributed 2026 record,,0,0,0,0,,,,,,Moderate,Active Spine Target,Current Core Baseline,1,1,1,4,8,2,2026-06-29 00:00:00,22,45,Urgent care: No frequency,Unknown,Unknown,Likely Open – recent MMC visit,Keep: reinforce spine access,Not Started,"Score = referral 0 + specialty 4 + visit context 2 + reachability 2 + data 2. No deterministic referral-source match attributed to this company. Patient counts are distinct attributed B2B records, not confirmed kept visits."
538,202,10,Prospect,Wave 2,Visit / Prospect,Current / Maintain,Team Rehabilitation physical therapy,a54a2298-2335-4dcd-bf99-f21c492abfd1,"37307 Six Mile Road, Livonia, Michigan, 48152",PT,Physical Therapy,Livonia,Jasmine,No attributed 2026 record,,0,0,0,0,,,,,,Strong,Active Spine Target,Current Core Baseline,2,2,3,5,24,6,2026-07-16 00:00:00,43,45,Physical Therapy: No frequency,Unknown,Unknown,Likely Open – recent MMC visit,Keep: reinforce spine access,Not Started,"Score = referral 0 + specialty 3 + visit context 3 + reachability 2 + data 2. No deterministic referral-source match attributed to this company. Patient counts are distinct attributed B2B records, not confirmed kept visits."
539,203,10,Prospect,Wave 2,Visit / Prospect,Expansion / Test,Trinity health physical therapy,9d1a5377-d13f-4e0c-a250-5204ae278248,"3145 Clark Road Ste 401, Ypsilanti, Michigan, 48197",Orthopedic,Spine,Other – Ypsilanti,Jasmine,No attributed 2026 record,,0,0,0,0,,,,,,Moderate,Spine-Labeled Target,Outside Core Baseline,0,0,1,3,6,2,2026-05-18 00:00:00,59,45,Spine: No frequency,Unknown,Unknown,Likely Open – recent MMC visit,Test: add to next spine route,Not Started,"Score = referral 0 + specialty 5 + visit context 1 + reachability 2 + data 2. No deterministic referral-source match attributed to this company. Patient counts are distinct attributed B2B records, not confirmed kept visits."
540,204,10,Prospect,Wave 2,Visit / Prospect,Current / Maintain,Trinity health urgent care – EMU,e50a83c0-3329-4005-a3b4-542b402bb061,"1075 North Huron River Drive, Ypsilanti, Michigan, 48197",Urgent Care,Urgent care,Other – Ypsilanti,Jasmine,No attributed 2026 record,,0,0,0,0,,,,,,Strong,Active Spine Target,Current Core Baseline,1,2,3,3,2,1,2026-07-13 00:00:00,40,45,Urgent care: No frequency,Unknown,Unknown,Likely Open – recent MMC visit,Keep: reinforce spine access,Not Started,"Score = referral 0 + specialty 4 + visit context 3 + reachability 1 + data 2. No deterministic referral-source match attributed to this company. Patient counts are distinct attributed B2B records, not confirmed kept visits."
541,205,10,Prospect,Wave 2,Visit / Prospect,Expansion / Test,TRINITY HEALTH URGENT CARE- Livonia,21da51f8-241e-484b-9dac-cd0c99714ca6,"29370 Plymouth Rd, Livonia, Michigan, 48150",Urgent Care,Urgent Cares,Livonia,Jasmine,No attributed 2026 record,,0,0,0,0,,,,,,Strong,Active Spine Target,Outside Core Baseline,0,1,2,4,73,18,2026-06-09 00:00:00,41,45,Urgent Cares: No frequency,Unknown,Unknown,Likely Open – recent MMC visit,Test: add to next spine route,Not Started,"Score = referral 0 + specialty 4 + visit context 2 + reachability 2 + data 2. No deterministic referral-source match attributed to this company. Patient counts are distinct attributed B2B records, not confirmed kept visits."
542,206,10,Prospect,Wave 2,Visit / Prospect,Expansion / Test,Trinity IHA Pediatrics - Arbor Park,317a195f-f2b0-419b-99a5-152eb78c41cc,"4936 Clark Rd suite 101, Ypsilanti, Michigan, 48197",Orthopedic,Ortho; Pediatrician,Other – Ypsilanti,Jasmine,No attributed 2026 record,,0,0,0,0,,,,,,Strong,Ortho Cross-Sell,Outside Core Baseline,0,0,1,3,33,11,2026-05-18 00:00:00,68,45,Ortho: No frequency;Pediatrician: No frequency,Unknown,Unknown,Likely Open – recent MMC visit,Test: add to next spine route,Not Started,"Score = referral 0 + specialty 5 + visit context 1 + reachability 2 + data 2. No deterministic referral-source match attributed to this company. Patient counts are distinct attributed B2B records, not confirmed kept visits."
543,207,10,Prospect,Wave 2,Visit / Prospect,Expansion / Test,UofM Pain Management - Canton,5270c72e-7fb5-410d-b0a9-895b97f8ff2e,"1051 North Canton Center Road, Canton, Michigan, 48187",Pain,Pain Management,Other – Canton,Jasmine,No attributed 2026 record,,0,0,0,0,,,,,,Moderate,Active Spine Target,Outside Core Baseline,0,1,2,4,4,1,2026-06-11 00:00:00,53,45,Pain Management: No frequency,Unknown,Unknown,Likely Open – recent MMC visit,Test: add to next spine route,Not Started,"Score = referral 0 + specialty 5 + visit context 2 + reachability 1 + data 2. No deterministic referral-source match attributed to this company. Patient counts are distinct attributed B2B records, not confirmed kept visits."
544,208,10,Prospect,Wave 2,Visit / Prospect,Expansion / Test,WELLHEALTH MEDICAL ASSOCIATES - Belleville,d7ce8ce4-2911-40e6-b7cb-e9f92a081d8b,"265 main st, BELLEVILLE, Michigan, 48111",Pain,Internal Medicine/PCP; Pain Management,Other – BELLEVILLE,Jasmine,No attributed 2026 record,,0,0,0,0,,,,,,Moderate,Active Spine Target,Outside Core Baseline,0,1,1,3,9,3,2026-05-28 00:00:00,71,45,Internal Medicine/PCP: No frequency;Pain Management: No frequency,Unknown,Unknown,Likely Open – recent MMC visit,Test: add to next spine route,Not Started,"Score = referral 0 + specialty 5 + visit context 1 + reachability 2 + data 2. No deterministic referral-source match attributed to this company. Patient counts are distinct attributed B2B records, not confirmed kept visits."
545,157,10,Prospect,Wave 2,Visit / Prospect,Current / Maintain,Ahad MD,f7a0c634-faf6-47d9-b4ce-461de261ee86,"1380 Coolidge Hwy suite 250, Troy, Michigan, 48084",PCP,Internal Medicine/PCP,Troy,Coty,No attributed 2026 record,,0,0,0,0,,,,,,Strong,Active Spine Target,Current Core Baseline,1,2,3,7,6,1,2026-06-29 00:00:00,22,45,Internal Medicine/PCP: No frequency,Unknown,Unknown,Likely Open – recent MMC visit,Keep: reinforce spine access,Not Started,"Score = referral 0 + specialty 4 + visit context 3 + reachability 1 + data 2. No deterministic referral-source match attributed to this company. Patient counts are distinct attributed B2B records, not confirmed kept visits."
546,158,10,Prospect,Wave 2,Visit / Prospect,Expansion / Test,Albert Przybylski DO,1013988773,"36549 Harper Ave, ste B, Clinton Township, MI, 48035",PCP,Internal Medicine/PCP,Other – Clinton Township,Coty,No attributed 2026 record,,0,0,0,0,,,,,,Strong,Active Spine Target,Outside Core Baseline,0,1,2,3,12,4,2026-06-16 00:00:00,41,45,Internal Medicine/PCP: No frequency,Unknown,Unknown,Likely Open – recent MMC visit,Test: add to next spine route,Not Started,"Score = referral 0 + specialty 4 + visit context 2 + reachability 2 + data 2. No deterministic referral-source match attributed to this company. Patient counts are distinct attributed B2B records, not confirmed kept visits."
547,159,10,Prospect,Wave 2,Visit / Prospect,Expansion / Test,Anchor Bay Clinic Family Medical Center,96903a48-13a7-42e0-8f5e-a56cce365ea5,"32901 23 Mile Rd ste 100, New Baltimore, Michigan, 48047",PCP,Internal Medicine/PCP,Other – New Baltimore,Coty,No attributed 2026 record,,0,0,0,0,,,,,,Moderate,Active Spine Target,Outside Core Baseline,0,0,2,2,8,5,2026-05-19 00:00:00,12,45,Internal Medicine/PCP: No frequency,Unknown,Unknown,Likely Open – recent MMC visit,Test: add to next spine route,Not Started,"Score = referral 0 + specialty 4 + visit context 2 + reachability 2 + data 2. No deterministic referral-source match attributed to this company. Patient counts are distinct attributed B2B records, not confirmed kept visits."
548,160,10,Prospect,Wave 2,Visit / Prospect,Expansion / Test,Arcturus Healthcare - Rochester Hills,abca9491-e80c-416c-b2c4-8fa1db072def,"1055 E South Blvd ste 220, Rochester Hills, Michigan, 48307",PCP,Internal Medicine/PCP; Pediatrician,Other – Rochester Hills,Coty,No attributed 2026 record,,0,0,0,0,,,,,,Moderate,Active Spine Target,Outside Core Baseline,0,1,2,3,9,3,2026-06-15 00:00:00,34,45,Internal Medicine/PCP: No frequency;Pediatrician: No frequency,Unknown,Unknown,Likely Open – recent MMC visit,Test: add to next spine route,Not Started,"Score = referral 0 + specialty 4 + visit context 2 + reachability 2 + data 2. No deterministic referral-source match attributed to this company. Patient counts are distinct attributed B2B records, not confirmed kept visits."
549,161,10,Prospect,Wave 2,Visit / Prospect,Expansion / Test,Associated Physicians Group,e6a683fe-f991-45a4-a323-6788ed1aeed2,"1695 Twelve Mile Rd ste 200, Berkley, Michigan, 48072",PCP,Internal Medicine/PCP; Endocrinology,Other – Berkley,Coty,No attributed 2026 record,,0,0,0,0,,,,,,Strong,Active Spine Target,Outside Core Baseline,0,1,2,5,20,4,2026-06-17 00:00:00,27,45,Internal Medicine/PCP: No frequency;Endocrinology: No frequency,Unknown,Unknown,Likely Open – recent MMC visit,Test: add to next spine route,Not Started,"Score = referral 0 + specialty 4 + visit context 2 + reachability 2 + data 2. No deterministic referral-source match attributed to this company. Patient counts are distinct attributed B2B records, not confirmed kept visits."
550,162,10,Prospect,Wave 2,Visit / Prospect,Expansion / Test,Beacon Orthopedics of Michigan - Livonia,7ba5f22d-a044-4e77-9eae-086d15413f50,"19335 Merriman Road, Livonia, Michigan, 48152",Orthopedic,Coty; Orthopedic Surgery,Livonia,Coty,No attributed 2026 record,,0,0,0,0,,,,,,Moderate,Ortho Cross-Sell,Outside Core Baseline,0,0,1,4,8,2,2026-05-08 00:00:00,24,45,Coty: No frequency;Orthopedic Surgery: No frequency,Unknown,Unknown,Likely Open – recent MMC visit,Test: add to next spine route,Not Started,"Score = referral 0 + specialty 5 + visit context 1 + reachability 2 + data 2. No deterministic referral-source match attributed to this company. Patient counts are distinct attributed B2B records, not confirmed kept visits."
551,163,10,Prospect,Wave 2,Visit / Prospect,Expansion / Test,Berkley Primary Care,ccf33cc6-8519-40b6-9e5b-fb3167a271ba,"26711 Woodward Ave, ste 103, Huntington Woods, MI, 48070",PCP,Internal Medicine/PCP,Other – Huntington Woods,Coty,No attributed 2026 record,,0,0,0,0,,,,,,Moderate,Active Spine Target,Outside Core Baseline,0,2,2,4,8,2,2026-06-17 00:00:00,27,45,Internal Medicine/PCP: No frequency,Unknown,Unknown,Likely Open – recent MMC visit,Test: add to next spine route,Not Started,"Score = referral 0 + specialty 4 + visit context 2 + reachability 2 + data 2. No deterministic referral-source match attributed to this company. Patient counts are distinct attributed B2B records, not confirmed kept visits."
552,164,10,Prospect,Wave 2,Visit / Prospect,Expansion / Test,Bi-County Physicians,4efcc794-5368-4521-bd8a-152d222c2254,"21600 Harper ste 100, St. Clair Shores, Michigan, 48080",PCP,Internal Medicine/PCP,Other – St. Clair Shores,Coty,No attributed 2026 record,,0,0,0,0,,,,,,Strong,Active Spine Target,Outside Core Baseline,0,2,3,6,30,5,2026-06-11 00:00:00,17,45,Internal Medicine/PCP: No frequency,Unknown,Unknown,Likely Open – recent MMC visit,Test: add to next spine route,Not Started,"Score = referral 0 + specialty 4 + visit context 2 + reachability 2 + data 2. No deterministic referral-source match attributed to this company. Patient counts are distinct attributed B2B records, not confirmed kept visits."
553,165,10,Prospect,Wave 2,Visit / Prospect,Expansion / Test,Bones & Joints Clinic,6534c29e-4183-4541-a745-ede23a94fbbd,"3058 Metro Pkwy ste 204, Sterling Heights, Michigan, 48310",Pain,Pain Management,Sterling Heights,Coty,No attributed 2026 record,,0,0,0,0,,,,,,Moderate,Active Spine Target,Outside Core Baseline,0,1,2,4,3,1,2026-06-02 00:00:00,33,45,Pain Management: No frequency,Unknown,Unknown,Likely Open – recent MMC visit,Test: add to next spine route,Not Started,"Score = referral 0 + specialty 5 + visit context 2 + reachability 1 + data 2. No deterministic referral-source match attributed to this company. Patient counts are distinct attributed B2B records, not confirmed kept visits."
554,166,10,Prospect,Wave 2,Visit / Prospect,Current / Maintain,Changee Kim MD,46e88577-6544-4486-beb0-351067178ed3,"38815 Dequindre Rd suite 103, Troy, Michigan, 48083",PCP,Internal Medicine/PCP,Troy,Coty,No attributed 2026 record,,0,0,0,0,,,,,,Strong,Active Spine Target,Current Core Baseline,2,4,5,5,5,1,2026-07-13 00:00:00,17,45,Internal Medicine/PCP: No frequency,Unknown,Unknown,Likely Open – recent MMC visit,Keep: reinforce spine access,Not Started,"Score = referral 0 + specialty 4 + visit context 3 + reachability 1 + data 2. No deterministic referral-source match attributed to this company. Patient counts are distinct attributed B2B records, not confirmed kept visits."
555,167,10,Prospect,Wave 2,Visit / Prospect,Expansion / Test,Chesterfield Family Medicine (Henry Ford),1275554073,"30795 23 Mile Rd, ste 207, New Baltimore, MI, 48047",PCP,Internal Medicine/PCP,Other – New Baltimore,Coty,No attributed 2026 record,,0,0,0,0,,,,,,Moderate,Active Spine Target,Outside Core Baseline,0,0,2,2,8,4,2026-05-19 00:00:00,12,45,Internal Medicine/PCP: No frequency,Unknown,Unknown,Likely Open – recent MMC visit,Test: add to next spine route,Not Started,"Score = referral 0 + specialty 4 + visit context 2 + reachability 2 + data 2. No deterministic referral-source match attributed to this company. Patient counts are distinct attributed B2B records, not confirmed kept visits."
556,168,10,Prospect,Wave 2,Visit / Prospect,Expansion / Test,Corewell Health Internal Medicine - Troy,e08bd153-21a7-4571-932b-cec418f70d74,"130 Town Center Dr ste 209, Troy, Michigan, 48084",PCP,Internal Medicine/PCP,Troy,Coty,No attributed 2026 record,,0,0,0,0,,,,,,Moderate,Active Spine Target,Outside Core Baseline,0,1,2,3,9,3,2026-06-10 00:00:00,38.5,45,Internal Medicine/PCP: No frequency,Unknown,Unknown,Likely Open – recent MMC visit,Test: add to next spine route,Not Started,"Score = referral 0 + specialty 4 + visit context 2 + reachability 2 + data 2. No deterministic referral-source match attributed to this company. Patient counts are distinct attributed B2B records, not confirmed kept visits."
557,169,10,Prospect,Wave 2,Visit / Prospect,Expansion / Test,Eastside Surgical Associates,76edf894-7297-4aa7-af64-6b116e13aa3a,"36750 26 Mile Rd, ste 240, New Baltimore, Michigan, 48047",Orthopedic,Orthopedic Surgery,Other – New Baltimore,Coty,No attributed 2026 record,,0,0,0,0,,,,,,Weak,Ortho Cross-Sell,Outside Core Baseline,0,0,1,1,2,2,2026-05-07 00:00:00,,45,Orthopedic Surgery: No frequency,Unknown,Unknown,Likely Open – recent MMC visit,Test: add to next spine route,Not Started,"Score = referral 0 + specialty 5 + visit context 1 + reachability 2 + data 2. No deterministic referral-source match attributed to this company. Patient counts are distinct attributed B2B records, not confirmed kept visits."
558,170,10,Prospect,Wave 2,Visit / Prospect,Current / Maintain,Emil Sitto MD,ab929875-5247-4a32-9f8b-d3de09fc715b,"51218 Romeo Plank Rd, Macomb, MI, 48042",PCP,Internal Medicine/PCP,Other – Macomb,Coty,No attributed 2026 record,,0,0,0,0,,,,,,Moderate,Active Spine Target,Current Core Baseline,1,1,2,3,3,1,2026-07-10 00:00:00,43,45,Internal Medicine/PCP: No frequency,Unknown,Unknown,Likely Open – recent MMC visit,Keep: reinforce spine access,Not Started,"Score = referral 0 + specialty 4 + visit context 3 + reachability 1 + data 2. No deterministic referral-source match attributed to this company. Patient counts are distinct attributed B2B records, not confirmed kept visits."
559,171,10,Prospect,Wave 2,Visit / Prospect,Current / Maintain,Farrah Ahmad MD,aaf83473-f7a0-4e20-8241-601767b6943c,"34220 Ryan Road Sterling Heights, MI 48310, MI, 48310",PCP,Internal Medicine/PCP,Other – MI 48310,Coty,No attributed 2026 record,,0,0,0,0,,,,,,Strong,Active Spine Target,Current Core Baseline,1,3,4,7,7,1,2026-06-26 00:00:00,21.5,45,Internal Medicine/PCP: No frequency,Unknown,Unknown,Likely Open – recent MMC visit,Keep: reinforce spine access,Not Started,"Score = referral 0 + specialty 4 + visit context 3 + reachability 1 + data 2. No deterministic referral-source match attributed to this company. Patient counts are distinct attributed B2B records, not confirmed kept visits."
560,172,10,Prospect,Wave 2,Visit / Prospect,Current / Maintain,Faye Maribao MD,2172a4d0-c6b7-4ef0-9ff2-813edfc3926f,"22790 Harper Ave ste c St Clair Shores, St. Clair Shores, Michigan, 48080",PCP,Internal Medicine/PCP,Other – St. Clair Shores,Coty,No attributed 2026 record,,0,0,0,0,,,,,,Strong,Active Spine Target,Current Core Baseline,2,4,5,7,7,1,2026-07-09 00:00:00,15,45,Internal Medicine/PCP: No frequency,Unknown,Unknown,Likely Open – recent MMC visit,Keep: reinforce spine access,Not Started,"Score = referral 0 + specialty 4 + visit context 3 + reachability 1 + data 2. No deterministic referral-source match attributed to this company. Patient counts are distinct attributed B2B records, not confirmed kept visits."
561,173,10,Prospect,Wave 2,Visit / Prospect,Current / Maintain,Ghassan Atto PLLC,d66f07f6-09c1-4e7b-89b1-4c2e8cf825e2,"11275 Allen Road, Southgate, Michigan, 48195",PCP,Internal Medicine/PCP,Other – Southgate,Coty,No attributed 2026 record,,0,0,0,0,,,,,,Weak,Active Spine Target,Current Core Baseline,1,1,1,1,2,3,2026-07-14 00:00:00,,45,Internal Medicine/PCP: No frequency,Unknown,Unknown,Likely Open – recent MMC visit,Keep: reinforce spine access,Not Started,"Score = referral 0 + specialty 4 + visit context 2 + reachability 2 + data 2. No deterministic referral-source match attributed to this company. Patient counts are distinct attributed B2B records, not confirmed kept visits."
562,174,10,Prospect,Wave 2,Visit / Prospect,Current / Maintain,Healthquest Chiropractic,f2dc38ef-6f3e-46e7-81ca-1ac74b888995,"24100 Drake Rd, Farmington Hills, Michigan, 48335",Chiropractor,Coty; Chiropractor,Other – Farmington Hills,Coty,No attributed 2026 record,,0,0,0,0,,,,,,Moderate,Active Spine Target,Current Core Baseline,1,2,2,3,3,1,2026-07-08 00:00:00,50,45,Coty: No frequency;Chiropractor: No frequency,Unknown,Unknown,Likely Open – recent MMC visit,Keep: reinforce spine access,Not Started,"Score = referral 0 + specialty 4 + visit context 3 + reachability 1 + data 2. No deterministic referral-source match attributed to this company. Patient counts are distinct attributed B2B records, not confirmed kept visits."
563,175,10,Prospect,Wave 2,Visit / Prospect,Current / Maintain,Henry Ford Internal Medicine - Sterling Heights,20a601f2-ef2f-40db-b5ec-481cf50305de,"3500 15 Mile Road, Sterling Heights, Michigan, 48310",PCP,Internal Medicine/PCP,Sterling Heights,Coty,No attributed 2026 record,,0,0,0,0,,,,,,Strong,Active Spine Target,Current Core Baseline,1,1,1,2,18,9,2026-06-26 00:00:00,134,45,Internal Medicine/PCP: No frequency,Unknown,Unknown,Likely Open – recent MMC visit,Keep: reinforce spine access,Not Started,"Score = referral 0 + specialty 4 + visit context 2 + reachability 2 + data 2. No deterministic referral-source match attributed to this company. Patient counts are distinct attributed B2B records, not confirmed kept visits."
564,176,10,Prospect,Wave 2,Visit / Prospect,Current / Maintain,Henry Ford Medical Center - Beck Rd,1538237060,"14300 Beck Rd, Plymouth, MI, 48170",PCP,Internal Medicine/PCP,Other – Plymouth,Coty,No attributed 2026 record,,0,0,0,0,,,,,,Moderate,Active Spine Target,Current Core Baseline,1,1,1,3,6,2,2026-06-22 00:00:00,59,45,Internal Medicine/PCP: No frequency,Unknown,Unknown,Likely Open – recent MMC visit,Keep: reinforce spine access,Not Started,"Score = referral 0 + specialty 4 + visit context 2 + reachability 2 + data 2. No deterministic referral-source match attributed to this company. Patient counts are distinct attributed B2B records, not confirmed kept visits."
565,177,10,Prospect,Wave 2,Visit / Prospect,Current / Maintain,James MacKenzie MD,de0072d8-2ca1-4e11-b11d-1fa82185fd49,"1380 Coolidge Hwy ste 100, Troy, Michigan, 48084",PCP,Internal Medicine/PCP,Troy,Coty,No attributed 2026 record,,0,0,0,0,,,,,,Strong,Active Spine Target,Current Core Baseline,2,3,5,9,9,1,2026-07-01 00:00:00,19.5,45,Internal Medicine/PCP: No frequency,Unknown,Unknown,Likely Open – recent MMC visit,Keep: reinforce spine access,Not Started,"Score = referral 0 + specialty 4 + visit context 3 + reachability 1 + data 2. No deterministic referral-source match attributed to this company. Patient counts are distinct attributed B2B records, not confirmed kept visits."
566,178,10,Prospect,Wave 2,Visit / Prospect,Current / Maintain,JOEL WELLNESS CLINIC,6abec30d-30ef-4f35-8e04-85112389bfb1,"15144 Levan Road Ste 44, Livonia, Michigan, 48154",Orthopedic,Spine,Livonia,Coty,No attributed 2026 record,,0,0,0,0,,,,,,Weak,Spine-Labeled Target,Current Core Baseline,1,1,1,3,3,1,2026-06-19 00:00:00,61,45,45 days; Spine: No frequency,Up to date,Unknown,Likely Open – recent MMC visit,Keep: reinforce spine access,Not Started,"Score = referral 0 + specialty 5 + visit context 2 + reachability 1 + data 2. No deterministic referral-source match attributed to this company. Patient counts are distinct attributed B2B records, not confirmed kept visits."
567,179,10,Prospect,Wave 2,Visit / Prospect,Current / Maintain,"John Joseph MD,",1043288053,"135 E Maple Rd, Troy, Michigan, 48083",PCP,Internal Medicine/PCP,Troy,Coty,No attributed 2026 record,,0,0,0,0,,,,,,Strong,Active Spine Target,Current Core Baseline,1,2,4,5,5,1,2026-06-29 00:00:00,23.5,45,Internal Medicine/PCP: No frequency,Unknown,Unknown,Likely Open – recent MMC visit,Keep: reinforce spine access,Not Started,"Score = referral 0 + specialty 4 + visit context 3 + reachability 1 + data 2. No deterministic referral-source match attributed to this company. Patient counts are distinct attributed B2B records, not confirmed kept visits."
568,180,10,Prospect,Wave 2,Visit / Prospect,Current / Maintain,Keystone Partners - Macomb,bf5d89a6-74f7-4063-bb09-69d92d0a5f57,"46591 Romeo Plank Rd ste 133, Macomb, Michigan, 48044",PCP,Internal Medicine/PCP,Other – Macomb,Coty,No attributed 2026 record,,0,0,0,0,,,,,,Moderate,Active Spine Target,Current Core Baseline,1,1,2,2,2,1,2026-07-10 00:00:00,51,45,Internal Medicine/PCP: No frequency,Unknown,Unknown,Likely Open – recent MMC visit,Keep: reinforce spine access,Not Started,"Score = referral 0 + specialty 4 + visit context 3 + reachability 1 + data 2. No deterministic referral-source match attributed to this company. Patient counts are distinct attributed B2B records, not confirmed kept visits."
569,181,10,Prospect,Wave 2,Visit / Prospect,Expansion / Test,Legacy Medical Group,2977b68e-db50-4231-995d-aea6e32ca71f,"1460 WALTON BLVD STE 200, ROCHESTER HILLS, MI, 48309",PCP,Concierge Physicians,Other – ROCHESTER HILLS,Coty,No attributed 2026 record,,0,0,0,0,,,,,,Moderate,Active Spine Target,Outside Core Baseline,0,1,2,2,10,5,2026-05-27 00:00:00,34,45,Concierge Physicians: No frequency,Unknown,Unknown,Likely Open – recent MMC visit,Test: add to next spine route,Not Started,"Score = referral 0 + specialty 4 + visit context 2 + reachability 2 + data 2. No deterministic referral-source match attributed to this company. Patient counts are distinct attributed B2B records, not confirmed kept visits."
570,182,10,Prospect,Wave 2,Visit / Prospect,Current / Maintain,Live Well Chiro,fb391572-ec70-41c7-a503-4e6be4d20c7a,"455 Barclay Cir, Rochester Hills, Michigan, 48307",Chiropractor,Chiropractor,Other – Rochester Hills,Coty,No attributed 2026 record,,0,0,0,0,,,,,,Strong,Active Spine Target,Current Core Baseline,2,3,3,4,4,1,2026-07-15 00:00:00,31,45,Chiropractor: No frequency,Unknown,Unknown,Likely Open – recent MMC visit,Keep: reinforce spine access,Not Started,"Score = referral 0 + specialty 4 + visit context 3 + reachability 1 + data 2. No deterministic referral-source match attributed to this company. Patient counts are distinct attributed B2B records, not confirmed kept visits."
571,183,10,Prospect,Wave 2,Visit / Prospect,Current / Maintain,Maan Askar MD - Hoover (Thursdays),3dd30d21-d9d8-4640-b79e-fdec972d0ad3,"26440 Hoover Rd ste c, Warren, Michigan, 48089",PCP,Internal Medicine/PCP,Other – Warren,Coty,No attributed 2026 record,,0,0,0,0,,,,,,Strong,Active Spine Target,Current Core Baseline,1,2,3,5,0,1,2026-07-09 00:00:00,30.5,45,Internal Medicine/PCP: No frequency,Unknown,Unknown,Likely Open – recent MMC visit,Keep: reinforce spine access,Not Started,"Score = referral 0 + specialty 4 + visit context 3 + reachability 1 + data 2. No deterministic referral-source match attributed to this company. Patient counts are distinct attributed B2B records, not confirmed kept visits."
572,184,10,Prospect,Wave 2,Visit / Prospect,Current / Maintain,Maridel Hernadez MD,8d20bd9d-fad3-4505-aa71-e69cb2962597,"30140 Harper Ave ste 300, St. Clair Shores, Michigan, 48082",PCP,Internal Medicine/PCP,Other – St. Clair Shores,Coty,No attributed 2026 record,,0,0,0,0,,,,,,Strong,Active Spine Target,Current Core Baseline,1,2,3,4,4,1,2026-06-18 00:00:00,31,45,Internal Medicine/PCP: No frequency,Unknown,Unknown,Likely Open – recent MMC visit,Keep: reinforce spine access,Not Started,"Score = referral 0 + specialty 4 + visit context 3 + reachability 1 + data 2. No deterministic referral-source match attributed to this company. Patient counts are distinct attributed B2B records, not confirmed kept visits."
573,185,10,Prospect,Wave 2,Visit / Prospect,Current / Maintain,MD VIP - Utica,1912194622,"47733 Van Dyke Ave, Shebly Township, MI, 48317",PCP,Concierge Physicians; Internal Medicine/PCP,Other – Shebly Township,Coty,No attributed 2026 record,,0,0,0,0,,,,,,Strong,Active Spine Target,Current Core Baseline,1,2,3,3,3,1,2026-07-07 00:00:00,25,45,Concierge Physicians: No frequency;Internal Medicine/PCP: No frequency,Unknown,Unknown,Likely Open – recent MMC visit,Keep: reinforce spine access,Not Started,"Score = referral 0 + specialty 4 + visit context 3 + reachability 1 + data 2. No deterministic referral-source match attributed to this company. Patient counts are distinct attributed B2B records, not confirmed kept visits."
574,186,10,Prospect,Wave 2,Visit / Prospect,Current / Maintain,"MEGHA MOHEY, MD, PC",141f9961-1fe4-4d6c-b6e0-7e89805d1153,"14752 NORTHLINE RD, SOUTHGATE, MI, 48195",PCP,Internal Medicine/PCP,Other – SOUTHGATE,Coty,No attributed 2026 record,,0,0,0,0,,,,,,Moderate,Active Spine Target,Current Core Baseline,1,2,2,4,4,1,2026-07-06 00:00:00,41,45,Internal Medicine/PCP: No frequency,Unknown,Unknown,Likely Open – recent MMC visit,Keep: reinforce spine access,Not Started,"Score = referral 0 + specialty 4 + visit context 3 + reachability 1 + data 2. No deterministic referral-source match attributed to this company. Patient counts are distinct attributed B2B records, not confirmed kept visits."
575,187,10,Prospect,Wave 2,Visit / Prospect,Expansion / Test,Metro Pain Clinic  - Warren,aa5863d0-5375-4e30-9596-780fee5530e6,"28001 Schoenherr Road, Warren, Michigan, 48088",Pain,Coty; Pain Management,Other – Warren,Coty,No attributed 2026 record,,0,0,0,0,,,,,,Moderate,Active Spine Target,Outside Core Baseline,0,1,2,4,4,1,2026-06-01 00:00:00,31,45,Coty: No frequency;Pain Management: No frequency,Unknown,Unknown,Likely Open – recent MMC visit,Test: add to next spine route,Not Started,"Score = referral 0 + specialty 5 + visit context 2 + reachability 1 + data 2. No deterministic referral-source match attributed to this company. Patient counts are distinct attributed B2B records, not confirmed kept visits."
576,188,10,Prospect,Wave 2,Visit / Prospect,Expansion / Test,MHP Orthopedics - Madison Heights,6772a157-179b-472b-8b92-8c0068cdc5ec,"27483 Dequindre Rd suite 306, Madison Heights, Michigan, 48071",Orthopedic,Ortho,Other – Madison Heights,Coty,No attributed 2026 record,,0,0,0,0,,,,,,Strong,Ortho Cross-Sell,Outside Core Baseline,0,1,1,4,12,3,2026-06-01 00:00:00,15,45,Ortho: No frequency,Unknown,Unknown,Likely Open – recent MMC visit,Test: add to next spine route,Not Started,"Score = referral 0 + specialty 5 + visit context 1 + reachability 2 + data 2. No deterministic referral-source match attributed to this company. Patient counts are distinct attributed B2B records, not confirmed kept visits."
577,189,10,Prospect,Wave 2,Visit / Prospect,Current / Maintain,Mi Family Medicine & Urgent Care,361c9ac4-e663-4323-a07b-d1e2fd37f618,"28091 Dequindre Rd suite 203, Madison Heights, Michigan, 48071",Urgent Care,Internal Medicine/PCP; Urgent Cares,Other – Madison Heights,Coty,No attributed 2026 record,,0,0,0,0,,,,,,Strong,Active Spine Target,Current Core Baseline,1,2,3,5,5,1,2026-06-24 00:00:00,27,45,Internal Medicine/PCP: No frequency;Urgent Cares: No frequency,Unknown,Unknown,Likely Open – recent MMC visit,Keep: reinforce spine access,Not Started,"Score = referral 0 + specialty 4 + visit context 3 + reachability 1 + data 2. No deterministic referral-source match attributed to this company. Patient counts are distinct attributed B2B records, not confirmed kept visits."
578,190,10,Prospect,Wave 2,Visit / Prospect,Expansion / Test,Michigan Head & Spine Institute - Macomb,e33f4068-dcba-4ec6-a5b6-a0ce07fd66d3,"43475 Dalcoma Dr suite 150 Clinton Twp, Clinton Township, Michigan, 48038",Orthopedic,Neurosurgery; Pain Management,Other – Clinton Township,Coty,No attributed 2026 record,,0,0,0,0,,,,,,Moderate,Spine-Labeled Target,Outside Core Baseline,0,1,1,1,7,8,2026-06-16 00:00:00,,45,Neurosurgery: No frequency;Pain Management: No frequency,Unknown,Unknown,Likely Open – recent MMC visit,Test: add to next spine route,Not Started,"Score = referral 0 + specialty 5 + visit context 1 + reachability 2 + data 2. No deterministic referral-source match attributed to this company. Patient counts are distinct attributed B2B records, not confirmed kept visits."
579,191,10,Prospect,Wave 2,Visit / Prospect,Current / Maintain,Michigan Physicians Group - Livonia,20ab0f4f-ab86-4054-a588-8d04b87ad7af,"14325 Middlebelt Road, Livonia, Michigan, 48154",Pain,Pain,Livonia,Coty,No attributed 2026 record,,0,0,0,0,,,,,,Weak,Active Spine Target,Current Core Baseline,1,1,1,3,3,1,2026-06-19 00:00:00,49,45,Pain: No frequency,Unknown,Unknown,Likely Open – recent MMC visit,Keep: reinforce spine access,Not Started,"Score = referral 0 + specialty 5 + visit context 2 + reachability 1 + data 2. No deterministic referral-source match attributed to this company. Patient counts are distinct attributed B2B records, not confirmed kept visits."
580,192,10,Prospect,Wave 2,Visit / Prospect,Expansion / Test,Motor City Orthopedics - Warren,c711e9c2-58e1-42f5-ab75-c835ceae8875,"11900 Twelve Mile Rd suite 300, Warren, Michigan, 48093",Orthopedic,Orthopedic - PT; Orthopedic Surgery,Other – Warren,Coty,No attributed 2026 record,,0,0,0,0,,,,,,Strong,Ortho Cross-Sell,Outside Core Baseline,0,0,1,3,12,4,2026-05-05 00:00:00,55,45,Orthopedic - PT: No frequency;Orthopedic Surgery: No frequency,Unknown,Unknown,Likely Open – recent MMC visit,Test: add to next spine route,Not Started,"Score = referral 0 + specialty 5 + visit context 1 + reachability 2 + data 2. No deterministic referral-source match attributed to this company. Patient counts are distinct attributed B2B records, not confirmed kept visits."
581,193,10,Prospect,Wave 2,Visit / Prospect,Expansion / Test,Movement Orthopedics,eaff83df-eecc-4f3e-a041-cea71bad788e,"43475 Dalcoma Dr suite 250, Clinton Township, Michigan, 48038",Orthopedic,Orthopedic Surgery,Other – Clinton Township,Coty,No attributed 2026 record,,0,0,0,0,,,,,,Moderate,Ortho Cross-Sell,Outside Core Baseline,0,1,1,2,6,4,2026-06-16 00:00:00,62,45,Orthopedic Surgery: No frequency,Unknown,Unknown,Likely Open – recent MMC visit,Test: add to next spine route,Not Started,"Score = referral 0 + specialty 5 + visit context 1 + reachability 2 + data 2. No deterministic referral-source match attributed to this company. Patient counts are distinct attributed B2B records, not confirmed kept visits."
582,194,10,Prospect,Wave 2,Visit / Prospect,Current / Maintain,Neuro Pain Consultants - Shelby,b1803bd8-c8ae-44c1-9f01-c4ad0f812ef5,"50505 Schoenherr Road, Michigan, 48315",Pain,Coty; Pain Management,Other,Coty,No attributed 2026 record,,0,0,0,0,,,,,,Strong,Active Spine Target,Current Core Baseline,1,2,4,7,0,1,2026-07-07 00:00:00,22,45,Coty: No frequency;Pain Management: No frequency,Unknown,Unknown,Likely Open – recent MMC visit,Keep: reinforce spine access,Not Started,"Score = referral 0 + specialty 5 + visit context 3 + reachability 1 + data 1. No deterministic referral-source match attributed to this company. Patient counts are distinct attributed B2B records, not confirmed kept visits."
583,195,10,Prospect,Wave 2,Visit / Prospect,Current / Maintain,Oak Street Health – Hazel Park,e3a99c41-ef87-4be9-8e02-1ca4d4db2c36,"1142 E 9 Mile Rd, Hazel Park, Michigan, 48030",PCP,Internal Medicine/PCP,Other – Hazel Park,Coty,No attributed 2026 record,,0,0,0,0,,,,,,Moderate,Active Spine Target,Current Core Baseline,1,1,1,1,6,6,2026-06-24 00:00:00,,45,Internal Medicine/PCP: No frequency,Unknown,Unknown,Likely Open – recent MMC visit,Keep: reinforce spine access,Not Started,"Score = referral 0 + specialty 4 + visit context 2 + reachability 2 + data 2. No deterministic referral-source match attributed to this company. Patient counts are distinct attributed B2B records, not confirmed kept visits."
584,196,10,Prospect,Wave 2,Visit / Prospect,Current / Maintain,Precise Medical,fbcc80e3-33d5-452f-8300-be884c2786eb,"1701 E South Blvd suite b75, Rochester Hills, Michigan, 48307",PCP,Internal Medicine/PCP,Other – Rochester Hills,Coty,No attributed 2026 record,,0,0,0,0,,,,,,Strong,Active Spine Target,Current Core Baseline,1,1,4,6,6,1,2026-06-23 00:00:00,19,45,Internal Medicine/PCP: No frequency,Unknown,Unknown,Likely Open – recent MMC visit,Keep: reinforce spine access,Not Started,"Score = referral 0 + specialty 4 + visit context 3 + reachability 1 + data 2. No deterministic referral-source match attributed to this company. Patient counts are distinct attributed B2B records, not confirmed kept visits."
585,197,10,Prospect,Wave 2,Visit / Prospect,Expansion / Test,Primary Care Services -Westland,af12dee4-a837-45cd-b77e-ae4d5a1da5b3,"35180 Nankin Blvd ste 204, Westland, Michigan, 48185",Pain,Pain,Other – Westland,Coty,No attributed 2026 record,,0,0,0,0,,,,,,Weak,Active Spine Target,Outside Core Baseline,0,1,1,2,4,2,2026-05-29 00:00:00,60,45,Pain: No frequency,Unknown,Unknown,Likely Open – recent MMC visit,Test: add to next spine route,Not Started,"Score = referral 0 + specialty 5 + visit context 1 + reachability 2 + data 2. No deterministic referral-source match attributed to this company. Patient counts are distinct attributed B2B records, not confirmed kept visits."
586,198,10,Prospect,Wave 2,Visit / Prospect,Current / Maintain,Prime Internal Medicine (MDVIP),2c230474-0801-4832-a54e-1828db8c62a1,"1435 N Milford Rd suite 200 Milford, Milford Charter Township, Michigan, 48381",PCP,Concierge Physicians; Internal Medicine/PCP,Other – Milford Charter Township,Coty,No attributed 2026 record,,0,0,0,0,,,,,,Moderate,Active Spine Target,Current Core Baseline,1,1,2,4,4,1,2026-07-16 00:00:00,48,45,Concierge Physicians: No frequency;Internal Medicine/PCP: No frequency,Unknown,Unknown,Likely Open – recent MMC visit,Keep: reinforce spine access,Not Started,"Score = referral 0 + specialty 4 + visit context 3 + reachability 1 + data 2. No deterministic referral-source match attributed to this company. Patient counts are distinct attributed B2B records, not confirmed kept visits."
587,199,10,Prospect,Wave 2,Visit / Prospect,Expansion / Test,Rochester Hills Family Physicians (Corewell),757de7dd-5282-4788-934b-4beb9c13112f,"1202 Walton Blvd, ste 216, Rochester, Michigan, 48307",PCP,Internal Medicine/PCP,Other – Rochester,Coty,No attributed 2026 record,,0,0,0,0,,,,,,Strong,Active Spine Target,Outside Core Baseline,0,1,2,4,16,4,2026-06-08 00:00:00,34,45,Internal Medicine/PCP: No frequency,Unknown,Unknown,Likely Open – recent MMC visit,Test: add to next spine route,Not Started,"Score = referral 0 + specialty 4 + visit context 2 + reachability 2 + data 2. No deterministic referral-source match attributed to this company. Patient counts are distinct attributed B2B records, not confirmed kept visits."
588,200,10,Prospect,Wave 2,Visit / Prospect,Current / Maintain,Roger D Ajluni MD PC,a320a856-33fb-458b-8907-d98101fceb1b,"17920 Farmington Rd, Livonia, MI, 48152",PCP,Internal Medicine/PCP,Livonia,Coty,No attributed 2026 record,,0,0,0,0,,,,,,Moderate,Active Spine Target,Current Core Baseline,1,1,2,5,5,1,2026-06-19 00:00:00,30,45,Internal Medicine/PCP: No frequency,Unknown,Unknown,Likely Open – recent MMC visit,Keep: reinforce spine access,Not Started,"Score = referral 0 + specialty 4 + visit context 3 + reachability 1 + data 2. No deterministic referral-source match attributed to this company. Patient counts are distinct attributed B2B records, not confirmed kept visits."
589,201,10,Prospect,Wave 2,Visit / Prospect,Expansion / Test,"Ruffini DC PC, Richard J",1649460536,"24725 W 12 Mile Rd, Southfield, MI, 480341801",Chiropractor,Chiropractor,Southfield,Coty,No attributed 2026 record,,0,0,0,0,,,,,,Moderate,Active Spine Target,Outside Core Baseline,0,1,2,3,8,4,2026-05-28 00:00:00,49,45,Chiropractor: No frequency,Unknown,Unknown,Likely Open – recent MMC visit,Test: add to next spine route,Not Started,"Score = referral 0 + specialty 4 + visit context 2 + reachability 2 + data 2. No deterministic referral-source match attributed to this company. Patient counts are distinct attributed B2B records, not confirmed kept visits."
590,202,10,Prospect,Wave 2,Visit / Prospect,Current / Maintain,Shelbydale Medical Clinic PC,aa1947f7-3694-4014-9388-76b8e6da46b8,"49221 Van Dyke Ave, Shelby Township, MI, 48317",PCP,Internal Medicine/PCP,Other – Shelby Township,Coty,No attributed 2026 record,,0,0,0,0,,,,,,Strong,Active Spine Target,Current Core Baseline,1,2,3,5,5,1,2026-07-07 00:00:00,35.5,45,Internal Medicine/PCP: No frequency,Unknown,Unknown,Likely Open – recent MMC visit,Keep: reinforce spine access,Not Started,"Score = referral 0 + specialty 4 + visit context 3 + reachability 1 + data 2. No deterministic referral-source match attributed to this company. Patient counts are distinct attributed B2B records, not confirmed kept visits."
591,203,10,Prospect,Wave 2,Visit / Prospect,Expansion / Test,Shorepointe Family Physicians - St. Clair Shores,1154437416,"22646 East 9 Mile Road, Suite A, St Clair Shores, MI, 48080",PCP,Internal Medicine/PCP,Other – St Clair Shores,Coty,No attributed 2026 record,,0,0,0,0,,,,,,Strong,Active Spine Target,Outside Core Baseline,0,1,2,3,15,5,2026-06-04 00:00:00,32,45,Internal Medicine/PCP: No frequency,Unknown,Unknown,Likely Open – recent MMC visit,Test: add to next spine route,Not Started,"Score = referral 0 + specialty 4 + visit context 2 + reachability 2 + data 2. No deterministic referral-source match attributed to this company. Patient counts are distinct attributed B2B records, not confirmed kept visits."
592,204,10,Prospect,Wave 2,Visit / Prospect,Expansion / Test,Silver Pine Medical Group Chesterfield,43c9c4e0-b552-4969-99f6-413f7f3384a9,"31225 23 Mile Rd, New Baltimore, Michigan, 48047",PCP,Internal Medicine/PCP,Other – New Baltimore,Coty,No attributed 2026 record,,0,0,0,0,,,,,,Moderate,Active Spine Target,Outside Core Baseline,0,0,2,2,10,5,2026-05-19 00:00:00,12,45,Internal Medicine/PCP: No frequency,Unknown,Unknown,Likely Open – recent MMC visit,Test: add to next spine route,Not Started,"Score = referral 0 + specialty 4 + visit context 2 + reachability 2 + data 2. No deterministic referral-source match attributed to this company. Patient counts are distinct attributed B2B records, not confirmed kept visits."
593,205,10,Prospect,Wave 2,Visit / Prospect,Current / Maintain,Somerset Family Medicine - Troy,9b787ba7-f5be-4319-a44e-39cd77858998,"1615 W Big Beaver Rd ste a4, Troy, Michigan, 48084",PCP,Internal Medicine/PCP,Troy,Coty,No attributed 2026 record,,0,0,0,0,,,,,,Strong,Active Spine Target,Current Core Baseline,1,2,3,6,0,1,2026-07-01 00:00:00,28,45,Internal Medicine/PCP: No frequency,Unknown,Unknown,Likely Open – recent MMC visit,Keep: reinforce spine access,Not Started,"Score = referral 0 + specialty 4 + visit context 3 + reachability 1 + data 2. No deterministic referral-source match attributed to this company. Patient counts are distinct attributed B2B records, not confirmed kept visits."
594,206,10,Prospect,Wave 2,Visit / Prospect,Expansion / Test,St Clair Orthpaedics & Sports Medicine - Macomb,5d681a4d-3671-4501-b6d1-7f23b1177209,"22701 Hall Rd ste 100, Macomb, Michigan, 48042",Orthopedic,Orthopedic Surgery,Other – Macomb,Coty,No attributed 2026 record,,0,0,0,0,,,,,,Strong,Ortho Cross-Sell,Outside Core Baseline,0,0,1,2,12,16,2026-05-06 00:00:00,77,45,Orthopedic Surgery: No frequency,Unknown,Unknown,Likely Open – recent MMC visit,Test: add to next spine route,Not Started,"Score = referral 0 + specialty 5 + visit context 1 + reachability 2 + data 2. No deterministic referral-source match attributed to this company. Patient counts are distinct attributed B2B records, not confirmed kept visits."
595,207,10,Prospect,Wave 2,Visit / Prospect,Current / Maintain,Stamatin Internal Medicine,68a88cbc-7ff0-4330-89fa-1314674545a9,"2710 S Rochester Rd, Ste 4, Rochester Hills, Michigan, 48307",PCP,Internal Medicine/PCP,Other – Rochester Hills,Coty,No attributed 2026 record,,0,0,0,0,,,,,,Moderate,Active Spine Target,Current Core Baseline,1,2,2,5,5,1,2026-07-15 00:00:00,32,45,Internal Medicine/PCP: No frequency,Unknown,Unknown,Likely Open – recent MMC visit,Keep: reinforce spine access,Not Started,"Score = referral 0 + specialty 4 + visit context 3 + reachability 1 + data 2. No deterministic referral-source match attributed to this company. Patient counts are distinct attributed B2B records, not confirmed kept visits."
596,208,10,Prospect,Wave 2,Visit / Prospect,Current / Maintain,Stoney Creek Physicians,ff24dc89-5408-4c5d-aa4b-604b524a4b9c,"441 S Livernois Rd suite 280, Rochester Hills, Michigan, 48307",PCP,Internal Medicine/PCP,Other – Rochester Hills,Coty,No attributed 2026 record,,0,0,0,0,,,,,,Moderate,Active Spine Target,Current Core Baseline,1,1,2,5,5,1,2026-07-06 00:00:00,28.5,45,Internal Medicine/PCP: No frequency,Unknown,Unknown,Likely Open – recent MMC visit,Keep: reinforce spine access,Not Started,"Score = referral 0 + specialty 4 + visit context 3 + reachability 1 + data 2. No deterministic referral-source match attributed to this company. Patient counts are distinct attributed B2B records, not confirmed kept visits."
597,209,10,Prospect,Wave 2,Visit / Prospect,Expansion / Test,Trinity IHA Primary Care - Rochester Hills,9b6db0bd-31b4-4d7e-b351-e4ee78a4defa,"1854 West Auburn Road, Rochester Hills, Michigan, 48309",PCP,Internal Medicine/PCP,Other – Rochester Hills,Coty,No attributed 2026 record,,0,0,0,0,,,,,,Strong,Active Spine Target,Outside Core Baseline,0,1,2,2,12,6,2026-05-27 00:00:00,34,45,Internal Medicine/PCP: No frequency,Unknown,Unknown,Likely Open – recent MMC visit,Test: add to next spine route,Not Started,"Score = referral 0 + specialty 4 + visit context 2 + reachability 2 + data 2. No deterministic referral-source match attributed to this company. Patient counts are distinct attributed B2B records, not confirmed kept visits."
598,210,10,Prospect,Wave 2,Visit / Prospect,Expansion / Test,Washington Family Medicine,7cad9994-b92b-43ee-a2f4-b18218515b2d,"8180 26 Mile Rd suite 100, Shelby Township, Michigan, 48316",PCP,Internal Medicine/PCP,Other – Shelby Township,Coty,No attributed 2026 record,,0,0,0,0,,,,,,Strong,Active Spine Target,Outside Core Baseline,0,0,2,4,16,4,2026-05-07 00:00:00,21,45,Internal Medicine/PCP: No frequency,Unknown,Unknown,Likely Open – recent MMC visit,Test: add to next spine route,Not Started,"Score = referral 0 + specialty 4 + visit context 2 + reachability 2 + data 2. No deterministic referral-source match attributed to this company. Patient counts are distinct attributed B2B records, not confirmed kept visits."
599,211,10,Prospect,Wave 2,Visit / Prospect,Expansion / Test,WellHealth Medical Associates - Rochester,cdc030ac-8c72-4d65-bbbd-b42ea897452b,"1202 Walton Blvd. ste 212, Rochester, Michigan, 48307",PCP,Internal Medicine/PCP,Other – Rochester,Coty,No attributed 2026 record,,0,0,0,0,,,,,,Strong,Active Spine Target,Outside Core Baseline,0,1,2,4,16,4,2026-06-08 00:00:00,34,45,Internal Medicine/PCP: No frequency,Unknown,Unknown,Likely Open – recent MMC visit,Test: add to next spine route,Not Started,"Score = referral 0 + specialty 4 + visit context 2 + reachability 2 + data 2. No deterministic referral-source match attributed to this company. Patient counts are distinct attributed B2B records, not confirmed kept visits."
600,212,10,Prospect,Wave 2,Visit / Prospect,Current / Maintain,Your Physicians,6e9dda47-d440-4432-a96b-aaef04a18257,"441 S Livernois Rd suite 280, Rochester Hills, Michigan, 48307",PCP,Internal Medicine/PCP,Other – Rochester Hills,Coty,No attributed 2026 record,,0,0,0,0,,,,,,Strong,Active Spine Target,Current Core Baseline,1,1,1,4,12,3,2026-07-06 00:00:00,27,45,Internal Medicine/PCP: No frequency,Unknown,Unknown,Likely Open – recent MMC visit,Keep: reinforce spine access,Not Started,"Score = referral 0 + specialty 4 + visit context 2 + reachability 2 + data 2. No deterministic referral-source match attributed to this company. Patient counts are distinct attributed B2B records, not confirmed kept visits."
601,209,9,Prospect,Wave 2,Visit / Prospect,Reactivation,Adult Medicine & Pediatrics at East Ann Arbor Health and Geriatrics Center,0d9592a4-3759-4da3-82b0-9e26777daf52,"4260 Plymouth Rd, Ann Arbor, Michigan, 48105",Orthopedic,Spine,Other – Ann Arbor,Jasmine,No attributed 2026 record,,0,0,0,0,,,,,,Moderate,Spine-Labeled Target,Outside Core Baseline,0,0,0,2,14,7,2026-04-15 00:00:00,82,45,Spine: No frequency,Unknown,Unknown,Likely Open – recent MMC visit,Test: re-engage and qualify spine,Not Started,"Score = referral 0 + specialty 5 + visit context 0 + reachability 2 + data 2. No deterministic referral-source match attributed to this company. Patient counts are distinct attributed B2B records, not confirmed kept visits."
602,210,9,Prospect,Wave 2,Visit / Prospect,Expansion / Test,Advanced Primary Care,6101ca46-69b5-43a2-a4cd-74be14995963,"43050 Ford Road, suite 170, CANTON, Michigan, 48187",PCP,Internal Medicine/PCP,Other – CANTON,Jasmine,No attributed 2026 record,,0,0,0,0,,,,,,Moderate,Active Spine Target,Outside Core Baseline,0,1,1,3,6,2,2026-06-02 00:00:00,49,45,Internal Medicine/PCP: No frequency,Unknown,Unknown,Likely Open – recent MMC visit,Test: add to next spine route,Not Started,"Score = referral 0 + specialty 4 + visit context 1 + reachability 2 + data 2. No deterministic referral-source match attributed to this company. Patient counts are distinct attributed B2B records, not confirmed kept visits."
603,211,9,Prospect,Wave 2,Visit / Prospect,Expansion / Test,Alan Robertson MD,1972590420,"17200 E 10 Mile Rd, ste 130, Eastpointe, MI, 480212249",PCP,Internal Medicine/PCP,Other – Eastpointe,Jasmine,No attributed 2026 record,,0,0,0,0,,,,,,Weak,Active Spine Target,Outside Core Baseline,0,0,1,2,4,2,2026-05-12 00:00:00,54,45,Internal Medicine/PCP: No frequency,Unknown,Unknown,Likely Open – recent MMC visit,Test: add to next spine route,Not Started,"Score = referral 0 + specialty 4 + visit context 1 + reachability 2 + data 2. No deterministic referral-source match attributed to this company. Patient counts are distinct attributed B2B records, not confirmed kept visits."
604,212,9,Prospect,Wave 2,Visit / Prospect,Reactivation,AMC primary care,ce8a4622-f40a-42dd-8695-99a4e9ec7edc,"23850 Van Born Rd, Dearborn Heights, Michigan, 48125",PCP,Internal Medicine/PCP; PCP,Other – Dearborn Heights,Jasmine,No attributed 2026 record,,0,0,0,0,,,,,,Moderate,Active Spine Target,Outside Core Baseline,0,1,1,3,6,2,2026-06-17 00:00:00,73.5,45,Internal Medicine/PCP: No frequency;PCP: 4 days,Past due,Unknown,Likely Open – recent MMC visit,Increase: visit now; reset cadence,Not Started,"Score = referral 0 + specialty 4 + visit context 1 + reachability 2 + data 2. No deterministic referral-source match attributed to this company. Patient counts are distinct attributed B2B records, not confirmed kept visits."
605,213,9,Prospect,Wave 2,Visit / Prospect,Expansion / Test,AMC Primary Care,5f6f5020-da72-4c38-a18b-6e3548d5ce28,"13650 Michigan 85, Wyandotte, Michigan, 48192",PCP,Internal Medicine/PCP,Other – Wyandotte,Jasmine,No attributed 2026 record,,0,0,0,0,,,,,,Moderate,Active Spine Target,Outside Core Baseline,0,1,1,4,8,2,2026-06-08 00:00:00,34,45,Internal Medicine/PCP: No frequency,Unknown,Unknown,Likely Open – recent MMC visit,Test: add to next spine route,Not Started,"Score = referral 0 + specialty 4 + visit context 1 + reachability 2 + data 2. No deterministic referral-source match attributed to this company. Patient counts are distinct attributed B2B records, not confirmed kept visits."
606,214,9,Prospect,Wave 2,Visit / Prospect,Expansion / Test,"AMINI HEALTHCARE, PLLC",51be485c-bce1-4997-8e82-1463313f4617,"19727 Allen Rd, Ste 11, Brownstown Twp, Michigan, 48183",Orthopedic,Spine; Internal Medicine/PCP,Other – Brownstown Twp,Jasmine,No attributed 2026 record,,0,0,0,0,,,,,,Weak,Spine-Labeled Target,Outside Core Baseline,0,1,1,2,2,1,2026-05-29 00:00:00,123,45,Spine: No frequency;Internal Medicine/PCP: No frequency,Unknown,Unknown,Likely Open – recent MMC visit,Test: add to next spine route,Not Started,"Score = referral 0 + specialty 5 + visit context 1 + reachability 1 + data 2. No deterministic referral-source match attributed to this company. Patient counts are distinct attributed B2B records, not confirmed kept visits."
607,215,9,Prospect,Wave 2,Visit / Prospect,Current / Maintain,"ARASH KIARASH, MD, MEDICAL GROUP",00e2d343-2a6c-4378-900b-c886a064f8a9,"25500 GODDARD RD, TAYLOR, MI, 48180",PCP,Internal Medicine/PCP,Other – TAYLOR,Jasmine,No attributed 2026 record,,0,0,0,0,,,,,,Weak,Active Spine Target,Current Core Baseline,1,1,1,2,2,1,2026-06-29 00:00:00,104,45,Internal Medicine/PCP: No frequency,Unknown,Unknown,Likely Open – recent MMC visit,Keep: reinforce spine access,Not Started,"Score = referral 0 + specialty 4 + visit context 2 + reachability 1 + data 2. No deterministic referral-source match attributed to this company. Patient counts are distinct attributed B2B records, not confirmed kept visits."
608,216,9,Prospect,Wave 2,Visit / Prospect,Expansion / Test,ASSOCIATES IN INTERNAL MEDICINE SPECIALTIES,f66f38a6-852f-4f1e-bb01-77665ea9274f,"6255 Inkster Rd, Garden City, Michigan, 48135",PCP,Internal Medicine/PCP,Other – Garden City,Jasmine,No attributed 2026 record,,0,0,0,0,,,,,,Moderate,Active Spine Target,Outside Core Baseline,0,1,1,3,6,2,2026-06-15 00:00:00,66.5,45,Internal Medicine/PCP: No frequency,Unknown,Unknown,Likely Open – recent MMC visit,Test: add to next spine route,Not Started,"Score = referral 0 + specialty 4 + visit context 1 + reachability 2 + data 2. No deterministic referral-source match attributed to this company. Patient counts are distinct attributed B2B records, not confirmed kept visits."
609,217,9,Prospect,Wave 2,Visit / Prospect,Expansion / Test,ATI Ypsilanti Huron Rd,2dfe8906-751d-4f2b-a4e4-e40addc8ffa5,"1613 Huron Street, Ypsilanti, Michigan, 48197",PCP,Internal Medicine/PCP,Other – Ypsilanti,Jasmine,No attributed 2026 record,,0,0,0,0,,,,,,Strong,Active Spine Target,Outside Core Baseline,0,1,1,3,18,6,2026-06-08 00:00:00,78.5,45,Internal Medicine/PCP: No frequency,Unknown,Unknown,Likely Open – recent MMC visit,Test: add to next spine route,Not Started,"Score = referral 0 + specialty 4 + visit context 1 + reachability 2 + data 2. No deterministic referral-source match attributed to this company. Patient counts are distinct attributed B2B records, not confirmed kept visits."
610,218,9,Prospect,Wave 2,Visit / Prospect,Expansion / Test,Beatty Chiropractic,22f15cb0-741c-4de9-9b06-0c697d56588d,"8050 Grand River Ave, Brighton, Michigan, 48114",Chiropractor,Chiropractor,Other – Brighton,Jasmine,No attributed 2026 record,,0,0,0,0,,,,,,Moderate,Active Spine Target,Outside Core Baseline,0,1,1,3,6,2,2026-06-05 00:00:00,56.5,45,Chiropractor: No frequency,Unknown,Unknown,Likely Open – recent MMC visit,Test: add to next spine route,Not Started,"Score = referral 0 + specialty 4 + visit context 1 + reachability 2 + data 2. No deterministic referral-source match attributed to this company. Patient counts are distinct attributed B2B records, not confirmed kept visits."
611,219,9,Prospect,Wave 2,Visit / Prospect,Expansion / Test,BEAUMONT CHERRY HILL INTERNAL MEDICAL ASSOCIATES CANTON,da712fc9-9f3d-4a5e-ac23-794ae5307850,"2050 N HAGGERTY RD STE 100, CANTON, MI, 48187",PCP,Internal Medicine/PCP,Other – CANTON,Jasmine,No attributed 2026 record,,0,0,0,0,,,,,,Strong,Active Spine Target,Outside Core Baseline,0,1,1,4,13,4,2026-06-05 00:00:00,49,45,Internal Medicine/PCP: No frequency,Unknown,Unknown,Likely Open – recent MMC visit,Test: add to next spine route,Not Started,"Score = referral 0 + specialty 4 + visit context 1 + reachability 2 + data 2. No deterministic referral-source match attributed to this company. Patient counts are distinct attributed B2B records, not confirmed kept visits."
612,220,9,Prospect,Wave 2,Visit / Prospect,Expansion / Test,BEAUMONT HEALTH INTERNAL MEDICINE WYANDOTTE,bb8b1992-e217-4eb9-8c68-4c2173bcd341,"1700 Biddle Ave, Wyandotte, Michigan, 48192",PCP,Internal Medicine/PCP,Other – Wyandotte,Jasmine,No attributed 2026 record,,0,0,0,0,,,,,,Strong,Active Spine Target,Outside Core Baseline,0,1,1,4,36,9,2026-06-08 00:00:00,50,45,Internal Medicine/PCP: No frequency,Unknown,Unknown,Likely Open – recent MMC visit,Test: add to next spine route,Not Started,"Score = referral 0 + specialty 4 + visit context 1 + reachability 2 + data 2. No deterministic referral-source match attributed to this company. Patient counts are distinct attributed B2B records, not confirmed kept visits."
613,221,9,Prospect,Wave 2,Visit / Prospect,Current / Maintain,BEST MEDICAL CENTER,34c6f1a1-2ced-469c-a53e-e688da73712f,"25404 Goddard Road, Taylor, MI, 48180",PCP,Internal Medicine/PCP,Other – Taylor,Jasmine,No attributed 2026 record,,0,0,0,0,,,,,,Weak,Active Spine Target,Current Core Baseline,1,1,1,2,2,1,2026-06-29 00:00:00,104,45,Internal Medicine/PCP: No frequency,Unknown,Unknown,Likely Open – recent MMC visit,Keep: reinforce spine access,Not Started,"Score = referral 0 + specialty 4 + visit context 2 + reachability 1 + data 2. No deterministic referral-source match attributed to this company. Patient counts are distinct attributed B2B records, not confirmed kept visits."
614,222,9,Prospect,Wave 2,Visit / Prospect,Expansion / Test,Bingham Medical Center,b6360502-f09b-4a86-a894-4bf7c93c89d7,"13320 West Warren Avenue Ste A, Dearborn, Michigan, 48126",PCP,Internal Medicine/PCP,Other – Dearborn,Jasmine,No attributed 2026 record,,0,0,0,0,,,,,,Moderate,Active Spine Target,Outside Core Baseline,0,0,1,2,11,6,2026-05-06 00:00:00,69,45,Internal Medicine/PCP: No frequency,Unknown,Unknown,Likely Open – recent MMC visit,Test: add to next spine route,Not Started,"Score = referral 0 + specialty 4 + visit context 1 + reachability 2 + data 2. No deterministic referral-source match attributed to this company. Patient counts are distinct attributed B2B records, not confirmed kept visits."
615,223,9,Prospect,Wave 2,Visit / Prospect,Reactivation,"CHILD AND ADOLESCENT CENTER, PC",24d003db-fb8e-4e51-adb0-77b396eef5de,"15350 Trenton Road, Southgate, Michigan, 48195",Orthopedic,Ortho; Internal Medicine/PCP,Other – Southgate,Jasmine,No attributed 2026 record,,0,0,0,0,,,,,,Weak,Ortho Cross-Sell,Outside Core Baseline,0,0,0,0,0,5,2025-12-02 00:00:00,,45,Ortho: No frequency;Internal Medicine/PCP: No frequency,Unknown,Unknown,Verify before route,Test: re-engage and qualify spine,Not Started,"Score = referral 0 + specialty 5 + visit context 0 + reachability 2 + data 2. No deterministic referral-source match attributed to this company. Patient counts are distinct attributed B2B records, not confirmed kept visits."
616,224,9,Prospect,Wave 2,Visit / Prospect,Current / Maintain,Concentra Urgent Care - Southfield,b2d22607-bdd2-4f7e-a58d-316f80c17f40,"26185 Greenfield Rd, Southfield, Michigan, 48076",Urgent Care,Urgent care,Southfield,Jasmine,No attributed 2026 record,,0,0,0,0,,,,,,Weak,Active Spine Target,Current Core Baseline,1,1,1,3,2,1,2026-07-09 00:00:00,75,45,Urgent care: No frequency,Unknown,Unknown,Likely Open – recent MMC visit,Keep: reinforce spine access,Not Started,"Score = referral 0 + specialty 4 + visit context 2 + reachability 1 + data 2. No deterministic referral-source match attributed to this company. Patient counts are distinct attributed B2B records, not confirmed kept visits."
617,225,9,Prospect,Wave 2,Visit / Prospect,Expansion / Test,Concentra Urgent Care- Novi,c8be9bcd-087a-4081-93c4-84fb80a7d1d1,"42875 Grand River Ave, Novi, Michigan, 48375",Urgent Care,Urgent care,Other – Novi,Jasmine,No attributed 2026 record,,0,0,0,0,,,,,,Moderate,Active Spine Target,Outside Core Baseline,0,0,1,3,6,2,2026-05-05 00:00:00,58,45,Urgent care: No frequency,Unknown,Unknown,Likely Open – recent MMC visit,Test: add to next spine route,Not Started,"Score = referral 0 + specialty 4 + visit context 1 + reachability 2 + data 2. No deterministic referral-source match attributed to this company. Patient counts are distinct attributed B2B records, not confirmed kept visits."
618,226,9,Prospect,Wave 2,Visit / Prospect,Expansion / Test,Dearborn Family Doctors,9f05c66c-699d-4a43-9c7c-5d261dd9aaf8,"4726 Greenfield Rd, Dearborn, Michigan, 48126",PCP,Internal Medicine/PCP,Other – Dearborn,Jasmine,No attributed 2026 record,,0,0,0,0,,,,,,Weak,Active Spine Target,Outside Core Baseline,0,0,1,3,3,2,2026-05-20 00:00:00,49,45,Internal Medicine/PCP: No frequency,Unknown,Unknown,Likely Open – recent MMC visit,Test: add to next spine route,Not Started,"Score = referral 0 + specialty 4 + visit context 1 + reachability 2 + data 2. No deterministic referral-source match attributed to this company. Patient counts are distinct attributed B2B records, not confirmed kept visits."
619,227,9,Prospect,Wave 2,Visit / Prospect,Expansion / Test,"DEARBORN HEALTHCARE, PC",2ced9a88-b51d-4a54-a212-063491259282,"10066 Dix, Dearborn, Michigan, 48120",PCP,Internal Medicine/PCP,Other – Dearborn,Jasmine,No attributed 2026 record,,0,0,0,0,,,,,,Moderate,Active Spine Target,Outside Core Baseline,0,0,1,3,6,2,2026-05-20 00:00:00,59,45,Internal Medicine/PCP: No frequency,Unknown,Unknown,Likely Open – recent MMC visit,Test: add to next spine route,Not Started,"Score = referral 0 + specialty 4 + visit context 1 + reachability 2 + data 2. No deterministic referral-source match attributed to this company. Patient counts are distinct attributed B2B records, not confirmed kept visits."
620,228,9,Prospect,Wave 2,Visit / Prospect,Expansion / Test,DOWN RIVER MEDICAL GROUP,e88886fb-60ef-4d4e-8d44-578baf30fd25,"2300 Biddle Avenue, Wyandotte, Michigan, 48192",PCP,Internal Medicine/PCP,Other – Wyandotte,Jasmine,No attributed 2026 record,,0,0,0,0,,,,,,Strong,Active Spine Target,Outside Core Baseline,0,1,1,4,31,8,2026-06-08 00:00:00,50,45,Internal Medicine/PCP: No frequency,Unknown,Unknown,Likely Open – recent MMC visit,Test: add to next spine route,Not Started,"Score = referral 0 + specialty 4 + visit context 1 + reachability 2 + data 2. No deterministic referral-source match attributed to this company. Patient counts are distinct attributed B2B records, not confirmed kept visits."
621,229,9,Prospect,Wave 2,Visit / Prospect,Reactivation,"DOWNRIVER INTERNAL MEDICINE, PC",3dc9219b-6054-4041-8509-f443b1f44add,"14700 KING RD STE A, RIVERVIEW, MI, 48193",Orthopedic,Ortho; Internal Medicine/PCP,Other – RIVERVIEW,Jasmine,No attributed 2026 record,,0,0,0,0,,,,,,Weak,Ortho Cross-Sell,Outside Core Baseline,0,0,0,1,3,3,2026-01-12 00:00:00,,45,Ortho: No frequency;Internal Medicine/PCP: No frequency,Unknown,Unknown,Verify before route,Test: re-engage and qualify spine,Not Started,"Score = referral 0 + specialty 5 + visit context 0 + reachability 2 + data 2. No deterministic referral-source match attributed to this company. Patient counts are distinct attributed B2B records, not confirmed kept visits."
622,230,9,Prospect,Wave 2,Visit / Prospect,Expansion / Test,EASTPOINTE URGENT CARE,e46c966d-2122-4c15-9289-606148887327,"22471 GRATIOT AVE, EASTPOINTE, Michigan",Orthopedic,Urgent care; Ortho,Other – EASTPOINTE,Jasmine,No attributed 2026 record,,0,0,0,0,,,,,,Weak,Ortho Cross-Sell,Outside Core Baseline,0,0,1,4,4,1,2026-05-12 00:00:00,30,45,Urgent care: No frequency;Ortho: No frequency,Unknown,Unknown,Likely Open – recent MMC visit,Test: add to next spine route,Not Started,"Score = referral 0 + specialty 5 + visit context 1 + reachability 1 + data 2. No deterministic referral-source match attributed to this company. Patient counts are distinct attributed B2B records, not confirmed kept visits."
623,231,9,Prospect,Wave 2,Visit / Prospect,Expansion / Test,EPIC - Eastponte,df6c9c10-8955-4ae0-95a3-7f14af6366cc,"21501 Kelly Road, Eastpointe, Michigan, 48021",Urgent Care,Urgent Cares,Other – Eastpointe,Jasmine,No attributed 2026 record,,0,0,0,0,,,,,,Moderate,Active Spine Target,Outside Core Baseline,0,0,1,3,6,3,2026-05-01 00:00:00,46.5,45,Urgent Cares: No frequency,Unknown,Unknown,Likely Open – recent MMC visit,Test: add to next spine route,Not Started,"Score = referral 0 + specialty 4 + visit context 1 + reachability 2 + data 2. No deterministic referral-source match attributed to this company. Patient counts are distinct attributed B2B records, not confirmed kept visits."
624,232,9,Prospect,Wave 2,Visit / Prospect,Current / Maintain,Ethos Physical Therapy,afda3784-64a9-4997-bf11-96cff8e40ef6,"1250 Plymouth Oaks Boulevard, Plymouth, Michigan, 48170",PT,Physical Therapy,Other – Plymouth,Jasmine,No attributed 2026 record,,0,0,0,0,,,,,,Strong,Active Spine Target,Current Core Baseline,1,1,1,3,13,4,2026-07-13 00:00:00,72,45,Physical Therapy: No frequency,Unknown,Unknown,Likely Open – recent MMC visit,Keep: reinforce spine access,Not Started,"Score = referral 0 + specialty 3 + visit context 2 + reachability 2 + data 2. No deterministic referral-source match attributed to this company. Patient counts are distinct attributed B2B records, not confirmed kept visits."
625,233,9,Prospect,Wave 2,Visit / Prospect,Expansion / Test,Evolve Medical - Dearborn,4b035e24-272d-49e7-9bce-cd8929fbcb0a,"9925 Dix Ave, Dearborn, Michigan, 48120",PCP,Internal Medicine/PCP,Other – Dearborn,Jasmine,No attributed 2026 record,,0,0,0,0,,,,,,Moderate,Active Spine Target,Outside Core Baseline,0,1,2,4,4,1,2026-06-17 00:00:00,42,45,45 days; Internal Medicine/PCP: No frequency,Up to date,Unknown,Likely Open – recent MMC visit,Test: add to next spine route,Not Started,"Score = referral 0 + specialty 4 + visit context 2 + reachability 1 + data 2. No deterministic referral-source match attributed to this company. Patient counts are distinct attributed B2B records, not confirmed kept visits."
626,234,9,Prospect,Wave 2,Visit / Prospect,Reactivation,"FAMILY HEALTH, PC",84576296-8aed-482f-b425-73ec3d220d21,"19020 FORT ST, RIVERVIEW, MI, 48193",Orthopedic,Ortho; Internal Medicine/PCP,Other – RIVERVIEW,Jasmine,No attributed 2026 record,,0,0,0,0,,,,,,Weak,Ortho Cross-Sell,Outside Core Baseline,0,0,0,1,6,6,2026-01-12 00:00:00,,45,Ortho: No frequency;Internal Medicine/PCP: No frequency,Unknown,Unknown,Verify before route,Test: re-engage and qualify spine,Not Started,"Score = referral 0 + specialty 5 + visit context 0 + reachability 2 + data 2. No deterministic referral-source match attributed to this company. Patient counts are distinct attributed B2B records, not confirmed kept visits."
627,235,9,Prospect,Wave 2,Visit / Prospect,Expansion / Test,Fayda Zakaria MD Family Medicine,c86d4c75-6c14-46b0-aa13-6b4f929dad66,"1711 Monroe St, Dearborn, Michigan, 48124",PCP,Internal Medicine/PCP,Other – Dearborn,Jasmine,No attributed 2026 record,,0,0,0,0,,,,,,Weak,Active Spine Target,Outside Core Baseline,0,0,1,2,4,2,2026-05-06 00:00:00,69,45,Internal Medicine/PCP: No frequency,Unknown,Unknown,Likely Open – recent MMC visit,Test: add to next spine route,Not Started,"Score = referral 0 + specialty 4 + visit context 1 + reachability 2 + data 2. No deterministic referral-source match attributed to this company. Patient counts are distinct attributed B2B records, not confirmed kept visits."
628,236,9,Prospect,Wave 2,Visit / Prospect,Expansion / Test,Garden City urgent care/primary care,83e31e93-d44f-45e6-884d-0e69e15a6b31,"28511 Ford Road, Garden City, Michigan, 48135",Urgent Care,Urgent care,Other – Garden City,Jasmine,No attributed 2026 record,,0,0,0,0,,,,,,Moderate,Active Spine Target,Outside Core Baseline,0,0,1,3,6,2,2026-05-13 00:00:00,64,45,Urgent care: No frequency,Unknown,Unknown,Likely Open – recent MMC visit,Test: add to next spine route,Not Started,"Score = referral 0 + specialty 4 + visit context 1 + reachability 2 + data 2. No deterministic referral-source match attributed to this company. Patient counts are distinct attributed B2B records, not confirmed kept visits."
629,237,9,Prospect,Wave 2,Visit / Prospect,Current / Maintain,Gingell Chiropractic,b6ddaa21-a950-4bdc-bf4e-2fa4a1e3ea3e,"44670 Ann Arbor Road suite 100, Plymouth, Michigan, 48170",Chiropractor,Chiropractor,Other – Plymouth,Jasmine,No attributed 2026 record,,0,0,0,0,,,,,,Weak,Active Spine Target,Current Core Baseline,1,1,1,3,3,1,2026-07-13 00:00:00,72,45,Chiropractor: No frequency,Unknown,Unknown,Likely Open – recent MMC visit,Keep: reinforce spine access,Not Started,"Score = referral 0 + specialty 4 + visit context 2 + reachability 1 + data 2. No deterministic referral-source match attributed to this company. Patient counts are distinct attributed B2B records, not confirmed kept visits."
630,238,9,Prospect,Wave 2,Visit / Prospect,Expansion / Test,"GREENFIELD MEDICAL CENTER OF DEARBORN, PC",7e17dd91-d956-482b-a527-df4bc27f78c0,"5220 OAKMAN BLVD, DEARBORN, Michigan, 48126",Pain,Pain; Internal Medicine/PCP,Other – DEARBORN,Jasmine,No attributed 2026 record,,0,0,0,0,,,,,,Weak,Active Spine Target,Outside Core Baseline,0,0,1,3,3,1,2026-05-01 00:00:00,56,45,Pain: No frequency;Internal Medicine/PCP: No frequency,Unknown,Unknown,Likely Open – recent MMC visit,Test: add to next spine route,Not Started,"Score = referral 0 + specialty 5 + visit context 1 + reachability 1 + data 2. No deterministic referral-source match attributed to this company. Patient counts are distinct attributed B2B records, not confirmed kept visits."
631,239,9,Prospect,Wave 2,Visit / Prospect,Expansion / Test,Gretchen’s place,78f67c23-fe17-4b42-bdb5-acb7cfeea57d,"25 Owen Street, Belleville, Michigan, 48111",PCP,Internal Medicine/PCP,Other – Belleville,Jasmine,No attributed 2026 record,,0,0,0,0,,,,,,Moderate,Active Spine Target,Outside Core Baseline,0,1,1,3,9,3,2026-05-29 00:00:00,71.5,45,Internal Medicine/PCP: No frequency,Unknown,Unknown,Likely Open – recent MMC visit,Test: add to next spine route,Not Started,"Score = referral 0 + specialty 4 + visit context 1 + reachability 2 + data 2. No deterministic referral-source match attributed to this company. Patient counts are distinct attributed B2B records, not confirmed kept visits."
632,240,9,Prospect,Wave 2,Visit / Prospect,Expansion / Test,HEIGHTS FAMILY MEDICINE,dfe30c97-b799-437f-ad7d-2a2e7e8e23e1,"22350 FORD RD, DEARBORN HEIGHTS, MI, 48127",PCP,Internal Medicine/PCP,Other – DEARBORN HEIGHTS,Jasmine,No attributed 2026 record,,0,0,0,0,,,,,,Moderate,Active Spine Target,Outside Core Baseline,0,0,1,2,7,4,2026-05-06 00:00:00,105,45,Internal Medicine/PCP: No frequency,Unknown,Unknown,Likely Open – recent MMC visit,Test: add to next spine route,Not Started,"Score = referral 0 + specialty 4 + visit context 1 + reachability 2 + data 2. No deterministic referral-source match attributed to this company. Patient counts are distinct attributed B2B records, not confirmed kept visits."
633,241,9,Prospect,Wave 2,Visit / Prospect,Expansion / Test,HENRY FORD HEALTH,acaff0ce-7a7b-4911-a838-13246bcf618a,"23050 WEST RD STE 260, BROWNSTOWN, MI, 48183",PCP,Internal Medicine/PCP,Other – BROWNSTOWN,Jasmine,No attributed 2026 record,,0,0,0,0,,,,,,Moderate,Active Spine Target,Outside Core Baseline,0,1,1,2,6,3,2026-05-29 00:00:00,123,45,Internal Medicine/PCP: No frequency,Unknown,Unknown,Likely Open – recent MMC visit,Test: add to next spine route,Not Started,"Score = referral 0 + specialty 4 + visit context 1 + reachability 2 + data 2. No deterministic referral-source match attributed to this company. Patient counts are distinct attributed B2B records, not confirmed kept visits."
634,242,9,Prospect,Wave 2,Visit / Prospect,Expansion / Test,Hewitt Road Medical Center,b2aa2511-acc2-4cc1-a3b6-918eaa998e6e,"2236 Packard St, Ypsilanti, Michigan, 48197",PCP,Internal Medicine/PCP; Hematology - oncology,Other – Ypsilanti,Jasmine,No attributed 2026 record,,0,0,0,0,,,,,,Moderate,Active Spine Target,Outside Core Baseline,0,0,1,3,6,2,2026-05-18 00:00:00,68,45,Internal Medicine/PCP: No frequency;Hematology - oncology: No frequency,Unknown,Unknown,Likely Open – recent MMC visit,Test: add to next spine route,Not Started,"Score = referral 0 + specialty 4 + visit context 1 + reachability 2 + data 2. No deterministic referral-source match attributed to this company. Patient counts are distinct attributed B2B records, not confirmed kept visits."
635,243,9,Prospect,Wave 2,Visit / Prospect,Expansion / Test,icare urgent care,940d298e-5798-4b70-b005-21671cc2e86c,"23850 VAN BORN RD, DEARBORN HEIGHTS, MI, 48125",Urgent Care,Urgent care,Other – DEARBORN HEIGHTS,Jasmine,No attributed 2026 record,,0,0,0,0,,,,,,Strong,Active Spine Target,Outside Core Baseline,0,1,1,5,17,6,2026-06-11 00:00:00,34.5,45,Urgent care: No frequency,Unknown,Unknown,Likely Open – recent MMC visit,Test: add to next spine route,Not Started,"Score = referral 0 + specialty 4 + visit context 1 + reachability 2 + data 2. No deterministic referral-source match attributed to this company. Patient counts are distinct attributed B2B records, not confirmed kept visits."
636,244,9,Prospect,Wave 2,Visit / Prospect,Reactivation,IHA ARBOR PARK PRIMARY CARE,dd44661d-7987-4114-b7ad-d9099594baad,"4940 W Clark Rd, Ypsilanti, Michigan, 48197",Pain,Pain; Internal Medicine/PCP,Other – Ypsilanti,Jasmine,No attributed 2026 record,,0,0,0,0,,,,,,Moderate,Dormant Spine Opportunity,Outside Core Baseline,0,0,0,2,8,10,2026-03-09 00:00:00,66,45,Pain: No frequency;Internal Medicine/PCP: No frequency,Unknown,Unknown,Likely Open – recent MMC visit,Test: re-engage and qualify spine,Not Started,"Score = referral 0 + specialty 5 + visit context 0 + reachability 2 + data 2. No deterministic referral-source match attributed to this company. Patient counts are distinct attributed B2B records, not confirmed kept visits."
637,245,9,Prospect,Wave 2,Visit / Prospect,Expansion / Test,"IMMEDIATE CARE MEDICAL CENTER, PC",385dee98-3fbb-4b0d-b39e-a336562f26d0,"21000 MIDDLEBELT RD, FARMINGTON HILLS, Michigan",PCP,Internal Medicine/PCP,Other – FARMINGTON HILLS,Jasmine,No attributed 2026 record,,0,0,0,0,,,,,,Moderate,Active Spine Target,Outside Core Baseline,0,0,1,2,6,3,2026-05-11 00:00:00,88,45,Internal Medicine/PCP: No frequency,Unknown,Unknown,Likely Open – recent MMC visit,Test: add to next spine route,Not Started,"Score = referral 0 + specialty 4 + visit context 1 + reachability 2 + data 2. No deterministic referral-source match attributed to this company. Patient counts are distinct attributed B2B records, not confirmed kept visits."
638,246,9,Prospect,Wave 2,Visit / Prospect,Reactivation,Integrative Healthcare Providers,b71dbc77-c928-4d75-aa56-abeb679ce4f0,"2800 S State St, suite 215, Ann Arbor, Michigan, 48104",Pain,Pain; Internal Medicine/PCP,Other – Ann Arbor,Jasmine,No attributed 2026 record,,0,0,0,0,,,,,,Moderate,Dormant Spine Opportunity,Outside Core Baseline,0,0,0,2,11,7,2026-04-03 00:00:00,57,45,Pain: No frequency;Internal Medicine/PCP: No frequency,Unknown,Unknown,Likely Open – recent MMC visit,Test: re-engage and qualify spine,Not Started,"Score = referral 0 + specialty 5 + visit context 0 + reachability 2 + data 2. No deterministic referral-source match attributed to this company. Patient counts are distinct attributed B2B records, not confirmed kept visits."
639,247,9,Prospect,Wave 2,Visit / Prospect,Expansion / Test,King Medical Center,4f201b61-2c2d-4995-b82e-92f3bdaed2bb,"22990 KING RD, BROWNSTOWN, MI, 48183",PCP,Internal Medicine/PCP,Other – BROWNSTOWN,Jasmine,No attributed 2026 record,,0,0,0,0,,,,,,Weak,Active Spine Target,Outside Core Baseline,0,1,1,2,4,2,2026-05-29 00:00:00,123,45,Internal Medicine/PCP: No frequency,Unknown,Unknown,Likely Open – recent MMC visit,Test: add to next spine route,Not Started,"Score = referral 0 + specialty 4 + visit context 1 + reachability 2 + data 2. No deterministic referral-source match attributed to this company. Patient counts are distinct attributed B2B records, not confirmed kept visits."
640,248,9,Prospect,Wave 2,Visit / Prospect,Expansion / Test,Krasnick Regenerative Medicine,1497765077,"210 Little Lake Drive, Suite 8, Ann Arbor, MI, 48103",Pain,Pain Management,Other – Ann Arbor,Jasmine,No attributed 2026 record,,0,0,0,0,,,,,,Weak,Active Spine Target,Outside Core Baseline,0,1,1,3,3,1,2026-05-27 00:00:00,62,45,Pain Management: No frequency,Unknown,Unknown,Likely Open – recent MMC visit,Test: add to next spine route,Not Started,"Score = referral 0 + specialty 5 + visit context 1 + reachability 1 + data 2. No deterministic referral-source match attributed to this company. Patient counts are distinct attributed B2B records, not confirmed kept visits."
641,249,9,Prospect,Wave 2,Visit / Prospect,Reactivation,Kris Warszawski MD - MHP,7397c30d-fc05-4212-aa03-e8cf2d7efabe,"2011 MIDDLEBELT RD, GARDEN CITY, MI, 48135",PCP,Internal Medicine/PCP,Other – GARDEN CITY,Jasmine,No attributed 2026 record,,0,0,0,0,,,,,,Moderate,Active Spine Target,Outside Core Baseline,0,1,1,3,6,2,2026-06-15 00:00:00,80.5,45,30 days; Internal Medicine/PCP: No frequency,Past due,Unknown,Likely Open – recent MMC visit,Increase: visit now; reset cadence,Not Started,"Score = referral 0 + specialty 4 + visit context 1 + reachability 2 + data 2. No deterministic referral-source match attributed to this company. Patient counts are distinct attributed B2B records, not confirmed kept visits."
642,250,9,Prospect,Wave 2,Visit / Prospect,Expansion / Test,Mansour Mercy Medical Center,1902896608,"21321 Kelly Rd, ste 100, Eastpointe, Michigan, 48021",PCP,Internal Medicine/PCP,Other – Eastpointe,Jasmine,No attributed 2026 record,,0,0,0,0,,,,,,Strong,Active Spine Target,Outside Core Baseline,0,0,1,5,14,3,2026-05-01 00:00:00,29,45,Internal Medicine/PCP: No frequency,Unknown,Unknown,Likely Open – recent MMC visit,Test: add to next spine route,Not Started,"Score = referral 0 + specialty 4 + visit context 1 + reachability 2 + data 2. No deterministic referral-source match attributed to this company. Patient counts are distinct attributed B2B records, not confirmed kept visits."
643,251,9,Prospect,Wave 2,Visit / Prospect,Expansion / Test,MDVIP Ann Arbor,3e5b0f6f-1070-460a-8daf-23b4444f4243,"3820 Packard St, Ann Arbor, Michigan, 48108",PCP,Internal Medicine/PCP,Other – Ann Arbor,Jasmine,No attributed 2026 record,,0,0,0,0,,,,,,Moderate,Active Spine Target,Outside Core Baseline,0,1,2,5,5,1,2026-05-22 00:00:00,26,45,Internal Medicine/PCP: No frequency,Unknown,Unknown,Likely Open – recent MMC visit,Test: add to next spine route,Not Started,"Score = referral 0 + specialty 4 + visit context 2 + reachability 1 + data 2. No deterministic referral-source match attributed to this company. Patient counts are distinct attributed B2B records, not confirmed kept visits."
644,252,9,Prospect,Wave 2,Visit / Prospect,Expansion / Test,MDWell,dd8c9b24-ab9f-484e-af36-a2a96ed1e466,"1213 Mason St, Dearborn, Michigan, 48124",PCP,Internal Medicine/PCP,Other – Dearborn,Jasmine,No attributed 2026 record,,0,0,0,0,,,,,,Strong,Active Spine Target,Outside Core Baseline,0,0,1,3,12,4,2026-05-06 00:00:00,56.5,45,Internal Medicine/PCP: No frequency,Unknown,Unknown,Likely Open – recent MMC visit,Test: add to next spine route,Not Started,"Score = referral 0 + specialty 4 + visit context 1 + reachability 2 + data 2. No deterministic referral-source match attributed to this company. Patient counts are distinct attributed B2B records, not confirmed kept visits."
645,253,9,Prospect,Wave 2,Visit / Prospect,Expansion / Test,Medical Center Urgent Care,8934ce8f-6bb3-49e1-9d7e-1da3b417b80c,"30737 7 Mile, Livonia, Michigan, 48152",Urgent Care,Urgent care,Livonia,Jasmine,No attributed 2026 record,,0,0,0,0,,,,,,Moderate,Active Spine Target,Outside Core Baseline,0,1,2,4,4,1,2026-06-12 00:00:00,41,45,Urgent care: No frequency,Unknown,Unknown,Likely Open – recent MMC visit,Test: add to next spine route,Not Started,"Score = referral 0 + specialty 4 + visit context 2 + reachability 1 + data 2. No deterministic referral-source match attributed to this company. Patient counts are distinct attributed B2B records, not confirmed kept visits."
646,254,9,Prospect,Wave 2,Visit / Prospect,Expansion / Test,Meridian Rehab,c6b60636-41b7-4269-a81a-74ef98d29520,"2020 Middlebelt Road, Garden City, Michigan, 48135",PT,Physical Therapy,Other – Garden City,Jasmine,No attributed 2026 record,,0,0,0,0,,,,,,Moderate,Active Spine Target,Outside Core Baseline,0,1,2,3,6,2,2026-06-15 00:00:00,80.5,45,Physical Therapy: No frequency,Unknown,Unknown,Likely Open – recent MMC visit,Test: add to next spine route,Not Started,"Score = referral 0 + specialty 3 + visit context 2 + reachability 2 + data 2. No deterministic referral-source match attributed to this company. Patient counts are distinct attributed B2B records, not confirmed kept visits."
647,255,9,Prospect,Wave 2,Visit / Prospect,Reactivation,"METRO SHORES INTERNAL MEDICINE, PLLC",0cf65760-cfbd-4029-bb9f-dab45971f652,"13909 Pennsylvania Road, Suite B, Riverview, Michigan, 48193",Orthopedic,Ortho; Internal Medicine/PCP,Other – Riverview,Jasmine,No attributed 2026 record,,0,0,0,0,,,,,,Weak,Ortho Cross-Sell,Outside Core Baseline,0,0,0,1,2,2,2026-01-12 00:00:00,,45,Ortho: No frequency;Internal Medicine/PCP: No frequency,Unknown,Unknown,Verify before route,Test: re-engage and qualify spine,Not Started,"Score = referral 0 + specialty 5 + visit context 0 + reachability 2 + data 2. No deterministic referral-source match attributed to this company. Patient counts are distinct attributed B2B records, not confirmed kept visits."
648,256,9,Prospect,Wave 2,Visit / Prospect,Reactivation,MICHIGAN INTERVENTIONAL PAIN CENTER (this is an ASC),d1235093-a65c-465a-ace2-cffd3d4ad232,"24430 Ford Road, Dearborn Heights, Michigan, 48127",Orthopedic,Spine; Pain Management,Other – Dearborn Heights,Jasmine,No attributed 2026 record,,0,0,0,0,,,,,,Weak,Spine-Labeled Target,Outside Core Baseline,0,0,0,1,5,5,2026-01-26 00:00:00,,45,Spine: No frequency;Pain Management: No frequency,Unknown,Unknown,Likely Open – recent MMC visit,Test: re-engage and qualify spine,Not Started,"Score = referral 0 + specialty 5 + visit context 0 + reachability 2 + data 2. No deterministic referral-source match attributed to this company. Patient counts are distinct attributed B2B records, not confirmed kept visits."
649,257,9,Prospect,Wave 2,Visit / Prospect,Reactivation,MIND - Dearborn,949c5a93-1ee8-4f5b-8e67-0ddc90f811c0,"25150 Ford Road, Dearborn Heights, Michigan, 48127",Orthopedic,Spine; Pain; Neurology,Other – Dearborn Heights,Jasmine,No attributed 2026 record,,0,0,0,0,,,,,,Moderate,Spine-Labeled Target,Outside Core Baseline,0,0,0,2,8,4,2026-03-25 00:00:00,63,45,Spine: No frequency;Pain: No frequency;Neurology: No frequency,Unknown,Unknown,Likely Open – recent MMC visit,Test: re-engage and qualify spine,Not Started,"Score = referral 0 + specialty 5 + visit context 0 + reachability 2 + data 2. No deterministic referral-source match attributed to this company. Patient counts are distinct attributed B2B records, not confirmed kept visits."
650,258,9,Prospect,Wave 2,Visit / Prospect,Expansion / Test,MIND-Riverview,f3bc6e0f-edfc-423b-bf9d-2950236219e9,"14750 King Rd, Riverview, Michigan, 48193",Orthopedic,Spine; Pain; Neurology,Other – Riverview,Jasmine,No attributed 2026 record,,0,0,0,0,,,,,,Net New,Spine-Labeled Target,Outside Core Baseline,0,0,0,0,0,5,,,45,Spine: No frequency;Pain: No frequency;Neurology: No frequency,Unknown,Unknown,Verify before route,Test: add to next spine route,Not Started,"Score = referral 0 + specialty 5 + visit context 0 + reachability 2 + data 2. No deterministic referral-source match attributed to this company. Patient counts are distinct attributed B2B records, not confirmed kept visits."
651,259,9,Prospect,Wave 2,Visit / Prospect,Reactivation,MORSI PEDIATRICS,4e0ac17e-b678-4984-b1ba-e7825a2ed78e,"14600 King Road, Riverview, Michigan, 48193",Orthopedic,Ortho; Pediatrician,Other – Riverview,Jasmine,No attributed 2026 record,,0,0,0,0,,,,,,Weak,Ortho Cross-Sell,Outside Core Baseline,0,0,0,1,5,5,2026-01-12 00:00:00,,45,Ortho: No frequency;Pediatrician: No frequency,Unknown,Unknown,Verify before route,Test: re-engage and qualify spine,Not Started,"Score = referral 0 + specialty 5 + visit context 0 + reachability 2 + data 2. No deterministic referral-source match attributed to this company. Patient counts are distinct attributed B2B records, not confirmed kept visits."
652,260,9,Prospect,Wave 2,Visit / Prospect,Reactivation,"NASSER SUKHON, MD, PC",ea15df9a-9ba3-4096-82f0-78f0281ba185,"3055 Plymouth Road, Ann Arbor, Michigan, 48105",Orthopedic,Spine; Internal Medicine/PCP,Other – Ann Arbor,Jasmine,No attributed 2026 record,,0,0,0,0,,,,,,Weak,Spine-Labeled Target,Outside Core Baseline,0,0,0,1,1,2,2026-01-23 00:00:00,,45,Spine: No frequency;Internal Medicine/PCP: No frequency,Unknown,Unknown,Likely Open – recent MMC visit,Test: re-engage and qualify spine,Not Started,"Score = referral 0 + specialty 5 + visit context 0 + reachability 2 + data 2. No deterministic referral-source match attributed to this company. Patient counts are distinct attributed B2B records, not confirmed kept visits."
653,261,9,Prospect,Wave 2,Visit / Prospect,Current / Maintain,Oakland Rehabilitation Associates,07-983-0013,"25500 Meadowbrook Rd, Novi, MI, 48375-1878",PT,Physical Therapy,Other – Novi,Jasmine,No attributed 2026 record,,0,0,0,0,,,,,,Strong,Active Spine Target,Current Core Baseline,1,2,3,4,4,1,2026-07-15 00:00:00,41,45,Physical Therapy: No frequency,Unknown,Unknown,Likely Open – recent MMC visit,Keep: reinforce spine access,Not Started,"Score = referral 0 + specialty 3 + visit context 3 + reachability 1 + data 2. No deterministic referral-source match attributed to this company. Patient counts are distinct attributed B2B records, not confirmed kept visits."
654,262,9,Prospect,Wave 2,Visit / Prospect,Expansion / Test,Office of Douglas Hames MD,1457400954,"22850 Kelly Rd, ste 1, Eastpointe, MI, 48021",PCP,Internal Medicine/PCP,Other – Eastpointe,Jasmine,No attributed 2026 record,,0,0,0,0,,,,,,Moderate,Active Spine Target,Outside Core Baseline,0,0,1,3,6,2,2026-05-12 00:00:00,42.5,45,Internal Medicine/PCP: No frequency,Unknown,Unknown,Likely Open – recent MMC visit,Test: add to next spine route,Not Started,"Score = referral 0 + specialty 4 + visit context 1 + reachability 2 + data 2. No deterministic referral-source match attributed to this company. Patient counts are distinct attributed B2B records, not confirmed kept visits."
655,263,9,Prospect,Wave 2,Visit / Prospect,Expansion / Test,Ouillette Chiropractic,a872805b-8d3d-4cf3-8903-4909e19a73d2,"8082 Grand River Ave, Brighton, Michigan, 48114",Chiropractor,Chiropractor,Other – Brighton,Jasmine,No attributed 2026 record,,0,0,0,0,,,,,,Moderate,Active Spine Target,Outside Core Baseline,0,1,1,3,9,3,2026-06-05 00:00:00,56.5,45,Chiropractor: No frequency,Unknown,Unknown,Likely Open – recent MMC visit,Test: add to next spine route,Not Started,"Score = referral 0 + specialty 4 + visit context 1 + reachability 2 + data 2. No deterministic referral-source match attributed to this company. Patient counts are distinct attributed B2B records, not confirmed kept visits."
656,264,9,Prospect,Wave 2,Visit / Prospect,Reactivation,PARK PLACE FAMILY PRACTICE AND INTERNAL MEDICINE,f8f13fd9-1135-4385-b6ba-7542d202b63a,"12701 Telegraph Rd, ste 103, TAYLOR, Michigan, 48180",Pain,Pain; Internal Medicine/PCP,Other – TAYLOR,Jasmine,No attributed 2026 record,,0,0,0,0,,,,,,Weak,Dormant Spine Opportunity,Outside Core Baseline,0,0,0,1,4,4,2026-04-08 00:00:00,,45,Pain: No frequency;Internal Medicine/PCP: No frequency,Unknown,Unknown,Likely Open – recent MMC visit,Test: re-engage and qualify spine,Not Started,"Score = referral 0 + specialty 5 + visit context 0 + reachability 2 + data 2. No deterministic referral-source match attributed to this company. Patient counts are distinct attributed B2B records, not confirmed kept visits."
657,265,9,Prospect,Wave 2,Visit / Prospect,Expansion / Test,Partners in internal medicine,786ed37c-07e8-4c29-9917-ecab0fe8d600,"2200 Green Road, Ann Arbor, Michigan, 48105",PCP,Internal Medicine/PCP,Other – Ann Arbor,Jasmine,No attributed 2026 record,,0,0,0,0,,,,,,Strong,Active Spine Target,Outside Core Baseline,0,0,1,2,12,6,2026-05-08 00:00:00,73,45,Internal Medicine/PCP: No frequency,Unknown,Unknown,Likely Open – recent MMC visit,Test: add to next spine route,Not Started,"Score = referral 0 + specialty 4 + visit context 1 + reachability 2 + data 2. No deterministic referral-source match attributed to this company. Patient counts are distinct attributed B2B records, not confirmed kept visits."
658,266,9,Prospect,Wave 2,Visit / Prospect,Current / Maintain,PLYMOUTH CANTON FAMILY HEALTH,5898f9bd-82c2-4134-a022-d09661f4e923,"44633 JOY RD STE 100, CANTON, MI, 48187",PCP,Internal Medicine/PCP,Other – CANTON,Jasmine,No attributed 2026 record,,0,0,0,0,,,,,,Weak,Active Spine Target,Current Core Baseline,1,1,1,3,3,1,2026-07-02 00:00:00,71.5,45,Internal Medicine/PCP: No frequency,Unknown,Unknown,Likely Open – recent MMC visit,Keep: reinforce spine access,Not Started,"Score = referral 0 + specialty 4 + visit context 2 + reachability 1 + data 2. No deterministic referral-source match attributed to this company. Patient counts are distinct attributed B2B records, not confirmed kept visits."
659,267,9,Prospect,Wave 2,Visit / Prospect,Expansion / Test,Primary Care Center,814ed74d-d989-4209-bc8c-83f8248094b6,"3902 Monroe St, Dearborn Heights, Michigan, 48125",PCP,Internal Medicine/PCP,Other – Dearborn Heights,Jasmine,No attributed 2026 record,,0,0,0,0,,,,,,Strong,Active Spine Target,Outside Core Baseline,0,1,1,3,15,5,2026-06-17 00:00:00,73.5,45,Internal Medicine/PCP: No frequency,Unknown,Unknown,Likely Open – recent MMC visit,Test: add to next spine route,Not Started,"Score = referral 0 + specialty 4 + visit context 1 + reachability 2 + data 2. No deterministic referral-source match attributed to this company. Patient counts are distinct attributed B2B records, not confirmed kept visits."
660,268,9,Prospect,Wave 2,Visit / Prospect,Current / Maintain,"PROGRESSIVE HEALTH CARE, PC",8b50745f-923b-4436-a8d1-06d7cdd65930,"22021 ECORSE RD, TAYLOR, MI, 48180",PCP,Internal Medicine/PCP,Other – TAYLOR,Jasmine,No attributed 2026 record,,0,0,0,0,,,,,,Weak,Active Spine Target,Current Core Baseline,1,1,1,3,3,1,2026-06-29 00:00:00,58,45,Internal Medicine/PCP: No frequency,Unknown,Unknown,Likely Open – recent MMC visit,Keep: reinforce spine access,Not Started,"Score = referral 0 + specialty 4 + visit context 2 + reachability 1 + data 2. No deterministic referral-source match attributed to this company. Patient counts are distinct attributed B2B records, not confirmed kept visits."
661,269,9,Prospect,Wave 2,Visit / Prospect,Expansion / Test,RIVER OAKS PRIMARY CARE,24c56a2c-bfab-4953-87ec-5e21eb9410f3,"20211 ANN ARBOR TRL, DEARBORN HEIGHTS, MI, 48127",PCP,Internal Medicine/PCP,Other – DEARBORN HEIGHTS,Jasmine,No attributed 2026 record,,0,0,0,0,,,,,,Moderate,Active Spine Target,Outside Core Baseline,0,0,1,2,6,3,2026-05-06 00:00:00,84,45,Internal Medicine/PCP: No frequency,Unknown,Unknown,Likely Open – recent MMC visit,Test: add to next spine route,Not Started,"Score = referral 0 + specialty 4 + visit context 1 + reachability 2 + data 2. No deterministic referral-source match attributed to this company. Patient counts are distinct attributed B2B records, not confirmed kept visits."
662,270,9,Prospect,Wave 2,Visit / Prospect,Expansion / Test,"Sickels MD, Malcolm",1104928613,"210 Little Lake Dr, Ann Arbor, MI, 481036218",PCP,Internal Medicine/PCP,Other – Ann Arbor,Jasmine,No attributed 2026 record,,0,0,0,0,,,,,,Moderate,Active Spine Target,Outside Core Baseline,0,1,1,3,9,3,2026-05-27 00:00:00,62,45,Internal Medicine/PCP: No frequency,Unknown,Unknown,Likely Open – recent MMC visit,Test: add to next spine route,Not Started,"Score = referral 0 + specialty 4 + visit context 1 + reachability 2 + data 2. No deterministic referral-source match attributed to this company. Patient counts are distinct attributed B2B records, not confirmed kept visits."
663,271,9,Prospect,Wave 2,Visit / Prospect,Reactivation,SPECIALISTS IN SPINE SURGERY - Farmington Hills,df271027-cd7b-426d-a380-9f582e5304ba,"28080 GRAND RIVER AVE STE 208N, FARMINGTON HILLS, MI, 48336",Orthopedic,Orthopedic - PT,Other – FARMINGTON HILLS,Jasmine,No attributed 2026 record,,0,0,0,0,,,,,,Weak,Ortho Cross-Sell,Outside Core Baseline,0,0,0,1,2,2,2026-02-12 00:00:00,,45,Orthopedic - PT: No frequency,Unknown,Unknown,Likely Open – recent MMC visit,Test: re-engage and qualify spine,Not Started,"Score = referral 0 + specialty 5 + visit context 0 + reachability 2 + data 2. No deterministic referral-source match attributed to this company. Patient counts are distinct attributed B2B records, not confirmed kept visits."
664,272,9,Prospect,Wave 2,Visit / Prospect,Expansion / Test,STEINER HEALTH,b85b8dcd-305b-4649-b89f-98d6d21ef017,"1825 W STADIUM BLVD, ANN ARBOR, MI, 48103",PCP,Internal Medicine/PCP,Other – ANN ARBOR,Jasmine,No attributed 2026 record,,0,0,0,0,,,,,,Weak,Active Spine Target,Outside Core Baseline,0,0,1,2,4,2,2026-05-08 00:00:00,92,45,Internal Medicine/PCP: No frequency,Unknown,Unknown,Likely Open – recent MMC visit,Test: add to next spine route,Not Started,"Score = referral 0 + specialty 4 + visit context 1 + reachability 2 + data 2. No deterministic referral-source match attributed to this company. Patient counts are distinct attributed B2B records, not confirmed kept visits."
665,273,9,Prospect,Wave 2,Visit / Prospect,Expansion / Test,"SUNSTRUM MEDICAL ASSOCIATES, PC",9a393155-33e1-469d-b167-37156a4a3741,"1934 MONROE ST, DEARBORN, MI, 48124",PCP,Internal Medicine/PCP,Other – DEARBORN,Jasmine,No attributed 2026 record,,0,0,0,0,,,,,,Moderate,Active Spine Target,Outside Core Baseline,0,1,1,3,6,2,2026-06-01 00:00:00,65.5,45,Internal Medicine/PCP: No frequency,Unknown,Unknown,Likely Open – recent MMC visit,Test: add to next spine route,Not Started,"Score = referral 0 + specialty 4 + visit context 1 + reachability 2 + data 2. No deterministic referral-source match attributed to this company. Patient counts are distinct attributed B2B records, not confirmed kept visits."
666,274,9,Prospect,Wave 2,Visit / Prospect,Current / Maintain,"TAYLOR INTERNAL MEDICINE ASSOCIATES, PC",86a4b3e7-b92f-463a-99a6-18f31f98daad,"23300 ECORSE RD, TAYLOR, MI, 48180",PCP,Internal Medicine/PCP,Other – TAYLOR,Jasmine,No attributed 2026 record,,0,0,0,0,,,,,,Weak,Active Spine Target,Current Core Baseline,1,1,1,3,3,1,2026-06-29 00:00:00,58,45,Internal Medicine/PCP: No frequency,Unknown,Unknown,Likely Open – recent MMC visit,Keep: reinforce spine access,Not Started,"Score = referral 0 + specialty 4 + visit context 2 + reachability 1 + data 2. No deterministic referral-source match attributed to this company. Patient counts are distinct attributed B2B records, not confirmed kept visits."
667,275,9,Prospect,Wave 2,Visit / Prospect,Expansion / Test,Trinity Health - Emergency Medicine,a593a2a7-7132-4eb5-8a8f-67807158ca38,"36475 Five Mile Rd, Livonia, Michigan, 48154",PCP,Internal Medicine/PCP,Livonia,Jasmine,No attributed 2026 record,,0,0,0,0,,,,,,Moderate,Active Spine Target,Outside Core Baseline,0,1,2,4,4,1,2026-06-12 00:00:00,58,45,Internal Medicine/PCP: No frequency,Unknown,Unknown,Likely Open – recent MMC visit,Test: add to next spine route,Not Started,"Score = referral 0 + specialty 4 + visit context 2 + reachability 1 + data 2. No deterministic referral-source match attributed to this company. Patient counts are distinct attributed B2B records, not confirmed kept visits."
668,276,9,Prospect,Wave 2,Visit / Prospect,Expansion / Test,"Trinity Health IHA Medical Group, Hospital Medicine",5786e4a9-a5e1-4f0e-8e1a-c8f07c3acec4,"36475 5 MILE RD, LIVONIA, Michigan, 48154",PCP,Hospitalist; Internal Medicine/PCP,Livonia,Jasmine,No attributed 2026 record,,0,0,0,0,,,,,,Moderate,Active Spine Target,Outside Core Baseline,0,1,2,4,4,1,2026-06-12 00:00:00,38,45,45 days; Hospitalist: No frequency;Internal Medicine/PCP: No frequency,Up to date,Unknown,Likely Open – recent MMC visit,Test: add to next spine route,Not Started,"Score = referral 0 + specialty 4 + visit context 2 + reachability 1 + data 2. No deterministic referral-source match attributed to this company. Patient counts are distinct attributed B2B records, not confirmed kept visits."
669,277,9,Prospect,Wave 2,Visit / Prospect,Expansion / Test,Trinity Health Neighborhood Primary Care,ac45f6d9-dd01-44d1-bc46-d23d9a646a13,"111 N Huron St ste 200, Ypsilanti, Michigan, 48197",PCP,Internal Medicine/PCP,Other – Ypsilanti,Jasmine,No attributed 2026 record,,0,0,0,0,,,,,,Strong,Active Spine Target,Outside Core Baseline,0,1,1,3,21,7,2026-06-08 00:00:00,78.5,45,Internal Medicine/PCP: No frequency,Unknown,Unknown,Likely Open – recent MMC visit,Test: add to next spine route,Not Started,"Score = referral 0 + specialty 4 + visit context 1 + reachability 2 + data 2. No deterministic referral-source match attributed to this company. Patient counts are distinct attributed B2B records, not confirmed kept visits."
670,278,9,Prospect,Wave 2,Visit / Prospect,Expansion / Test,Trupti Patel,3973438b-a43c-4f5a-ab50-a4d96ed39952,"33200 Warren Rd, Westland, Michigan, 48185",PCP,Internal Medicine/PCP,Other – Westland,Jasmine,No attributed 2026 record,,0,0,0,0,,,,,,Moderate,Active Spine Target,Outside Core Baseline,0,1,2,3,2,1,2026-06-08 00:00:00,59,45,Internal Medicine/PCP: No frequency,Unknown,Unknown,Likely Open – recent MMC visit,Test: add to next spine route,Not Started,"Score = referral 0 + specialty 4 + visit context 2 + reachability 1 + data 2. No deterministic referral-source match attributed to this company. Patient counts are distinct attributed B2B records, not confirmed kept visits."
671,279,9,Prospect,Wave 2,Visit / Prospect,Expansion / Test,VAN BUREN URGENT CARE,8db196d1-c39b-42f6-8eb5-c38cd6f73bef,"11650 Belleville Road, Belleville, Michigan, 48111",Orthopedic,Urgent care; Ortho,Other – Belleville,Jasmine,No attributed 2026 record,,0,0,0,0,,,,,,Weak,Ortho Cross-Sell,Outside Core Baseline,0,1,1,3,3,1,2026-05-28 00:00:00,46.5,45,Urgent care: No frequency;Ortho: No frequency,Unknown,Unknown,Likely Open – recent MMC visit,Test: add to next spine route,Not Started,"Score = referral 0 + specialty 5 + visit context 1 + reachability 1 + data 2. No deterministic referral-source match attributed to this company. Patient counts are distinct attributed B2B records, not confirmed kept visits."
672,280,9,Prospect,Wave 2,Visit / Prospect,Current / Maintain,"Vladimir Klemptner MD,",1396739975,"1159 E Michigan Ave, Ypsilanti, MI, 481985807",PCP,Internal Medicine/PCP,Other – Ypsilanti,Jasmine,No attributed 2026 record,,0,0,0,0,,,,,,Weak,Active Spine Target,Current Core Baseline,1,1,1,3,3,1,2026-06-26 00:00:00,87.5,45,Internal Medicine/PCP: No frequency,Unknown,Unknown,Likely Open – recent MMC visit,Keep: reinforce spine access,Not Started,"Score = referral 0 + specialty 4 + visit context 2 + reachability 1 + data 2. No deterministic referral-source match attributed to this company. Patient counts are distinct attributed B2B records, not confirmed kept visits."
673,281,9,Prospect,Wave 2,Visit / Prospect,Expansion / Test,WARRENFIELD MEDICAL CENTER (Medicaid),26dc2847-2f28-4c34-9f35-f5478493d95d,"14716 W WARREN AVE, DEARBORN, Michigan, 48126",PCP,Internal Medicine/PCP,Other – DEARBORN,Jasmine,No attributed 2026 record,,0,0,0,0,,,,,,Strong,Active Spine Target,Outside Core Baseline,0,1,1,3,15,5,2026-06-01 00:00:00,59,45,Internal Medicine/PCP: No frequency,Unknown,Unknown,Likely Open – recent MMC visit,Test: add to next spine route,Not Started,"Score = referral 0 + specialty 4 + visit context 1 + reachability 2 + data 2. No deterministic referral-source match attributed to this company. Patient counts are distinct attributed B2B records, not confirmed kept visits."
674,282,9,Prospect,Wave 2,Visit / Prospect,Reactivation,WATCH US GROW PEDIATRICS,ec7d6518-5eb7-4fca-a6b1-325f004d1ea6,"2363 West Jefferson Avenue, Trenton, Michigan, 48183",Orthopedic,Ortho; Pediatrician,Other – Trenton,Jasmine,No attributed 2026 record,,0,0,0,0,,,,,,Moderate,Ortho Cross-Sell,Outside Core Baseline,0,0,0,2,10,5,2026-03-17 00:00:00,60,45,Ortho: No frequency;Pediatrician: No frequency,Unknown,Unknown,Likely Open – recent MMC visit,Test: re-engage and qualify spine,Not Started,"Score = referral 0 + specialty 5 + visit context 0 + reachability 2 + data 2. No deterministic referral-source match attributed to this company. Patient counts are distinct attributed B2B records, not confirmed kept visits."
675,283,9,Prospect,Wave 2,Visit / Prospect,Expansion / Test,Wayne state Internal Medicine,39af8a2b-3c99-4502-805c-10e5627efc9d,"4201 St Antoine, Detroit, Michigan, 48201",PCP,Internal Medicine/PCP,Other – Detroit,Jasmine,No attributed 2026 record,,0,0,0,0,,,,,,Strong,Active Spine Target,Outside Core Baseline,0,0,1,2,12,6,2026-04-29 00:00:00,105,45,Internal Medicine/PCP: No frequency,Unknown,Unknown,Likely Open – recent MMC visit,Test: add to next spine route,Not Started,"Score = referral 0 + specialty 4 + visit context 1 + reachability 2 + data 2. No deterministic referral-source match attributed to this company. Patient counts are distinct attributed B2B records, not confirmed kept visits."
676,284,9,Prospect,Wave 2,Visit / Prospect,Reactivation,WOODHAVEN PEDIATRICS,e35d1817-e4ef-431a-a979-74b7c8e2c0f0,"21700 Allen Road, Woodhaven, Michigan, 48183",Orthopedic,Ortho; Pediatrician,Other – Woodhaven,Jasmine,No attributed 2026 record,,0,0,0,0,,,,,,Moderate,Ortho Cross-Sell,Outside Core Baseline,0,0,0,1,6,6,2026-01-29 00:00:00,,45,Ortho: No frequency;Pediatrician: No frequency,Unknown,Unknown,Likely Open – recent MMC visit,Test: re-engage and qualify spine,Not Started,"Score = referral 0 + specialty 5 + visit context 0 + reachability 2 + data 2. No deterministic referral-source match attributed to this company. Patient counts are distinct attributed B2B records, not confirmed kept visits."
677,213,9,Prospect,Wave 2,Visit / Prospect,Reactivation,Advanced Orthopedic Specialists,1043279235,"2305 Genoa Business Park Dr, Unit 170, Brighton, Michigan, 48114",Orthopedic,Orthopedic Surgery; Physical Therapy,Other – Brighton,Coty,No attributed 2026 record,,0,0,0,0,,,,,,Weak,Ortho Cross-Sell,Outside Core Baseline,0,0,0,0,0,8,2025-03-31 00:00:00,,45,Orthopedic Surgery: No frequency;Physical Therapy: No frequency,Unknown,Unknown,Verify before route,Test: re-engage and qualify spine,Not Started,"Score = referral 0 + specialty 5 + visit context 0 + reachability 2 + data 2. No deterministic referral-source match attributed to this company. Patient counts are distinct attributed B2B records, not confirmed kept visits."
678,214,9,Prospect,Wave 2,Visit / Prospect,Expansion / Test,Alliance Washington Township,ff103539-b3cc-494b-9fec-e29f5fb4e469,"58024 Van Dyke, Washington, MI, 48094",PCP,Internal Medicine/PCP; Pediatrician,Other – Washington,Coty,No attributed 2026 record,,0,0,0,0,,,,,,Weak,Active Spine Target,Outside Core Baseline,0,0,1,1,2,2,2026-05-07 00:00:00,,45,Internal Medicine/PCP: No frequency;Pediatrician: No frequency,Unknown,Unknown,Likely Open – recent MMC visit,Test: add to next spine route,Not Started,"Score = referral 0 + specialty 4 + visit context 1 + reachability 2 + data 2. No deterministic referral-source match attributed to this company. Patient counts are distinct attributed B2B records, not confirmed kept visits."
679,215,9,Prospect,Wave 2,Visit / Prospect,Expansion / Test,AMG Oak Park Medical Center,1447235015,"15300 W 9 Mile Rd, ste 1, Oak Park, MI, 48237",PCP,Internal Medicine/PCP,Other – Oak Park,Coty,No attributed 2026 record,,0,0,0,0,,,,,,Moderate,Active Spine Target,Outside Core Baseline,0,1,1,3,6,2,2026-05-21 00:00:00,45.5,45,Internal Medicine/PCP: No frequency,Unknown,Unknown,Likely Open – recent MMC visit,Test: add to next spine route,Not Started,"Score = referral 0 + specialty 4 + visit context 1 + reachability 2 + data 2. No deterministic referral-source match attributed to this company. Patient counts are distinct attributed B2B records, not confirmed kept visits."
680,216,9,Prospect,Wave 2,Visit / Prospect,Expansion / Test,Amro Shata MD,ff141e2c-04dd-45c4-beb5-914790640293,"1380 Coolidge Highway, ste 100, Troy, Michigan, 48084",PCP,Coty; Internal Medicine/PCP,Troy,Coty,No attributed 2026 record,,0,0,0,0,,,,,,Moderate,Active Spine Target,Outside Core Baseline,0,1,2,2,2,1,2026-06-04 00:00:00,42,45,Coty: No frequency;Internal Medicine/PCP: No frequency,Unknown,Unknown,Likely Open – recent MMC visit,Test: add to next spine route,Not Started,"Score = referral 0 + specialty 4 + visit context 2 + reachability 1 + data 2. No deterministic referral-source match attributed to this company. Patient counts are distinct attributed B2B records, not confirmed kept visits."
681,217,9,Prospect,Wave 2,Visit / Prospect,Reactivation,Arora Hand Surgery - Warren,96920148-57be-4764-88fe-0131ee3733e7,"28295 Schoenherr Rd ste b, Warren, Michigan, 48088",Orthopedic,Orthopedic Surgery,Other – Warren,Coty,No attributed 2026 record,,0,0,0,0,,,,,,Weak,Ortho Cross-Sell,Outside Core Baseline,0,0,0,0,0,2,2025-03-06 00:00:00,,45,Orthopedic Surgery: No frequency,Unknown,Unknown,Verify before route,Test: re-engage and qualify spine,Not Started,"Score = referral 0 + specialty 5 + visit context 0 + reachability 2 + data 2. No deterministic referral-source match attributed to this company. Patient counts are distinct attributed B2B records, not confirmed kept visits."
682,218,9,Prospect,Wave 2,Visit / Prospect,Reactivation,Arthritis Physicians,d012f6c8-f44d-46a5-9f8e-b3b522de7d83,"1701 S Blvd, ste 110, Rochester Hills, Michigan, 48307",Pain,Pain; Rheumatologists,Other – Rochester Hills,Coty,No attributed 2026 record,,0,0,0,0,,,,,,Weak,Dormant Spine Opportunity,Outside Core Baseline,0,0,0,1,4,7,2026-03-04 00:00:00,,45,Pain: No frequency;Rheumatologists: No frequency,Unknown,Unknown,Likely Open – recent MMC visit,Test: re-engage and qualify spine,Not Started,"Score = referral 0 + specialty 5 + visit context 0 + reachability 2 + data 2. No deterministic referral-source match attributed to this company. Patient counts are distinct attributed B2B records, not confirmed kept visits."
683,219,9,Prospect,Wave 2,Visit / Prospect,Reactivation,Ascension Providence Partners in Womens Health,c796443f-9c0a-4e5d-9f5a-df76d3e311bc,"22250 Providence Dr ste 300, Southfield, Michigan, 48075",Pain,Pain; OB/GYN,Southfield,Coty,No attributed 2026 record,,0,0,0,0,,,,,,Weak,Dormant Spine Opportunity,Outside Core Baseline,0,0,0,0,0,4,2024-09-11 00:00:00,,45,Pain: No frequency;OB/GYN: No frequency,Unknown,Unknown,Verify before route,Test: re-engage and qualify spine,Not Started,"Score = referral 0 + specialty 5 + visit context 0 + reachability 2 + data 2. No deterministic referral-source match attributed to this company. Patient counts are distinct attributed B2B records, not confirmed kept visits."
684,220,9,Prospect,Wave 2,Visit / Prospect,Reactivation,Associates In Physical Medicine & Rehabilitation,0cb7fa62-086e-4ade-98e1-7e6fd0b8c26c,"5333 McAuley Dr ste 2009, Ypsilanti, Michigan, 48197",Orthopedic,Physiatry; Pain Management,Other – Ypsilanti,Coty,No attributed 2026 record,,0,0,0,0,,,,,,Weak,Ortho Cross-Sell,Outside Core Baseline,0,0,0,0,0,13,2024-01-02 00:00:00,,45,Physiatry: No frequency;Pain Management: No frequency,Unknown,Unknown,Verify before route,Test: re-engage and qualify spine,Not Started,"Score = referral 0 + specialty 5 + visit context 0 + reachability 2 + data 2. No deterministic referral-source match attributed to this company. Patient counts are distinct attributed B2B records, not confirmed kept visits."
685,221,9,Prospect,Wave 2,Visit / Prospect,Reactivation,Back & Pain Center (UofM) at Burlington Bldg,aaded854-5fe8-4282-b99d-3af289b977e0,"325 E Eisenhower Pkwy, Ann Arbor, Michigan, 48108",Pain,Pain Management,Other – Ann Arbor,Coty,No attributed 2026 record,,0,0,0,0,,,,,,Weak,Dormant Spine Opportunity,Outside Core Baseline,0,0,0,0,0,3,2025-08-27 00:00:00,,45,Pain Management: No frequency,Unknown,Unknown,Verify before route,Test: re-engage and qualify spine,Not Started,"Score = referral 0 + specialty 5 + visit context 0 + reachability 2 + data 2. No deterministic referral-source match attributed to this company. Patient counts are distinct attributed B2B records, not confirmed kept visits."
686,222,9,Prospect,Wave 2,Visit / Prospect,Expansion / Test,Balanced Living Chiropractic,9b89a7a8-da80-4dca-b2b1-c0ea3569c950,"441 S Livernois Rd, Rochester Hills, Michigan, 48307",Chiropractor,Chiropractor,Other – Rochester Hills,Coty,No attributed 2026 record,,0,0,0,0,,,,,,Moderate,Active Spine Target,Outside Core Baseline,0,0,2,3,3,1,2026-04-29 00:00:00,18,45,Chiropractor: No frequency,Unknown,Unknown,Likely Open – recent MMC visit,Test: add to next spine route,Not Started,"Score = referral 0 + specialty 4 + visit context 2 + reachability 1 + data 2. No deterministic referral-source match attributed to this company. Patient counts are distinct attributed B2B records, not confirmed kept visits."
687,223,9,Prospect,Wave 2,Visit / Prospect,Expansion / Test,Beaumont Neurosurgery,1609867985,"44199 Dequindre Rd, ste 520, Troy, MI, 48085",Orthopedic,Neurosurgery,Troy,Coty,No attributed 2026 record,,0,0,0,0,,,,,,Weak,Spine-Labeled Target,Outside Core Baseline,0,1,1,1,1,1,2026-06-10 00:00:00,,45,Neurosurgery: No frequency,Unknown,Unknown,Likely Open – recent MMC visit,Test: add to next spine route,Not Started,"Score = referral 0 + specialty 5 + visit context 1 + reachability 1 + data 2. No deterministic referral-source match attributed to this company. Patient counts are distinct attributed B2B records, not confirmed kept visits."
688,224,9,Prospect,Wave 2,Visit / Prospect,Reactivation,Beaumont Royal Oak - Physical Medicine & Rehabilitation,1619959566,"3601 W 13 Mile Rd, Royal Oak, MI, 480736710",Orthopedic,Physiatry,Other – Royal Oak,Coty,No attributed 2026 record,,0,0,0,0,,,,,,Weak,Ortho Cross-Sell,Outside Core Baseline,0,0,0,1,2,2,2026-02-26 00:00:00,,45,Physiatry: No frequency,Unknown,Unknown,Likely Open – recent MMC visit,Test: re-engage and qualify spine,Not Started,"Score = referral 0 + specialty 5 + visit context 0 + reachability 2 + data 2. No deterministic referral-source match attributed to this company. Patient counts are distinct attributed B2B records, not confirmed kept visits."
689,225,9,Prospect,Wave 2,Visit / Prospect,Expansion / Test,Berkley Medical Center,1023224664,"3345 Coolidge Hwy, Berkley, MI, 48072",Urgent Care,Internal Medicine/PCP; Urgent Cares,Other – Berkley,Coty,No attributed 2026 record,,0,0,0,0,,,,,,Moderate,Active Spine Target,Outside Core Baseline,0,2,2,4,4,1,2026-06-17 00:00:00,27,45,Internal Medicine/PCP: No frequency;Urgent Cares: No frequency,Unknown,Unknown,Likely Open – recent MMC visit,Test: add to next spine route,Not Started,"Score = referral 0 + specialty 4 + visit context 2 + reachability 1 + data 2. No deterministic referral-source match attributed to this company. Patient counts are distinct attributed B2B records, not confirmed kept visits."
690,226,9,Prospect,Wave 2,Visit / Prospect,Expansion / Test,Blanzy Corwell clinic Southgate,6e459635-80de-49eb-9451-991fd22dfb56,"14319 Dix Toledo Road, Southgate, Michigan, 48195",PCP,Internal Medicine/PCP,Other – Southgate,Coty,No attributed 2026 record,,0,0,0,0,,,,,,Moderate,Active Spine Target,Outside Core Baseline,0,1,1,2,6,6,2026-05-26 00:00:00,102,45,Internal Medicine/PCP: No frequency,Unknown,Unknown,Likely Open – recent MMC visit,Test: add to next spine route,Not Started,"Score = referral 0 + specialty 4 + visit context 1 + reachability 2 + data 2. No deterministic referral-source match attributed to this company. Patient counts are distinct attributed B2B records, not confirmed kept visits."
691,227,9,Prospect,Wave 2,Visit / Prospect,Current / Maintain,Blue Water Pain Specialists - Macomb,da7a2e70-7373-4808-9950-99c98f41d55e,"46591 Romeo Plank Rd ste 137, Macomb, Michigan, 48044",Orthopedic,Spine; Pain Management,Other – Macomb,Coty,No attributed 2026 record,,0,0,0,0,,,,,,Moderate,Spine-Labeled Target,Current Core Baseline,1,1,2,3,0,0,2026-07-10 00:00:00,43,45,Spine: No frequency;Pain Management: No frequency,Unknown,Unknown,Likely Open – recent MMC visit,Keep: reinforce spine access,Not Started,"Score = referral 0 + specialty 5 + visit context 3 + reachability 0 + data 1. No deterministic referral-source match attributed to this company. Patient counts are distinct attributed B2B records, not confirmed kept visits."
692,228,9,Prospect,Wave 2,Visit / Prospect,Reactivation,Blue Water Pain Specialists - St Clair Shores,80d59d4a-83b2-4eff-a6a5-58214e7bf1ba,"21000 Twelve Mile Road, ste 100, St. Clair Shores, Michigan, 48081",Pain,Pain Management,Other – St. Clair Shores,Coty,No attributed 2026 record,,0,0,0,0,,,,,,Moderate,Dormant Spine Opportunity,Outside Core Baseline,0,0,0,2,8,4,2026-02-20 00:00:00,35,45,Pain Management: No frequency,Unknown,Unknown,Likely Open – recent MMC visit,Test: re-engage and qualify spine,Not Started,"Score = referral 0 + specialty 5 + visit context 0 + reachability 2 + data 2. No deterministic referral-source match attributed to this company. Patient counts are distinct attributed B2B records, not confirmed kept visits."
693,229,9,Prospect,Wave 2,Visit / Prospect,Reactivation,Center for Orthopedic Surgery,860f31e0-1a7c-49eb-a6ce-f5a3914936ba,"21510 Harrington St suite 101, Clinton Township, Michigan, 48036",Orthopedic,Orthopedic Surgery,Other – Clinton Township,Coty,No attributed 2026 record,,0,0,0,0,,,,,,Moderate,Ortho Cross-Sell,Outside Core Baseline,0,0,0,2,6,3,2026-03-26 00:00:00,7,45,Orthopedic Surgery: No frequency,Unknown,Unknown,Likely Open – recent MMC visit,Test: re-engage and qualify spine,Not Started,"Score = referral 0 + specialty 5 + visit context 0 + reachability 2 + data 2. No deterministic referral-source match attributed to this company. Patient counts are distinct attributed B2B records, not confirmed kept visits."
694,230,9,Prospect,Wave 2,Visit / Prospect,Reactivation,Center For Physical Medicine & Rehabilitation - Warren,18-488-0404,"13850 E 12 Mile Rd, Warren, MI, 48088-3730",Orthopedic,Physiatry; Pain Management,Other – Warren,Coty,No attributed 2026 record,,0,0,0,0,,,,,,Weak,Ortho Cross-Sell,Outside Core Baseline,0,0,0,0,0,8,2025-05-22 00:00:00,,45,Physiatry: No frequency;Pain Management: No frequency,Unknown,Unknown,Verify before route,Test: re-engage and qualify spine,Not Started,"Score = referral 0 + specialty 5 + visit context 0 + reachability 2 + data 2. No deterministic referral-source match attributed to this company. Patient counts are distinct attributed B2B records, not confirmed kept visits."
695,231,9,Prospect,Wave 2,Visit / Prospect,Reactivation,Center for Preventative Medicine,1023116068,"20870 Mack Ave, Grosse Pointe, MI, 48236",Pain,Pain,Other – Grosse Pointe,Coty,No attributed 2026 record,,0,0,0,0,,,,,,Weak,Dormant Spine Opportunity,Outside Core Baseline,0,0,0,0,0,10,2025-01-14 00:00:00,,45,Pain: No frequency,Unknown,Unknown,Verify before route,Test: re-engage and qualify spine,Not Started,"Score = referral 0 + specialty 5 + visit context 0 + reachability 2 + data 2. No deterministic referral-source match attributed to this company. Patient counts are distinct attributed B2B records, not confirmed kept visits."
696,232,9,Prospect,Wave 2,Visit / Prospect,Reactivation,Chelsea Physical Medicine & Rehabilitation Specialists,42caeada-e3af-49fd-ab98-cc39cf1a5ffe,"14650 E Old  Hwy 12 ste 203, Chelsea, Michigan, 48118",Orthopedic,Physiatry,Other – Chelsea,Coty,No attributed 2026 record,,0,0,0,0,,,,,,Weak,Ortho Cross-Sell,Outside Core Baseline,0,0,0,0,0,4,2025-08-26 00:00:00,,45,Physiatry: No frequency,Unknown,Unknown,Verify before route,Test: re-engage and qualify spine,Not Started,"Score = referral 0 + specialty 5 + visit context 0 + reachability 2 + data 2. No deterministic referral-source match attributed to this company. Patient counts are distinct attributed B2B records, not confirmed kept visits."
697,233,9,Prospect,Wave 2,Visit / Prospect,Expansion / Test,Cheryl Lerchin MD Physical Medicine & Rehabilitation,fa76c755-e677-4007-b491-b3f43d925c89,"45710 Schoenherr Rd, Shelby Township, Michigan, 48315",Pain,Pain,Other – Shelby Township,Coty,No attributed 2026 record,,0,0,0,0,,,,,,Weak,Active Spine Target,Outside Core Baseline,0,1,1,3,3,1,2026-06-12 00:00:00,56,45,Pain: No frequency,Unknown,Unknown,Likely Open – recent MMC visit,Test: add to next spine route,Not Started,"Score = referral 0 + specialty 5 + visit context 1 + reachability 1 + data 2. No deterministic referral-source match attributed to this company. Patient counts are distinct attributed B2B records, not confirmed kept visits."
698,234,9,Prospect,Wave 2,Visit / Prospect,Expansion / Test,Clarkston Family Medicine,a34e03bd-5e1f-470d-9d27-0ae0f937dea0,"7250 Dixie Hwy suite 100, City of the Village of Clarkston, Michigan, 48346",PCP,Internal Medicine/PCP,Other – City of the Village of Clarkston,Coty,No attributed 2026 record,,0,0,0,0,,,,,,Weak,Active Spine Target,Outside Core Baseline,0,1,1,2,4,2,2026-06-08 00:00:00,98,45,Internal Medicine/PCP: No frequency,Unknown,Unknown,Likely Open – recent MMC visit,Test: add to next spine route,Not Started,"Score = referral 0 + specialty 4 + visit context 1 + reachability 2 + data 2. No deterministic referral-source match attributed to this company. Patient counts are distinct attributed B2B records, not confirmed kept visits."
699,235,9,Prospect,Wave 2,Visit / Prospect,Expansion / Test,Clarkston Internal Medicine,ee3a65be-8491-4075-a06b-3a17b7545316,"7188 N Main St, Clarkston, Michigan, 48346",PCP,Internal Medicine/PCP,Other – Clarkston,Coty,No attributed 2026 record,,0,0,0,0,,,,,,Strong,Active Spine Target,Outside Core Baseline,0,1,1,3,12,4,2026-06-08 00:00:00,49,45,Internal Medicine/PCP: No frequency,Unknown,Unknown,Likely Open – recent MMC visit,Test: add to next spine route,Not Started,"Score = referral 0 + specialty 4 + visit context 1 + reachability 2 + data 2. No deterministic referral-source match attributed to this company. Patient counts are distinct attributed B2B records, not confirmed kept visits."
700,236,9,Prospect,Wave 2,Visit / Prospect,Reactivation,Clarkston Medical Group - Oxford,d606572a-912c-4bad-b906-c9a8d0479eff,"834 s Lapeer rd, ste 100, OXFORD, Michigan, 48371",Pain,Pain,Other – OXFORD,Coty,No attributed 2026 record,,0,0,0,0,,,,,,Weak,Dormant Spine Opportunity,Outside Core Baseline,0,0,0,0,0,4,2025-04-10 00:00:00,,45,Pain: No frequency,Unknown,Unknown,Verify before route,Test: re-engage and qualify spine,Not Started,"Score = referral 0 + specialty 5 + visit context 0 + reachability 2 + data 2. No deterministic referral-source match attributed to this company. Patient counts are distinct attributed B2B records, not confirmed kept visits."
701,237,9,Prospect,Wave 2,Visit / Prospect,Reactivation,Clarkston Pain & Rehab,ce685188-7389-475f-adc2-61a7a28d1072,"6815 Dixie Hwy, City of the Village of Clarkston, Michigan, 48346",Orthopedic,Physiatry; Pain Management; Physical Therapy,Other – City of the Village of Clarkston,Coty,No attributed 2026 record,,0,0,0,0,,,,,,Weak,Ortho Cross-Sell,Outside Core Baseline,0,0,0,0,0,2,2025-01-30 00:00:00,,45,Physiatry: No frequency;Pain Management: No frequency;Physical Therapy: No frequency,Unknown,Unknown,Verify before route,Test: re-engage and qualify spine,Not Started,"Score = referral 0 + specialty 5 + visit context 0 + reachability 2 + data 2. No deterministic referral-source match attributed to this company. Patient counts are distinct attributed B2B records, not confirmed kept visits."
702,238,9,Prospect,Wave 2,Visit / Prospect,Reactivation,Core Institute - Brighton,e306805a-712e-4203-9077-c434875349fc,"8273 Grand River Ave ste 210, Brighton, Michigan, 48114",Orthopedic,Orthopedic Surgery,Other – Brighton,Coty,No attributed 2026 record,,0,0,0,0,,,,,,Moderate,Ortho Cross-Sell,Outside Core Baseline,0,0,0,2,6,5,2026-04-14 00:00:00,62,45,Orthopedic Surgery: No frequency,Unknown,Unknown,Likely Open – recent MMC visit,Test: re-engage and qualify spine,Not Started,"Score = referral 0 + specialty 5 + visit context 0 + reachability 2 + data 2. No deterministic referral-source match attributed to this company. Patient counts are distinct attributed B2B records, not confirmed kept visits."
703,239,9,Prospect,Wave 2,Visit / Prospect,Reactivation,Corewell Center for Pain Management,04479e76-ae4d-4d52-886f-d3d8ecc2072f,"1555 East South Boulevard, Rochester Hills, Michigan, 48307",Pain,Coty; Pain Management,Other – Rochester Hills,Coty,No attributed 2026 record,,0,0,0,0,,,,,,Weak,Dormant Spine Opportunity,Outside Core Baseline,0,0,0,0,0,9,2025-04-15 00:00:00,,45,Coty: No frequency;Pain Management: No frequency,Unknown,Unknown,Verify before route,Test: re-engage and qualify spine,Not Started,"Score = referral 0 + specialty 5 + visit context 0 + reachability 2 + data 2. No deterministic referral-source match attributed to this company. Patient counts are distinct attributed B2B records, not confirmed kept visits."
704,240,9,Prospect,Wave 2,Visit / Prospect,Expansion / Test,David S Hollett MD,172f7e80-1532-4f45-8c82-d3d09547c86d,"1500 Walton Blvd., Rochester Hills, Michigan, 48309",PCP,Internal Medicine/PCP,Other – Rochester Hills,Coty,No attributed 2026 record,,0,0,0,0,,,,,,Moderate,Active Spine Target,Outside Core Baseline,0,1,2,2,2,1,2026-05-27 00:00:00,34,45,Internal Medicine/PCP: No frequency,Unknown,Unknown,Likely Open – recent MMC visit,Test: add to next spine route,Not Started,"Score = referral 0 + specialty 4 + visit context 2 + reachability 1 + data 2. No deterministic referral-source match attributed to this company. Patient counts are distinct attributed B2B records, not confirmed kept visits."
705,241,9,Prospect,Wave 2,Visit / Prospect,Expansion / Test,Dennis G Kelly DO,1619909793,"27483 Dequindre Rd, Madison Heights, MI, 480713491",Orthopedic,Orthopedic Surgery,Other – Madison Heights,Coty,No attributed 2026 record,,0,0,0,0,,,,,,Weak,Ortho Cross-Sell,Outside Core Baseline,0,0,1,3,2,1,2026-05-01 00:00:00,29.5,45,Orthopedic Surgery: No frequency,Unknown,Unknown,Likely Open – recent MMC visit,Test: add to next spine route,Not Started,"Score = referral 0 + specialty 5 + visit context 1 + reachability 1 + data 2. No deterministic referral-source match attributed to this company. Patient counts are distinct attributed B2B records, not confirmed kept visits."
706,242,9,Prospect,Wave 2,Visit / Prospect,Reactivation,"DEVYANI KHAMBETE, MD, PC",c48a8a2e-4d60-4a18-8000-3f3dea9cf03a,"2561 ELIZABETH LAKE RD, WATERFORD, Michigan",Orthopedic,Ortho,Other – WATERFORD,Coty,No attributed 2026 record,,0,0,0,0,,,,,,Weak,Ortho Cross-Sell,Outside Core Baseline,0,0,0,0,0,4,2025-06-06 00:00:00,,45,Ortho: No frequency,Unknown,Unknown,Verify before route,Test: re-engage and qualify spine,Not Started,"Score = referral 0 + specialty 5 + visit context 0 + reachability 2 + data 2. No deterministic referral-source match attributed to this company. Patient counts are distinct attributed B2B records, not confirmed kept visits."
707,243,9,Prospect,Wave 2,Visit / Prospect,Expansion / Test,Dixie Highway Internal Medicine,24c37a8d-e3f3-4cd2-a704-ebb3e7739d4a,"5625 Water Tower Place suite 210, City of the Village of Clarkston, Michigan, 48346",PCP,Internal Medicine/PCP,Other – City of the Village of Clarkston,Coty,No attributed 2026 record,,0,0,0,0,,,,,,Weak,Active Spine Target,Outside Core Baseline,0,1,1,2,4,2,2026-06-08 00:00:00,98,45,Internal Medicine/PCP: No frequency,Unknown,Unknown,Likely Open – recent MMC visit,Test: add to next spine route,Not Started,"Score = referral 0 + specialty 4 + visit context 1 + reachability 2 + data 2. No deterministic referral-source match attributed to this company. Patient counts are distinct attributed B2B records, not confirmed kept visits."
708,244,9,Prospect,Wave 2,Visit / Prospect,Reactivation,Eastside Neurosurgery - Macomb,d361f230-715e-4c7e-87a9-bf50246f42f4,"17900 23 Mile Rd suite 303, Macomb, Michigan, 48044",Orthopedic,Neurosurgery,Other – Macomb,Coty,No attributed 2026 record,,0,0,0,0,,,,,,Moderate,Spine-Labeled Target,Outside Core Baseline,0,0,0,2,6,3,2026-04-15 00:00:00,47,45,Neurosurgery: No frequency,Unknown,Unknown,Likely Open – recent MMC visit,Test: re-engage and qualify spine,Not Started,"Score = referral 0 + specialty 5 + visit context 0 + reachability 2 + data 2. No deterministic referral-source match attributed to this company. Patient counts are distinct attributed B2B records, not confirmed kept visits."
709,245,9,Prospect,Wave 2,Visit / Prospect,Expansion / Test,"Edward A. Tashjian, MD - Clarkston",54898915-220c-4900-ba07-febdcdb005c0,"5701 Bow Pointe Dr suite 315, City of the Village of Clarkston, Michigan, 48346",Orthopedic,Physiatry,Other – City of the Village of Clarkston,Coty,No attributed 2026 record,,0,0,0,0,,,,,,Weak,Ortho Cross-Sell,Outside Core Baseline,0,1,1,3,3,1,2026-06-08 00:00:00,49,45,Physiatry: No frequency,Unknown,Unknown,Likely Open – recent MMC visit,Test: add to next spine route,Not Started,"Score = referral 0 + specialty 5 + visit context 1 + reachability 1 + data 2. No deterministic referral-source match attributed to this company. Patient counts are distinct attributed B2B records, not confirmed kept visits."
710,246,9,Prospect,Wave 2,Visit / Prospect,Reactivation,Enhance Center - Livonia,10-607-8064,"34020 7 Mile Rd Ste 101, Livonia, MI, 48152-3093",Orthopedic,Physiatry; Pain Management,Livonia,Coty,No attributed 2026 record,,0,0,0,0,,,,,,Weak,Ortho Cross-Sell,Outside Core Baseline,0,0,0,0,0,6,2025-03-17 00:00:00,,45,Physiatry: No frequency;Pain Management: No frequency,Unknown,Unknown,Verify before route,Test: re-engage and qualify spine,Not Started,"Score = referral 0 + specialty 5 + visit context 0 + reachability 2 + data 2. No deterministic referral-source match attributed to this company. Patient counts are distinct attributed B2B records, not confirmed kept visits."
711,247,9,Prospect,Wave 2,Visit / Prospect,Expansion / Test,Ernest Chiodo MD,f5b10e96-2444-4c72-b938-1004495c7ee3,"35770 HARPER AVE, CLINTON TOWNSHIP, MI, 48035",PCP,Internal Medicine/PCP,Other – CLINTON TOWNSHIP,Coty,No attributed 2026 record,,0,0,0,0,,,,,,Weak,Active Spine Target,Outside Core Baseline,0,1,1,1,2,2,2026-06-16 00:00:00,,45,Internal Medicine/PCP: No frequency,Unknown,Unknown,Likely Open – recent MMC visit,Test: add to next spine route,Not Started,"Score = referral 0 + specialty 4 + visit context 1 + reachability 2 + data 2. No deterministic referral-source match attributed to this company. Patient counts are distinct attributed B2B records, not confirmed kept visits."
712,248,9,Prospect,Wave 2,Visit / Prospect,Expansion / Test,Family Medicine & Wellness,1679671416,"1579 W Big Beaver Rd, ste B5, Troy, MI, 48084",PCP,Internal Medicine/PCP,Troy,Coty,No attributed 2026 record,,0,0,0,0,,,,,,Moderate,Active Spine Target,Outside Core Baseline,0,1,2,4,4,1,2026-06-03 00:00:00,29,45,Internal Medicine/PCP: No frequency,Unknown,Unknown,Likely Open – recent MMC visit,Test: add to next spine route,Not Started,"Score = referral 0 + specialty 4 + visit context 2 + reachability 1 + data 2. No deterministic referral-source match attributed to this company. Patient counts are distinct attributed B2B records, not confirmed kept visits."
713,249,9,Prospect,Wave 2,Visit / Prospect,Reactivation,Flint Children’s Center,1a331ee5-5b2d-4703-a28c-28bea6ff2711,"5205 Norko Drive, Flint, Michigan, 48507",Pain,Pain,Other – Flint,Coty,No attributed 2026 record,,0,0,0,0,,,,,,Weak,Dormant Spine Opportunity,Outside Core Baseline,0,0,0,0,0,4,2024-03-11 00:00:00,,45,Pain: No frequency,Unknown,Unknown,Verify before route,Test: re-engage and qualify spine,Not Started,"Score = referral 0 + specialty 5 + visit context 0 + reachability 2 + data 2. No deterministic referral-source match attributed to this company. Patient counts are distinct attributed B2B records, not confirmed kept visits."
714,250,9,Prospect,Wave 2,Visit / Prospect,Expansion / Test,"George Afram MD,",1356499800,"29275 Harper, St. Clair Shores, Michigan, 48081",PCP,Internal Medicine/PCP,Other – St. Clair Shores,Coty,No attributed 2026 record,,0,0,0,0,,,,,,Moderate,Active Spine Target,Outside Core Baseline,0,1,2,3,3,1,2026-06-04 00:00:00,32,45,Internal Medicine/PCP: No frequency,Unknown,Unknown,Likely Open – recent MMC visit,Test: add to next spine route,Not Started,"Score = referral 0 + specialty 4 + visit context 2 + reachability 1 + data 2. No deterministic referral-source match attributed to this company. Patient counts are distinct attributed B2B records, not confirmed kept visits."
715,251,9,Prospect,Wave 2,Visit / Prospect,Reactivation,Gilead Pain Care,7f81b39e-98cc-4f50-a8d8-daebc492d381,"39651 Garfield Road, Clinton Township, Michigan, 48038",Pain,Pain Management,Other – Clinton Township,Coty,No attributed 2026 record,,0,0,0,0,,,,,,Weak,Dormant Spine Opportunity,Outside Core Baseline,0,0,0,0,0,2,2025-08-13 00:00:00,,45,Pain Management: No frequency,Unknown,Unknown,Verify before route,Test: re-engage and qualify spine,Not Started,"Score = referral 0 + specialty 5 + visit context 0 + reachability 2 + data 2. No deterministic referral-source match attributed to this company. Patient counts are distinct attributed B2B records, not confirmed kept visits."
716,252,9,Prospect,Wave 2,Visit / Prospect,Expansion / Test,Great Lakes Medicine,a29bc662-1f09-48ea-a1f5-efe24cc01eeb,"50505 Schoenherr Rd # 340, Shelby Twp, MI, 48315",ER / Hospital,Hospitalist,Other – Shelby Twp,Coty,No attributed 2026 record,,0,0,0,0,,,,,,Strong,Active Spine Target,Outside Core Baseline,0,0,2,4,12,4,2026-05-20 00:00:00,23,45,Hospitalist: No frequency,Unknown,Unknown,Likely Open – recent MMC visit,Test: add to next spine route,Not Started,"Score = referral 0 + specialty 3 + visit context 2 + reachability 2 + data 2. No deterministic referral-source match attributed to this company. Patient counts are distinct attributed B2B records, not confirmed kept visits."
717,253,9,Prospect,Wave 2,Visit / Prospect,Reactivation,Greater Michigan Orthopedics,4b39f47f-6abb-45b1-8b68-a52d1217f9c1,"861 Health Park Boulevard, Grand Blanc Township, Michigan, 48439",Orthopedic,Orthopedic Surgery,Other – Grand Blanc Township,Coty,No attributed 2026 record,,0,0,0,0,,,,,,Weak,Ortho Cross-Sell,Outside Core Baseline,0,0,0,0,0,6,2025-05-05 00:00:00,,45,Orthopedic Surgery: No frequency,Unknown,Unknown,Verify before route,Test: re-engage and qualify spine,Not Started,"Score = referral 0 + specialty 5 + visit context 0 + reachability 2 + data 2. No deterministic referral-source match attributed to this company. Patient counts are distinct attributed B2B records, not confirmed kept visits."
718,254,9,Prospect,Wave 2,Visit / Prospect,Expansion / Test,Gregory Gould DO,1bdbcaac-c199-419d-b5a3-2b7eab4315d3,"60005 Campground Rd suite 600, Washington, Michigan, 48094",PCP,Internal Medicine/PCP,Other – Washington,Coty,No attributed 2026 record,,0,0,0,0,,,,,,Moderate,Active Spine Target,Outside Core Baseline,0,0,1,2,6,3,2026-05-07 00:00:00,71,45,Internal Medicine/PCP: No frequency,Unknown,Unknown,Likely Open – recent MMC visit,Test: add to next spine route,Not Started,"Score = referral 0 + specialty 4 + visit context 1 + reachability 2 + data 2. No deterministic referral-source match attributed to this company. Patient counts are distinct attributed B2B records, not confirmed kept visits."
719,255,9,Prospect,Wave 2,Visit / Prospect,Reactivation,HARTLAND PEDIATRICS,9e86ca6f-890b-4eaa-9974-d1f7c4f09a2c,"10850 HIGHLAND RD, HARTLAND, Michigan",Orthopedic,Ortho,Other – HARTLAND,Coty,No attributed 2026 record,,0,0,0,0,,,,,,Weak,Ortho Cross-Sell,Outside Core Baseline,0,0,0,0,0,3,2025-06-05 00:00:00,,45,Ortho: No frequency,Unknown,Unknown,Verify before route,Test: re-engage and qualify spine,Not Started,"Score = referral 0 + specialty 5 + visit context 0 + reachability 2 + data 2. No deterministic referral-source match attributed to this company. Patient counts are distinct attributed B2B records, not confirmed kept visits."
720,256,9,Prospect,Wave 2,Visit / Prospect,Expansion / Test,Health First Medical Center,c3b6301b-b3bc-474d-9ddd-d21fd2c40797,"12100 DIX TOLEDO RD, SOUTHGATE, MI, 48195",PCP,Internal Medicine/PCP,Other – SOUTHGATE,Coty,No attributed 2026 record,,0,0,0,0,,,,,,Strong,Active Spine Target,Outside Core Baseline,0,1,1,4,16,4,2026-05-26 00:00:00,35,45,Internal Medicine/PCP: No frequency,Unknown,Unknown,Likely Open – recent MMC visit,Test: add to next spine route,Not Started,"Score = referral 0 + specialty 4 + visit context 1 + reachability 2 + data 2. No deterministic referral-source match attributed to this company. Patient counts are distinct attributed B2B records, not confirmed kept visits."
721,257,9,Prospect,Wave 2,Visit / Prospect,Reactivation,Henry Ford Macomb Orthopedic Surgery - Washington,7e174398-087f-41d2-8f79-7c1a94c070e5,"12150 30 Mile Rd ste 105, Washington, Michigan, 48095",Orthopedic,Orthopedic Surgery,Other – Washington,Coty,No attributed 2026 record,,0,0,0,0,,,,,,Weak,Ortho Cross-Sell,Outside Core Baseline,0,0,0,0,0,4,2025-07-16 00:00:00,,45,Orthopedic Surgery: No frequency,Unknown,Unknown,Verify before route,Test: re-engage and qualify spine,Not Started,"Score = referral 0 + specialty 5 + visit context 0 + reachability 2 + data 2. No deterministic referral-source match attributed to this company. Patient counts are distinct attributed B2B records, not confirmed kept visits."
722,258,9,Prospect,Wave 2,Visit / Prospect,Reactivation,Henry Ford Macomb Orthopedics - Chesterfield,118d4718-8c24-42b0-ae12-a1975f146750,"30795 23 Mile Rd ste 209, Chesterfield, Michigan, 48047",Orthopedic,Orthopedic - PT; Orthopedic Surgery,Other – Chesterfield,Coty,No attributed 2026 record,,0,0,0,0,,,,,,Weak,Ortho Cross-Sell,Outside Core Baseline,0,0,0,0,0,11,2025-04-14 00:00:00,,45,Orthopedic - PT: No frequency;Orthopedic Surgery: No frequency,Unknown,Unknown,Verify before route,Test: re-engage and qualify spine,Not Started,"Score = referral 0 + specialty 5 + visit context 0 + reachability 2 + data 2. No deterministic referral-source match attributed to this company. Patient counts are distinct attributed B2B records, not confirmed kept visits."
723,259,9,Prospect,Wave 2,Visit / Prospect,Reactivation,IHA Ann Arbor Orthpaedic Specialists,6900d9f0-9d28-423a-98a4-281fb9ac13c1,"5320 Elliott Dr suite 301, Ypsilanti, Michigan, 48197",Orthopedic,Orthopedic - PT; Orthopedic Surgery,Other – Ypsilanti,Coty,No attributed 2026 record,,0,0,0,0,,,,,,Weak,Ortho Cross-Sell,Outside Core Baseline,0,0,0,0,0,9,2025-09-22 00:00:00,,45,Orthopedic - PT: No frequency;Orthopedic Surgery: No frequency,Unknown,Unknown,Verify before route,Test: re-engage and qualify spine,Not Started,"Score = referral 0 + specialty 5 + visit context 0 + reachability 2 + data 2. No deterministic referral-source match attributed to this company. Patient counts are distinct attributed B2B records, not confirmed kept visits."
724,260,9,Prospect,Wave 2,Visit / Prospect,Reactivation,IHA Hand Surgery - Brighton,aaaaf0e6-b931-49ae-be22-319368bfc366,"2305 GENOA BUSINESS PARK DR STE 120, BRIGHTON, MI, 48114",Orthopedic,Orthopedic - PT,Other – BRIGHTON,Coty,No attributed 2026 record,,0,0,0,0,,,,,,Weak,Ortho Cross-Sell,Outside Core Baseline,0,0,0,0,0,3,2025-05-02 00:00:00,,45,Orthopedic - PT: No frequency,Unknown,Unknown,Verify before route,Test: re-engage and qualify spine,Not Started,"Score = referral 0 + specialty 5 + visit context 0 + reachability 2 + data 2. No deterministic referral-source match attributed to this company. Patient counts are distinct attributed B2B records, not confirmed kept visits."
725,261,9,Prospect,Wave 2,Visit / Prospect,Expansion / Test,Independence Urgent Care,15d65642-ae9b-4744-8746-800525bb12a4,"7192 N Main St, Clarkston, Michigan, 48346",Urgent Care,Urgent Cares,Other – Clarkston,Coty,No attributed 2026 record,,0,0,0,0,,,,,,Moderate,Active Spine Target,Outside Core Baseline,0,1,1,3,6,2,2026-06-08 00:00:00,49,45,Urgent Cares: No frequency,Unknown,Unknown,Likely Open – recent MMC visit,Test: add to next spine route,Not Started,"Score = referral 0 + specialty 4 + visit context 1 + reachability 2 + data 2. No deterministic referral-source match attributed to this company. Patient counts are distinct attributed B2B records, not confirmed kept visits."
726,262,9,Prospect,Wave 2,Visit / Prospect,Expansion / Test,Jolly Neurological Clinic,b1af47a2-8b95-4560-97d6-d870e4474dac,"43996 Woodward Avenue, Bloomfield Township, Michigan, 48302",Pain,Pain,Other – Bloomfield Township,Coty,No attributed 2026 record,,0,0,0,0,,,,,,Weak,Active Spine Target,Outside Core Baseline,0,1,1,1,1,1,2026-06-05 00:00:00,,45,Pain: No frequency,Unknown,Unknown,Likely Open – recent MMC visit,Test: add to next spine route,Not Started,"Score = referral 0 + specialty 5 + visit context 1 + reachability 1 + data 2. No deterministic referral-source match attributed to this company. Patient counts are distinct attributed B2B records, not confirmed kept visits."
727,263,9,Prospect,Wave 2,Visit / Prospect,Reactivation,Kathleen Knapp DO,3d34eacd-6be7-4b51-b56f-b3b6602651c6,"1320 Byron Road, Howell, Michigan, 48843",Orthopedic,Ortho,Other – Howell,Coty,No attributed 2026 record,,0,0,0,0,,,,,,Weak,Ortho Cross-Sell,Outside Core Baseline,0,0,0,0,0,2,2025-04-25 00:00:00,,45,Ortho: No frequency,Unknown,Unknown,Verify before route,Test: re-engage and qualify spine,Not Started,"Score = referral 0 + specialty 5 + visit context 0 + reachability 2 + data 2. No deterministic referral-source match attributed to this company. Patient counts are distinct attributed B2B records, not confirmed kept visits."
728,264,9,Prospect,Wave 2,Visit / Prospect,Reactivation,Lederman Kwartowitz - Brighton,50a5e17a-f92c-45cc-8842-9b90f70cf283,"8550 W Grand River Ave ste 100, Brighton, Michigan, 48116",Orthopedic,Orthopedic Surgery,Other – Brighton,Coty,No attributed 2026 record,,0,0,0,0,,,,,,Weak,Ortho Cross-Sell,Outside Core Baseline,0,0,0,1,2,2,2026-02-11 00:00:00,,45,Orthopedic Surgery: No frequency,Unknown,Unknown,Likely Open – recent MMC visit,Test: re-engage and qualify spine,Not Started,"Score = referral 0 + specialty 5 + visit context 0 + reachability 2 + data 2. No deterministic referral-source match attributed to this company. Patient counts are distinct attributed B2B records, not confirmed kept visits."
729,265,9,Prospect,Wave 2,Visit / Prospect,Reactivation,LMT Rehabilitation Associates - Troy,7c9505b8-9a32-47d6-a489-6171ce848c9e,"4600 Investment Dr ste 180, Troy, Michigan, 48098",Orthopedic,Physiatry,Troy,Coty,No attributed 2026 record,,0,0,0,0,,,,,,Weak,Ortho Cross-Sell,Outside Core Baseline,0,0,0,0,0,5,2025-10-16 00:00:00,,45,Physiatry: No frequency,Unknown,Unknown,Verify before route,Test: re-engage and qualify spine,Not Started,"Score = referral 0 + specialty 5 + visit context 0 + reachability 2 + data 2. No deterministic referral-source match attributed to this company. Patient counts are distinct attributed B2B records, not confirmed kept visits."
730,266,9,Prospect,Wave 2,Visit / Prospect,Reactivation,McLaren Center for Spine & Pain Management,ff09ce61-5da4-4d5d-9ae6-7b9215731ce9,"21510 Harrington St suite 203, Clinton Township, Michigan, 48036",Pain,Pain Management,Other – Clinton Township,Coty,No attributed 2026 record,,0,0,0,0,,,,,,Weak,Dormant Spine Opportunity,Outside Core Baseline,0,0,0,1,0,2,2026-03-19 00:00:00,,45,Pain Management: No frequency,Unknown,Unknown,Likely Open – recent MMC visit,Test: re-engage and qualify spine,Not Started,"Score = referral 0 + specialty 5 + visit context 0 + reachability 2 + data 2. No deterministic referral-source match attributed to this company. Patient counts are distinct attributed B2B records, not confirmed kept visits."
731,267,9,Prospect,Wave 2,Visit / Prospect,Expansion / Test,McLaren Macomb Family First,4d131d76-2f91-472e-bf42-c1ae3f5f7622,"36500 Gratiot Ave #202, Clinton Township, Michigan, 48035",PCP,Internal Medicine/PCP,Other – Clinton Township,Coty,No attributed 2026 record,,0,0,0,0,,,,,,Strong,Active Spine Target,Outside Core Baseline,0,1,1,1,16,16,2026-06-16 00:00:00,,45,Internal Medicine/PCP: No frequency,Unknown,Unknown,Likely Open – recent MMC visit,Test: add to next spine route,Not Started,"Score = referral 0 + specialty 4 + visit context 1 + reachability 2 + data 2. No deterministic referral-source match attributed to this company. Patient counts are distinct attributed B2B records, not confirmed kept visits."
732,268,9,Prospect,Wave 2,Visit / Prospect,Expansion / Test,MDVIP Clarkston,525a54ac-f58c-4b57-8613-958fe3e2b9fa,"5701 Bow Pointe Drive, Clarkston, Michigan, 48346",PCP,Internal Medicine/PCP,Other – Clarkston,Coty,No attributed 2026 record,,0,0,0,0,,,,,,Weak,Active Spine Target,Outside Core Baseline,0,1,1,2,4,2,2026-06-08 00:00:00,49,45,Internal Medicine/PCP: No frequency,Unknown,Unknown,Likely Open – recent MMC visit,Test: add to next spine route,Not Started,"Score = referral 0 + specialty 4 + visit context 1 + reachability 2 + data 2. No deterministic referral-source match attributed to this company. Patient counts are distinct attributed B2B records, not confirmed kept visits."
733,269,9,Prospect,Wave 2,Visit / Prospect,Expansion / Test,MDWELL -CO,3358a741-9736-494f-b1fd-4bc0dbb4de9d,"33611 Warren Road, Westland, Michigan, 48185",PCP,Internal Medicine/PCP,Other – Westland,Coty,No attributed 2026 record,,0,0,0,0,,,,,,Strong,Active Spine Target,Outside Core Baseline,0,1,1,3,17,8,2026-05-29 00:00:00,50.5,45,Internal Medicine/PCP: No frequency,Unknown,Unknown,Likely Open – recent MMC visit,Test: add to next spine route,Not Started,"Score = referral 0 + specialty 4 + visit context 1 + reachability 2 + data 2. No deterministic referral-source match attributed to this company. Patient counts are distinct attributed B2B records, not confirmed kept visits."
734,270,9,Prospect,Wave 2,Visit / Prospect,Reactivation,MedSport - Ann Arbor Domino's Farms,19d50314-6b7d-4516-94cb-e3c191c3fde1,"4008 Avenue Maria Drive, Ann Arbor, Michigan, 48105",Orthopedic,Orthopedic - PT; Sports Medicine; Orthopedic Surgery; Physical Therapy,Other – Ann Arbor,Coty,No attributed 2026 record,,0,0,0,0,,,,,,Weak,Ortho Cross-Sell,Outside Core Baseline,0,0,0,0,0,2,2024-04-12 00:00:00,,45,Orthopedic - PT: No frequency;Sports Medicine: No frequency;Orthopedic Surgery: No frequency;Physical Therapy: No frequency,Unknown,Unknown,Verify before route,Test: re-engage and qualify spine,Not Started,"Score = referral 0 + specialty 5 + visit context 0 + reachability 2 + data 2. No deterministic referral-source match attributed to this company. Patient counts are distinct attributed B2B records, not confirmed kept visits."
735,271,9,Prospect,Wave 2,Visit / Prospect,Reactivation,Michigan Brain & Spine - Warren,c2e9f4c4-65ff-4730-abe0-7f210be0bf8f,"11900 Twelve Mile Rd ste 206, Warren, Michigan, 48093",Orthopedic,Neurosurgery; Pain Management,Other – Warren,Coty,No attributed 2026 record,,0,0,0,0,,,,,,Weak,Spine-Labeled Target,Outside Core Baseline,0,0,0,1,6,6,2026-01-15 00:00:00,,45,Neurosurgery: No frequency;Pain Management: No frequency,Unknown,Unknown,Verify before route,Test: re-engage and qualify spine,Not Started,"Score = referral 0 + specialty 5 + visit context 0 + reachability 2 + data 2. No deterministic referral-source match attributed to this company. Patient counts are distinct attributed B2B records, not confirmed kept visits."
736,272,9,Prospect,Wave 2,Visit / Prospect,Reactivation,Michigan Center For Regenerative Medicine,390949bb-260d-424c-a141-c134cab0ae6f,"355 Barclay, Rochester, Michigan, 48307",Pain,Pain Management,Other – Rochester,Coty,No attributed 2026 record,,0,0,0,0,,,,,,Weak,Dormant Spine Opportunity,Outside Core Baseline,0,0,0,0,0,7,2025-04-07 00:00:00,,45,Pain Management: No frequency,Unknown,Unknown,Verify before route,Test: re-engage and qualify spine,Not Started,"Score = referral 0 + specialty 5 + visit context 0 + reachability 2 + data 2. No deterministic referral-source match attributed to this company. Patient counts are distinct attributed B2B records, not confirmed kept visits."
737,273,9,Prospect,Wave 2,Visit / Prospect,Expansion / Test,Michigan Internal Medicine & Cardiology Associates,b81f18a9-01d3-4fd7-a6a3-ce068be637b7,"2191 South Blvd ste 101a, Auburn Hills, Michigan, 48326",PCP,Internal Medicine/PCP; Cardiology,Other – Auburn Hills,Coty,No attributed 2026 record,,0,0,0,0,,,,,,Weak,Active Spine Target,Outside Core Baseline,0,1,1,1,2,2,2026-06-05 00:00:00,,45,Internal Medicine/PCP: No frequency;Cardiology: No frequency,Unknown,Unknown,Likely Open – recent MMC visit,Test: add to next spine route,Not Started,"Score = referral 0 + specialty 4 + visit context 1 + reachability 2 + data 2. No deterministic referral-source match attributed to this company. Patient counts are distinct attributed B2B records, not confirmed kept visits."
738,274,9,Prospect,Wave 2,Visit / Prospect,Reactivation,Michigan Neurology Associates - Clinton Township,Ascension St. John Hospital�and�Beaumont Hospital-Dearborn,"34025 Harper, Clinton Township, MI, 48035",Pain,Neurology; Pain Management,Other – Clinton Township,Coty,No attributed 2026 record,,0,0,0,0,,,,,,Weak,Dormant Spine Opportunity,Outside Core Baseline,0,0,0,0,0,22,2025-04-03 00:00:00,,45,Neurology: No frequency;Pain Management: No frequency,Unknown,Unknown,Verify before route,Test: re-engage and qualify spine,Not Started,"Score = referral 0 + specialty 5 + visit context 0 + reachability 2 + data 2. No deterministic referral-source match attributed to this company. Patient counts are distinct attributed B2B records, not confirmed kept visits."
739,275,9,Prospect,Wave 2,Visit / Prospect,Reactivation,Michigan Pain Specialists,943e0e00-82f1-4d88-a3fd-2275bdc153b6,"135 South Prospect Street, Ypsilanti, Michigan, 48198",Pain,Pain Management,Other – Ypsilanti,Coty,No attributed 2026 record,,0,0,0,0,,,,,,Weak,Dormant Spine Opportunity,Outside Core Baseline,0,0,0,0,0,8,2023-04-03 00:00:00,,45,Pain Management: No frequency,Unknown,Unknown,Verify before route,Test: re-engage and qualify spine,Not Started,"Score = referral 0 + specialty 5 + visit context 0 + reachability 2 + data 2. No deterministic referral-source match attributed to this company. Patient counts are distinct attributed B2B records, not confirmed kept visits."
740,276,9,Prospect,Wave 2,Visit / Prospect,Reactivation,"MICHIGAN PAIN SPECIALISTS, PLLC",87bd0432-534b-4e48-b128-48f49cc39a94,"135 S PROSPECT ST, YPSILANTI, Michigan, MI 48198",Orthopedic,Spine,Other – YPSILANTI,Coty,No attributed 2026 record,,0,0,0,0,,,,,,Weak,Spine-Labeled Target,Outside Core Baseline,0,0,0,0,0,4,2025-09-22 00:00:00,,45,Spine: No frequency,Unknown,Unknown,Verify before route,Test: re-engage and qualify spine,Not Started,"Score = referral 0 + specialty 5 + visit context 0 + reachability 2 + data 2. No deterministic referral-source match attributed to this company. Patient counts are distinct attributed B2B records, not confirmed kept visits."
741,277,9,Prospect,Wave 2,Visit / Prospect,Reactivation,Mid-Michigan Pain Specialty,4dd7647d-ac5e-4f26-a696-b59cd2cfb219,"4466 W Bristol Rd 2nd floor, Flint, Michigan, 48507",Pain,Coty; Pain Management,Other – Flint,Coty,No attributed 2026 record,,0,0,0,0,,,,,,Weak,Dormant Spine Opportunity,Outside Core Baseline,0,0,0,0,0,2,2025-04-03 00:00:00,,45,Coty: No frequency;Pain Management: No frequency,Unknown,Unknown,Verify before route,Test: re-engage and qualify spine,Not Started,"Score = referral 0 + specialty 5 + visit context 0 + reachability 2 + data 2. No deterministic referral-source match attributed to this company. Patient counts are distinct attributed B2B records, not confirmed kept visits."
742,278,9,Prospect,Wave 2,Visit / Prospect,Current / Maintain,Motor City Ortho - Howell,08675f4f-7413-4eb3-9c68-0bb657acb583,"1225 South Latson Road, Howell, Michigan, 48843",Orthopedic,Orthopedic - PT,Other – Howell,Coty,No attributed 2026 record,,0,0,0,0,,,,,,Moderate,Ortho Cross-Sell,Current Core Baseline,1,1,2,4,0,0,2026-07-16 00:00:00,48,45,Orthopedic - PT: No frequency,Unknown,Unknown,Likely Open – recent MMC visit,Keep: reinforce spine access,Not Started,"Score = referral 0 + specialty 5 + visit context 3 + reachability 0 + data 1. No deterministic referral-source match attributed to this company. Patient counts are distinct attributed B2B records, not confirmed kept visits."
743,279,9,Prospect,Wave 2,Visit / Prospect,Reactivation,MSU SportsMEDICINE,844e3cfa-90dd-4405-b93e-8ec8a51a6b23,"4660 Hagadorn Rd, East Lansing, Michigan, 48823",Orthopedic,Sports Medicine,Other – East Lansing,Coty,No attributed 2026 record,,0,0,0,0,,,,,,Weak,Ortho Cross-Sell,Outside Core Baseline,0,0,0,0,0,11,2024-10-29 00:00:00,,45,Sports Medicine: No frequency,Unknown,Unknown,Verify before route,Test: re-engage and qualify spine,Not Started,"Score = referral 0 + specialty 5 + visit context 0 + reachability 2 + data 2. No deterministic referral-source match attributed to this company. Patient counts are distinct attributed B2B records, not confirmed kept visits."
744,280,9,Prospect,Wave 2,Visit / Prospect,Expansion / Test,Multi-Specialty Clinic,3e4366b5-b245-4073-9f53-025f25b5446f,"36500 Gratiot Ave suite 102, Clinton Township, Michigan, 48035",PCP,Internal Medicine/PCP,Other – Clinton Township,Coty,No attributed 2026 record,,0,0,0,0,,,,,,Weak,Active Spine Target,Outside Core Baseline,0,1,1,1,4,4,2026-06-16 00:00:00,,45,Internal Medicine/PCP: No frequency,Unknown,Unknown,Likely Open – recent MMC visit,Test: add to next spine route,Not Started,"Score = referral 0 + specialty 4 + visit context 1 + reachability 2 + data 2. No deterministic referral-source match attributed to this company. Patient counts are distinct attributed B2B records, not confirmed kept visits."
745,281,9,Prospect,Wave 2,Visit / Prospect,Current / Maintain,My Health Urgent Care (Ascension) - Howell,60644d75-2bd6-461f-8737-d149ab8c0ed3,"1225 S Latson Rd, Howell, Michigan, 48843",Urgent Care,Urgent Cares,Other – Howell,Coty,No attributed 2026 record,,0,0,0,0,,,,,,Weak,Active Spine Target,Current Core Baseline,1,1,1,3,3,1,2026-07-16 00:00:00,78,45,Urgent Cares: No frequency,Unknown,Unknown,Likely Open – recent MMC visit,Keep: reinforce spine access,Not Started,"Score = referral 0 + specialty 4 + visit context 2 + reachability 1 + data 2. No deterministic referral-source match attributed to this company. Patient counts are distinct attributed B2B records, not confirmed kept visits."
746,282,9,Prospect,Wave 2,Visit / Prospect,Current / Maintain,Niva Health,1244d3ff-0839-4759-af42-e22dd1c77549,"25500 Meadowbrook Road, Novi, Michigan, 48375",PCP,Coty; Internal Medicine/PCP,Other – Novi,Coty,No attributed 2026 record,,0,0,0,0,,,,,,Weak,Active Spine Target,Current Core Baseline,1,1,1,2,2,1,2026-06-22 00:00:00,69,45,Coty: No frequency;Internal Medicine/PCP: No frequency,Unknown,Unknown,Likely Open – recent MMC visit,Keep: reinforce spine access,Not Started,"Score = referral 0 + specialty 4 + visit context 2 + reachability 1 + data 2. No deterministic referral-source match attributed to this company. Patient counts are distinct attributed B2B records, not confirmed kept visits."
747,283,9,Prospect,Wave 2,Visit / Prospect,Current / Maintain,North Point Medical,17d9d453-263e-48c1-895b-73d68979325d,"9838 Dixie Hwy, Fair Haven, mi, 48023",PCP,Internal Medicine/PCP,Other – Fair Haven,Coty,No attributed 2026 record,,0,0,0,0,,,,,,Weak,Active Spine Target,Current Core Baseline,1,1,1,1,1,1,2026-06-30 00:00:00,,45,Internal Medicine/PCP: No frequency,Unknown,Unknown,Likely Open – recent MMC visit,Keep: reinforce spine access,Not Started,"Score = referral 0 + specialty 4 + visit context 2 + reachability 1 + data 2. No deterministic referral-source match attributed to this company. Patient counts are distinct attributed B2B records, not confirmed kept visits."
748,284,9,Prospect,Wave 2,Visit / Prospect,Expansion / Test,Novus Primary Care,feacb877-2f93-46f2-94a1-dd073278159f,"3211 Coolidge Hwy, Berkley, Michigan, 48072",PCP,Internal Medicine/PCP,Other – Berkley,Coty,No attributed 2026 record,,0,0,0,0,,,,,,Moderate,Active Spine Target,Outside Core Baseline,0,2,2,4,4,1,2026-06-17 00:00:00,27,45,Internal Medicine/PCP: No frequency,Unknown,Unknown,Likely Open – recent MMC visit,Test: add to next spine route,Not Started,"Score = referral 0 + specialty 4 + visit context 2 + reachability 1 + data 2. No deterministic referral-source match attributed to this company. Patient counts are distinct attributed B2B records, not confirmed kept visits."
749,285,9,Prospect,Wave 2,Visit / Prospect,Reactivation,Oakland Macomb Surgical Group,daf6238f-f813-4c2b-8e5a-1438806414dc,"1135 W University Dr ste 240, Rochester Hills, Michigan, 48307",Orthopedic,Orthopedic Surgery,Other – Rochester Hills,Coty,No attributed 2026 record,,0,0,0,0,,,,,,Weak,Ortho Cross-Sell,Outside Core Baseline,0,0,0,0,0,2,2025-02-04 00:00:00,,45,Orthopedic Surgery: No frequency,Unknown,Unknown,Verify before route,Test: re-engage and qualify spine,Not Started,"Score = referral 0 + specialty 5 + visit context 0 + reachability 2 + data 2. No deterministic referral-source match attributed to this company. Patient counts are distinct attributed B2B records, not confirmed kept visits."
750,286,9,Prospect,Wave 2,Visit / Prospect,Reactivation,Oakland Macomb Surgical Group - Madison Heights,32aae41b-03f7-4ba2-a919-c78cfed30f30,"27483 Dequindre Rd suite 301, Madison Heights, Michigan, 48071",Orthopedic,Orthopedic Surgery,Other – Madison Heights,Coty,No attributed 2026 record,,0,0,0,0,,,,,,Weak,Ortho Cross-Sell,Outside Core Baseline,0,0,0,0,0,2,2025-07-21 00:00:00,,45,Orthopedic Surgery: No frequency,Unknown,Unknown,Verify before route,Test: re-engage and qualify spine,Not Started,"Score = referral 0 + specialty 5 + visit context 0 + reachability 2 + data 2. No deterministic referral-source match attributed to this company. Patient counts are distinct attributed B2B records, not confirmed kept visits."
751,287,9,Prospect,Wave 2,Visit / Prospect,Reactivation,Oakland Orthopedics & Sports Medicine,00b31e6d-ea21-435e-8d30-b61cf217c22e,"6815 DIXIE HWY STE 1, CLARKSTON, MI, 48346",Orthopedic,Orthopedic - PT,Other – CLARKSTON,Coty,No attributed 2026 record,,0,0,0,0,,,,,,Weak,Ortho Cross-Sell,Outside Core Baseline,0,0,0,0,0,3,2025-07-30 00:00:00,,45,Orthopedic - PT: No frequency,Unknown,Unknown,Verify before route,Test: re-engage and qualify spine,Not Started,"Score = referral 0 + specialty 5 + visit context 0 + reachability 2 + data 2. No deterministic referral-source match attributed to this company. Patient counts are distinct attributed B2B records, not confirmed kept visits."
752,288,9,Prospect,Wave 2,Visit / Prospect,Expansion / Test,"Office of Sasenarine Persaud, MD",688d6dc6-9189-4fe3-8237-807c5059d797,"314 N Main St, Clawson, Michigan, 48017",PCP,Internal Medicine/PCP,Other – Clawson,Coty,No attributed 2026 record,,0,0,0,0,,,,,,Moderate,Active Spine Target,Outside Core Baseline,0,1,2,5,5,1,2026-06-10 00:00:00,27.5,45,Internal Medicine/PCP: No frequency,Unknown,Unknown,Likely Open – recent MMC visit,Test: add to next spine route,Not Started,"Score = referral 0 + specialty 4 + visit context 2 + reachability 1 + data 2. No deterministic referral-source match attributed to this company. Patient counts are distinct attributed B2B records, not confirmed kept visits."
753,289,9,Prospect,Wave 2,Visit / Prospect,Reactivation,Ortho Michigan - Flint,1235110537,"4466 W. Bristol Rd, Flint, MI, 48507",Orthopedic,Ortho,Other – Flint,Coty,No attributed 2026 record,,0,0,0,0,,,,,,Weak,Ortho Cross-Sell,Outside Core Baseline,0,0,0,0,0,5,2025-04-24 00:00:00,,45,Ortho: No frequency,Unknown,Unknown,Verify before route,Test: re-engage and qualify spine,Not Started,"Score = referral 0 + specialty 5 + visit context 0 + reachability 2 + data 2. No deterministic referral-source match attributed to this company. Patient counts are distinct attributed B2B records, not confirmed kept visits."
754,290,9,Prospect,Wave 2,Visit / Prospect,Reactivation,"Ortho surgery of shoulder, hip, & knee",04-087-8298,"4800 Highland Rd, Waterford, MI, 48328-1176",Orthopedic,Orthopedic - PT; Orthopedic Surgery,Other – Waterford,Coty,No attributed 2026 record,,0,0,0,0,,,,,,Weak,Ortho Cross-Sell,Outside Core Baseline,0,0,0,0,0,5,2025-10-28 00:00:00,,45,Orthopedic - PT: No frequency;Orthopedic Surgery: No frequency,Unknown,Unknown,Verify before route,Test: re-engage and qualify spine,Not Started,"Score = referral 0 + specialty 5 + visit context 0 + reachability 2 + data 2. No deterministic referral-source match attributed to this company. Patient counts are distinct attributed B2B records, not confirmed kept visits."
755,291,9,Prospect,Wave 2,Visit / Prospect,Reactivation,Orthopedic Specialists of Oakland County - Clarkston,b74f4846-fa64-4c4f-a6fe-d3ee8cef5312,"7650 Dixie Hwy, City of the Village of Clarkston, Michigan, 48346",Orthopedic,Orthopedic - PT; Orthopedic Surgery,Other – City of the Village of Clarkston,Coty,No attributed 2026 record,,0,0,0,0,,,,,,Weak,Ortho Cross-Sell,Outside Core Baseline,0,0,0,0,0,8,2024-04-03 00:00:00,,45,Orthopedic - PT: No frequency;Orthopedic Surgery: No frequency,Unknown,Unknown,Verify before route,Test: re-engage and qualify spine,Not Started,"Score = referral 0 + specialty 5 + visit context 0 + reachability 2 + data 2. No deterministic referral-source match attributed to this company. Patient counts are distinct attributed B2B records, not confirmed kept visits."
756,292,9,Prospect,Wave 2,Visit / Prospect,Expansion / Test,Partners in Family Medicine,66604f44-0a10-4e2a-8f1e-c4e00f0fb1dc,"6000 24 Mile Rd, Shelby Township, Michigan, 48316",PCP,Internal Medicine/PCP,Other – Shelby Township,Coty,No attributed 2026 record,,0,0,0,0,,,,,,Strong,Active Spine Target,Outside Core Baseline,0,0,1,3,12,4,2026-05-20 00:00:00,42,45,Internal Medicine/PCP: No frequency,Unknown,Unknown,Likely Open – recent MMC visit,Test: add to next spine route,Not Started,"Score = referral 0 + specialty 4 + visit context 1 + reachability 2 + data 2. No deterministic referral-source match attributed to this company. Patient counts are distinct attributed B2B records, not confirmed kept visits."
757,293,9,Prospect,Wave 2,Visit / Prospect,Expansion / Test,Phase Family Medicine,724c2230-0806-48f5-ac79-5255959b0a73,"89 West South Boulevard, Troy, Michigan, 48085",PCP,Internal Medicine/PCP,Troy,Coty,No attributed 2026 record,,0,0,0,0,,,,,,Moderate,Active Spine Target,Outside Core Baseline,0,2,2,2,2,1,2026-06-12 00:00:00,9,45,Internal Medicine/PCP: No frequency,Unknown,Unknown,Likely Open – recent MMC visit,Test: add to next spine route,Not Started,"Score = referral 0 + specialty 4 + visit context 2 + reachability 1 + data 2. No deterministic referral-source match attributed to this company. Patient counts are distinct attributed B2B records, not confirmed kept visits."
758,294,9,Prospect,Wave 2,Visit / Prospect,Reactivation,PINE TREE MEDICAL CENTER,e0f2c54e-06ee-4e34-863e-cb4675bd5c6e,"4186 PONTIAC LAKE RD, WATERFORD, Michigan",Orthopedic,Ortho,Other – WATERFORD,Coty,No attributed 2026 record,,0,0,0,0,,,,,,Weak,Ortho Cross-Sell,Outside Core Baseline,0,0,0,0,0,2,2025-06-06 00:00:00,,45,Ortho: No frequency,Unknown,Unknown,Verify before route,Test: re-engage and qualify spine,Not Started,"Score = referral 0 + specialty 5 + visit context 0 + reachability 2 + data 2. No deterministic referral-source match attributed to this company. Patient counts are distinct attributed B2B records, not confirmed kept visits."
759,295,9,Prospect,Wave 2,Visit / Prospect,Reactivation,Precision Interventional Radiology,e73e7e8b-2c72-479d-b015-c7ff5509f700,"32255 NORTHWESTERN HWY STE 135, FARMINGTON HILLS, Michigan, 48334",Orthopedic,Spine,Other – FARMINGTON HILLS,Coty,No attributed 2026 record,,0,0,0,0,,,,,,Weak,Spine-Labeled Target,Outside Core Baseline,0,0,0,1,4,4,2026-03-09 00:00:00,,45,Spine: No frequency,Unknown,Unknown,Likely Open – recent MMC visit,Test: re-engage and qualify spine,Not Started,"Score = referral 0 + specialty 5 + visit context 0 + reachability 2 + data 2. No deterministic referral-source match attributed to this company. Patient counts are distinct attributed B2B records, not confirmed kept visits."
760,296,9,Prospect,Wave 2,Visit / Prospect,Expansion / Test,Premier Family Medicine - Livingston,24e0dcd5-ef5f-4db1-af06-f9751bb1d6a8,"1225 S Latson Rd #340, Howell, Michigan, 48843",PCP,Internal Medicine/PCP,Other – Howell,Coty,No attributed 2026 record,,0,0,0,0,,,,,,Strong,Active Spine Target,Outside Core Baseline,0,0,1,3,12,4,2026-04-28 00:00:00,38.5,45,Internal Medicine/PCP: No frequency,Unknown,Unknown,Likely Open – recent MMC visit,Test: add to next spine route,Not Started,"Score = referral 0 + specialty 4 + visit context 1 + reachability 2 + data 2. No deterministic referral-source match attributed to this company. Patient counts are distinct attributed B2B records, not confirmed kept visits."
761,297,9,Prospect,Wave 2,Visit / Prospect,Reactivation,Premier Orthopedics & Sports Medicine,4659932c-d03e-4eaf-b084-f1c5c8002767,"25631 Little Mack Ave suite 102, St. Clair Shores, Michigan, 48081",Orthopedic,Sports Medicine; Orthopedic Surgery,Other – St. Clair Shores,Coty,No attributed 2026 record,,0,0,0,0,,,,,,Weak,Ortho Cross-Sell,Outside Core Baseline,0,0,0,0,0,3,2025-09-15 00:00:00,,45,Sports Medicine: No frequency;Orthopedic Surgery: No frequency,Unknown,Unknown,Verify before route,Test: re-engage and qualify spine,Not Started,"Score = referral 0 + specialty 5 + visit context 0 + reachability 2 + data 2. No deterministic referral-source match attributed to this company. Patient counts are distinct attributed B2B records, not confirmed kept visits."
762,298,9,Prospect,Wave 2,Visit / Prospect,Reactivation,Premier Surgical Specialists,47bcf8c4-c5dc-4d5a-9a9e-4bece6e01698,"1701 East South Boulevard, ste 270, Rochester Hills, Michigan, 48307",Pain,Pain,Other – Rochester Hills,Coty,No attributed 2026 record,,0,0,0,0,,,,,,Weak,Dormant Spine Opportunity,Outside Core Baseline,0,0,0,1,5,5,2026-02-23 00:00:00,,45,Pain: No frequency,Unknown,Unknown,Likely Open – recent MMC visit,Test: re-engage and qualify spine,Not Started,"Score = referral 0 + specialty 5 + visit context 0 + reachability 2 + data 2. No deterministic referral-source match attributed to this company. Patient counts are distinct attributed B2B records, not confirmed kept visits."
763,299,9,Prospect,Wave 2,Visit / Prospect,Current / Maintain,Primary Medical Services,30b11efd-3e51-4d39-aace-cfc33153c87d,"24503 John R RD, HAZEL PARK, MI, 48030",PCP,Internal Medicine/PCP,Other – HAZEL PARK,Coty,No attributed 2026 record,,0,0,0,0,,,,,,Weak,Active Spine Target,Current Core Baseline,1,1,1,2,2,1,2026-06-24 00:00:00,125,45,Internal Medicine/PCP: No frequency,Unknown,Unknown,Likely Open – recent MMC visit,Keep: reinforce spine access,Not Started,"Score = referral 0 + specialty 4 + visit context 2 + reachability 1 + data 2. No deterministic referral-source match attributed to this company. Patient counts are distinct attributed B2B records, not confirmed kept visits."
764,300,9,Prospect,Wave 2,Visit / Prospect,Expansion / Test,Pulmonary & Internal Medicine Specialists,2fc64685-2270-4f5f-827a-7788409cd5cd,"26699 West 12 Mile Road, Southfield, Michigan, 48034",PCP,Internal Medicine/PCP,Southfield,Coty,No attributed 2026 record,,0,0,0,0,,,,,,Strong,Active Spine Target,Outside Core Baseline,0,1,1,4,14,5,2026-05-28 00:00:00,39,45,Internal Medicine/PCP: No frequency,Unknown,Unknown,Likely Open – recent MMC visit,Test: add to next spine route,Not Started,"Score = referral 0 + specialty 4 + visit context 1 + reachability 2 + data 2. No deterministic referral-source match attributed to this company. Patient counts are distinct attributed B2B records, not confirmed kept visits."
765,301,9,Prospect,Wave 2,Visit / Prospect,Expansion / Test,"Raad Kasmikha MD,",1013980531,"1498 Walton Boulevard, Rochester Hills, Michigan, 48309",PCP,Internal Medicine/PCP,Other – Rochester Hills,Coty,No attributed 2026 record,,0,0,0,0,,,,,,Moderate,Active Spine Target,Outside Core Baseline,0,1,2,2,2,1,2026-05-27 00:00:00,34,45,Internal Medicine/PCP: No frequency,Unknown,Unknown,Likely Open – recent MMC visit,Test: add to next spine route,Not Started,"Score = referral 0 + specialty 4 + visit context 2 + reachability 1 + data 2. No deterministic referral-source match attributed to this company. Patient counts are distinct attributed B2B records, not confirmed kept visits."
766,302,9,Prospect,Wave 2,Visit / Prospect,Reactivation,Restorative Physical Medicine - Brighton,664225f4-387f-4458-bce4-0fe6ff18f13e,"8273 Grand River Ave ste 220, Brighton, Michigan, 48114",Orthopedic,Pain; Physiatry,Other – Brighton,Coty,No attributed 2026 record,,0,0,0,0,,,,,,Weak,Ortho Cross-Sell,Outside Core Baseline,0,0,0,0,0,9,2025-10-17 00:00:00,,45,Pain: No frequency;Physiatry: No frequency,Unknown,Unknown,Verify before route,Test: re-engage and qualify spine,Not Started,"Score = referral 0 + specialty 5 + visit context 0 + reachability 2 + data 2. No deterministic referral-source match attributed to this company. Patient counts are distinct attributed B2B records, not confirmed kept visits."
767,303,9,Prospect,Wave 2,Visit / Prospect,Reactivation,Restorative Physical Medicine - Novi,0e966842-32f3-40e8-91a7-4295b0ba0234,"42350 Grand River Ave, Novi, Michigan, 48375",Orthopedic,Pain; Manual Medicine; Physiatry,Other – Novi,Coty,No attributed 2026 record,,0,0,0,0,,,,,,Weak,Ortho Cross-Sell,Outside Core Baseline,0,0,0,0,0,4,2025-06-25 00:00:00,,45,Pain: No frequency;Manual Medicine: No frequency;Physiatry: No frequency,Unknown,Unknown,Verify before route,Test: re-engage and qualify spine,Not Started,"Score = referral 0 + specialty 5 + visit context 0 + reachability 2 + data 2. No deterministic referral-source match attributed to this company. Patient counts are distinct attributed B2B records, not confirmed kept visits."
768,304,9,Prospect,Wave 2,Visit / Prospect,Current / Maintain,Revolution Wellness,3bfd16c2-8d66-4fed-9ad2-cc715dfd2eb8,"51850 dequindre rd, Utica, Michigan, 48317",PCP,Internal Medicine/PCP,Other – Utica,Coty,No attributed 2026 record,,0,0,0,0,,,,,,Weak,Active Spine Target,Current Core Baseline,1,1,1,1,1,1,2026-06-23 00:00:00,,45,Internal Medicine/PCP: No frequency,Unknown,Unknown,Likely Open – recent MMC visit,Keep: reinforce spine access,Not Started,"Score = referral 0 + specialty 4 + visit context 2 + reachability 1 + data 2. No deterministic referral-source match attributed to this company. Patient counts are distinct attributed B2B records, not confirmed kept visits."
769,305,9,Prospect,Wave 2,Visit / Prospect,Current / Maintain,Rochester Family Medicine Center,4f2b2878-de83-4132-b6b0-114a9794b70f,"2710 S Rochester Rd, Rochester Hills, Michigan, 48307",PCP,Coty; Internal Medicine/PCP,Other – Rochester Hills,Coty,No attributed 2026 record,,0,0,0,0,,,,,,Weak,Active Spine Target,Current Core Baseline,1,1,1,4,4,1,2026-07-15 00:00:00,29,45,Coty: No frequency;Internal Medicine/PCP: No frequency,Unknown,Unknown,Likely Open – recent MMC visit,Keep: reinforce spine access,Not Started,"Score = referral 0 + specialty 4 + visit context 2 + reachability 1 + data 2. No deterministic referral-source match attributed to this company. Patient counts are distinct attributed B2B records, not confirmed kept visits."
770,306,9,Prospect,Wave 2,Visit / Prospect,Reactivation,Rochester Hills Orthopedics & Sports Medicine,1477658458,"1349 South Rochester Road, ste 205, Rochester Hills, Michigan, 48307",Orthopedic,Sports Medicine; Orthopedic Surgery,Other – Rochester Hills,Coty,No attributed 2026 record,,0,0,0,0,,,,,,Weak,Ortho Cross-Sell,Outside Core Baseline,0,0,0,0,0,2,2025-05-05 00:00:00,,45,Sports Medicine: No frequency;Orthopedic Surgery: No frequency,Unknown,Unknown,Verify before route,Test: re-engage and qualify spine,Not Started,"Score = referral 0 + specialty 5 + visit context 0 + reachability 2 + data 2. No deterministic referral-source match attributed to this company. Patient counts are distinct attributed B2B records, not confirmed kept visits."
771,307,9,Prospect,Wave 2,Visit / Prospect,Reactivation,Southeast Michigan Center for Orthopedics - Rochester Hlls,550845e3-e358-4aa5-badb-e90d93042d7c,"1701 E South Blvd ste 104, Rochester Hills, Michigan, 48307",Orthopedic,Orthopedic - PT; Orthopedic Surgery,Other – Rochester Hills,Coty,No attributed 2026 record,,0,0,0,0,,,,,,Weak,Ortho Cross-Sell,Outside Core Baseline,0,0,0,1,2,2,2026-02-23 00:00:00,,45,Orthopedic - PT: No frequency;Orthopedic Surgery: No frequency,Unknown,Unknown,Likely Open – recent MMC visit,Test: re-engage and qualify spine,Not Started,"Score = referral 0 + specialty 5 + visit context 0 + reachability 2 + data 2. No deterministic referral-source match attributed to this company. Patient counts are distinct attributed B2B records, not confirmed kept visits."
772,308,9,Prospect,Wave 2,Visit / Prospect,Reactivation,"SPINE SPECIALISTS OF MICHIGAN, PC",2b5bba73-5878-4fa6-b615-7b5106bbe4e0,"32270 TELEGRAPH RD STE 110, BINGHAM FARMS, MI, 48025",Orthopedic,Orthopedic - PT,Other – BINGHAM FARMS,Coty,No attributed 2026 record,,0,0,0,0,,,,,,Weak,Ortho Cross-Sell,Outside Core Baseline,0,0,0,0,0,5,2025-09-02 00:00:00,,45,Orthopedic - PT: No frequency,Unknown,Unknown,Verify before route,Test: re-engage and qualify spine,Not Started,"Score = referral 0 + specialty 5 + visit context 0 + reachability 2 + data 2. No deterministic referral-source match attributed to this company. Patient counts are distinct attributed B2B records, not confirmed kept visits."
773,309,9,Prospect,Wave 2,Visit / Prospect,Reactivation,Trinity Health IHA Orthopaedics - Chelsea,1033228903,"14650 E. Old US Hwy 12, Suite 104, Chelsea, MI, 48118",Orthopedic,Orthopedic Surgery,Other – Chelsea,Coty,No attributed 2026 record,,0,0,0,0,,,,,,Weak,Ortho Cross-Sell,Outside Core Baseline,0,0,0,0,0,9,2025-08-26 00:00:00,,45,Orthopedic Surgery: No frequency,Unknown,Unknown,Verify before route,Test: re-engage and qualify spine,Not Started,"Score = referral 0 + specialty 5 + visit context 0 + reachability 2 + data 2. No deterministic referral-source match attributed to this company. Patient counts are distinct attributed B2B records, not confirmed kept visits."
774,310,9,Prospect,Wave 2,Visit / Prospect,Reactivation,Trinity IHA Hand Surgery - Ypsilanti,b6be5dd0-40a2-450c-946b-5deaaf8b0178,"5315 Elliott Dr ste 202, Ypsilanti, Michigan, 48197",Orthopedic,Orthopedic - PT; Plastic Surgery; Orthopedic Surgery,Other – Ypsilanti,Coty,No attributed 2026 record,,0,0,0,0,,,,,,Weak,Ortho Cross-Sell,Outside Core Baseline,0,0,0,0,0,7,2024-04-12 00:00:00,,45,Orthopedic - PT: No frequency;Plastic Surgery: No frequency;Orthopedic Surgery: No frequency,Unknown,Unknown,Verify before route,Test: re-engage and qualify spine,Not Started,"Score = referral 0 + specialty 5 + visit context 0 + reachability 2 + data 2. No deterministic referral-source match attributed to this company. Patient counts are distinct attributed B2B records, not confirmed kept visits."
775,311,9,Prospect,Wave 2,Visit / Prospect,Reactivation,"Trinity IHA Orthopedics - Brighton,",00-521-8262,"2305 Genoa Business Pk Dr, ste 120, Brighton, MI, 48114-7004",Orthopedic,Ortho,Other – Brighton,Coty,No attributed 2026 record,,0,0,0,0,,,,,,Weak,Ortho Cross-Sell,Outside Core Baseline,0,0,0,0,0,3,2025-05-02 00:00:00,,45,Ortho: No frequency,Unknown,Unknown,Verify before route,Test: re-engage and qualify spine,Not Started,"Score = referral 0 + specialty 5 + visit context 0 + reachability 2 + data 2. No deterministic referral-source match attributed to this company. Patient counts are distinct attributed B2B records, not confirmed kept visits."
776,312,9,Prospect,Wave 2,Visit / Prospect,Reactivation,Trinity IHA Primary Care - Clarkston,36-320-9367,"6770 Dixie Hwy Ste 303, Clarkston, MI, 48346",Pain,Pain,Other – Clarkston,Coty,No attributed 2026 record,,0,0,0,0,,,,,,Weak,Dormant Spine Opportunity,Outside Core Baseline,0,0,0,0,0,6,2025-07-30 00:00:00,,45,Pain: No frequency,Unknown,Unknown,Verify before route,Test: re-engage and qualify spine,Not Started,"Score = referral 0 + specialty 5 + visit context 0 + reachability 2 + data 2. No deterministic referral-source match attributed to this company. Patient counts are distinct attributed B2B records, not confirmed kept visits."
777,313,9,Prospect,Wave 2,Visit / Prospect,Reactivation,U of M Neurosurgery,c357306a-7118-459d-82fc-5365721ca926,"1500 E Medical Center Dr  Floor 2 Reception G, Ann Arbor, Mi, 48109",Orthopedic,Neurosurgery,Other – Ann Arbor,Coty,No attributed 2026 record,,0,0,0,0,,,,,,Weak,Spine-Labeled Target,Outside Core Baseline,0,0,0,0,0,2,2025-08-27 00:00:00,,45,Neurosurgery: No frequency,Unknown,Unknown,Verify before route,Test: re-engage and qualify spine,Not Started,"Score = referral 0 + specialty 5 + visit context 0 + reachability 2 + data 2. No deterministic referral-source match attributed to this company. Patient counts are distinct attributed B2B records, not confirmed kept visits."
778,314,9,Prospect,Wave 2,Visit / Prospect,Reactivation,U of M Physical Medicine & Rehabilitation Clinic - Burlington Building,4430ce9a-04c4-4489-8cd4-1f4abdc28ce9,"325 E Eisenhower Pkwy ste 100, Ann Arbor, Michigan, 48108",Orthopedic,Physiatry,Other – Ann Arbor,Coty,No attributed 2026 record,,0,0,0,0,,,,,,Weak,Ortho Cross-Sell,Outside Core Baseline,0,0,0,0,0,2,2025-08-27 00:00:00,,45,Physiatry: No frequency,Unknown,Unknown,Verify before route,Test: re-engage and qualify spine,Not Started,"Score = referral 0 + specialty 5 + visit context 0 + reachability 2 + data 2. No deterministic referral-source match attributed to this company. Patient counts are distinct attributed B2B records, not confirmed kept visits."
779,315,9,Prospect,Wave 2,Visit / Prospect,Current / Maintain,UofM Northville Health Center,1fcb9ed3-4f7b-4998-b644-3c8f0d4fefba,"39901 Traditions Drive, Northville, Michigan, 48168",PCP,Internal Medicine/PCP,Other – Northville,Coty,No attributed 2026 record,,0,0,0,0,,,,,,Weak,Active Spine Target,Current Core Baseline,1,1,1,3,3,1,2026-06-22 00:00:00,49,45,Internal Medicine/PCP: No frequency,Unknown,Unknown,Likely Open – recent MMC visit,Keep: reinforce spine access,Not Started,"Score = referral 0 + specialty 4 + visit context 2 + reachability 1 + data 2. No deterministic referral-source match attributed to this company. Patient counts are distinct attributed B2B records, not confirmed kept visits."
780,316,9,Prospect,Wave 2,Visit / Prospect,Expansion / Test,Woods Cardiovascular Internal Medicine Associates - Macomb,1396736724,"15959 Hall Road, ste 204, Macomb, MI, 48044",PCP,Internal Medicine/PCP,Other – Macomb,Coty,No attributed 2026 record,,0,0,0,0,,,,,,Weak,Active Spine Target,Outside Core Baseline,0,0,1,3,4,4,2026-05-20 00:00:00,41,45,Internal Medicine/PCP: No frequency,Unknown,Unknown,Likely Open – recent MMC visit,Test: add to next spine route,Not Started,"Score = referral 0 + specialty 4 + visit context 1 + reachability 2 + data 2. No deterministic referral-source match attributed to this company. Patient counts are distinct attributed B2B records, not confirmed kept visits."
781,285,8,Prospect,Wave 2,Visit / Prospect,Reactivation,"ALLENWOOD FAMILY HEALTH CARE, PC",6f941c50-4b0e-460c-8a8a-f59d8a74ccde,"11368 Allen Road, Taylor, Michigan, 48180",PCP,Internal Medicine/PCP,Other – Taylor,Jasmine,No attributed 2026 record,,0,0,0,0,,,,,,Moderate,Dormant Spine Opportunity,Outside Core Baseline,0,0,0,2,8,4,2026-04-08 00:00:00,34,45,Internal Medicine/PCP: No frequency,Unknown,Unknown,Likely Open – recent MMC visit,Test: re-engage and qualify spine,Not Started,"Score = referral 0 + specialty 4 + visit context 0 + reachability 2 + data 2. No deterministic referral-source match attributed to this company. Patient counts are distinct attributed B2B records, not confirmed kept visits."
782,286,8,Prospect,Wave 2,Visit / Prospect,Expansion / Test,Alphonse Ekole MD,cf4ac4d2-8a2e-4d0b-8294-4d7f8fd390c4,"22480 Kelly Road, Eastpointe, Michigan, 48021",PCP,Internal Medicine/PCP,Other – Eastpointe,Jasmine,No attributed 2026 record,,0,0,0,0,,,,,,Weak,Active Spine Target,Outside Core Baseline,0,0,1,2,2,1,2026-05-01 00:00:00,56,45,Internal Medicine/PCP: No frequency,Unknown,Unknown,Likely Open – recent MMC visit,Test: add to next spine route,Not Started,"Score = referral 0 + specialty 4 + visit context 1 + reachability 1 + data 2. No deterministic referral-source match attributed to this company. Patient counts are distinct attributed B2B records, not confirmed kept visits."
783,287,8,Prospect,Wave 2,Visit / Prospect,Expansion / Test,AMC Primary Care,7496bfb3-d517-49b6-8b2f-1e99919270ca,"13650 FORT ST, SOUTHGATE, MI, 48195",PCP,Internal Medicine/PCP,Other – SOUTHGATE,Jasmine,No attributed 2026 record,,0,0,0,0,,,,,,Weak,Dormant Spine Opportunity,Outside Core Baseline,0,0,0,2,1,2,2026-04-22 00:00:00,48,45,Internal Medicine/PCP: No frequency,Unknown,Unknown,Likely Open – recent MMC visit,Test: add to next spine route,Not Started,"Score = referral 0 + specialty 4 + visit context 0 + reachability 2 + data 2. No deterministic referral-source match attributed to this company. Patient counts are distinct attributed B2B records, not confirmed kept visits."
784,288,8,Prospect,Wave 2,Visit / Prospect,Expansion / Test,Ascension Providence Dearborn Internal Medicine,47fdf74f-51d1-46ef-b493-2ef60f3f61b7,"23874 Kean St, #100, Dearborn, Michigan, 48124",PCP,Internal Medicine/PCP,Other – Dearborn,Jasmine,No attributed 2026 record,,0,0,0,0,,,,,,Weak,Dormant Spine Opportunity,Outside Core Baseline,0,0,0,2,4,2,2026-04-20 00:00:00,101,45,Internal Medicine/PCP: No frequency,Unknown,Unknown,Likely Open – recent MMC visit,Test: add to next spine route,Not Started,"Score = referral 0 + specialty 4 + visit context 0 + reachability 2 + data 2. No deterministic referral-source match attributed to this company. Patient counts are distinct attributed B2B records, not confirmed kept visits."
785,289,8,Prospect,Wave 2,Visit / Prospect,Expansion / Test,Associated physicians of Dearborn,36a01517-61d6-4abe-a326-3df8c6bbd274,"4700 Greenfield Rd, Dearborn, Michigan, 48126",PCP,Internal Medicine/PCP,Other – Dearborn,Jasmine,No attributed 2026 record,,0,0,0,0,,,,,,Moderate,Dormant Spine Opportunity,Outside Core Baseline,0,0,0,2,10,5,2026-04-20 00:00:00,88,45,Internal Medicine/PCP: No frequency,Unknown,Unknown,Likely Open – recent MMC visit,Test: add to next spine route,Not Started,"Score = referral 0 + specialty 4 + visit context 0 + reachability 2 + data 2. No deterministic referral-source match attributed to this company. Patient counts are distinct attributed B2B records, not confirmed kept visits."
786,290,8,Prospect,Wave 2,Visit / Prospect,Reactivation,ATI PHYSICAL THERAPY,f46e96b6-beab-4a7a-b674-d27ffa003553,"10415 Grand River Rd, Ste 300, Brighton, Michigan, 48116",Orthopedic,Spine; Physical Therapy,Other – Brighton,Jasmine,No attributed 2026 record,,0,0,0,0,,,,,,Weak,Spine-Labeled Target,Outside Core Baseline,0,0,0,2,2,1,2026-04-14 00:00:00,61,45,Spine: No frequency;Physical Therapy: No frequency,Unknown,Unknown,Likely Open – recent MMC visit,Test: re-engage and qualify spine,Not Started,"Score = referral 0 + specialty 5 + visit context 0 + reachability 1 + data 2. No deterministic referral-source match attributed to this company. Patient counts are distinct attributed B2B records, not confirmed kept visits."
787,291,8,Prospect,Wave 2,Visit / Prospect,Reactivation,BEAUMONT ATHENS CLINIC TAYLOR,07d227b8-b9ff-4616-9f9b-f3e3ac05f4b1,"15100 S PLAZA DR, TAYLOR, MI, 48180",PCP,Internal Medicine/PCP,Other – TAYLOR,Jasmine,No attributed 2026 record,,0,0,0,0,,,,,,Moderate,Dormant Spine Opportunity,Outside Core Baseline,0,0,0,1,6,6,2026-03-17 00:00:00,,45,Internal Medicine/PCP: No frequency,Unknown,Unknown,Likely Open – recent MMC visit,Test: re-engage and qualify spine,Not Started,"Score = referral 0 + specialty 4 + visit context 0 + reachability 2 + data 2. No deterministic referral-source match attributed to this company. Patient counts are distinct attributed B2B records, not confirmed kept visits."
788,292,8,Prospect,Wave 2,Visit / Prospect,Reactivation,BEAUMONT FAMILY MEDICINE CLINIC TAYLOR,ca75c2bf-f7ff-43df-9399-5f78f3147237,"9340 TELEGRAPH RD, TAYLOR, MI, 48180",PCP,Internal Medicine/PCP,Other – TAYLOR,Jasmine,No attributed 2026 record,,0,0,0,0,,,,,,Weak,Dormant Spine Opportunity,Outside Core Baseline,0,0,0,2,4,2,2026-04-08 00:00:00,34,45,Internal Medicine/PCP: No frequency,Unknown,Unknown,Likely Open – recent MMC visit,Test: re-engage and qualify spine,Not Started,"Score = referral 0 + specialty 4 + visit context 0 + reachability 2 + data 2. No deterministic referral-source match attributed to this company. Patient counts are distinct attributed B2B records, not confirmed kept visits."
789,293,8,Prospect,Wave 2,Visit / Prospect,Reactivation,Ben Go MD PC,22e81152-0662-4863-bc0b-452a4d53ae02,"14720 King Road, Riverview, Michigan, 48193",Orthopedic,Ortho; Internal Medicine/PCP,Other – Riverview,Jasmine,No attributed 2026 record,,0,0,0,0,,,,,,Weak,Ortho Cross-Sell,Outside Core Baseline,0,0,0,1,1,1,2026-01-12 00:00:00,,45,Ortho: No frequency;Internal Medicine/PCP: No frequency,Unknown,Unknown,Verify before route,Test: re-engage and qualify spine,Not Started,"Score = referral 0 + specialty 5 + visit context 0 + reachability 1 + data 2. No deterministic referral-source match attributed to this company. Patient counts are distinct attributed B2B records, not confirmed kept visits."
790,294,8,Prospect,Wave 2,Visit / Prospect,Reactivation,Briarwood Family Medicine,e658d459-31db-44b9-a41a-111a5d55464b,"1801 Briarwood Cir building 10, Ann Arbor, Michigan, 48108",PCP,Internal Medicine/PCP,Other – Ann Arbor,Jasmine,No attributed 2026 record,,0,0,0,0,,,,,,Moderate,Dormant Spine Opportunity,Outside Core Baseline,0,0,0,2,16,8,2026-04-15 00:00:00,82,45,Internal Medicine/PCP: No frequency,Unknown,Unknown,Likely Open – recent MMC visit,Test: re-engage and qualify spine,Not Started,"Score = referral 0 + specialty 4 + visit context 0 + reachability 2 + data 2. No deterministic referral-source match attributed to this company. Patient counts are distinct attributed B2B records, not confirmed kept visits."
791,295,8,Prospect,Wave 2,Visit / Prospect,Reactivation,BRYANT PRIMARY CARE Updated,5a3b3a92-6b7c-4a66-8877-b58376fa4af0,"6 parklane Blvd, Suite 436, DEARBORN, Michigan, 48126",Pain,Pain; Internal Medicine/PCP,Other – DEARBORN,Jasmine,No attributed 2026 record,,0,0,0,0,,,,,,Weak,Dormant Spine Opportunity,Outside Core Baseline,0,0,0,2,2,1,2026-04-02 00:00:00,50,45,Pain: No frequency;Internal Medicine/PCP: No frequency,Unknown,Unknown,Likely Open – recent MMC visit,Test: re-engage and qualify spine,Not Started,"Score = referral 0 + specialty 5 + visit context 0 + reachability 1 + data 2. No deterministic referral-source match attributed to this company. Patient counts are distinct attributed B2B records, not confirmed kept visits."
792,296,8,Prospect,Wave 2,Visit / Prospect,Reactivation,Caudell Chiropractic,6246a98e-0503-476c-80f7-6d9617232f36,"5928 N Telegraph Rd, Dearborn Heights, Michigan, 48127",Chiropractor,Chiropractor,Other – Dearborn Heights,Jasmine,No attributed 2026 record,,0,0,0,0,,,,,,Weak,Dormant Spine Opportunity,Outside Core Baseline,0,0,0,1,2,2,2026-02-26 00:00:00,,45,Chiropractor: No frequency,Unknown,Unknown,Likely Open – recent MMC visit,Test: re-engage and qualify spine,Not Started,"Score = referral 0 + specialty 4 + visit context 0 + reachability 2 + data 2. No deterministic referral-source match attributed to this company. Patient counts are distinct attributed B2B records, not confirmed kept visits."
793,297,8,Prospect,Wave 2,Visit / Prospect,Expansion / Test,CEDAR MEDICAL ASSOCIATES,b187ef9a-bf2a-420e-b663-1f843a428a22,"1951 MONROE ST, DEARBORN, MI, 48124",PCP,Internal Medicine/PCP,Other – DEARBORN,Jasmine,No attributed 2026 record,,0,0,0,0,,,,,,Weak,Active Spine Target,Outside Core Baseline,0,0,1,2,2,1,2026-05-06 00:00:00,69,45,Internal Medicine/PCP: No frequency,Unknown,Unknown,Likely Open – recent MMC visit,Test: add to next spine route,Not Started,"Score = referral 0 + specialty 4 + visit context 1 + reachability 1 + data 2. No deterministic referral-source match attributed to this company. Patient counts are distinct attributed B2B records, not confirmed kept visits."
794,298,8,Prospect,Wave 2,Visit / Prospect,Reactivation,City Medical - Madison Heights,63cd155b-cebc-4ccb-ae48-e9fd30422380,"30851 Stephenson Hwy, Madison Heights, MI, 48071",Urgent Care,Internal Medicine/PCP; Urgent Cares,Other – Madison Heights,Jasmine,No attributed 2026 record,,0,0,0,0,,,,,,Moderate,Dormant Spine Opportunity,Outside Core Baseline,0,0,0,1,6,6,2026-04-02 00:00:00,,45,Internal Medicine/PCP: No frequency;Urgent Cares: No frequency,Unknown,Unknown,Likely Open – recent MMC visit,Test: re-engage and qualify spine,Not Started,"Score = referral 0 + specialty 4 + visit context 0 + reachability 2 + data 2. No deterministic referral-source match attributed to this company. Patient counts are distinct attributed B2B records, not confirmed kept visits."
795,299,8,Prospect,Wave 2,Visit / Prospect,Reactivation,Corewell Health Family Medicine - Northside,809a3eca-b208-45b0-9625-72c47659e808,"14001 Greenfield Rd, Detroit, Michigan, 48227",PCP,Internal Medicine/PCP,Other – Detroit,Jasmine,No attributed 2026 record,,0,0,0,0,,,,,,Weak,Dormant Spine Opportunity,Outside Core Baseline,0,0,0,1,3,3,2026-02-27 00:00:00,,45,Internal Medicine/PCP: No frequency,Unknown,Unknown,Likely Open – recent MMC visit,Test: re-engage and qualify spine,Not Started,"Score = referral 0 + specialty 4 + visit context 0 + reachability 2 + data 2. No deterministic referral-source match attributed to this company. Patient counts are distinct attributed B2B records, not confirmed kept visits."
796,300,8,Prospect,Wave 2,Visit / Prospect,Expansion / Test,Corewell Health Urgent Care,2239bedc-ff8f-4e3d-ae75-f742a58fc796,"27810 GRAND RIVER AVE, FARMINGTON HILLS, Michigan, 48336",Urgent Care,Urgent care,Other – FARMINGTON HILLS,Jasmine,No attributed 2026 record,,0,0,0,0,,,,,,Weak,Active Spine Target,Outside Core Baseline,0,0,1,2,1,1,2026-05-11 00:00:00,104,45,Urgent care: No frequency,Unknown,Unknown,Likely Open – recent MMC visit,Test: add to next spine route,Not Started,"Score = referral 0 + specialty 4 + visit context 1 + reachability 1 + data 2. No deterministic referral-source match attributed to this company. Patient counts are distinct attributed B2B records, not confirmed kept visits."
797,301,8,Prospect,Wave 2,Visit / Prospect,Reactivation,Cromwell family chiropractic,40b67646-7a8c-48ac-859a-ec68090967b0,"23220 Farmington Road, Farmington, Michigan, 48336",Chiropractor,Chiropractor,Other – Farmington,Jasmine,No attributed 2026 record,,0,0,0,0,,,,,,Weak,Dormant Spine Opportunity,Outside Core Baseline,0,0,0,1,4,4,2026-03-30 00:00:00,,45,Chiropractor: No frequency,Unknown,Unknown,Likely Open – recent MMC visit,Test: re-engage and qualify spine,Not Started,"Score = referral 0 + specialty 4 + visit context 0 + reachability 2 + data 2. No deterministic referral-source match attributed to this company. Patient counts are distinct attributed B2B records, not confirmed kept visits."
798,302,8,Prospect,Wave 2,Visit / Prospect,Expansion / Test,Dearborn medical and geriatric center,e8faaf5d-bdac-4971-9f83-bd77a1c37b96,"24100 Oxford Street, Dearborn, Michigan, 48124",PCP,Internal Medicine/PCP,Other – Dearborn,Jasmine,No attributed 2026 record,,0,0,0,0,,,,,,Weak,Dormant Spine Opportunity,Outside Core Baseline,0,0,0,2,4,2,2026-04-20 00:00:00,101,45,Internal Medicine/PCP: No frequency,Unknown,Unknown,Likely Open – recent MMC visit,Test: add to next spine route,Not Started,"Score = referral 0 + specialty 4 + visit context 0 + reachability 2 + data 2. No deterministic referral-source match attributed to this company. Patient counts are distinct attributed B2B records, not confirmed kept visits."
799,303,8,Prospect,Wave 2,Visit / Prospect,Expansion / Test,Doctors of physical therapy and hand therapy,955f13c7-e431-43cf-b407-ab2791e34825,"7701 Grand River Avenue, Brighton, Michigan, 48114",PT,Physical Therapy,Other – Brighton,Jasmine,No attributed 2026 record,,0,0,0,0,,,,,,Moderate,Active Spine Target,Outside Core Baseline,0,1,1,3,9,3,2026-06-05 00:00:00,56.5,45,Physical Therapy: No frequency,Unknown,Unknown,Likely Open – recent MMC visit,Test: add to next spine route,Not Started,"Score = referral 0 + specialty 3 + visit context 1 + reachability 2 + data 2. No deterministic referral-source match attributed to this company. Patient counts are distinct attributed B2B records, not confirmed kept visits."
800,304,8,Prospect,Wave 2,Visit / Prospect,Reactivation,"DOWNRIVER INTERNISTS, PC",0889eef0-5cc1-4032-b658-e4a9c719c997,"21801 GODDARD RD, TAYLOR, MI, 48180",PCP,Internal Medicine/PCP,Other – TAYLOR,Jasmine,No attributed 2026 record,,0,0,0,0,,,,,,Weak,Dormant Spine Opportunity,Outside Core Baseline,0,0,0,1,2,2,2026-03-05 00:00:00,,45,Internal Medicine/PCP: No frequency,Unknown,Unknown,Likely Open – recent MMC visit,Test: re-engage and qualify spine,Not Started,"Score = referral 0 + specialty 4 + visit context 0 + reachability 2 + data 2. No deterministic referral-source match attributed to this company. Patient counts are distinct attributed B2B records, not confirmed kept visits."
801,305,8,Prospect,Wave 2,Visit / Prospect,Reactivation,"DR VIJAYA CHALLA, MD, PC",5cce6822-d3c7-400b-a3ee-0b6788d7b144,"24604 MICHIGAN AVE STE 100, DEARBORN, MI, 48124",PCP,Internal Medicine/PCP,Other – DEARBORN,Jasmine,No attributed 2026 record,,0,0,0,0,,,,,,Moderate,Dormant Spine Opportunity,Outside Core Baseline,0,0,0,3,6,2,2026-03-27 00:00:00,26,45,Internal Medicine/PCP: No frequency,Unknown,Unknown,Likely Open – recent MMC visit,Test: re-engage and qualify spine,Not Started,"Score = referral 0 + specialty 4 + visit context 0 + reachability 2 + data 2. No deterministic referral-source match attributed to this company. Patient counts are distinct attributed B2B records, not confirmed kept visits."
802,306,8,Prospect,Wave 2,Visit / Prospect,Expansion / Test,Dr. Susannah Parke,6855cf51-cff2-4106-8a51-41fb2da1e895,"231 Little Lake Dr suite d, Ann Arbor, Michigan, 48103",PCP,Internal Medicine/PCP,Other – Ann Arbor,Jasmine,No attributed 2026 record,,0,0,0,0,,,,,,Weak,Active Spine Target,Outside Core Baseline,0,1,1,3,3,1,2026-05-27 00:00:00,62,45,Internal Medicine/PCP: No frequency,Unknown,Unknown,Likely Open – recent MMC visit,Test: add to next spine route,Not Started,"Score = referral 0 + specialty 4 + visit context 1 + reachability 1 + data 2. No deterministic referral-source match attributed to this company. Patient counts are distinct attributed B2B records, not confirmed kept visits."
803,307,8,Prospect,Wave 2,Visit / Prospect,Reactivation,Duncan Chiropractic Group,110f66be-a765-4c63-bea0-2594890f94c8,"8336 Hilton Rd, Brighton, Michigan, 48114",Chiropractor,Chiropractor,Other – Brighton,Jasmine,No attributed 2026 record,,0,0,0,0,,,,,,Moderate,Dormant Spine Opportunity,Outside Core Baseline,0,0,0,2,12,6,2026-04-14 00:00:00,61,45,Chiropractor: No frequency,Unknown,Unknown,Likely Open – recent MMC visit,Test: re-engage and qualify spine,Not Started,"Score = referral 0 + specialty 4 + visit context 0 + reachability 2 + data 2. No deterministic referral-source match attributed to this company. Patient counts are distinct attributed B2B records, not confirmed kept visits."
804,308,8,Prospect,Wave 2,Visit / Prospect,Expansion / Test,"EAST DEARBORN MEDICAL CLINIC, PC (Medicaid)",e73a93c2-41c4-488a-8474-89698cf619bb,"14650 W WARREN AVE STE 150, DEARBORN, Michigan, 48126",PCP,Internal Medicine/PCP,Other – DEARBORN,Jasmine,No attributed 2026 record,,0,0,0,0,,,,,,Weak,Active Spine Target,Outside Core Baseline,0,1,1,3,3,1,2026-06-01 00:00:00,59,45,Internal Medicine/PCP: No frequency,Unknown,Unknown,Likely Open – recent MMC visit,Test: add to next spine route,Not Started,"Score = referral 0 + specialty 4 + visit context 1 + reachability 1 + data 2. No deterministic referral-source match attributed to this company. Patient counts are distinct attributed B2B records, not confirmed kept visits."
805,309,8,Prospect,Wave 2,Visit / Prospect,Expansion / Test,"EASTBORN CLINIC, PLLC",a8634a8d-40a8-4c4d-84a9-ddf74b794be2,"7526 WYOMING ST STE 2, DEARBORN, MI, 48126",PCP,Internal Medicine/PCP,Other – DEARBORN,Jasmine,No attributed 2026 record,,0,0,0,0,,,,,,Weak,Active Spine Target,Outside Core Baseline,0,1,1,3,3,1,2026-06-01 00:00:00,59,45,Internal Medicine/PCP: No frequency,Unknown,Unknown,Likely Open – recent MMC visit,Test: add to next spine route,Not Started,"Score = referral 0 + specialty 4 + visit context 1 + reachability 1 + data 2. No deterministic referral-source match attributed to this company. Patient counts are distinct attributed B2B records, not confirmed kept visits."
806,310,8,Prospect,Wave 2,Visit / Prospect,Reactivation,Elite Care Physicians PLLC,54cc6f59-8575-499c-a4fb-25b77aad9f25,"27144 Joy Rd, Redford, MI, 48239",PCP,Internal Medicine/PCP; PCP,Other – Redford,Jasmine,No attributed 2026 record,,0,0,0,0,,,,,,Weak,Dormant Spine Opportunity,Outside Core Baseline,0,0,0,1,4,5,2026-01-26 00:00:00,,45,Internal Medicine/PCP: No frequency;PCP: 4 days,Past due,Unknown,Likely Open – recent MMC visit,Increase: visit now; reset cadence,Not Started,"Score = referral 0 + specialty 4 + visit context 0 + reachability 2 + data 2. No deterministic referral-source match attributed to this company. Patient counts are distinct attributed B2B records, not confirmed kept visits."
807,317,8,Prospect,Wave 2,Visit / Prospect,Reactivation,Adult Wellness & Internal Medicine,d52215b9-d874-4639-9ff2-a87b853ad52d,"5105 Bristol Road, Flint, Michigan, 48507",PCP,Internal Medicine/PCP,Other – Flint,Coty,No attributed 2026 record,,0,0,0,0,,,,,,Weak,Dormant Spine Opportunity,Outside Core Baseline,0,0,0,0,0,3,2025-02-04 00:00:00,,45,Internal Medicine/PCP: No frequency,Unknown,Unknown,Verify before route,Test: re-engage and qualify spine,Not Started,"Score = referral 0 + specialty 4 + visit context 0 + reachability 2 + data 2. No deterministic referral-source match attributed to this company. Patient counts are distinct attributed B2B records, not confirmed kept visits."
808,318,8,Prospect,Wave 2,Visit / Prospect,Reactivation,Advance Urgent Care - Hartland,74360f7a-f042-4521-a7bb-a807dcb10282,"11554 Highland Rd, Hartland, Michigan, 48353",Urgent Care,Urgent Cares,Other – Hartland,Coty,No attributed 2026 record,,0,0,0,0,,,,,,Weak,Dormant Spine Opportunity,Outside Core Baseline,0,0,0,0,0,2,2025-04-29 00:00:00,,45,Urgent Cares: No frequency,Unknown,Unknown,Verify before route,Test: re-engage and qualify spine,Not Started,"Score = referral 0 + specialty 4 + visit context 0 + reachability 2 + data 2. No deterministic referral-source match attributed to this company. Patient counts are distinct attributed B2B records, not confirmed kept visits."
