Account/Practice,Category,Tier,Assigned PL,Hub Territory,City,State,Zip,2026 Visit-Days,2026 People Touches,Last Visit,Days Since Last,Frequency Status
Neuro Pain Consultants - Clarkston,Pain Management,T1,Coty,Other/Metro,City of the Village of Clarkston,Michigan,48346,11,26,2026-07-07,9,Unknown
Village Medical - Novi,Pain Management,T1,Jasmine,Livonia,Novi,Michigan,48377,7,42,2026-06-23,23,Unknown
Mathews Medical Center,PM&R,T1,Coty,Troy,Troy,MI,48083,7,42,2026-07-01,15,Unknown
Neuro Pain Consultants - Shelby,Pain Management,T1,Coty,Other/Metro,,Michigan,48315,7,0,2026-07-07,9,Unknown
Neurology Consultants of Southfield,Neurology,T1,Coty,Southfield,Southfield,MI,48034,7,28,2026-07-08,8,Unknown
"PRIZM PAIN SPECIALISTS, PLLC",Pain Management,T1,Jasmine,Livonia,Livonia,Michigan,48152,6,24,2026-07-16,0,Unknown
THE CORE INSTITUTE NOVI,Pain Management,T1,Jasmine,Livonia,NOVI,MI,48374,6,9,2026-06-22,24,Unknown
Detroit Ortho Institute,Spine,T1,Coty,Troy,Troy,Michigan,48083,6,12,2026-07-01,15,Unknown
Michigan Institute for Neurological Disorders (MIND) - Roseville,Pain Management,T1,Coty,Other/Metro,Roseville,Michigan,48066,6,64,2026-06-25,21,Unknown
Pain Clinic of Michigan - Troy,Pain Management,T1,Sean,Troy,Troy,Michigan,48085,6,9,2026-05-20,57,Unknown
Levine Clinic of Chiropractic,Chiropractic,T1,Kristen,Livonia,Farmington Hills,Michigan,48334,5,15,2026-05-08,69,Unknown
Buckle Family Chiropractic Ste 5,Chiropractic,T1,Jasmine,Livonia,Livonia,Michigan,48150,5,5,2026-07-16,0,Unknown
Endeavor chiropractic,Chiropractic,T1,Jasmine,Livonia,Livonia,Michigan,48152,5,10,2026-07-08,8,Unknown
FARMBROOK INTERVENTIONAL PAIN AND EMG,Pain Management,T1,Jasmine,Southfield,SOUTHFIELD,Michigan,MI 48034,5,12,2026-07-01,15,Unknown
Glazer Spine Center- use,Chiropractic,T1,Jasmine,Southfield,Southfield,Michigan,480341801,5,19,2026-07-09,7,Unknown
Henry Ford Family Medicine/Internal Medicine  - Novi,Pain Management,T1,Jasmine,Livonia,Novi,Michigan,48377,5,96,2026-06-04,42,Unknown
Associates in Neurology,Neurology,T1,Coty,Livonia,Farmington Hills,Michigan,48334,5,45,2026-07-08,8,Unknown
Franklin Neurology,Neurology,T1,Coty,Livonia,Farmington Hills,Michigan,48334,5,10,2026-07-08,8,Unknown
Macomb Physicians Group,Neurology,T1,Coty,Sterling Heights,Sterling Heights,Michigan,48312,5,45,2026-07-02,14,Up to date
Michigan Neuroscience Clinic,Neurology,T1,Coty,Other/Metro,Taylor,Michigan,48180,5,25,2026-07-14,2,Unknown
Preferred Medical Group,PM&R,T1,Coty,Other/Metro,Madison Heights,MI,48071,5,45,2026-06-24,22,Unknown
Tri County Pain Consultants,Spine,T1,Coty,Livonia,FARMINGTON HILLS,Michigan,48334,5,5,2026-07-08,8,Unknown
"APPOLINE MEDICAL CLINIC, PC",Spine,T1,Jasmine,Livonia,Dearborn,Michigan,48126,4,4,2026-07-14,2,Unknown
Brackney Chiropractic,Chiropractic,T1,Jasmine,Other/Metro,Canton,Michigan,48187,4,16,2026-07-02,14,Unknown
Chiro-Care of Livonia,Chiropractic,T1,Jasmine,Livonia,Livonia,Michigan,48152,4,4,2026-06-19,27,Unknown
Everside Health,Pain Management,T1,Jasmine,Livonia,NOVI,Michigan,48375,4,5,2026-07-01,15,Unknown
Jolly Neurological Clinic PC,Neurology,T1,Jasmine,Livonia,Livonia,Michigan,48154,4,4,2026-07-09,7,Unknown
Michigan family wellness,Pain Management,T1,Jasmine,Other/Metro,CANTON,Michigan,48187,4,16,2026-07-02,14,Unknown
Michigan family Wellness,Chiropractic,T1,Jasmine,Other/Metro,Canton,Michigan,48187,4,4,2026-07-06,10,Unknown
Primecare of Novi,Pain Management,T1,Jasmine,Livonia,Novi,Michigan,48375,4,28,2026-07-01,15,Unknown
"PRIMECARE URGENT CARE, PLLC",Pain Management,T1,Jasmine,Livonia,Novi,Michigan,48375,4,8,2026-07-01,15,Unknown
SHEBA MEDICAL CENTER,Pain Management,T1,Jasmine,Livonia,DEARBORN,Michigan,48120,4,7,2026-05-20,57,Unknown
Southeast Michigan Rehab & Pain,Pain Management,T1,Jasmine,Livonia,Novi,Michigan,48375,4,4,2026-07-10,6,Unknown
The Joint Chiropractic - Livonia,Chiropractic,T1,Jasmine,Livonia,Livonia,Michigan,48150,4,16,2026-06-19,27,Unknown
Tri County Neurology,Neurology,T1,Jasmine,Other/Metro,Eastpointe,Michigan,48021,4,12,2026-05-12,65,Unknown
Trinity IHA Academic Family Medicine - Livonia,Pain Management,T1,Jasmine,Livonia,LIVONIA,Michigan,48152,4,113,2026-07-16,0,Unknown
True Health Chiropractic,Chiropractic,T1,Jasmine,Livonia,Livonia,Michigan,48154,4,8,2026-06-26,20,Unknown
UofM Pain Management - Canton,Pain Management,T1,Jasmine,Other/Metro,Canton,Michigan,48187,4,4,2026-06-11,35,Unknown
Wellness Wave Chiropractic,Chiropractic,T1,Jasmine,Livonia,Livonia,Michigan,48154,4,8,2026-06-26,20,Unknown
Bones & Joints Clinic,Pain Management,T1,Coty,Sterling Heights,Sterling Heights,Michigan,48310,4,3,2026-06-02,44,Unknown
"Glowacki MD - Institute for Pain, Spine & Headache Disorders",Pain Management,T1,Coty,Troy,Troy,Michigan,48085,4,23,2026-06-03,43,Unknown
Lakeside Neurology,Neurology,T1,Coty,Sterling Heights,Warren,MI,48088,4,16,2026-06-01,45,Unknown
Live Well Chiro,Chiropractic,T1,Coty,Troy,Rochester Hills,Michigan,48307,4,4,2026-07-15,1,Unknown
Metro Pain Clinic  - Warren,Pain Management,T1,Coty,Sterling Heights,Warren,Michigan,48088,4,4,2026-06-01,45,Unknown
Spine & Brain Surgery Specialists,Neurosurgery,T1,Coty,Southfield,Royal Oak,Michigan,48073,4,12,2026-06-17,29,Unknown
Evolution Chiropractic Health and Sport Fitness,Chiropractic,T1,Sean,Troy,Troy,Michigan,48085,4,4,2026-06-05,41,Unknown
Kraft Chiropractic,Chiropractic,T1,Sean,Troy,Troy,Michigan,48083,4,4,2026-05-01,76,Unknown
Purdy Chiropractic,Chiropractic,T1,Sean,Other/Metro,Washington,Michigan,48095,4,4,2026-05-27,50,Unknown
Rochester Family Chiropractic,Chiropractic,T1,Sean,Troy,Rochester Hills,Michigan,48309,4,4,2026-06-09,37,Unknown
Birmingham Wellness Center,Chiropractic,T1,Kristen,Troy,Birmingham,Michigan,48009,3,9,2026-07-08,8,Unknown
Blue Water Neurology Clinic,Neurology,T1,Kristen,Port Huron,Fort Gratiot,Michigan,48059,3,6,2026-05-05,72,Unknown
Hermann Banks MD PC,Neurology,T1,Kristen,Livonia,Livonia,Michigan,48154,3,3,2026-06-29,17,Unknown
Macomb Spine Care,Chiropractic,T1,Kristen,Sterling Heights,Clinton Township,Michigan,48038,3,3,2026-06-15,31,Unknown
Main Street Chiropractic Wellness Center,Chiropractic,T1,Kristen,Troy,Rochester Hills,Michigan,48309,3,3,2026-06-10,36,Unknown
Marshall Family Chiropractic,Chiropractic,T1,Kristen,Other/Metro,Saint Clair,Michigan,48079,3,6,2026-06-09,37,Unknown
Michigan Neurology and Spine Center,Pain Management,T1,Kristen,Port Huron,Port Huron,Michigan,48060,3,15,2026-06-16,30,Unknown
Paragon Chiropractic & Wellness Center,Chiropractic,T1,Kristen,Other/Metro,Bloomfield Hills,Michigan,48301,3,6,2026-05-18,59,Unknown
Port Huron Neurology,Neurology,T1,Kristen,Port Huron,Fort Gratiot,Michigan,48059,3,3,2026-05-05,72,Unknown
Rodnick Chiropractic,Chiropractic,T1,Kristen,Other/Metro,Commerce Charter Township,Michigan,48382,3,21,2026-05-26,51,Unknown
TLC Chiropractic,Chiropractic,T1,Kristen,Other/Metro,Northville,Michigan,48167,3,3,2026-06-04,42,Unknown
Beatty Chiropractic,Chiropractic,T1,Jasmine,Other/Metro,Brighton,Michigan,48114,3,6,2026-06-05,41,Unknown
Center for Integrated Neurology,Neurology,T1,Jasmine,Livonia,Novi,Michigan,48375,3,6,2026-07-10,6,Unknown
"Fox Run, PC(delete)",Pain Management,T1,Jasmine,Livonia,Novi,Michigan,48377,3,14,2026-07-01,15,Unknown
Gingell Chiropractic,Chiropractic,T1,Jasmine,Other/Metro,Plymouth,Michigan,48170,3,3,2026-07-13,3,Unknown
"GREENFIELD MEDICAL CENTER OF DEARBORN, PC",Pain Management,T1,Jasmine,Livonia,DEARBORN,Michigan,48126,3,3,2026-05-01,76,Unknown
Henry Ford Pain Clinic - Novi,Pain Management,T1,Jasmine,Livonia,Novi,Michigan,48377,3,3,2026-06-24,22,Unknown
Krasnick Regenerative Medicine,Pain Management,T1,Jasmine,Other/Metro,Ann Arbor,MI,48103,3,3,2026-05-27,50,Unknown
Michigan Spine & Brain - Novi,Spine,T1,Jasmine,Livonia,Novi,Michigan,48374,3,0,2026-06-23,23,Unknown
"MICHIGAN SPORTS AND SPINE CENTER, PC (not of value)",Spine,T1,Jasmine,Livonia,Livonia,Michigan,48152,3,19,2026-06-19,27,Unknown
Ouillette Chiropractic,Chiropractic,T1,Jasmine,Other/Metro,Brighton,Michigan,48114,3,9,2026-06-05,41,Unknown
PAIN MANAGEMENT ASSOCIATES OF MICHIGAN,Pain Management,T1,Jasmine,Livonia,Dearborn,Michigan,48128,3,9,2026-07-14,2,Unknown
Raad Al-Saraf MD PC,Spine,T1,Jasmine,Livonia,Dearborn,Michigan,48126,3,9,2026-06-01,45,Unknown
Trinity Health IHA Brain & Spine Surgery - Ann Arbor Campus,Neurosurgery,T1,Jasmine,Other/Metro,Ypsilanti,Michigan,48197,3,33,2026-07-13,3,Unknown
Trinity health physical therapy,Spine,T1,Jasmine,Other/Metro,Ypsilanti,Michigan,48197,3,6,2026-05-18,59,Unknown
WELLHEALTH MEDICAL ASSOCIATES - Belleville,Pain Management,T1,Jasmine,Other/Metro,BELLEVILLE,Michigan,48111,3,9,2026-05-28,49,Unknown
Balanced Living Chiropractic,Chiropractic,T1,Coty,Troy,Rochester Hills,Michigan,48307,3,3,2026-04-29,78,Unknown
Blue Water Pain Specialists - Macomb,Pain Management,T1,Coty,Sterling Heights,Macomb,Michigan,48044,3,0,2026-07-10,6,Unknown
Cheryl Lerchin MD Physical Medicine & Rehabilitation,Pain Management,T1,Coty,Other/Metro,Shelby Township,Michigan,48315,3,3,2026-06-12,34,Unknown
Chronic Pain Institute,Pain Management,T1,Coty,Sterling Heights,Sterling Heights,Michigan,48313,3,3,2026-06-02,44,Unknown
"Edward A. Tashjian, MD - Clarkston",PM&R,T1,Coty,Other/Metro,City of the Village of Clarkston,Michigan,48346,3,3,2026-06-08,38,Unknown
"GREAT LAKE PHYSICIANS, PC",Spine,T1,Coty,Livonia,LIVONIA,Michigan,48154,3,9,2026-06-19,27,Unknown
Healthquest Chiropractic,Chiropractic,T1,Coty,Livonia,Farmington Hills,Michigan,48335,3,3,2026-07-08,8,Unknown
Jagannathan Neurosurgery,Pain Management,T1,Coty,Troy,Troy,Michigan,48084,3,8,2026-07-13,3,Unknown
JOEL WELLNESS CLINIC,Spine,T1,Coty,Livonia,Livonia,Michigan,48154,3,3,2026-06-19,27,Up to date
Michigan Physicians Group - Livonia,Pain Management,T1,Coty,Livonia,Livonia,Michigan,48154,3,3,2026-06-19,27,Unknown
Millennium Orthopedics,Spine,T1,Coty,Livonia,FARMINGTON HILLS,Michigan,48334,3,6,2026-07-08,8,Unknown
Precise Chiropractic,Chiropractic,T1,Coty,Troy,Troy,Michigan,48085,3,12,2026-07-13,3,Unknown
Regenerative Pain Medicine,Pain Management,T1,Coty,Troy,Troy,Michigan,48083,3,9,2026-07-01,15,Unknown
"Ruffini DC PC, Richard J",Chiropractic,T1,Coty,Southfield,Southfield,MI,480341801,3,8,2026-05-28,49,Unknown
Somerset Pain Clinic,Pain Management,T1,Coty,Troy,Troy,Michigan,48084,3,6,2026-06-29,17,Unknown
Absolute wellness chiropractic,Chiropractic,T1,Sean,Other/Metro,Clawson,Michigan,48017,3,3,2026-06-08,38,Unknown
Advanced Physical Medicine,Pain Management,T1,Sean,Other/Metro,Saint Clair Shores,MI,48080,3,3,2026-04-27,80,Unknown
B.G.Tricounty Neurology and Sleep Clinic,Neurology,T1,Sean,Sterling Heights,Warren,MI,480937618,3,11,2026-03-24,114,Past due
Back and Neck Chiropractic Wellness Center,Chiropractic,T1,Sean,Troy,Troy,Michigan,48085,3,3,2026-06-05,41,Unknown
Ducharme Chiropractic,Chiropractic,T1,Sean,Troy,Rochester Hills,Michigan,48309,3,6,2026-05-19,58,Unknown
Embody Chiropractic,Chiropractic,T1,Sean,Troy,Troy,Michigan,48085,3,6,2026-06-05,41,Past due
"EVA SAHA, MD, PLC",Neurology,T1,Sean,Sterling Heights,CLINTON TOWNSHIP,Michigan,MI 48038,3,3,2026-04-21,86,Upcoming
Kraft Chiropractic Clinic,Chiropractic,T1,Sean,Troy,Rochester Hills,Michigan,48307,3,3,2026-05-27,50,Unknown
Macomb Neurology Associates,Neurology,T1,Sean,Sterling Heights,Warren,MI,48088,3,6,2026-05-13,64,Unknown
Macomb Pain Management,Pain Management,T1,Sean,Other/Metro,Shelby Township,Michigan,48316,3,9,2026-04-23,84,Past due
Pain Clinic of Michigan - Rochester Hills,Pain Management,T1,Sean,Troy,Rochester Hills,MI,48309,3,6,2026-05-20,57,Unknown
Rauch Chiropractic Life Center PLLC,Chiropractic,T1,Sean,Sterling Heights,Sterling Heights,Michigan,48310,3,7,2026-06-04,42,Unknown
Upchurch Chiropractic,Chiropractic,T1,Sean,Southfield,Royal Oak,Michigan,48073,3,3,2026-05-12,65,Unknown
VanEvery Family Chiropractic Center,Chiropractic,T1,Sean,Southfield,Royal Oak,Michigan,48073,3,6,2026-03-13,125,Unknown
WILLIAM BEAUMONT HOSPITAL CENTER FOR PAIN MEDICINE,Spine,T1,Sean,Southfield,ROYAL OAK,Michigan,MI 48073,3,12,2026-05-20,57,Unknown
Hesselberg Chiropractic,Chiropractic,T1,Kristen,Other/Metro,Ypsilanti,Michigan,48197,2,6,2026-04-27,80,Unknown
Hughey chiropractic,Chiropractic,T1,Kristen,Livonia,Westland,Michigan,48185,2,2,2026-07-06,10,Unknown
LMT REHABILITATION ASSOCIATES,Pain Management,T1,Kristen,Southfield,ROYAL OAK,Michigan,MI 48073,2,2,2026-05-21,56,Unknown
Lupo Chiropractic Center,Chiropractic,T1,Kristen,Other/Metro,Roseville,Michigan,48066,2,16,2026-05-04,73,Unknown
Michigan Spine and Pain,Pain Management,T1,Kristen,Other/Metro,West Bloomfield,MI,48322,2,7,2026-05-07,70,Unknown
Newland Medical Associates,Pain Management,T1,Kristen,Other/Metro,Bingham Farms,Michigan,48025,2,22,2026-07-08,8,Unknown
Novamed,Pain Management,T1,Kristen,Southfield,Southfield,Michigan,48034,2,7,2026-05-28,49,Unknown
Purdy Chiropractic Center,Chiropractic,T1,Kristen,Sterling Heights,Sterling Heights,Michigan,48310,2,2,2026-06-18,28,Unknown
Specialists in Rehabilitation Medicine Commerce Twp,PM&R,T1,Kristen,Other/Metro,Commerce Charter Township,Michigan,48382,2,2,2026-05-26,51,Unknown
Steven Schechter MD P.C.,Neurology,T1,Kristen,Other/Metro,West Bloomfield,MI,48322,2,2,2026-05-07,70,Unknown
Adult Medicine & Pediatrics at East Ann Arbor Health and Geriatrics Center,Spine,T1,Jasmine,Other/Metro,Ann Arbor,Michigan,48105,2,14,2026-04-15,92,Unknown
Applied modern health chiropractic????,Chiropractic,T1,Jasmine,Other/Metro,Dearborn Heights,Michigan,48127,2,0,2026-05-06,71,Unknown
BRYANT PRIMARY CARE Updated,Pain Management,T1,Jasmine,Livonia,DEARBORN,Michigan,48126,2,2,2026-04-02,105,Unknown
Duncan Chiropractic Group,Chiropractic,T1,Jasmine,Other/Metro,Brighton,Michigan,48114,2,12,2026-04-14,93,Unknown
F. Ali M.D. PLLC,Spine,T1,Jasmine,Livonia,Dearborn,Michigan,48124,2,2,2026-04-20,87,Unknown
IHA ARBOR PARK PRIMARY CARE,Pain Management,T1,Jasmine,Other/Metro,Ypsilanti,Michigan,48197,2,8,2026-03-09,129,Unknown
Integrative Healthcare Providers,Pain Management,T1,Jasmine,Other/Metro,Ann Arbor,Michigan,48104,2,11,2026-04-03,104,Unknown
Livingston Chiropractic,Chiropractic,T1,Jasmine,Other/Metro,Brighton,Michigan,48116,2,2,2026-04-14,93,Unknown
MANOR MEDICAL CENTER,Pain Management,T1,Jasmine,Livonia,DEARBORN,Michigan,48126,2,2,2026-04-02,105,Unknown
Michigan Chiropractic Specialists,Chiropractic,T1,Jasmine,Other/Metro,Garden City,Michigan,48135,2,10,2026-03-23,115,Unknown
Michigan Complete Chiropractic & Wellness,Chiropractic,T1,Jasmine,Other/Metro,,Michigan,48187,2,2,2026-04-30,77,Unknown
MIND - Dearborn,Pain Management,T1,Jasmine,Other/Metro,Dearborn Heights,Michigan,48127,2,8,2026-03-25,113,Unknown
PRIME CARE MEDICAL CLINIC,Spine,T1,Jasmine,Livonia,Dearborn,Michigan,48126,2,8,2026-04-30,77,Unknown
Stroia Chiropractic,Chiropractic,T1,Jasmine,Other/Metro,Southgate,Michigan,48195,2,4,2026-04-22,85,Unknown
Wardell Chiropractic,Chiropractic,T1,Jasmine,Other/Metro,Garden City,Michigan,48135,2,2,2026-03-23,115,Unknown
Zapor Chiropractic,Chiropractic,T1,Jasmine,Other/Metro,Brighton,Michigan,48116,2,2,2026-04-14,93,Unknown
Blue Water Pain Specialists - St Clair Shores,Pain Management,T1,Coty,Other/Metro,St. Clair Shores,Michigan,48081,2,8,2026-02-20,146,Unknown
Bone & Joint Surgery Center of Novi,Pain Management,T1,Coty,Livonia,Novi,Michigan,48374,2,0,2026-06-22,24,Unknown
COVENANT COMMUNITY CARE - Westland,Pain Management,T1,Coty,Livonia,Westland,Michigan,48185,2,0,2026-05-29,48,Unknown
Eastside Neurosurgery - Macomb,Neurosurgery,T1,Coty,Sterling Heights,Macomb,Michigan,48044,2,6,2026-04-15,92,Unknown
McLaren Macomb Neurology,Neurology,T1,Coty,Sterling Heights,Clinton Township,Michigan,48036,2,2,2026-03-26,112,Unknown
McLaren Macomb Primary Care,Pain Management,T1,Coty,Sterling Heights,Macomb,MI,48044,2,12,2026-07-10,6,Unknown
Michigan Institute for Neurological Disorders (MIND) - Farmington Hills,Pain Management,T1,Coty,Livonia,Farmington,Michigan,483342977,2,4,2026-05-28,49,Unknown
Mohan Neurosurgical CLOSED,Neurosurgery,T1,Coty,Troy,Troy,Michigan,48084,2,2,2026-03-24,114,Unknown
Neuro Pain Consultants - Macomb,Pain Management,T1,Coty,Sterling Heights,Macomb,Michigan,48044,2,2,2026-06-26,20,Unknown
Neuro Pain Consultants - Sterling Heights,Pain Management,T1,Coty,Sterling Heights,Sterling Heights,Michigan,48313,2,0,2026-06-26,20,Unknown
Primary Care Services -Westland,Pain Management,T1,Coty,Livonia,Westland,Michigan,48185,2,4,2026-05-29,48,Unknown
Advanced Health Chiropractic,Chiropractic,T1,Sean,Troy,Rochester Hills,Michigan,48307,2,4,2026-06-09,37,Unknown
Complete Spine and Joint Center,Chiropractic,T1,Sean,Southfield,Royal Oak,Michigan,48067,2,2,2026-05-18,59,Unknown
David S Weingarden MD & Associates,Pain Management,T1,Sean,Sterling Heights,Clinton Township,Michigan,48038,2,17,2026-03-26,112,Unknown
Embrace Life Chiropractic,Chiropractic,T1,Sean,Troy,Rochester Hills,Michigan,48309,2,2,2026-05-22,55,Unknown
Enhance Center - Clinton Township,Pain Management,T1,Sean,Sterling Heights,Clinton Township,Michigan,48038,2,14,2026-04-21,86,Unknown
Evolve Chiropractic,Chiropractic,T1,Sean,Sterling Heights,Clinton Township,Michigan,48035,2,3,2026-05-12,65,Unknown
Macomb Township Chiropractic,Chiropractic,T1,Sean,Sterling Heights,Macomb,MI,480441954,2,2,2026-05-26,51,Unknown
Michigan Advanced Pain & Spine,Spine,T1,Sean,Sterling Heights,Warren,Michigan,48088,2,6,2026-03-24,114,Unknown
Nu Life Medical - Shelby Township,Pain Management,T1,Sean,Other/Metro,Shelby Township,Michigan,48317,2,18,2026-04-23,84,Unknown
Office of Peter Samet MD,PM&R,T1,Sean,Southfield,Ferndale,MI,48220,2,2,2026-04-22,85,Unknown
Omni Medical Center,Pain Management,T1,Sean,Sterling Heights,Sterling Heights,Michigan,48312,2,2,2026-03-18,120,Unknown
Peer Chiropractic,Chiropractic,T1,Sean,Troy,Rochester,MI,483075160,2,2,2026-06-09,37,Unknown
Poirer Chiropractic,Chiropractic,T1,Sean,Other/Metro,Shelby Township,Michigan,48315,2,2,2026-05-26,51,Unknown
Sheldon Chiropractic & Wellness,Chiropractic,T1,Sean,Troy,Auburn Hills,Michigan,48326,2,4,2026-06-08,38,Unknown
Spinal Solutions Chiropractic & Wellness Center,Chiropractic,T1,Sean,Other/Metro,Shelby Township,Michigan,48316,2,4,2026-02-25,141,Unknown
Suburban Chiropractic,Chiropractic,T1,Sean,Other/Metro,St. Clair Shores,Michigan,48080,2,6,2026-04-27,80,Unknown
Thumb Coast Chiropractic,Chiropractic,T1,Kristen,Port Huron,Port Huron,Michigan,48060,1,3,2026-06-16,30,Unknown
Caudell Chiropractic,Chiropractic,T1,Jasmine,Other/Metro,Dearborn Heights,Michigan,48127,1,2,2026-02-26,140,Unknown
Cromwell family chiropractic,Chiropractic,T1,Jasmine,Livonia,Farmington,Michigan,48336,1,4,2026-03-30,108,Unknown
MICHIGAN INTERVENTIONAL PAIN CENTER (this is an ASC),Pain Management,T1,Jasmine,Other/Metro,Dearborn Heights,Michigan,48127,1,5,2026-01-26,171,Unknown
Michigan Spine & Brain Surgeons,Pain Management,T1,Jasmine,Southfield,Southfield,Michigan,48075,1,1,2026-07-09,7,Unknown
"Naaman MD, Saad",PM&R,T1,Jasmine,Southfield,Southfield,MI,48034,1,0,2026-07-01,15,Unknown
Pain Clinic of Michigan,Pain Management,T1,Jasmine,Livonia,Farmington Hills,Michigan,48336,1,0,2026-05-20,57,Unknown
PARK PLACE FAMILY PRACTICE AND INTERNAL MEDICINE,Pain Management,T1,Jasmine,Other/Metro,TAYLOR,Michigan,48180,1,4,2026-04-08,99,Unknown
The Joint Chiropractic - DBN Hgts (relocated?),Chiropractic,T1,Jasmine,Other/Metro,Dearborn Heights,Michigan,48127,1,5,2026-02-26,140,Past due
Arthritis Physicians,Pain Management,T1,Coty,Troy,Rochester Hills,Michigan,48307,1,4,2026-03-04,134,Unknown
Beaumont Neurosurgery,Neurosurgery,T1,Coty,Troy,Troy,MI,48085,1,1,2026-06-10,36,Unknown
Beaumont Royal Oak - Physical Medicine & Rehabilitation,PM&R,T1,Coty,Southfield,Royal Oak,MI,480736710,1,2,2026-02-26,140,Unknown
Bodyworks Chiropractic,Chiropractic,T1,Coty,Troy,Troy,Michigan,48083,1,1,2026-05-06,71,Unknown
John L Zinkel MD,Neurosurgery,T1,Coty,Other/Metro,St. Clair Shores,Michigan,48081,1,1,2026-04-01,106,Unknown
Jolly Neurological Clinic,Pain Management,T1,Coty,Other/Metro,Bloomfield Township,Michigan,48302,1,1,2026-06-05,41,Unknown
Macomb Pain Clinic,Pain Management,T1,Coty,Sterling Heights,Clinton Township,Michigan,48038,1,1,2026-03-26,112,Unknown
McLaren Center for Spine & Pain Management,Pain Management,T1,Coty,Sterling Heights,Clinton Township,Michigan,48036,1,0,2026-03-19,119,Unknown
McLaren Oakland Center for Spine & Pain Management,Pain Management,T1,Coty,Other/Metro,City of the Village of Clarkston,Michigan,48346,1,1,2026-03-02,136,Unknown
MEDPRO PRIMARY CARE - Waltz Rd,Pain Management,T1,Coty,Other/Metro,NEW BOSTON,Michigan,48164,1,8,2026-02-17,149,Unknown
MHC Neurology,Neurology,T1,Coty,Other/Metro,Shelby Township,MI,483156024,1,1,2026-04-27,80,Unknown
Michigan Head & Spine Institute - Macomb,Pain Management,T1,Coty,Sterling Heights,Clinton Township,Michigan,48038,1,7,2026-06-16,30,Unknown
Movement Orthopedics Urgent care,Pain Management,T1,Coty,Sterling Heights,Clinton Township,Michigan,48038,1,0,2026-04-15,92,Unknown
Orthopedic Institute of Michigan,Pain Management,T1,Coty,Livonia,Livonia,Michigan,48152,1,0,2026-06-22,24,Unknown
Precision Interventional Radiology,Spine,T1,Coty,Livonia,FARMINGTON HILLS,Michigan,48334,1,4,2026-03-09,129,Unknown
Premier Surgical Specialists,Pain Management,T1,Coty,Troy,Rochester Hills,Michigan,48307,1,5,2026-02-23,143,Unknown
Pure Healthy Back,Chiropractic,T1,Coty,Livonia,Novi,Michigan,48375,1,0,2026-04-14,93,Unknown
Rochester Neurological & Sleep Center,Neurology,T1,Coty,Troy,Rochester Hills,Michigan,48307,1,2,2026-06-05,41,Unknown
Salta Direct Primary Care - Clarkston,Pain Management,T1,Coty,Other/Metro,City of the Village of Clarkston,Michigan,48346,1,1,2026-03-02,136,Unknown
"Steven Newman MD,",PM&R,T1,Coty,Southfield,Southfield,MI,48034,1,0,2026-02-19,147,Unknown
Trinity Health System Pain Institute,Pain Management,T1,Coty,Other/Metro,Ypsilanti,Michigan,48197,1,4,2026-07-15,1,Unknown
Active Health Chiropractic Clinic,Chiropractic,T1,Sean,Other/Metro,Village of Clarkston,Michigan,48346,1,1,2026-06-02,44,Unknown
Baetens Chiropractic,Chiropractic,T1,Sean,Other/Metro,St. Clair Shores,Michigan,48081,1,2,2026-03-27,111,Unknown
Chiropractic & Integrative Health Specialists,Chiropractic,T1,Sean,Other/Metro,West Bloomfield,Michigan,48322,1,1,2026-05-20,57,Unknown
Clairpointe Family Chiropractic,Chiropractic,T1,Sean,Other/Metro,Grosse Pointe,Michigan,48236,1,2,2026-06-03,43,Unknown
Duchene Chiropractic Center,Chiropractic,T1,Sean,Sterling Heights,Clinton Township,MI,480352508,1,0,2026-03-19,119,Unknown
Eisman Chiropractic Clinic,Chiropractic,T1,Sean,Other/Metro,Detroit,MI,48235,1,1,2026-02-18,148,Unknown
Insight Pain Clinic - Warren,Pain Management,T1,Sean,Sterling Heights,Warren,Michigan,48091,1,6,2026-05-05,72,Unknown
Johr Chiropractic PLLC,Chiropractic,T1,Sean,Other/Metro,St. Clair Shores,Michigan,48081,1,1,2026-05-06,71,Unknown
Lukosavich Chiropractic Center,Chiropractic,T1,Sean,Other/Metro,,Michigan,48315,1,1,2026-05-06,71,Unknown
Madison Heights Chiropractic Center,Chiropractic,T1,Sean,Other/Metro,Madison Heights,MI,480712710,1,3,2026-03-25,113,Unknown
Pain Away Centers,Pain Management,T1,Sean,Other/Metro,,Michigan,48322,1,2,2026-05-20,57,Unknown
Shoreline chiropractic center,Chiropractic,T1,Sean,Other/Metro,St. Clair Shores,Michigan,48082,1,3,2026-05-06,71,Unknown
Spinal Recovery Center,Pain Management,T1,Sean,Sterling Heights,Warren,Michigan,48092,1,1,2026-04-16,91,Unknown
Sudad Louis MD,Neurology,T1,Sean,Sterling Heights,Sterling Heights,Michigan,48310,1,1,2026-04-28,79,Unknown
The Joint Chiropractic - Royal Oak,Chiropractic,T1,Sean,Southfield,Royal Oak,Michigan,48067,1,3,2026-05-12,65,Unknown
The Joint Chiropractic - Troy,Chiropractic,T1,Sean,Troy,Troy,Michigan,48083,1,4,2026-03-25,113,Unknown
Total Health Systems,Pain Management,T1,Sean,Other/Metro,St. Clair Shores,Michigan,48082,1,1,2026-05-06,71,Unknown
Tri-County Neurological Associates,Neurology,T1,Sean,Sterling Heights,Clinton Township,MI,480384300,1,1,2026-02-06,160,Unknown
"REHABILITATION PHYSICIANS, PC",Spine,T1,Roshelle Brockman,Livonia,NOVI,Michigan,MI 48377,1,0,2026-07-01,15,Unknown
UNIVERSITY PAIN CLINIC ASSOCIATES,Spine,T1,Roshelle Brockman,Other/Metro,Detroit,Michigan,48201,1,4,2026-02-24,142,Unknown
"WESTERN WAYNE PHYSICIANS, PLC",Spine,T1,Roshelle Brockman,Livonia,DEARBORN,Michigan,,1,3,2026-03-27,111,Unknown
Dedicated Senior Medical Center - Warren,Orthopedics,T2,Jasmine,Sterling Heights,Warren,Michigan,48091,17,116,2026-06-25,21,Unknown
DEDICATED SENIOR MEDICAL CENTER - Southfield,Orthopedics,T2,Jasmine,Southfield,Southfield,Michigan,48076,16,80,2026-06-25,21,Unknown
Michigan Auto Law,Attorney (WC/PI),T2,Kristen,Livonia,Farmington Hills,Michigan,48334,12,53,2026-04-29,78,Unknown
Elia & Ponto Law,Attorney (WC/PI),T2,Kristen,Southfield,Southfield,Michigan,48075,11,22,2026-06-25,21,Unknown
Marko Law,Attorney (WC/PI),T2,Kristen,Other/Metro,Detroit,Michigan,48226,10,15,2026-03-26,112,Unknown
Sam Bernstein Law,Attorney (WC/PI),T2,Kristen,Livonia,Farmington Hills,Michigan,48334,10,19,2026-07-09,7,Unknown
Ciarlone Orthopedics,Orthopedics,T2,Coty,Troy,Rochester Hills,Michigan,48307,8,8,2026-07-15,1,Unknown
Beaumont Orthopedic Institute,Orthopedics,T2,Sean,Southfield,Royal Oak,MI,48073,8,8,2026-05-06,71,Unknown
Michigan Urgent Care - Livonia,Orthopedics,T2,Jasmine,Livonia,Livonia,Michigan,48152,7,21,2026-07-16,0,Unknown
Fenkell Sports Medicine,Orthopedics,T2,Coty,Troy,Troy,Michigan,48085,7,0,2026-06-12,34,Unknown
Kajy Law,Attorney (WC/PI),T2,Kristen,Southfield,Southfield,Michigan,48075,6,7,2026-06-29,17,Unknown
Core Institute/Henry Ford Motor City Orthopedics & PT- Southfield,Orthopedics,T2,Jasmine,Southfield,Southfield,Michigan,48075,6,45,2026-07-09,7,Unknown
Michigan Orthopedic Surgeons- Southfield,Orthopedics,T2,Jasmine,Southfield,Southfield,Michigan,48033,6,23,2026-07-01,15,Unknown
Family Medicine,Orthopedics,T2,Coty,Other/Metro,Allen Park,Michigan,48101,6,21,2026-07-14,2,Unknown
Mark Sisson Law,Attorney (WC/PI),T2,Kristen,Other/Metro,Bingham Farms,Michigan,48025,5,11,2026-07-08,8,Unknown
Mike Morse Law Firm,Attorney (WC/PI),T2,Kristen,Southfield,Southfield,Michigan,48075,5,125,2026-06-24,22,Unknown
Pryde Athletics and Physical Therapy,Physical Therapy,T2,Kristen,Other/Metro,Canton,Michigan,48188,5,28,2026-06-11,35,Unknown
Safir Law,Attorney (WC/PI),T2,Kristen,Southfield,Southfield,Michigan,48034,5,9,2026-02-27,139,Unknown
SEVA Law,Attorney (WC/PI),T2,Kristen,Troy,Troy,Michigan,48084,5,7,2026-05-02,75,Unknown
Victor Valentino Law,Attorney (WC/PI),T2,Kristen,Other/Metro,,Michigan,48302,5,5,2026-05-15,62,Unknown
CANTON URGENT CARE,Orthopedics,T2,Jasmine,Other/Metro,Canton,Michigan,48187,5,5,2026-07-15,1,Unknown
DMC SPORTS MEDICINE NOVI,Sports Medicine,T2,Jasmine,Livonia,NOVI,MI,48377,5,21,2026-06-24,22,Unknown
Michigan Orthopedic Surgeons - Novi,Orthopedics,T2,Jasmine,Livonia,Novi,Michigan,48374,5,19,2026-07-10,6,Unknown
Newland Medical Associates (rheumatology),Rheumatology,T2,Jasmine,Livonia,Novi,Michigan,48377,5,5,2026-06-24,22,Unknown
Team Rehabilitation physical therapy,Physical Therapy,T2,Jasmine,Livonia,Livonia,Michigan,48152,5,24,2026-07-16,0,Unknown
Trinity IHA Orthopedics - Schoolcraft,Orthopedics,T2,Jasmine,Livonia,Livonia,Michigan,48152,5,17,2026-07-16,0,Unknown
Trinity URGENT CARE CANTON,Orthopedics,T2,Jasmine,Other/Metro,Canton,Michigan,48188,5,120,2026-07-15,1,Unknown
DMC Orthopedics & Sports Medicine - Warren,Sports Medicine,T2,Coty,Other/Metro,Sterling Heihhts,MI,48312,5,40,2026-06-26,20,Unknown
Greater Michigan Orthopedics and Sports Medicine - Warren,Orthopedics,T2,Coty,Sterling Heights,Warren,Michigan,48088,5,10,2026-06-01,45,Unknown
"Julie Henry, MD",Orthopedics,T2,Coty,Sterling Heights,Warren,Michigan,48088,5,5,2026-06-18,28,Unknown
Stonebridge Orthopedics,Orthopedics,T2,Coty,Other/Metro,Shelby Township,Michigan,48315,5,25,2026-07-07,9,Unknown
Michigan Knee and Hip - Troy,Orthopedics,T2,Sean,Troy,Troy,Michigan,48085,5,21,2026-04-22,85,Unknown
Michigan Orthopedic Surgeons - Troy,Orthopedics,T2,Sean,Troy,Troy,Michigan,48098,5,20,2026-05-06,71,Unknown
Michigan Surgery Specialists,Orthopedics,T2,Sean,Sterling Heights,Warren,Michigan,48093,5,9,2026-07-07,9,Unknown
Michigan Surgery Specialists - Auburn Hills,Orthopedics,T2,Sean,Troy,Auburn Hills,Michigan,48326,5,25,2026-06-02,44,Unknown
AttyMike,Attorney (WC/PI),T2,Kristen,Troy,Troy,Michigan,48083,4,4,2026-04-29,78,Unknown
Pryde Athletics and Physical Therapy,Physical Therapy,T2,Kristen,Other/Metro,Northville,Michigan,48168,4,0,2026-06-11,35,Unknown
Stempien Law,Attorney (WC/PI),T2,Kristen,Livonia,Livonia,Michigan,48152,4,6,2026-06-30,16,Unknown
Team Rehabilitation  - Washington,Physical Therapy,T2,Kristen,Other/Metro,Washington,Michigan,48095,4,19,2026-06-25,21,Unknown
Wigod & Falzon,Attorney (WC/PI),T2,Kristen,Southfield,Southfield,Michigan,48034,4,24,2026-05-29,48,Unknown
ATI,Physical Therapy,T2,Jasmine,Livonia,Livonia,Michigan,48150,4,12,2026-07-08,8,Unknown
BEAUMONT URGENT CARE BY WELLSTREET,Orthopedics,T2,Jasmine,Livonia,Dearborn,Michigan,48124,4,8,2026-06-11,35,Unknown
Bluestone PT/OT/ST,Physical Therapy,T2,Jasmine,Livonia,Livonia,Michigan,48150,4,16,2026-06-26,20,Unknown
"CARSON, DARCELLE M, MEDICAL GROUP",Orthopedics,T2,Jasmine,Livonia,Livonia,Michigan,48150,4,3,2026-06-09,37,Unknown
EASTPOINTE URGENT CARE,Orthopedics,T2,Jasmine,Other/Metro,EASTPOINTE,Michigan,,4,4,2026-05-12,65,Unknown
Libra Physical Therapy,Physical Therapy,T2,Jasmine,Other/Metro,Canton,Michigan,48187,4,0,2026-07-06,10,Unknown
MICHIGAN ORTHOPEDIC SPECIALISTS - Farmington Hills,Orthopedics,T2,Jasmine,Livonia,FARMINGTON HILLS,MI,48336,4,7,2026-07-02,14,Unknown
NORLIVO INTERNAL MEDICINE,Orthopedics,T2,Jasmine,Livonia,Livonia,Michigan,48152,4,8,2026-06-09,37,Unknown
Oakland Rehabilitation Associates,Physical Therapy,T2,Jasmine,Livonia,Novi,MI,48375-1878,4,4,2026-07-15,1,Unknown
ORTHOPEDIC INSTITUTE OF MICHIGAN,Orthopedics,T2,Jasmine,Livonia,LIVONIA,MI,48152,4,16,2026-07-08,8,Unknown
"ORTHOPEDIC SURGERY SPECIALISTS, PLLC",Orthopedics,T2,Jasmine,Livonia,NOVI,MI,48375,4,8,2026-07-10,6,Unknown
Plymouth urgent care walk-in clinic,Orthopedics,T2,Jasmine,Other/Metro,Plymouth,Michigan,48170,4,4,2026-07-13,3,Unknown
SOUTH HURON URGENT CARE (CAT 3),Orthopedics,T2,Jasmine,Other/Metro,Ypsilanti,Michigan,48197,4,8,2026-06-08,38,Unknown
THE PILOT DOCTORS,Orthopedics,T2,Jasmine,Other/Metro,Plymouth,Michigan,48170,4,8,2026-07-13,3,Unknown
Trinity IHA Orthopedics - West Arbor,Orthopedics,T2,Jasmine,Other/Metro,ANN ARBOR,MI,48103,4,16,2026-07-06,10,Unknown
TRINITY IHA RHEUMATOLOGY - WESTARBOR,Rheumatology,T2,Jasmine,Other/Metro,Ann Arbor,Michigan,48103,4,22,2026-07-06,10,Unknown
Associated Orthopedists of Detroit-Shelby Township,Orthopedics,T2,Coty,Other/Metro,Shelby Township,Michigan,48315,4,36,2026-07-07,9,Unknown
Beacon Orthopedics of Michigan - Livonia,Orthopedics,T2,Coty,Livonia,Livonia,Michigan,48152,4,8,2026-05-08,69,Unknown
GREAT LAKES ORTHOPAEDICS,Orthopedics,T2,Coty,Other/Metro,GARDEN CITY,MI,48135,4,8,2026-07-14,2,Unknown
MHP Orthopedics - Madison Heights,Orthopedics,T2,Coty,Other/Metro,Madison Heights,Michigan,48071,4,12,2026-06-01,45,Unknown
Michigan Surgery Specialists  - Roseville,Orthopedics,T2,Coty,Other/Metro,Roseville,Michigan,48066,4,8,2026-07-07,9,Unknown
Michigan Surgery Specialists - Shelby Township,Orthopedics,T2,Coty,Other/Metro,Shelby Township,Michigan,48315,4,0,2026-07-07,9,Unknown
Motor City Ortho - Howell,Orthopedics,T2,Coty,Other/Metro,Howell,Michigan,48843,4,0,2026-07-16,0,Unknown
Poley Sports Medicine,Orthopedics,T2,Coty,Troy,Rochester Hills,Michigan,48307,4,4,2026-06-23,23,Unknown
Premier Orthopedics,Orthopedics,T2,Coty,Livonia,Dearborn,Michigan,48126,4,8,2026-07-14,2,Unknown
Specialists in Spine Surgery - Garden City,Orthopedics,T2,Coty,Other/Metro,Garden City,Michigan,48135,4,8,2026-07-14,2,Unknown
University Orthopedic Specialists,Orthopedics,T2,Coty,Troy,Rochester,MI,48307,4,56,2026-07-06,10,Unknown
Arthritis and Internal Medicine,Rheumatology,T2,Sean,Sterling Heights,Sterling Heights,Michigan,48310,4,4,2026-06-05,41,Unknown
Center for Advanced Orthopedics,Orthopedics,T2,Sean,Troy,Auburn Hills,Michigan,48326,4,59,2026-05-15,62,Unknown
Institute for Athletic Medicine,Orthopedics,T2,Sean,Troy,Auburn Hills,Michigan,48326,4,8,2026-05-22,55,Unknown
Michigan Orthopedic Surgeons - Royal Oak,Orthopedics,T2,Sean,Southfield,Royal Oak,MI,480730980,4,13,2026-05-06,71,Unknown
Athlete Republic - Shelby Township,Sports Medicine,T2,Kristen,Other/Metro,Shelby Township,Michigan,48315,3,6,2026-06-22,24,Unknown
Christensen Law,Attorney (WC/PI),T2,Kristen,Southfield,Southfield,Michigan,48033,3,3,2026-03-17,121,Unknown
Femminineo Law,Attorney (WC/PI),T2,Kristen,Other/Metro,Mount Clemens,Michigan,48043,3,6,2026-04-09,98,Unknown
Fran Murphy Law,Attorney (WC/PI),T2,Kristen,Other/Metro,St. Clair Shores,Michigan,48081,3,3,2026-05-28,49,Unknown
Henry Ford Orthopedics & Sports Medicine - Chesterfield,Orthopedics,T2,Kristen,Other/Metro,New Baltimore,Michigan,48047,3,12,2026-06-09,37,Unknown
Ivy Rebab for Kids,Physical Therapy,T2,Kristen,Livonia,Livonia,Michigan,48150,3,9,2026-06-29,17,Unknown
Ivy Rehab - Farmington,Physical Therapy,T2,Kristen,Livonia,Farmington,Michigan,48336,3,3,2026-06-08,38,Unknown
Ivy Rehab - Rochester Hills,Physical Therapy,T2,Kristen,Troy,Rochester Hills,Michigan,48307,3,3,2026-06-23,23,Unknown
"Liss, Shapero & Mitnick",Attorney (WC/PI),T2,Kristen,Southfield,Berkley,Michigan,48072,3,6,2026-06-25,21,Unknown
Luxon and Zang,Attorney (WC/PI),T2,Kristen,Southfield,Southfield,Michigan,48034,3,3,2026-06-18,28,Unknown
Metropolitan Orthopedic Associates,Orthopedics,T2,Kristen,Other/Metro,Grosse Pointe,Michigan,48230,3,6,2026-07-07,9,Unknown
Michigan Rheumatology Port Huron,Rheumatology,T2,Kristen,Port Huron,Port Huron,Michigan,48060,3,6,2026-06-25,21,Unknown
Neil King Physical Therapy,Physical Therapy,T2,Kristen,Troy,Rochester Hills,MI,48307-4103,3,57,2026-06-08,38,Unknown
"NORTHVILLE PHYSICAL REHABILITATION, PC",Physical Therapy,T2,Kristen,Other/Metro,NORTHVILLE,Michigan,MI 48167,3,9,2026-06-04,42,Unknown
Plymouth PT,Physical Therapy,T2,Kristen,Other/Metro,Plymouth,Michigan,48170,3,15,2026-06-04,42,Unknown
Primal Recovery and PT,Physical Therapy,T2,Kristen,Livonia,Livonia,Michigan,48150,3,6,2026-06-30,16,Unknown
Ross Law,Attorney (WC/PI),T2,Kristen,Southfield,Southfield,Michigan,48034,3,3,2026-05-29,48,Unknown
Souva PT and Performance,Physical Therapy,T2,Kristen,Other/Metro,,Michigan,48316,3,3,2026-06-22,24,Unknown
Steinberg Law Firm,Attorney (WC/PI),T2,Kristen,Southfield,Southfield,Michigan,48034,3,3,2026-04-02,105,Unknown
Team Rehabilitation,Physical Therapy,T2,Kristen,Other/Metro,Northville,Michigan,48167,3,9,2026-06-04,42,Unknown
All-Pro Physical Therapy,Physical Therapy,T2,Jasmine,Other/Metro,Canton,Michigan,48187,3,6,2026-06-02,44,Unknown
Corwell health orthopedics Canton,Orthopedics,T2,Jasmine,Other/Metro,Canton,Michigan,48187,3,9,2026-06-02,44,Unknown
"DEARBORN FAMILY CLINIC, PC",Orthopedics,T2,Jasmine,Livonia,Dearborn,Michigan,48124,3,18,2026-04-20,87,Unknown
Doctors of physical therapy and hand therapy,Physical Therapy,T2,Jasmine,Other/Metro,Brighton,Michigan,48114,3,9,2026-06-05,41,Unknown
Ethos Physical Therapy,Physical Therapy,T2,Jasmine,Other/Metro,Plymouth,Michigan,48170,3,13,2026-07-13,3,Unknown
Henry Ford Athletic Medicine - Novi (relevance?),Sports Medicine,T2,Jasmine,Livonia,Novi,Michigan,48377,3,21,2026-06-24,22,Unknown
Henry Ford Rheumatology - Novi (relocated),Rheumatology,T2,Jasmine,Livonia,Novi,Michigan,48377,3,9,2026-06-24,22,Unknown
IHA ORTHOPAEDIC SURGERY ASSOCIATES - CANTON,Orthopedics,T2,Jasmine,Other/Metro,CANTON,MI,48188,3,12,2026-06-02,44,Unknown
Jeffrey T. Najor Internal Medicine,Orthopedics,T2,Jasmine,Southfield,Southfield,Michigan,48033,3,0,2026-07-01,15,Unknown
LIVINGSTON MEDICAL CENTER,Orthopedics,T2,Jasmine,Other/Metro,Brighton,Michigan,48116,3,7,2026-06-05,41,Unknown
Meridian Rehab,Physical Therapy,T2,Jasmine,Other/Metro,Garden City,Michigan,48135,3,6,2026-06-15,31,Unknown
MI Express Urgent Care,Orthopedics,T2,Jasmine,Other/Metro,Ann Arbor,Michigan,48103,3,3,2026-06-11,35,Unknown
Michigan Orthopedic Specialists,Orthopedics,T2,Jasmine,Other/Metro,Canton,Michigan,48187,3,9,2026-07-02,14,Unknown
Plymouth physical therapy services,Physical Therapy,T2,Jasmine,Other/Metro,Garden City,Michigan,48135,3,27,2026-04-23,84,Unknown
Trinity Health Orthopedic group-Ypsilanti,Orthopedics,T2,Jasmine,Other/Metro,Ypsilanti,Michigan,48197,3,78,2026-06-30,16,Unknown
Trinity IHA Pediatrics - Arbor Park,Orthopedics,T2,Jasmine,Other/Metro,Ypsilanti,Michigan,48197,3,33,2026-05-18,59,Unknown
UNIVERSITY OF MICHIGAN YPSILANTI HEALTH CENTER,Orthopedics,T2,Jasmine,Other/Metro,Ypsilanti,Michigan,48197,3,15,2026-07-07,9,Unknown
Urgent Care (may be closed),Orthopedics,T2,Jasmine,Livonia,Dearborn,Michigan,48124,3,6,2026-06-11,35,Unknown
VAN BUREN URGENT CARE,Orthopedics,T2,Jasmine,Other/Metro,Belleville,Michigan,48111,3,3,2026-05-28,49,Unknown
ANDERSON SPORTS MEDICINE,Orthopedics,T2,Coty,Other/Metro,Bingham Farms,Michigan,48025,3,12,2026-07-08,8,Unknown
Beaumont Rheumatology Associates,Rheumatology,T2,Coty,Livonia,Farmington Hills,Michigan,48336,3,6,2026-07-08,8,Unknown
Dennis G Kelly DO,Orthopedics,T2,Coty,Other/Metro,Madison Heights,MI,480713491,3,2,2026-05-01,76,Unknown
Motor City Orthopedics - Warren,Orthopedics,T2,Coty,Sterling Heights,Warren,Michigan,48093,3,12,2026-05-05,72,Unknown
"TRI COUNTY ORTHOPEDICS, PC",Orthopedics,T2,Coty,Livonia,FARMINGTON HILLS,MI,48336,3,6,2026-07-08,8,Unknown
Michigan Orthopedic Surgeons - Kirts Blvd,Orthopedics,T2,Sean,Troy,Troy,Michigan,480844851,3,13,2026-05-06,71,Past due
MICHIGAN ORTHOPEDIC SPECIALISTS,Orthopedics,T2,Roshelle Brockman,Livonia,DEARBORN,MI,48124,3,16,2026-07-02,14,Unknown
Applebaum & Stone,Attorney (WC/PI),T2,Kristen,Southfield,Southfield,Michigan,48076,2,4,2026-03-16,122,Unknown
Arthritis Specialist of Michigan,Rheumatology,T2,Kristen,Southfield,Royal Oak,Michigan,48073,2,4,2026-05-21,56,Unknown
Athlete Lab,Sports Medicine,T2,Kristen,Livonia,Farmington Hills,Michigan,48335,2,6,2026-05-11,66,Unknown
Athletico Physical Therapy - Canton,Physical Therapy,T2,Kristen,Other/Metro,,Michigan,48187,2,4,2026-05-20,57,Unknown
DMC Orthopedics - Commerce Township,Orthopedics,T2,Kristen,Other/Metro,,Michigan,48382,2,6,2026-07-07,9,Unknown
Draugelis and Draugelis,Attorney (WC/PI),T2,Kristen,Other/Metro,St. Clair Shores,Michigan,48080,2,8,2026-07-09,7,Unknown
Giroux and Pappas Law,Attorney (WC/PI),T2,Kristen,Livonia,Farmington Hills,Michigan,48334,2,2,2026-05-28,49,Unknown
Ivy Rehab - Clinton Township,Physical Therapy,T2,Kristen,Other/Metro,,Michigan,48035,2,2,2026-06-15,31,Unknown
Ivy Rehab - Livonia,Physical Therapy,T2,Kristen,Livonia,Livonia,Michigan,48150,2,2,2026-06-29,17,Unknown
Ivy Rehab - Novi,Physical Therapy,T2,Kristen,Livonia,Novi,Michigan,48377,2,3,2026-06-01,45,Unknown
Limitless Physical Therapy and Performance,Physical Therapy,T2,Kristen,Troy,Rochester,Michigan,48307,2,6,2026-06-10,36,Unknown
Morgan and Morgan,Attorney (WC/PI),T2,Kristen,Other/Metro,Detroit,Michigan,48226,2,2,2026-05-14,63,Unknown
Overhead Athletic,Sports Medicine,T2,Kristen,Livonia,Farmington Hills,Michigan,48335,2,4,2026-05-11,66,Unknown
Performance Edge Physical Therapy,Physical Therapy,T2,Kristen,Livonia,Livonia,Michigan,48150,2,2,2026-06-30,16,Unknown
Associated Rheumatology Consultants,Rheumatology,T2,Jasmine,Livonia,Farmington Hills,Michigan,48334,2,8,2026-03-09,129,Unknown
ATI PHYSICAL THERAPY,Physical Therapy,T2,Jasmine,Other/Metro,Brighton,Michigan,48116,2,2,2026-04-14,93,Unknown
CORNER HEALTH CENTER (Medicaid),Orthopedics,T2,Jasmine,Other/Metro,YPSILANTI,Michigan,48197,2,10,2026-06-18,28,Unknown
Plymouth Physical Thearapy Specialists of Brighton,Physical Therapy,T2,Jasmine,Other/Metro,Brighton,Michigan,48116,2,6,2026-04-14,93,Unknown
Plymouth physical therapy specialist,Physical Therapy,T2,Jasmine,Other/Metro,Ann Arbor,MI,48104-4250,2,8,2026-04-15,92,Unknown
Roberts Orthopedic Services,Orthopedics,T2,Jasmine,Southfield,Southfield,Michigan,48034,2,4,2026-06-30,16,Unknown
Team Rehabilitation Sg LLC,Physical Therapy,T2,Jasmine,Other/Metro,Southgate,MI,48195-2689,2,8,2026-04-22,85,Unknown
WATCH US GROW PEDIATRICS,Orthopedics,T2,Jasmine,Other/Metro,Trenton,Michigan,48183,2,10,2026-03-17,121,Unknown
Associated Orthopedists of Detroit-St Clair Shores,Orthopedics,T2,Coty,Other/Metro,St. Clair Shores,Michigan,48080,2,4,2026-06-18,28,Unknown
Center for Orthopedic Surgery,Orthopedics,T2,Coty,Sterling Heights,Clinton Township,Michigan,48036,2,6,2026-03-26,112,Unknown
Core Institute - Brighton,Orthopedics,T2,Coty,Other/Metro,Brighton,Michigan,48114,2,6,2026-04-14,93,Unknown
Emergency Medicine Specialists (of TeamHealth),ER,T2,Coty,Sterling Heights,Macomb,Michigan,48044,2,0,2026-04-15,92,Unknown
Michigan Center For Orthopedics,Orthopedics,T2,Coty,Other/Metro,Clarkston,MI,48346,2,0,2026-06-08,38,Unknown
MOTOR CITY ORTHOPEDICS - Novi,Orthopedics,T2,Coty,Livonia,NOVI,MI,48374,2,24,2026-06-22,24,Unknown
Movement Orthopedics,Orthopedics,T2,Coty,Sterling Heights,Clinton Township,Michigan,48038,2,6,2026-06-16,30,Unknown
Orthopedic Surgery of Macomb,Orthopedics,T2,Coty,Sterling Heights,Clinton Township,Michigan,48038,2,4,2026-07-10,6,Unknown
St Clair Orthpaedics & Sports Medicine - Macomb,Orthopedics,T2,Coty,Sterling Heights,Macomb,Michigan,48042,2,12,2026-05-06,71,Unknown
Team Rehab,Physical Therapy,T2,Coty,Other/Metro,Bingham Farms,Michigan,48025,2,8,2026-05-12,65,Unknown
Henry Ford Medical Center - Lakeside,Orthopedics,T2,Sean,Sterling Heights,Sterling Heights,MI,48313,2,16,2026-03-31,107,Unknown
St Clair Orthopaedics & Sports Medicine - St Clair Shores,Orthopedics,T2,Sean,Other/Metro,Saint Clair Shores,MI,480801186,2,10,2026-05-06,71,Unknown
Athletico - Rochester Hills,Physical Therapy,T2,Kristen,Troy,Rochester Hills,Michigan,48307,1,1,2026-05-18,59,Unknown
Azzo Law,Attorney (WC/PI),T2,Kristen,Troy,Birmingham,Michigan,48009,1,1,2026-06-17,29,Unknown
Black Law,Attorney (WC/PI),T2,Kristen,Port Huron,Port Huron,Michigan,48060,1,1,2026-01-23,174,Unknown
Empower Physical Therapy and Fitness,Physical Therapy,T2,Kristen,Other/Metro,,Michigan,48038,1,2,2026-06-15,31,Unknown
Hamo Law,Attorney (WC/PI),T2,Kristen,Other/Metro,Flint,Michigan,48502,1,2,2026-06-24,22,Unknown
MVPT,Physical Therapy,T2,Kristen,Other/Metro,Bloomfield Hills,Michigan,48302,1,3,2026-01-20,177,Unknown
Ross Gilders Law,Attorney (WC/PI),T2,Kristen,Southfield,Royal Oak,Michigan,48067,1,2,2026-04-02,105,Unknown
Team Rehab - SMA Bloomfield Hills,Physical Therapy,T2,Kristen,Other/Metro,,Michigan,48304,1,6,2026-05-06,71,Unknown
Top Dog Law,Attorney (WC/PI),T2,Kristen,Other/Metro,Detroit,Michigan,48226,1,0,2026-05-06,71,Unknown
Vanstone Injury Law,Attorney (WC/PI),T2,Kristen,Other/Metro,,Michigan,48322,1,4,2026-02-27,139,Unknown
Whiting Law,Attorney (WC/PI),T2,Kristen,Southfield,Southfield,Michigan,48034,1,2,2026-01-21,176,Unknown
ATI THERAPY,Physical Therapy,T2,Jasmine,Other/Metro,Van Buren Township,Michigan,48111,1,3,2026-03-09,129,Unknown
SPECIALISTS IN SPINE SURGERY - Farmington Hills,Orthopedics,T2,Jasmine,Livonia,FARMINGTON HILLS,MI,48336,1,2,2026-02-12,154,Unknown
WOODHAVEN PEDIATRICS,Orthopedics,T2,Jasmine,Other/Metro,Woodhaven,Michigan,48183,1,6,2026-01-29,168,Unknown
ARTHRITIS PHYSICIANS - Sterling Heights,Rheumatology,T2,Coty,Sterling Heights,Sterling Heights,Michigan,48314,1,0,2026-03-04,134,Unknown
Eastside Surgical Associates,Orthopedics,T2,Coty,Other/Metro,New Baltimore,Michigan,48047,1,2,2026-05-07,70,Unknown
Health Care Team PC,Physical Therapy,T2,Coty,Troy,Troy,MI,48084-7067,1,0,2026-04-13,94,Unknown
Healthquest,Physical Therapy,T2,Coty,Sterling Heights,Clinton Township,MI,48036-2362,1,0,2026-03-26,112,Unknown
INTEGROWTH ORTHOPEDIC SPECIALISTS,Orthopedics,T2,Coty,Livonia,NOVI,MI,48374,1,0,2026-06-22,24,Unknown
Lederman Kwartowitz - Brighton,Orthopedics,T2,Coty,Other/Metro,Brighton,Michigan,48116,1,2,2026-02-11,155,Unknown
Marina Physical Therapy LLC,Physical Therapy,T2,Coty,Troy,Rochester,Michigan,48307,1,0,2026-03-17,121,Unknown
METRO RHEUMATOLOGY,Rheumatology,T2,Coty,Livonia,Westland,Michigan,48186,1,1,2026-05-29,48,Unknown
Michigan Brain & Spine - Warren,Pain Management,T2,Coty,Sterling Heights,Warren,Michigan,48093,1,6,2026-01-15,182,Unknown
Oppenheimer Spine & Pain Clinic,Orthopedics,T2,Coty,Sterling Heights,Warren,Michigan,48092,1,1,2026-03-10,128,Unknown
Osman Spine Clinic,Orthopedics,T2,Coty,Sterling Heights,Warren,Michigan,48092,1,1,2026-03-10,128,Unknown
Shenandoah Health Center CLOSED,Orthopedics,T2,Coty,Other/Metro,Clawson,Michigan,48017,1,2,2026-02-26,140,Unknown
Southeast Michigan Center for Orthopedics - Rochester Hlls,Orthopedics,T2,Coty,Troy,Rochester Hills,Michigan,48307,1,2,2026-02-23,143,Unknown
Southeast Michigan Center for Orthopedics - Troy,Orthopedics,T2,Coty,Troy,TROY,MI,48098,1,0,2026-05-06,71,Unknown
"TRENTON TOTAL HEALTH CARE CENTER, PC",Orthopedics,T2,Coty,Other/Metro,Trenton,Michigan,48183,1,5,2026-03-27,111,Unknown
Harper Chiropractic Center,Chiropractic,T2,Sean,Other/Metro,St. Clair Shores,Michigan,48081,1,2,2026-01-16,181,Unknown
McLaren Macomb Orthopedics & Trauma,Orthopedics,T2,Sean,Other/Metro,Mount Clemens,MI,480432967,1,4,2026-02-02,164,Unknown
MCLAREN MACOMB OSTEOPATHIC MANIPULATIVE MEDICINE,Orthopedics,T2,Sean,Other/Metro,MOUNT CLEMENS,MI,48043,1,4,2026-02-02,164,Unknown
Michigan Orthopedic Surgeons - Shelby Township,Orthopedics,T2,Sean,Other/Metro,Shelby Township,Michigan,48315,1,1,2026-01-22,175,Unknown
NuVision Health Center,Chiropractic,T2,Sean,Sterling Heights,Macomb,Michigan,48044,1,1,2026-01-02,195,Unknown
ASCENSION MYHEALTH URGENT CARE TROY- Closed,Orthopedics,T2,,Troy,TROY,Michigan,,1,0,2026-02-11,155,Unknown
RITEMED URGENT CARE,Orthopedics,T2,,Livonia,WESTLAND,Michigan,,1,2,2026-01-26,171,Unknown
"Theresa Thomas D.O., Suite B",Orthopedics,T2,,Other/Metro,City of the Village of Clarkston,Michigan,48346,1,0,2026-04-20,87,Unknown
WAYNE WESTLAND PRIMARY AND URGENT CARE,Orthopedics,T2,,Other/Metro,WAYNE,Michigan,,1,1,2026-02-13,153,Unknown
WOODLAND URGENT CARE- Closed,Orthopedics,T2,,Other/Metro,DETROIT,Michigan,,1,0,2026-02-24,142,Unknown
Lederman Kwartowitz Center for Orthopedics & Sports Medicine,Orthopedics,T2,Roshelle Brockman,Other/Metro,West Bloomfield,MI,48323,1,1,2026-05-04,73,Unknown
Jettie Chiropractic Center,Chiropractic,T2,Jasmine,Livonia,Farmington Hills,Michigan,48334,0,0,2025-11-14,244,Unknown
MIND-Riverview,Pain Management,T2,Jasmine,Other/Metro,Riverview,Michigan,48193,0,0,,,Unknown
The Joint Chiropractic - Allen Park,Chiropractic,T2,Jasmine,Other/Metro,Allen Park,Michigan,48101,0,0,2025-08-07,343,Unknown
Advantage Family Chiropractic,Chiropractic,T2,Coty,Other/Metro,Brighton,MI,481161551,0,0,2025-06-17,394,Unknown
Align Chiropractic,Chiropractic,T2,Coty,Troy,Rochester,Michigan,48307,0,0,2025-06-09,402,Unknown
ANA Pain Management,Pain Management,T2,Coty,Sterling Heights,Clinton Township,Michigan,48038,0,0,2023-09-29,1021,Unknown
Ascension Providence Academic OB/GYN,Pain Management,T2,Coty,Southfield,Southfield,Michigan,48075,0,0,2024-03-08,860,Unknown
Ascension Providence Partners in Womens Health,Pain Management,T2,Coty,Southfield,Southfield,Michigan,48075,0,0,2024-09-11,673,Unknown
ASCENSION PROVIDENCE ROCHESTER HOSPITAL,Pain Management,T2,Coty,Troy,ROCHESTER HILLS,Michigan,48307,0,0,2024-03-11,857,Unknown
Associates in Neurology -Novi,Neurology,T2,Coty,Livonia,Novi,Michigan,48374,0,0,2025-07-29,352,Unknown
Associates In Physical Medicine & Rehabilitation,Pain Management,T2,Coty,Other/Metro,Ypsilanti,Michigan,48197,0,0,2024-01-02,926,Unknown
Associates in Physical Medicine & Rehabilitation - Ypsilanti,PM&R,T2,Coty,Other/Metro,Ypsilanti,Michigan,48197,0,0,2025-09-22,297,Unknown
Back & Pain Center (UofM) - Dexter,Pain Management,T2,Coty,Other/Metro,Dexter,Michigan,48130,0,0,2023-10-19,1001,Unknown
Back & Pain Center (UofM) at Burlington Bldg,Pain Management,T2,Coty,Other/Metro,Ann Arbor,Michigan,48108,0,0,2025-08-27,323,Unknown
Beaumont Neuroscience Center,Neurology,T2,Coty,Southfield,Royal Oak,Michigan,48073,0,0,2025-09-25,294,Unknown
BEAUMONT TEEN HEALTH CENTER TAYLOR,Pain Management,T2,Coty,Other/Metro,TAYLOR,Michigan,48180,0,0,2024-03-18,850,Unknown
CCH Head Pain Unit,Neurology,T2,Coty,Other/Metro,Chelsea,Michigan,48118,0,0,2025-08-26,324,Unknown
Center For Physical Medicine & Rehabilitation - Warren,Pain Management,T2,Coty,Sterling Heights,Warren,MI,48088-3730,0,0,2025-05-22,420,Unknown
Center for Preventative Medicine,Pain Management,T2,Coty,Other/Metro,Grosse Pointe,MI,48236,0,0,2025-01-14,548,Unknown
Cesar Hidalgo MD,Neurology,T2,Coty,Troy,Rochester,MI,483075802,0,0,2025-06-09,402,Unknown
Chelsea Physical Medicine & Rehabilitation Specialists,PM&R,T2,Coty,Other/Metro,Chelsea,Michigan,48118,0,0,2025-08-26,324,Unknown
Chesterfield Family Chiropractic,Chiropractic,T2,Coty,Other/Metro,New Baltimore,MI,480512101,0,0,2023-08-16,1065,Past due
Chronic Pain Consultants,Pain Management,T2,Coty,Sterling Heights,Sterling Heights,Michigan,48313,0,0,2025-10-23,266,Unknown
Clarkston Medical Group - Oxford,Pain Management,T2,Coty,Other/Metro,OXFORD,Michigan,48371,0,0,2025-04-10,462,Unknown
Clarkston Pain & Rehab,Pain Management,T2,Coty,Other/Metro,City of the Village of Clarkston,Michigan,48346,0,0,2025-01-30,532,Unknown
Comprehensive Pain Management  - Flint,Pain Management,T2,Coty,Other/Metro,Flint,MI,48507,0,0,2025-04-14,458,Unknown
Corewell Center for Pain Management,Pain Management,T2,Coty,Troy,Rochester Hills,Michigan,48307,0,0,2025-04-15,457,Unknown
DEARBORN HEIGHTS MEDICAL CENTER,Pain Management,T2,Coty,Other/Metro,DEARBORN HEIGHTS,Michigan,48127,0,0,2025-08-29,321,Unknown
Endoscopic Solutions,Pain Management,T2,Coty,Other/Metro,Oxford,Michigan,48371,0,0,2024-03-21,847,Unknown
Enhance Center - Livonia,Pain Management,T2,Coty,Livonia,Livonia,MI,48152-3093,0,0,2025-03-17,486,Unknown
Flint Children’s Center,Pain Management,T2,Coty,Other/Metro,Flint,Michigan,48507,0,0,2024-03-11,857,Unknown
Frederick Chiropractic Clinic,Chiropractic,T2,Coty,Other/Metro,Howell,Michigan,48843,0,0,2023-10-18,1002,Unknown
GAMMONS MEDICAL,Pain Management,T2,Coty,Other/Metro,Waterford,Michigan,48328,0,0,2025-10-28,261,Unknown
Gammons Medical - Wayne,Pain Management,T2,Coty,Other/Metro,Wayne,Michigan,48184,0,0,2025-05-30,412,Unknown
Gilead Pain Care,Pain Management,T2,Coty,Sterling Heights,Clinton Township,Michigan,48038,0,0,2025-08-13,337,Unknown
Great Lakes Physiatrists - Shelby Township,PM&R,T2,Coty,Other/Metro,Shelby Township,Michigan,48315,0,0,2025-04-30,442,Unknown
Healing Rhythm Chiropractic,Chiropractic,T2,Coty,Troy,Rochester Hills,Michigan,48307,0,0,2025-09-08,311,Unknown
Henry Ford Pain Medicine,Pain Management,T2,Coty,Other/Metro,St. Clair Shores,Michigan,48081,0,0,,,Unknown
HONOR COMMUNITY HEALTH,Pain Management,T2,Coty,Other/Metro,WATERFORD,Michigan,48328,0,0,2024-03-21,847,Unknown
Howell Chiropractic,Chiropractic,T2,Coty,Other/Metro,Howell,Michigan,48843,0,0,2023-12-13,946,Unknown
JUMP START CENTER,Pain Management,T2,Coty,Other/Metro,PONTIAC,Michigan,48342,0,0,2024-03-21,847,Unknown
"KAISER MEDICAL CENTER, PC- dup",Pain Management,T2,Coty,Sterling Heights,WARREN,Michigan,48093,0,0,2024-03-13,855,Unknown
Kal Family Chiropractic - Durand,Chiropractic,T2,Coty,Other/Metro,Durand,Michigan,48429,0,0,2024-01-05,923,Unknown
LMT Rehabilitation Associates - Rochester Hills,PM&R,T2,Coty,Troy,Rochester Hills,Michigan,48307,0,0,2025-10-22,267,Unknown
LMT Rehabilitation Associates - Troy,PM&R,T2,Coty,Troy,Troy,Michigan,48098,0,0,2025-10-16,273,Unknown
Macdonald Family Chiropractic,Chiropractic,T2,Coty,Other/Metro,Flint,Michigan,48507,0,0,2023-12-29,930,Unknown
Martin Quiroga MD Closed,Pain Management,T2,Coty,Sterling Heights,Warren,MI,48088,0,0,2025-02-12,519,Unknown
Mato Family Dentistry,Pain Management,T2,Coty,Other/Metro,Brighton,Michigan,48116,0,0,2024-03-15,853,Unknown
MCLAREN OAKLAND WATERFORD PRIMARY CARE,Pain Management,T2,Coty,Other/Metro,WATERFORD,Michigan,48328,0,0,2025-10-28,261,Unknown
MEDPRO PRIMARY CARE - Huron River,Pain Management,T2,Coty,Other/Metro,New Boston,Michigan,48164,0,0,2025-09-29,290,Unknown
Memorial Healthcare Institute for Neuroscience - Howell,Neurology,T2,Coty,Other/Metro,Howell,Michigan,48843,0,0,2025-08-21,329,Unknown
Mendelson Kornblum Pain Clinic,Pain Management,T2,Coty,Sterling Heights,Warren,Michigan,48088,0,0,2023-03-15,1219,Unknown
Michigan Brain & Spine - Brighton,Pain Management,T2,Coty,Other/Metro,Brighton,Michigan,48114,0,0,2025-05-08,434,Unknown
Michigan Center For Regenerative Medicine,Pain Management,T2,Coty,Troy,Rochester,Michigan,48307,0,0,2025-04-07,465,Unknown
Michigan Head & Spine Institute - Novi,Spine,T2,Coty,Livonia,Novi,Michigan,48375,0,0,2025-03-13,490,Unknown
Michigan Neurology Associates - Clinton Township,Pain Management,T2,Coty,Sterling Heights,Clinton Township,MI,48035,0,0,2025-04-03,469,Unknown
Michigan Pain Specialists,Pain Management,T2,Coty,Other/Metro,Ypsilanti,Michigan,48198,0,0,2023-04-03,1200,Unknown
"MICHIGAN PAIN SPECIALISTS, PLLC",Spine,T2,Coty,Other/Metro,YPSILANTI,Michigan,MI 48198,0,0,2025-09-22,297,Unknown
Michigan Spine Institute,Neurosurgery,T2,Coty,Other/Metro,Waterford Township,Michigan,48327,0,0,2025-10-28,261,Unknown
Mid-Michigan Pain Specialty,Pain Management,T2,Coty,Other/Metro,Flint,Michigan,48507,0,0,2025-04-03,469,Unknown
Millman Neurology,Neurology,T2,Coty,Other/Metro,City of the Village of Clarkston,Michigan,48346,0,0,2025-04-09,463,Unknown
Morreale Neurosurgery,Neurosurgery,T2,Coty,Other/Metro,Shelby Township,Michigan,48315,0,0,2025-04-30,442,Unknown
Multidisciplinary Pain Management,Pain Management,T2,Coty,Other/Metro,Meridian charter Township,Michigan,48864,0,0,2024-01-30,898,Unknown
MY CARE HEALTH CENTER,Pain Management,T2,Coty,Other/Metro,CENTER LINE,Michigan,48015,0,0,2024-03-13,855,Unknown
Neurological Associates (Henry Ford) - Chesterfield,Neurology,T2,Coty,Other/Metro,Chesterfield,Michigan,48047,0,0,2025-10-15,274,Unknown
NOVAMEDICA - Commerce Twp,Pain Management,T2,Coty,Other/Metro,Commerce Township,Michigan,48382,0,0,2024-03-04,864,Unknown
Oakland Neurology,Neurology,T2,Coty,Troy,Rochester Hills,MI,48307,0,0,2025-04-11,461,Unknown
Oakland Physical Medicine,PM&R,T2,Coty,Troy,Rochester,MI,483071877,0,0,2023-06-06,1136,Unknown
Pain Management Center of Michigan,Pain Management,T2,Coty,Other/Metro,Fenton,Michigan,48430,0,0,2023-06-06,1136,Unknown
Physical Medicine and Rehabilitation,PM&R,T2,Coty,Southfield,Oak Park,Michigan,48237,0,0,2025-06-11,400,Unknown
Pointe Chiropractic,Chiropractic,T2,Coty,Other/Metro,St Clair Shores,MI,48080,0,0,2023-07-11,1101,Unknown
Pointe Neurology,Neurology,T2,Coty,Other/Metro,Grosse Pointe Woods,Michigan,48236,0,0,2023-04-06,1197,Unknown
Pure Chiropractic & Weight Loss Center,Chiropractic,T2,Coty,Other/Metro,Howell,Michigan,48843,0,0,2023-12-22,937,Unknown
Renew rehabilitative medicine,Pain Management,T2,Coty,Southfield,Southfield,Michigan,48034,0,0,2025-10-27,262,Unknown
Restorative Physical Medicine - Brighton,Pain Management,T2,Coty,Other/Metro,Brighton,Michigan,48114,0,0,2025-10-17,272,Unknown
Restorative Physical Medicine - Novi,Pain Management,T2,Coty,Livonia,Novi,Michigan,48375,0,0,2025-06-25,386,Unknown
Specialists in Rehabilitation Medicine,PM&R,T2,Coty,Troy,Rochester,Michigan,48307,0,0,2025-07-17,364,Unknown
Spine Clinic - Brighton Center for Specialty Care (UofM),Pain Management,T2,Coty,Other/Metro,Brighton,MI,48116,0,0,2025-04-22,450,Unknown
Sussan Salas MD Neurosurgery,Neurosurgery,T2,Coty,Livonia,Livonia,Michigan,48154,0,0,2025-08-06,344,Unknown
The Digestion Doctor,Chiropractic,T2,Coty,Other/Metro,Shebly Township,MI,48317,0,0,2023-12-06,953,Unknown
Total Health Systems – Center Line,Chiropractic,T2,Coty,Other/Metro,Center Line,MI,48015,0,0,2025-06-20,391,Unknown
TRINITY COMMUNITY CARE,Pain Management,T2,Coty,Sterling Heights,UTICA,Michigan,48317,0,0,2024-12-12,581,Unknown
Trinity Health Pain Clinic  Brighton,Pain Management,T2,Coty,Other/Metro,Brighton,Michigan,48114,0,0,2025-05-07,435,Unknown
Trinity IHA Medical Group Neurology - Ann Arbor,Neurology,T2,Coty,Other/Metro,Ypsilanti,Michigan,48197,0,0,2025-06-04,407,Unknown
Trinity IHA Neurosurgery - Rochester Hills,Neurosurgery,T2,Coty,Troy,Rochester Hills,Michigan,48309,0,0,2025-02-25,506,Unknown
Trinity IHA Primary Care - Clarkston,Pain Management,T2,Coty,Other/Metro,Clarkston,MI,48346,0,0,2025-07-30,351,Unknown
U of M Headache & Neuropathic Pain Clinic,Neurology,T2,Coty,Other/Metro,Ann Arbor,MI,481085744,0,0,2023-08-09,1072,Unknown
U of M Neurosurgery,Neurosurgery,T2,Coty,Other/Metro,Ann Arbor,Mi,48109,0,0,2025-08-27,323,Unknown
U of M Physical Medicine & Rehabilitation Clinic - Burlington Building,PM&R,T2,Coty,Other/Metro,Ann Arbor,Michigan,48108,0,0,2025-08-27,323,Unknown
U of M Urology - Brighton,Pain Management,T2,Coty,Other/Metro,Brighton,Michigan,48116,0,0,2024-08-27,688,Unknown
University of Michigan Pediatric Neurology,Neurology,T2,Coty,Other/Metro,Ann Arbor,Michigan,48109,0,0,2023-07-19,1093,Unknown
WATERFORD TEEN HEALTH CENTER,Pain Management,T2,Coty,Other/Metro,WATERFORD,Michigan,48328,0,0,2024-03-21,847,Unknown
Wellness Physical Medicine Center,PM&R,T2,Coty,Sterling Heights,Clinton Township,Michigan,48038,0,0,2025-02-03,528,Unknown
West Maple Plastic Surgery,Pain Management,T2,Coty,Other/Metro,West Bloomfield Township,Michigan,48322,0,0,2024-03-04,864,Unknown
AS Medical Group,Pain Management,T2,Sean,Other/Metro,Madison Heights,Michigan,48071,0,0,2025-03-07,496,Unknown
Chesterfield Family Chiropractic - Pontiac,Chiropractic,T2,Sean,Other/Metro,Pontiac,MI,48341,0,0,2025-03-18,485,Unknown
Gio Urgent Care,Pain Management,T2,Sean,Other/Metro,Madison Heights,Michigan,48071,0,0,2025-03-07,496,Unknown
HYPERBARIC MEDICAL CENTER,Pain Management,T2,Sean,Sterling Heights,CLINTON TOWNSHIP,MI,48038,0,0,2024-12-18,575,Unknown
Office of Floyd J. Raeon,Chiropractic,T2,Sean,Troy,Rochester Hills,Michigan,48307,0,0,2025-08-22,328,Unknown
Schaefer chiropractic center,Chiropractic,T2,Sean,Sterling Heights,Sterling Heights,Michigan,48310,0,0,2025-06-06,405,Unknown
Alex Meltser DC,Chiropractic,T2,,Other/Metro,St. Clair Shores,Michigan,48082,0,0,2024-02-13,884,Unknown
"ARSHAD PERVEZ, MD, MEDICAL GROUP",Spine,T2,,Other/Metro,LINCOLN PARK,Michigan,MI 48146,0,0,2024-03-06,862,Unknown
ATI PHYSICAL THERAPY,Spine,T2,,Other/Metro,ANN ARBOR,Michigan,MI 48104,0,0,2024-03-22,846,Unknown
ATI PHYSICAL THERAPY,Spine,T2,,Other/Metro,ANN ARBOR,Michigan,MI 48105,0,0,2024-03-22,846,Unknown
ATI PHYSICAL THERAPY,Spine,T2,,Other/Metro,CANTON,Michigan,MI 48187,0,0,2024-02-28,869,Unknown
ATI PHYSICAL THERAPY,Spine,T2,,Other/Metro,CLARKSTON,Michigan,MI 48346,0,0,2024-02-26,871,Unknown
ATI PHYSICAL THERAPY,Spine,T2,,Livonia,FARMINGTON HILLS,Michigan,MI 48335,0,0,2024-03-14,854,Unknown
ATI PHYSICAL THERAPY,Spine,T2,,Other/Metro,MILFORD,Michigan,MI 48381,0,0,2024-03-18,850,Unknown
ATI PHYSICAL THERAPY,Spine,T2,,Other/Metro,WIXOM,Michigan,MI 48393,0,0,2024-03-01,867,Unknown
BEAUMONT PHYSICAL THERAPY CANTON,Spine,T2,,Other/Metro,CANTON,Michigan,MI 48188,0,0,2025-09-26,293,Unknown
"BEAUMONT TROY HOSPITAL CONSULTANTS, PC",Spine,T2,,Troy,TROY,Michigan,MI 48085,0,0,2024-02-29,868,Unknown
BEST MEDICAL CENTER,Spine,T2,,Other/Metro,ALLEN PARK,Michigan,MI 48101,0,0,2024-03-06,862,Unknown
Charles shiemke DC,Chiropractic,T2,,Sterling Heights,Warren,Michigan,48088,0,0,2024-01-31,897,Unknown
Closed - REHABILITATION CENTER OF MILFORD,Spine,T2,,Other/Metro,MILFORD,Michigan,MI 48381,0,0,2024-03-18,850,Unknown
Closed - WILLOWBROOK REHABILITATION SERVICES,Spine,T2,,Other/Metro,BRIGHTON,Michigan,MI 48116,0,0,2024-03-15,853,Unknown
Closed-ATI PHYSICAL THERAPY,Spine,T2,,Other/Metro,PLYMOUTH,Michigan,MI 48170,0,0,2024-03-25,843,Unknown
"Clugston DC, William",Chiropractic,T2,,Livonia,Livonia,MI,48154,0,0,2023-04-21,1182,Unknown
"Cozzetto, Silvio",Chiropractic,T2,,Livonia,Farmington,MI,483353155,0,0,2023-12-05,954,Unknown
David Sinawi DC,Chiropractic,T2,,Southfield,Royal Oak,Michigan,48067,0,0,2024-02-06,891,Unknown
DMC PT Milford Center at YMCA,Spine,T2,,Other/Metro,MILFORD,Michigan,MI 48381,0,0,2024-03-18,850,Unknown
"Elia, Hilal",Chiropractic,T2,,Other/Metro,Highland Park,MI,482031273,0,0,2024-04-17,820,Unknown
FAMILY MEDICAL CLINIC,Spine,T2,,Other/Metro,DETROIT,Michigan,MI 48203,0,0,2024-03-12,856,Unknown
Glenn Ahee,Chiropractic,T2,,Sterling Heights,Warren,Michigan,48088,0,0,2024-01-31,897,Unknown
Great Lakes Physiatrists - St Clair Shores,PM&R,T2,,Other/Metro,St. Clair Shores,Michigan,48081,0,0,2024-02-06,891,Unknown
"Hazimi, Mohammad",Chiropractic,T2,,Livonia,Livonia,MI,481543811,0,0,2023-04-11,1192,Unknown
HOFMANN CHIROPRACTIC CLINIC,Spine,T2,,Other/Metro,ALLEN PARK,Michigan,MI 48101,0,0,2024-03-06,862,Unknown
HUDA CLINIC,Spine,T2,,Other/Metro,DETROIT,Michigan,MI 48238,0,0,2024-03-12,856,Unknown
"Katz, David M",Chiropractic,T2,,Southfield,Southfield,MI,480341541,0,0,2024-02-09,888,Unknown
Kehrer Health Chiropractic,Spine,T2,,Other/Metro,City of the Village of Clarkston,Michigan,48346,0,0,2024-02-26,871,Unknown
Lisa Price DC,Chiropractic,T2,,Other/Metro,St. Clair Shores,Michigan,48082,0,0,2024-02-13,884,Unknown
MALIK AND MALIK MEDICAL GROUP,Spine,T2,,Other/Metro,LINCOLN PARK,Michigan,MI 48146,0,0,2024-03-06,862,Unknown
MCLAREN MACOMB REHABILITATION AND THERAPY SERVICES SHELBY CREEK MEDICAL CENTER,Spine,T2,,Other/Metro,SHELBY TOWNSHIP,Michigan,MI 48316,0,0,2024-03-05,863,Unknown
MCLAREN OAKLAND BAYBROOKE INTERNAL MEDICINE,Spine,T2,,Other/Metro,PONTIAC,Michigan,MI 48342,0,0,2024-04-01,836,Unknown
MCLAREN OAKLAND PHYSICAL THERAPY CLARKSTON,Spine,T2,,Other/Metro,CLARKSTON,Michigan,MI 48346,0,0,2024-02-26,871,Unknown
METRO PAIN CLINIC,Spine,T2,,Southfield,SOUTHFIELD,Michigan,MI 48076,0,0,2024-04-19,818,Unknown
METRO REHABILITATION CLINICS,Spine,T2,,Southfield,OAK PARK,Michigan,MI 48237,0,0,2024-03-05,863,Unknown
Michigan Chiropractic Neurology Center,Spine,T2,,Other/Metro,Wixom,Michigan,48393,0,0,2024-03-01,867,Unknown
MICHIGAN INTEGRATIVE HEALTH,Chiropractic,T2,,Other/Metro,Shelby Township,Michigan,48317,0,0,2024-03-05,863,Unknown
"MICHIGAN PAIN MANAGEMENT CONSULTANTS, PC",Spine,T2,,Southfield,SOUTHFIELD,Michigan,MI 48075,0,0,2024-04-19,818,Unknown
Mike Kozlowski DC,Chiropractic,T2,,Other/Metro,Bloomfield Township,Michigan,48302,0,0,2024-02-02,895,Unknown
"Morabito, Lawrence",Chiropractic,T2,,Livonia,Livonia,MI,48154,0,0,2023-06-16,1126,Unknown
Neuro Pain Consultants - West Bloomfield,Pain Management,T2,,Other/Metro,West Bloomfield Township,Michigan,48322,0,0,2024-01-15,913,Unknown
NOVACARE REHABILITATION,Spine,T2,,Other/Metro,WATERFORD,Michigan,MI 48327,0,0,2024-04-10,827,Unknown
NU LIFE MEDICAL,Spine,T2,,Other/Metro,DEARBORN HEIGHTS,Michigan,MI 48127,0,0,2024-03-07,861,Unknown
O'Dell Family Chiropractic,Chiropractic,T2,,Other/Metro,Lathrup Village,Michigan,48076,0,0,2023-03-22,1212,Unknown
OAKLAND PHYSICAL MEDICINE,Spine,T2,,Other/Metro,ALLEN PARK,Michigan,MI 48101,0,0,2024-03-06,862,Unknown
PAIN AND REHABILITATION PHYSICIAN,Spine,T2,,Other/Metro,LATHRUP VILLAGE,Michigan,MI 48076,0,0,2024-04-19,818,Unknown
PHYSICAL MEDICINE AND REHABILITATION,Spine,T2,,Southfield,OAK PARK,Michigan,MI 48237,0,0,2024-02-29,868,Unknown
PLYMOUTH PHYSICAL THERAPY SPECIALISTS,Spine,T2,,Other/Metro,WIXOM,Michigan,MI 48393,0,0,2024-03-01,867,Unknown
"PRIZM PAIN SPECIALISTS, PLLC",Spine,T2,,Other/Metro,Canton,Michigan,48187,0,0,2025-11-25,233,Unknown
"RAINBOW REHABILITATION CENTERS, INC",Spine,T2,,Other/Metro,YPSILANTI,Michigan,MI 48197,0,0,2024-03-19,849,Unknown
REHABILITATION INSTITUTE OF MICHIGAN CANTON CENTER,Spine,T2,,Other/Metro,CANTON,Michigan,MI 48188,0,0,2024-02-28,869,Unknown
REHABILITATION INSTITUTE OF MICHIGAN MADISON HEIGHTS CENTER,Spine,T2,,Other/Metro,MADISON HEIGHTS,Michigan,MI 48071,0,0,2024-03-11,857,Unknown
"Rohlig, Kathleen M",Chiropractic,T2,,Livonia,Livonia,MI,481545085,0,0,2024-01-17,911,Unknown
"SABAH AL-ATTAR, MD, MEDICAL GROUP",Spine,T2,,Other/Metro,Ypsilanti,Michigan,48197,0,0,2024-03-19,849,Unknown
"Scofield MD, Isabella",Chiropractic,T2,,Other/Metro,Walled Lake,MI,48390,0,0,2023-11-28,961,Unknown
Specialists in Rehabilitation Medicine - Bloomfield Hills,PM&R,T2,,Other/Metro,Bloomfield Hills,Michigan,48302,0,0,2023-10-17,1003,Unknown
STRAITH PAIN CENTER,Spine,T2,,Southfield,SOUTHFIELD,Michigan,MI 48033,0,0,2024-03-05,863,Unknown
"Tezera, Sissay",Chiropractic,T2,,Southfield,Southfield,MI,480752663,0,0,2024-04-19,818,Unknown
Timothy Young DC,Chiropractic,T2,,Sterling Heights,Warren,Michigan,48088,0,0,2024-01-31,897,Unknown
TOTAL HEALTH SYSTEMS,Spine,T2,,Sterling Heights,CLINTON TOWNSHIP,Michigan,MI 48038,0,0,2024-04-29,808,Unknown
TOTAL HEALTH SYSTEMS,Spine,T2,,Other/Metro,WASHINGTON TOWNSHIP,Michigan,MI 48094,0,0,2024-03-05,863,Unknown
MICHIGAN ORTHOPAEDIC INSTITUTE,Spine,T2,Roshelle Brockman,Southfield,Southfield,Michigan,48033,0,0,2024-10-15,639,Unknown
New Grace Spinal,Spine,T2,Roshelle Brockman,Southfield,Oak Park,MI,48237,0,0,2024-06-19,757,Unknown
Northville Chiropractic,Spine,T2,Roshelle Brockman,Other/Metro,Northville,Michigan,48167,0,0,2024-07-25,721,Unknown
Dedicated Senior Medical Center - Eastpointe,Primary Care,T3,Jasmine,Other/Metro,Eastpointe,Michigan,48021,21,144,2026-07-08,8,Unknown
Dedicated senior Medical Center Detroit North,Primary Care,T3,Jasmine,Other/Metro,Detroit,Michigan,48219,17,79,2026-07-08,8,Unknown
Forum Medical Clinic,Primary Care,T3,Coty,Sterling Heights,Warren,MI,48089,15,66,2026-07-13,3,Unknown
Dedicated Senior Medical Center East Jefferson,Primary Care,T3,Jasmine,Other/Metro,Detroit,Michigan,48215,13,47,2026-06-25,21,Unknown
Somerset Family Medicine - Sterling Heights,Primary Care,T3,Coty,Sterling Heights,Sterling Heights,MI,48310,12,20,2026-07-02,14,Unknown
CarePoint Internal Medicine,Primary Care,T3,Coty,Troy,Troy,Michigan,48084,10,79,2026-07-13,3,Unknown
Barclay Internists,Primary Care,T3,Coty,Troy,Rochester,MI,48307,9,37,2026-07-15,1,Unknown
Forum Medical Clinic,Primary Care,T3,Coty,Sterling Heights,Sterling Heights,Michigan,48314,9,36,2026-07-13,3,Unknown
James MacKenzie MD,Primary Care,T3,Coty,Troy,Troy,Michigan,48084,9,9,2026-07-01,15,Unknown
Troy Primary Care,Primary Care,T3,Coty,Troy,Troy,Michigan,48084,9,27,2026-07-01,15,Unknown
AS Medical Group,Primary Care,T3,Coty,Sterling Heights,Sterling Heights,Michigan,48310,8,22,2026-06-26,20,Unknown
Lakeview Medical Center,Primary Care,T3,Coty,Other/Metro,St. Clair Shores,Michigan,48080,8,48,2026-07-09,7,Unknown
Pointe Family Physicians,Primary Care,T3,Coty,Other/Metro,St. Clair Shores,Michigan,48080,8,72,2026-07-09,7,Unknown
Shaun Jayakar MD,Primary Care,T3,Coty,Other/Metro,St Clair Shores,MI,48080,8,24,2026-07-09,7,Unknown
Troy Medical,Urgent Care,T3,Coty,Troy,Troy,MI,48084,8,40,2026-07-01,15,Unknown
Synergy Medical Primary Care,Primary Care,T3,Jasmine,Livonia,Livonia,Michigan,48150,7,24,2026-07-08,8,Unknown
Ahad MD,Primary Care,T3,Coty,Troy,Troy,Michigan,48084,7,6,2026-06-29,17,Unknown
Alliance - Macomb,Primary Care,T3,Coty,Other/Metro,Shelby Township,Michigan,48315,7,70,2026-07-07,9,Unknown
Amabir Khaira MD,Primary Care,T3,Coty,Troy,Rochester Hills,Michigan,48307,7,14,2026-07-15,1,Unknown
Farrah Ahmad MD,Primary Care,T3,Coty,Other/Metro,MI 48310,MI,48310,7,7,2026-06-26,20,Unknown
Faye Maribao MD,Primary Care,T3,Coty,Other/Metro,St. Clair Shores,Michigan,48080,7,7,2026-07-09,7,Unknown
Hope Medical Center,Primary Care,T3,Coty,Sterling Heights,Sterling Heights,Michigan,48310,7,7,2026-06-26,20,Unknown
Rochester Family Practice,Primary Care,T3,Coty,Troy,Rochester Hills,Michigan,48307,7,63,2026-07-15,1,Unknown
1st choice Urgent Care Livonia,Urgent Care,T3,Jasmine,Livonia,Livonia,Michigan,48150,6,12,2026-06-09,37,Unknown
ASCENSION MEDICAL GROUP WEST BLOOMFIELD FAMILY PRACTICE,Primary Care,T3,Jasmine,Livonia,NOVI,MI,48377,6,18,2026-07-15,1,Unknown
Corewell Health Farmington hills Hospital family medicine,Primary Care,T3,Jasmine,Livonia,LIVONIA,MI,48152,6,24,2026-07-08,8,Unknown
Frank Lanzilote DO-Family Practice,Primary Care,T3,Jasmine,Other/Metro,Detroit,Michigan,48227,6,12,2026-05-21,56,Unknown
Novi Medicine,Primary Care,T3,Jasmine,Livonia,NOVI,MI,48377,6,12,2026-07-15,1,Unknown
WEST OAKLAND INTERNISTS,Primary Care,T3,Jasmine,Livonia,NOVI,MI,48377,6,25,2026-07-10,6,Unknown
Bi-County Physicians,Primary Care,T3,Coty,Other/Metro,St. Clair Shores,Michigan,48080,6,30,2026-06-11,35,Unknown
Corewell Health Taylor Hospital Family Medicine,Primary Care,T3,Coty,Other/Metro,Southgate,Michigan,48195,6,48,2026-07-02,14,Unknown
Corewell Internal Medicine Midway,Primary Care,T3,Coty,Troy,Rochester Hills,Michigan,48307,6,30,2026-07-15,1,Unknown
Great Lakes Health and Wellness,Primary Care,T3,Coty,Other/Metro,Taylor,Michigan,48180,6,12,2026-07-14,2,Unknown
Karle Medical Group,Primary Care,T3,Coty,Troy,Rochester Hills,Michigan,48307,6,66,2026-07-15,1,Unknown
Macomb Medical Clinic,Primary Care,T3,Coty,Sterling Heights,Sterling Heights,MI,48310,6,29,2026-07-02,14,Unknown
Meadowbrook Internists,Primary Care,T3,Coty,Troy,Rochester Hills,Michigan,48307,6,12,2026-06-23,23,Unknown
Precise Medical,Primary Care,T3,Coty,Troy,Rochester Hills,Michigan,48307,6,6,2026-06-23,23,Unknown
PRISM Extended Care and Urgent Care,Urgent Care,T3,Coty,Troy,Rochester Hills,Michigan,48307,6,8,2026-06-23,23,Unknown
Prism Medical Group - Family Medicine Ste 160,Primary Care,T3,Coty,Troy,Rochester Hills,Michigan,48307,6,30,2026-06-23,23,Unknown
Somerset Family Medicine - Troy,Primary Care,T3,Coty,Troy,Troy,Michigan,48084,6,0,2026-07-01,15,Unknown
Vital Medicine,Primary Care,T3,Coty,Livonia,LIVONIA,MI,48152,6,12,2026-06-19,27,Unknown
ASCENSION MEDICAL GROUP AUBURN HILLS PRIMARY CARE,Primary Care,T3,Sean,Troy,AUBURN HILLS,Michigan,48326,6,11,2026-03-23,115,Unknown
Get Well Urgent Care - Warren,Urgent Care,T3,Sean,Sterling Heights,Warren,Michigan,48089,6,15,2026-04-24,83,Unknown
Pioneer Medical Associates - Clinton Township,Primary Care,T3,Sean,Sterling Heights,Clinton Township,Michigan,48038,6,14,2026-05-19,58,Unknown
Troy Family Practice,Primary Care,T3,Sean,Troy,Troy,Michigan,48085,6,21,2026-06-05,41,Unknown
Family First Health Care - Yale,Primary Care,T3,Kristen,Other/Metro,Yale,Michigan,48097,5,19,2026-06-09,37,Unknown
Yale Community Heath Center - VA Clinic,Primary Care,T3,Kristen,Other/Metro,Yale,Michigan,48097,5,25,2026-06-09,37,Unknown
A1 Family Medicine,Primary Care,T3,Jasmine,Other/Metro,Canton,Michigan,48187,5,5,2026-07-02,14,Unknown
ACADEMIC INTERNAL MEDICINE SPECIALISTS,Primary Care,T3,Jasmine,Southfield,SOUTHFIELD,Michigan,48075,5,45,2026-06-29,17,Unknown
Botsford General Hospital,Primary Care,T3,Jasmine,Livonia,Livonia,MI,48152-2041,5,5,2026-06-26,20,Unknown
Corewell Health Family Care of Novi,Primary Care,T3,Jasmine,Livonia,NOVI,MI,48377,5,20,2026-07-10,6,Unknown
Corewell Urgent Care - Novi,Urgent Care,T3,Jasmine,Livonia,Novi,Michigan,48375,5,10,2026-06-23,23,Unknown
Doctors urgent care,Urgent Care,T3,Jasmine,Livonia,Livonia,Michigan,48154,5,10,2026-06-09,37,Unknown
EXPRESS MED URGENT CARE,Urgent Care,T3,Jasmine,Southfield,SOUTHFIELD,Michigan,,5,3,2026-06-29,17,Unknown
Gem Health and Wellness,Primary Care,T3,Jasmine,Livonia,NOVI,Michigan,48375,5,10,2026-07-15,1,Unknown
icare urgent care,Urgent Care,T3,Jasmine,Other/Metro,DEARBORN HEIGHTS,MI,48125,5,17,2026-06-11,35,Unknown
IHA urgent care Livonia,Urgent Care,T3,Jasmine,Livonia,Livonia,Michigan,48152,5,59,2026-06-19,27,Unknown
"Jowher Khaleel MD, PC",Primary Care,T3,Jasmine,Livonia,Livonia,MI,48152,5,15,2026-06-24,22,Unknown
Livonia Family Medical Center,Primary Care,T3,Jasmine,Livonia,Livonia,Michigan,48150,5,15,2026-06-26,20,Unknown
M.N. Petrous MD,Primary Care,T3,Jasmine,Livonia,LIVONIA,MI,48152,5,5,2026-07-08,8,Unknown
Mansour Mercy Medical Center,Primary Care,T3,Jasmine,Other/Metro,Eastpointe,Michigan,48021,5,14,2026-05-01,76,Unknown
MDVIP Ann Arbor,Primary Care,T3,Jasmine,Other/Metro,Ann Arbor,Michigan,48108,5,5,2026-05-22,55,Unknown
MDVIP-Novi,Primary Care,T3,Jasmine,Livonia,Novi,Michigan,48374,5,10,2026-06-23,23,Unknown
Medicare urgent care,Urgent Care,T3,Jasmine,Other/Metro,Eastpointe,Michigan,48021,5,15,2026-06-18,28,Unknown
MICHIGAN INSTITUTE OF MEDICINE,Primary Care,T3,Jasmine,Livonia,LIVONIA,MI,48152,5,5,2026-07-09,7,Up to date
Northville-Novi Family Medicine,Primary Care,T3,Jasmine,Livonia,Novi,Michigan,48375,5,13,2026-06-23,23,Unknown
Oak Street Health,Primary Care,T3,Jasmine,Other/Metro,Detroit,Michigan,48223,5,5,2026-06-25,21,Unknown
Office of Robert Vartabedian MD,Primary Care,T3,Jasmine,Other/Metro,Plymouth,Michigan,48170,5,10,2026-06-22,24,Up to date
Park Family Practice - Novi,Primary Care,T3,Jasmine,Livonia,NOVI,MI,48374,5,40,2026-06-23,23,Unknown
Park Internal Medicine,Primary Care,T3,Jasmine,Livonia,Novi,Michigan,48374,5,30,2026-06-23,23,Unknown
Premier Medicine Medical Center - Livonia,Urgent Care,T3,Jasmine,Livonia,Livonia,Michigan,48152,5,55,2026-06-26,20,Past due
PROVIDENCE PARK LIVONIA FAMILY MEDICINE,Primary Care,T3,Jasmine,Livonia,LIVONIA,MI,48154,5,30,2026-06-19,27,Unknown
QuickDoc Urgent Care,Urgent Care,T3,Jasmine,Other/Metro,Eastpointe,Michigan,48021,5,8,2026-05-12,65,Unknown
Rivi Medical Associates,Primary Care,T3,Jasmine,Livonia,Novi,Michigan,48374,5,5,2026-06-23,23,Unknown
Trinity Health IHA Medical Group Primary Care - Canton,Primary Care,T3,Jasmine,Other/Metro,CANTON,Michigan,48188,5,60,2026-07-15,1,Unknown
Trinity Health IHA Primary Care - EMU,Primary Care,T3,Jasmine,Other/Metro,Ypsilanti,Michigan,48197,5,20,2026-07-13,3,Unknown
Alliance - Shelby Township,Primary Care,T3,Coty,Other/Metro,Shelby Township,Michigan,48317,5,45,2026-07-07,9,Unknown
Associated Physicians Group,Primary Care,T3,Coty,Southfield,Berkley,Michigan,48072,5,20,2026-06-17,29,Unknown
Barry S Meyer DO PC,Primary Care,T3,Coty,Sterling Heights,Warren,MI,48091,5,5,2026-06-01,45,Unknown
Beaumont Associated Family Care - Warren,Primary Care,T3,Coty,Sterling Heights,Warren,Michigan,480936772,5,24,2026-07-09,7,Up to date
Changee Kim MD,Primary Care,T3,Coty,Troy,Troy,Michigan,48083,5,5,2026-07-13,3,Unknown
Corewell Health Medical Group East,Primary Care,T3,Coty,Other/Metro,Roseville,MI,48066,5,40,2026-06-25,21,Past due
Faith Internal Medicine & Urgent Care,Primary Care,T3,Coty,Livonia,Livonia,Michigan,48154,5,10,2026-06-19,27,Unknown
Frederick Karoub MD PC,Primary Care,T3,Coty,Southfield,Royal Oak,Michigan,48073,5,10,2026-06-17,29,Unknown
"John Joseph MD,",Primary Care,T3,Coty,Troy,Troy,Michigan,48083,5,5,2026-06-29,17,Unknown
Lakeside Internal Medicine,Primary Care,T3,Coty,Other/Metro,St Clair Shores,Michigan,48081,5,38,2026-07-09,7,Unknown
Maan Askar MD - 13 Mile,Primary Care,T3,Coty,Sterling Heights,Warren,Michigan,48088,5,5,2026-07-09,7,Unknown
Maan Askar MD - Hoover (Thursdays),Primary Care,T3,Coty,Sterling Heights,Warren,Michigan,48089,5,0,2026-07-09,7,Unknown
Mi Family Medicine & Urgent Care,Urgent Care,T3,Coty,Other/Metro,Madison Heights,Michigan,48071,5,5,2026-06-24,22,Unknown
Office of Josephine A. Iskander MD,Primary Care,T3,Coty,Sterling Heights,Sterling Heights,Michigan,48314,5,5,2026-07-13,3,Unknown
"Office of Sasenarine Persaud, MD",Primary Care,T3,Coty,Other/Metro,Clawson,Michigan,48017,5,5,2026-06-10,36,Unknown
Patel Rameshbhai MD,Primary Care,T3,Coty,Sterling Heights,Sterling Heights,Michigan,48314,5,0,2026-07-13,3,Unknown
Rochester Internists,Primary Care,T3,Coty,Troy,Rochester Hills,Michigan,48307,5,25,2026-07-15,1,Unknown
Roger D Ajluni MD PC,Primary Care,T3,Coty,Livonia,Livonia,MI,48152,5,5,2026-06-19,27,Unknown
Rosemary Aquiler-Angeles MD,Primary Care,T3,Coty,Livonia,Livonia,Michigan,48152,5,9,2026-06-19,27,Unknown
Salta Direct Primary Care - Troy,Primary Care,T3,Coty,Troy,Troy,Michigan,48084,5,5,2026-07-01,15,Unknown
Schoenherr Family Practice,Primary Care,T3,Coty,Other/Metro,Shelby Township,Michigan,48315,5,35,2026-07-07,9,Unknown
Shelbydale Medical Clinic PC,Primary Care,T3,Coty,Other/Metro,Shelby Township,MI,48317,5,5,2026-07-07,9,Unknown
Stamatin Internal Medicine,Primary Care,T3,Coty,Troy,Rochester Hills,Michigan,48307,5,5,2026-07-15,1,Unknown
Stoney Creek Physicians,Primary Care,T3,Coty,Troy,Rochester Hills,Michigan,48307,5,5,2026-07-06,10,Unknown
Urgent Care Family,Urgent Care,T3,Coty,Sterling Heights,Sterling Heights,Michigan,48310,5,10,2026-06-25,21,Unknown
Advanced Primary Care,Primary Care,T3,Sean,Troy,Troy,Michigan,48085,5,10,2026-06-05,41,Unknown
County Creek Family Physicians,Primary Care,T3,Sean,Troy,Rochester,Michigan,48306,5,9,2026-06-09,37,Unknown
Emcura Immediate Care - Royal Oak,Urgent Care,T3,Sean,Southfield,Royal Oak,Michigan,48067,5,2,2026-06-24,22,Unknown
Henry Ford Health Primary Care-Dequindre Road,Primary Care,T3,Sean,Troy,TROY,Michigan,48085,5,15,2026-05-05,72,Unknown
Macomb Internal Medicine,Primary Care,T3,Sean,Sterling Heights,Clinton Township,MI,48038,5,46,2026-07-10,6,Up to date
North Oakland Internists,Primary Care,T3,Sean,Troy,Auburn Hills,Michigan,48326,5,20,2026-06-02,44,Unknown
"Office of Curtis Hunt MD,",Primary Care,T3,Sean,Troy,Troy,MI,48085,5,5,2026-06-05,41,Unknown
Corewell Health Urgent Care - Warren West,Urgent Care,T3,Kristen,Sterling Heights,Warren,Michigan,48092,4,8,2026-06-15,31,Unknown
Corewell Urgent Care - Warren,Urgent Care,T3,Kristen,Sterling Heights,Warren,Michigan,48092,4,4,2026-07-15,1,Unknown
Cornerstone St. Clair Internists,Primary Care,T3,Kristen,Other/Metro,Shelby Township,Michigan,48315,4,12,2026-06-22,24,Unknown
Delta Urgent Care,Urgent Care,T3,Kristen,Sterling Heights,Warren,Michigan,48092,4,4,2026-06-15,31,Unknown
Dynamic Healthcare,Primary Care,T3,Kristen,Sterling Heights,Sterling Heights,Michigan,48312,4,6,2026-06-22,24,Unknown
FAITH PRIMARY CARE,Primary Care,T3,Kristen,Livonia,WESTLAND,Michigan,48186,4,12,2026-07-06,10,Unknown
Gammons Medical - Royal Oak,Primary Care,T3,Kristen,Southfield,Royal Oak,Michigan,48067,4,24,2026-05-21,56,Unknown
Henry Ford Main Internal Medicine - Grosse Pointe,Primary Care,T3,Kristen,Other/Metro,Grosse Pointe,Michigan,48236,4,59,2026-07-07,9,Unknown
Huron Family Practice Center,Primary Care,T3,Kristen,Port Huron,Port Huron,Michigan,48060,4,16,2026-06-25,21,Unknown
Imad George MD P.C. MHP,Primary Care,T3,Kristen,Livonia,Livonia,Michigan,48150,4,4,2026-06-29,17,Unknown
Internal Medicine & Primary Care Specialists- 1010,Primary Care,T3,Kristen,Other/Metro,West Bloomfield,MI,48323,4,27,2026-05-07,70,Unknown
Medical Clinic of Northville,Primary Care,T3,Kristen,Other/Metro,Northville,Michigan,48167,4,16,2026-06-04,42,Unknown
Swetech Medical Center,Primary Care,T3,Kristen,Sterling Heights,Clinton Township,Michigan,48038,4,30,2026-06-15,31,Unknown
"TWIN LAKES MEDICAL ASSOCIATES, PC",Primary Care,T3,Kristen,Troy,BLOOMFIELD,Michigan,MI 48302,4,4,2026-05-06,71,Unknown
Village Medical Wayne,Primary Care,T3,Kristen,Livonia,Westland,Michigan,48185,4,25,2026-07-06,10,Unknown
"*NOVAMEDICA, PLLC",Primary Care,T3,Jasmine,Livonia,LIVONIA,MI,48152,4,12,2026-06-12,34,Unknown
"ALI M NASSER, MD, PC",Primary Care,T3,Jasmine,Livonia,Dearborn,Michigan,48126,4,12,2026-07-14,2,Unknown
AMC Primary Care,Primary Care,T3,Jasmine,Other/Metro,Wyandotte,Michigan,48192,4,8,2026-06-08,38,Unknown
BEAUMONT CHERRY HILL INTERNAL MEDICAL ASSOCIATES CANTON,Primary Care,T3,Jasmine,Other/Metro,CANTON,MI,48187,4,13,2026-06-05,41,Unknown
BEAUMONT HEALTH INTERNAL MEDICINE WYANDOTTE,Primary Care,T3,Jasmine,Other/Metro,Wyandotte,Michigan,48192,4,36,2026-06-08,38,Unknown
BEAUMONT MIDWEST INTERNAL MEDICINE ASSOCIATES LIVONIA,Primary Care,T3,Jasmine,Livonia,LIVONIA,MI,48152,4,16,2026-06-12,34,Past due
BEAUMONT URGENT CARE BY WELLSTREET,Urgent Care,T3,Jasmine,Other/Metro,Wayne,Michigan,48184,4,8,2026-07-13,3,Unknown
BN Nandish MD,Primary Care,T3,Jasmine,Livonia,Livonia,Michigan,48154,4,4,2026-07-09,7,Unknown
Canton Family Medicine,Primary Care,T3,Jasmine,Other/Metro,Canton,Michigan,48187,4,7,2026-07-02,14,Unknown
CANTON VA CLINIC,Primary Care,T3,Jasmine,Other/Metro,CANTON,MI,48187,4,4,2026-07-06,10,Unknown
CENTER FOR INTERNAL MEDICINE CONTINUITY CLINIC,Primary Care,T3,Jasmine,Livonia,LIVONIA,MI,48152,4,8,2026-06-12,34,Unknown
CNS Healthcare - Eastpointe(delete),Primary Care,T3,Jasmine,Other/Metro,EASTPOINTE,Michigan,48021,4,0,2026-03-19,119,Unknown
Comprehensive Healthcare Associates and Prevention Medicine,Primary Care,T3,Jasmine,Livonia,Livonia,Michigan,48154,4,32,2026-07-09,7,Unknown
COMPREHENSIVE INTEGRATIVE HEALTH CARE,Primary Care,T3,Jasmine,Livonia,NOVI,MI,48377,4,12,2026-06-12,34,Unknown
COREWELL HEALTH  INTERNAL MEDICINE DEARBORN,Primary Care,T3,Jasmine,Livonia,Dearborn,Michigan,48126,4,36,2026-07-14,2,Unknown
CoreWell Health Family Medicine,Primary Care,T3,Jasmine,Other/Metro,Canton,Michigan,48187,4,12,2026-07-02,14,Unknown
Corewell Health Wayne Hospital Internal Medicine - Canton,Primary Care,T3,Jasmine,Other/Metro,CANTON,MI,48187,4,12,2026-07-02,14,Unknown
"Corwell health internal medicine, Dearborn",Primary Care,T3,Jasmine,Livonia,Dearborn,MI,481263698,4,8,2026-07-14,2,Unknown
Dearborn Health Clinic,Primary Care,T3,Jasmine,Livonia,Dearborn,Michigan,48126,4,8,2026-07-14,2,Unknown
Doctors Urgent Care - Southfield,Urgent Care,T3,Jasmine,Southfield,Southfield,Michigan,48076,4,7,2026-06-30,16,Unknown
DOWN RIVER MEDICAL GROUP,Primary Care,T3,Jasmine,Other/Metro,Wyandotte,Michigan,48192,4,31,2026-06-08,38,Unknown
EASTBORN MEDICAL GROUP,Primary Care,T3,Jasmine,Livonia,Dearborn,Michigan,48126,4,4,2026-07-14,2,Unknown
Eastpointe Family Physicians,Primary Care,T3,Jasmine,Other/Metro,Eastpointe,MI,48021,4,12,2026-05-12,65,Unknown
Elite Prime Care,Primary Care,T3,Jasmine,Other/Metro,CANTON,MI,48187,4,12,2026-07-02,14,Unknown
Evolve Medical - Dearborn,Primary Care,T3,Jasmine,Livonia,Dearborn,Michigan,48120,4,4,2026-06-17,29,Up to date
Family Care Physicians PC,Primary Care,T3,Jasmine,Livonia,Novi,MI,48375,4,20,2026-06-23,23,Unknown
Fox Michael DO,Primary Care,T3,Jasmine,Livonia,Livonia,Michigan,48150,4,12,2026-06-19,27,Unknown
Freedom Medical Clinic (Trinity),Primary Care,T3,Jasmine,Livonia,Livonia,MI,48152,4,30,2026-06-24,22,Unknown
Henry Ford employer solutions,Primary Care,T3,Jasmine,Livonia,Livonia,Michigan,48152,4,4,2026-06-19,27,Unknown
Henry Ford urgent care Livonia,Urgent Care,T3,Jasmine,Livonia,Livonia,Michigan,48150,4,8,2026-06-09,37,Unknown
IEP Urgent Care- Novi,Urgent Care,T3,Jasmine,Livonia,Novi,Michigan,48374,4,12,2026-06-24,22,Unknown
IHA Family Medicine,Primary Care,T3,Jasmine,Other/Metro,Ypsilanti,Michigan,48197,4,34,2026-07-13,3,Unknown
IHA Plymouth Primary Care,Primary Care,T3,Jasmine,Other/Metro,PLYMOUTH,Michigan,48170,4,44,2026-07-13,3,Unknown
Integrative Medicine & Hijama Clinic,Primary Care,T3,Jasmine,Other/Metro,Canton,Michigan,48187,4,4,2026-07-06,10,Unknown
Intensive Pulmonary & Internal Medicine,Primary Care,T3,Jasmine,Livonia,Livonia,Michigan,48154,4,8,2026-07-09,7,Unknown
Joshua S Faley,Primary Care,T3,Jasmine,Livonia,Livonia,MI,48154-5085,4,3,2026-07-09,7,Unknown
Karma Internists,Primary Care,T3,Jasmine,Livonia,NOVI,Michigan,48374,4,4,2026-06-04,42,Unknown
Lakes Urgent Care - Livonia,Urgent Care,T3,Jasmine,Livonia,Livonia,Michigan,48154,4,8,2026-06-09,37,Unknown
"Lawrence Lipnik MD,",Primary Care,T3,Jasmine,Livonia,Livonia,MI,48150,4,8,2026-06-09,37,Unknown
MDWell,Primary Care,T3,Jasmine,Other/Metro,Canton,Michigan,48187,4,8,2026-06-11,35,Unknown
Medical Associates PC,Primary Care,T3,Jasmine,Other/Metro,Ypsilanti,Michigan,48198,4,12,2026-06-29,17,Unknown
Medical Center Urgent Care,Urgent Care,T3,Jasmine,Livonia,Livonia,Michigan,48152,4,4,2026-06-12,34,Unknown
MI Express Care,Urgent Care,T3,Jasmine,Other/Metro,CANTON,MI,48188,4,16,2026-06-17,29,Unknown
Michigan Primary Care - Eastpointe,Primary Care,T3,Jasmine,Other/Metro,Eastpointe,MI,48021,4,21,2026-05-12,65,Unknown
NPAC,Primary Care,T3,Jasmine,Livonia,LIVONIA,MI,48150,4,0,2026-06-09,37,Unknown
Office of Jeff The DO,Primary Care,T3,Jasmine,Other/Metro,Plymouth,Michigan,48170,4,4,2026-07-13,3,Up to date
Office of Robert Brateman,Primary Care,T3,Jasmine,Livonia,Novi,Michigan,48375,4,8,2026-06-23,23,Unknown
Partners in Internal Medicine,Primary Care,T3,Jasmine,Other/Metro,Canton,Michigan,48187,4,32,2026-07-02,14,Unknown
"PONDURI, KAVITHA, MEDICAL GROUP",Primary Care,T3,Jasmine,Other/Metro,Wayne,Michigan,48184,4,8,2026-07-13,3,Unknown
"Providence Internal Medicine, Diabetes/Endocrinology",Primary Care,T3,Jasmine,Livonia,NOVI,Michigan,48374,4,4,2026-07-10,6,Unknown
Sarju Shah Family Medicine and Geriatrics,Primary Care,T3,Jasmine,Other/Metro,Canton,Michigan,48187,4,4,2026-07-02,14,Unknown
"SEEMAB GUL KHAN, MD, PC",Primary Care,T3,Jasmine,Livonia,Livonia,Michigan,48150,4,4,2026-06-26,20,Unknown
"Sussan J Salas, MD, FAANS",Primary Care,T3,Jasmine,Livonia,Livonia,Michigan,48154,4,4,2026-07-09,7,Unknown
Taylor walk-in clinic,Urgent Care,T3,Jasmine,Other/Metro,Taylor,Michigan,48180,4,8,2026-06-29,17,Unknown
Trinity Health - Emergency Medicine,Primary Care,T3,Jasmine,Livonia,Livonia,Michigan,48154,4,4,2026-06-12,34,Unknown
Trinity Health IHA Academic Internal Medicine,Primary Care,T3,Jasmine,Livonia,Livonia,Michigan,48152,4,15,2026-06-19,27,Unknown
"Trinity Health IHA Medical Group, Hospital Medicine",Primary Care,T3,Jasmine,Livonia,LIVONIA,Michigan,48154,4,4,2026-06-12,34,Up to date
"Trinity Health IHA Medical Group, Primary Care - Ann Arbor",Primary Care,T3,Jasmine,Other/Metro,Ypsilanti,Michigan,48197,4,56,2026-06-30,16,Unknown
"Trinity Health IHA Medical Group, Primary Care - Southeast Livonia",Primary Care,T3,Jasmine,Livonia,Livonia,Michigan,48150,4,28,2026-06-26,20,Unknown
Trinity Health Urgent Care - West Arbor suite 230,Urgent Care,T3,Jasmine,Other/Metro,Ann Arbor,Michigan,48103,4,78,2026-07-06,10,Unknown
TRINITY HEALTH URGENT CARE- Livonia,Urgent Care,T3,Jasmine,Livonia,Livonia,Michigan,48150,4,73,2026-06-09,37,Unknown
Trinity IHA Primary Care - West Arbor,Primary Care,T3,Jasmine,Other/Metro,Ann Arbor,Michigan,48103,4,76,2026-07-06,10,Unknown
UNIVERSITY OF MICHIGAN LIVONIA HEALTH CENTER,Primary Care,T3,Jasmine,Livonia,LIVONIA,MI,48152,4,73,2026-07-08,8,Unknown
UofM Canton Health Center General Medicine,Primary Care,T3,Jasmine,Other/Metro,Canton,Michigan,48187,4,44,2026-06-11,35,Unknown
VillageMD Eastern Michigan,Primary Care,T3,Jasmine,Livonia,Novi,Michigan,48377,4,8,2026-07-15,1,Unknown
Western Wayne Physicians - Livonia,Primary Care,T3,Jasmine,Livonia,Livonia,Michigan,48154,4,16,2026-07-09,7,Unknown
Berkley Medical Center,Urgent Care,T3,Coty,Southfield,Berkley,MI,48072,4,4,2026-06-17,29,Unknown
Berkley Primary Care,Primary Care,T3,Coty,Other/Metro,Huntington Woods,MI,48070,4,8,2026-06-17,29,Unknown
Brighton Internal Medicine,Primary Care,T3,Coty,Other/Metro,Howell,Michigan,48843,4,16,2026-07-16,0,Unknown
Byron Medical Group,Primary Care,T3,Coty,Other/Metro,Howell,Michigan,48843,4,12,2026-07-16,0,Unknown
Corewell Health Advanced Primary Care,Primary Care,T3,Coty,Other/Metro,Southgate,Michigan,48195,4,0,2026-07-13,3,Unknown
Corewell Health Family Medicine -SAINT CLAIR SHORES,Primary Care,T3,Coty,Other/Metro,SAINT CLAIR SHORES,Michigan,,4,16,2026-06-18,28,Unknown
Cornerstone Garfield Family Practice - Ascension,Primary Care,T3,Coty,Sterling Heights,Clinton Township,Michigan,48038,4,39,2026-06-16,30,Unknown
"DIX EUREKA MEDICAL CENTER, PC",Primary Care,T3,Coty,Other/Metro,SOUTHGATE,MI,48195,4,4,2026-05-26,51,Unknown
DMC Primary and Specialty Care - Milford,Primary Care,T3,Coty,Other/Metro,Milford Charter Township,Michigan,48381,4,16,2026-07-16,0,Unknown
Downriver Internists - Wayne,Primary Care,T3,Coty,Other/Metro,Wayne,MI,48184,4,8,2026-07-14,2,Unknown
ESSENTIAL CARE FAMILY MEDICINE,Primary Care,T3,Coty,Other/Metro,SAINT CLAIR SHORES,Michigan,,4,4,2026-06-25,21,Unknown
Family Medicine & Wellness,Primary Care,T3,Coty,Troy,Troy,MI,48084,4,4,2026-06-03,43,Unknown
Get Well Urgent Care of Shelby,Urgent Care,T3,Coty,Other/Metro,Shelby Township,Michigan,48315,4,12,2026-07-07,9,Unknown
Health First Medical Center,Primary Care,T3,Coty,Other/Metro,SOUTHGATE,MI,48195,4,16,2026-05-26,51,Unknown
Henry Ford Health Medical Center (Ascension),Primary Care,T3,Coty,Other/Metro,St. Clair Shores,Michigan,48080,4,36,2026-06-18,28,Unknown
Howell Family Medicine,Primary Care,T3,Coty,Other/Metro,Howell,Michigan,48843,4,12,2026-07-16,0,Unknown
"INTERNAL MEDICINE ASSOCIATES OF MICHIGAN, PC",Primary Care,T3,Coty,Other/Metro,SOUTHGATE,MI,48195,4,12,2026-07-06,10,Unknown
John R Medical Clinic,Primary Care,T3,Coty,Other/Metro,Madison Heights,MI,48071,4,8,2026-06-24,22,Unknown
Macomb Family Medical Center,Primary Care,T3,Coty,Sterling Heights,MACOMB,MI,48042,4,12,2026-06-30,16,Unknown
Maridel Hernadez MD,Primary Care,T3,Coty,Other/Metro,St. Clair Shores,Michigan,48082,4,4,2026-06-18,28,Unknown
MDVIP - Troy,Primary Care,T3,Coty,Troy,Troy,Michigan,48083,4,7,2026-07-01,15,Unknown
Medpointe urgent care - St Clair Shores,Urgent Care,T3,Coty,Other/Metro,St. Clair Shores,Michigan,48082,4,12,2026-06-18,28,Unknown
"MEGHA MOHEY, MD, PC",Primary Care,T3,Coty,Other/Metro,SOUTHGATE,MI,48195,4,4,2026-07-06,10,Unknown
MHP Internal Medicine,Primary Care,T3,Coty,Other/Metro,Madison Heights,Michigan,48071,4,36,2026-06-01,45,Unknown
Michigan State Health,Primary Care,T3,Coty,Other/Metro,Clawson,Michigan,48017,4,0,2026-06-29,17,Unknown
Newland Medical Associates - Howell,Primary Care,T3,Coty,Other/Metro,Howell,Michigan,48843,4,8,2026-07-16,0,Unknown
Novus Primary Care,Primary Care,T3,Coty,Southfield,Berkley,Michigan,48072,4,4,2026-06-17,29,Unknown
Oakland Internal Medicine Associates - Henry Ford,Primary Care,T3,Coty,Other/Metro,Milford,MI,48381,4,12,2026-07-16,0,Unknown
Oakland Primary Care,Primary Care,T3,Coty,Sterling Heights,Warren,Michigan,48088,4,56,2026-06-18,28,Up to date
Office of George Nassif MD,Primary Care,T3,Coty,Sterling Heights,Clinton Township,MI,480385031,4,7,2026-06-18,28,Unknown
Premier Family Physicians,Primary Care,T3,Coty,Other/Metro,Saint Clair Shores,MI,48080,4,4,2026-06-18,28,Past due
Prime Internal Medicine (MDVIP),Primary Care,T3,Coty,Other/Metro,Milford Charter Township,Michigan,48381,4,4,2026-07-16,0,Unknown
Prism Medical Group - Internal Medicine,Primary Care,T3,Coty,Troy,Rochester Hills,Michigan,48307,4,20,2026-05-18,59,Unknown
Progressive Health Care,Primary Care,T3,Coty,Southfield,Berkley,MI,48072,4,16,2026-06-17,29,Unknown
Providence Family & Athletic Medicine,Primary Care,T3,Coty,Other/Metro,Milford,Michigan,48381,4,12,2026-07-16,0,Unknown
Pulmonary & Internal Medicine Specialists,Primary Care,T3,Coty,Southfield,Southfield,Michigan,48034,4,14,2026-05-28,49,Unknown
Rochester Family Medicine Center,Primary Care,T3,Coty,Troy,Rochester Hills,Michigan,48307,4,4,2026-07-15,1,Unknown
Rochester Hills Family Physicians (Corewell),Primary Care,T3,Coty,Troy,Rochester,Michigan,48307,4,16,2026-06-08,38,Unknown
Romeo Plank Family Practice,Primary Care,T3,Coty,Sterling Heights,Macomb,Michigan,48044,4,20,2026-07-10,6,Unknown
Shores Internal Medicine,Primary Care,T3,Coty,Other/Metro,Saint Clair Shores,MI,48080,4,4,2026-06-25,21,Unknown
Sudha Nannapaneni MD,Primary Care,T3,Coty,Other/Metro,Roseville,Michigan,48066,4,4,2026-06-25,21,Unknown
The Family Doctor,Primary Care,T3,Coty,Sterling Heights,Clinton Township,Michigan,48036,4,22,2026-07-10,6,Unknown
Urgent Care of Milford,Urgent Care,T3,Coty,Other/Metro,Milford Charter Township,Michigan,48381,4,12,2026-07-16,0,Unknown
Washington Family Medicine,Primary Care,T3,Coty,Other/Metro,Shelby Township,Michigan,48316,4,16,2026-05-07,70,Unknown
WellHealth Medical Associates - Rochester,Primary Care,T3,Coty,Troy,Rochester,Michigan,48307,4,16,2026-06-08,38,Unknown
Your Physicians,Primary Care,T3,Coty,Troy,Rochester Hills,Michigan,48307,4,12,2026-07-06,10,Unknown
1st Choice Urgent Care - Crooks Rd,Urgent Care,T3,Sean,Southfield,Royal Oak,Michigan,48073-2428,4,7,2026-06-08,38,Unknown
Associates in Family Practice,Primary Care,T3,Sean,Sterling Heights,Sterling Heights,Michigan,48314,4,55,2026-06-05,41,Unknown
Beaumont Family Medicine - Sterling Heights,Primary Care,T3,Sean,Sterling Heights,Sterling Heights,MI,483141002,4,98,2026-06-10,36,Unknown
Corewell Health Urgent Care - Troy Square Lake,Urgent Care,T3,Sean,Troy,Troy,Michigan,48085,4,0,2026-06-04,42,Unknown
Family Practice Care,Primary Care,T3,Sean,Sterling Heights,Warren,Michigan,48088,4,8,2026-05-19,58,Unknown
Henry Ford Medical Center - Warren,Primary Care,T3,Sean,Sterling Heights,Warren,MI,48093,4,28,2026-05-26,51,Unknown
Henry Ford- GoHealth Urgent Care,Urgent Care,T3,Sean,Southfield,Berkley,Michigan,48072,4,11,2026-06-08,38,Unknown
Horizon Care Medical Group - Warren,Primary Care,T3,Sean,Sterling Heights,Warren,Michigan,48089,4,4,2026-05-05,72,Unknown
Livewell Medical Clinic,Primary Care,T3,Sean,Sterling Heights,Warren,Michigan,48091,4,7,2026-07-06,10,Unknown
MI Family Practice,Primary Care,T3,Sean,Sterling Heights,Warren,MI,48093,4,8,2026-07-09,7,Unknown
MyHealth Urgent Care - Washington,Urgent Care,T3,Sean,Other/Metro,Washington,Michigan,48094,4,5,2026-05-26,51,Unknown
NAKKASH AND NAKKASH MEDICAL GROUP,Primary Care,T3,Sean,Troy,TROY,Michigan,48085,4,8,2026-06-05,41,Unknown
Pro-Health Urgent Care,Urgent Care,T3,Sean,Troy,Rochester Hills,Michigan,48307,4,10,2026-05-22,55,Unknown
Rochester Community Primary Care - Ascension,Primary Care,T3,Sean,Troy,Rochester Hills,Michigan,48307,4,15,2026-03-17,121,Unknown
Rochester Urgent Care,Urgent Care,T3,Sean,Troy,Rochester Hills,Michigan,48309,4,5,2026-06-09,37,Unknown
Ryan Medical Associates,Primary Care,T3,Sean,Sterling Heights,Warren,MI,48091,4,16,2026-04-20,87,Unknown
Schoenherr Internal Medicine,Primary Care,T3,Sean,Sterling Heights,Sterling Heights,Michigan,48312,4,7,2026-05-01,76,Unknown
Sterling Heights Urgent Care,Urgent Care,T3,Sean,Sterling Heights,Sterling Heights,Michigan,48312,4,12,2026-04-29,78,Unknown
Sterling Physicians,Primary Care,T3,Sean,Sterling Heights,Sterling Heights,Michigan,48310,4,8,2026-06-04,42,Unknown
Village Health Urgent and Family Care,Urgent Care,T3,Sean,Other/Metro,Washington,Michigan,48095,4,20,2026-05-27,50,Unknown
WARREN MEDICAL,Primary Care,T3,Sean,Livonia,DEARBORN,MI,48126,4,4,2026-06-29,17,Unknown
Warren Urgent Care,Urgent Care,T3,Sean,Sterling Heights,Warren,Michigan,48093,4,8,2026-04-16,91,Unknown
Wattles Internal Medicine- use,Primary Care,T3,Sean,Troy,Troy,Michigan,48085,4,14,2026-06-05,41,Unknown
1st Choice Urgent Care,Urgent Care,T3,Kristen,Southfield,Southfield,Michigan,48076,3,8,2026-06-01,45,Unknown
Aaron Clark MD PC,Primary Care,T3,Kristen,Port Huron,Port Huron,Michigan,48060,3,3,2026-06-25,21,Unknown
Accurate Care,Urgent Care,T3,Kristen,Sterling Heights,Warren,Michigan,48088,3,3,2026-07-15,1,Unknown
"ADULT MEDICAL CARE, PLLC",Primary Care,T3,Kristen,Livonia,WESTLAND,MI,48185,3,6,2026-06-05,41,Unknown
"AGHA INTERNAL MEDICINE AND ASSOCIATES, PC",Primary Care,T3,Kristen,Livonia,LIVONIA,MI,48154,3,6,2026-06-29,17,Unknown
"AMITY INTERNAL MEDICINE, PC - MDVIP",Primary Care,T3,Kristen,Other/Metro,BINGHAM FARMS,MI,48025,3,3,2026-07-08,8,Unknown
Apex medical Center Westland,Primary Care,T3,Kristen,Livonia,WESTLAND,MI,48186,3,3,2026-06-05,41,Unknown
ASCENSION MEDICAL GROUP PROVIDENCE FAMILY AND ATHLETIC MEDICINE,Primary Care,T3,Kristen,Livonia,NOVI,MI,48374,3,15,2026-06-01,45,Unknown
Associates in Internal Medicine - MHP,Primary Care,T3,Kristen,Other/Metro,West Bloomfield,MI,483222267,3,21,2026-05-07,70,Unknown
BASEL BRIKHO MEDICAL GROUP - use this one,Primary Care,T3,Kristen,Sterling Heights,STERLING HEIGHTS,Michigan,48314,3,6,2026-06-05,41,Unknown
BEAUMONT FAMILY MEDICINE WESTLAND,Primary Care,T3,Kristen,Livonia,WESTLAND,Michigan,,3,30,2026-06-05,41,Unknown
BETTER HEALTH CLINIC,Primary Care,T3,Kristen,Livonia,WESTLAND,Michigan,48185,3,4,2026-07-06,10,Unknown
Beverly Hills Internal Medicine,Primary Care,T3,Kristen,Other/Metro,Beverly Hills,MI,48025-5438,3,9,2026-07-08,8,Unknown
BIRMINGHAM URGENT CARE,Urgent Care,T3,Kristen,Troy,BIRMINGHAM,MI,48009,3,3,2026-07-08,8,Unknown
Blue Water Internal Medicine PC,Primary Care,T3,Kristen,Port Huron,Port Huron,Michigan,48060,3,9,2026-06-16,30,Unknown
Blue Water Urgent Care,Urgent Care,T3,Kristen,Port Huron,Marysville,Michigan,48040,3,0,2026-05-05,72,Unknown
Blue Water Urgent Care - Fort Gratiot,Urgent Care,T3,Kristen,Port Huron,Fort Gratiot,Michigan,48059,3,12,2026-05-05,72,Unknown
Blue Water Urgent Care - Port Huron,Urgent Care,T3,Kristen,Port Huron,Port Huron,Michigan,48060,3,18,2026-06-25,21,Unknown
Care Choice LLC,Primary Care,T3,Kristen,Sterling Heights,Sterling Heights,Michigan,48310,3,5,2026-06-18,28,Unknown
Clawson Internists,Primary Care,T3,Kristen,Other/Metro,Clawson,Michigan,48017,3,6,2026-07-15,1,Unknown
Corewell Family Medicine - Grosse Pointe,Primary Care,T3,Kristen,Other/Metro,Grosse Pointe,Michigan,48230,3,39,2026-07-07,9,Unknown
Corewell Health Urgent Care - Garden City,Urgent Care,T3,Kristen,Other/Metro,Garden City,Michigan,48135,3,11,2026-06-05,41,Unknown
Corewell Health Urgent Care -SAINT CLAIR SHORES,Urgent Care,T3,Kristen,Other/Metro,SAINT CLAIR SHORES,Michigan,,3,3,2026-04-27,80,Unknown
Corewell Health-East,Primary Care,T3,Kristen,Sterling Heights,Warren,Michigan,48092,3,6,2026-07-13,3,Unknown
Corewell Internal Medicine - Family Practice DEARBORN HEIGHTS,Primary Care,T3,Kristen,Other/Metro,Dearborn Heights,Michigan,48127,3,13,2026-06-30,16,Unknown
Covenant Community Care - Grosse Pointe,Primary Care,T3,Kristen,Other/Metro,Grosse Pointe,Michigan,48236,3,15,2026-07-07,9,Unknown
Cros-Lex Family Medicine,Primary Care,T3,Kristen,Other/Metro,Croswell,Michigan,48422,3,3,2026-06-09,37,Unknown
Croswell Clinic - McKenzie Health System,Primary Care,T3,Kristen,Other/Metro,Croswell,Michigan,48422,3,6,2026-06-09,37,Unknown
Dr. Carley and Associates,Primary Care,T3,Kristen,Port Huron,Port Huron,Michigan,48060,3,15,2026-06-25,21,Unknown
Dr. Robin’s Heath and Wellness Center,Primary Care,T3,Kristen,Livonia,Livonia,Michigan,48154,3,3,2026-06-29,17,Unknown
Enhanced Internal Medicine,Primary Care,T3,Kristen,Troy,Birmingham,Michigan,48009,3,3,2026-07-08,8,Unknown
Family First Health Care,Primary Care,T3,Kristen,Other/Metro,Lexington,Michigan,48450,3,9,2026-06-09,37,Unknown
Family Practice East China Henry Ford,Primary Care,T3,Kristen,Other/Metro,East China,Michigan,48054,3,6,2026-06-09,37,Unknown
"FERRIS, MARY C, MEDICAL GROUP",Primary Care,T3,Kristen,Sterling Heights,WARREN,Michigan,,3,3,2026-07-13,3,Unknown
Galera Health & Wellness,Primary Care,T3,Kristen,Port Huron,Port Huron,Michigan,48060,3,3,2026-06-16,30,Unknown
GAMMONS MEDICAL,Primary Care,T3,Kristen,Sterling Heights,WARREN,MI,48093,3,12,2026-07-13,3,Unknown
GARDEN CITY FAMILY PHYSICIANS,Primary Care,T3,Kristen,Other/Metro,GARDEN CITY,MI,48135,3,6,2026-06-05,41,Unknown
Grace Medical of Troy,Primary Care,T3,Kristen,Troy,Troy,Michigan,48083,3,3,2026-05-18,59,Unknown
Great Lakes Bay Heath Center Imlay City,Primary Care,T3,Kristen,Other/Metro,Imlay City,Michigan,48444,3,6,2026-06-02,44,Unknown
Greg Monroe DO PC,Primary Care,T3,Kristen,Livonia,Westland,Michigan,48185,3,3,2026-06-05,41,Unknown
GROSSE POINTE PARK INTERNAL MEDICINE CENTER,Primary Care,T3,Kristen,Other/Metro,GROSSE POINTE,MI,48230,3,7,2026-07-07,9,Unknown
GROSSE POINTE PEDIATRICS AND INTERNAL MEDICINE,Primary Care,T3,Kristen,Other/Metro,HARPER WOODS,MI,48225,3,6,2026-07-07,9,Unknown
Grosse Pointe Physicians and Surgeons,Primary Care,T3,Kristen,Other/Metro,Grosse Pointe,Michigan,48230,3,15,2026-07-07,9,Unknown
Health Care Medical Center,Primary Care,T3,Kristen,Other/Metro,Center Line,Michigan,48015,3,3,2026-07-13,3,Unknown
Health Management Care PC,Primary Care,T3,Kristen,Port Huron,Port Huron,Michigan,48060,3,6,2026-06-16,30,Unknown
Henry Ford  SAINT CLAIR ADULT MEDICINE SPECIALISTS,Primary Care,T3,Kristen,Other/Metro,GROSSE POINTE,Michigan,48230,3,12,2026-07-07,9,Unknown
Henry Ford Go Health Urgent Care,Urgent Care,T3,Kristen,Southfield,Southfield,Michigan,48034,3,6,2026-05-27,50,Unknown
Henry Ford Health - Family Medicine 8 Mile Livonia,Primary Care,T3,Kristen,Livonia,Livonia,Michigan,48152,3,30,2026-06-29,17,Unknown
Henry Ford Health Medical Center - Seven Mile Road,Primary Care,T3,Kristen,Livonia,LIVONIA,Michigan,,3,6,2026-06-30,16,Unknown
Henry Ford Warren Family Physicians,Primary Care,T3,Kristen,Sterling Heights,Warren,Michigan,48093,3,9,2026-07-15,1,Unknown
Hoover Primary Care Medical Group,Primary Care,T3,Kristen,Sterling Heights,Warren,Michigan,48093,3,9,2026-07-13,3,Unknown
Horizon Family Medicine,Primary Care,T3,Kristen,Port Huron,Fort Gratiot,Michigan,48059,3,6,2026-05-05,72,Unknown
Imlay City Family Practice,Primary Care,T3,Kristen,Other/Metro,Imlay City,Michigan,48444,3,12,2026-06-02,44,Unknown
Internal Medicine Associates Port Huron,Primary Care,T3,Kristen,Port Huron,Port Huron,Michigan,48060,3,15,2026-06-25,21,Unknown
iTest Health Family Medicine,Primary Care,T3,Kristen,Livonia,Livonia,Michigan,48154,3,6,2026-06-29,17,Unknown
Jefferson Family Practice (Cornerstone),Primary Care,T3,Kristen,Other/Metro,Grosse Pointe,Michigan,48230,3,3,2026-07-07,9,Unknown
John Mullally MD PC,Primary Care,T3,Kristen,Port Huron,Port Huron,Michigan,48060,3,3,2026-06-16,30,Unknown
Lake Huron Medical Center - Fort Gratiot,Primary Care,T3,Kristen,Port Huron,Fort Gratiot,Michigan,48059,3,6,2026-05-05,72,Unknown
Lakewood Primary Care,Primary Care,T3,Kristen,Sterling Heights,Sterling Heights,Michigan,48313,3,6,2026-06-22,24,Unknown
Legacy Family Medicine,Primary Care,T3,Kristen,Sterling Heights,Sterling Heights,MI,48312,3,6,2026-06-22,24,Unknown
Lexington Family Medicine,Primary Care,T3,Kristen,Other/Metro,Lexington,Michigan,48450,3,9,2026-06-09,37,Unknown
Life In Balance,Primary Care,T3,Kristen,Troy,Rochester Hills,Michigan,48307,3,3,2026-06-10,36,Unknown
Lifetime Family Care,Primary Care,T3,Kristen,Other/Metro,Madison Heights,Michigan,48071,3,11,2026-06-15,31,Unknown
Lily’s Medical Group,Primary Care,T3,Kristen,Sterling Heights,Sterling Heights,Michigan,48310,3,6,2026-06-22,24,Unknown
LIVONIA MEDICAL CLINIC,Primary Care,T3,Kristen,Livonia,LIVONIA,MI,48154,3,3,2026-06-29,17,Unknown
Madison Heights Urgent Care & Pediatrics,Urgent Care,T3,Kristen,Sterling Heights,Warren,MI,48092,3,12,2026-07-13,3,Unknown
"MAURA BAGOS, DO, PC",Primary Care,T3,Kristen,Troy,TROY,MI,48083,3,3,2026-05-18,59,Unknown
McLaren Port Huron Family Medicine,Primary Care,T3,Kristen,Port Huron,Port Huron,Michigan,48060,3,18,2026-06-25,21,Unknown
McLaren Port Huron Fort Gratiot Internal Medicine,Primary Care,T3,Kristen,Port Huron,Fort Gratiot,Michigan,48059,3,6,2026-05-05,72,Unknown
McLaren Port Huron Internal Medicine,Primary Care,T3,Kristen,Port Huron,Port Huron,Michigan,48060,3,24,2026-06-25,21,Unknown
McLaren Port Huron St. Clair Health Center,Primary Care,T3,Kristen,Other/Metro,Saint Clair,Michigan,48079,3,11,2026-06-09,37,Unknown
MedPro Primary Care,Urgent Care,T3,Kristen,Other/Metro,Madison Heights,Michigan,48071,3,21,2026-06-15,31,Unknown
Mercy Family Care Center,Primary Care,T3,Kristen,Sterling Heights,Sterling Heights,Michigan,48310,3,6,2026-06-18,28,Unknown
METROPOLITAN MEDICAL ASSOCIATES,Primary Care,T3,Kristen,Sterling Heights,WARREN,MI,48093,3,4,2026-07-13,3,Unknown
MHP - West,Primary Care,T3,Kristen,Livonia,Westland,Michigan,48185,3,6,2026-06-05,41,Unknown
MICHIGAN PREMIER INTERNISTS,Primary Care,T3,Kristen,Southfield,SOUTHFIELD,MI,48034,3,18,2026-05-27,50,Unknown
Middlebelt Medical Center,Primary Care,T3,Kristen,Livonia,Livonia,MI,48152,3,3,2026-06-29,17,Unknown
Mitchell Medical Center,Primary Care,T3,Kristen,Port Huron,Port Huron,Michigan,48060,3,26,2026-06-16,30,Unknown
MNP,Primary Care,T3,Kristen,Sterling Heights,Utica,Michigan,48317,3,3,2026-06-22,24,Unknown
NEU Urgent Care,Urgent Care,T3,Kristen,Other/Metro,Hazel Park,Michigan,48030,3,15,2026-05-12,65,Unknown
NICOLOFF HOLISTIC FAMILY MEDICINE,Primary Care,T3,Kristen,Livonia,LIVONIA,MI,48154,3,3,2026-06-29,17,Unknown
North Woodward Internal Medicine Associates,Primary Care,T3,Kristen,Other/Metro,Clawson,MI,48017,3,27,2026-07-15,1,Unknown
Northtown Primary Care,Primary Care,T3,Kristen,Troy,Rochester Hills,Michigan,48306,3,17,2026-06-10,36,Unknown
Nova Health Urgent Care,Urgent Care,T3,Kristen,Southfield,Southfield,Michigan,48033,3,9,2026-05-28,49,Unknown
Oakland Family Practice,Primary Care,T3,Kristen,Sterling Heights,Warren,Michigan,48092,3,18,2026-06-15,31,Unknown
Park Medical Centers,Primary Care,T3,Kristen,Livonia,Livonia,Michigan,48150,3,9,2026-06-30,16,Unknown
"PARTRIDGE FAMILY PHYSICIANS, PC",Primary Care,T3,Kristen,Sterling Heights,CLINTON TOWNSHIP,MI,48038,3,6,2026-06-15,31,Unknown
Patrick Kut MD PC,Primary Care,T3,Kristen,Port Huron,Marysville,Michigan,48040,3,3,2026-05-05,72,Unknown
Physician HealthCare Network,Primary Care,T3,Kristen,Other/Metro,Lenox,MI,48048,3,30,2026-06-09,37,Unknown
Physician HealthCare Network Urgent Care and Walk In- Fort Gratiot,Urgent Care,T3,Kristen,Other/Metro,Fort Gratiot Township,Michigan,48059,3,15,2026-05-05,72,Unknown
Physician HeathCare Network - Marysville,Primary Care,T3,Kristen,Port Huron,Marysville,Michigan,48040,3,27,2026-05-05,72,Unknown
Physician HeathCare Network - Michele Raymond DO,Primary Care,T3,Kristen,Port Huron,Port Huron,Michigan,48060,3,9,2026-06-16,30,Unknown
"PILLAY INTERNAL MEDICINE ASSOCIATES, PLLC",Primary Care,T3,Kristen,Other/Metro,WALLED LAKE,MI,48390,3,9,2026-05-04,73,Unknown
Plumbrook Medical Center,Primary Care,T3,Kristen,Sterling Heights,Sterling Heights,MI,48313,3,6,2026-06-22,24,Unknown
Plymouth Urgent Care,Urgent Care,T3,Kristen,Other/Metro,Plymouth,Michigan,48170,3,6,2026-06-04,42,Unknown
Port Huron Family Care,Primary Care,T3,Kristen,Port Huron,Port Huron,Michigan,48060,3,6,2026-06-25,21,Unknown
Port Huron Medicine Associates,Primary Care,T3,Kristen,Port Huron,Port Huron,MI,480606405,3,20,2026-06-16,30,Unknown
Powers Family Medicine,Primary Care,T3,Kristen,Livonia,Farmington Hills,MI,48336-2559,3,9,2026-05-13,64,Unknown
"PRAVEEN MODI, MD, PC",Primary Care,T3,Kristen,Other/Metro,PLYMOUTH,Michigan,MI 48170,3,6,2026-06-04,42,Unknown
Professional Village Medical Center,Primary Care,T3,Kristen,Sterling Heights,Sterling Heights,MI,48313,3,18,2026-06-22,24,Unknown
"PROGRESSIVE HEALTH CARE, PC",Primary Care,T3,Kristen,Livonia,Livonia,Michigan,48152,3,6,2026-06-29,17,Unknown
Pulmonary & Medical Associates,Primary Care,T3,Kristen,Sterling Heights,Warren,MI,48088,3,21,2026-07-13,3,Unknown
Regina Simone DO PC,Primary Care,T3,Kristen,Other/Metro,Northville,MI,48168,3,2,2026-06-04,42,Unknown
River District Family Practice (Henry Ford) - St. Clair,Primary Care,T3,Kristen,Other/Metro,Saint Clair,Michigan,48079,3,9,2026-06-09,37,Unknown
Rochester Primary Care,Primary Care,T3,Kristen,Troy,Rochester Hills,Michigan,48307,3,15,2026-06-10,36,Unknown
ROCHESTER ROAD CLINIC,Primary Care,T3,Kristen,Other/Metro,Clawson,Michigan,48017,3,3,2026-07-15,1,Unknown
Rolando Estupigan DO PC,Primary Care,T3,Kristen,Troy,Troy,Michigan,48084,3,6,2026-05-18,59,Unknown
ROSE MEDICINE,Primary Care,T3,Kristen,Other/Metro,BINGHAM FARMS,MI,48025,3,6,2026-07-08,8,Unknown
Silver Pine Medical Group - Sterling Heights,Primary Care,T3,Kristen,Sterling Heights,Sterling Heights,Michigan,48313,3,117,2026-06-22,24,Unknown
St. Clair Medical,Primary Care,T3,Kristen,Other/Metro,East China,Michigan,48054,3,15,2026-06-09,37,Unknown
Sterling Family Medicine,Primary Care,T3,Kristen,Sterling Heights,Warren,MI,48092,3,3,2026-07-13,3,Unknown
Stonebrooke Family Physicians,Primary Care,T3,Kristen,Troy,Rochester Hills,Michigan,48309,3,24,2026-06-10,36,Unknown
Thrive Medicine,Primary Care,T3,Kristen,Other/Metro,Northville,Michigan,48167,3,3,2026-06-04,42,Unknown
Total Urgent Care - Imlay City,Urgent Care,T3,Kristen,Other/Metro,Imlay City,Michigan,48444,3,15,2026-06-02,44,Unknown
Trinity IHA Primary Care - Schoolcraft Campus,Primary Care,T3,Kristen,Livonia,Livonia,Michigan,48152,3,30,2026-06-30,16,Unknown
Trinity IHA Senior Primary Care,Primary Care,T3,Kristen,Livonia,Livonia,Michigan,48152,3,17,2026-06-30,16,Unknown
Universal Clinic & Urgent Care,Urgent Care,T3,Kristen,Sterling Heights,Warren,Michigan,48092,3,6,2026-07-13,3,Unknown
Village Medical - Livonia,Primary Care,T3,Kristen,Livonia,Livonia,Michigan,48152,3,29,2026-06-30,16,Unknown
Village Medical - Northville West,Primary Care,T3,Kristen,Other/Metro,Northville,Michigan,48167,3,15,2026-06-04,42,Unknown
Wadhams Family Care,Primary Care,T3,Kristen,Other/Metro,Kimball,Michigan,48074,3,6,2026-05-05,72,Unknown
"WAYNE MEDICAL CENTER, PLLC",Primary Care,T3,Kristen,Livonia,WESTLAND,Michigan,,3,9,2026-07-06,10,Unknown
WellNow - Port Huron,Urgent Care,T3,Kristen,Port Huron,Port Huron,Michigan,48060,3,9,2026-06-25,21,Unknown
WESTLAND CLINIC - use,Primary Care,T3,Kristen,Livonia,WESTLAND,MI,48185,3,9,2026-06-05,41,Unknown
"White MD, Louis PC",Primary Care,T3,Kristen,Troy,Birmingham,Michigan,480097206,3,9,2026-07-08,8,Unknown
Yale Family Care,Primary Care,T3,Kristen,Other/Metro,Yale,Michigan,48097,3,3,2026-06-09,37,Unknown
Yehia Elsafy MD PC,Primary Care,T3,Kristen,Port Huron,Port Huron,Michigan,48060,3,3,2026-06-16,30,Unknown
ACADEMIC INTERNAL MEDICINE,Primary Care,T3,Jasmine,Other/Metro,Ypsilanti,Michigan,48197,3,27,2026-05-18,59,Unknown
Advanced Primary Care,Primary Care,T3,Jasmine,Other/Metro,CANTON,Michigan,48187,3,6,2026-06-02,44,Unknown
AMC primary care,Primary Care,T3,Jasmine,Other/Metro,Dearborn Heights,Michigan,48125,3,6,2026-06-17,29,Past due
Arash Kiarash,Primary Care,T3,Jasmine,Livonia,Westland,Michigan,48186,3,3,2026-07-06,10,Unknown
ASSOCIATES IN INTERNAL MEDICINE SPECIALTIES,Primary Care,T3,Jasmine,Other/Metro,Garden City,Michigan,48135,3,6,2026-06-15,31,Unknown
ATI Ypsilanti Huron Rd,Primary Care,T3,Jasmine,Other/Metro,Ypsilanti,Michigan,48197,3,18,2026-06-08,38,Unknown
BEAUMONT FAMILY MEDICINE BELLEVILLE,Primary Care,T3,Jasmine,Other/Metro,BELLEVILLE,Michigan,,3,33,2026-05-29,48,Unknown
BEAUMONT FAMILY MEDICINE GARDEN CITY,Primary Care,T3,Jasmine,Other/Metro,GARDEN CITY,MI,48135,3,24,2026-06-15,31,Unknown
Bio Energy Medical Center,Primary Care,T3,Jasmine,Other/Metro,Ann Arbor,Michigan,48108,3,24,2026-07-06,10,Unknown
CANTON FAMILY HEALTH LLC,Primary Care,T3,Jasmine,Other/Metro,CANTON,MI,48187,3,6,2026-07-06,10,Unknown
Care Medical Clinic of Canton,Primary Care,T3,Jasmine,Other/Metro,Canton,MI,48187,3,3,2026-06-02,44,Unknown
Concentra Urgent Care - Southfield,Urgent Care,T3,Jasmine,Southfield,Southfield,Michigan,48076,3,2,2026-07-09,7,Unknown
Concentra Urgent Care- Novi,Urgent Care,T3,Jasmine,Livonia,Novi,Michigan,48375,3,6,2026-05-05,72,Unknown
Corewell Health Wayne Hospital Family Medicine -  Canton,Primary Care,T3,Jasmine,Other/Metro,CANTON,MI,48187,3,21,2026-06-02,44,Unknown
Dearborn Family Doctors,Primary Care,T3,Jasmine,Livonia,Dearborn,Michigan,48126,3,3,2026-05-20,57,Unknown
"DEARBORN HEALTHCARE, PC",Primary Care,T3,Jasmine,Livonia,Dearborn,Michigan,48120,3,6,2026-05-20,57,Unknown
"DR VIJAYA CHALLA, MD, PC",Primary Care,T3,Jasmine,Livonia,DEARBORN,MI,48124,3,6,2026-03-27,111,Unknown
Dr. Susannah Parke,Primary Care,T3,Jasmine,Other/Metro,Ann Arbor,Michigan,48103,3,3,2026-05-27,50,Unknown
"EAST DEARBORN MEDICAL CLINIC, PC (Medicaid)",Primary Care,T3,Jasmine,Livonia,DEARBORN,Michigan,48126,3,3,2026-06-01,45,Unknown
"EASTBORN CLINIC, PLLC",Primary Care,T3,Jasmine,Livonia,DEARBORN,MI,48126,3,3,2026-06-01,45,Unknown
Emmaus Health,Primary Care,T3,Jasmine,Other/Metro,Ann Arbor,Michigan,48105,3,15,2026-04-17,90,Unknown
EPIC - Eastponte,Urgent Care,T3,Jasmine,Other/Metro,Eastpointe,Michigan,48021,3,6,2026-05-01,76,Unknown
FORD TEL MEDICAL CENTER,Urgent Care,T3,Jasmine,Other/Metro,Dearborn Heights,Michigan,48127,3,6,2026-06-17,29,Unknown
"GARDEN CITY MEDICAL CENTER, PC",Primary Care,T3,Jasmine,Other/Metro,GARDEN CITY,MI,48135,3,15,2026-06-15,31,Unknown
Garden City urgent care/primary care,Urgent Care,T3,Jasmine,Other/Metro,Garden City,Michigan,48135,3,6,2026-05-13,64,Unknown
Get Well Urgent Care,Urgent Care,T3,Jasmine,Other/Metro,Dearborn Heights,Michigan,48127,3,3,2026-06-17,29,Unknown
Get Well Urgent Care Southfield,Urgent Care,T3,Jasmine,Southfield,Southfield,Michigan,48075,3,27,2026-06-30,16,Unknown
Gretchen’s place,Primary Care,T3,Jasmine,Other/Metro,Belleville,Michigan,48111,3,9,2026-05-29,48,Unknown
HENRY FORD MEDICAL CENTER COLUMBUS WALK IN CLINIC,Primary Care,T3,Jasmine,Livonia,NOVI,MI,48377,3,0,2026-06-24,22,Unknown
HENRY FORD MEDICAL CENTER TEMPLIN,Primary Care,T3,Jasmine,Other/Metro,WYANDOTTE,MI,48192,3,4,2026-03-31,107,Unknown
Hewitt Road Medical Center,Primary Care,T3,Jasmine,Other/Metro,Ypsilanti,Michigan,48197,3,6,2026-05-18,59,Unknown
"IHA, Primary Care - Cherry Hill Village",Primary Care,T3,Jasmine,Other/Metro,Canton,Michigan,48187,3,36,2026-06-02,44,Unknown
"INTERNAL MEDICINE ASSOCIATES OF SOUTHEAST MICHIGAN, PC",Primary Care,T3,Jasmine,Other/Metro,YPSILANTI,MI,48197,3,3,2026-05-18,59,Unknown
Internal Medicine Clinic - Taubman Center,Primary Care,T3,Jasmine,Other/Metro,Ann Arbor,Michigan,481095856,3,30,2026-06-09,37,Unknown
Katherine A Repp Np,Primary Care,T3,Jasmine,Livonia,Dearborn,MI,48124-5032,3,3,2026-06-01,45,Unknown
Kris Warszawski MD - MHP,Primary Care,T3,Jasmine,Other/Metro,GARDEN CITY,MI,48135,3,6,2026-06-15,31,Past due
"McGrail MD, Caprice (may not be a good fit)",Primary Care,T3,Jasmine,Other/Metro,Canton,MI,481873795,3,3,2026-05-13,64,Unknown
MD URGENT CARE,Urgent Care,T3,Jasmine,Other/Metro,Ann Arbor,Michigan,48103,3,3,2026-06-11,35,Unknown
MDWell,Primary Care,T3,Jasmine,Livonia,Dearborn,Michigan,48124,3,12,2026-05-06,71,Unknown
"MICHIGAN INTERNAL MEDICINE ASSOCIATES, PC",Primary Care,T3,Jasmine,Other/Metro,Dearborn Heights,Michigan,48127,3,12,2026-06-17,29,Unknown
Michigan urgent care,Urgent Care,T3,Jasmine,Other/Metro,Ann Arbor,Michigan,48104,3,30,2026-06-11,35,Unknown
NORDYKE FAMILY MEDICINE,Primary Care,T3,Jasmine,Other/Metro,WYANDOTTE,MI,48192,3,9,2026-03-31,107,Unknown
Norman MacDermid DO PC,Primary Care,T3,Jasmine,Other/Metro,Belleville,Michigan,48111,3,3,2026-05-29,48,Unknown
OAK STREET HEALTH CHERRY HILL,Primary Care,T3,Jasmine,Other/Metro,INKSTER,MI,48141,3,21,2026-04-22,85,Unknown
"Oakman, Medical Center",Primary Care,T3,Jasmine,Livonia,Dearborn,Michigan,48126,3,6,2026-07-14,2,Unknown
Office of Douglas Hames MD,Primary Care,T3,Jasmine,Other/Metro,Eastpointe,MI,48021,3,6,2026-05-12,65,Unknown
Office of Isis Hanna MD,Primary Care,T3,Jasmine,Other/Metro,Eastpointe,MI,48021,3,3,2026-05-12,65,Unknown
Office of Magdy Hanna MD,Primary Care,T3,Jasmine,Other/Metro,Eastpointe,MI,48021,3,3,2026-05-13,64,Unknown
Packard Health - Ann Arbor,Primary Care,T3,Jasmine,Other/Metro,Ann Arbor,Michigan,48108,3,36,2026-06-30,16,Unknown
Palmer Medical,Primary Care,T3,Jasmine,Livonia,Westland,Michigan,48186,3,3,2026-07-06,10,Unknown
Park Medical Centers - Canton,Primary Care,T3,Jasmine,Other/Metro,CANTON,MI,48187,3,3,2026-07-02,14,Unknown
PLYMOUTH CANTON FAMILY HEALTH,Primary Care,T3,Jasmine,Other/Metro,CANTON,MI,48187,3,3,2026-07-02,14,Unknown
Premier Medicine Primary and Urgent Care,Urgent Care,T3,Jasmine,Livonia,Dearborn,Michigan,48120,3,11,2026-07-14,2,Unknown
Primary Care Center,Primary Care,T3,Jasmine,Other/Metro,Dearborn Heights,Michigan,48125,3,15,2026-06-17,29,Unknown
"PROGRESSIVE HEALTH CARE, PC",Primary Care,T3,Jasmine,Other/Metro,TAYLOR,MI,48180,3,3,2026-06-29,17,Unknown
PULSE PRIMARY/SENIOR CARE,Primary Care,T3,Jasmine,Livonia,Dearborn,Michigan,48126,3,2,2026-07-14,2,Unknown
SaadMDClinic - Dearborn,Primary Care,T3,Jasmine,Livonia,DEARBORN,MI,48126,3,3,2026-05-20,57,Unknown
"Sickels MD, Malcolm",Primary Care,T3,Jasmine,Other/Metro,Ann Arbor,MI,481036218,3,9,2026-05-27,50,Unknown
"SITA MEDICAL CLINIC, PC",Primary Care,T3,Jasmine,Other/Metro,WYANDOTTE,MI,48192,3,12,2026-03-31,107,Unknown
SOUTHFIELD URGENT CARE,Urgent Care,T3,Jasmine,Southfield,SOUTHFIELD,Michigan,,3,0,2026-06-29,17,Unknown
"SUNSTRUM MEDICAL ASSOCIATES, PC",Primary Care,T3,Jasmine,Livonia,DEARBORN,MI,48124,3,6,2026-06-01,45,Unknown
"TAYLOR INTERNAL MEDICINE ASSOCIATES, PC",Primary Care,T3,Jasmine,Other/Metro,TAYLOR,MI,48180,3,3,2026-06-29,17,Unknown
"THAMER MEDICAL, PLLC",Primary Care,T3,Jasmine,Livonia,DEARBORN,MI,48124,3,3,2026-06-01,45,Unknown
THE VILLAGE DOCTOR AT CHERRY HILL,Primary Care,T3,Jasmine,Other/Metro,CANTON,MI,48188,3,3,2026-06-02,44,Unknown
TRENTON FAMILY CLINIC,Primary Care,T3,Jasmine,Other/Metro,WYANDOTTE,MI,48192,3,3,2026-03-31,107,Unknown
Trinity Health Neighborhood Primary Care,Primary Care,T3,Jasmine,Other/Metro,Ypsilanti,Michigan,48197,3,21,2026-06-08,38,Unknown
Trinity health urgent care – EMU,Urgent Care,T3,Jasmine,Other/Metro,Ypsilanti,Michigan,48197,3,2,2026-07-13,3,Unknown
Trupti Patel,Primary Care,T3,Jasmine,Livonia,Westland,Michigan,48185,3,2,2026-06-08,38,Unknown
Velocity Health Center,Primary Care,T3,Jasmine,Other/Metro,Ypsilanti,Michigan,48197,3,3,2026-05-18,59,Unknown
"Vladimir Klemptner MD,",Primary Care,T3,Jasmine,Other/Metro,Ypsilanti,MI,481985807,3,3,2026-06-26,20,Unknown
WARRENFIELD MEDICAL CENTER (Medicaid),Primary Care,T3,Jasmine,Livonia,DEARBORN,Michigan,48126,3,15,2026-06-01,45,Unknown
WAYNE GERIATRICS,Primary Care,T3,Jasmine,Other/Metro,Wayne,Michigan,48184,3,3,2026-06-08,38,Unknown
Wayne Primary Care and Walk In,Urgent Care,T3,Jasmine,Other/Metro,Wayne,Michigan,48184,3,3,2026-06-08,38,Unknown
Albert Przybylski DO,Primary Care,T3,Coty,Sterling Heights,Clinton Township,MI,48035,3,12,2026-06-16,30,Unknown
AMG Oak Park Medical Center,Primary Care,T3,Coty,Southfield,Oak Park,MI,48237,3,6,2026-05-21,56,Unknown
Arcturus Healthcare - Rochester Hills,Primary Care,T3,Coty,Troy,Rochester Hills,Michigan,48307,3,9,2026-06-15,31,Unknown
Be Well Medical Center,Primary Care,T3,Coty,Southfield,Berkley,MI,48072,3,24,2026-04-21,86,Unknown
Clarkston Internal Medicine,Primary Care,T3,Coty,Other/Metro,Clarkston,Michigan,48346,3,12,2026-06-08,38,Unknown
Clarkston Medical Group,Primary Care,T3,Coty,Other/Metro,Clarkston,Michigan,48346,3,77,2026-06-08,38,Unknown
Corewell Blanzy Clinic Southgate,Primary Care,T3,Coty,Other/Metro,Southgate,MI,48195,3,18,2026-04-10,97,Unknown
Corewell Health Internal Medicine - Troy,Primary Care,T3,Coty,Troy,Troy,Michigan,48084,3,9,2026-06-10,36,Unknown
Doctors Urgent Care & Telemedicine By Doctors Urgent Care Group,Urgent Care,T3,Coty,Sterling Heights,Sterling Heights,Michigan,48313,3,0,2026-04-30,77,Unknown
Emil Sitto MD,Primary Care,T3,Coty,Sterling Heights,Macomb,MI,48042,3,3,2026-07-10,6,Unknown
"George Afram MD,",Primary Care,T3,Coty,Other/Metro,St. Clair Shores,Michigan,48081,3,3,2026-06-04,42,Unknown
Henry Ford Macomb Internal Medicine,Primary Care,T3,Coty,Sterling Heights,Sterling Heights,Michigan,48312,3,12,2026-06-16,30,Unknown
Henry Ford Medical Center - Beck Rd,Primary Care,T3,Coty,Other/Metro,Plymouth,MI,48170,3,6,2026-06-22,24,Unknown
Henry Ford St. John Center for Wellness,Primary Care,T3,Coty,Other/Metro,Roseville,Michigan,48066,3,15,2026-06-25,21,Unknown
Independence Urgent Care,Urgent Care,T3,Coty,Other/Metro,Clarkston,Michigan,48346,3,6,2026-06-08,38,Unknown
Macomb Family Medicine (Henry Ford) - Chesterfield,Primary Care,T3,Coty,Other/Metro,Chesterfield,Michigan,48047,3,6,2026-06-30,16,Unknown
Madison Medical Arts,Primary Care,T3,Coty,Other/Metro,Madison Heights,MI,48071,3,6,2026-06-24,22,Unknown
Maxem Urgent Care,Urgent Care,T3,Coty,Other/Metro,Madison Heights,Michigan,48071,3,0,2026-06-24,22,Unknown
MD VIP - Utica,Primary Care,T3,Coty,Other/Metro,Shebly Township,MI,48317,3,3,2026-07-07,9,Unknown
MDWELL -CO,Primary Care,T3,Coty,Livonia,Westland,Michigan,48185,3,17,2026-05-29,48,Unknown
My Health Urgent Care (Ascension) - Howell,Urgent Care,T3,Coty,Other/Metro,Howell,Michigan,48843,3,3,2026-07-16,0,Unknown
New Horizons Medical Center,Primary Care,T3,Coty,Livonia,Livonia,Michigan,48152,3,6,2026-04-02,105,Unknown
Normandy Family Practice,Primary Care,T3,Coty,Sterling Heights,Clinton Township,MI,48035,3,9,2026-06-16,30,Unknown
North Valley Internal Medicine,Primary Care,T3,Coty,Other/Metro,Highland Charter Township,Michigan,48357,3,24,2026-07-16,0,Unknown
Office of Steven Trombly MD,Primary Care,T3,Coty,Sterling Heights,Sterling Heights,Michigan,48310,3,3,2026-07-09,7,Up to date
Partners in Family Medicine,Primary Care,T3,Coty,Other/Metro,Shelby Township,Michigan,48316,3,12,2026-05-20,57,Unknown
Premier Family Medicine - Livingston,Primary Care,T3,Coty,Other/Metro,Howell,Michigan,48843,3,12,2026-04-28,79,Unknown
Rochester Medical Group,Primary Care,T3,Coty,Troy,Rochester Hills,Michigan,48307,3,27,2026-06-15,31,Unknown
Rubina Ahmed MD,Primary Care,T3,Coty,Other/Metro,Taylor,MI,48180,3,3,2026-05-11,66,Unknown
Shorepointe Family Physicians - St. Clair Shores,Primary Care,T3,Coty,Other/Metro,St Clair Shores,MI,48080,3,15,2026-06-04,42,Unknown
"SKYWALK INTERNAL MEDICINE, PC",Primary Care,T3,Coty,Sterling Heights,STERLING HEIGHTS,Michigan,48314,3,2,2026-04-01,106,Unknown
SOUTHGATE MEDICAL CLINIC,Primary Care,T3,Coty,Other/Metro,SOUTHGATE,MI,48195,3,3,2026-05-26,51,Unknown
Troy Health Center,Primary Care,T3,Coty,Troy,Troy,Michigan,48083,3,6,2026-07-01,15,Unknown
UofM Northville Health Center,Primary Care,T3,Coty,Other/Metro,Northville,Michigan,48168,3,3,2026-06-22,24,Unknown
Woods Cardiovascular Internal Medicine Associates - Macomb,Primary Care,T3,Coty,Sterling Heights,Macomb,MI,48044,3,4,2026-05-20,57,Unknown
24 Hour Lifeline Urgent Care,Urgent Care,T3,Sean,Sterling Heights,Warren,Michigan,48093,3,3,2026-03-24,114,Unknown
Academic Internal Medicine (Ascension),Primary Care,T3,Sean,Other/Metro,Washington,Michigan,48094,3,15,2026-03-17,121,Unknown
Aggarwal & Associates MD PC,Primary Care,T3,Sean,Sterling Heights,Warren,MI,48092,3,6,2026-04-24,83,Past due
ASCENSION MACOMB OAKLAND HOSPITAL MOTOR CITY INTERNISTS,Primary Care,T3,Sean,Sterling Heights,WARREN,Michigan,48093,3,9,2026-04-24,83,Unknown
Auburn Hills Medical Clinic,Primary Care,T3,Sean,Troy,Auburn Hills,MI,48326,3,9,2026-03-23,115,Unknown
Ausi Medical Center,Primary Care,T3,Sean,Sterling Heights,Sterling Heights,Michigan,48310,3,3,2026-06-04,42,Unknown
Beaumont Urgent Care - Macomb,Urgent Care,T3,Sean,Sterling Heights,Macomb,Michigan,48044,3,1,2026-03-31,107,Unknown
Berkley Urgent Care,Urgent Care,T3,Sean,Southfield,Berkley,Michigan,48072,3,7,2026-03-23,115,Unknown
Birmingham Royal Oak Medical Group,Primary Care,T3,Sean,Southfield,Royal Oak,MI,48073,3,15,2026-03-13,125,Unknown
Brigid Healthcare,Primary Care,T3,Sean,Troy,Troy,Michigan,48083,3,6,2026-04-14,93,Unknown
Carecore Health Center,Primary Care,T3,Sean,Troy,Troy,Michigan,48085,3,3,2026-04-14,93,Unknown
Clearwater Family Medicine,Primary Care,T3,Sean,Other/Metro,Washington Township,Michigan,48095,3,9,2026-05-27,50,Unknown
Corewell Health Urgent Care,Urgent Care,T3,Sean,Southfield,ROYAL OAK,Michigan,,3,3,2026-06-08,38,Unknown
Cornerstone Lakefront Internists,Primary Care,T3,Sean,Other/Metro,St. Clair Shores,Michigan,48081,3,7,2026-04-27,80,Unknown
"DIAB AND KINNER INTERNAL MEDICINE, PC- use",Primary Care,T3,Sean,Sterling Heights,WARREN,Michigan,48093,3,6,2026-03-24,114,Unknown
Downriver Internists,Primary Care,T3,Sean,Southfield,Oak Park,MI,48237,3,6,2026-04-22,85,Unknown
Elite Family Medicine,Primary Care,T3,Sean,Sterling Heights,Sterling Heights,Michigan,48310,3,6,2026-06-04,42,Unknown
Elite Internal Medicine,Primary Care,T3,Sean,Sterling Heights,Sterling Heights,Michigan,48310,3,9,2026-06-04,42,Unknown
Emcura Immediate Care - Grosse Pointe,Urgent Care,T3,Sean,Other/Metro,Grosse Pointe Woods,Michigan,48236,3,5,2026-06-03,43,Unknown
Epic Health - St Clair Shores,Primary Care,T3,Sean,Other/Metro,St. Clair Shores,Michigan,48081,3,21,2026-05-06,71,Unknown
Get Well Roseville Urgent Care,Urgent Care,T3,Sean,Other/Metro,Roseville,MI,48066,3,3,2026-05-06,71,Unknown
Get Well Urgent Care,Urgent Care,T3,Sean,Sterling Heights,Clinton Township,Michigan,48038,3,2,2026-05-19,58,Unknown
Get Well Urgent Care - Sterling Heights,Urgent Care,T3,Sean,Sterling Heights,Sterling Heights,Michigan,48310,3,8,2026-06-04,42,Unknown
Get Well Urgent Care Madison Heights,Urgent Care,T3,Sean,Other/Metro,Madison Heights,Michigan,48071,3,20,2026-03-25,113,Unknown
Gohealth Urgent Care,Urgent Care,T3,Sean,Other/Metro,Mount Clemens,Michigan,48043,3,4,2026-04-20,87,Unknown
Greater Shores Primary Care & Walk-In Clinic,Primary Care,T3,Sean,Other/Metro,Saint Clair Shores,MI,48080,3,11,2026-05-06,71,Unknown
Henry Ford Macomb Primary Care - Washington,Primary Care,T3,Sean,Other/Metro,Washington,Michigan,48095,3,8,2026-03-17,121,Unknown
Henry Ford Medical Center - East Jefferson,Primary Care,T3,Sean,Other/Metro,Saint Clair Shores,MI,48080,3,18,2026-04-27,80,Unknown
IEP Urgent Care - Clinton Township,Urgent Care,T3,Sean,Sterling Heights,Clinton Township,Michigan,48035,3,3,2026-03-19,119,Unknown
IEP Urgent Care - Grosse Pointe,Urgent Care,T3,Sean,Other/Metro,Grosse Pointe Woods,Michigan,48236,3,6,2026-06-03,43,Unknown
"Joyanta SAHA, MD, PLC",Primary Care,T3,Sean,Sterling Heights,CLINTON TOWNSHIP,Michigan,48038,3,3,2026-05-19,58,Unknown
Kashat Urgent care,Urgent Care,T3,Sean,Sterling Heights,Sterling Heights,Michigan,48310,3,3,2026-06-04,42,Unknown
LaFontaine Internal Medicine,Primary Care,T3,Sean,Other/Metro,Grosse Pointe,MI,482363250,3,6,2026-03-19,119,Unknown
Maplecrest Medical Urgent Care,Urgent Care,T3,Sean,Sterling Heights,STERLING HEIGHTS,Michigan,48310,3,6,2026-06-04,42,Unknown
Masonic Medical Center - Ascension,Primary Care,T3,Sean,Other/Metro,St. Clair Shores,Michigan,48082,3,36,2026-03-27,111,Unknown
Michigan Adult and Child Medicine,Primary Care,T3,Sean,Sterling Heights,Warren,Michigan,48093,3,21,2026-03-24,114,Unknown
Michigan Compassionate Care,Primary Care,T3,Sean,Sterling Heights,Warren,Michigan,48093,3,6,2026-03-11,127,Unknown
Michigan Physicians Group - Berkley,Primary Care,T3,Sean,Southfield,Berkley,Michigan,48072,3,15,2026-03-23,115,Unknown
Michigan Primary Care - Sterling Heights,Primary Care,T3,Sean,Sterling Heights,Sterling Heights,Michigan,48314,3,9,2026-06-04,42,Unknown
"Office of Audrey M Sim MD,",Primary Care,T3,Sean,Other/Metro,Saint Clair Shores,MI,480813770,3,3,2026-05-06,71,Unknown
Office of Lillman Dwarka MD,Primary Care,T3,Sean,Sterling Heights,Sterling Heights,MI,48312,3,3,2026-04-29,78,Unknown
Office of Robin Samyn MD,Primary Care,T3,Sean,Other/Metro,Grosse Pointe Woods,Michigan,48236,3,3,2026-06-03,43,Unknown
Office of Steven Minnick MD,Primary Care,T3,Sean,Other/Metro,Grosse Pointe,Michigan,48236,3,3,2026-06-03,43,Unknown
Office of Vincent Maribao MD,Primary Care,T3,Sean,Other/Metro,Saint Clair Shores,MI,48081,3,3,2026-05-06,71,Unknown
PEDIATRIC AND ADOLESCENT CARE ASSOCIATES,Primary Care,T3,Sean,Sterling Heights,STERLING HEIGHTS,Michigan,,3,6,2026-05-07,70,Unknown
Pioneer Medical Associates,Primary Care,T3,Sean,Sterling Heights,Warren,Michigan,48093,3,23,2026-05-21,56,Up to date
Pioneer Medical Associates - Warren,Primary Care,T3,Sean,Sterling Heights,Warren,MI,480934505,3,10,2026-05-21,56,Unknown
ProMed Urgent Care and Primary Care,Urgent Care,T3,Sean,Other/Metro,Roseville,Michigan,48066,3,2,2026-05-06,71,Unknown
Romeo Family Practice,Primary Care,T3,Sean,Other/Metro,Washington,MI,48095,3,18,2026-03-17,121,Unknown
Roseville Family Practice,Primary Care,T3,Sean,Sterling Heights,Warren,Michigan,48088,3,11,2026-03-12,126,Unknown
Salta Direct Primary Care - Shelby Township,Primary Care,T3,Sean,Other/Metro,Shelby Township,Michigan,48315,3,3,2026-05-26,51,Unknown
Schoenherr Parkway Family Practice,Primary Care,T3,Sean,Sterling Heights,Sterling Heights,Michigan,48312,3,6,2026-04-29,78,Unknown
Silver Pine Medical Group - Washington,Primary Care,T3,Sean,Other/Metro,Washington,Michigan,48094,3,4,2026-06-22,24,Unknown
"St Clair Shores, Ascension MyHealth Urgent Care",Urgent Care,T3,Sean,Other/Metro,St. Clair Shores,Michigan,48081,3,4,2026-03-27,111,Unknown
Tri-County Medical Clinic,Primary Care,T3,Sean,Sterling Heights,Sterling Heights,MI,48310,3,27,2026-04-01,106,Unknown
Trinity Medical Center,Primary Care,T3,Sean,Sterling Heights,Sterling Heights,Michigan,48310,3,3,2026-06-04,42,Unknown
Troy Urgent Care,Urgent Care,T3,Sean,Troy,Troy,Michigan,48085,3,3,2026-03-27,111,Unknown
Waypointe Internal Medicine,Primary Care,T3,Sean,Other/Metro,Saint Clair Shores,MI,48080,3,14,2026-04-27,80,Unknown
"ALAN L FELDMAN, DO, PC",Primary Care,T3,Kristen,Other/Metro,COMMERCE TOWNSHIP,MI,48382,2,2,2026-05-26,51,Unknown
Ali Alsaadi MD,Primary Care,T3,Kristen,Livonia,Farmington Hills,Michigan,48336,2,2,2026-05-13,64,Unknown
ALLEN PARK FAMILY PHYSICIANS,Primary Care,T3,Kristen,Other/Metro,Allen Park,Michigan,48101,2,6,2026-05-01,76,Unknown
Allisnce Healrh HENRY FORD WEST BLOOMFIELD FAMILY MEDICINE WALLED LAKE,Primary Care,T3,Kristen,Other/Metro,WALLED LAKE,MI,48390,2,4,2026-05-04,73,Unknown
Anderson Medical Services,Primary Care,T3,Kristen,Southfield,SOUTHFIELD,MI,48034,2,2,2026-05-27,50,Unknown
APH - Pavillion IM Use this one,Primary Care,T3,Kristen,Southfield,Southfield,Michigan,48075,2,10,2026-05-29,48,Unknown
ARBOR LANE FAMILY PHYSICIANS,Primary Care,T3,Kristen,Livonia,REDFORD,Michigan,,2,4,2026-05-01,76,Unknown
BASEL BRIKHO MEDICAL GROUP,Primary Care,T3,Kristen,Other/Metro,LATHRUP VILLAGE,Michigan,48076,2,2,2026-05-04,73,Unknown
Beaumont Medical Center - Redford,Primary Care,T3,Kristen,Other/Metro,Redford Charter Township,Michigan,48239,2,8,2026-05-01,76,Unknown
Berry Johnson Health,Primary Care,T3,Kristen,Southfield,Southfield,Michigan,48034,2,5,2026-05-27,50,Unknown
BIRMINGHAM MEDICAL,Primary Care,T3,Kristen,Southfield,SOUTHFIELD,Michigan,48076,2,2,2026-06-01,45,Unknown
Bloomfield Health,Primary Care,T3,Kristen,Other/Metro,Bloomfield Township,Michigan,48302,2,8,2026-05-06,71,Unknown
Bloomfield Urgent Care,Urgent Care,T3,Kristen,Other/Metro,Bloomfield Hills,Michigan,48302,2,18,2026-05-06,71,Unknown
Body Mind Spirit Integrated Health,Primary Care,T3,Kristen,Livonia,Farmington Hills,Michigan,48331,2,2,2026-05-11,66,Unknown
Bully Family Physicians,Primary Care,T3,Kristen,Southfield,Southfield,MI,48034,2,4,2026-05-27,50,Unknown
Burhani Medical Center - use this one,Primary Care,T3,Kristen,Livonia,Farmington Hills,Michigan,48334,2,2,2026-05-13,64,Unknown
CANTON MEDICAL CLINIC,Primary Care,T3,Kristen,Livonia,WESTLAND,Michigan,48185,2,4,2026-07-06,10,Unknown
"CARE FOR U MEDICAL, PC",Primary Care,T3,Kristen,Southfield,SOUTHFIELD,Michigan,,2,2,2026-05-29,48,Unknown
Carson Center Specialty,Primary Care,T3,Kristen,Southfield,SOUTHFIELD,MI,48034,2,2,2026-05-27,50,Unknown
"CHARLES G GODOSHIAN, MD, PC",Primary Care,T3,Kristen,Southfield,SOUTHFIELD,MI,48034,2,4,2026-05-28,49,Unknown
Commerce Internal Medicine,Primary Care,T3,Kristen,Other/Metro,Commerce Charter Township,Michigan,48382,2,8,2026-05-26,51,Unknown
Commerce Medical Clinic,Primary Care,T3,Kristen,Other/Metro,COMMERCE TOWNSHIP,MI,48382,2,6,2026-05-26,51,Unknown
"COMMERCE PRIMARY CARE, PC",Primary Care,T3,Kristen,Other/Metro,COMMERCE TOWNSHIP,MI,48382,2,12,2026-05-26,51,Unknown
Commerce Urgent Care,Urgent Care,T3,Kristen,Other/Metro,Commerce Charter Township,Michigan,48382,2,4,2026-05-26,51,Unknown
Core Med  - White Lake,Primary Care,T3,Kristen,Other/Metro,White Lake charter Township,Michigan,48386,2,8,2026-05-04,73,Unknown
CoreMed -Bloomfield Hills,Primary Care,T3,Kristen,Other/Metro,BLOOMFIELD HILLS,MI,48304,2,10,2026-05-06,71,Unknown
Corewell  HOSPITAL OUTPATIENT CLINIC,Primary Care,T3,Kristen,Southfield,ROYAL OAK,Michigan,48073,2,2,2026-05-21,56,Unknown
Corewell Associates of Internal Medicine,Primary Care,T3,Kristen,Troy,Troy,Michigan,48083,2,7,2026-05-18,59,Unknown
Corewell Health Family Medicine - Farmington Hills,Primary Care,T3,Kristen,Livonia,FARMINGTON HILLS,Michigan,48334,2,8,2026-05-08,69,Unknown
Corewell Health Farmington Hills Hospital Family Medicine,Primary Care,T3,Kristen,Livonia,FARMINGTON HILLS,Michigan,,2,8,2026-05-13,64,Unknown
Corewell Internal Medicine Southfield,Primary Care,T3,Kristen,Southfield,Southfield,Michigan,48034,2,19,2026-05-27,50,Unknown
Corewell Internal Medicine Westland,Primary Care,T3,Kristen,Livonia,WESTLAND,Michigan,48185,2,2,2026-07-06,10,Unknown
Corewell Primary Care - Royal Oak,Primary Care,T3,Kristen,Southfield,Royal Oak,Michigan,48067,2,10,2026-05-21,56,Unknown
Corewell Urgent Care - Allen Park,Urgent Care,T3,Kristen,Other/Metro,Allen Park,Michigan,48101,2,4,2026-05-01,76,Unknown
Corewell Urgent Care - Troy Big Beaver,Urgent Care,T3,Kristen,Troy,Troy,Michigan,48083,2,4,2026-05-18,59,Unknown
Corewell Urgent Care - West Bloomfield,Urgent Care,T3,Kristen,Other/Metro,West Bloomfield Township,Michigan,48322,2,8,2026-05-07,70,Unknown
Corewell Urgent Care-  Bloomfield Hills,Urgent Care,T3,Kristen,Other/Metro,Bloomfield Hills,Michigan,48304,2,2,2026-05-06,71,Unknown
Corrwell Urgent Care - Farmington Hills North,Urgent Care,T3,Kristen,Livonia,Farmington Hills,Michigan,48334,2,4,2026-05-13,64,Unknown
Corwell Health - Farmington,Primary Care,T3,Kristen,Livonia,Farmington,Michigan,48336,2,6,2026-05-11,66,Unknown
CROSSOVER HEALTH - ROYAL OAK,Primary Care,T3,Kristen,Southfield,ROYAL OAK,Michigan,48067,2,6,2026-05-21,56,Unknown
David Criss MD PC,Primary Care,T3,Kristen,Southfield,Southfield,MI,48075,2,2,2026-05-28,49,Unknown
David Weissman MD,Primary Care,T3,Kristen,Southfield,Royal Oak,Michigan,48073,2,2,2026-05-21,56,Unknown
DEIGHTON FAMILY PRACTICE - use this one,Primary Care,T3,Kristen,Southfield,SOUTHFIELD,Michigan,,2,52,2026-05-29,48,Unknown
DMC PRIMARY AND SPECIALTY CARE WEST BLOOMFIELD,Primary Care,T3,Kristen,Other/Metro,WEST BLOOMFIELD,MI,48322,2,10,2026-05-07,70,Unknown
Doctors of Internal Medicine,Primary Care,T3,Kristen,Livonia,Farmington Hills,MI,48334,2,2,2026-05-13,64,Unknown
DOWNRIVER FAMILY PHYSICIANS,Primary Care,T3,Kristen,Other/Metro,ALLEN PARK,Michigan,,2,2,2026-05-01,76,Unknown
Eastside Internal Medicine,Primary Care,T3,Kristen,Other/Metro,Saint Clair Shores,MI,48081,2,6,2026-05-04,73,Unknown
Emcura Medical,Urgent Care,T3,Kristen,Other/Metro,Bloomfield Hills,Michigan,48301-3118,2,2,2026-03-30,108,Unknown
Epic Medical - ABBOTT MEDICAL GROUP,Primary Care,T3,Kristen,Southfield,SOUTHFIELD,Michigan,48034,2,3,2026-05-28,49,Unknown
Excel Health,Primary Care,T3,Kristen,Other/Metro,Lathrup Village,MI,48076,2,12,2026-06-01,45,Unknown
"FAMILY CARE CENTER OF HAMTRAMCK, PC",Primary Care,T3,Kristen,Other/Metro,HAMTRAMCK,MI,48212,2,4,2026-05-19,58,Unknown
"FAMILY MEDICINE, PC",Primary Care,T3,Kristen,Southfield,SOUTHFIELD,Michigan,,2,4,2026-05-27,50,Unknown
"FARMINGTON HILLS  FAMILY PHYSICIANS, PLLC",Primary Care,T3,Kristen,Livonia,FARMINGTON HILLS,Michigan,,2,2,2026-05-11,66,Unknown
"FIRST CHOICE MEDICAL CENTER, PC",Primary Care,T3,Kristen,Livonia,WESTLAND,Michigan,48186,2,2,2026-07-06,10,Unknown
Frank Yono MD (Beaumont),Primary Care,T3,Kristen,Southfield,Royal Oak,MI,48073,2,2,2026-05-21,56,Past due
Franklin Medical Consultants,Primary Care,T3,Kristen,Southfield,Southfield,Michigan,48034,2,14,2026-05-27,50,Unknown
"GHAZI, SAMINA A, MEDICAL GROUP",Primary Care,T3,Kristen,Livonia,FARMINGTON HILLS,MI,48334,2,4,2026-05-11,66,Unknown
Haller and Hug Internal Medicine,Primary Care,T3,Kristen,Livonia,Farmington Hills,Michigan,48334,2,16,2026-05-11,66,Unknown
Hamtramck Community Medical Center,Primary Care,T3,Kristen,Other/Metro,Hamtramck,Michigan,48212,2,4,2026-05-19,58,Unknown
HAMTRAMCK MEDICAL GROUP,Primary Care,T3,Kristen,Other/Metro,HAMTRAMCK,MI,48212,2,2,2026-05-19,58,Unknown
Hazel Park Medical Center,Primary Care,T3,Kristen,Other/Metro,Hazel Park,Michigan,48030,2,6,2026-05-12,65,Unknown
HEALING HANDS URGENT CARE,Urgent Care,T3,Kristen,Other/Metro,SYLVAN LAKE,Michigan,,2,2,2026-05-07,70,Unknown
HEALTHY LIVING INTERNAL MEDICINE -2190,Primary Care,T3,Kristen,Other/Metro,WEST BLOOMFIELD,MI,48323,2,6,2026-05-07,70,Unknown
Henry Ford Ferndale Medical Center,Primary Care,T3,Kristen,Southfield,Ferndale,Michigan,48220,2,10,2026-05-12,65,Unknown
Henry Ford Gohealth Urgent Care,Urgent Care,T3,Kristen,Other/Metro,,Michigan,48065,2,2,2026-06-03,43,Unknown
HENRY FORD GOHEALTH URGENT CARE,Urgent Care,T3,Kristen,Other/Metro,WEST BLOOMFIELD,Michigan,,2,2,2026-05-07,70,Unknown
Henry Ford Internal & Family Medicine - Farmington Hills -170,Primary Care,T3,Kristen,Livonia,Farmington Hills,Michigan,48334,2,4,2026-05-08,69,Unknown
Henry Ford Internists - Farmington Hills 150,Primary Care,T3,Kristen,Livonia,Farmington Hills,Michigan,48334,2,8,2026-05-08,69,Unknown
Henry Ford Internists - Farmington Hills 160,Primary Care,T3,Kristen,Livonia,Farmington Hills,Michigan,48334,2,7,2026-05-08,69,Unknown
HENRY FORD MEDICAL CENTER FARMINGTON ROAD INTERNAL MEDICINE,Primary Care,T3,Kristen,Other/Metro,WEST BLOOMFIELD,MI,48322,2,20,2026-05-07,70,Unknown
Henry Ford Medical Center Internal & Family Medicine - Commerce,Primary Care,T3,Kristen,Other/Metro,Commerce Charter Township,Michigan,48382,2,14,2026-05-26,51,Unknown
Henry Ford Primary Care - Orchard Lake Road North,Primary Care,T3,Kristen,Livonia,FARMINGTON HILLS,Michigan,48334,2,8,2026-05-13,64,Unknown
Henry Ford Primary Care - Orchard Lake Road South,Primary Care,T3,Kristen,Livonia,FARMINGTON HILLS,Michigan,48336,2,4,2026-05-13,64,Unknown
Henry Ford Primary Care Center - 160,Primary Care,T3,Kristen,Livonia,Farmington Hills,Michigan,48334,2,2,2026-05-08,69,Unknown
HENRY FORD WEST BLOOMFIELD FAMILY MEDICINE UNION LAKE,Primary Care,T3,Kristen,Other/Metro,Commerce Township,Michigan,48382,2,4,2026-05-26,51,Unknown
HENRY FORD WYANDOTTE FAMILY MEDICINE ALLEN PARK,Primary Care,T3,Kristen,Other/Metro,ALLEN PARK,Michigan,,2,14,2026-05-01,76,Unknown
"HOOVER INTERNAL MEDICINE, PLLC",Primary Care,T3,Kristen,Other/Metro,HAMTRAMCK,MI,48212,2,2,2026-05-19,58,Unknown
IHA BLOOMFIELD PRIMARY CARE,Primary Care,T3,Kristen,Other/Metro,BLOOMFIELD HILLS,MI,48302,2,8,2026-05-06,71,Unknown
IHA Medical Group ADVANCED FAMILY CARE OF COMMERCEe,Primary Care,T3,Kristen,Other/Metro,COMMERCE TOWNSHIP,Michigan,48390,2,4,2026-05-26,51,Unknown
IMPCP - Internal Med Primary Care Physician,Primary Care,T3,Kristen,Other/Metro,Bloomfield Hills,Michigan,48304,2,2,2026-05-06,71,Unknown
INTERNAL MEDICAL PRACTICE -Family First Wellness,Primary Care,T3,Kristen,Southfield,SOUTHFIELD,MI,48075,2,2,2026-05-28,49,Unknown
Internal Medicine & Pediatrics of Royal Oak,Primary Care,T3,Kristen,Southfield,Royal Oak,MI,48067,2,6,2026-05-21,56,Unknown
Internal Medicine Physicians #170,Primary Care,T3,Kristen,Livonia,FARMINGTON HILLS,MI,48334,2,18,2026-05-08,69,Unknown
Internal Medicine Specialists,Primary Care,T3,Kristen,Other/Metro,West Bloomfield Township,Michigan,48322,2,12,2026-05-07,70,Unknown
IPHCA,Primary Care,T3,Kristen,Other/Metro,Commerce Township,Michigan,48390,2,8,2026-05-26,51,Unknown
"JALAL THWAINEY, MD, PC",Primary Care,T3,Kristen,Other/Metro,ALLEN PARK,Michigan,,2,2,2026-05-01,76,Unknown
Jawad Agha MD - Hazel Park Urgent Care,Urgent Care,T3,Kristen,Other/Metro,Hazel Park,Michigan,48030,2,2,2026-05-12,65,Unknown
Jian Zu MD,Primary Care,T3,Kristen,Southfield,Southfield,Michigan,48034,2,2,2026-05-27,50,Unknown
Kakos and Kakish PC,Primary Care,T3,Kristen,Southfield,Royal Oak,Michigan,48073,2,3,2026-05-21,56,Past due
LAKES INTERNAL MEDICINE - 2150,Primary Care,T3,Kristen,Other/Metro,WEST BLOOMFIELD,MI,48323,2,12,2026-05-07,70,Unknown
"LATHRUP PRIMARY CARE, PC",Primary Care,T3,Kristen,Other/Metro,LATHRUP VILLAGE,MI,48076,2,2,2026-06-01,45,Unknown
Legacy Family Care,Primary Care,T3,Kristen,Livonia,Farmington Hills,Michigan,48336,2,2,2026-05-11,66,Unknown
Legend Health - Now One Health,Primary Care,T3,Kristen,Southfield,Southfield,MI,48034,2,10,2026-05-27,50,Unknown
Livewell Medical Clinic,Primary Care,T3,Kristen,Livonia,Westland,Michigan,48185,2,0,2026-07-06,10,Unknown
"MARY LEE, MD, PC",Primary Care,T3,Kristen,Other/Metro,WEST BLOOMFIELD,MI,48322,2,2,2026-05-07,70,Unknown
"MELVIN C MURPHY, MD, PC",Primary Care,T3,Kristen,Southfield,SOUTHFIELD,MI,48034,2,4,2026-05-28,49,Unknown
Metro Medical Center,Primary Care,T3,Kristen,Other/Metro,Hamtramck,Michigan,48212,2,7,2026-05-19,58,Unknown
Metro Medical Practice,Primary Care,T3,Kristen,Troy,Troy,MI,48083,2,8,2026-05-18,59,Unknown
"METROPOLITAN MEDICAL CENTER, PLLC",Primary Care,T3,Kristen,Other/Metro,HAMTRAMCK,MI,48212,2,2,2026-05-19,58,Unknown
MHP Urgent Care,Urgent Care,T3,Kristen,Sterling Heights,Warren,Michigan,48092,2,10,2026-06-15,31,Unknown
MICHIGAN PREMIER INTERNISTS,Primary Care,T3,Kristen,Southfield,ROYAL OAK,MI,48073,2,8,2026-05-21,56,Unknown
Michigan Primary Care & Rheumatology Associates,Primary Care,T3,Kristen,Other/Metro,Commerce Charter Township,Michigan,48382,2,6,2026-05-26,51,Unknown
Millenium Associated Physicians - 130A,Primary Care,T3,Kristen,Livonia,Farmington Hills,MI,48334,2,18,2026-05-08,69,Unknown
Millennium Affiliated Physicians - 130B,Primary Care,T3,Kristen,Livonia,FARMINGTON HILLS,Michigan,48334,2,14,2026-05-08,69,Unknown
Motahar Ahmed MD PC,Primary Care,T3,Kristen,Other/Metro,Hamtramck,Michigan,48212,2,2,2026-05-19,58,Unknown
"MURAD MEDICAL ASSOCIATES, PC",Primary Care,T3,Kristen,Other/Metro,WEST BLOOMFIELD,MI,48322,2,2,2026-05-07,70,Unknown
Nabil Metwally MD PC,Primary Care,T3,Kristen,Other/Metro,Redford Charter Township,Michigan,48239,2,2,2026-05-01,76,Unknown
NORTHWAY MEDICAL CENTER,Primary Care,T3,Kristen,Southfield,SOUTHFIELD,MI,48075,2,12,2026-05-29,48,Unknown
Northwest Internal Medicine,Primary Care,T3,Kristen,Livonia,Farmington Hills,MI,48334,2,2,2026-05-08,69,Unknown
Oak Street Health - Pontiac,Primary Care,T3,Kristen,Other/Metro,Pontiac,Michigan,48341,2,12,2026-05-15,62,Unknown
Oakland Integrated Healthcare Network,Primary Care,T3,Kristen,Other/Metro,Pontiac,Michigan,48341,2,4,2026-05-12,65,Unknown
Oakland Medical Center,Primary Care,T3,Kristen,Troy,Troy,Michigan,48085,2,4,2026-05-15,62,Unknown
Omni Medical,Primary Care,T3,Kristen,Southfield,Southfield,Michigan,48075,2,6,2026-05-29,48,Unknown
One Health,Primary Care,T3,Kristen,Livonia,Farmington Hills,Michigan,48334,2,8,2026-05-13,64,Unknown
ORCHARD PRIMARY CARE,Primary Care,T3,Kristen,Livonia,FARMINGTON HILLS,MI,48336,2,6,2026-05-13,64,Unknown
Park Urgent Care-  Allen Park,Urgent Care,T3,Kristen,Other/Metro,Allen Park,Michigan,48101,2,8,2026-05-01,76,Unknown
Pavilion Family Practice - use this one,Primary Care,T3,Kristen,Southfield,SOUTHFIELD,MI,48075,2,6,2026-05-28,49,Unknown
"PLATINUM CARE PHYSICIANS, PC",Primary Care,T3,Kristen,Southfield,SOUTHFIELD,Michigan,MI 48034,2,4,2026-05-28,49,Unknown
Premier Internists - Suite 180,Primary Care,T3,Kristen,Livonia,FARMINGTON HILLS,Michigan,48334,2,16,2026-05-08,69,Unknown
Primary Care Center,Primary Care,T3,Kristen,Other/Metro,Allen Park,Michigan,48101,2,8,2026-05-01,76,Unknown
Priority Medical Center,Primary Care,T3,Kristen,Other/Metro,Hamtramck,Michigan,48212,2,12,2026-05-19,58,Unknown
PRISM MEDICAL GROUP FAMILY MEDICINE,Primary Care,T3,Kristen,Troy,Troy,Michigan,48093,2,10,2026-05-06,71,Unknown
Pure Internal Medicine,Primary Care,T3,Kristen,Other/Metro,Commerce Charter Township,Michigan,48382,2,2,2026-05-26,51,Unknown
QMJ MEDICAL,Primary Care,T3,Kristen,Other/Metro,LATHRUP VILLAGE,Michigan,MI 48076,2,2,2026-05-29,48,Unknown
"Reem Alsabti MD, PC",Primary Care,T3,Kristen,Southfield,Royal Oak,MI,48073,2,2,2026-05-21,56,Unknown
Refuah Urgent Care,Urgent Care,T3,Kristen,Southfield,Southfield,Michigan,48075,2,0,2026-05-28,49,Unknown
Robert Ferguson MD Internal Medicine and Gasto,Primary Care,T3,Kristen,Other/Metro,West Bloomfield,MI,483231645,2,2,2026-05-07,70,Past due
Romeo Healthcare,Primary Care,T3,Kristen,Other/Metro,Romeo,Michigan,48065,2,4,2026-06-25,21,Unknown
RS MEDICAL use,Primary Care,T3,Kristen,Southfield,Southfield,Michigan,48075,2,4,2026-05-29,48,Unknown
SHEIKH MEDICAL CENTER,Primary Care,T3,Kristen,Livonia,FARMINGTON,MI,48336,2,8,2026-05-11,66,Unknown
"SHEILA P MEFTAH, MD, PLLC",Primary Care,T3,Kristen,Other/Metro,WEST BLOOMFIELD,MI,48322,2,2,2026-05-07,70,Unknown
"SOUTH EAST MICHIGAN MEDICAL ASSOCIATES, PC",Primary Care,T3,Kristen,Other/Metro,LATHRUP VILLAGE,Michigan,MI 48076,2,8,2026-06-01,45,Unknown
SOUTHFIELD FAMILY HEALTH CENTER,Primary Care,T3,Kristen,Other/Metro,LATHRUP VILLAGE,MI,48076,2,2,2026-06-01,45,Unknown
SOUTHFIELD MEDICAL CLINIC AND PREMIER URGENT CARE AND WALK IN CLINIC,Urgent Care,T3,Kristen,Southfield,SOUTHFIELD,Michigan,MI 48076,2,6,2026-06-01,45,Unknown
Superior Family Medicine - Health Venters Detroit -use this onea,Primary Care,T3,Kristen,Southfield,Southfield,Michigan,48075,2,6,2026-05-28,49,Unknown
The Family Doc,Primary Care,T3,Kristen,Other/Metro,Hamtramck,Michigan,48212,2,8,2026-05-19,58,Unknown
"TONI BALLITCH TRATE, DO, PC",Primary Care,T3,Kristen,Livonia,FARMINGTON HILLS,Michigan,,2,2,2026-05-11,66,Unknown
Trinity IHA Medical Group Primary Care - Farmington Hills,Primary Care,T3,Kristen,Livonia,Farmington Hills,Michigan,48334,2,8,2026-05-13,64,Unknown
Troy Internal Medicine,Primary Care,T3,Kristen,Troy,Troy,MI,48098,2,54,2026-05-15,62,Unknown
"TRUST FAMILY CARE CENTER, PLLC",Primary Care,T3,Kristen,Other/Metro,HAMTRAMCK,MI,48212,2,2,2026-05-19,58,Unknown
Turan Medical Center,Primary Care,T3,Kristen,Other/Metro,Commerce Charter Township,Michigan,48382,2,2,2026-05-26,51,Unknown
"Use FAIZ W MANSOUR, MD, PC",Primary Care,T3,Kristen,Other/Metro,BLOOMFIELD HILLS,MI,48302,2,2,2026-05-06,71,Unknown
"Use PROFESSIONAL PRIMARY CARE SERVICES, PC",Primary Care,T3,Kristen,Other/Metro,BLOOMFIELD HILLS,MI,48302,2,2,2026-05-06,71,Unknown
Village Medical Farmington,Primary Care,T3,Kristen,Livonia,Farmington,Michigan,48336,2,16,2026-05-11,66,Unknown
"WAYNE COMMUNITY HEALTH CENTERS, INC",Primary Care,T3,Kristen,Other/Metro,HAMTRAMCK,Michigan,,2,10,2026-05-19,58,Unknown
"WEST BLOOMFIELD INTERNAL MEDICINE, PLLC",Primary Care,T3,Kristen,Other/Metro,WEST BLOOMFIELD,Michigan,MI 48322,2,2,2026-05-07,70,Unknown
"WESTERN WAYNE PHYSICIANS, PLC Allen Park",Primary Care,T3,Kristen,Other/Metro,ALLEN PARK,MI,48101,2,20,2026-05-01,76,Unknown
Westland Community Health Center,Primary Care,T3,Kristen,Livonia,Westland,Michigan,48185,2,2,2026-07-06,10,Unknown
White Lake Family Medicine,Primary Care,T3,Kristen,Other/Metro,White Lake,MI,483864619,2,6,2026-05-04,73,Unknown
"WILLIAMS FAMILY AND SPORTS MEDICAL CENTER, PLC",Primary Care,T3,Kristen,Livonia,FARMINGTON,MI,48336,2,2,2026-05-11,66,Unknown
Zakaria & Zakaria,Primary Care,T3,Kristen,Troy,Troy,Michigan,48084,2,2,2026-05-18,59,Unknown
Zawaideh Medical Center,Primary Care,T3,Kristen,Southfield,Royal Oak,Michigan,48073,2,2,2026-05-21,56,Unknown
"ADVANCED CARE CLINIC, PC",Primary Care,T3,Jasmine,Other/Metro,DEARBORN HEIGHTS,MI,48127,2,2,2026-04-20,87,Unknown
Alan Robertson MD,Primary Care,T3,Jasmine,Other/Metro,Eastpointe,MI,480212249,2,4,2026-05-12,65,Unknown
"ALLENWOOD FAMILY HEALTH CARE, PC",Primary Care,T3,Jasmine,Other/Metro,Taylor,Michigan,48180,2,8,2026-04-08,99,Unknown
Alphonse Ekole MD,Primary Care,T3,Jasmine,Other/Metro,Eastpointe,Michigan,48021,2,2,2026-05-01,76,Unknown
AMC Primary Care,Primary Care,T3,Jasmine,Other/Metro,SOUTHGATE,MI,48195,2,1,2026-04-22,85,Unknown
"AMINI HEALTHCARE, PLLC",Primary Care,T3,Jasmine,Other/Metro,Brownstown Twp,Michigan,48183,2,2,2026-05-29,48,Unknown
"APOLLO HEALTH SERVICES, PC",Primary Care,T3,Jasmine,Other/Metro,GARDEN CITY,MI,48135,2,4,2026-04-23,84,Unknown
"ARASH KIARASH, MD, MEDICAL GROUP",Primary Care,T3,Jasmine,Other/Metro,TAYLOR,MI,48180,2,2,2026-06-29,17,Unknown
Ascension Providence Dearborn Internal Medicine,Primary Care,T3,Jasmine,Livonia,Dearborn,Michigan,48124,2,4,2026-04-20,87,Unknown
Associated physicians of Dearborn,Primary Care,T3,Jasmine,Livonia,Dearborn,Michigan,48126,2,10,2026-04-20,87,Unknown
"BADHWAR ASSOCIATES, MD, PC",Primary Care,T3,Jasmine,Other/Metro,BROWNSTOWN,MI,48183,2,7,2026-05-29,48,Unknown
BEAUMONT FAMILY MEDICINE CLINIC TAYLOR,Primary Care,T3,Jasmine,Other/Metro,TAYLOR,MI,48180,2,4,2026-04-08,99,Unknown
Beaumont urgent care northville,Urgent Care,T3,Jasmine,Other/Metro,Northville,Michigan,48167,2,2,2026-04-10,97,Unknown
BEST MEDICAL CENTER,Primary Care,T3,Jasmine,Other/Metro,Taylor,MI,48180,2,2,2026-06-29,17,Unknown
Bingham Medical Center,Primary Care,T3,Jasmine,Livonia,Dearborn,Michigan,48126,2,11,2026-05-06,71,Unknown
Briarwood Family Medicine,Primary Care,T3,Jasmine,Other/Metro,Ann Arbor,Michigan,48108,2,16,2026-04-15,92,Unknown
CEDAR MEDICAL ASSOCIATES,Primary Care,T3,Jasmine,Livonia,DEARBORN,MI,48124,2,2,2026-05-06,71,Unknown
City Medical - Southgate,Primary Care,T3,Jasmine,Other/Metro,Southgate,MI,481952432,2,6,2026-04-22,85,Unknown
Corewell Health Urgent Care,Urgent Care,T3,Jasmine,Livonia,FARMINGTON HILLS,Michigan,48336,2,1,2026-05-11,66,Unknown
Corewell Health Urgent Care-Canton,Urgent Care,T3,Jasmine,Other/Metro,,Michigan,48187,2,2,2026-04-30,77,Unknown
Dearborn medical and geriatric center,Primary Care,T3,Jasmine,Livonia,Dearborn,Michigan,48124,2,4,2026-04-20,87,Unknown
"DEARBORN MEDICAL ASSOCIATES, PC",Primary Care,T3,Jasmine,Livonia,DEARBORN,MI,48124,2,2,2026-04-20,87,Unknown
Farmington Hills Urgent Care Walk-In Clinic,Urgent Care,T3,Jasmine,Livonia,Farmington Hills,Michigan,48336-1402,2,2,2026-03-30,108,Unknown
Fayda Zakaria MD Family Medicine,Primary Care,T3,Jasmine,Livonia,Dearborn,Michigan,48124,2,4,2026-05-06,71,Unknown
Ford health go health urgent care,Urgent Care,T3,Jasmine,Other/Metro,Dearborn Heights,Michigan,48127,2,2,2026-04-30,77,Unknown
Get well urgent care,Urgent Care,T3,Jasmine,Livonia,Dearborn,Michigan,48126,2,2,2026-04-21,86,Unknown
GLOBAL MEDICAL SERVICES,Primary Care,T3,Jasmine,Livonia,DEARBORN,MI,48124,2,4,2026-03-27,111,Unknown
Grand River Medical Associates,Primary Care,T3,Jasmine,Other/Metro,New Hudson,Michigan,48165,2,4,2026-04-14,93,Unknown
HEIGHTS FAMILY MEDICINE,Primary Care,T3,Jasmine,Other/Metro,DEARBORN HEIGHTS,MI,48127,2,7,2026-05-06,71,Unknown
Henry Ford GoHealth-Canton,Primary Care,T3,Jasmine,Other/Metro,,Michigan,48187,2,2,2026-04-30,77,Unknown
HENRY FORD HEALTH,Primary Care,T3,Jasmine,Other/Metro,BROWNSTOWN,MI,48183,2,6,2026-05-29,48,Unknown
Henry Ford Medical Center - Plymouth,Primary Care,T3,Jasmine,Other/Metro,Plymouth,Michigan,48170,2,2,2026-04-10,97,Unknown
HERITAGE MEDICAL CENTER,Primary Care,T3,Jasmine,Other/Metro,YPSILANTI,MI,48198,2,2,2026-04-14,93,Unknown
"Hope Medical Clinic M,W,TH",Primary Care,T3,Jasmine,Other/Metro,Ypsilanti,Michigan,48197,2,4,2026-03-26,112,Unknown
"HUGHES HOLISTIC WELLNESS CENTER, PLLC",Primary Care,T3,Jasmine,Other/Metro,ANN ARBOR,MI,48108,2,2,2026-05-08,69,Unknown
"IMMEDIATE CARE MEDICAL CENTER, PC",Primary Care,T3,Jasmine,Livonia,FARMINGTON HILLS,Michigan,,2,6,2026-05-11,66,Unknown
Integrative Family Medicine Clinic - Domino's Farms (U of M),Primary Care,T3,Jasmine,Other/Metro,Ann Arbor,Michigan,48105,2,6,2026-04-15,92,Unknown
Internal Medicine,Primary Care,T3,Jasmine,Other/Metro,Southgate,Michigan,48195,2,4,2026-04-22,85,Unknown
Internal Medicine Clinic | Briarwood Medical Group,Primary Care,T3,Jasmine,Other/Metro,Ann Arbor,MI,48108,2,6,2026-04-15,92,Unknown
INTERNAL MEDICINE OF DEARBORN,Primary Care,T3,Jasmine,Livonia,DEARBORN,MI,48124,2,4,2026-03-31,107,Unknown
Karen Wilson Smith Bauer medical building Suite 130,Primary Care,T3,Jasmine,Other/Metro,Trenton,Michigan,48183,2,4,2026-03-17,121,Unknown
King Medical Center,Primary Care,T3,Jasmine,Other/Metro,BROWNSTOWN,MI,48183,2,4,2026-05-29,48,Unknown
"LAURA E BABE, MD, MEDICAL GROUP",Primary Care,T3,Jasmine,Other/Metro,ANN ARBOR,MI,48103,2,2,2026-04-16,91,Past due
Leonard Sahn MD,Primary Care,T3,Jasmine,Southfield,Southfield,Michigan,48034,2,2,2026-07-01,15,Unknown
MD VIP - Trenton,Primary Care,T3,Jasmine,Other/Metro,Trenton,Michigan,48183,2,4,2026-03-17,121,Unknown
Medical center (HMC)Urgent Care,Urgent Care,T3,Jasmine,Livonia,Dearborn,Michigan,48126,2,2,2026-05-06,71,Unknown
"MICHAEL DUCATO, MD, PC",Primary Care,T3,Jasmine,Other/Metro,TRENTON,MI,48183,2,3,2026-03-17,121,Unknown
Michigan primary care center/urgent care,Primary Care,T3,Jasmine,Other/Metro,Dearborn Heights,Michigan,48127,2,2,2026-03-25,113,Unknown
Neu Family Care - Southgate,Primary Care,T3,Jasmine,Other/Metro,Southgate,Michigan,48195,2,2,2026-04-22,85,Unknown
Office of Annetta Byrne MD,Primary Care,T3,Jasmine,Other/Metro,Eastpointe,MI,480212623,2,2,2026-05-01,76,Unknown
P. Jindal MD,Primary Care,T3,Jasmine,Other/Metro,Trenton,Michigan,48183,2,2,2026-03-17,121,Unknown
Packard Health West,Primary Care,T3,Jasmine,Other/Metro,Ann Arbor,Michigan,48103,2,12,2026-04-16,91,Unknown
Park Medical Center (Medicaid),Primary Care,T3,Jasmine,Other/Metro,Detroit,Michigan,48215,2,2,2026-04-24,83,Unknown
Partners in internal medicine,Primary Care,T3,Jasmine,Other/Metro,Ann Arbor,Michigan,48105,2,12,2026-05-08,69,Unknown
PelHam Primary Care,Primary Care,T3,Jasmine,Livonia,Dearborn,Michigan,48124,2,2,2026-05-06,71,Unknown
PREMIER PHYSICIANS OF MICHIGAN,Primary Care,T3,Jasmine,Other/Metro,TRENTON,MI,48183,2,6,2026-03-17,121,Unknown
PrimeCare on Wixom (may be closed),Primary Care,T3,Jasmine,Livonia,Novi,Michigan,48374,2,6,2026-05-05,72,Unknown
Rekha Kostecke MD FAAP,Primary Care,T3,Jasmine,Other/Metro,Milford Charter Township,Michigan,48381,2,2,2026-06-05,41,Unknown
Revive Medical & Wellness (no longer here),Primary Care,T3,Jasmine,Livonia,Novi,Michigan,48377,2,2,2026-05-11,66,Unknown
RIVER OAKS PRIMARY CARE,Primary Care,T3,Jasmine,Other/Metro,DEARBORN HEIGHTS,MI,48127,2,6,2026-05-06,71,Unknown
S. Madishetty MD,Primary Care,T3,Jasmine,Livonia,Dearborn,Michigan,48124,2,2,2026-04-20,87,Unknown
Saleh Muslah Medical Center,Primary Care,T3,Jasmine,Livonia,Dearborn,Michigan,48126,2,2,2026-04-30,77,Unknown
Schaefer Medical,Primary Care,T3,Jasmine,Livonia,Dearborn,Michigan,48126,2,2,2026-05-06,71,Unknown
Slim internal medicine,Primary Care,T3,Jasmine,Livonia,Dearborn,Michigan,48126,2,2,2026-04-30,77,Unknown
SOUTH ALLEN MEDICAL GROUP,Primary Care,T3,Jasmine,Other/Metro,Trenton,Michigan,48183,2,4,2026-03-17,121,Unknown
"SOUTH VALLEY INTERNAL MEDICINE, PC",Primary Care,T3,Jasmine,Other/Metro,TRENTON,MI,48183,2,9,2026-03-17,121,Unknown
"SOUTHGATE MEDICAL CENTER, PLLC",Primary Care,T3,Jasmine,Other/Metro,SOUTHGATE,MI,48195,2,4,2026-04-22,85,Unknown
STEINER HEALTH,Primary Care,T3,Jasmine,Other/Metro,ANN ARBOR,MI,48103,2,4,2026-05-08,69,Unknown
"TENNY INTERNAL MEDICINE, PLLC",Primary Care,T3,Jasmine,Livonia,DEARBORN,MI,48124,2,8,2026-04-03,104,Unknown
Trenton Urgent care,Urgent Care,T3,Jasmine,Other/Metro,Trenton,Michigan,48183,2,6,2026-03-17,121,Unknown
Trinity Health IHA Primary Care - Domino's Farms,Primary Care,T3,Jasmine,Other/Metro,Ann Arbor,Michigan,48105,2,16,2026-04-15,92,Unknown
Trinity Health Urgent Care - Domino's Farms,Urgent Care,T3,Jasmine,Other/Metro,Ann Arbor,Michigan,48105,2,43,2026-04-15,92,Unknown
Trinity IHA Medical Group - Office,Primary Care,T3,Jasmine,Other/Metro,Ann Arbor,Michigan,48105,2,2,2026-04-17,90,Unknown
TSP,Primary Care,T3,Jasmine,Livonia,Dearborn,Michigan,48124,2,2,2026-05-06,71,Unknown
VENOY MEDICAL CENTER,Primary Care,T3,Jasmine,Other/Metro,WAYNE,MI,48184,2,6,2026-03-09,129,Unknown
Wayne state Internal Medicine,Primary Care,T3,Jasmine,Other/Metro,Detroit,Michigan,48201,2,12,2026-04-29,78,Unknown
Alok Shukla MD,Primary Care,T3,Coty,Other/Metro,Roseville,MI,48066,2,4,2026-04-17,90,Unknown
Amro Shata MD,Primary Care,T3,Coty,Troy,Troy,Michigan,48084,2,2,2026-06-04,42,Unknown
Anchor Bay Clinic Family Medical Center,Primary Care,T3,Coty,Other/Metro,New Baltimore,Michigan,48047,2,8,2026-05-19,58,Unknown
Arturo Prada MD,Primary Care,T3,Coty,Troy,Rochester Hills,Michigan,48306,2,2,2026-03-24,114,Unknown
Bay Area Family Physicians,Primary Care,T3,Coty,Other/Metro,New Baltimore,MI,48047,2,22,2026-05-19,58,Unknown
Blanzy Corwell clinic Southgate,Primary Care,T3,Coty,Other/Metro,Southgate,Michigan,48195,2,6,2026-05-26,51,Unknown
Chesterfield Family Medicine (Henry Ford),Primary Care,T3,Coty,Other/Metro,New Baltimore,MI,48047,2,8,2026-05-19,58,Unknown
Clarkston Family Medicine,Primary Care,T3,Coty,Other/Metro,City of the Village of Clarkston,Michigan,48346,2,4,2026-06-08,38,Unknown
Clarkston Medical Group Adult & Pediatric Medicine,Primary Care,T3,Coty,Other/Metro,Village of Clarkston,Michigan,48346,2,6,2026-06-08,38,Unknown
Community First Health Centers - New Haven,Primary Care,T3,Coty,Other/Metro,New Haven,Michigan,48048,2,12,2026-06-30,16,Unknown
Corondan Medical,Primary Care,T3,Coty,Sterling Heights,Warren,MI,48088,2,2,2026-04-17,90,Unknown
David S Hollett MD,Primary Care,T3,Coty,Troy,Rochester Hills,Michigan,48309,2,2,2026-05-27,50,Unknown
Dixie Highway Internal Medicine,Primary Care,T3,Coty,Other/Metro,City of the Village of Clarkston,Michigan,48346,2,4,2026-06-08,38,Unknown
Dr Rebecca Studinger,Primary Care,T3,Coty,Other/Metro,Howell,Michigan,48843,2,2,2026-03-11,127,Unknown
Emcura urgent care novi,Urgent Care,T3,Coty,Other/Metro,Township of Northville,Michigan,48167,2,0,2026-03-16,122,Unknown
Epic Primary Care - Ferndale,Primary Care,T3,Coty,Southfield,Ferndale,Michigan,48220,2,20,2026-05-21,56,Unknown
EPIC Southfield - Telegraph Rd office,Primary Care,T3,Coty,Southfield,Southfield,Michigan,48034,2,20,2026-05-28,49,Unknown
Ferndale Urgent Care - Ferndale,Urgent Care,T3,Coty,Southfield,Ferndale,Michigan,48220,2,1,2026-04-22,85,Unknown
Gina L. Buccalo MD,Primary Care,T3,Coty,Sterling Heights,Utica,MI,48317,2,0,2026-06-23,23,Unknown
Gratiot Family Medicine,Primary Care,T3,Coty,Other/Metro,Harper Woods,MI,48225,2,2,2026-03-19,119,Unknown
Gregory Gould DO,Primary Care,T3,Coty,Other/Metro,Washington,Michigan,48094,2,6,2026-05-07,70,Unknown
Henry Ford Internal Medicine - Sterling Heights,Primary Care,T3,Coty,Sterling Heights,Sterling Heights,Michigan,48310,2,18,2026-06-26,20,Unknown
Integrative Family Care,Primary Care,T3,Coty,Troy,Rochester,Michigan,48307,2,10,2026-03-25,113,Unknown
"Internal Medicine Associates of Rochester Hills, PC",Primary Care,T3,Coty,Troy,Rochester Hills,Michigan,48307,2,4,2026-07-06,10,Unknown
Keystone Partners - Macomb,Primary Care,T3,Coty,Sterling Heights,Macomb,Michigan,48044,2,2,2026-07-10,6,Unknown
M-15 Family Medical Center,Primary Care,T3,Coty,Other/Metro,Clarkston,Michigan,48348,2,10,2026-04-20,87,Unknown
MDVIP Clarkston,Primary Care,T3,Coty,Other/Metro,Clarkston,Michigan,48346,2,4,2026-06-08,38,Unknown
Metro Urgent Care & Family Medicine Center,Urgent Care,T3,Coty,Other/Metro,Lincoln Park,MI,481462610,2,2,2026-04-02,105,Unknown
New Baltimore Family Practice - Chesterfield,Primary Care,T3,Coty,Other/Metro,New Baltimore,Michigan,48047,2,3,2026-06-30,16,Unknown
Niva Health,Primary Care,T3,Coty,Livonia,Novi,Michigan,48375,2,2,2026-06-22,24,Unknown
Osteopathic Health Care Associates,Primary Care,T3,Coty,Sterling Heights,Utica,MI,48317,2,8,2026-06-23,23,Unknown
Phase Family Medicine,Primary Care,T3,Coty,Troy,Troy,Michigan,48085,2,2,2026-06-12,34,Unknown
Physicians in Family Medicine,Primary Care,T3,Coty,Troy,Rochester Hills,Michigan,48307,2,4,2026-06-05,41,Unknown
Primary Medical Services,Primary Care,T3,Coty,Other/Metro,HAZEL PARK,MI,48030,2,2,2026-06-24,22,Unknown
Prism Medical Group - Family Medicine Ste 240,Primary Care,T3,Coty,Troy,Rochester Hills,Michigan,48307,2,10,2026-06-23,23,Unknown
Pulse Primary Care - Lenox,Primary Care,T3,Coty,Other/Metro,Lenox,Michigan,48048,2,6,2026-06-30,16,Unknown
"Raad Kasmikha MD,",Primary Care,T3,Coty,Troy,Rochester Hills,Michigan,48309,2,2,2026-05-27,50,Unknown
Silver Pine Medical Group Chesterfield,Primary Care,T3,Coty,Other/Metro,New Baltimore,Michigan,48047,2,10,2026-05-19,58,Unknown
Silver Pine Medical Group Romeo Plank,Primary Care,T3,Coty,Sterling Heights,Macomb,Michigan,48044,2,12,2026-07-10,6,Unknown
The Nest Wellness Collective,Primary Care,T3,Coty,Other/Metro,Bingham Farms,Michigan,48025,2,0,2026-05-12,65,Unknown
Trinity IHA Primary Care - Rochester Hills,Primary Care,T3,Coty,Troy,Rochester Hills,Michigan,48309,2,12,2026-05-27,50,Unknown
UofM Internal Medicine Metabolism Endocrinology & Diabetes,Primary Care,T3,Coty,Other/Metro,Canton,Michigan,48187,2,2,2026-03-16,122,Unknown
Waldon Internal Medicine,Primary Care,T3,Coty,Other/Metro,City of the Village of Clarkston,Michigan,48346,2,2,2026-04-20,87,Unknown
1st Choice Urgent Care- Rochester,Urgent Care,T3,Sean,Troy,Rochester Hills,Michigan,48307,2,0,2026-06-05,41,Unknown
Advantage Family Health Center,Primary Care,T3,Sean,Sterling Heights,Warren,Michigan,48091,2,4,2026-05-13,64,Unknown
Alliance Health - Clinton Township,Primary Care,T3,Sean,Sterling Heights,Clinton Township,Michigan,48038,2,6,2026-03-26,112,Unknown
"ALLIANCE HEALTH PROFESSIONALS, PLLC",Primary Care,T3,Sean,Sterling Heights,CLINTON TOWNSHIP,Michigan,48038,2,12,2026-04-21,86,Unknown
Allied Internists,Primary Care,T3,Sean,Other/Metro,Roseville,Michigan,48066,2,4,2026-04-20,87,Unknown
Basmit Medical Center,Primary Care,T3,Sean,Sterling Heights,Sterling Heights,Michigan,48310,2,2,2026-03-20,118,Unknown
Beaumont Internal Medicine - Berkley,Primary Care,T3,Sean,Southfield,Berkley,Michigan,48072,2,25,2026-03-23,115,Unknown
Clinton Urgent Care,Urgent Care,T3,Sean,Sterling Heights,Clinton Township,Michigan,48036,2,2,2026-05-14,63,Unknown
Complete Family Care,Primary Care,T3,Sean,Sterling Heights,Sterling Heights,Michigan,48314,2,14,2026-03-31,107,Unknown
Concentra Urgent Care - Sterling Heights,Urgent Care,T3,Sean,Sterling Heights,Sterling Heights,Michigan,48313,2,1,2026-03-18,120,Unknown
Concentra Urgent Care - Warren,Urgent Care,T3,Sean,Sterling Heights,Warren,Michigan,48093-2645,2,4,2026-04-24,83,Unknown
Corewell East Area Family Practice - Roseville,Primary Care,T3,Sean,Other/Metro,Roseville,MI,48066,2,21,2026-03-12,126,Unknown
Dobra Medical,Primary Care,T3,Sean,Sterling Heights,Sterling Heights,Michigan,48312,2,2,2026-03-18,120,Unknown
Doctors Urgent Care Shelby & Telemedicine By Doctors Urgent Care Group,Urgent Care,T3,Sean,Other/Metro,Shelby Township,Michigan,48317,2,2,2026-03-18,120,Past due
Epic Healthcare - Royal Oak,Primary Care,T3,Sean,Southfield,Royal Oak,Michigan,48067,2,2,2026-05-12,65,Unknown
Farmbrooke Family Medicine,Primary Care,T3,Sean,Sterling Heights,Macomb,Michigan,48042,2,2,2026-06-30,16,Unknown
Grace Family Care,Primary Care,T3,Sean,Sterling Heights,Warren,Michigan,48092,2,4,2026-04-16,91,Unknown
Henry Ford Macomb Family Medicine Residency,Primary Care,T3,Sean,Sterling Heights,Clinton Township,Michigan,480386327,2,6,2026-03-26,112,Unknown
IEP Urgent Care - Ferndale,Urgent Care,T3,Sean,Southfield,Ferndale,Michigan,48220,2,1,2026-04-22,85,Unknown
Lake Victoria Medical Associates,Primary Care,T3,Sean,Other/Metro,Roseville,Michigan,48066,2,2,2026-03-27,111,Unknown
McLaren Pediatrics & Family Medicine,Primary Care,T3,Sean,Sterling Heights,Sterling Heights,Michigan,48312,2,3,2026-03-18,120,Unknown
MiLife Health & Wellness,Primary Care,T3,Sean,Other/Metro,Madison Heights,Michigan,48071,2,2,2026-05-18,59,Unknown
MyCare Health Center - Mt Clemens,Primary Care,T3,Sean,Other/Metro,Mount Clemens,MI,48043,2,6,2026-05-14,63,Unknown
Office of Clara Kamath Wood MD,Primary Care,T3,Sean,Other/Metro,Roseville,Michigan,48066,2,2,2026-04-20,87,Unknown
Office of Dudley Roberts III MD,Primary Care,T3,Sean,Other/Metro,Roseville,Michigan,48066,2,2,2026-05-06,71,Unknown
"Office of Mazen Alsaqa, MD",Primary Care,T3,Sean,Sterling Heights,Sterling Heights,Michigan,48310,2,4,2026-03-20,118,Unknown
Office of Mohammad Ghaffarloo MD,Primary Care,T3,Sean,Sterling Heights,Clinton Township,Michigan,480381147,2,2,2026-03-26,112,Unknown
"Office of Richard Fici DO,",Primary Care,T3,Sean,Other/Metro,Roseville,Michigan,48066,2,2,2026-05-06,71,Unknown
One Health,Urgent Care,T3,Sean,Other/Metro,South Lyon,Michigan,48178,2,4,2026-03-04,134,Unknown
Opdyke Medical,Primary Care,T3,Sean,Other/Metro,Pontiac,Michigan,48341,2,7,2026-03-13,125,Unknown
Providence Medical Center - South Lyon,Primary Care,T3,Sean,Other/Metro,South Lyon,Michigan,48178,2,27,2026-03-04,134,Unknown
Quality Medical Care,Primary Care,T3,Sean,Sterling Heights,Sterling Heights,Michigan,48310,2,2,2026-03-31,107,Unknown
Roseville Medical,Primary Care,T3,Sean,Other/Metro,Roseville,MI,48066,2,2,2026-03-27,111,Unknown
Select Medical Group Of Michigan,Primary Care,T3,Sean,Southfield,Oak Park,Michigan,48237,2,2,2026-03-03,135,Unknown
South Lyon Family Docs,Primary Care,T3,Sean,Other/Metro,South Lyon,MI,48178,2,6,2026-03-04,134,Unknown
South Macomb Internists,Primary Care,T3,Sean,Sterling Heights,Warren,Michigan,48093,2,8,2026-04-16,91,Unknown
Sterling Heights Primary Care,Primary Care,T3,Sean,Sterling Heights,Sterling Heights,Michigan,483125100,2,2,2026-04-01,106,Unknown
Sterling Medical Center & Urgent Care,Urgent Care,T3,Sean,Sterling Heights,STERLING HEIGHTS,Michigan,48312,2,8,2026-04-30,77,Past due
Toma & Yaldo Medical Center,Primary Care,T3,Sean,Sterling Heights,Sterling Heights,Michigan,48310,2,4,2026-03-18,120,Unknown
Total Care Physicians Group,Primary Care,T3,Sean,Sterling Heights,Clinton Township,Michigan,48038,2,8,2026-03-26,112,Past due
Trinity IHA Primary & Urgent Care - South Lyon,Primary Care,T3,Sean,Other/Metro,South Lyon,MI,48178,2,10,2026-03-04,134,Unknown
Village Medical - South Lyon Family Physicians,Primary Care,T3,Sean,Other/Metro,South Lyon,MI,48178,2,8,2026-03-04,134,Unknown
Waterford Clinic and Urgent Care,Urgent Care,T3,Sean,Sterling Heights,Warren,Michigan,48091,2,2,2026-05-05,72,Unknown
HENRY FORD WALK IN CLINIC,Primary Care,T3,,Troy,BLOOMFIELD,Michigan,,2,2,2026-05-07,70,Unknown
Community First Health Center,Primary Care,T3,Kristen,Port Huron,Port Huron,Michigan,48060,1,3,2026-04-21,86,Unknown
CoreMed - Commerce,Primary Care,T3,Kristen,Other/Metro,,Michigan,48382,1,2,2026-05-26,51,Unknown
Corewell Urgent Care - Royal Oak,Urgent Care,T3,Kristen,Southfield,Royal Oak,Michigan,48067,1,0,2026-05-21,56,Unknown
Corewell URGENT CARE BY WELLSTREET,Urgent Care,T3,Kristen,Other/Metro,BLOOMFIELD TOWNSHIP,Michigan,,1,0,2026-03-30,108,Unknown
Imlay City Medical,Urgent Care,T3,Kristen,Other/Metro,Imlay City,Michigan,48444,1,1,2026-06-02,44,Unknown
PERRY MLK MEDICAL CENTER,Primary Care,T3,Kristen,Other/Metro,PONTIAC,Michigan,,1,1,2026-02-11,155,Unknown
Romeo Medical - Precise Medical,Primary Care,T3,Kristen,Troy,Rochester Hills,Michigan,48307,1,1,2026-01-20,177,Unknown
SYLVAN LAKE FAMILY PRACTICE,Primary Care,T3,Kristen,Other/Metro,SYLVAN LAKE,MI,48320,1,1,2026-02-11,155,Unknown
Wayne Community Health - Wayne,Primary Care,T3,Kristen,Other/Metro,Romulus,Michigan,48174,1,2,2026-01-05,192,Unknown
BEAUMONT ATHENS CLINIC TAYLOR,Primary Care,T3,Jasmine,Other/Metro,TAYLOR,MI,48180,1,6,2026-03-17,121,Unknown
Ben Go MD PC,Orthopedics,T3,Jasmine,Other/Metro,Riverview,Michigan,48193,1,1,2026-01-12,185,Unknown
BLOOMFIELD MEDICAL CENTER URGENT CARE,Primary Care,T3,Jasmine,Livonia,FARMINGTON HILLS,Michigan,,1,0,2026-01-27,170,Unknown
City Medical - Madison Heights,Urgent Care,T3,Jasmine,Other/Metro,Madison Heights,MI,48071,1,6,2026-04-02,105,Unknown
Corewell Health Family Medicine - Northside,Primary Care,T3,Jasmine,Other/Metro,Detroit,Michigan,48227,1,3,2026-02-27,139,Unknown
Corwell internal medicine and primary care,Primary Care,T3,Jasmine,Livonia,Livonia,Michigan,48152,1,1,2026-06-09,37,Unknown
DOCTORS URGENT CARE OAK PARK SOUTHFIELD- closed,Urgent Care,T3,Jasmine,Southfield,SOUTHFIELD,Michigan,,1,0,2026-06-29,17,Unknown
"Dourra, Hadi Ali",Primary Care,T3,Jasmine,Livonia,Redford,MI,482392368,1,1,2026-01-26,171,Unknown
"DOWNRIVER INTERNAL MEDICINE, PC",Orthopedics,T3,Jasmine,Other/Metro,RIVERVIEW,MI,48193,1,3,2026-01-12,185,Unknown
"DOWNRIVER INTERNISTS, PC",Primary Care,T3,Jasmine,Other/Metro,TAYLOR,MI,48180,1,2,2026-03-05,133,Unknown
"DOWNRIVER SPECIALISTS, PC",Primary Care,T3,Jasmine,Other/Metro,WOODHAVEN,MI,48183,1,2,2026-01-29,168,Unknown
Elite Care Physicians PLLC,Primary Care,T3,Jasmine,Livonia,Redford,MI,48239,1,4,2026-01-26,171,Past due
"FAMILY HEALTH, PC",Orthopedics,T3,Jasmine,Other/Metro,RIVERVIEW,MI,48193,1,6,2026-01-12,185,Unknown
Family Medicine in Japanese health program at Domino’s Farms,Primary Care,T3,Jasmine,Other/Metro,Ann Arbor,Michigan,48105,1,2,2026-02-24,142,Unknown
Haven Health Care Medical,Primary Care,T3,Jasmine,Other/Metro,Woodhaven,Michigan,48183,1,0,2026-01-29,168,Unknown
"Kadambi MD, Jyothi",Primary Care,T3,Jasmine,Southfield,Southfield,MI,480762108,1,0,2026-06-30,16,Unknown
"MAIN STREET PHYSICIANS, PC",Primary Care,T3,Jasmine,Other/Metro,WOODHAVEN,MI,48183,1,5,2026-01-29,168,Unknown
MD WELL- Allen Park,Primary Care,T3,Jasmine,Other/Metro,Allen Park,Michigan,48101,1,3,2026-01-15,182,Unknown
"MEDICAL GROUP PRACTICE, PC (Olympia health)",Primary Care,T3,Jasmine,Livonia,LIVONIA,MI,48150,1,2,2026-03-03,135,Unknown
"METRO SHORES INTERNAL MEDICINE, PLLC",Orthopedics,T3,Jasmine,Other/Metro,Riverview,Michigan,48193,1,2,2026-01-12,185,Unknown
MHNI,Primary Care,T3,Jasmine,Other/Metro,Ann Arbor,Michigan,48104,1,5,2026-02-05,161,Unknown
"MICHIGAN MEDICAL GROUP, PC",Primary Care,T3,Jasmine,Other/Metro,TAYLOR,MI,48180,1,3,2026-03-05,133,Unknown
MORSI PEDIATRICS,Orthopedics,T3,Jasmine,Other/Metro,Riverview,Michigan,48193,1,5,2026-01-12,185,Unknown
"NASSER SUKHON, MD, PC",Primary Care,T3,Jasmine,Other/Metro,Ann Arbor,Michigan,48105,1,1,2026-01-23,174,Unknown
Office of Jyothi Kadambi MD,Primary Care,T3,Jasmine,Southfield,Southfield,Michigan,,1,0,2026-06-30,16,Unknown
PENNVIEW MEDICAL CLINIC,Orthopedics,T3,Jasmine,Other/Metro,RIVERVIEW,MI,48193,1,1,2026-01-12,185,Unknown
QUARRY PHYSICIANS - MEDHEALTH,Orthopedics,T3,Jasmine,Other/Metro,RIVERVIEW,MI,48193,1,1,2026-01-12,185,Unknown
"Rehab rehabilitation institute of Canton, Michigan Center",Physical Therapy,T3,Jasmine,Other/Metro,,Michigan,48188,1,0,2026-01-15,182,Unknown
"Satinder Aggarwal, MD Internal Medicine",Primary Care,T3,Jasmine,Other/Metro,Taylor,Michigan,48180,1,6,2026-03-05,133,Unknown
"SOUTHEAST INTERNAL MEDICINE, PLLC",Primary Care,T3,Jasmine,Other/Metro,BROWNSTOWN,MI,48183,1,2,2026-01-26,171,Unknown
The family Doc,Primary Care,T3,Jasmine,Other/Metro,Dearborn Heights,Michigan,48127,1,4,2026-02-26,140,Unknown
Trinity IHA Primary Care - Dexter,Primary Care,T3,Jasmine,Other/Metro,Dexter,Michigan,48130,1,5,2026-02-24,142,Unknown
UofM Family Medicine - Dexter,Primary Care,T3,Jasmine,Other/Metro,Dexter,Michigan,48130,1,16,2026-02-23,143,Unknown
Veterans Administration Medical Center - Ann Arbor,Primary Care,T3,Jasmine,Other/Metro,Ann Arbor,MI,48105-2303,1,4,2026-01-23,174,Unknown
WESTBORN MEDICAL CLINIC,Primary Care,T3,Jasmine,Livonia,DEARBORN,MI,48124,1,1,2026-03-27,111,Unknown
"WESTERN WAYNE PHYSICIANS, PLC",Primary Care,T3,Jasmine,Livonia,DEARBORN,MI,48124,1,1,2026-03-27,111,Past due
Advance Urgent Care - Brighton,Urgent Care,T3,Coty,Other/Metro,Brighton,Michigan,48116,1,1,2026-02-11,155,Unknown
Alliance Washington Township,Primary Care,T3,Coty,Other/Metro,Washington,MI,48094,1,2,2026-05-07,70,Unknown
Ascension Medical Group - Dr Thomas,Primary Care,T3,Coty,Other/Metro,Clarkston,MI,48346,1,0,2026-03-02,136,Unknown
Ascension Medical Group Genesys,Primary Care,T3,Coty,Other/Metro,City of the Village of Clarkston,Michigan,48346,1,2,2026-04-20,87,Unknown
ASCENSION MEDICAL GROUP GENESYS,Primary Care,T3,Coty,Other/Metro,CLARKSTON,MI,48346,1,0,2026-03-02,136,Unknown
Beaumont Internal Medicine - Royal Oak,Primary Care,T3,Coty,Southfield,Royal Oak,MI,48073,1,3,2026-02-26,140,Unknown
Beaumont Urgent Care - Rochester,Urgent Care,T3,Coty,Troy,Rochester Hills,Michigan,48309,1,1,2026-03-16,122,Unknown
Belamedica,Primary Care,T3,Coty,Troy,Troy,Michigan,48084,1,2,2026-06-25,21,Unknown
Brighton Family Physicians,Primary Care,T3,Coty,Other/Metro,Brighton,Michigan,48116,1,7,2026-02-11,155,Unknown
Colleen Kennedy DO,Primary Care,T3,Coty,Troy,Rochester,MI,48307,1,7,2026-04-29,78,Unknown
Concentra Urgent Care - Brighton,Urgent Care,T3,Coty,Other/Metro,Brighton,Michigan,48114,1,0,2026-02-11,155,Unknown
D&E Medical Center,Primary Care,T3,Coty,Sterling Heights,Sterling Heights,Michigan,48310,1,1,2026-04-16,91,Unknown
Doctors Urgent Care - Warren,Urgent Care,T3,Coty,Sterling Heights,Warren,Michigan,48093,1,0,2026-03-27,111,Unknown
Epic Healthcare - Southfield,Primary Care,T3,Coty,Southfield,SOUTHFIELD,Michigan,48075,1,8,2026-03-05,133,Unknown
Ernest Chiodo MD,Primary Care,T3,Coty,Sterling Heights,CLINTON TOWNSHIP,MI,48035,1,2,2026-06-16,30,Unknown
Family Medicine & Weight Loss,Primary Care,T3,Coty,Sterling Heights,Sterling Heights,Michigan,48310,1,1,2026-04-16,91,Unknown
Forum Health,Primary Care,T3,Coty,Troy,ROCHESTER HILLS,MI,48309,1,5,2026-02-23,143,Unknown
Get Well Urgent Care - Harper Woods,Urgent Care,T3,Coty,Other/Metro,Harper Woods,Michigan,48225,1,1,2026-02-16,150,Unknown
Ghassan Atto PLLC,Primary Care,T3,Coty,Other/Metro,Southgate,Michigan,48195,1,2,2026-07-14,2,Unknown
GoHealth Urgent Care (Henry Ford) - Fraser,Urgent Care,T3,Coty,Sterling Heights,Clinton Township,Michigan,48035,1,0,2026-03-26,112,Unknown
Henry Ford Family Medicine - Shelby Twp,Primary Care,T3,Coty,Other/Metro,Shelby Township,Michigan,48315,1,6,2026-04-06,101,Unknown
Henry Ford Macomb Health Center - Fraser,Primary Care,T3,Coty,Sterling Heights,Clinton Township,MI,48035,1,6,2026-03-26,112,Unknown
iCare Urgent Care,Urgent Care,T3,Coty,Other/Metro,Dearborn Heights,Michigan,48125,1,0,2026-02-13,153,Unknown
IEP Urgent Care - Brighton,Urgent Care,T3,Coty,Other/Metro,Brighton,Michigan,48114,1,1,2026-02-11,155,Unknown
IHA Urgent Care - Saline,Urgent Care,T3,Coty,Other/Metro,Saline,Michigan,48176,1,0,2026-03-16,122,Unknown
Internal Medicine Accupuncture,Primary Care,T3,Coty,Troy,Rochester Hills,Michigan,48307,1,1,2026-06-05,41,Unknown
Lee Internal Medicine Associates,Primary Care,T3,Coty,Other/Metro,Brighton,Michigan,48116,1,6,2026-02-11,155,Unknown
Levan Internists,Primary Care,T3,Coty,Livonia,Livonia,MI,48154,1,6,2026-03-11,127,Past due
McLaren Macomb Family First,Primary Care,T3,Coty,Sterling Heights,Clinton Township,Michigan,48035,1,16,2026-06-16,30,Unknown
McLaren Macomb Health & Wellness,Primary Care,T3,Coty,Sterling Heights,Clinton Township,Michigan,48036,1,7,2026-03-26,112,Unknown
McLaren Oakland Internal Medicine - Clarkston,Primary Care,T3,Coty,Other/Metro,Clarkston,Michigan,48346,1,2,2026-04-20,87,Unknown
MD HouseCalls,Primary Care,T3,Coty,Southfield,Southfield,Michigan,48034,1,1,2026-02-19,147,Unknown
MDVIP - Brighton,Primary Care,T3,Coty,Other/Metro,Brighton,Michigan,48116,1,1,2026-02-11,155,Unknown
Michigan Internal Medicine & Cardiology Associates,Primary Care,T3,Coty,Troy,Auburn Hills,Michigan,48326,1,2,2026-06-05,41,Unknown
Multi-Specialty Clinic,Primary Care,T3,Coty,Sterling Heights,Clinton Township,Michigan,48035,1,4,2026-06-16,30,Unknown
North Macomb Medical Associates,Primary Care,T3,Coty,Other/Metro,Richmond,Michigan,48050,1,7,2026-06-30,16,Unknown
North Point Medical,Primary Care,T3,Coty,Other/Metro,Fair Haven,mi,48023,1,1,2026-06-30,16,Unknown
Oak Street Health - Eastgate,Primary Care,T3,Coty,Other/Metro,Roseville,Michigan,48066,1,8,2026-02-26,140,Unknown
Oak Street Health – Hazel Park,Primary Care,T3,Coty,Other/Metro,Hazel Park,Michigan,48030,1,6,2026-06-24,22,Unknown
Paavan Railan MD,Primary Care,T3,Coty,Other/Metro,St. Clair Shores,Michigan,48081,1,1,2026-04-01,106,Unknown
Packard Health - Ypsilanti,Primary Care,T3,Coty,Other/Metro,Ypsilanti,Michigan,48198,1,1,2026-03-16,122,Unknown
"Panush Md, Daniel",Primary Care,T3,Coty,Southfield,Southfield,MI,480341828,1,0,2026-02-19,147,Unknown
Patient Centered Family Medicine & OMT,Primary Care,T3,Coty,Other/Metro,Brighton,Michigan,48114,1,1,2026-02-11,155,Unknown
Picken Integrative Medicine,Primary Care,T3,Coty,Other/Metro,Saline,Michigan,48176,1,1,2026-03-16,122,Unknown
Restorative Medical Center,Primary Care,T3,Coty,Troy,Rochester Hills,Michigan,48307,1,1,2026-04-29,78,Unknown
Revolution Wellness,Primary Care,T3,Coty,Sterling Heights,Utica,Michigan,48317,1,1,2026-06-23,23,Unknown
Rodney Dewyer MD,Primary Care,T3,Coty,Other/Metro,Hamburg,Michigan,48139,1,0,2026-02-11,155,Unknown
Salta Direct Primary Care - Auburn Hills,Primary Care,T3,Coty,Troy,Auburn Hills,Michigan,48326,1,1,2026-06-05,41,Unknown
"Shelby Township, Ascension MyHealth Urgent Care",Urgent Care,T3,Coty,Other/Metro,Shelby Township,Michigan,48316,1,0,2026-02-25,141,Unknown
Shyam Mishra MD,Primary Care,T3,Coty,Sterling Heights,Sterling Heights,Michigan,48312,1,1,2026-03-04,134,Unknown
Silver Pine Medical Group Shelby Township,Primary Care,T3,Coty,Other/Metro,Shelby Township,Michigan,48316,1,0,2026-02-25,141,Unknown
Springfield Urgent Care - Hamburg,Urgent Care,T3,Coty,Other/Metro,Whitmore Lake,Michigan,48189,1,4,2026-02-11,155,Unknown
Springfield Urgent Care - Saline,Urgent Care,T3,Coty,Other/Metro,Saline,Michigan,48176,1,0,2026-03-16,122,Unknown
St Joseph Urgent Care,Urgent Care,T3,Coty,Other/Metro,Canton,Michigan,48188,1,0,2026-02-24,142,Unknown
Stony Creek Internal Medicine,Primary Care,T3,Coty,Other/Metro,Shelby Township,Michigan,48316,1,2,2026-02-25,141,Unknown
Tanir Medical Center,Primary Care,T3,Coty,Other/Metro,Clarkston,MI,48346,1,0,2026-05-21,56,Unknown
TRINITY COMMUNITY CARE,Primary Care,T3,Coty,Sterling Heights,UTICA,MI,48317,1,0,2026-05-18,59,Unknown
Trinity IHA Primary Care - Saline,Primary Care,T3,Coty,Other/Metro,Saline,Michigan,48176,1,4,2026-03-16,122,Unknown
U of M Internal Medicine Clinic - Brighton Health Center,Primary Care,T3,Coty,Other/Metro,Brighton,MI,48116,1,4,2026-02-11,155,Unknown
Ypsilanti Urgent Care,Urgent Care,T3,Coty,Other/Metro,Ypsilanti,Michigan,48197,1,0,2026-03-16,122,Unknown
ADVANCE MEDICAL HOME PHYSICIANS,Primary Care,T3,Sean,Troy,TROY,Michigan,48085,1,1,2026-03-25,113,Unknown
Aquino Integrative Internal Medicine,Primary Care,T3,Sean,Other/Metro,Roseville,Michigan,48066,1,2,2026-03-12,126,Unknown
Bi County Health Urgent Care,Urgent Care,T3,Sean,Other/Metro,Detroit,Michigan,,1,1,2026-02-17,149,Unknown
Corewell Health Urgent Care,Urgent Care,T3,Sean,Other/Metro,GROSSE POINTE,Michigan,,1,0,2026-06-03,43,Unknown
Doctors Urgent Care - Troy West,Urgent Care,T3,Sean,Troy,Troy,Michigan,48084,1,0,2026-02-11,155,Unknown
Downriver Podiatrists,Primary Care,T3,Sean,Sterling Heights,Warren,MI,48093-1700,1,1,2026-05-15,62,Unknown
GetWell Urgent Care,Urgent Care,T3,Sean,Other/Metro,Detroit,Michigan,48223,1,1,2026-02-18,148,Unknown
Livernois Primary and Urgent Care,Urgent Care,T3,Sean,Other/Metro,Detroit,Michigan,48221,1,1,2026-02-18,148,Unknown
Livewell Medical Clinic,Primary Care,T3,Sean,Other/Metro,Highland Park,Michigan,48203,1,0,2026-05-21,56,Unknown
Medpointe Rochester Urgent Care,Urgent Care,T3,Sean,Troy,Rochester,Michigan,48307,1,0,2026-01-21,176,Unknown
"Mouhamad Rihawi, MD",Primary Care,T3,Sean,Sterling Heights,Clinton Township,Michigan,48038,1,1,2026-03-26,112,Unknown
My Health Urgent Care (Ascension) - Clinton Township,Urgent Care,T3,Sean,Sterling Heights,Clinton Township,Michigan,48038,1,0,2026-02-05,161,Unknown
Neighborhood Primary Care,Primary Care,T3,Sean,Other/Metro,Orion Township,Michigan,48360,1,2,2026-05-13,64,Unknown
Office of Bassam Matti MD,Primary Care,T3,Sean,Other/Metro,Grosse Pointe,Michigan,48230,1,1,2026-06-03,43,Unknown
One Health Community Care,Primary Care,T3,Sean,Other/Metro,Detroit,Michigan,48219,1,6,2026-02-24,142,Unknown
"Samarian MD, Bruce",Primary Care,T3,Sean,Southfield,Berkley,Michigan,480722100,1,1,2026-03-23,115,Unknown
Southeastern Michigan Medical Consultants,Primary Care,T3,Sean,Other/Metro,Grosse Pointe Woods,Michigan,48236,1,1,2026-02-18,148,Unknown
Sunrise Urgent Care,Urgent Care,T3,Sean,Sterling Heights,Warren,Michigan,48092,1,0,2026-04-16,91,Unknown
Concentra Urgent Care - Troy,Urgent Care,T3,,Troy,Troy,Michigan,48083,1,0,2026-02-11,155,Unknown
IHA Urgent Care - Hamburg,Urgent Care,T3,,Other/Metro,Hamburg,Michigan,48139,1,0,2026-02-11,155,Unknown
True Health Urgent Care- Closed,Urgent Care,T3,,Livonia,Farmington,Michigan,48334,1,1,2026-01-27,170,Unknown
ATI - Corporate,Physical Therapy,T3,Kristen,Other/Metro,Ann Arbor,Michigan,48103,0,0,2025-10-16,273,Unknown
Baldwin Family Medical Center,Primary Care,T3,Kristen,Other/Metro,Pontiac,Michigan,48340,0,0,2025-11-24,234,Unknown
"Fletcher, Fealko, Shoudy and Francis",Attorney (WC/PI),T3,Kristen,Port Huron,Port Huron,Michigan,48060,0,0,2025-09-10,309,Unknown
Harvey Ager MD,Primary Care,T3,Kristen,Southfield,Southfield,Michigan,48034,0,0,2025-02-24,507,Unknown
Honor Community Health,Primary Care,T3,Kristen,Other/Metro,Pontiac,MI,48341,0,0,2025-11-24,234,Unknown
"Malaczynski MD, Jadwiga",Primary Care,T3,Kristen,Other/Metro,Hamtramck,MI,482122783,0,0,2025-04-03,469,Unknown
METRO MEDICAL PRACTICE,Primary Care,T3,Kristen,Other/Metro,HAMTRAMCK,MI,48212,0,0,2024-09-16,668,Unknown
My Health Urgent Care (Ascension) - Bloomfield Hills,Urgent Care,T3,Kristen,Other/Metro,Bloomfield Hills,MI,48302-0241,0,0,2025-05-14,428,Unknown
PONTIAC VA OUTPATIENT CLINIC,Primary Care,T3,Kristen,Other/Metro,Pontiac,Michigan,48341,0,0,2025-11-24,234,Unknown
"Rowling, Partipilo and Winston Law",Attorney (WC/PI),T3,Kristen,Port Huron,Port Huron,Michigan,48060,0,0,2025-12-30,198,Unknown
Sierra Medical Associates,Primary Care,T3,Kristen,Other/Metro,Grosse Pointe Park,Michigan,48230,0,0,2025-11-05,253,Unknown
Silver Pine Medical Group Hall Rd,Primary Care,T3,Kristen,Sterling Heights,Macomb,Michigan,48044,0,0,2025-12-05,223,Unknown
"SUPERIOR FAMILY MEDICINE CLINIC, PC",Primary Care,T3,Kristen,Southfield,SOUTHFIELD,MI,48076,0,0,2024-08-28,687,Unknown
THE WELLNESS PLAN PONTIAC MEDICAL CENTER,Primary Care,T3,Kristen,Other/Metro,PONTIAC,Michigan,48342,0,0,2025-11-24,234,Unknown
Total Urgent Care - Romeo,Urgent Care,T3,Kristen,Other/Metro,,Michigan,48065,0,0,,,Unknown
TRINITY HEALTH HENDERSON ACADEMIC PRIMARY CARE,Primary Care,T3,Kristen,Other/Metro,PONTIAC,Michigan,MI 48341,0,0,2025-11-24,234,Unknown
University Physicians Group - Grosse Pointe,Primary Care,T3,Kristen,Other/Metro,Grosse Pointe,Michigan,48230,0,0,2024-11-18,605,Unknown
Village Medical 7 Mile - Northville,Primary Care,T3,Kristen,Other/Metro,Northville,Michigan,48167,0,0,2024-11-19,604,Unknown
WAYNE STATE UNIVERSITY PHYSICIAN GROUP FAMILY MEDICINE,Primary Care,T3,Kristen,Southfield,SOUTHFIELD,Michigan,,0,0,2025-07-31,350,Unknown
"CHILD AND ADOLESCENT CENTER, PC",Orthopedics,T3,Jasmine,Other/Metro,Southgate,Michigan,48195,0,0,2025-12-02,226,Unknown
Closed-BEAUMONT BOTSFORD FAMILY MEDICINE CENTER NOVI,Primary Care,T3,Jasmine,Livonia,NOVI,MI,48377,0,0,2025-01-06,556,Unknown
Daisy Angeles MD (unknown),Primary Care,T3,Jasmine,Livonia,Dearborn,Michigan,48124,0,0,2025-12-18,210,Unknown
Hegira Health,Primary Care,T3,Jasmine,Other/Metro,Lincoln Park,Michigan,48146,0,0,2025-10-17,272,Unknown
Henry Ford macomb – Oakland,Primary Care,T3,Jasmine,Other/Metro,Madison Heights,Michigan,48071,0,0,2025-11-05,253,Unknown
"Hollander DO, Gary (Duplicate?)",Primary Care,T3,Jasmine,Other/Metro,Walled Lake,MI,483903443,0,0,2025-10-20,269,Unknown
MI Express Care-Brighton,Urgent Care,T3,Jasmine,Other/Metro,Brighton,Michigan,48116,0,0,,,Unknown
"TERRY D HOWELL, MD, PC",Primary Care,T3,Jasmine,Other/Metro,SALINE,MI,48176,0,0,2025-10-20,269,Unknown
Trinity health urgent care,Urgent Care,T3,Jasmine,Livonia,Livonia,Michigan,48152,0,0,,,Unknown
UNIVERSITY OF MICHIGAN SALINE HEALTH CENTER,Primary Care,T3,Jasmine,Other/Metro,SALINE,MI,48176,0,0,2025-10-20,269,Unknown
Village Medical - Walled Lake,Primary Care,T3,Jasmine,Other/Metro,Walled Lake,Michigan,48390,0,0,2025-12-12,216,Unknown
Western Wayne Lincoln Park,Primary Care,T3,Jasmine,Other/Metro,Lincoln Park,Michigan,48146,0,0,2025-10-17,272,Unknown
Ypsilanti Health Center (UofM),Primary Care,T3,Jasmine,Other/Metro,Ypsilanti,MI,48198,0,0,2025-04-16,456,Unknown
- RELOCATED Macomb Family Medicine (Ascension),Primary Care,T3,Coty,Sterling Heights,Macomb,Michigan,48044,0,0,2025-06-10,401,Unknown
1st Choice Urgent Care - Warren,Urgent Care,T3,Coty,Sterling Heights,Warren,Michigan,48089,0,0,2025-05-22,420,Unknown
Adult Wellness & Internal Medicine,Primary Care,T3,Coty,Other/Metro,Flint,Michigan,48507,0,0,2025-02-04,527,Unknown
Advance Urgent Care - Hartland,Urgent Care,T3,Coty,Other/Metro,Hartland,Michigan,48353,0,0,2025-04-29,443,Unknown
Advanced Orthopedic Specialists,Orthopedics,T3,Coty,Other/Metro,Brighton,Michigan,48114,0,0,2025-03-31,472,Unknown
Advanced Physcl Therapy Ctr PC,Physical Therapy,T3,Coty,Other/Metro,Hartland,MI,48353-2702,0,0,2023-05-04,1169,Unknown
Advanced Physcl Therapy Ctr PC,Physical Therapy,T3,Coty,Other/Metro,Clarkston,MI,48346-2070,0,0,2023-05-25,1148,Unknown
"AIRPORT FAMILY PHYSICIANS, LLC",Primary Care,T3,Coty,Other/Metro,WATERFORD,Michigan,48327,0,0,2025-07-02,379,Unknown
Algonac Family Practice,Primary Care,T3,Coty,Other/Metro,Algonac,Michigan,48001,0,0,2024-01-08,920,Unknown
Alliance - Chesterfield,Primary Care,T3,Coty,Other/Metro,Chesterfield,Michigan,48047,0,0,2025-04-14,458,Unknown
Alliance Mount Clemens,Primary Care,T3,Coty,Other/Metro,Mount Clemens,Michigan,48043,0,0,2025-02-20,511,Unknown
Arora Hand Surgery - Macomb,Orthopedics,T3,Coty,Sterling Heights,Macomb,Michigan,48044,0,0,2025-09-11,308,Unknown
Arora Hand Surgery - Warren,Orthopedics,T3,Coty,Sterling Heights,Warren,Michigan,48088,0,0,2025-03-06,497,Unknown
"ARTHRITIS CONSULTANTS, PC",Rheumatology,T3,Coty,Livonia,Livonia,Michigan,48154,0,0,2025-01-20,542,Unknown
ARTHRITIS INSTITUTE OF MICHIGAN,Rheumatology,T3,Coty,Other/Metro,Brighton,Michigan,48116,0,0,2025-04-22,450,Unknown
Ascension Macomb-Oakland Orthopedics & Sports Medicine,Orthopedics,T3,Coty,Sterling Heights,Warren,Michigan,48093,0,0,2024-04-02,835,Unknown
ASCENSION MEDICAL GROUP GENESYS,Orthopedics,T3,Coty,Other/Metro,CLARKSTON,Michigan,,0,0,2024-09-23,661,Unknown
Ascension Medical Group Genesys - Holly,Primary Care,T3,Coty,Other/Metro,Holly,Michigan,48442,0,0,2023-06-06,1136,Unknown
Ascension Rehabilitation,Physical Therapy,T3,Coty,Other/Metro,,,,0,0,,,Unknown
Ascent Urgent Care - Howell,Urgent Care,T3,Coty,Other/Metro,Howell,MI,48843,0,0,2025-04-29,443,Unknown
"Ashkenazi MD, Maya",Primary Care,T3,Coty,Other/Metro,St Clair Shores,MI,480801965,0,0,2023-04-18,1185,Unknown
Atchoo Medical Practice,Primary Care,T3,Coty,Other/Metro,Waterford Township,Michigan,48328,0,0,2025-04-29,443,Unknown
Athletico PT - Warren,Physical Therapy,T3,Coty,Sterling Heights,Warren,Michigan,48092,0,0,2023-06-19,1123,Unknown
BEAUMONT ORTHOPEDIC INSTITUTE,Orthopedics,T3,Coty,Southfield,ROYAL OAK,MI,48073,0,0,2025-01-13,549,Unknown
BEAUMONT ORTHOPEDIC ONCOLOGY ROYAL OAK,Orthopedics,T3,Coty,Southfield,ROYAL OAK,MI,48073,0,0,2024-04-04,833,Unknown
"Berland MD, Daniel William",Primary Care,T3,Coty,Other/Metro,Ann Arbor,MI,481095352,0,0,2023-07-19,1093,Unknown
Beyond Primary Care,Primary Care,T3,Coty,Other/Metro,Ann Arbor,Michigan,48103,0,0,2025-08-27,323,Unknown
"BINING AND DAS, MEDICAL GROUP",Primary Care,T3,Coty,Other/Metro,SOUTHGATE,MI,48195,0,0,2025-09-19,300,Unknown
"Bishai DO, Shariff K",Orthopedics,T3,Coty,Other/Metro,St Clair Shores,MI,480803207,0,0,2025-09-03,316,Unknown
Blue Water Urgent Care Clinic,Urgent Care,T3,Coty,Other/Metro,Algonac,MI,48001,0,0,2024-01-08,920,Unknown
Bluesky Medical Clinic,Primary Care,T3,Coty,Other/Metro,Howell,Michigan,48855,0,0,2025-06-30,381,Unknown
Bone & Joint Specialists,Orthopedics,T3,Coty,Troy,Rochester Hills,Michigan,48307,0,0,2025-05-05,437,Unknown
Capital Internal Medicine Associates,Primary Care,T3,Coty,Other/Metro,Lansing,Michigan,48911,0,0,2023-08-16,1065,Unknown
CCMC - Howell,Primary Care,T3,Coty,Other/Metro,Howell,Michigan,48843,0,0,2025-08-21,329,Unknown
Center For Spt Medicine Fitnes,Sports Medicine,T3,Coty,Other/Metro,Ypsilanti,MI,48197-0862,0,0,2023-02-21,1241,Unknown
Central Michigan University Athletic Training,Sports Medicine,T3,Coty,Other/Metro,,,,0,0,,,Unknown
Chelsea Family Practice (UofM),Primary Care,T3,Coty,Other/Metro,Chelsea,Michigan,48118,0,0,2025-08-26,324,Unknown
Child & Adult Medicine of Grand Blanc,Primary Care,T3,Coty,Other/Metro,Grand Blanc,Michigan,48439,0,0,2025-04-15,457,Unknown
"Clay, Michael",Primary Care,T3,Coty,Other/Metro,Ann Arbor,MI,48105,0,0,2025-08-27,323,Unknown
Clearwater Family Medicine - Campground closed,Primary Care,T3,Coty,Other/Metro,Washington,Michigan,48094,0,0,2025-07-16,365,Unknown
Clegg & Guest,Physical Therapy,T3,Coty,Sterling Heights,Sterling Heights,MI,48312-4258,0,0,2024-02-16,881,Unknown
"CLOSED  Herbert Isaac, MD",Primary Care,T3,Coty,Other/Metro,Pontiac,MI,48342,0,0,2025-02-25,506,Unknown
Closed - MCLAREN OAKLAND WATERFORD FAMILY MEDICINE,Primary Care,T3,Coty,Other/Metro,WATERFORD,MI,48328,0,0,2024-10-01,653,Unknown
CLOSED - ROCHESTER MEDICAL ORTHOPEDIC,Orthopedics,T3,Coty,Other/Metro,MADISON HEIGHTS,MI,48071,0,0,2024-04-02,835,Unknown
CLOSED Madison Associates,Primary Care,T3,Coty,Sterling Heights,Warren,MI,48092,0,0,2025-02-20,511,Unknown
Closed- ASCENSION MEDICAL GROUP CENTER FOR HAND AND NECK MAXILLOFACIAL AND RECONSTRUCTIV,Orthopedics,T3,Coty,Sterling Heights,WARREN,MI,48093,0,0,2024-04-02,835,Unknown
Closed- OAKLAND MACOMB INTERNAL MEDICINE,Primary Care,T3,Coty,Troy,ROCHESTER,MI,48307,0,0,2024-04-17,820,Unknown
CLOSED-ASCENSION MEDICAL GROUP GREATER MACK PRIMARY CARE,Primary Care,T3,Coty,Other/Metro,SAINT CLAIR SHORES,MI,48080,0,0,2024-04-16,821,Unknown
Closed-Barclay Physical Therapy Inc,Physical Therapy,T3,Coty,Troy,Rochester Hills,MI,48307-4574,0,0,2023-08-10,1071,Unknown
CLOSED-HILL ORTHOPEDICS,Orthopedics,T3,Coty,Sterling Heights,WARREN,MI,48093,0,0,2024-04-02,835,Unknown
Community First Health Center - Algonac,Primary Care,T3,Coty,Other/Metro,Algonac,Michigan,48001,0,0,2024-01-08,920,Unknown
Complete Care Rehab,Physical Therapy,T3,Coty,Sterling Heights,Warren,MI,48089-1190,0,0,2023-06-19,1123,Unknown
Complete Rehabilitation Inc,Physical Therapy,T3,Coty,Troy,Troy,MI,48084-7010,0,0,2023-12-14,945,Unknown
Concentra Urgent Care - Chesterfield,Urgent Care,T3,Coty,Other/Metro,New Baltimore,Michigan,48051,0,0,2025-08-28,322,Unknown
Core Institute - Howell,Orthopedics,T3,Coty,Other/Metro,Howell,Michigan,48843,0,0,2023-12-26,933,Unknown
Corewell Health Family Medicine Parkside,Primary Care,T3,Coty,Other/Metro,Oxford,MI,48371,0,0,2025-04-10,462,Unknown
Cornerstone Internal Medicine,Primary Care,T3,Coty,Sterling Heights,Macomb,Michigan,48044,0,0,2025-09-11,308,Unknown
Daia Orthodontics & TMJ Orthopedics,Orthopedics,T3,Coty,Troy,Rochester Hills,Michigan,48307,0,0,2024-02-22,875,Unknown
"DEVYANI KHAMBETE, MD, PC",Orthopedics,T3,Coty,Other/Metro,WATERFORD,Michigan,,0,0,2025-06-06,405,Unknown
DMC Ob-Gyn & Family Medicine  - Hartland,Primary Care,T3,Coty,Other/Metro,Hartland,Michigan,48353,0,0,2025-05-09,433,Unknown
DR MO PEDIATRIC CENTER,Orthopedics,T3,Coty,Other/Metro,BRIGHTON,Michigan,,0,0,2025-06-05,406,Unknown
"Dr. Vellore R. Ramakrishnan, MD",Orthopedics,T3,Coty,Livonia,Livonia,Michigan,48154,0,0,2025-06-13,398,Unknown
"Dussan MD, Kathleen",Primary Care,T3,Coty,Other/Metro,Ann Arbor,MI,48105,0,0,2025-08-27,323,Unknown
Eastern Michigan University Athletic Training,Sports Medicine,T3,Coty,Other/Metro,,,,0,0,,,Unknown
Eaton Rapids Medical Center Family Practice,Primary Care,T3,Coty,Other/Metro,Eaton Rapids,Michigan,48827,0,0,2024-01-19,909,Unknown
Edison Health Care Associates,Primary Care,T3,Coty,Southfield,Southfield,MI,48034,0,0,2025-05-27,415,Unknown
Edward G Seoane MD,Primary Care,T3,Coty,Other/Metro,Flint Township,Michigan,48532,0,0,2023-05-18,1155,Unknown
Elle MD,Primary Care,T3,Coty,Southfield,Royal Oak,Michigan,48067,0,0,2025-09-25,294,Unknown
Emergency Physicians Medical Group,ER,T3,Coty,Other/Metro,Ann Arbor,MI,48105,0,0,2023-09-05,1045,Unknown
Epic Health - Flint,Primary Care,T3,Coty,Other/Metro,Flint,Michigan,48507,0,0,2025-04-02,470,Unknown
Epic Health Livernois,Primary Care,T3,Coty,Other/Metro,Detroit,Michigan,48221,0,0,,,Unknown
Epic Medical Center,Primary Care,T3,Coty,Other/Metro,Southgate,Michigan,48195,0,0,2025-07-11,370,Unknown
EPIC MEDICAL CENTER,Primary Care,T3,Coty,Other/Metro,SOUTHGATE,MI,48195,0,0,2025-01-22,540,Unknown
"ESA ALI, MD, MEDICAL GROUP",Primary Care,T3,Coty,Other/Metro,WATERFORD,MI,48328,0,0,2025-10-28,261,Unknown
FAMILY FIRST HEALTHCARE ARMADA,Primary Care,T3,Coty,Other/Metro,ARMADA,MI,48005,0,0,2025-09-04,315,Unknown
Fenton Community Medical Center,Primary Care,T3,Coty,Other/Metro,Fenton,Michigan,48430,0,0,2023-06-06,1136,Unknown
Fenton Family Medicine,Primary Care,T3,Coty,Other/Metro,Fenton,Michigan,48430,0,0,2023-06-06,1136,Unknown
Flushing Road Internal Medicine and Pediatric Clinic,Primary Care,T3,Coty,Other/Metro,Flint,MI,48504,0,0,2023-08-08,1073,Unknown
Fyzical Therapy - Waterford,Physical Therapy,T3,Coty,Other/Metro,Waterford,MI,48328-2162,0,0,2023-05-04,1169,Unknown
Genesys Integrated Group Practice,Primary Care,T3,Coty,Other/Metro,Flint,MI,48532,0,0,2023-08-16,1065,Unknown
Genesys PHO - Grand Blanc,Primary Care,T3,Coty,Other/Metro,Grand Blanc,MI,48439,0,0,2023-05-17,1156,Unknown
"Ghioto DO, Jeffrey D",Primary Care,T3,Coty,Livonia,Westland,MI,48185,0,0,2025-05-29,413,Unknown
Glennan Medical Group - Henry Ford,Primary Care,T3,Coty,Other/Metro,Oxford,MI,48371-6421,0,0,2025-04-10,462,Unknown
GoHealth Urgent Care (Henry Ford) - Chesterfield,Urgent Care,T3,Coty,Other/Metro,Chesterfield,Michigan,48047,0,0,2025-04-14,458,Unknown
Grand Valley State University Sports Medicine,Sports Medicine,T3,Coty,Other/Metro,,,,0,0,,,Unknown
Greater Michigan Orthopedics,Orthopedics,T3,Coty,Other/Metro,Grand Blanc Township,Michigan,48439,0,0,2025-05-05,437,Unknown
"Gren DO, Ronald Edmund",Orthopedics,T3,Coty,Other/Metro,Northville,MI,48167,0,0,2025-10-01,288,Unknown
HarmonyCares Medical Group - Ann Arbor,Primary Care,T3,Coty,Other/Metro,Ann Arbor,MI,481082360,0,0,2025-08-27,323,Unknown
Harper Clinic,Primary Care,T3,Coty,Other/Metro,Harper Woods,Michigan,48225,0,0,2025-08-01,349,Unknown
Harper Family Practice,Primary Care,T3,Coty,Other/Metro,Saint Clair Shores,MI,48080,0,0,2025-07-31,350,Unknown
Harper medical building,Orthopedics,T3,Coty,Other/Metro,St. Clair Shores,Michigan,48082,0,0,2024-07-24,722,Unknown
Hartland Family Physicians,Primary Care,T3,Coty,Other/Metro,Hartland,Michigan,48353,0,0,2025-05-09,433,Unknown
Hartland Medicine,Primary Care,T3,Coty,Other/Metro,Hartland,Michigan,48353,0,0,2025-05-21,421,Unknown
HARTLAND PEDIATRICS,Orthopedics,T3,Coty,Other/Metro,HARTLAND,Michigan,,0,0,2025-06-05,406,Unknown
Hayner Internal Medicine,Primary Care,T3,Coty,Other/Metro,Howell,Michigan,48843,0,0,2025-07-25,356,Unknown
Health Cure Rehabilitation,Physical Therapy,T3,Coty,Sterling Heights,Warren,MI,48091-2795,0,0,2024-01-10,918,Unknown
Healthquest Physical Therapy,Physical Therapy,T3,Coty,Other/Metro,Clarkston,MI,48346-1526,0,0,2023-04-04,1199,Unknown
Healthy Urgent Care - New Hudson,Urgent Care,T3,Coty,Other/Metro,New Hudson,MI,48165,0,0,2025-10-02,287,Unknown
Hend Aljundi MD,Primary Care,T3,Coty,Other/Metro,Waterford,Michigan,48327,0,0,2025-04-29,443,Unknown
Henry Ford Kingswood Hospital,Primary Care,T3,Coty,Southfield,Ferndale,Michigan,48220,0,0,2025-06-11,400,Unknown
Henry Ford Macomb Orthopedic Surgery - Washington,Orthopedics,T3,Coty,Other/Metro,Washington,Michigan,48095,0,0,2025-07-16,365,Unknown
Henry Ford Macomb Orthopedics,Orthopedics,T3,Coty,Sterling Heights,Clinton Township,Michigan,48038,0,0,2023-07-07,1105,Unknown
Henry Ford Macomb Orthopedics - Chesterfield,Orthopedics,T3,Coty,Other/Metro,Chesterfield,Michigan,48047,0,0,2025-04-14,458,Unknown
Henry Ford Medical Center - Livonia,Primary Care,T3,Coty,Livonia,Livonia,MI,48150,0,0,2024-12-31,562,Unknown
Henry Ford Medical Center - Royal Oak Internal Medicine,Primary Care,T3,Coty,Southfield,Royal Oak,Michigan,48067,0,0,2025-05-08,434,Unknown
Henry Ford Medical Center - Royal Oak Sports Medicine,Sports Medicine,T3,Coty,Southfield,Royal Oak,Michigan,48067,0,0,2025-05-08,434,Unknown
Henry Ford Medical Center - Sterling Heights,Primary Care,T3,Coty,Sterling Heights,Sterling Heights,Michigan,48310,0,0,2025-07-01,380,Unknown
Henry Ford Medical Center - Troy,Primary Care,T3,Coty,Troy,Troy,Michigan,48083,0,0,2025-03-14,489,Unknown
Highland Milford Family Clinic,Primary Care,T3,Coty,Other/Metro,Highland,MI,48357,0,0,2025-05-21,421,Unknown
Holistic Healing Center Mich,Physical Therapy,T3,Coty,Troy,Troy,MI,48084-4400,0,0,2023-12-11,948,Unknown
Holly Urgent Care,Urgent Care,T3,Coty,Other/Metro,Holly,Michigan,48442,0,0,2023-08-31,1050,Unknown
Hurley Internal Medicine,Primary Care,T3,Coty,Other/Metro,Flint,Michigan,48503,0,0,2023-10-24,996,Unknown
IHA Ann Arbor Orthpaedic Specialists,Orthopedics,T3,Coty,Other/Metro,Ypsilanti,Michigan,48197,0,0,2025-09-22,297,Unknown
IHA Hand Surgery - Brighton,Orthopedics,T3,Coty,Other/Metro,BRIGHTON,MI,48114,0,0,2025-05-02,440,Unknown
IHA Urgent Care  - Howell,Urgent Care,T3,Coty,Other/Metro,Howell,Michigan,48843,0,0,2025-05-09,433,Unknown
IHA Urgent Care - East Brighton,Urgent Care,T3,Coty,Other/Metro,Brighton,Michigan,48116,0,0,2023-06-13,1129,Unknown
IHA Urgent Care - Waterford,Urgent Care,T3,Coty,Other/Metro,Waterford Township,Michigan,48328,0,0,2025-10-28,261,Unknown
Internal Medicine Health Center,Primary Care,T3,Coty,Other/Metro,Flint,Michigan,48507,0,0,2025-05-01,441,Unknown
James Bauer MD,Primary Care,T3,Coty,Other/Metro,Orion Township,Michigan,48360,0,0,2025-04-10,462,Unknown
James Gibson MD,Primary Care,T3,Coty,Other/Metro,Waterford Township,Michigan,48327,0,0,2025-04-29,443,Unknown
Joel Wellness Clinic,Primary Care,T3,Coty,Other/Metro,Ann Arbor,Michigan,48108,0,0,2025-06-04,407,Unknown
John Vassallo MD - Brighton,Primary Care,T3,Coty,Other/Metro,BRIGHTON,MI,48114,0,0,2025-04-22,450,Unknown
John Vassallo MD -Howell,Primary Care,T3,Coty,Other/Metro,Howell,Michigan,48843,0,0,2025-07-25,356,Unknown
Judson Center Family Health,Primary Care,T3,Coty,Sterling Heights,Warren,Michigan,48093,0,0,2025-06-02,409,Unknown
"KAISER MEDICAL CENTER, PC",Primary Care,T3,Coty,Sterling Heights,WARREN,MI,48093,0,0,2025-05-22,420,Unknown
Katherine Naber DO,Primary Care,T3,Coty,Other/Metro,Grand Blanc,Michigan,48439,0,0,2025-04-23,449,Unknown
Kathleen Knapp DO,Orthopedics,T3,Coty,Other/Metro,Howell,Michigan,48843,0,0,2025-04-25,447,Unknown
Kenneth Kulik MD,Primary Care,T3,Coty,Troy,Troy,MI,48085,0,0,2023-07-20,1092,Unknown
"Kia, Shull, & Youngs Family Prwctice",Primary Care,T3,Coty,Other/Metro,Grand Blanc,Michigan,48439,0,0,2025-05-01,441,Unknown
Kiwi PT,Physical Therapy,T3,Coty,Other/Metro,Highland,MI,48357-4982,0,0,2023-05-03,1170,Unknown
"LAKELAND PHYSICIANS GROUP, PC",Primary Care,T3,Coty,Other/Metro,WATERFORD,MI,48328,0,0,2024-10-01,653,Unknown
Lakeside Medical,Primary Care,T3,Coty,Other/Metro,Oxford,Michigan,48371,0,0,2025-04-10,462,Unknown
Lifespan Therapy & Wellness,Physical Therapy,T3,Coty,Livonia,Farmington Hills,Michigan,48334,0,0,2025-06-19,392,Unknown
Lifetime Urgent Care,Urgent Care,T3,Coty,Other/Metro,Howell,Michigan,48843,0,0,2025-09-18,301,Unknown
Lina Rayes Yousif,Primary Care,T3,Coty,Other/Metro,Clinton Twp,MI,48038,0,0,2023-02-08,1254,Unknown
Lincoln Medical,Primary Care,T3,Coty,Other/Metro,Flint,Michigan,48507,0,0,2025-02-25,506,Unknown
Livingston Family Medicine,Primary Care,T3,Coty,Other/Metro,Brighton,Michigan,48114,0,0,2025-04-25,447,Unknown
LIVINGSTON PEDIATRICS CENTER,Orthopedics,T3,Coty,Other/Metro,BRIGHTON,Michigan,,0,0,2025-06-05,406,Unknown
Livonia Center for Integrative Medicine,Primary Care,T3,Coty,Livonia,Livonia,Michigan,48152,0,0,2025-04-17,455,Unknown
"Longo MD, Kathleen M",Primary Care,T3,Coty,Other/Metro,Ann Arbor,MI,481052335,0,0,2025-08-27,323,Unknown
Macomb Hand Surgery,Orthopedics,T3,Coty,Other/Metro,Shelby Township,Michigan,48315,0,0,2025-06-03,408,Unknown
Macomb Surgical Specialist Pl,Orthopedics,T3,Coty,Sterling Heights,Warren,MI,48093,0,0,2024-02-12,885,Unknown
Macomb Wound & Hyperberic Center,Physical Therapy,T3,Coty,Sterling Heights,Warren,Michigan,48093,0,0,2023-07-26,1086,Unknown
Manchester Family Practice,Primary Care,T3,Coty,Other/Metro,Manchester,MI,481581002,0,0,2023-09-05,1045,Unknown
Marybeth Hardwicke MD,Primary Care,T3,Coty,Other/Metro,St Clair Shores,MI,480801949,0,0,2023-05-17,1156,Unknown
Max Rehabilitation Physical Therapy,Physical Therapy,T3,Coty,Troy,Troy,Michigan,48085,0,0,2023-06-22,1120,Unknown
McLaren Macomb - Lakeshore,Primary Care,T3,Coty,Sterling Heights,Clinton Township,Michigan,48035,0,0,2025-10-09,280,Unknown
McLaren Macomb Rheumatology,Rheumatology,T3,Coty,Sterling Heights,Clinton Township,Michigan,48036,0,0,2025-05-07,435,Unknown
McLaren Metamora Community Medical Center,Primary Care,T3,Coty,Other/Metro,Metamora,Michigan,48455,0,0,2025-04-10,462,Unknown
McLaren Oakland Family Medicine - Lake Orion,Primary Care,T3,Coty,Other/Metro,Orion Township,Michigan,48360,0,0,2025-04-10,462,Unknown
McLaren Oakland Waterford Medical Associates,Primary Care,T3,Coty,Other/Metro,Waterford Township,Michigan,48327,0,0,2025-10-28,261,Unknown
McLaren Oxford Primary Care Physicians,Primary Care,T3,Coty,Other/Metro,Oxford,Michigan,48371,0,0,2025-04-10,462,Unknown
MD VIP - Eisenhower,Primary Care,T3,Coty,Other/Metro,Ann Arbor,Michigan,48103,0,0,2024-02-26,871,Unknown
Med Sports Vantage,Primary Care,T3,Coty,Other/Metro,Brighton,Michigan,48116,0,0,2025-04-22,450,Unknown
MedSport - Ann Arbor Domino's Farms,Orthopedics,T3,Coty,Other/Metro,Ann Arbor,Michigan,48105,0,0,2024-04-12,825,Unknown
MedSport - Brighton,Orthopedics,T3,Coty,Other/Metro,Brighton,Michigan,48116,0,0,2025-04-22,450,Unknown
METRO MEDICAL PRACTICE,Primary Care,T3,Coty,Other/Metro,HAMTRAMCK,MI,48212,0,0,2024-05-16,791,Unknown
Metro Physical Therapy,Physical Therapy,T3,Coty,Troy,Troy,MI,480836106,0,0,2024-02-13,884,Unknown
Michael Taylor MD,Orthopedics,T3,Coty,Other/Metro,St Clair Shores,Michigan,48080,0,0,2025-04-18,454,Unknown
MICHIGAN ALLERGY ASTHMA AND IMMUNOLOGY CENTER,Rheumatology,T3,Coty,Southfield,OAK PARK,MI,48237,0,0,2025-05-08,434,Unknown
Michigan Health Specialists - Dort Hwy,Primary Care,T3,Coty,Other/Metro,Flint,Michigan,48507,0,0,2025-03-10,493,Unknown
Michigan Healthcare Center,Primary Care,T3,Coty,Other/Metro,Flint,Michigan,48532,0,0,2023-09-05,1045,Unknown
Michigan Internal Medicine,Primary Care,T3,Coty,Other/Metro,Flint,Michigan,48507,0,0,2025-04-16,456,Unknown
Michigan Internal Medicine Associates  - Waterford,Primary Care,T3,Coty,Other/Metro,Waterford Township,Michigan,48328,0,0,2025-10-28,261,Unknown
Michigan Orthopaedic & Spine Surgeons,Orthopedics,T3,Coty,Troy,Rochester Hills,Michigan,48307,0,0,2025-08-18,332,Unknown
Michigan rheumatology & wellness center,Rheumatology,T3,Coty,Troy,Rochester Hills,Michigan,48307,0,0,2025-05-05,437,Unknown
Michigan surgery,Orthopedics,T3,Coty,Other/Metro,Independence charter Township,Michigan,48346,0,0,2025-04-09,463,Unknown
Michigan Urgent Care - Waterford,Urgent Care,T3,Coty,Other/Metro,Waterford Township,Michigan,48327,0,0,2025-04-29,443,Unknown
MINI INVASIVE ORTHOPEDICS,Orthopedics,T3,Coty,Sterling Heights,WARREN,MI,48092,0,0,2024-04-02,835,Unknown
MMP Internal Medicne Associates,Primary Care,T3,Coty,Other/Metro,Lansing,Michigan,48912,0,0,2023-08-29,1052,Unknown
Mobility Plus Rehab Services - Troy,Physical Therapy,T3,Coty,Troy,Troy,Michigan,48085,0,0,2024-02-13,884,Unknown
Movement Orthopedics - Lenox,Orthopedics,T3,Coty,Other/Metro,Lenox,Michigan,48048,0,0,2025-10-15,274,Unknown
MSU Athletic Training,Sports Medicine,T3,Coty,Other/Metro,,,,0,0,,,Unknown
MSU SportsMEDICINE,Sports Medicine,T3,Coty,Other/Metro,East Lansing,Michigan,48823,0,0,2024-10-29,625,Unknown
My Health Urgent Care (Ascension) - Macomb,Urgent Care,T3,Coty,Sterling Heights,Macomb,Michigan,48044,0,0,2025-04-28,444,Unknown
My Health Urgent Care (Ascension) - St Clair Shores,Urgent Care,T3,Coty,Other/Metro,St. Clair Shores,Michigan,48081,0,0,2025-09-11,308,Unknown
MyCare Health Center - Center Line,Primary Care,T3,Coty,Other/Metro,Center Line,Michigan,48015,0,0,2024-03-13,855,Unknown
MYCARE HEALTH CENTER CLINTON TOWNSHIP,Primary Care,T3,Coty,Sterling Heights,CLINTON TOWNSHIP,MI,48036,0,0,2025-10-09,280,Unknown
Nizaamuddeen Toofanny,Primary Care,T3,Coty,Troy,Troy,Michigan,48084,0,0,2025-02-25,506,Unknown
NovaCare - Lake Orion,Physical Therapy,T3,Coty,Other/Metro,Orion Township,Michigan,48360,0,0,2023-03-25,1209,Unknown
"OAK TREE PEDIATRICS, PC",Orthopedics,T3,Coty,Other/Metro,BRIGHTON,Michigan,,0,0,2025-06-05,406,Unknown
Oakland Macomb Surgical Group,Orthopedics,T3,Coty,Troy,Rochester Hills,Michigan,48307,0,0,2025-02-04,527,Unknown
Oakland Macomb Surgical Group - Madison Heights,Orthopedics,T3,Coty,Other/Metro,Madison Heights,Michigan,48071,0,0,2025-07-21,360,Unknown
Oakland Orthopedic Institute,Orthopedics,T3,Coty,Other/Metro,Bay City,Michigan,48708,0,0,2025-01-06,556,Unknown
Oakland Orthopedics & Sports Medicine,Orthopedics,T3,Coty,Other/Metro,CLARKSTON,MI,48346,0,0,2025-07-30,351,Unknown
Oakwood Medical Center,Primary Care,T3,Coty,Troy,ROCHESTER,MI,48307,0,0,2024-07-09,737,Unknown
Optalis Healthcare,Primary Care,T3,Coty,Livonia,Novi,Michigan,48375,0,0,2025-06-25,386,Unknown
Orion Family Physicians,Primary Care,T3,Coty,Other/Metro,Orion Township,Michigan,48360,0,0,2025-04-10,462,Unknown
Orion Physical Therapy,Physical Therapy,T3,Coty,Other/Metro,Orion Township,Michigan,48360,0,0,2023-03-25,1209,Unknown
Orlando Matias DO,Primary Care,T3,Coty,Other/Metro,Meridian charter Township,Michigan,48864,0,0,2024-01-02,926,Unknown
Ortho Care Physical Therapy,Physical Therapy,T3,Coty,Other/Metro,Roseville,MI,48066-1771,0,0,2023-11-13,976,Unknown
Ortho Michigan - Flint,Orthopedics,T3,Coty,Other/Metro,Flint,MI,48507,0,0,2025-04-24,448,Unknown
"Ortho surgery of shoulder, hip, & knee",Orthopedics,T3,Coty,Other/Metro,Waterford,MI,48328-1176,0,0,2025-10-28,261,Unknown
Ortho Xpress,Orthopedics,T3,Coty,Other/Metro,Grand Blanc Township,Michigan,48439,0,0,2025-04-11,461,Unknown
Orthopedic Specialists of Oakland County - Clarkston,Orthopedics,T3,Coty,Other/Metro,City of the Village of Clarkston,Michigan,48346,0,0,2024-04-03,834,Unknown
Ortonville Family & Internal Medicine,Primary Care,T3,Coty,Other/Metro,Ortonville,Michigan,48462,0,0,2024-01-24,904,Unknown
Ouch Urgent Care - Howell,Urgent Care,T3,Coty,Other/Metro,Howell,Michigan,48843,0,0,2025-08-21,329,Unknown
Oxford Orthopedics,Orthopedics,T3,Coty,Other/Metro,Oxford,Michigan,48371,0,0,,,Unknown
Pankaj N Vakharia MD,Primary Care,T3,Coty,Other/Metro,Holly,MI,48442,0,0,2023-03-09,1225,Unknown
PARK MEDICAL CENTERS Wixom,Primary Care,T3,Coty,Other/Metro,WIXOM,MI,48393,0,0,2025-05-08,434,Unknown
PASSPORT HEALTH,Primary Care,T3,Coty,Other/Metro,SAINT CLAIR SHORES,MI,48080,0,0,2024-04-16,821,Unknown
Pelvic Rehabilitation Medicine - Troy,Physical Therapy,T3,Coty,Troy,Troy,Michigan,48084,0,0,2025-05-13,429,Unknown
Physical Therapy Svcs Chelsea,Physical Therapy,T3,Coty,Other/Metro,Chelsea,MI,48118-1635,0,0,2023-07-31,1081,Unknown
Physiotherapy Associates  Inc,Physical Therapy,T3,Coty,Other/Metro,Walled Lake,MI,48390-3080,0,0,2023-03-14,1220,Unknown
Physiotherapy Associates  Inc,Physical Therapy,T3,Coty,Other/Metro,Milford,MI,48381,0,0,2023-05-03,1170,Unknown
Pine Knob Urgent Care,Urgent Care,T3,Coty,Other/Metro,City of the Village of Clarkston,Michigan,48346,0,0,2023-09-20,1030,Unknown
PINE TREE MEDICAL CENTER,Orthopedics,T3,Coty,Other/Metro,WATERFORD,Michigan,,0,0,2025-06-06,405,Unknown
Plymouth Physical Therapy - Howell,Physical Therapy,T3,Coty,Other/Metro,Howell,MI,48843-6538,0,0,2023-05-03,1170,Unknown
PREMIER MEDICAL CARE,Primary Care,T3,Coty,Other/Metro,BRIGHTON,MI,48116,0,0,2025-10-17,272,Unknown
Premier Orthopedics & Sports Medicine,Orthopedics,T3,Coty,Other/Metro,St. Clair Shores,Michigan,48081,0,0,2025-09-15,304,Unknown
Premier surgical specialists,Orthopedics,T3,Coty,Other/Metro,Independence charter Township,Michigan,48346,0,0,2025-10-29,260,Unknown
Prism Medical Group - Internal Medicine & Pediatrics,Primary Care,T3,Coty,Troy,Rochester Hills,Michigan,48307,0,0,2025-10-22,267,Unknown
Priti Bhardwaj MD,Primary Care,T3,Coty,Other/Metro,St. Clair Shores,Michigan,48080,0,0,2025-04-18,454,Unknown
Probility,Physical Therapy,T3,Coty,Other/Metro,Ypsilanti,MI,48197-1120,0,0,2023-02-21,1241,Unknown
Prodigy Spinal Rehabilitation,Physical Therapy,T3,Coty,Livonia,Dearborn,Michigan,48126,0,0,2025-05-30,412,Unknown
Quality Urgent Care,Urgent Care,T3,Coty,Other/Metro,Waterford Township,Michigan,48329,0,0,2023-10-24,996,Unknown
Rehabilitation Physicians - Howell,Physical Therapy,T3,Coty,Other/Metro,Howell,Michigan,48843,0,0,2025-11-04,254,Unknown
Rehabilitation Physicians - Howell,Physical Therapy,T3,Coty,Other/Metro,Howell,Michigan,48843,0,0,2025-08-21,329,Unknown
Rheumatology at Briarwood Health Associates,Rheumatology,T3,Coty,Other/Metro,Ann Arbor,Michigan,48108,0,0,2024-01-25,903,Unknown
Riverbend Healthcare,Primary Care,T3,Coty,Troy,Rochester Hills,Michigan,48307,0,0,2024-08-26,689,Unknown
Rochester Academic Family Medicine,Primary Care,T3,Coty,Troy,Rochester,Michigan,48307,0,0,2025-07-17,364,Unknown
Rochester General Surgery,Orthopedics,T3,Coty,Other/Metro,Independence charter Township,Michigan,48346,0,0,2025-04-09,463,Unknown
Rochester Hills Orthopedics & Sports Medicine,Orthopedics,T3,Coty,Troy,Rochester Hills,Michigan,48307,0,0,2025-05-05,437,Unknown
Rochester Medical Center,Primary Care,T3,Coty,Troy,ROCHESTER,MI,48307,0,0,2025-06-09,402,Unknown
ROCHESTER RHEUMATOLOGY CLINIC AND INFUSION CENTER,Rheumatology,T3,Coty,Troy,Rochester Hills,Michigan,48307,0,0,2025-04-23,449,Unknown
"Rothman DO, Kori F",Orthopedics,T3,Coty,Other/Metro,Ann Arbor,MI,481083364,0,0,2023-08-09,1072,Unknown
S. Ali Husain Rheumatology,Rheumatology,T3,Coty,Sterling Heights,Sterling Heights,Michigan,48313,0,0,2025-04-28,444,Unknown
Salta Direct Primary Care - Pontiac,Primary Care,T3,Coty,Other/Metro,Pontiac,Michigan,48341,0,0,2023-09-12,1038,Unknown
SALTA OF AUBURN HILLS duplicate,Primary Care,T3,Coty,Troy,AUBURN HILLS,MI,48326,0,0,2024-09-16,668,Unknown
Shining Light Osteopathic Care,Primary Care,T3,Coty,Sterling Heights,Clinton Township,Michigan,48035,0,0,2025-05-07,435,Unknown
Shores Clinic,Primary Care,T3,Coty,Other/Metro,St. Clair Shores,Michigan,48080,0,0,2025-04-24,448,Unknown
Shores Rheumatology,Rheumatology,T3,Coty,Other/Metro,St. Clair Shores,Michigan,48081,0,0,2024-12-09,584,Unknown
Silver Lake Family Practice,Primary Care,T3,Coty,Other/Metro,Fenton,Michigan,48430,0,0,2024-01-31,897,Unknown
Silver Pine Medical Group Lenox,Primary Care,T3,Coty,Other/Metro,Lenox,Michigan,48048,0,0,2025-09-04,315,Unknown
"Simpson DO, Sheryl",Primary Care,T3,Coty,Other/Metro,Howell,MI,488433975,0,0,2023-08-07,1074,Unknown
Skywalk Internal Medicine,Primary Care,T3,Coty,Sterling Heights,Sterling Heights,Michigan,48314,0,0,,,Unknown
"Soloman MD, Gabriel",Primary Care,T3,Coty,Other/Metro,Ann Arbor,MI,48105,0,0,2025-08-27,323,Unknown
Sonia Ramirez MD,Primary Care,T3,Coty,Sterling Heights,Warren,MI,48088,0,0,2025-07-21,360,Unknown
Sound Physicians,Primary Care,T3,Coty,Other/Metro,Grand Blanc Township,Michigan,48439,0,0,2025-04-10,462,Unknown
South Main Orthopaedics (UofM),Orthopedics,T3,Coty,Other/Metro,Ann Arbor,Michigan,48103,0,0,2023-11-27,962,Unknown
SOUTHGATE MEDICAL GROUP,Primary Care,T3,Coty,Other/Metro,SOUTHGATE,MI,48195,0,0,2025-01-22,540,Unknown
Sparrow Family Medicine Residency - Mason,Primary Care,T3,Coty,Other/Metro,Mason,Michigan,48854,0,0,2024-01-25,903,Unknown
Sparrow Health Family Practice Residency,Primary Care,T3,Coty,Other/Metro,Lansing,Michigan,48912,0,0,2024-01-19,909,Unknown
Sparrow Medical Group - Eaton Rapids Family Practice,Primary Care,T3,Coty,Other/Metro,Eaton Rapids,Michigan,48827,0,0,2024-01-19,909,Unknown
Sparrow Medical Group - Okemos,Primary Care,T3,Coty,Other/Metro,Meridian charter Township,Michigan,48864,0,0,2024-01-17,911,Unknown
Sparrow Medical Group Adult Critical Care,Primary Care,T3,Coty,Other/Metro,Lansing,Michigan,48912,0,0,2024-03-21,847,Unknown
Sparrow Sports Medicine,Sports Medicine,T3,Coty,Other/Metro,Lansing,Michigan,48912,0,0,,,Unknown
"SPINE SPECIALISTS OF MICHIGAN, PC",Orthopedics,T3,Coty,Other/Metro,BINGHAM FARMS,MI,48025,0,0,2025-09-02,317,Unknown
Springfield Urgent Care - Clarkston,Urgent Care,T3,Coty,Other/Metro,City of the Village of Clarkston,Michigan,48348,0,0,2023-09-21,1029,Unknown
Springfield Urgent Care - Highland,Urgent Care,T3,Coty,Other/Metro,Highland Charter Township,Michigan,48357,0,0,2023-05-03,1170,Unknown
Springfield Urgent Care - White Lake,Urgent Care,T3,Coty,Other/Metro,White Lake charter Township,Michigan,48386,0,0,2023-05-04,1169,Unknown
St John Rheumatology - Macomb,Rheumatology,T3,Coty,Sterling Heights,Macomb,Michigan,48044,0,0,2025-08-20,330,Unknown
Star Rehab,Physical Therapy,T3,Coty,Other/Metro,Grand Blanc Township,Michigan,48439,0,0,2024-01-26,902,Unknown
"STRENGTH AND HEALTH MEDICAL, PC",Primary Care,T3,Coty,Other/Metro,WATERFORD,MI,48329,0,0,2025-07-02,379,Unknown
Stride Physical Therapy,Physical Therapy,T3,Coty,Troy,Auburn Hills,MI,48326-3481,0,0,2023-06-05,1137,Unknown
Sudha N. Purohit MD,Primary Care,T3,Coty,Troy,Troy,Michigan,48098,0,0,2025-10-16,273,Unknown
Suzanne Romadan MD,Primary Care,T3,Coty,Troy,Rochester Hills,Michigan,48307,0,0,2025-07-07,374,Unknown
Synergy Health Partners PT/OT,Physical Therapy,T3,Coty,Sterling Heights,Warren,Michigan,48089,0,0,2024-04-02,835,Unknown
Team Health,Primary Care,T3,Coty,Other/Metro,Mount Clemens,MI,48043,0,0,2023-11-28,961,Unknown
Team Rehabilitation - Lake Orion,Physical Therapy,T3,Coty,Other/Metro,Orion Township,Michigan,48360,0,0,2023-03-25,1209,Unknown
Tedd March,Primary Care,T3,Coty,Other/Metro,Monroe,Michigan,48162,0,0,2025-06-10,401,Unknown
Theoria Primary Care,Primary Care,T3,Coty,Other/Metro,Brighton,Michigan,48114,0,0,2025-04-22,450,Unknown
Three Chelsea Docs,Primary Care,T3,Coty,Other/Metro,Chelsea,Michigan,48118,0,0,2025-08-26,324,Unknown
Thrive Therapy Group  PC,Physical Therapy,T3,Coty,Sterling Heights,Clinton Township,MI,48038-6768,0,0,2024-01-22,906,Unknown
Todd Best MD,Primary Care,T3,Coty,Other/Metro,Waterford Township,Michigan,48328,0,0,2025-10-28,261,Unknown
Trinity Health IHA Medical Group - Lake Orion,Primary Care,T3,Coty,Other/Metro,Orion Township,Michigan,48360,0,0,2025-04-10,462,Unknown
Trinity Health IHA Medical Group Primary Care - Howell,Primary Care,T3,Coty,Other/Metro,Howell,Michigan,48843,0,0,2025-05-09,433,Unknown
Trinity Health IHA Orthopaedics - Chelsea,Orthopedics,T3,Coty,Other/Metro,Chelsea,MI,48118,0,0,2025-08-26,324,Unknown
Trinity Health IHA Primary Care - Chelsea,Primary Care,T3,Coty,Other/Metro,Chelsea,Michigan,48118,0,0,2025-08-26,324,Unknown
Trinity Health Urgent Care - Domino's Farms,Urgent Care,T3,Coty,Other/Metro,Ann Arbor,Michigan,48105,0,0,2024-02-26,871,Unknown
Trinity IHA Hand Surgery - Ypsilanti,Orthopedics,T3,Coty,Other/Metro,Ypsilanti,Michigan,48197,0,0,2024-04-12,825,Unknown
Trinity IHA Medical Group Primary Care - Milan,Primary Care,T3,Coty,Other/Metro,Milan,MI,48160,0,0,2024-09-12,672,Unknown
"Trinity IHA Orthopedics - Brighton,",Orthopedics,T3,Coty,Other/Metro,Brighton,MI,48114-7004,0,0,2025-05-02,440,Unknown
Trinity IHA Primary Care  - Brighton,Primary Care,T3,Coty,Other/Metro,Brighton,Michigan,48114,0,0,2025-05-02,440,Unknown
Trinity IHA Primary Care - East Brighton,Primary Care,T3,Coty,Other/Metro,Brighton,Michigan,48116,0,0,2025-04-22,450,Unknown
Trinity IHA Primary Care - Pinckney,Primary Care,T3,Coty,Other/Metro,Pinckney,Michigan,48169,0,0,2023-10-19,1001,Unknown
Trinity IHA Primary Care - Waterford,Primary Care,T3,Coty,Other/Metro,Waterford Township,Michigan,48328,0,0,2025-10-28,261,Unknown
Trinity IHA Rheumatology - Brighton,Rheumatology,T3,Coty,Other/Metro,Brighton,Michigan,48114,0,0,2025-05-02,440,Unknown
Troy Family Care (Ascension),Primary Care,T3,Coty,Troy,Troy,MI,48085,0,0,2025-05-28,414,Unknown
Troy Physical Therapy Services,Physical Therapy,T3,Coty,Troy,Troy,Michigan,48083,0,0,2023-07-05,1107,Unknown
Troy Sports Center  Inc,Sports Medicine,T3,Coty,Troy,Troy,MI,48083-2015,0,0,2023-12-14,945,Unknown
Trupti Patel PC,Primary Care,T3,Coty,Livonia,Livonia,Michigan,48154,0,0,2025-06-16,395,Unknown
U of M Health Sparrow Orthopedics,Orthopedics,T3,Coty,Other/Metro,East Lansing,Michigan,48823,0,0,2025-05-09,433,Unknown
Universal Physical Therapy,Physical Therapy,T3,Coty,Troy,Rochester Hills,Michigan,48307,0,0,2023-05-02,1171,Unknown
University Health Service - UofM,Primary Care,T3,Coty,Other/Metro,Ann Arbor,Michigan,48109,0,0,2023-08-09,1072,Unknown
University of Michigan Athletic Training,Sports Medicine,T3,Coty,Other/Metro,,,,0,0,,,Unknown
UofM Hand Surgery - Domino's Farms,Orthopedics,T3,Coty,Other/Metro,Ann Arbor Charter Township,Michigan,48105,0,0,2024-04-12,825,Unknown
UofM Howell Health Clinic,Primary Care,T3,Coty,Other/Metro,Howell,Michigan,48843,0,0,2025-09-18,301,Unknown
"Vasiu II DO, Samuel",Orthopedics,T3,Coty,Other/Metro,Howell,MI,488431077,0,0,2023-10-11,1009,Unknown
WALTON MEDICAL,Primary Care,T3,Coty,Other/Metro,WATERFORD,MI,48329,0,0,2025-07-02,379,Unknown
WATERFORD PRIMARY HEALTH SERVICES,Primary Care,T3,Coty,Other/Metro,WATERFORD,MI,48327,0,0,2025-10-28,261,Unknown
WellPoint's Medical Center,Primary Care,T3,Coty,Troy,Rochester Hills,Michigan,48307,0,0,2025-08-18,332,Unknown
Westland urgent care,Orthopedics,T3,Coty,Livonia,Westland,Michigan,48185,0,0,2025-09-29,290,Unknown
"Yanga III MD, Ismael",Primary Care,T3,Coty,Other/Metro,Howell,MI,488431008,0,0,2024-01-24,904,Unknown
Advanced Urgent Care & Walk-In Clinic,Urgent Care,T3,Sean,Other/Metro,South Lyon,Michigan,,0,0,2025-10-02,287,Unknown
Beaumont Family Medical Center - St Clair Shores,Primary Care,T3,Sean,Other/Metro,St Clair Shores,MI,48081,0,0,2025-03-10,493,Unknown
BEAUMONT FAMILY MEDICINE CENTER,Primary Care,T3,Sean,Other/Metro,SAINT CLAIR SHORES,Michigan,,0,0,2024-12-26,567,Unknown
Beaumont St Clair Shores Family Medicine Center,Primary Care,T3,Sean,Other/Metro,St. Clair Shores,MI,48081,0,0,2025-03-19,484,Unknown
Beaumont Urgent Care - Shelby Township,Urgent Care,T3,Sean,Sterling Heights,Utica,Michigan,48316,0,0,2025-12-01,227,Unknown
BENCHMARK HEALTH,Primary Care,T3,Sean,Sterling Heights,WARREN,MI,48093,0,0,2025-11-19,239,Unknown
Birmingham royal oak urgent care,Urgent Care,T3,Sean,Southfield,Royal Oak,Michigan,48073,0,0,2025-09-19,300,Unknown
Chaldean Community Foundation Primary Care,Primary Care,T3,Sean,Sterling Heights,Sterling Heights,MI,48310,0,0,2025-03-05,498,Unknown
ELIZABETH LAKE URGENT CARE,Urgent Care,T3,Sean,Other/Metro,WATERFORD,Michigan,,0,0,2025-02-14,517,Unknown
Expressmed Urgent Care,Urgent Care,T3,Sean,Sterling Heights,Sterling Heights,Michigan,48310,0,0,2025-07-09,372,Unknown
Get well urgent care Bloomfield,Urgent Care,T3,Sean,Other/Metro,Pontiac,Michigan,48341,0,0,2025-02-14,517,Unknown
Gregory Clague DO,Primary Care,T3,Sean,Southfield,Oak Park,MI,48237,0,0,2025-04-23,449,Unknown
HENRY FORD MACOMB HOSPITAL NEIGHBORS CARING FOR NEIGHBORS CLINIC,Primary Care,T3,Sean,Sterling Heights,CLINTON TOWNSHIP,Michigan,48038,0,0,2025-07-10,371,Unknown
Medpointe Urgent Care - Fraser,Urgent Care,T3,Sean,Other/Metro,Fraser,Michigan,48026,0,0,2025-09-10,309,Unknown
Medpointe Urgent Care - Macomb,Urgent Care,T3,Sean,Sterling Heights,Macomb,Michigan,48044,0,0,2025-07-29,352,Unknown
Michigan Urgent Care - Clinton Twp,Urgent Care,T3,Sean,Sterling Heights,Clinton Township,Michigan,48035,0,0,2025-05-07,435,Unknown
MyHealth Ascenion Urgent Care - Warren,Urgent Care,T3,Sean,Sterling Heights,Warren,Michigan,48092,0,0,2025-02-25,506,Unknown
PREMISE HEALTH,Primary Care,T3,Sean,Other/Metro,MADISON HEIGHTS,MI,48071,0,0,2025-03-07,496,Unknown
Professional Physical Therapy,Physical Therapy,T3,Sean,Sterling Heights,Warren,MI,48093-7618,0,0,2025-02-24,507,Unknown
UMC Urgent Care,Urgent Care,T3,Sean,Other/Metro,Detroit,Michigan,48235,0,0,2025-05-20,422,Unknown
VISITING PHYSICIANS ASSOCIATION TROY,Primary Care,T3,Sean,Troy,TROY,Michigan,,0,0,2025-01-15,547,Unknown
"(Beaumont) Hugo A Davila Grijalva, MD",Primary Care,T3,,Troy,Troy,MI,48085,0,0,2024-02-28,869,Unknown
"(duplicate)MICHIGAN INTERNAL MEDICINE ASSOCIATES, PC",Primary Care,T3,,Other/Metro,DEARBORN HEIGHTS,MI,48127,0,0,2024-04-17,820,Unknown
1st Choice Urgent Care,Urgent Care,T3,,Other/Metro,Bloomfield Township,Michigan,48302,0,0,2024-02-23,874,Unknown
Accurate care urgent care,Urgent Care,T3,,Southfield,Southfield,Michigan,48033,0,0,2024-01-10,918,Unknown
Ascension Macomb-Oakland Hospital - Warren ER,Urgent Care,T3,,Sterling Heights,Warren,Michigan,48093,0,0,2023-12-05,954,Unknown
ASCENSION SAINT JOHN CHILDRENS CENTER AND SPECIALTIES,Orthopedics,T3,,Other/Metro,DETROIT,Michigan,,0,0,2024-03-06,862,Unknown
ASCENSION SAINT JOHN CHILDRENS CENTER PEDIATRIC CARDIOLOGY,Orthopedics,T3,,Other/Metro,DETROIT,Michigan,,0,0,2024-04-12,825,Unknown
Athletico PT,Physical Therapy,T3,,Other/Metro,Hamburg,Michigan,48139,0,0,2024-02-12,885,Unknown
Beaumont Troy Emergency Medicine,Urgent Care,T3,,Troy,Troy,Michigan,48085,0,0,2024-02-29,868,Unknown
BEAUMONT URGENT CARE BY WELLSTREET,Orthopedics,T3,,Other/Metro,SHELBY TOWNSHIP,Michigan,,0,0,2024-03-05,863,Unknown
CAMPBELL URGENT CARE,Orthopedics,T3,,Southfield,ROYAL OAK,Michigan,,0,0,2024-02-23,874,Unknown
Chander Kanta MD,Primary Care,T3,,Other/Metro,Center Line,MI,48015,0,0,2025-06-20,391,Unknown
Christina Hazime NP,Urgent Care,T3,,Southfield,Royal Oak,Michigan,48067,0,0,2024-02-06,891,Unknown
"Closed  HEALTH RISK ASSESSMENTS, PLLC",Orthopedics,T3,,Other/Metro,WAYNE,Michigan,,0,0,2024-03-18,850,Unknown
CLOSED HENRY FORD MEDICAL CENTER SOUTHFIELD,Primary Care,T3,,Southfield,SOUTHFIELD,MI,48033,0,0,2024-04-19,818,Unknown
"Closed PREFERRED MEDICAL GROUP, PC",Orthopedics,T3,,Other/Metro,MADISON HEIGHTS,Michigan,,0,0,2024-03-19,849,Unknown
Closed- ASCENSION MYHEALTH URGENT CARE BIRMINGHAM,Orthopedics,T3,,Troy,BIRMINGHAM,Michigan,,0,0,2025-09-24,295,Unknown
"Closed-ENVISION MEDICAL GROUP, PLLC",Primary Care,T3,,Other/Metro,SOUTH LYON,MI,48178,0,0,2024-04-05,832,Unknown
Closed-MEDPRO PRIMARY CARE,Primary Care,T3,,Livonia,WESTLAND,MI,48185,0,0,2024-04-10,827,Unknown
Closed-SOUTH LYON FAMILY MEDICINE,Primary Care,T3,,Other/Metro,SOUTH LYON,MI,48178,0,0,2024-04-05,832,Unknown
Comprehensive PT,Orthopedics,T3,,Southfield,Southfield,Michigan,48075,0,0,2024-03-05,863,Unknown
CONCENTRA AIRPORT ROMULUS URGENT CARE,Orthopedics,T3,,Other/Metro,ROMULUS,Michigan,,0,0,2024-03-18,850,Unknown
COVENANT COMMUNITY CARE,Primary Care,T3,,Livonia,WESTLAND,MI,48185,0,0,2025-07-18,363,Unknown
DETROIT VISITING PHYSICIANS,Orthopedics,T3,,Livonia,LIVONIA,Michigan,,0,0,2024-03-04,864,Unknown
DMC Orthopedics & Sports Medicine - Troy,Orthopedics,T3,,Troy,Troy,Michigan,48084,0,0,2024-03-13,855,Unknown
DMC SPORTS MEDICINE FARMINGTON HILLS,Orthopedics,T3,,Livonia,FARMINGTON HILLS,Michigan,,0,0,2024-03-26,842,Unknown
DMC SPORTS MEDICINE TROY,Orthopedics,T3,,Troy,TROY,Michigan,,0,0,2024-03-13,855,Unknown
"ERICKSON HEALTH MEDICAL GROUP OF MICHIGAN, PC",Primary Care,T3,,Livonia,NOVI,MI,48377,0,0,2024-04-04,833,Unknown
FIRST CHOICE URGENT CARE,Orthopedics,T3,,Other/Metro,BLOOMFIELD HILLS,Michigan,,0,0,2024-03-20,848,Unknown
GAMMONS MEDICAL,Primary Care,T3,,Other/Metro,YPSILANTI,MI,48198,0,0,2024-04-19,818,Unknown
GENEMEDICS HEALTH INSTITUTE,Primary Care,T3,,Troy,BIRMINGHAM,MI,48009,0,0,2024-03-28,840,Unknown
"Geppert DO, Pamela",Primary Care,T3,,Other/Metro,Plymouth,MI,481704622,0,0,2023-12-20,939,Past due
HENRY FORD GOHEALTH URGENT CARE,Orthopedics,T3,,Livonia,LIVONIA,Michigan,,0,0,2024-03-04,864,Unknown
HENRY FORD MEDICAL GROUP PEDIATRICS,Orthopedics,T3,,Other/Metro,DETROIT,Michigan,,0,0,2024-03-06,862,Unknown
Hill Orthopedics,Orthopedics,T3,,Southfield,Ferndale,Michigan,48220,0,0,2025-11-24,234,Unknown
HONOR COMMUNITY HEALTH,Primary Care,T3,,Other/Metro,WATERFORD,MI,48328,0,0,2024-04-01,836,Past due
I AND L PROFESSIONAL MEDICAL SERVICES,Orthopedics,T3,,Livonia,LIVONIA,Michigan,,0,0,2024-03-04,864,Unknown
IHA ARBOR PARK PEDIATRICS,Orthopedics,T3,,Other/Metro,YPSILANTI,Michigan,,0,0,2024-04-19,818,Unknown
Jeffrey Soffa DO,Primary Care,T3,,Livonia,Farmington Hills,MI,48334,0,0,2023-02-17,1245,Unknown
JOINT PLUS EXCEL ORTHOPEDIC CENTER,Orthopedics,T3,,Livonia,FARMINGTON HILLS,MI,48334,0,0,2024-03-26,842,Unknown
Kare Clinic,Primary Care,T3,,Sterling Heights,Warren,Michigan,48088,0,0,2024-01-31,897,Unknown
"Khaneja Sharrow DO, Rita",Primary Care,T3,,Other/Metro,Wixom,MI,483933430,0,0,2024-03-01,867,Past due
LAZ MEDICAL GROUP,Orthopedics,T3,,Southfield,OAK PARK,Michigan,,0,0,2024-02-23,874,Unknown
Level 1 Hlth Systems Mich LLC,Physical Therapy,T3,,Other/Metro,Huntington Woods,MI,48070-1331,0,0,2023-08-15,1066,Unknown
MEDPOINTE URGENT CARE,Orthopedics,T3,,Other/Metro,FRASER,Michigan,,0,0,2024-03-14,854,Unknown
"Melissa Jennings, MD",Primary Care,T3,,Other/Metro,St. Clair Shores,MI,48081,0,0,2024-03-20,848,Past due
MICHIGAN ORTHOPAEDIC INSTITUTE,Orthopedics,T3,,Other/Metro,WEST BLOOMFIELD,MI,48322,0,0,2024-03-26,842,Unknown
MICHIGAN SPORTS MEDICINE,Orthopedics,T3,,Other/Metro,DEARBORN HEIGHTS,Michigan,,0,0,2024-04-17,820,Unknown
MICHIGAN URGENT CARE,Orthopedics,T3,,Other/Metro,GROSSE POINTE,Michigan,,0,0,2024-03-06,862,Unknown
Michigan urgent care and occupational health,Urgent Care,T3,,Sterling Heights,Sterling Heights,Michigan,48312,0,0,2024-03-08,860,Unknown
My Health Urgent Care (Ascension) - Waterford,Urgent Care,T3,,Other/Metro,Waterford Township,Michigan,48328,0,0,2024-04-16,821,Unknown
ORCHARD LAKE CENTER,Primary Care,T3,,Other/Metro,PONTIAC,MI,48341,0,0,2024-04-01,836,Unknown
PACKARD HEALTH YPSILANTI,Primary Care,T3,,Other/Metro,YPSILANTI,MI,48198,0,0,2024-04-19,818,Unknown
Rachel Walk DO,Primary Care,T3,,Other/Metro,Hamburg,Michigan,48139,0,0,2024-02-12,885,Unknown
"Robert McClowry, MD",Primary Care,T3,,Other/Metro,St. Clair Shores,MI,48081,0,0,2024-03-20,848,Past due
"SABAH ALI H AL ATTAR, MD, MEDICAL GROUP",Primary Care,T3,,Other/Metro,YPSILANTI,MI,48197,0,0,2024-04-19,818,Unknown
SAINT JOHN GERIATRIC CENTER,Orthopedics,T3,,Other/Metro,SAINT CLAIR SHORES,Michigan,,0,0,2024-03-14,854,Unknown
Scott Monson MD,Orthopedics,T3,,Other/Metro,Harper Woods,Michigan,48225,0,0,2024-04-12,825,Unknown
SHEIKH MEDICAL CENTER,Orthopedics,T3,,Southfield,SOUTHFIELD,Michigan,,0,0,2024-03-04,864,Unknown
"Shruti Ramakrishma, MD",Primary Care,T3,,Other/Metro,St. Clair Shores,MI,48081,0,0,2024-03-20,848,Past due
"SPORTS MEDICINE ASSOCIATES, PLC",Orthopedics,T3,,Other/Metro,BLOOMFIELD HILLS,Michigan,,0,0,2024-03-25,843,Unknown
ST JOHN PEDIATRIC OUTPATIENT CLINIC,Orthopedics,T3,,Other/Metro,DETROIT,Michigan,,0,0,2024-04-12,825,Unknown
Stephanie Peterson MD,Primary Care,T3,,Other/Metro,Hamburg,Michigan,48139,0,0,2024-02-12,885,Unknown
"SUNRISE MEDICAL SERVICES, PC",Orthopedics,T3,,Other/Metro,PONTIAC,Michigan,,0,0,2024-04-01,836,Unknown
Trinity Health Neighborhood Primary Care - Ypsilanti,Primary Care,T3,,Other/Metro,YPSILANTI,MI,48197,0,0,2024-04-19,818,Unknown
VISITING PHYSICIANS ASSOCIATION SOUTHFIELD,Orthopedics,T3,,Southfield,SOUTHFIELD,Michigan,,0,0,2024-04-19,818,Unknown
Wael Bazzi,Urgent Care,T3,,Southfield,Southfield,MI,48075-8001,0,0,2024-02-23,874,Unknown
West Bloomfield Internal Medicine,Primary Care,T3,,Other/Metro,West Bloomfield,MI,48322,0,0,2023-07-06,1106,Unknown
ACADIAN URGENT CARE,Orthopedics,T3,Roshelle Brockman,Livonia,Dearborn,Michigan,48126,0,0,2024-08-19,696,Unknown
BEYOND PRIMARY CARE,Primary Care,T3,Roshelle Brockman,Other/Metro,ANN ARBOR,MI,48103,0,0,2025-08-27,323,Unknown
Corewell Health Orthopedics -  Canton,Orthopedics,T3,Roshelle Brockman,Other/Metro,CANTON,MI,48187,0,0,2024-10-31,623,Unknown
Corewell Health Taylor Hospital Orthopedic Center,Orthopedics,T3,Roshelle Brockman,Other/Metro,TAYLOR,MI,48180,0,0,2024-10-31,623,Unknown
