Company,MMC Company ID,Current PL,Owner Name,MMC Groups,Referral Evidence Band,Match Status,Match Method(s),Matched Referral Source(s),Matched Source Rows,2026 Spine Patients,2026 Ortho Patients,2026 Other Patients,2026 Total B2B Patients,First B2B Appointment,Last B2B Appointment,Last Spine Appointment,Prior Visit Before Reference Patient,Latest Visit-to-First-Appt Lag Days,Median Visit-to-First-Appt Lag,Patients 0–30 Days,Patients 31–60 Days,Patients 61–90 Days,Patients 91+ Days,Patients Without Prior MMC Visit,Referral Production Points,Referral Data Cutoff
Mike Morse Law Firm,2dd4a698-eeec-4552-98ba-d85b130bcc56,Kristen,Kristen Jones,Attorney,Repeat Spine Referrer,Deterministically matched,Reviewed source alias,MIKE MORSE; Mike Morse,103,75,18,1,94,2026-01-05 00:00:00,2026-06-24 00:00:00,2026-06-24 00:00:00,2026-06-24 00:00:00,0,28,50,18,26,0,0,88,2026-07-10 00:00:00
Hesselberg Chiropractic,83b9dec3-57ee-4777-b000-fcb1c228e6c7,Kristen,Kristen Jones,Kristen Strategic Account;Chiropractor,Repeat Spine Referrer,Deterministically matched,Exact provider name; Unique provider first + last,"Hesselberg DC, Jason Joseph; Hesselberg, Jason DC",26,23,0,0,23,2026-01-02 00:00:00,2026-06-17 00:00:00,2026-06-17 00:00:00,2026-04-27 00:00:00,51,25,13,5,5,0,0,88,2026-07-10 00:00:00
Michigan Auto Law,8bd62ae0-e836-472d-84f6-a85688fd5524,Kristen,Kristen Jones,Attorney,Repeat Spine Referrer,Deterministically matched,Exact company name; Exact provider name; Reviewed source alias,KEVIN SEIFERHELD; MI AUTO LAW; MI Auto Law; Mi Auto Law; Michigan Auto Law,15,10,5,0,15,2026-03-09 00:00:00,2026-06-17 00:00:00,2026-06-17 00:00:00,2026-04-29 00:00:00,49,10,13,2,0,0,0,88,2026-07-10 00:00:00
Lakeview Medical Center,64ed5116-24c0-4278-8d87-a7ca5f7d76c4,Coty,Coty Oetjens,Internal Medicine/PCP,Repeat Spine Referrer,Deterministically matched,Exact provider name; Unique provider first + last,"Kloski PA-C, Rachel N; Kloski, Rachel N; Wanis MD, Magdy",13,7,6,0,13,2026-01-05 00:00:00,2026-05-14 00:00:00,2026-04-30 00:00:00,2026-05-04 00:00:00,10,15,9,4,0,0,0,88,2026-07-10 00:00:00
DMC SPORTS MEDICINE NOVI,6e52135e-6cca-4482-9973-58d180f1dce7,Jasmine,Jasmine Jones,Sports Medicine,Repeat Spine Referrer,Deterministically matched,Exact provider name; Exact provider name + referral PL owner; Unique provider first + last + referral PL owner,"COOKE MD, CHRISTOPHER LEE; COOKE, CHRISTOPHER LEE; Cooke, Christopher; MEEHAN MD, ROBERT; Meehan, Robert",7,7,0,0,7,2026-04-21 00:00:00,2026-06-19 00:00:00,2026-06-19 00:00:00,2026-05-11 00:00:00,39,32,2,5,0,0,0,88,2026-07-10 00:00:00
Comprehensive Healthcare Associates and Prevention Medicine,c7781046-a235-49fa-ac8e-4b8d6354c618,Jasmine,Jasmine Jones,Internal Medicine/PCP,Repeat Spine Referrer,Deterministically matched,Exact provider name + referral PL owner,"Jarodiya MD, Babu; Patel MD, Rakesh; Singh MD, Jaspal; Vankayalapati MD, Jaya",24,6,16,2,24,2026-01-12 00:00:00,2026-06-30 00:00:00,2026-06-23 00:00:00,2026-05-22 00:00:00,39,23,15,7,2,0,0,88,2026-07-10 00:00:00
Schoenherr Family Practice,e9020844-6b2a-43b6-9416-51116e859cc2,Coty,Coty Oetjens,Internal Medicine/PCP,Repeat Spine Referrer,Deterministically matched,Exact provider name; Unique provider first + last,"Machesky MD, Kelly K; ROMANO, MATTHEW",8,6,2,0,8,2026-01-05 00:00:00,2026-06-04 00:00:00,2026-05-26 00:00:00,2026-04-27 00:00:00,38,17,6,2,0,0,0,88,2026-07-10 00:00:00
Stonebrooke Family Physicians,c9013f02-25d6-4df2-96f8-b4f1e9936878,Kristen,Kristen Jones,Internal Medicine/PCP,Repeat Spine Referrer,Deterministically matched,Exact provider name; Unique provider first + last,"Becker Mitzner DO, Katherine; Bellisario MD, Ronald; Ewald MD, Matthew T; HAENER DO, JENNIFER; Kastl MD, Stacey; Ryman PA , Elizabeth",17,5,5,7,17,2026-01-05 00:00:00,2026-07-09 00:00:00,2026-05-27 00:00:00,2026-06-10 00:00:00,29,36,6,10,1,0,0,88,2026-07-10 00:00:00
Park Medical Centers,92913d4d-edc4-462b-aecf-ef3f54198f09,Kristen,Kristen Jones,Kristen Strategic Account;Internal Medicine/PCP,Repeat Spine Referrer,Deterministically matched,Exact provider name; Unique provider first + last,"Ozog DO, Richard; POULOS PA, KATHRYN  MARIE",12,5,7,0,12,2026-01-07 00:00:00,2026-06-02 00:00:00,2026-05-29 00:00:00,2026-04-24 00:00:00,39,27.5,6,6,0,0,0,88,2026-07-10 00:00:00
Park Medical Centers - Canton,047f1f57-d796-4b0d-b2d0-b5d576ad50ea,Jasmine,Jasmine Jones,Internal Medicine/PCP,Repeat Spine Referrer,Deterministically matched,Exact provider name; Unique provider first + last,"Rollins DO, William; Rollins DO, William F; Rollins MD, William",9,5,3,1,9,2026-01-21 00:00:00,2026-07-07 00:00:00,2026-07-07 00:00:00,2026-07-02 00:00:00,5,28,5,4,0,0,0,88,2026-07-10 00:00:00
Applebaum & Stone,89b27066-bd8f-45eb-b2ec-e3196a89a16c,Kristen,Kristen Jones,Attorney,Repeat Spine Referrer,Deterministically matched,Exact company name,Applebaum and Stone,8,5,2,0,7,2026-02-26 00:00:00,2026-06-26 00:00:00,2026-06-26 00:00:00,2026-03-16 00:00:00,102,58,1,3,1,2,0,88,2026-07-10 00:00:00
Ross Law,86e7413a-57df-4cba-adee-c6d0a8e55b63,Kristen,Kristen Jones,Attorney,Repeat Spine Referrer,Deterministically matched,Exact company name,Ross Law,7,5,2,0,7,2026-04-30 00:00:00,2026-06-22 00:00:00,2026-06-22 00:00:00,2026-05-29 00:00:00,24,14,7,0,0,0,0,88,2026-07-10 00:00:00
DMC PRIMARY AND SPECIALTY CARE WEST BLOOMFIELD,e1df3a06-b408-47d1-8333-8e5c30e7bc97,Kristen,Kristen Jones,Internal Medicine/PCP,Repeat Spine Referrer,Deterministically matched,Exact provider name,"ARONOV DO, MARK; KRISHNAMOORTHY, MADHUMITHA",6,5,1,0,6,2026-01-14 00:00:00,2026-07-08 00:00:00,2026-04-15 00:00:00,2026-05-07 00:00:00,62,37,1,3,2,0,0,88,2026-07-10 00:00:00
Henry Ford Primary Care Center - 160,b6033c7f-ac4e-4957-b3b0-519077da6c8d,Kristen,Kristen Jones,Internal Medicine/PCP,Repeat Spine Referrer,Deterministically matched,Exact provider name; Unique provider first + last,"Antone MD, May; Bajouka MD, Neeran; Bajouka MD, Neeran Yosif",6,5,0,1,6,2026-01-05 00:00:00,2026-05-20 00:00:00,2026-05-20 00:00:00,2026-05-08 00:00:00,12,24.5,2,1,1,0,2,88,2026-07-10 00:00:00
Kajy Law,3b453978-15f0-429d-ab43-67d84178b21f,Kristen,Kristen Jones,Attorney,Repeat Spine Referrer,Deterministically matched,Exact company name,Kajy Law,8,5,0,0,5,2026-03-12 00:00:00,2026-05-21 00:00:00,2026-05-21 00:00:00,2026-05-12 00:00:00,9,9,5,0,0,0,0,88,2026-07-10 00:00:00
Vanstone Injury Law,5ffbe2ff-83ec-4e24-8d4f-4071334a9c5c,Kristen,Kristen Jones,Attorney,Repeat Spine Referrer,Deterministically matched,Reviewed source alias,Vanstone; Vanstone Law,5,5,0,0,5,2026-01-09 00:00:00,2026-05-07 00:00:00,2026-05-07 00:00:00,2026-02-27 00:00:00,69,10,4,0,1,0,0,88,2026-07-10 00:00:00
Synergy Medical Primary Care,5cb01f9c-faec-4c04-b600-f0eba085f6a3,Jasmine,Jasmine Jones,Internal Medicine/PCP,Repeat Spine Referrer,Deterministically matched,Exact provider name,"Gandhi MD, Hetal; Sattam PA-C, Miranda; Simkow NP, Katie",19,4,14,1,19,2026-02-11 00:00:00,2026-06-25 00:00:00,2026-06-25 00:00:00,2026-06-12 00:00:00,13,18,15,4,0,0,0,80,2026-07-10 00:00:00
CANTON FAMILY HEALTH LLC,3acfe2ff-d550-4785-99aa-a1ea91ef7da4,Jasmine,Jasmine Jones,Internal Medicine/PCP,Repeat Spine Referrer,Deterministically matched,Exact provider name; Unique provider first + last,"Ajami DO, Samih Mike; Yeihey MD, Shadia",6,4,1,1,6,2026-02-27 00:00:00,2026-07-06 00:00:00,2026-07-06 00:00:00,2026-07-06 00:00:00,0,44.5,1,3,0,2,0,80,2026-07-10 00:00:00
Macomb Internal Medicine,5271bbd8-dfe5-4d54-a0a2-f5547050cafe,Sean,Sean Sweeney,Internal Medicine/PCP,Repeat Spine Referrer,Deterministically matched,Exact provider name,"Duvoor MD, Anu; Kosal DO, Linda",4,4,0,0,4,2026-02-09 00:00:00,2026-07-08 00:00:00,2026-07-08 00:00:00,2026-05-19 00:00:00,50,9,3,1,0,0,0,80,2026-07-10 00:00:00
Office of George Nassif MD,1225209075,Coty,Coty Oetjens,Internal Medicine/PCP,Repeat Spine Referrer,Deterministically matched,Unique provider first + last,"Nassif MD, George Helmy",4,4,0,0,4,2026-03-06 00:00:00,2026-06-15 00:00:00,2026-06-15 00:00:00,2026-05-14 00:00:00,32,29.5,2,2,0,0,0,80,2026-07-10 00:00:00
QuickDoc Urgent Care,20e3535a-e9f3-4760-9cd8-6e86789495da,Jasmine,Jasmine Jones,Urgent Cares,Repeat Spine Referrer,Deterministically matched,Exact provider name,"Rahbar MD, Mohamad",4,4,0,0,4,2026-02-10 00:00:00,2026-05-28 00:00:00,2026-05-28 00:00:00,2026-05-12 00:00:00,16,11,4,0,0,0,0,80,2026-07-10 00:00:00
Beaumont Medical Center - Redford,03095e36-e586-4709-8cd8-440a98b9bcd7,Kristen,Kristen Jones,Kristen Strategic Account;Internal Medicine/PCP,Repeat Spine Referrer,Deterministically matched,Exact provider name; Unique provider first + last,"MARSHALL MD, BRITANI ALYCE; Marshall MD, Britani; Weathersby MD, Liza",23,3,20,0,23,2026-01-08 00:00:00,2026-06-12 00:00:00,2026-04-10 00:00:00,2026-05-01 00:00:00,42,33,11,7,5,0,0,80,2026-07-10 00:00:00
OAK STREET HEALTH CHERRY HILL,0cc06713-910b-4b74-ba14-7cd3d76b3c62,Jasmine,Jasmine Jones,Internal Medicine/PCP,Repeat Spine Referrer,Deterministically matched,Exact company name; Exact provider name,"Larcher NP, Nadine; Larcher, Nadine; Morrell MD, Gaybriel; Oakstreet Health - Cherry Hill; Vasquez MD, Peter",21,3,14,4,21,2026-01-05 00:00:00,2026-06-25 00:00:00,2026-05-27 00:00:00,2026-04-22 00:00:00,64,22,13,7,1,0,0,80,2026-07-10 00:00:00
Be Well Medical Center,1174554364,Coty,Coty Oetjens,Internal Medicine/PCP,Repeat Spine Referrer,Deterministically matched,Exact provider name; Unique provider first + last,"Benson DO, Paul A; Bornstein DO, Mark; Rosen PA-C, Mark; Rosen PA-C, Mark (ZOC DOC); Youngblood PA C, Caleb",17,3,11,3,17,2026-02-02 00:00:00,2026-07-08 00:00:00,2026-06-09 00:00:00,2026-04-21 00:00:00,78,17,9,7,1,0,0,80,2026-07-10 00:00:00
NORLIVO INTERNAL MEDICINE,74262c96-dd4b-4b92-acd7-c43ebba4c04f,Jasmine,Jasmine Jones,Ortho;Internal Medicine/PCP,Repeat Spine Referrer,Deterministically matched,Exact provider name; Unique provider first + last,"Sturla MD, Amadeo; Sturla MD, Amadeo R",10,3,7,0,10,2026-02-24 00:00:00,2026-06-05 00:00:00,2026-05-04 00:00:00,2026-04-27 00:00:00,39,19,8,2,0,0,0,80,2026-07-10 00:00:00
MI Family Practice,6aee51ce-625f-4968-96c5-5d9a6936bf27,Sean,Sean Sweeney,Internal Medicine/PCP,Repeat Spine Referrer,Deterministically matched,Exact provider name,"GARZA DO, MATTHEW; Lisowsky DO, Taras",8,3,5,0,8,2026-01-14 00:00:00,2026-07-07 00:00:00,2026-07-07 00:00:00,2026-03-11 00:00:00,118,28.5,4,3,0,1,0,80,2026-07-10 00:00:00
GARDEN CITY FAMILY PHYSICIANS,be4c4280-49d5-443c-b413-3471ee753d27,Kristen,Kristen Jones,Kristen Strategic Account;Internal Medicine/PCP,Repeat Spine Referrer,Deterministically matched,Exact provider name,"Francu MD, Angelica",6,3,3,0,6,2026-01-12 00:00:00,2026-05-18 00:00:00,2026-05-18 00:00:00,2026-03-17 00:00:00,62,30.5,3,2,1,0,0,80,2026-07-10 00:00:00
Levine Clinic of Chiropractic,e19f7675-d86b-445b-ad8d-c06409bfde92,Kristen,Kristen Jones,Chiropractor,Repeat Spine Referrer,Deterministically matched,Exact provider name,"Levine DC, Richard",5,3,1,1,5,2026-02-05 00:00:00,2026-06-01 00:00:00,2026-05-08 00:00:00,2026-05-08 00:00:00,24,9,5,0,0,0,0,80,2026-07-10 00:00:00
DMC Orthopedics - Commerce Township,568c9052-985c-48fa-b5bc-44baafba3dea,Kristen,Kristen Jones,Orthopedic Surgery,Repeat Spine Referrer,Deterministically matched,Exact provider name; Exact provider name + referral PL owner,"Cooke, Christopher; Mackey MD, Mark",3,3,0,0,3,2026-07-06 00:00:00,2026-07-06 00:00:00,2026-07-06 00:00:00,2026-07-06 00:00:00,0,0,3,0,0,0,0,80,2026-07-10 00:00:00
Hermann Banks MD PC,31597599-5a74-4f7a-8cb0-0ebbb4b41303,Kristen,Kristen Jones,Neurology,Repeat Spine Referrer,Deterministically matched,Exact provider name; Unique provider first + last,"Banks MD, Hermann; Banks, Hermann Darwin",3,3,0,0,3,2026-03-04 00:00:00,2026-06-29 00:00:00,2026-06-29 00:00:00,2026-06-29 00:00:00,0,26,1,1,0,0,1,80,2026-07-10 00:00:00
Lifetime Family Care,b70053c3-f0fd-41de-9386-95fcc448a738,Kristen,Kristen Jones,Kristen Strategic Account;Internal Medicine/PCP,Repeat Spine Referrer,Deterministically matched,Exact provider name; Unique provider first + last,"Balysh DO, Erica; Balysh DO, Erica N; Orrin DO, Colin David",5,3,0,0,3,2026-01-07 00:00:00,2026-03-20 00:00:00,2026-03-20 00:00:00,2026-01-13 00:00:00,66,66,1,0,2,0,0,80,2026-07-10 00:00:00
North Valley Internal Medicine,063204da-544e-4bdd-a18b-f483a5c16ad9,Coty,Coty Oetjens,Internal Medicine/PCP,Repeat Spine Referrer,Deterministically matched,Exact provider name,"Genson DO, Brandon; Johnston PA-C, Ryan",3,3,0,0,3,2026-02-10 00:00:00,2026-05-22 00:00:00,2026-05-22 00:00:00,2026-04-28 00:00:00,24,24,2,1,0,0,0,80,2026-07-10 00:00:00
Frank Lanzilote DO-Family Practice,1d143d90-6122-41e7-ae14-c14d4e4317b4,Jasmine,Jasmine Jones,Internal Medicine/PCP,Repeat Spine Referrer,Deterministically matched,Exact provider name,"Kodali MD, Pooja",23,2,18,3,23,2026-01-02 00:00:00,2026-06-12 00:00:00,2026-02-04 00:00:00,2026-05-21 00:00:00,22,15,18,5,0,0,0,74,2026-07-10 00:00:00
Medical Clinic of Northville,ebcb6f7a-eb6b-4759-81d9-516e3dc36b67,Kristen,Kristen Jones,Kristen Strategic Account;Internal Medicine/PCP,Repeat Spine Referrer,Deterministically matched,Exact provider name; Unique provider first + last,"Cislo PA, Lauren; Ducu MD, Mirella; Ducu MD, Mirella F; Johnstone MD, Cheryl Anne; Summers MD, Ross; Summers MD, Ross A",19,2,16,0,18,2026-01-08 00:00:00,2026-06-26 00:00:00,2026-05-27 00:00:00,2026-06-04 00:00:00,22,22,14,4,0,0,0,74,2026-07-10 00:00:00
Oakland Family Practice,13ba57d5-6bc6-4d44-8d40-efd8e7131d2e,Kristen,Kristen Jones,Kristen Strategic Account;Internal Medicine/PCP,Repeat Spine Referrer,Deterministically matched,Exact provider name,"Hetzner DNP, Rachel; Hirsch DO, Ronald; Hoffman MSW, Keith; Kranz DO, Zachary; Kranz, Zachary; Millman FNP-C, Michelle",17,2,13,2,17,2026-01-07 00:00:00,2026-07-08 00:00:00,2026-05-19 00:00:00,2026-06-15 00:00:00,23,23,11,6,0,0,0,74,2026-07-10 00:00:00
MNP,40477f1c-8f50-4f86-8e7e-a5431b7f2fe6,Kristen,Kristen Jones,Internal Medicine/PCP,Repeat Spine Referrer,Deterministically matched,Exact provider name,"Shropshire NP, Kasheena; Shropshire, Kasheena",11,2,9,0,11,2026-01-27 00:00:00,2026-06-24 00:00:00,2026-05-12 00:00:00,2026-06-22 00:00:00,2,19,7,4,0,0,0,74,2026-07-10 00:00:00
Faith Internal Medicine & Urgent Care,677326d2-4ba2-4a49-a6f1-e7633a9a8401,Coty,Coty Oetjens,Internal Medicine/PCP,Repeat Spine Referrer,Deterministically matched,Exact provider name; Unique provider first + last,"Jacob MD, Laith; Jacob MbChB, Laith J",10,2,7,1,10,2026-01-22 00:00:00,2026-06-22 00:00:00,2026-04-21 00:00:00,2026-06-19 00:00:00,3,20,8,2,0,0,0,74,2026-07-10 00:00:00
Michigan Compassionate Care,33d0c0aa-7d47-450d-9673-71acb651321c,Sean,Sean Sweeney,Internal Medicine/PCP,Repeat Spine Referrer,Deterministically matched,Exact company name; Exact provider name,"Michigan Compassionate Care; Vasiq MD, Muhammad",9,2,6,1,9,2026-01-14 00:00:00,2026-05-11 00:00:00,2026-02-11 00:00:00,2026-03-11 00:00:00,61,21,7,1,1,0,0,74,2026-07-10 00:00:00
Pulmonary & Medical Associates,dda630a5-9d61-49cd-bec6-61084e47ddb9,Kristen,Kristen Jones,Internal Medicine/PCP,Repeat Spine Referrer,Deterministically matched,Exact provider name,"Pearson DO, Shanna; Pearson MD, Shanna",8,2,5,1,8,2026-01-19 00:00:00,2026-07-09 00:00:00,2026-06-09 00:00:00,2026-04-30 00:00:00,70,47.5,2,4,2,0,0,74,2026-07-10 00:00:00
Premier Medicine Medical Center - Livonia,13842362-6701-47f3-95cc-140ea17bd264,Jasmine,Jasmine Jones,Urgent Cares;PCP,Repeat Spine Referrer,Deterministically matched,Exact provider name; Unique provider first + last,"Chowdhury MD, Somnath; Fukala NP, Monica; Fukala, Monica; Suliman MD, Nabil",7,2,5,0,7,2026-01-13 00:00:00,2026-06-19 00:00:00,2026-02-03 00:00:00,2026-05-20 00:00:00,30,30,5,2,0,0,0,74,2026-07-10 00:00:00
Oakland Primary Care,1952660706,Coty,Coty Oetjens,Internal Medicine/PCP,Repeat Spine Referrer,Deterministically matched,Exact provider name; Unique provider first + last,"Rahman MD, Uroob; Ryan Smith DO; Soffa DO, Jason; Soffa DO, Jason I; Soffa, Jason I",6,2,4,0,6,2026-01-08 00:00:00,2026-06-15 00:00:00,2026-06-15 00:00:00,2026-03-24 00:00:00,83,24,4,0,2,0,0,74,2026-07-10 00:00:00
Village Medical - Livonia,e3d707da-675d-4d7c-9356-2f53ec4d8a2e,Kristen,Kristen Jones,Kristen Strategic Account;Internal Medicine/PCP,Repeat Spine Referrer,Deterministically matched,Exact company name; Exact provider name,"Erickson DO, Martin; Jackson DO, Paul; Rosenfeld DO, Sherri; Van Oast PA, Joann; Village Medical Livonia",6,2,4,0,6,2026-02-04 00:00:00,2026-06-23 00:00:00,2026-03-30 00:00:00,2026-04-24 00:00:00,60,40.5,3,1,2,0,0,74,2026-07-10 00:00:00
MedPro Primary Care,eebb725b-b031-43b9-a3d7-bfa83d77bc18,Kristen,Kristen Jones,Urgent Cares,Repeat Spine Referrer,Deterministically matched,Exact provider name + referral PL owner,"Demarce NP, Samantha; Weber PA, Jaclyn",4,2,2,0,4,2026-02-11 00:00:00,2026-04-10 00:00:00,2026-03-05 00:00:00,2026-03-24 00:00:00,17,30.5,2,2,0,0,0,74,2026-07-10 00:00:00
Village Medical Farmington,8a6ae159-0242-4272-b933-bd11fc117733,Kristen,Kristen Jones,Kristen Strategic Account;Internal Medicine/PCP,Repeat Spine Referrer,Deterministically matched,Exact provider name; Unique provider first + last,"Sabb MD, Sandra; Stern DO, Sheldon; Stern DO, Sheldon L",4,2,1,1,4,2026-02-13 00:00:00,2026-05-21 00:00:00,2026-03-26 00:00:00,2026-05-11 00:00:00,10,26,2,1,1,0,0,74,2026-07-10 00:00:00
Brigid Healthcare,63bf16ad-3645-45fb-8f1d-e1eb3a131efc,Sean,Sean Sweeney,Internal Medicine/PCP,Repeat Spine Referrer,Deterministically matched,Unique provider first + last,"Wang PA, Hui",3,2,1,0,3,2026-01-22 00:00:00,2026-04-17 00:00:00,2026-04-17 00:00:00,2026-04-14 00:00:00,3,10,3,0,0,0,0,74,2026-07-10 00:00:00
Carson Center Specialty,fe708f7e-ac39-4cb4-91fb-ef244909b360,Kristen,Kristen Jones,Kristen Strategic Account;Internal Medicine/PCP,Repeat Spine Referrer,Deterministically matched,Exact provider name,"Soskina MD, Yeva",3,2,1,0,3,2026-01-12 00:00:00,2026-03-30 00:00:00,2026-02-03 00:00:00,2026-03-04 00:00:00,26,26,2,1,0,0,0,74,2026-07-10 00:00:00
Get Well Urgent Care Madison Heights,346a1335-a97f-4a1a-9847-77f9e71383c3,Sean,Sean Sweeney,Urgent care,Repeat Spine Referrer,Deterministically matched,Exact company name; Reviewed source alias,Get Well Urgent Care - Madison Heights; Getwell Urgent Care- Madison Heights,3,2,1,0,3,2026-02-04 00:00:00,2026-06-24 00:00:00,2026-04-22 00:00:00,2026-03-25 00:00:00,91,28,2,0,0,1,0,74,2026-07-10 00:00:00
Ivy Rehab - Farmington,d1393500-eb13-4514-9e0b-427f872ffa8b,Kristen,Kristen Jones,Physical Therapy,Repeat Spine Referrer,Deterministically matched,Exact provider name,"Aliseo DPT, Andrea",3,2,1,0,3,2026-05-05 00:00:00,2026-07-06 00:00:00,2026-07-06 00:00:00,2026-06-08 00:00:00,28,7,3,0,0,0,0,74,2026-07-10 00:00:00
Metro Medical Practice,60-080-4525,Kristen,Kristen Jones,Internal Medicine/PCP,Repeat Spine Referrer,Deterministically matched,Unique provider first + last,"Nerga MD, Alicja Bernarda",3,2,1,0,3,2026-01-22 00:00:00,2026-03-26 00:00:00,2026-03-26 00:00:00,2026-02-24 00:00:00,30,42,1,2,0,0,0,74,2026-07-10 00:00:00
Powers Family Medicine,00-761-7874,Kristen,Kristen Jones,Internal Medicine/PCP,Repeat Spine Referrer,Deterministically matched,Exact provider name; Unique provider first + last,"POWERS DO, WILLIAM JOHN; Shefferly PA-C, Sommer",3,2,1,0,3,2026-03-24 00:00:00,2026-04-20 00:00:00,2026-04-20 00:00:00,2026-02-17 00:00:00,62,57,0,2,1,0,0,74,2026-07-10 00:00:00
Ryan Medical Associates,c88f05f1-5992-43b0-947c-469a44a0feef,Sean,Sean Sweeney,Internal Medicine/PCP,Repeat Spine Referrer,Deterministically matched,Exact provider name; Unique provider first + last,"Agrest DO, Kevin A; England NP, Christine; Kraft DO, Jeffrey A",3,2,1,0,3,2026-01-12 00:00:00,2026-04-07 00:00:00,2026-04-07 00:00:00,2026-03-11 00:00:00,27,19,3,0,0,0,0,74,2026-07-10 00:00:00
The Family Doctor,23a703a6-5bde-4887-845c-b78a61128817,Coty,Coty Oetjens,Internal Medicine/PCP,Repeat Spine Referrer,Deterministically matched,Exact provider name,"Mckenzie MD, Keith; Pop MD, Claudia",3,2,1,0,3,2026-04-14 00:00:00,2026-05-14 00:00:00,2026-05-14 00:00:00,2026-04-15 00:00:00,29,19,3,0,0,0,0,74,2026-07-10 00:00:00
Victor Valentino Law,740ceb33-170d-402e-b5c2-8c204cf2bdf4,Kristen,Kristen Jones,Attorney,Repeat Spine Referrer,Deterministically matched,Exact provider name,Victor Valentino,5,2,1,0,3,2026-03-27 00:00:00,2026-04-02 00:00:00,2026-04-02 00:00:00,2026-03-18 00:00:00,15,12,3,0,0,0,0,74,2026-07-10 00:00:00
Chronic Pain Institute,11ed7e07-a278-4fda-90ea-e3baede80121,Coty,Coty Oetjens,Pain Management,Repeat Spine Referrer,Deterministically matched,Unique provider first + last,"Deogun MD, Kuldip S",2,2,0,0,2,2026-06-23 00:00:00,2026-06-30 00:00:00,2026-06-30 00:00:00,2026-06-02 00:00:00,28,24.5,2,0,0,0,0,74,2026-07-10 00:00:00
"FARMINGTON HILLS  FAMILY PHYSICIANS, PLLC",cc6d8767-1fad-4a5b-b658-38a67ea47a1c,Kristen,Kristen Jones,Internal Medicine/PCP,Repeat Spine Referrer,Deterministically matched,Exact provider name,"Ahmad MD, Mutahhar; Ahmad, Mutahhar",2,2,0,0,2,2026-01-05 00:00:00,2026-02-24 00:00:00,2026-02-24 00:00:00,2026-02-16 00:00:00,8,20.5,1,1,0,0,0,74,2026-07-10 00:00:00
Grand River Medical Associates,218209bd-0e83-4585-b5e7-1455814e77b1,Jasmine,Jasmine Jones,Internal Medicine/PCP,Repeat Spine Referrer,Deterministically matched,Unique provider first + last,"Taweel DO, Jamie G",2,2,0,0,2,2026-06-23 00:00:00,2026-06-30 00:00:00,2026-06-30 00:00:00,2026-04-14 00:00:00,77,73.5,0,0,2,0,0,74,2026-07-10 00:00:00
MEDPRO PRIMARY CARE - Waltz Rd,5ba2b7d1-0a31-458d-95a0-4ba47f0574a0,Coty,Coty Oetjens,Pain,Repeat Spine Referrer,Deterministically matched,Exact provider name,"Finazzo PA-C, Ashleigh",2,2,0,0,2,2026-01-06 00:00:00,2026-05-18 00:00:00,2026-05-18 00:00:00,2026-02-17 00:00:00,90,94.5,0,0,1,1,0,74,2026-07-10 00:00:00
Safir Law,797c97ec-e6b4-42b3-920e-e16a6364e0c9,Kristen,Kristen Jones,Attorney,Repeat Spine Referrer,Deterministically matched,Exact provider name,Joel Safir,3,2,0,0,2,2026-02-26 00:00:00,2026-03-31 00:00:00,2026-03-31 00:00:00,2026-02-27 00:00:00,32,24,1,1,0,0,0,74,2026-07-10 00:00:00
Steinberg Law Firm,8f912f3f-f54b-4694-984f-06c26dcbe2a8,Kristen,Kristen Jones,Attorney,Repeat Spine Referrer,Deterministically matched,Exact provider name,Eric Steinberg,2,2,0,0,2,2026-02-09 00:00:00,2026-02-13 00:00:00,2026-02-13 00:00:00,2026-01-29 00:00:00,15,13,2,0,0,0,0,74,2026-07-10 00:00:00
Triumph chiropractic,d99edd32-fb45-4528-94d3-645792efefa1,Kristen,Kristen Jones,,Repeat Spine Referrer,Deterministically matched,Exact provider name,"Rodnick, Alexander",3,2,0,0,2,2026-03-12 00:00:00,2026-04-10 00:00:00,2026-04-10 00:00:00,2025-06-19 00:00:00,295,280.5,0,0,0,2,0,74,2026-07-10 00:00:00
Lakes Urgent Care - Livonia,73107e68-fc7f-46d0-bef4-ee26e9dc0099,Jasmine,Jasmine Jones,Urgent care,One Spine Patient,Deterministically matched,Exact company name; Reviewed source alias,LAKES URGENT CARE; Lakes Urgent Care; Lakes Urgent Care Livonia,32,1,28,3,32,2026-01-12 00:00:00,2026-07-06 00:00:00,2026-05-14 00:00:00,2026-06-09 00:00:00,27,15,27,5,0,0,0,61,2026-07-10 00:00:00
Yale Community Heath Center - VA Clinic,ef22f4d0-c253-4bff-8a60-2a5eaa3168df,Kristen,Kristen Jones,Kristen Strategic Account;Internal Medicine/PCP,One Spine Patient,Deterministically matched,Exact provider name; Reviewed source alias,"Brosius NP, Laura; Deters PA, Tara; Deters PA-C, Tara; Mariutza NP, Melissa; Parslow PA, Michael; Richards PA-C, Carolyn; Yale VA",22,1,21,0,22,2026-01-08 00:00:00,2026-07-08 00:00:00,2026-06-30 00:00:00,2026-06-09 00:00:00,29,14.5,17,4,1,0,0,61,2026-07-10 00:00:00
Physician HealthCare Network Urgent Care and Walk In- Fort Gratiot,4c053f65-6667-471a-9d5b-ee08b564d031,Kristen,Kristen Jones,Kristen Strategic Account;Internal Medicine/PCP;Urgent Cares,One Spine Patient,Deterministically matched,Exact provider name; Unique provider first + last,"BORGIEL MD, CHRISTOPHER; Hill PA-C, Stacie; Naqvi MD, Farrukh Zaman; Souphis DO, Daniel C; Souphis, Daniel C",15,1,14,0,15,2026-01-08 00:00:00,2026-06-18 00:00:00,2026-06-08 00:00:00,2026-05-05 00:00:00,44,21,11,3,1,0,0,61,2026-07-10 00:00:00
Macomb Medical Clinic,1992782320,Coty,Coty Oetjens,Internal Medicine/PCP,One Spine Patient,Deterministically matched,Exact company name; Exact provider name; Unique provider first + last,"GIANCOLA PA, DAVID; Kurjakovic PA-C, Amar; MONTICCIOLO PA C, JILLIAN; Macomb Medical Clinic; Rosenberg DO, Mark S; TOBIA PA, BROOKE",12,1,10,1,12,2026-01-07 00:00:00,2026-07-09 00:00:00,2026-04-13 00:00:00,2026-07-02 00:00:00,7,22.5,8,4,0,0,0,61,2026-07-10 00:00:00
Brentwood Pediatric Associates,9dfbaa38-07b2-4017-9d71-ff4cd2ce42f7,Kristen,Kristen Jones,Pediatrician,One Spine Patient,Deterministically matched,Exact provider name; Unique provider first + last,"Bazzy DO, Hassan; Godbole MD, Ajey V",11,1,9,1,11,2026-02-25 00:00:00,2026-07-09 00:00:00,2026-03-31 00:00:00,2026-06-30 00:00:00,9,46,4,4,3,0,0,61,2026-07-10 00:00:00
Macomb Physicians Group,fdefbf3e-907d-4d68-bbd3-2d70f4818b7a,Coty,Coty Oetjens,Neurology;Internal Medicine/PCP,One Spine Patient,Deterministically matched,Exact provider name; Unique provider first + last,"Diora MD, Gordhan; Diora, Gordhan; KONERU MD, LALITHA; Stephen MD, Mark; Stephen MD, Mark  H",9,1,8,0,9,2026-01-09 00:00:00,2026-07-07 00:00:00,2026-04-29 00:00:00,2026-07-02 00:00:00,5,27,7,2,0,0,0,61,2026-07-10 00:00:00
Mitchell Medical Center,3a600778-0104-4e04-b9d4-feb46e567bd7,Kristen,Kristen Jones,Internal Medicine/PCP,One Spine Patient,Deterministically matched,Unique provider first + last,"BLACKWELL PA, KATHERINE",8,1,5,2,8,2026-01-21 00:00:00,2026-06-04 00:00:00,2026-05-12 00:00:00,2026-03-12 00:00:00,84,41.5,3,3,2,0,0,61,2026-07-10 00:00:00
"FERRIS, MARY C, MEDICAL GROUP",a5a045ce-889d-4018-81f5-3fd8d3d7af6b,Kristen,Kristen Jones,Kristen Strategic Account;Internal Medicine/PCP,One Spine Patient,Deterministically matched,Unique provider first + last,"Ferris DO, Mary C",7,1,6,0,7,2026-01-26 00:00:00,2026-07-09 00:00:00,2026-03-19 00:00:00,2026-04-30 00:00:00,70,52,1,4,2,0,0,61,2026-07-10 00:00:00
Office of Steven Trombly MD,1407867815,Coty,Coty Oetjens,Internal Medicine/PCP,One Spine Patient,Deterministically matched,Unique provider first + last,"Trombly MD, Steven D",7,1,6,0,7,2026-01-07 00:00:00,2026-06-29 00:00:00,2026-04-14 00:00:00,2026-03-11 00:00:00,110,61,1,2,2,2,0,61,2026-07-10 00:00:00
Port Huron Medicine Associates,1245235654,Kristen,Kristen Jones,Kristen Strategic Account;Internal Medicine/PCP,One Spine Patient,Deterministically matched,Exact provider name,"Ashley Richardson, PA-C; Canto MD, Cheryl",6,1,5,0,6,2026-01-06 00:00:00,2026-05-20 00:00:00,2026-01-27 00:00:00,2026-04-07 00:00:00,43,26,4,2,0,0,0,61,2026-07-10 00:00:00
Providence Park Pediatrics - Novi,9db7de95-514d-45c7-8a73-449a08d1d590,Kristen,Kristen Jones,Pediatrician,One Spine Patient,Deterministically matched,Exact provider name + referral PL owner; Unique provider first + last,"GAIND MD, MALA; Hoisington MD, Melissa; Kendall MD, Ada; Levy MD, Lili; Newcombe MD, Marcia J",6,1,5,0,6,2026-01-29 00:00:00,2026-05-11 00:00:00,2026-01-29 00:00:00,2026-03-20 00:00:00,52,31.5,3,3,0,0,0,61,2026-07-10 00:00:00
BEAUMONT FAMILY MEDICINE BELLEVILLE,61a031d7-889d-4b90-8391-8647f4be87ec,Jasmine,Jasmine Jones,Internal Medicine/PCP,One Spine Patient,Deterministically matched,Exact provider name; Unique provider first + last,"Szaraz MD, David Julian; Yi MD, Chin",5,1,3,1,5,2026-04-27 00:00:00,2026-05-18 00:00:00,2026-05-07 00:00:00,2026-03-09 00:00:00,70,59,0,3,2,0,0,61,2026-07-10 00:00:00
Eastpointe Family Physicians,1578685921,Jasmine,Jasmine Jones,Internal Medicine/PCP,One Spine Patient,Deterministically matched,Exact provider name,"Pope DO, Haley; ZINKE FNP BC, ANDREA",5,1,2,1,4,2026-01-29 00:00:00,2026-05-15 00:00:00,2026-03-31 00:00:00,2026-05-12 00:00:00,3,22,4,0,0,0,0,61,2026-07-10 00:00:00
Epic Primary Care - Ferndale,8d70ed21-9cc0-4e04-a934-e01ab1155823,Coty,Coty Oetjens,Internal Medicine/PCP,One Spine Patient,Deterministically matched,Exact provider name; Unique provider first + last + referral PL owner,"Naman MD, Greg S; Tam DO, Susan",4,1,3,0,4,2026-02-20 00:00:00,2026-05-05 00:00:00,2026-04-10 00:00:00,2026-02-19 00:00:00,75,50,1,2,1,0,0,61,2026-07-10 00:00:00
EPIC Southfield - Telegraph Rd office,e9338159-c4f0-4329-a188-50fd3d8a5ddb,Coty,Coty Oetjens,Internal Medicine/PCP,One Spine Patient,Deterministically matched,Exact provider name,"Webster PAC, Shannon",4,1,3,0,4,2026-03-26 00:00:00,2026-07-09 00:00:00,2026-03-26 00:00:00,2026-05-28 00:00:00,42,46.5,1,2,1,0,0,61,2026-07-10 00:00:00
"FAMILY CARE CENTER OF HAMTRAMCK, PC",f4a7f5a0-d8e0-49ff-874a-04f12057fc5f,Kristen,Kristen Jones,Internal Medicine/PCP,One Spine Patient,Deterministically matched,Exact provider name,"Sharma MD, Bhupesh; Sharma MD, Meenakshi",4,1,3,0,4,2026-03-20 00:00:00,2026-06-23 00:00:00,2026-04-23 00:00:00,2026-05-19 00:00:00,35,29,2,2,0,0,0,61,2026-07-10 00:00:00
Henry Ford Macomb Internal Medicine,1841213436,Coty,Coty Oetjens,Internal Medicine/PCP,One Spine Patient,Deterministically matched,Exact provider name; Unique provider first + last,"Bochenek DO, John C; Doyle DO, Katherine",4,1,3,0,4,2026-01-27 00:00:00,2026-03-26 00:00:00,2026-03-25 00:00:00,2026-01-23 00:00:00,62,44.5,2,0,2,0,0,61,2026-07-10 00:00:00
Henry Ford Warren Family Physicians,6771a475-3022-40fd-9db9-b8e0291f7082,Kristen,Kristen Jones,Internal Medicine/PCP,One Spine Patient,Deterministically matched,Exact provider name,"Colvin MD, Randall; Panozzo DO, Kristen; Rizk MD, Nabil",4,1,2,1,4,2026-01-20 00:00:00,2026-05-08 00:00:00,2026-02-27 00:00:00,2026-04-30 00:00:00,8,44,2,0,2,0,0,61,2026-07-10 00:00:00
Northpointe Pediatrics,31b0544c-cc2c-4479-9df9-b11748ecefc7,Kristen,Kristen Jones,Pediatrician,One Spine Patient,Deterministically matched,Exact provider name; Unique provider first + last,"Denysenko DO, Deanna; Engel MD, Allison; Francis MD, Peter J",4,1,3,0,4,2026-01-20 00:00:00,2026-03-04 00:00:00,2026-01-20 00:00:00,2026-02-02 00:00:00,30,46.5,2,0,2,0,0,61,2026-07-10 00:00:00
A1 Family Medicine,b1a9167c-0bb6-47bd-b50a-ff18a973875f,Jasmine,Jasmine Jones,Internal Medicine/PCP,One Spine Patient,Deterministically matched,Exact provider name,"Dharia MD, Purvi",3,1,2,0,3,2026-02-03 00:00:00,2026-06-30 00:00:00,2026-06-16 00:00:00,2026-04-17 00:00:00,74,60,0,2,1,0,0,61,2026-07-10 00:00:00
"AGHA INTERNAL MEDICINE AND ASSOCIATES, PC",85fd21cb-8cbc-4ead-9b3d-0cdbecdf7638,Kristen,Kristen Jones,Internal Medicine/PCP,One Spine Patient,Deterministically matched,Unique provider first + last,"Agha MD, Hooman",3,1,2,0,3,2026-01-22 00:00:00,2026-06-08 00:00:00,2026-03-16 00:00:00,2026-04-24 00:00:00,45,49,0,2,1,0,0,61,2026-07-10 00:00:00
Berkley Urgent Care,1774d7c7-2d8b-42c6-9dac-78c2a9cf3ed8,Sean,Sean Sweeney,Urgent care,One Spine Patient,Deterministically matched,Exact company name,Berkley Urgent Care,3,1,1,1,3,2026-04-23 00:00:00,2026-05-21 00:00:00,2026-04-23 00:00:00,2026-03-23 00:00:00,59,31,0,3,0,0,0,61,2026-07-10 00:00:00
Corewell Health Wayne Hospital Family Medicine -  Canton,1022591b-a2f2-47ed-a718-e764042f930d,Jasmine,Jasmine Jones,Internal Medicine/PCP,One Spine Patient,Deterministically matched,Exact provider name,"Choucair DO, Iman; Raza MD, Mushahid; Raza, Mushahid",3,1,1,1,3,2026-03-18 00:00:00,2026-05-29 00:00:00,2026-03-18 00:00:00,2026-03-30 00:00:00,60,23,2,1,0,0,0,61,2026-07-10 00:00:00
"DEARBORN FAMILY CLINIC, PC",a7a3d5c1-7a49-46bc-b9ad-08cbe9188e80,Jasmine,Jasmine Jones,Ortho;Internal Medicine/PCP,One Spine Patient,Deterministically matched,Exact provider name,"Harris MD, Angela; Wright DO, Howard",3,1,1,1,3,2026-01-05 00:00:00,2026-04-15 00:00:00,2026-01-22 00:00:00,2026-01-26 00:00:00,79,49,1,1,1,0,0,61,2026-07-10 00:00:00
DEIGHTON FAMILY PRACTICE - use this one,a6779fd4-289a-49f7-8602-76dc1bf5764c,Kristen,Kristen Jones,Internal Medicine/PCP,One Spine Patient,Deterministically matched,Exact provider name,"Badreddine MD, Hamzah",4,1,0,2,3,2026-03-20 00:00:00,2026-06-01 00:00:00,2026-04-15 00:00:00,2026-05-29 00:00:00,3,15,2,1,0,0,0,61,2026-07-10 00:00:00
Henry Ford Health Medical Center - Seven Mile Road,44019f00-063b-4cdc-83d9-96ee51f8c6e3,Kristen,Kristen Jones,Internal Medicine/PCP,One Spine Patient,Deterministically matched,Exact provider name; Unique provider first + last,"Benedix DO, Matthew W; Mehock DO, Courtney",3,1,1,1,3,2026-05-05 00:00:00,2026-06-17 00:00:00,2026-05-05 00:00:00,2026-04-24 00:00:00,54,26,2,1,0,0,0,61,2026-07-10 00:00:00
Henry Ford St. John Center for Wellness,5e640eee-6b5a-442a-8222-bd81d0a228ec,Coty,Coty Oetjens,Internal Medicine/PCP,One Spine Patient,Deterministically matched,Unique provider first + last,"RAYES DO, LYDIA JOY",3,1,1,1,3,2026-05-15 00:00:00,2026-05-18 00:00:00,2026-05-18 00:00:00,2025-04-08 00:00:00,405,405,0,0,0,3,0,61,2026-07-10 00:00:00
Livonia Family Medical Center,68ceff67-99ac-4ef7-a162-918f93bbdf38,Jasmine,Jasmine Jones,Internal Medicine/PCP,One Spine Patient,Deterministically matched,Exact provider name,"Burry DO, Michael; Tobin DO, Keith M",3,1,1,1,3,2026-01-07 00:00:00,2026-05-05 00:00:00,2026-05-05 00:00:00,2026-04-07 00:00:00,28,27,3,0,0,0,0,61,2026-07-10 00:00:00
"MARY LEE, MD, PC",d62a30ae-10fe-4408-a2cc-7b0aa9422bb8,Kristen,Kristen Jones,Internal Medicine/PCP,One Spine Patient,Deterministically matched,Unique provider first + last,"Lee MD, Mary S",3,1,0,2,3,2026-01-28 00:00:00,2026-05-07 00:00:00,2026-04-01 00:00:00,2026-05-07 00:00:00,0,48,1,2,0,0,0,61,2026-07-10 00:00:00
"PILLAY INTERNAL MEDICINE ASSOCIATES, PLLC",f5f4f354-94f3-42a1-a3be-10f8a64cdaae,Kristen,Kristen Jones,Internal Medicine/PCP,One Spine Patient,Deterministically matched,Unique provider first + last,"Pillay MD, Jeet N",3,1,0,2,3,2026-02-25 00:00:00,2026-06-26 00:00:00,2026-06-03 00:00:00,2026-05-04 00:00:00,53,30,2,1,0,0,0,61,2026-07-10 00:00:00
Ross Gilders Law,26a4f321-2be3-4d5d-8cf6-335d1fd38f12,Kristen,Kristen Jones,Attorney,One Spine Patient,Deterministically matched,Exact company name; Exact provider name,Ross Gilders; Ross Gilders Law,3,1,2,0,3,2026-01-12 00:00:00,2026-05-29 00:00:00,2026-05-04 00:00:00,2026-04-02 00:00:00,57,32,1,2,0,0,0,61,2026-07-10 00:00:00
Schoenherr Parkway Family Practice,62e680e9-a222-400d-9186-a369d13cf23f,Sean,Sean Sweeney,Internal Medicine/PCP,One Spine Patient,Deterministically matched,Exact provider name,"Khater MD, Mona",3,1,2,0,3,2026-02-02 00:00:00,2026-04-01 00:00:00,2026-02-24 00:00:00,2026-02-03 00:00:00,57,40,1,2,0,0,0,61,2026-07-10 00:00:00
"TENNY INTERNAL MEDICINE, PLLC",3effe9bc-8576-4eee-ba7e-9bf99eb7d1fa,Jasmine,Jasmine Jones,Internal Medicine/PCP,One Spine Patient,Deterministically matched,Exact provider name,"Levy FNP-BC, Michelle; Marcarian MD, Gregory",3,1,2,0,3,2026-04-21 00:00:00,2026-05-20 00:00:00,2026-04-21 00:00:00,2026-04-03 00:00:00,47,28,2,1,0,0,0,61,2026-07-10 00:00:00
"Trinity Health IHA Medical Group, Primary Care - Southeast Livonia",6b70f9d5-4063-4208-85f4-1d780fabaacc,Jasmine,Jasmine Jones,Internal Medicine/PCP,One Spine Patient,Deterministically matched,Exact provider name; Unique provider first + last,"Cooper DO, Candace; MARCUCCI MD, RACHEL B; Walton Doyle MD, Erin",3,1,2,0,3,2026-02-20 00:00:00,2026-05-18 00:00:00,2026-03-19 00:00:00,2026-04-06 00:00:00,42,30,2,1,0,0,0,61,2026-07-10 00:00:00
ARBOR LANE FAMILY PHYSICIANS,ff61f8fa-5169-42e7-aafe-f189027c5f3a,Kristen,Kristen Jones,Internal Medicine/PCP,One Spine Patient,Deterministically matched,Exact provider name,"Abdo MD, Basil",2,1,1,0,2,2026-01-27 00:00:00,2026-06-26 00:00:00,2026-01-27 00:00:00,2026-05-01 00:00:00,56,62,0,1,1,0,0,61,2026-07-10 00:00:00
Associates in Family Practice,1205856432,Sean,Sean Sweeney,Internal Medicine/PCP,One Spine Patient,Deterministically matched,Exact provider name,"Oska MD, Fadi",2,1,1,0,2,2026-03-17 00:00:00,2026-04-20 00:00:00,2026-04-20 00:00:00,2026-03-31 00:00:00,20,27,1,1,0,0,0,61,2026-07-10 00:00:00
Cornerstone Internal Medicine,1124006333,Coty,Coty Oetjens,Internal Medicine/PCP,One Spine Patient,Deterministically matched,Exact provider name; Unique provider first + last,"DALALY MD, FERAH  ADIL; Vitale MD, Massimiliano",2,1,1,0,2,2026-03-18 00:00:00,2026-04-10 00:00:00,2026-03-18 00:00:00,2025-09-11 00:00:00,211,199.5,0,0,0,2,0,61,2026-07-10 00:00:00
Get Well Urgent Care - Sterling Heights,1bcc2e23-5fc1-428c-ad41-dc35c5345bf7,Sean,Sean Sweeney,Urgent care,One Spine Patient,Deterministically matched,Exact company name; Reviewed source alias,Get Well Urgent Care - Sterling Heights; Get Well Urgent Care Of Sterling Heights,2,1,1,0,2,2026-01-16 00:00:00,2026-05-26 00:00:00,2026-01-16 00:00:00,2026-03-20 00:00:00,67,59,0,1,1,0,0,61,2026-07-10 00:00:00
Henry Ford Medical Center - East Jefferson,1043384555,Sean,Sean Sweeney,Internal Medicine/PCP,One Spine Patient,Deterministically matched,Exact provider name,"Turk MD, Eshel",2,1,1,0,2,2026-01-09 00:00:00,2026-06-01 00:00:00,2026-06-01 00:00:00,2026-04-27 00:00:00,35,42.5,0,2,0,0,0,61,2026-07-10 00:00:00
HENRY FORD MEDICAL CENTER FARMINGTON ROAD INTERNAL MEDICINE,9021dee7-1935-4acc-9d3e-63f9e919459d,Kristen,Kristen Jones,Internal Medicine/PCP,One Spine Patient,Deterministically matched,Exact provider name,"Alsabeh MD, Rashid; Finn MD, Jeffrey",2,1,0,1,2,2026-06-02 00:00:00,2026-06-09 00:00:00,2026-06-02 00:00:00,2026-05-07 00:00:00,33,29.5,1,1,0,0,0,61,2026-07-10 00:00:00
Jefferson Family Practice (Cornerstone),9b2159ca-9617-4ade-8a25-85a92fcca972,Kristen,Kristen Jones,Internal Medicine/PCP,One Spine Patient,Deterministically matched,Exact provider name,"Mulpuri MD, Durga",3,1,0,1,2,2026-02-12 00:00:00,2026-03-12 00:00:00,2026-03-12 00:00:00,2026-01-28 00:00:00,43,29,1,1,0,0,0,61,2026-07-10 00:00:00
John Mullally MD PC,b257a3dd-4296-4f0d-89f2-7d9f845a231e,Kristen,Kristen Jones,Internal Medicine/PCP,One Spine Patient,Deterministically matched,Exact provider name,"MULLALLY MD, JOHN",2,1,1,0,2,2026-02-04 00:00:00,2026-04-28 00:00:00,2026-04-28 00:00:00,2026-01-29 00:00:00,89,47.5,1,0,1,0,0,61,2026-07-10 00:00:00
McLaren Oakland Center for Spine & Pain Management,be1474d8-c6ce-4792-bc96-a22bf4ce125d,Coty,Coty Oetjens,Pain Management,One Spine Patient,Deterministically matched,Exact provider name,"Khan DO, Ashraf; Khan MD, Ashraf",2,1,0,1,2,2026-03-05 00:00:00,2026-06-09 00:00:00,2026-03-05 00:00:00,2026-03-02 00:00:00,99,51,1,0,0,1,0,61,2026-07-10 00:00:00
Oak Street Health - Eastgate,23fb6135-419b-4880-ae64-4a97e9244f37,Coty,Coty Oetjens,Internal Medicine/PCP,One Spine Patient,Deterministically matched,Exact provider name,"SUEDE NP, KRISTINA",2,1,1,0,2,2026-05-04 00:00:00,2026-05-22 00:00:00,2026-05-22 00:00:00,2026-02-26 00:00:00,85,76,0,0,2,0,0,61,2026-07-10 00:00:00
Park Medical Center (Medicaid),c4cc522a-15ee-4dcb-8312-cc7b7efdf995,Jasmine,Jasmine Jones,Internal Medicine/PCP,One Spine Patient,Deterministically matched,Exact provider name; Unique provider first + last,"Brown DO, Richard M; Brown, Richard",2,1,1,0,2,2026-01-13 00:00:00,2026-01-19 00:00:00,2026-01-13 00:00:00,2025-12-17 00:00:00,33,30,1,1,0,0,0,61,2026-07-10 00:00:00
Preferred Medical Group,1356443600,Coty,Coty Oetjens,Internal Medicine/PCP;Physiatry,One Spine Patient,Deterministically matched,Exact provider name; Exact provider name + referral PL owner,"Gillespie DPM, Rachel; Ustruck DO, Rachael",2,1,1,0,2,2026-03-24 00:00:00,2026-06-25 00:00:00,2026-03-24 00:00:00,2026-06-24 00:00:00,1,1,2,0,0,0,0,61,2026-07-10 00:00:00
SHEIKH MEDICAL CENTER,7c32d0b4-c83f-4756-924c-9c8c74996a39,Kristen,Kristen Jones,Internal Medicine/PCP,One Spine Patient,Deterministically matched,Unique provider first + last,"Cameron MD, Mary A; Sheikh, Mohammad I",2,1,1,0,2,2026-05-21 00:00:00,2026-06-12 00:00:00,2026-06-12 00:00:00,2026-05-11 00:00:00,32,21,1,1,0,0,0,61,2026-07-10 00:00:00
Swetech Medical Center,1255427209,Kristen,Kristen Jones,Internal Medicine/PCP,One Spine Patient,Deterministically matched,Exact provider name,"SWETECH MD, MARIA; Swetech DO, Jonathan",2,1,0,1,2,2026-02-09 00:00:00,2026-05-14 00:00:00,2026-02-09 00:00:00,2026-03-24 00:00:00,51,42,0,2,0,0,0,61,2026-07-10 00:00:00
Team Rehabilitation  - Washington,940f0098-7ee4-47be-9425-5cd4bbc4dd0f,Kristen,Kristen Jones,Physical Therapy,One Spine Patient,Deterministically matched,Exact provider name,"Genoff DPT, Dave; Maasri DPT, Rami",2,1,1,0,2,2026-03-12 00:00:00,2026-03-25 00:00:00,2026-03-12 00:00:00,2026-02-10 00:00:00,43,36.5,1,1,0,0,0,61,2026-07-10 00:00:00
"TONI BALLITCH TRATE, DO, PC",a1394f28-7761-4612-ab27-23681dcadac0,Kristen,Kristen Jones,Internal Medicine/PCP,One Spine Patient,Deterministically matched,Unique provider first + last,"Trate DO, Toni",2,1,0,1,2,2026-03-18 00:00:00,2026-07-08 00:00:00,2026-03-18 00:00:00,2026-05-11 00:00:00,58,43.5,1,1,0,0,0,61,2026-07-10 00:00:00
Tri-County Medical Clinic,1386634749,Sean,Sean Sweeney,Internal Medicine/PCP,One Spine Patient,Deterministically matched,Unique provider first + last,"Deitch DO, Jeffrey S; Wolok Do, Kenneth J",2,1,1,0,2,2026-01-19 00:00:00,2026-02-03 00:00:00,2026-01-19 00:00:00,2026-01-23 00:00:00,11,25.5,1,1,0,0,0,61,2026-07-10 00:00:00
Yale Family Care,03bf4090-11b2-4f44-94a5-662885cce913,Kristen,Kristen Jones,Internal Medicine/PCP,One Spine Patient,Deterministically matched,Unique provider first + last,"Doshi MD, Seema K",2,1,1,0,2,2026-04-14 00:00:00,2026-06-04 00:00:00,2026-04-14 00:00:00,2026-03-19 00:00:00,77,51.5,1,0,1,0,0,61,2026-07-10 00:00:00
"APOLLO HEALTH SERVICES, PC",1689099f-fc6b-4174-9111-5dce70adbd66,Jasmine,Jasmine Jones,Internal Medicine/PCP,One Spine Patient,Deterministically matched,Exact provider name,"Kambhatla MD, Sujata",1,1,0,0,1,2026-03-31 00:00:00,2026-03-31 00:00:00,2026-03-31 00:00:00,2026-01-05 00:00:00,85,85,0,0,1,0,0,61,2026-07-10 00:00:00
Barry S Meyer DO PC,a183eb7c-8d61-4470-8154-52f7dbff87b5,Coty,Coty Oetjens,Internal Medicine/PCP,One Spine Patient,Deterministically matched,Unique provider first + last,"Meyer DO, Barry S",1,1,0,0,1,2026-05-27 00:00:00,2026-05-27 00:00:00,2026-05-27 00:00:00,2026-05-01 00:00:00,26,26,1,0,0,0,0,61,2026-07-10 00:00:00
Bay Area Family Physicians,1093985145,Coty,Coty Oetjens,Internal Medicine/PCP,One Spine Patient,Deterministically matched,Exact provider name,"Hopman MD, Eileen",1,1,0,0,1,2026-06-17 00:00:00,2026-06-17 00:00:00,2026-06-17 00:00:00,2026-05-19 00:00:00,29,29,1,0,0,0,0,61,2026-07-10 00:00:00
Blue Water Urgent Care,57c8b393-1204-4def-8cf0-5461a39e5e14,Kristen,Kristen Jones,Urgent Cares,One Spine Patient,Deterministically matched,Exact company name,Blue Water Urgent Care,1,1,0,0,1,2026-02-10 00:00:00,2026-02-10 00:00:00,2026-02-10 00:00:00,2026-01-12 00:00:00,29,29,1,0,0,0,0,61,2026-07-10 00:00:00
Brighton Internal Medicine,02e450b1-82e8-408a-a0a4-fa7af806ed2b,Coty,Coty Oetjens,Internal Medicine/PCP,One Spine Patient,Deterministically matched,Exact provider name,"Shahab MD, Syed Masood",1,1,0,0,1,2026-01-06 00:00:00,2026-01-06 00:00:00,2026-01-06 00:00:00,2025-11-04 00:00:00,63,63,0,0,1,0,0,61,2026-07-10 00:00:00
Center For Hollistic Medicine,42b038b0-949b-46be-8843-e02868bb894a,Kristen,Kristen Jones,Hollistic Medicine,One Spine Patient,Deterministically matched,Unique provider first + last,"Brownstein DO, Hailey L",1,1,0,0,1,2026-04-27 00:00:00,2026-04-27 00:00:00,2026-04-27 00:00:00,2026-02-12 00:00:00,74,74,0,0,1,0,0,61,2026-07-10 00:00:00
Christensen Law,1ddf5ef9-8562-4164-9faa-60a49c6aa066,Kristen,Kristen Jones,Attorney,One Spine Patient,Deterministically matched,Exact company name,Christensen Law,1,1,0,0,1,2026-04-02 00:00:00,2026-04-02 00:00:00,2026-04-02 00:00:00,2026-03-17 00:00:00,16,16,1,0,0,0,0,61,2026-07-10 00:00:00
Community First Health Centers - New Haven,8cef9fd7-931c-4e45-bf44-0cac47716f62,Coty,Coty Oetjens,Internal Medicine/PCP,One Spine Patient,Deterministically matched,Exact provider name,"Singleton MD, Shelia",1,1,0,0,1,2026-06-09 00:00:00,2026-06-09 00:00:00,2026-06-09 00:00:00,2026-05-19 00:00:00,21,21,1,0,0,0,0,61,2026-07-10 00:00:00
Core Institute/Henry Ford Motor City Orthopedics & PT- Southfield,b2290856-de23-4322-aabc-b2436529feac,Jasmine,Jasmine Jones,Orthopedic - PT,One Spine Patient,Deterministically matched,Unique provider first + last,"Bolz MD, Nick",1,1,0,0,1,2026-05-12 00:00:00,2026-05-12 00:00:00,2026-05-12 00:00:00,2026-04-14 00:00:00,28,28,1,0,0,0,0,61,2026-07-10 00:00:00
CoreMed - Commerce,eab7d954-a523-466a-a75b-3eca7bf9c6d0,Kristen,Kristen Jones,Internal Medicine/PCP,One Spine Patient,Deterministically matched,Exact provider name,"Skelton PA-C, Kelsey",1,1,0,0,1,2026-03-12 00:00:00,2026-03-12 00:00:00,2026-03-12 00:00:00,,,,0,0,0,0,1,61,2026-07-10 00:00:00
COREWELL HEALTH  INTERNAL MEDICINE DEARBORN,9d286e7b-6017-417c-8a6b-763fe942c9c2,Jasmine,Jasmine Jones,Internal Medicine/PCP,One Spine Patient,Deterministically matched,Exact provider name,"ZOABI MD, SARAH",1,1,0,0,1,2026-04-29 00:00:00,2026-04-29 00:00:00,2026-04-29 00:00:00,2026-03-25 00:00:00,35,35,0,1,0,0,0,61,2026-07-10 00:00:00
Corewell Health-East,04ad9387-b1fe-45cd-bd14-73188de8e04a,Kristen,Kristen Jones,Internal Medicine/PCP,One Spine Patient,Deterministically matched,Exact provider name,"Qin MD, Pu",1,1,0,0,1,2026-02-25 00:00:00,2026-02-25 00:00:00,2026-02-25 00:00:00,2026-02-02 00:00:00,23,23,1,0,0,0,0,61,2026-07-10 00:00:00
Corewell Internal Medicine Southfield,5eb6a409-5e7b-430f-a462-af3a919cfc22,Kristen,Kristen Jones,Internal Medicine/PCP,One Spine Patient,Deterministically matched,Unique provider first + last,"Michel MD, Adrian Laith",1,1,0,0,1,2026-04-21 00:00:00,2026-04-21 00:00:00,2026-04-21 00:00:00,2026-03-04 00:00:00,48,48,0,1,0,0,0,61,2026-07-10 00:00:00
Cornerstone Lakefront Internists,16c0ac85-6d3c-4c74-97b4-385a2a7fac00,Sean,Sean Sweeney,Internal Medicine/PCP,One Spine Patient,Deterministically matched,Exact provider name,"Osowa MD, Benjamin",1,1,0,0,1,2026-02-10 00:00:00,2026-02-10 00:00:00,2026-02-10 00:00:00,2025-11-07 00:00:00,95,95,0,0,0,1,0,61,2026-07-10 00:00:00
Corwell health orthopedics Canton,48d727c6-d942-4dbb-b457-0839ac8e1b68,Jasmine,Jasmine Jones,Ortho,One Spine Patient,Deterministically matched,Exact provider name + referral PL owner,"Odeh MD, Khalid",1,1,0,0,1,2026-02-04 00:00:00,2026-02-04 00:00:00,2026-02-04 00:00:00,2025-12-15 00:00:00,51,51,0,1,0,0,0,61,2026-07-10 00:00:00
"DIAB AND KINNER INTERNAL MEDICINE, PC- use",954353cc-a941-4b77-90f3-f3fb1c62e161,Sean,Sean Sweeney,Internal Medicine/PCP,One Spine Patient,Deterministically matched,Exact provider name,"Kinner DO, Carolann",1,1,0,0,1,2026-01-15 00:00:00,2026-01-15 00:00:00,2026-01-15 00:00:00,2026-01-15 00:00:00,0,0,1,0,0,0,0,61,2026-07-10 00:00:00
DMC Orthopedics & Sports Medicine - Warren,1285806067,Coty,Coty Oetjens,Sports Medicine,One Spine Patient,Deterministically matched,Exact provider name,"ANDERSON DO, BRITTA",1,1,0,0,1,2026-02-17 00:00:00,2026-02-17 00:00:00,2026-02-17 00:00:00,2026-02-12 00:00:00,5,5,1,0,0,0,0,61,2026-07-10 00:00:00
Epic Healthcare - Southfield,a6831f2e-4f19-4f2d-bdb5-d732d5c81ce7,Coty,Coty Oetjens,Internal Medicine/PCP,One Spine Patient,Deterministically matched,Unique provider first + last,"Kalabat FNP-BC, Amber S",1,1,0,0,1,2026-01-21 00:00:00,2026-01-21 00:00:00,2026-01-21 00:00:00,2025-12-23 00:00:00,29,29,1,0,0,0,0,61,2026-07-10 00:00:00
Gratiot Family Medicine,f7eb2b6e-6864-4576-879b-81a2bb775cb1,Coty,Coty Oetjens,Internal Medicine/PCP,One Spine Patient,Deterministically matched,Exact provider name,"Darwish, Darwish",1,1,0,0,1,2026-06-25 00:00:00,2026-06-25 00:00:00,2026-06-25 00:00:00,2026-03-19 00:00:00,98,98,0,0,0,1,0,61,2026-07-10 00:00:00
Greg Monroe DO PC,4de0cfd4-93f7-4efa-a4ed-25a3ceaf173b,Kristen,Kristen Jones,Internal Medicine/PCP,One Spine Patient,Deterministically matched,Exact provider name,"Monroe DO, Gregory",1,1,0,0,1,2026-01-07 00:00:00,2026-01-07 00:00:00,2026-01-07 00:00:00,2026-01-05 00:00:00,2,2,1,0,0,0,0,61,2026-07-10 00:00:00
Henry Ford Main Internal Medicine - Grosse Pointe,1073593174,Kristen,Kristen Jones,Internal Medicine/PCP,One Spine Patient,Deterministically matched,Unique provider first + last,"Rozzell MD, Donald M",1,1,0,0,1,2026-04-21 00:00:00,2026-04-21 00:00:00,2026-04-21 00:00:00,2026-04-15 00:00:00,6,6,1,0,0,0,0,61,2026-07-10 00:00:00
Huron Family Practice Center,60ee8106-1f15-4abf-95a1-c2184761b159,Kristen,Kristen Jones,Internal Medicine/PCP,One Spine Patient,Deterministically matched,Unique provider first + last,"Whitten PA-C, Autumn A",1,1,0,0,1,2026-05-22 00:00:00,2026-05-22 00:00:00,2026-05-22 00:00:00,2026-04-21 00:00:00,31,31,0,1,0,0,0,61,2026-07-10 00:00:00
IHA UNION LAKE PEDIATRICS,905d0bbb-d935-4258-8a1e-2e30d0a25987,Kristen,Kristen Jones,Pediatrician,One Spine Patient,Deterministically matched,Unique provider first + last,"Palka, Courtney Elyse",1,1,0,0,1,2026-06-10 00:00:00,2026-06-10 00:00:00,2026-06-10 00:00:00,2026-05-26 00:00:00,15,15,1,0,0,0,0,61,2026-07-10 00:00:00
Jian Zu MD,85043f4d-a0d7-448b-9a3d-e0943de69dd8,Kristen,Kristen Jones,Internal Medicine/PCP,One Spine Patient,Deterministically matched,Exact provider name,"Zu MD, Jian",1,1,0,0,1,2026-02-02 00:00:00,2026-02-02 00:00:00,2026-02-02 00:00:00,2025-12-22 00:00:00,42,42,0,1,0,0,0,61,2026-07-10 00:00:00
Karma Internists,9e6bf540-edd8-4135-9b33-cef5e4fbcc2c,Jasmine,Jasmine Jones,Internal Medicine/PCP,One Spine Patient,Deterministically matched,Unique provider first + last,"Saini MD, Anvita  B",1,1,0,0,1,2026-03-26 00:00:00,2026-03-26 00:00:00,2026-03-26 00:00:00,2026-03-24 00:00:00,2,2,1,0,0,0,0,61,2026-07-10 00:00:00
Kashat Urgent care,0b9485b1-39bd-4f21-8222-387834af8472,Sean,Sean Sweeney,Urgent care,One Spine Patient,Deterministically matched,Unique provider first + last,"Kashat MD, Ghazawan K",1,1,0,0,1,2026-06-03 00:00:00,2026-06-03 00:00:00,2026-06-03 00:00:00,2026-03-20 00:00:00,75,75,0,0,1,0,0,61,2026-07-10 00:00:00
Legacy Family Care,6a6a4408-2a28-4e5b-aea6-b70d4b47d57c,Kristen,Kristen Jones,Internal Medicine/PCP,One Spine Patient,Deterministically matched,Exact provider name,"Koza MD, Heather",1,1,0,0,1,2026-06-01 00:00:00,2026-06-01 00:00:00,2026-06-01 00:00:00,2026-05-11 00:00:00,21,21,1,0,0,0,0,61,2026-07-10 00:00:00
Lexington Family Medicine,e91e6824-c768-4d8f-a1d0-2c6cb005cc47,Kristen,Kristen Jones,Internal Medicine/PCP,One Spine Patient,Deterministically matched,Unique provider first + last,"Laming, Christie S",1,1,0,0,1,2026-02-10 00:00:00,2026-02-10 00:00:00,2026-02-10 00:00:00,2026-01-12 00:00:00,29,29,1,0,0,0,0,61,2026-07-10 00:00:00
Lupo Chiropractic Center,ea3dd183-15b5-491c-b6b5-55d6404f4a22,Kristen,Kristen Jones,Chiropractor,One Spine Patient,Deterministically matched,Exact provider name,"Lupo, Jeffrey",1,1,0,0,1,2026-02-12 00:00:00,2026-02-12 00:00:00,2026-02-12 00:00:00,2026-02-09 00:00:00,3,3,1,0,0,0,0,61,2026-07-10 00:00:00
Madison Medical Arts,1760473094,Coty,Coty Oetjens,Internal Medicine/PCP,One Spine Patient,Deterministically matched,Exact provider name,"Hasbany MD, Robert",1,1,0,0,1,2026-06-18 00:00:00,2026-06-18 00:00:00,2026-06-18 00:00:00,2026-04-22 00:00:00,57,57,0,1,0,0,0,61,2026-07-10 00:00:00
Michigan Neurology and Spine Center,137ab9e0-c65d-4932-9dc5-f8b83b872e50,Kristen,Kristen Jones,Neurology;Pain Management,One Spine Patient,Deterministically matched,Exact provider name,"Miller FNP-BC, Carol",1,1,0,0,1,2026-05-12 00:00:00,2026-05-12 00:00:00,2026-05-12 00:00:00,2026-04-21 00:00:00,21,21,1,0,0,0,0,61,2026-07-10 00:00:00
Michigan Primary Care - Sterling Heights,ce3b56cf-1381-41d0-b067-752448464958,Sean,Sean Sweeney,Internal Medicine/PCP,One Spine Patient,Deterministically matched,Exact provider name,"Tasevski NP, Aleksandra",1,1,0,0,1,2026-05-19 00:00:00,2026-05-19 00:00:00,2026-05-19 00:00:00,2026-03-20 00:00:00,60,60,0,1,0,0,0,61,2026-07-10 00:00:00
North Macomb Medical Associates,7250fa4c-09c2-418b-94d4-8badec5b77f7,Coty,Coty Oetjens,Internal Medicine/PCP,One Spine Patient,Deterministically matched,Exact provider name,"Weymouth PA-C, Sarah",1,1,0,0,1,2026-06-09 00:00:00,2026-06-09 00:00:00,2026-06-09 00:00:00,2025-09-04 00:00:00,278,278,0,0,0,1,0,61,2026-07-10 00:00:00
Office of Josephine A. Iskander MD,b1e60538-ff76-457b-a530-3647907b307b,Coty,Coty Oetjens,Internal Medicine/PCP,One Spine Patient,Deterministically matched,Exact provider name,"Iskander MD, Josephine",1,1,0,0,1,2026-06-25 00:00:00,2026-06-25 00:00:00,2026-06-25 00:00:00,2026-04-29 00:00:00,57,57,0,1,0,0,0,61,2026-07-10 00:00:00
ORCHARD PRIMARY CARE,ba00dba0-20f9-440b-8df0-799ade91a785,Kristen,Kristen Jones,Internal Medicine/PCP,One Spine Patient,Deterministically matched,Exact provider name,"Pathak MD, Meghna",1,1,0,0,1,2026-05-01 00:00:00,2026-05-01 00:00:00,2026-05-01 00:00:00,2026-02-17 00:00:00,73,73,0,0,1,0,0,61,2026-07-10 00:00:00
PelHam Primary Care,d4c2e8cb-a4bb-454f-bc5c-8425cff6d293,Jasmine,Jasmine Jones,Internal Medicine/PCP,One Spine Patient,Deterministically matched,Exact provider name + referral PL owner,"Khader MD, Talal",1,1,0,0,1,2026-01-13 00:00:00,2026-01-13 00:00:00,2026-01-13 00:00:00,2025-12-05 00:00:00,39,39,0,1,0,0,0,61,2026-07-10 00:00:00
Plymouth physical therapy services,cd5ff85f-ef03-49bb-bf33-ee98e3b500ec,Jasmine,Jasmine Jones,Physical Therapy,One Spine Patient,Deterministically matched,Unique provider first + last,"Lefere PT, Nicholas",1,1,0,0,1,2026-06-10 00:00:00,2026-06-10 00:00:00,2026-06-10 00:00:00,2026-04-23 00:00:00,48,48,0,1,0,0,0,61,2026-07-10 00:00:00
Premier Private Physicians,fc79eac0-6f20-44c3-84a9-e20d7068fe4e,Coty,Coty Oetjens,Concierge Physicians,One Spine Patient,Deterministically matched,Exact provider name,"Peoples MD, Ashleigh",1,1,0,0,1,2026-06-09 00:00:00,2026-06-09 00:00:00,2026-06-09 00:00:00,2026-06-03 00:00:00,6,6,1,0,0,0,0,61,2026-07-10 00:00:00
Premiere Pediatrics,a8abc02a-95b9-4318-b876-60471f8fff0e,Coty,Coty Oetjens,Pediatrician,One Spine Patient,Deterministically matched,Unique provider first + last,"Thomas MD, Mark William",1,1,0,0,1,2026-06-16 00:00:00,2026-06-16 00:00:00,2026-06-16 00:00:00,2024-11-07 00:00:00,586,586,0,0,0,1,0,61,2026-07-10 00:00:00
Roberts Orthopedic Services,680822f2-58d4-4f67-b09b-01ccd6f95892,Jasmine,Jasmine Jones,Orthopedic Surgery,One Spine Patient,Deterministically matched,Unique provider first + last,"NZOMA, JONATHAN KYULU",1,1,0,0,1,2026-05-22 00:00:00,2026-05-22 00:00:00,2026-05-22 00:00:00,2026-04-15 00:00:00,37,37,0,1,0,0,0,61,2026-07-10 00:00:00
Rochester Medical Group,c82c9d5d-f644-42a6-8149-43868624eb50,Coty,Coty Oetjens,Podaitry;Internal Medicine/PCP,One Spine Patient,Deterministically matched,Exact provider name,"HAWKINS DO, JASON",1,1,0,0,1,2026-04-30 00:00:00,2026-04-30 00:00:00,2026-04-30 00:00:00,2026-03-23 00:00:00,38,38,0,1,0,0,0,61,2026-07-10 00:00:00
Rodnick Chiropractic,97e1431f-4c5b-4ec4-b3a5-47267613937b,Kristen,Kristen Jones,Chiropractor,One Spine Patient,Deterministically matched,Exact provider name,"Rodnick, Alex",1,1,0,0,1,2026-02-19 00:00:00,2026-02-19 00:00:00,2026-02-19 00:00:00,2025-12-19 00:00:00,62,62,0,0,1,0,0,61,2026-07-10 00:00:00
ROSE MEDICINE,9c2f2817-fae0-4fb0-b943-376aef6fc719,Kristen,Kristen Jones,Internal Medicine/PCP,One Spine Patient,Deterministically matched,Exact provider name,"Akinyosoye MD, Oluwasayo",1,1,0,0,1,2026-01-09 00:00:00,2026-01-09 00:00:00,2026-01-09 00:00:00,2025-11-14 00:00:00,56,56,0,1,0,0,0,61,2026-07-10 00:00:00
SOUTHFIELD MEDICAL CLINIC AND PREMIER URGENT CARE AND WALK IN CLINIC,297a710c-01f5-41e0-9ffc-d1df69e9329d,Kristen,Kristen Jones,Urgent care;Internal Medicine/PCP,One Spine Patient,Deterministically matched,Unique provider first + last,"Mansour MD, Yousif S/Ross Law",1,1,0,0,1,2026-04-20 00:00:00,2026-04-20 00:00:00,2026-04-20 00:00:00,2026-03-17 00:00:00,34,34,0,1,0,0,0,61,2026-07-10 00:00:00
Specialists in Rehabilitation Medicine,8c808cf3-9148-4a0b-8ea0-2d0882a9424e,Coty,Coty Oetjens,Physiatry;Physical Therapy;PA's,One Spine Patient,Deterministically matched,Exact provider name,"Arbit MD, Steven",1,1,0,0,1,2026-04-07 00:00:00,2026-04-07 00:00:00,2026-04-07 00:00:00,2025-07-17 00:00:00,264,264,0,0,0,1,0,61,2026-07-10 00:00:00
Sterling Physicians,1972593499,Sean,Sean Sweeney,Internal Medicine/PCP,One Spine Patient,Deterministically matched,Exact provider name,"Burtka MD, James",1,1,0,0,1,2026-07-07 00:00:00,2026-07-07 00:00:00,2026-07-07 00:00:00,2026-06-04 00:00:00,33,33,0,1,0,0,0,61,2026-07-10 00:00:00
Sudha Nannapaneni MD,f9518cc9-e8e8-4517-8250-4768d176ee8c,Coty,Coty Oetjens,Coty;Internal Medicine/PCP,One Spine Patient,Deterministically matched,Exact provider name,"Nannapaneni MD, Sudha",1,1,0,0,1,2026-01-20 00:00:00,2026-01-20 00:00:00,2026-01-20 00:00:00,2025-11-05 00:00:00,76,76,0,0,1,0,0,61,2026-07-10 00:00:00
Trinity Health IHA Medical Group Primary Care - Canton,25a91d51-ca80-40cd-88ea-8b37beaa2ea8,Jasmine,Jasmine Jones,Internal Medicine/PCP,One Spine Patient,Deterministically matched,Exact provider name,"MURRAY MD, YUJING",1,1,0,0,1,2026-07-06 00:00:00,2026-07-06 00:00:00,2026-07-06 00:00:00,2026-06-05 00:00:00,31,31,0,1,0,0,0,61,2026-07-10 00:00:00
"TWIN LAKES MEDICAL ASSOCIATES, PC",e7b52c83-5403-4607-98fb-61ffa473ccc4,Kristen,Kristen Jones,Internal Medicine/PCP,One Spine Patient,Deterministically matched,Exact provider name,"Patel MD, Priyesh",1,1,0,0,1,2026-06-10 00:00:00,2026-06-10 00:00:00,2026-06-10 00:00:00,2026-05-06 00:00:00,35,35,0,1,0,0,0,61,2026-07-10 00:00:00
Village Medical - Northville West,1255345930,Kristen,Kristen Jones,Internal Medicine/PCP,One Spine Patient,Deterministically matched,Exact provider name + referral PL owner,"Demeri MD, Nader",1,1,0,0,1,2026-05-18 00:00:00,2026-05-18 00:00:00,2026-05-18 00:00:00,2026-03-18 00:00:00,61,61,0,0,1,0,0,61,2026-07-10 00:00:00
Wigod & Falzon,1da57554-aa50-483a-b1a8-060ff843ff7c,Kristen,Kristen Jones,Attorney,One Spine Patient,Deterministically matched,Exact company name,Wigod and Falzon,1,1,0,0,1,2026-06-17 00:00:00,2026-06-17 00:00:00,2026-06-17 00:00:00,2026-05-29 00:00:00,19,19,1,0,0,0,0,61,2026-07-10 00:00:00
CoreWell Health Family Medicine,f8c5f64c-4cf6-463f-9090-68ac9735f08e,Jasmine,Jasmine Jones,Internal Medicine/PCP,Ortho Referrer,Deterministically matched,Exact provider name; Unique provider first + last,"Alqurneh DO, Amal; Ridella MD, Thomas J",10,0,7,3,10,2026-04-07 00:00:00,2026-07-09 00:00:00,,2026-07-02 00:00:00,7,29,5,5,0,0,0,48,2026-07-10 00:00:00
"PRAVEEN MODI, MD, PC",63a72095-741a-43fe-b865-a1f6398ee484,Kristen,Kristen Jones,Kristen Strategic Account;Internal Medicine/PCP,Ortho Referrer,Deterministically matched,Unique provider first + last,"Modi MD, Praveen K; Modi, Praveen K",9,0,9,0,9,2026-02-18 00:00:00,2026-07-06 00:00:00,,2026-06-04 00:00:00,32,40,2,5,2,0,0,48,2026-07-10 00:00:00
SUNNY PEDIATRICS AND FAMILY,2f39cd70-3e7f-4323-8222-52b01a24c007,Kristen,Kristen Jones,Pediatrician,Ortho Referrer,Deterministically matched,Exact provider name,"Raj MD, Navin; Raj, Navin; Syed MD, Sana",7,0,7,0,7,2026-01-05 00:00:00,2026-07-09 00:00:00,,2026-05-20 00:00:00,50,56,2,3,2,0,0,48,2026-07-10 00:00:00
Dedicated Senior Medical Center - Warren,95ae3078-f17c-44de-af58-d9fc8e58f4de,Jasmine,Jasmine Jones,Ortho;Internal Medicine/PCP,Ortho Referrer,Deterministically matched,Exact provider name; Unique provider first + last,"Khan DO, Afshan; Khangura DO, Charanpreet K",6,0,4,2,6,2026-04-03 00:00:00,2026-06-03 00:00:00,,2026-06-03 00:00:00,0,0,6,0,0,0,0,48,2026-07-10 00:00:00
Shaun Jayakar MD,f56a8949-cb8d-4abd-8405-0a939eec72d2,Coty,Coty Oetjens,Internal Medicine/PCP,Ortho Referrer,Deterministically matched,Exact provider name; Unique provider first + last,"Jayakar MD, Shaun; Jayakar MD, Shaun M",6,0,6,0,6,2026-02-26 00:00:00,2026-07-08 00:00:00,,2026-06-11 00:00:00,27,20.5,6,0,0,0,0,48,2026-07-10 00:00:00
Souva PT and Performance,ff1e6dda-d122-4127-b4fe-e380950051e4,Kristen,Kristen Jones,Physical Therapy;Sports Facilities,Ortho Referrer,Deterministically matched,Exact provider name,"Jake Souva DPT; Souva DPT, Jake; Souva PT, Jake",6,0,6,0,6,2026-03-20 00:00:00,2026-05-26 00:00:00,,2026-04-08 00:00:00,48,52,2,2,2,0,0,48,2026-07-10 00:00:00
Corewell Health Family Care of Novi,74e299c3-f9b1-4d54-8e8d-b63af23ba7fd,Jasmine,Jasmine Jones,Internal Medicine/PCP,Ortho Referrer,Deterministically matched,Exact provider name,"Kadri MD, Medina; Zaban DO, Rana",5,0,5,0,5,2026-03-09 00:00:00,2026-06-02 00:00:00,,2026-04-28 00:00:00,35,17,4,1,0,0,0,48,2026-07-10 00:00:00
Corewell Health Wayne Hospital Internal Medicine - Canton,1c7828ed-eebc-45ad-a838-28fbb2264e48,Jasmine,Jasmine Jones,Internal Medicine/PCP,Ortho Referrer,Deterministically matched,Exact provider name,"Bandri, Raghunath; Go MD, Lily",5,0,5,0,5,2026-01-02 00:00:00,2026-06-22 00:00:00,,2026-05-13 00:00:00,40,20,4,1,0,0,0,48,2026-07-10 00:00:00
Henry Ford Health - Family Medicine 8 Mile Livonia,22476694-35cd-4d2b-b17f-07cee1f1db4b,Kristen,Kristen Jones,Internal Medicine/PCP,Ortho Referrer,Deterministically matched,Exact provider name; Unique provider first + last,"Fitzgibbons MD, Kelly; Giannola MD, Joseph V; WEIN MD, SAMANTHA CHERISE; White MD, William Paul",5,0,5,0,5,2026-02-18 00:00:00,2026-06-12 00:00:00,,2026-04-24 00:00:00,49,24,4,1,0,0,0,48,2026-07-10 00:00:00
Office of Robert Brateman,1548224769,Jasmine,Jasmine Jones,Internal Medicine/PCP,Ortho Referrer,Deterministically matched,Exact provider name,"Brateman MD, Robert",5,0,5,0,5,2026-01-06 00:00:00,2026-06-16 00:00:00,,2026-05-05 00:00:00,42,42,2,1,2,0,0,48,2026-07-10 00:00:00
Internal Medicine & Primary Care Specialists- 1010,1184660490,Kristen,Kristen Jones,Internal Medicine/PCP,Ortho Referrer,Deterministically matched,Exact provider name,"Dell MD, Lawrence; Rosenbaum DO, Eric; WEST PA, RACHEL; West PA, Rachel",4,0,4,0,4,2026-01-08 00:00:00,2026-07-06 00:00:00,,2026-05-07 00:00:00,60,30.5,2,2,0,0,0,48,2026-07-10 00:00:00
Legacy Family Medicine,1558340356,Kristen,Kristen Jones,Internal Medicine/PCP,Ortho Referrer,Deterministically matched,Exact provider name,"Sayegh DO, Anthony",4,0,4,0,4,2026-01-09 00:00:00,2026-06-05 00:00:00,,2026-04-03 00:00:00,63,62.5,1,0,3,0,0,48,2026-07-10 00:00:00
Michigan Adult and Child Medicine,1700860103,Sean,Sean Sweeney,Internal Medicine/PCP;Pediatrician,Ortho Referrer,Deterministically matched,Exact provider name; Unique provider first + last,"Byrne MD, John; Fisher MD, Jeffrey; Paye MD, Renee Y",4,0,4,0,4,2026-03-31 00:00:00,2026-07-09 00:00:00,,2026-03-24 00:00:00,107,60.5,1,1,1,1,0,48,2026-07-10 00:00:00
Patrick Kut MD PC,eca14fb7-48cb-4968-b258-b97a854b34c1,Kristen,Kristen Jones,Internal Medicine/PCP,Ortho Referrer,Deterministically matched,Exact provider name,"Kut MD, Patrick",4,0,4,0,4,2026-01-21 00:00:00,2026-06-18 00:00:00,,2026-05-05 00:00:00,44,27,2,1,1,0,0,48,2026-07-10 00:00:00
Premier Pediatrics Dearborn Heights,bb55a71e-e12b-49be-9449-435cdc38cca4,Kristen,Kristen Jones,Pediatrician,Ortho Referrer,Deterministically matched,Exact provider name,"HAMAMEH DO,  MAZEN",4,0,4,0,4,2026-01-22 00:00:00,2026-05-29 00:00:00,,2026-04-06 00:00:00,53,26,3,1,0,0,0,48,2026-07-10 00:00:00
Primal Recovery and PT,d7144e2d-aac6-4f68-a775-78db28d6b445,Kristen,Kristen Jones,Physical Therapy;Sports Facilities,Ortho Referrer,Deterministically matched,Exact provider name,"Nolff DPT, Spencer",4,0,4,0,4,2026-04-13 00:00:00,2026-05-26 00:00:00,,2026-04-24 00:00:00,32,28.5,2,1,1,0,0,48,2026-07-10 00:00:00
"WAYNE MEDICAL CENTER, PLLC",bc73cba3-b59d-4259-8bb7-6129abd353ab,Kristen,Kristen Jones,Internal Medicine/PCP,Ortho Referrer,Deterministically matched,Exact provider name,"Liyanage MD, Modini",4,0,4,0,4,2026-03-12 00:00:00,2026-06-24 00:00:00,,2026-05-21 00:00:00,34,39.5,1,2,0,1,0,48,2026-07-10 00:00:00
Haller and Hug Internal Medicine,9019b0af-745f-41ea-a4ab-4e72321359d9,Kristen,Kristen Jones,Internal Medicine/PCP,Ortho Referrer,Deterministically matched,Exact provider name,"Haller MD, Jeffrey; Haller, Jeffrey; Molnar MD, Heather",12,0,2,10,12,2026-01-29 00:00:00,2026-07-09 00:00:00,,2026-05-11 00:00:00,59,57,1,8,3,0,0,42,2026-07-10 00:00:00
WEST OAKLAND INTERNISTS,b9dc6f52-5aa2-459e-98a8-79b4da67dc8a,Jasmine,Jasmine Jones,Internal Medicine/PCP,Ortho Referrer,Deterministically matched,Exact provider name,"Preston MD, Stafford; Terrio MD, Bruce; Wehbe DO, Nabil",7,0,2,5,7,2026-01-12 00:00:00,2026-06-01 00:00:00,,2026-04-28 00:00:00,34,7,5,2,0,0,0,42,2026-07-10 00:00:00
Corewell Health Family Medicine - Farmington Hills,f4e08b14-ec91-4b48-b82c-2c7f762bf721,Kristen,Kristen Jones,Internal Medicine/PCP,Ortho Referrer,Deterministically matched,Exact provider name; Unique provider first + last,"Farah MD, RENEE; Farah MD, Renee; Farah MD, Renee Afram; Johnson MD, Valerie",4,0,3,1,4,2026-01-26 00:00:00,2026-06-19 00:00:00,,2026-05-08 00:00:00,42,46,1,3,0,0,0,42,2026-07-10 00:00:00
Corewell Health Farmington Hills Hospital Family Medicine,3edb39b0-eee8-436d-b215-e28e186500be,Kristen,Kristen Jones,Internal Medicine/PCP,Ortho Referrer,Deterministically matched,Exact provider name,"Craib DO, Annie; Sebastian DO, Matthew",4,0,3,1,4,2026-01-13 00:00:00,2026-04-13 00:00:00,,2026-02-18 00:00:00,54,59,0,2,2,0,0,42,2026-07-10 00:00:00
Dedicated senior Medical Center Detroit North,85d28577-5be8-4372-8c7e-9a349c62e50d,Jasmine,Jasmine Jones,Internal Medicine/PCP,Ortho Referrer,Deterministically matched,Unique provider first + last,"Molteni, Sandra L",4,0,3,1,4,2026-01-30 00:00:00,2026-06-03 00:00:00,,2026-05-21 00:00:00,13,7,4,0,0,0,0,42,2026-07-10 00:00:00
IHA Plymouth Primary Care,92cc3682-defe-42ff-8ccd-0ff138c12b77,Jasmine,Jasmine Jones,Internal Medicine/PCP,Ortho Referrer,Deterministically matched,Exact provider name,"KOHLENBERG MD, MATTHEW; Lumley DO, Lauren; Schmehl DO, Ashley",4,0,3,1,4,2026-01-22 00:00:00,2026-05-21 00:00:00,,2026-04-10 00:00:00,41,24.5,2,1,0,1,0,42,2026-07-10 00:00:00
ASCENSION MEDICAL GROUP PROVIDENCE FAMILY AND ATHLETIC MEDICINE,2a800701-496e-4bcf-b305-aa1a21a3c7ef,Kristen,Kristen Jones,Internal Medicine/PCP,Ortho Referrer,Deterministically matched,Exact provider name; Unique provider first + last + referral PL owner,"Balmaseda, Paolo Nino; Cibor DO, Gregory; Peck MD, David",3,0,2,1,3,2026-01-14 00:00:00,2026-06-24 00:00:00,,2026-06-01 00:00:00,23,23,2,1,0,0,0,42,2026-07-10 00:00:00
BEAUMONT FAMILY MEDICINE WESTLAND,45376ca8-4cd3-43e5-945d-5f6309bac752,Kristen,Kristen Jones,Internal Medicine/PCP,Ortho Referrer,Deterministically matched,Unique provider first + last,"Drewry MD, Tyler; Lewan DO, Elizabeth Ann",3,0,3,0,3,2026-03-02 00:00:00,2026-07-10 00:00:00,,2026-06-05 00:00:00,35,35,1,2,0,0,0,42,2026-07-10 00:00:00
Corewell Health Urgent Care - Garden City,7db80555-4d31-47b0-904c-cd43fb08b2ee,Kristen,Kristen Jones,Urgent Cares,Ortho Referrer,Deterministically matched,Reviewed source alias,Corewell UC Garden City; Corewell Urgent Care Garden City,3,0,2,1,3,2026-01-05 00:00:00,2026-06-22 00:00:00,,2026-06-05 00:00:00,17,17,2,0,1,0,0,42,2026-07-10 00:00:00
Cornerstone St. Clair Internists,cc9cf66d-2e3c-4e56-9aeb-85ba4b7e600c,Kristen,Kristen Jones,Kristen Strategic Account;Internal Medicine/PCP,Ortho Referrer,Deterministically matched,Exact provider name,"Dukaj MD, Mark; Eastes, Bryan",3,0,3,0,3,2026-04-27 00:00:00,2026-06-01 00:00:00,,2026-05-12 00:00:00,20,17,3,0,0,0,0,42,2026-07-10 00:00:00
ESSENTIAL CARE FAMILY MEDICINE,131adcde-9fdc-45db-af94-831482a14212,Coty,Coty Oetjens,Internal Medicine/PCP,Ortho Referrer,Deterministically matched,Exact provider name,"Koss, Marcus",3,0,3,0,3,2026-06-23 00:00:00,2026-07-08 00:00:00,,2026-06-25 00:00:00,13,88,1,0,2,0,0,42,2026-07-10 00:00:00
Freedom Medical Clinic (Trinity),e0d8c74a-31fe-4da6-9aa4-6a2357088b6a,Jasmine,Jasmine Jones,Internal Medicine/PCP,Ortho Referrer,Deterministically matched,Exact provider name; Unique provider first + last,"Bickle DO, Randall A; Reddy MD, Trishya",3,0,2,1,3,2026-02-23 00:00:00,2026-06-18 00:00:00,,2026-05-27 00:00:00,22,22,3,0,0,0,0,42,2026-07-10 00:00:00
Hamtramck Community Medical Center,a05c84d7-ae44-4f75-a80e-972ce19c5477,Kristen,Kristen Jones,Internal Medicine/PCP,Ortho Referrer,Deterministically matched,Exact provider name,"Uddin MD, Redwan",3,0,2,1,3,2026-01-19 00:00:00,2026-04-09 00:00:00,,2026-02-25 00:00:00,43,34,1,2,0,0,0,42,2026-07-10 00:00:00
Henry Ford Health Medical Center (Ascension),3a5cf92c-ae21-4227-96ec-08c2968a5939,Coty,Coty Oetjens,Internal Medicine/PCP,Ortho Referrer,Deterministically matched,Exact provider name; Unique provider first + last,"Farhat MD, Anna; Murphy MD, Mary E",3,0,3,0,3,2026-01-13 00:00:00,2026-06-29 00:00:00,,2026-06-18 00:00:00,11,11,2,1,0,0,0,42,2026-07-10 00:00:00
Lakeside Internal Medicine,1c5c4e69-60f0-4d66-a3ee-9a33e818a99b,Coty,Coty Oetjens,Internal Medicine/PCP,Ortho Referrer,Deterministically matched,Exact provider name,"Skardarasy MD, Charles",3,0,3,0,3,2026-01-06 00:00:00,2026-03-10 00:00:00,,2026-02-20 00:00:00,18,22,2,1,0,0,0,42,2026-07-10 00:00:00
MHP - West,ad377c20-ff69-40a9-a224-4a5787ab13bb,Kristen,Kristen Jones,Internal Medicine/PCP,Ortho Referrer,Deterministically matched,Exact provider name,"Baroff DO, Stewart",3,0,3,0,3,2026-03-10 00:00:00,2026-05-14 00:00:00,,2026-03-18 00:00:00,57,64,0,1,2,0,0,42,2026-07-10 00:00:00
Physician HeathCare Network - Michele Raymond DO,6904e522-5104-4c29-ae02-e787473b0edf,Kristen,Kristen Jones,Kristen Strategic Account;Internal Medicine/PCP,Ortho Referrer,Deterministically matched,Exact provider name; Unique provider first + last,"Raymond DO, Michele L; Sabala NP, Danielle",3,0,3,0,3,2026-01-08 00:00:00,2026-04-16 00:00:00,,2026-04-07 00:00:00,9,21,2,1,0,0,0,42,2026-07-10 00:00:00
Silver Pine Medical Group - Sterling Heights,cac69af6-f814-4339-a4f4-d8cd7112ec3c,Kristen,Kristen Jones,Kristen Strategic Account;Internal Medicine/PCP,Ortho Referrer,Deterministically matched,Unique provider first + last,"Hichme MD, Jennifer L; Thibault MD, Steven J",3,0,2,1,3,2026-01-16 00:00:00,2026-05-05 00:00:00,,2026-04-03 00:00:00,32,32,1,1,1,0,0,42,2026-07-10 00:00:00
Sterling Heights Urgent Care,719fbbb9-0131-4ed6-bfd7-14646d9c41fb,Sean,Sean Sweeney,Urgent care,Ortho Referrer,Deterministically matched,Exact company name,Sterling Heights Urgent Care,3,0,2,1,3,2026-02-17 00:00:00,2026-04-17 00:00:00,,2026-04-17 00:00:00,0,25,2,1,0,0,0,42,2026-07-10 00:00:00
Trinity IHA Primary Care - Schoolcraft Campus,4b1cacba-85fb-4f63-8660-c3314cf72677,Kristen,Kristen Jones,Internal Medicine/PCP,Ortho Referrer,Deterministically matched,Exact provider name,"Klink DO, Michelle; Shih DO, Jenny",3,0,3,0,3,2026-01-06 00:00:00,2026-06-29 00:00:00,,2026-04-24 00:00:00,66,56,1,1,1,0,0,42,2026-07-10 00:00:00
Blue Water Internal Medicine PC,a086480a-231f-4bcb-9889-891475aa37b8,Kristen,Kristen Jones,Internal Medicine/PCP,Ortho Referrer,Deterministically matched,Exact provider name,"Daher MD, Emad",2,0,2,0,2,2026-02-04 00:00:00,2026-03-03 00:00:00,,2026-01-29 00:00:00,33,19.5,1,1,0,0,0,42,2026-07-10 00:00:00
BN Nandish MD,4dee089f-61d1-4d13-9fca-62b8d8ffc312,Jasmine,Jasmine Jones,Internal Medicine/PCP,Ortho Referrer,Deterministically matched,Unique provider first + last,"Nandish MD, Banathally N",2,0,2,0,2,2026-03-06 00:00:00,2026-04-03 00:00:00,,2026-03-03 00:00:00,31,17,1,1,0,0,0,42,2026-07-10 00:00:00
Corewell Urgent Care - Allen Park,5090dcdb-4928-46db-ad3f-6b5e013d2d53,Kristen,Kristen Jones,Urgent Cares,Ortho Referrer,Deterministically matched,Exact company name,COREWELL UC ALLEN PARK; Corewell Urgent Care Allen Park,2,0,2,0,2,2026-04-28 00:00:00,2026-05-26 00:00:00,,2026-05-01 00:00:00,25,54.5,1,0,1,0,0,42,2026-07-10 00:00:00
Downriver Internists,1992798961,Sean,Sean Sweeney,Internal Medicine/PCP,Ortho Referrer,Deterministically matched,Exact provider name,"Gatla MD, Srinivas",2,0,2,0,2,2026-05-11 00:00:00,2026-05-14 00:00:00,,2026-04-22 00:00:00,22,20.5,2,0,0,0,0,42,2026-07-10 00:00:00
Dr. Carley and Associates,045c37c9-22cf-4959-b217-ecbbf986a60c,Kristen,Kristen Jones,Internal Medicine/PCP,Ortho Referrer,Deterministically matched,Exact provider name,"Stromberg MD, Reid",2,0,2,0,2,2026-05-11 00:00:00,2026-05-14 00:00:00,,2026-05-05 00:00:00,9,7.5,2,0,0,0,0,42,2026-07-10 00:00:00
"FAMILY MEDICINE, PC",e81bc37f-2055-4c48-8e89-e2bca87d2f73,Kristen,Kristen Jones,Internal Medicine/PCP,Ortho Referrer,Deterministically matched,Exact provider name,"Tobar DO, Rodrigo",2,0,2,0,2,2026-01-06 00:00:00,2026-05-08 00:00:00,,2026-03-04 00:00:00,65,40,1,0,1,0,0,42,2026-07-10 00:00:00
Grosse Pointe Physicians and Surgeons,8c2316fd-41e0-4fe5-b02a-8a481768ec08,Kristen,Kristen Jones,Internal Medicine/PCP,Ortho Referrer,Deterministically matched,Exact provider name,"KOTSIS DO, ANDREW",2,0,2,0,2,2026-02-10 00:00:00,2026-04-08 00:00:00,,2026-01-28 00:00:00,70,41.5,1,0,1,0,0,42,2026-07-10 00:00:00
Henry Ford Internal & Family Medicine - Farmington Hills -170,4854db87-cb06-45bd-9c8a-7a3e77cfa827,Kristen,Kristen Jones,Internal Medicine/PCP,Ortho Referrer,Deterministically matched,Exact provider name,"Elyas MD, Nahid",2,0,2,0,2,2026-02-26 00:00:00,2026-04-16 00:00:00,,2026-02-16 00:00:00,59,34.5,1,1,0,0,0,42,2026-07-10 00:00:00
"IHA, Primary Care - Cherry Hill Village",88f17311-2f10-4d7d-b250-085575fb31c1,Jasmine,Jasmine Jones,Internal Medicine/PCP,Ortho Referrer,Deterministically matched,Exact provider name; Unique provider first + last,"Parrinello, Frank; YEE MD, KRISTEN ALEXIS",2,0,2,0,2,2026-04-07 00:00:00,2026-04-23 00:00:00,,2026-03-12 00:00:00,42,34,1,1,0,0,0,42,2026-07-10 00:00:00
Internal Medicine Associates Port Huron,8afa43db-e543-40bf-9328-2479a24606d8,Kristen,Kristen Jones,Internal Medicine/PCP,Ortho Referrer,Deterministically matched,Exact provider name; Unique provider first + last,"Hajjar MD, Riad Robert; Saeed, Sajjad",2,0,2,0,2,2026-01-08 00:00:00,2026-05-06 00:00:00,,2026-05-05 00:00:00,1,18,1,1,0,0,0,42,2026-07-10 00:00:00
iTest Health Family Medicine,2217eb9b-1f7c-434b-9c5f-77ebd185fb7c,Kristen,Kristen Jones,Internal Medicine/PCP,Ortho Referrer,Deterministically matched,Exact provider name,"Bartell MD, Stacey",2,0,2,0,2,2026-04-10 00:00:00,2026-05-21 00:00:00,,2026-04-24 00:00:00,27,50,1,0,1,0,0,42,2026-07-10 00:00:00
Ivy Rehab - Novi,df60078e-201f-47fc-b9e3-dea78ab7c916,Kristen,Kristen Jones,Physical Therapy,Ortho Referrer,Deterministically matched,Exact provider name,"Jesser DPT, Emily; Jesser, Emily DPT",2,0,2,0,2,2026-06-12 00:00:00,2026-07-10 00:00:00,,2026-06-01 00:00:00,39,25,1,1,0,0,0,42,2026-07-10 00:00:00
Levan Internists,1972528818,Coty,Coty Oetjens,Internal Medicine/PCP;Nephrology,Ortho Referrer,Deterministically matched,Exact provider name,"Viswanath MD, Talanki",2,0,2,0,2,2026-04-01 00:00:00,2026-04-30 00:00:00,,2026-03-11 00:00:00,50,35.5,1,1,0,0,0,42,2026-07-10 00:00:00
Marko Law,7adfcce2-7d98-4f4d-aaa5-95eb30889397,Kristen,Kristen Jones,Attorney,Ortho Referrer,Deterministically matched,Exact company name,Marko Law,2,0,2,0,2,2026-05-15 00:00:00,2026-05-21 00:00:00,,2026-03-26 00:00:00,56,53,0,2,0,0,0,42,2026-07-10 00:00:00
MD VIP - Trenton,0e7f5d40-b8a0-4524-96a4-2229c7d1e5e7,Jasmine,Jasmine Jones,Concierge Physicians;Internal Medicine/PCP,Ortho Referrer,Deterministically matched,Exact provider name; Exact provider name + referral PL owner,"Bauer MD, Michelle; Fretz DO, Jennifer",2,0,2,0,2,2026-02-23 00:00:00,2026-06-26 00:00:00,,2026-03-17 00:00:00,101,69.5,0,1,0,1,0,42,2026-07-10 00:00:00
MDVip - Southfield,795ab9a0-8c97-4995-83b6-2fe8b10fcf2a,Kristen,Kristen Jones,Concierge Physicians,Ortho Referrer,Deterministically matched,Unique provider first + last,"Lerner DO, Sandra S",2,0,2,0,2,2026-02-23 00:00:00,2026-05-04 00:00:00,,2026-03-04 00:00:00,61,62,0,0,2,0,0,42,2026-07-10 00:00:00
MICHIGAN PREMIER INTERNISTS,8d7b190e-e89f-4b22-b037-7042bcdd7579,Kristen,Kristen Jones,Internal Medicine/PCP,Ortho Referrer,Deterministically matched,Exact provider name,"Ostro Brown MD, Helen; Ostro-Brown MD, Helen",2,0,2,0,2,2026-01-21 00:00:00,2026-06-10 00:00:00,,2026-05-21 00:00:00,20,27.5,1,1,0,0,0,42,2026-07-10 00:00:00
Office of Robert Vartabedian MD,a3906606-5f95-4b86-b5ca-235186bdde34,Jasmine,Jasmine Jones,Internal Medicine/PCP,Ortho Referrer,Deterministically matched,Exact provider name,"Vartabedian MD, Robert",2,0,2,0,2,2026-06-08 00:00:00,2026-06-19 00:00:00,,2026-04-14 00:00:00,66,60.5,0,1,1,0,0,42,2026-07-10 00:00:00
Physician HealthCare Network,1134195258,Kristen,Kristen Jones,Kristen Strategic Account;Internal Medicine/PCP,Ortho Referrer,Deterministically matched,Exact provider name,"Cavataio MD, Pietro; Colombo, Antonio",2,0,2,0,2,2026-03-17 00:00:00,2026-04-21 00:00:00,,2026-03-23 00:00:00,29,41,1,1,0,0,0,42,2026-07-10 00:00:00
Pioneer Medical Associates - Warren,1750481842,Sean,Sean Sweeney,Internal Medicine/PCP,Ortho Referrer,Deterministically matched,Exact provider name,"Koneru, Srinivas; Marcotte, Robert",2,0,2,0,2,2026-01-13 00:00:00,2026-03-18 00:00:00,,2026-02-04 00:00:00,42,31,1,1,0,0,0,42,2026-07-10 00:00:00
Progressive Health Care,1790797207,Coty,Coty Oetjens,Internal Medicine/PCP,Ortho Referrer,Deterministically matched,Exact provider name,"Haroutunian DO, Michael",2,0,2,0,2,2026-05-01 00:00:00,2026-05-14 00:00:00,,2026-04-21 00:00:00,23,16.5,2,0,0,0,0,42,2026-07-10 00:00:00
Pryde Athletics and Physical Therapy,70091951-e0bd-42eb-9eb7-c5be5ce88649,Kristen,Kristen Jones,Kristen Strategic Account;Physical Therapy;Sports Facilities,Ortho Referrer,Deterministically matched,Unique provider first + last,"Martenka DPT, Joe Pryde Athletics; Pickworth DPT, Amanda - Pryde Athletics",2,0,2,0,2,2026-02-17 00:00:00,2026-03-26 00:00:00,,2026-03-10 00:00:00,16,40,1,0,1,0,0,42,2026-07-10 00:00:00
Roseville Family Practice,c96dc780-a933-4f9f-aaa3-e1da22d0f35e,Sean,Sean Sweeney,Internal Medicine/PCP,Ortho Referrer,Deterministically matched,Exact provider name,"Holowinski MD, Mark",2,0,2,0,2,2026-01-29 00:00:00,2026-02-02 00:00:00,,2026-01-14 00:00:00,19,17,2,0,0,0,0,42,2026-07-10 00:00:00
Sterling Family Medicine,1598941148,Kristen,Kristen Jones,Internal Medicine/PCP,Ortho Referrer,Deterministically matched,Exact provider name,"Bolukh MD, Oleh",2,0,2,0,2,2026-01-16 00:00:00,2026-05-13 00:00:00,,2026-04-29 00:00:00,14,36.5,1,1,0,0,0,42,2026-07-10 00:00:00
Superior Family Medicine - Health Venters Detroit -use this onea,49af378b-9c15-4649-815d-958a79af2f84,Kristen,Kristen Jones,Internal Medicine/PCP,Ortho Referrer,Deterministically matched,Exact provider name,"Haney DO, James",2,0,2,0,2,2026-04-15 00:00:00,2026-07-09 00:00:00,,2026-05-28 00:00:00,42,41.5,0,2,0,0,0,42,2026-07-10 00:00:00
Wadhams Family Care,16b28f94-4956-4a84-8936-0ae7dbe24994,Kristen,Kristen Jones,Internal Medicine/PCP,Ortho Referrer,Deterministically matched,Exact provider name,"James DO, Gary",2,0,2,0,2,2026-04-02 00:00:00,2026-05-28 00:00:00,,2026-05-05 00:00:00,23,29,1,1,0,0,0,42,2026-07-10 00:00:00
Western Wayne Physicians - Livonia,c6f8c7f7-2386-4788-9102-c4f9ebda94b8,Jasmine,Jasmine Jones,Internal Medicine/PCP,Ortho Referrer,Deterministically matched,Exact provider name,"Schmidt MD, Tamara",2,0,2,0,2,2026-03-06 00:00:00,2026-03-30 00:00:00,,2026-03-03 00:00:00,27,15,2,0,0,0,0,42,2026-07-10 00:00:00
Premier Internists - Suite 180,23ff4711-fcf4-4eb3-bd86-aa07b5332791,Kristen,Kristen Jones,Internal Medicine/PCP,Ortho Referrer,Deterministically matched,Exact provider name; Unique provider first + last,"Ilayan, Samer A; Kizy MD, Michael; Lipson MD, Peter",5,0,1,4,5,2026-02-03 00:00:00,2026-07-07 00:00:00,,2026-05-08 00:00:00,60,60,1,2,2,0,0,37,2026-07-10 00:00:00
Cornerstone Garfield Family Practice - Ascension,67778aa6-f0ab-4aac-80f9-0de0c25b2ac8,Coty,Coty Oetjens,Internal Medicine/PCP,Ortho Referrer,Deterministically matched,Exact provider name,"Gleesing DO, Ryan; VENDITTELLI MD, CARLISLE",3,0,1,2,3,2026-02-17 00:00:00,2026-07-06 00:00:00,,2026-06-16 00:00:00,20,4,3,0,0,0,0,37,2026-07-10 00:00:00
Legend Health - Now One Health,078d2fa6-e81c-41d1-95f2-04234d511192,Kristen,Kristen Jones,Internal Medicine/PCP,Ortho Referrer,Deterministically matched,Exact provider name,"BRIETZKE, THERESA; Williams MD, David; Williams, David",3,0,1,2,3,2026-02-17 00:00:00,2026-06-16 00:00:00,,2026-05-27 00:00:00,20,57,1,1,1,0,0,37,2026-07-10 00:00:00
Village Medical - Novi,60ca59a0-452f-4fea-8aff-cf4ef63862b7,Jasmine,Jasmine Jones,Pain;Internal Medicine/PCP;Pediatrician,Ortho Referrer,Deterministically matched,Exact provider name,"Golden MD, James; Rosenberg MD, Daniel",3,0,1,2,3,2026-01-26 00:00:00,2026-05-07 00:00:00,,2026-04-01 00:00:00,36,18,2,1,0,0,0,37,2026-07-10 00:00:00
ALLEN PARK FAMILY PHYSICIANS,617ab041-696a-4d5d-92bd-eb43c5eb4276,Kristen,Kristen Jones,Internal Medicine/PCP,Ortho Referrer,Deterministically matched,Exact provider name; Unique provider first + last,"Vandehey DO, Patrick R; Vandehey, Patrick",2,0,1,1,2,2026-01-13 00:00:00,2026-03-13 00:00:00,,2026-02-03 00:00:00,38,46,0,2,0,0,0,37,2026-07-10 00:00:00
Alliance - Macomb,cfa43a87-0a00-4e16-8816-57177ce29fb3,Coty,Coty Oetjens,Internal Medicine/PCP,Ortho Referrer,Deterministically matched,Exact provider name,"Savalli DO, Michael; Toomajian DO, Leo",2,0,1,1,2,2026-05-04 00:00:00,2026-07-09 00:00:00,,2026-07-07 00:00:00,2,4.5,2,0,0,0,0,37,2026-07-10 00:00:00
Beaumont Associated Family Care - Warren,81c6691d-f02d-49d9-940d-49ca3462c7fa,Coty,Coty Oetjens,Internal Medicine/PCP,Ortho Referrer,Deterministically matched,Exact provider name; Unique provider first + last,"PEERA, AVA (ZOC DOC); Peera, Ava",2,0,1,1,2,2026-04-30 00:00:00,2026-06-22 00:00:00,,2026-04-24 00:00:00,59,32.5,1,1,0,0,0,37,2026-07-10 00:00:00
Bully Family Physicians,1841257029,Kristen,Kristen Jones,Internal Medicine/PCP,Ortho Referrer,Deterministically matched,Exact provider name,"Bully MD, Tammie",2,0,1,1,2,2026-03-12 00:00:00,2026-06-15 00:00:00,,2026-05-27 00:00:00,19,13.5,2,0,0,0,0,37,2026-07-10 00:00:00
Dedicated Senior Medical Center - Eastpointe,461fe196-5467-4d92-bec8-0125858453c8,Jasmine,Jasmine Jones,Internal Medicine/PCP;Geriatrics,Ortho Referrer,Deterministically matched,Exact provider name,"Patel MD, Poonam",2,0,1,1,2,2026-03-24 00:00:00,2026-05-12 00:00:00,,2026-05-12 00:00:00,0,0.5,2,0,0,0,0,37,2026-07-10 00:00:00
Millennium Affiliated Physicians - 130B,27e5353b-7c0d-406b-be13-0d0eb3c3e200,Kristen,Kristen Jones,Internal Medicine/PCP,Ortho Referrer,Deterministically matched,Exact provider name,"Trivax MD, Geoffrey; White MD, Michael",2,0,1,1,2,2026-01-29 00:00:00,2026-04-08 00:00:00,,2026-02-16 00:00:00,51,54.5,0,2,0,0,0,37,2026-07-10 00:00:00
Oakland Internal Medicine Associates - Henry Ford,1053422006,Coty,Coty Oetjens,Internal Medicine/PCP,Ortho Referrer,Deterministically matched,Unique provider first + last,"Bassily DO, Tiffany Lynn; Learner DO, James M",2,0,1,1,2,2026-02-04 00:00:00,2026-04-23 00:00:00,,2026-03-11 00:00:00,43,45,0,2,0,0,0,37,2026-07-10 00:00:00
Prism Medical Group - Family Medicine Ste 240,b95fc8ff-585a-4d2e-9aae-c2ea0fd1b50c,Coty,Coty Oetjens,Internal Medicine/PCP,Ortho Referrer,Deterministically matched,Unique provider first + last,"Geevarghese MD, Roby J; Ortwine MD, Kelly Z",2,0,1,1,2,2026-01-21 00:00:00,2026-05-05 00:00:00,,2025-10-22 00:00:00,195,143,0,0,0,2,0,37,2026-07-10 00:00:00
Troy Health Center,c80937d7-1504-43ae-af51-bb0f13603168,Coty,Coty Oetjens,Internal Medicine/PCP,Ortho Referrer,Deterministically matched,Exact provider name,"Lauder MD, Nehman; XU MD, JINPING",2,0,1,1,2,2026-02-02 00:00:00,2026-03-27 00:00:00,,2026-03-05 00:00:00,22,65.5,1,0,0,1,0,37,2026-07-10 00:00:00
Village Medical Wayne,7e594070-5f19-4b0e-982f-f339ee92109c,Kristen,Kristen Jones,Internal Medicine/PCP,Ortho Referrer,Deterministically matched,Exact provider name,"Brock DO, Robert Coleman",2,0,1,1,2,2026-02-17 00:00:00,2026-03-30 00:00:00,,2026-02-12 00:00:00,46,25.5,1,1,0,0,0,37,2026-07-10 00:00:00
"WEST BLOOMFIELD INTERNAL MEDICINE, PLLC",edf56788-9b9d-4f4d-a93a-59a09f7cb794,Kristen,Kristen Jones,Internal Medicine/PCP,Ortho Referrer,Deterministically matched,Exact provider name,"Bragman DO, James",2,0,1,1,2,2026-02-11 00:00:00,2026-03-27 00:00:00,,2026-02-12 00:00:00,43,53.5,0,1,1,0,0,37,2026-07-10 00:00:00
ACADEMIC INTERNAL MEDICINE SPECIALISTS,24230075-46f5-44cf-bd8f-deb5f276aa99,Jasmine,Jasmine Jones,Internal Medicine/PCP,Ortho Referrer,Deterministically matched,Unique provider first + last,"Williams MD, Michael A",1,0,1,0,1,2026-03-10 00:00:00,2026-03-10 00:00:00,,2026-03-03 00:00:00,7,7,1,0,0,0,0,37,2026-07-10 00:00:00
Allied Internists,1063423176,Sean,Sean Sweeney,Internal Medicine/PCP,Ortho Referrer,Deterministically matched,Exact provider name,"Ishaqsei MD, Wahed",1,0,1,0,1,2026-02-05 00:00:00,2026-02-05 00:00:00,,2025-12-15 00:00:00,52,52,0,1,0,0,0,37,2026-07-10 00:00:00
APH - Pavillion IM Use this one,2042f8c4-062b-497d-93cd-a5501bc57707,Kristen,Kristen Jones,Internal Medicine/PCP,Ortho Referrer,Deterministically matched,Unique provider first + last,"Huber MD, Yosef Yitzchok",1,0,1,0,1,2026-04-20 00:00:00,2026-04-20 00:00:00,,2026-03-05 00:00:00,46,46,0,1,0,0,0,37,2026-07-10 00:00:00
Aquino Integrative Internal Medicine,1780671461,Sean,Sean Sweeney,Internal Medicine/PCP,Ortho Referrer,Deterministically matched,Exact provider name,"Aquino DO, Robert",1,0,1,0,1,2026-03-30 00:00:00,2026-03-30 00:00:00,,2026-03-12 00:00:00,18,18,1,0,0,0,0,37,2026-07-10 00:00:00
Associated Orthopedists of Detroit-Shelby Township,59a078a4-145e-43bb-8052-a1ff32814d1e,Coty,Coty Oetjens,Orthopedic Surgery,Ortho Referrer,Deterministically matched,Unique provider first + last,"Ajluni DO, Andrew Farris",1,0,1,0,1,2026-05-21 00:00:00,2026-05-21 00:00:00,,2026-03-12 00:00:00,70,70,0,0,1,0,0,37,2026-07-10 00:00:00
"BADHWAR ASSOCIATES, MD, PC",930e15d8-29b2-49a1-be3d-7eae0da7dc41,Jasmine,Jasmine Jones,Internal Medicine/PCP,Ortho Referrer,Deterministically matched,Exact provider name,"Badhwar MD, Avlokita",1,0,1,0,1,2026-05-13 00:00:00,2026-05-13 00:00:00,,2026-01-26 00:00:00,107,107,0,0,0,1,0,37,2026-07-10 00:00:00
Barclay Internists,1528076619,Coty,Coty Oetjens,Internal Medicine/PCP,Ortho Referrer,Deterministically matched,Exact provider name,"Meri MD, Abdel Wahab",1,0,1,0,1,2026-01-06 00:00:00,2026-01-06 00:00:00,,2025-10-10 00:00:00,88,88,0,0,1,0,0,37,2026-07-10 00:00:00
BASEL BRIKHO MEDICAL GROUP - use this one,7f38b648-2666-44e3-ad8a-135b873364c5,Kristen,Kristen Jones,Internal Medicine/PCP,Ortho Referrer,Deterministically matched,Unique provider first + last,"Jamil MD MPH, Mada H",1,0,1,0,1,2026-06-24 00:00:00,2026-06-24 00:00:00,,2026-06-05 00:00:00,19,19,1,0,0,0,0,37,2026-07-10 00:00:00
Belamedica,b0dd30c7-d622-45a0-afcc-00519e73eca3,Coty,Coty Oetjens,Internal Medicine/PCP,Ortho Referrer,Deterministically matched,Exact provider name,"Mishulin MD, Svetlana",1,0,1,0,1,2026-06-22 00:00:00,2026-06-22 00:00:00,,2025-05-13 00:00:00,405,405,0,0,0,1,0,37,2026-07-10 00:00:00
Beverly Hills Internal Medicine,04-330-7414,Kristen,Kristen Jones,Internal Medicine/PCP,Ortho Referrer,Deterministically matched,Exact provider name,"Shishu MD, Nidhi",1,0,1,0,1,2026-02-24 00:00:00,2026-02-24 00:00:00,,2026-01-30 00:00:00,25,25,1,0,0,0,0,37,2026-07-10 00:00:00
Blue Water Urgent Care - Port Huron,97837698-b314-4e35-a9af-a63d6305dc5b,Kristen,Kristen Jones,Urgent Cares,Ortho Referrer,Deterministically matched,Exact company name,Blue Water Urgent Care Port Huron,1,0,1,0,1,2026-03-19 00:00:00,2026-03-19 00:00:00,,2026-02-05 00:00:00,42,42,0,1,0,0,0,37,2026-07-10 00:00:00
CANTON FOOT & Ankle SPECIALISTS,13dc6a74-7486-4022-8993-7eaf6b95734e,Jasmine,Jasmine Jones,Podiatrist,Ortho Referrer,Deterministically matched,Exact provider name,"SEMMA, BRANDON",1,0,1,0,1,2026-01-20 00:00:00,2026-01-20 00:00:00,,2026-01-15 00:00:00,5,5,1,0,0,0,0,37,2026-07-10 00:00:00
Care Medical Clinic of Canton,1356380513,Jasmine,Jasmine Jones,Internal Medicine/PCP,Ortho Referrer,Deterministically matched,Exact provider name,"Debrincat, Paul G",1,0,1,0,1,2026-05-08 00:00:00,2026-05-08 00:00:00,,2026-03-16 00:00:00,53,53,0,1,0,0,0,37,2026-07-10 00:00:00
CENTER FOR INTERNAL MEDICINE CONTINUITY CLINIC,ce969d89-5e72-4361-9024-039ad31f5bc3,Jasmine,Jasmine Jones,Internal Medicine/PCP,Ortho Referrer,Deterministically matched,Exact provider name,"Nguyen DO, Hao",1,0,1,0,1,2026-01-13 00:00:00,2026-01-13 00:00:00,,2025-12-15 00:00:00,29,29,1,0,0,0,0,37,2026-07-10 00:00:00
"CHARLES G GODOSHIAN, MD, PC",1a773df8-9f15-454d-a12a-8fd6751d4903,Kristen,Kristen Jones,Internal Medicine/PCP,Ortho Referrer,Deterministically matched,Unique provider first + last,"Godoshian MD, Charles G",1,0,1,0,1,2026-06-05 00:00:00,2026-06-05 00:00:00,,2026-05-28 00:00:00,8,8,1,0,0,0,0,37,2026-07-10 00:00:00
City Medical - Southgate,1326021262,Jasmine,Jasmine Jones,Internal Medicine/PCP,Ortho Referrer,Deterministically matched,Exact provider name,"Omar PA-C, Nabeel",1,0,1,0,1,2026-05-08 00:00:00,2026-05-08 00:00:00,,2026-04-22 00:00:00,16,16,1,0,0,0,0,37,2026-07-10 00:00:00
Clarkston Medical Group,24639120-4fbe-4135-8d9e-1409bb0fd8cb,Coty,Coty Oetjens,Internal Medicine/PCP,Ortho Referrer,Deterministically matched,Exact provider name,"Moscovic DO, Dean",1,0,1,0,1,2026-04-17 00:00:00,2026-04-17 00:00:00,,2026-03-02 00:00:00,46,46,0,1,0,0,0,37,2026-07-10 00:00:00
Clarkston Medical Group Adult & Pediatric Medicine,b24ac823-2845-4622-ad3b-eb46f7171bbb,Coty,Coty Oetjens,Coty;Internal Medicine/PCP,Ortho Referrer,Deterministically matched,Unique provider first + last,"French DO, Katherine Zwark",1,0,1,0,1,2026-03-04 00:00:00,2026-03-04 00:00:00,,2026-03-02 00:00:00,2,2,1,0,0,0,0,37,2026-07-10 00:00:00
Corewell Health Family Medicine -SAINT CLAIR SHORES,a7f38558-5076-4a5b-9bd2-68b110ff29c1,Coty,Coty Oetjens,Internal Medicine/PCP,Ortho Referrer,Deterministically matched,Unique provider first + last,"Shah MD, Sheena P",1,0,1,0,1,2026-06-15 00:00:00,2026-06-15 00:00:00,,2026-04-27 00:00:00,49,49,0,1,0,0,0,37,2026-07-10 00:00:00
Corewell Health Medical Group East,94e41be8-c824-4bbd-8119-47ffbb084071,Coty,Coty Oetjens,Internal Medicine/PCP;PCP,Ortho Referrer,Deterministically matched,Exact provider name,"Jain MD, Deepali",1,0,1,0,1,2026-03-04 00:00:00,2026-03-04 00:00:00,,2026-02-16 00:00:00,16,16,1,0,0,0,0,37,2026-07-10 00:00:00
Corewell Internal Medicine Midway,2ce334a8-959e-4c7d-9b94-f3d5cb4183a3,Coty,Coty Oetjens,Internal Medicine/PCP,Ortho Referrer,Deterministically matched,Exact provider name,"Rastogi MD, Shailaja",1,0,1,0,1,2026-05-14 00:00:00,2026-05-14 00:00:00,,2026-04-24 00:00:00,20,20,1,0,0,0,0,37,2026-07-10 00:00:00
Corondan Medical,1376594887,Coty,Coty Oetjens,Internal Medicine/PCP,Ortho Referrer,Deterministically matched,Exact provider name,"Corondan MD, Victor",1,0,1,0,1,2026-04-01 00:00:00,2026-04-01 00:00:00,,2026-03-27 00:00:00,5,5,1,0,0,0,0,37,2026-07-10 00:00:00
Corwell internal medicine and primary care,3a2a1db5-c1c4-41cd-a7f3-b4e0b388e268,Jasmine,Jasmine Jones,Internal Medicine/PCP,Ortho Referrer,Deterministically matched,Exact provider name,"VAYNTRUB MD, ELAINA",1,0,1,0,1,2026-06-08 00:00:00,2026-06-08 00:00:00,,,,,0,0,0,0,1,37,2026-07-10 00:00:00
Croswell Clinic - McKenzie Health System,2ac1e0f1-866e-4ffa-a132-1099d6d87433,Kristen,Kristen Jones,Internal Medicine/PCP,Ortho Referrer,Deterministically matched,Exact provider name,"Gormley MD, Matthew",1,0,1,0,1,2026-03-31 00:00:00,2026-03-31 00:00:00,,2026-03-19 00:00:00,12,12,1,0,0,0,0,37,2026-07-10 00:00:00
David S Weingarden MD & Associates,ec2dcadc-ce63-4324-aea0-52ae2b2bdd91,Sean,Sean Sweeney,Neurology;Physiatry;Pain Management,Ortho Referrer,Deterministically matched,Exact provider name,"Davis MD, David",1,0,1,0,1,2026-05-29 00:00:00,2026-05-29 00:00:00,,2026-03-26 00:00:00,64,64,0,0,1,0,0,37,2026-07-10 00:00:00
DR TODD PEDIATRICS,4766540b-1aad-4d5c-979d-7adc928bfb0e,Kristen,Kristen Jones,DO NOT CALL,Ortho Referrer,Deterministically matched,Unique provider first + last,"Marcus DO, Todd S",1,0,1,0,1,2026-05-15 00:00:00,2026-05-15 00:00:00,,2025-02-26 00:00:00,443,443,0,0,0,1,0,37,2026-07-10 00:00:00
Dr. Robin’s Heath and Wellness Center,31a45584-b284-4569-b97c-27016e2c1362,Kristen,Kristen Jones,Internal Medicine/PCP,Ortho Referrer,Deterministically matched,Exact provider name,"Lipski DO, Robin L",1,0,1,0,1,2026-06-02 00:00:00,2026-06-02 00:00:00,,2026-04-24 00:00:00,39,39,0,1,0,0,0,37,2026-07-10 00:00:00
Eastside Podiatry,36-154-3205,,,Podaitry,Ortho Referrer,Deterministically matched,Exact provider name,"Burhani DPM, Hatim",1,0,1,0,1,2026-05-07 00:00:00,2026-05-07 00:00:00,,2026-04-27 00:00:00,10,10,1,0,0,0,0,37,2026-07-10 00:00:00
Elite Family Medicine,3b700a13-2f3b-4e83-bd1f-61bd1cca19e6,Sean,Sean Sweeney,Internal Medicine/PCP,Ortho Referrer,Deterministically matched,Exact provider name,"Hasso MD, Maha",1,0,1,0,1,2026-03-16 00:00:00,2026-03-16 00:00:00,,2026-01-28 00:00:00,47,47,0,1,0,0,0,37,2026-07-10 00:00:00
Epic Health - St Clair Shores,8c04fb31-3380-488f-aa8a-954ff32146f2,Sean,Sean Sweeney,Internal Medicine/PCP,Ortho Referrer,Deterministically matched,Exact provider name,"Barnett DO, Ronald",1,0,1,0,1,2026-05-26 00:00:00,2026-05-26 00:00:00,,2026-05-06 00:00:00,20,20,1,0,0,0,0,37,2026-07-10 00:00:00
Family Care Physicians PC,9d72636b-2e2d-4e54-b69a-aab72e18f8a9,Jasmine,Jasmine Jones,Internal Medicine/PCP,Ortho Referrer,Deterministically matched,Exact provider name,"Sack DO, Marshall B",1,0,1,0,1,2026-04-28 00:00:00,2026-04-28 00:00:00,,2026-04-01 00:00:00,27,27,1,0,0,0,0,37,2026-07-10 00:00:00
Get Well Urgent Care - Warren,8ae19fc3-b1ab-4f35-ab71-b73d93833918,Sean,Sean Sweeney,Urgent care,Ortho Referrer,Deterministically matched,Exact company name,Get Well Urgent Care Warren,1,0,1,0,1,2026-05-01 00:00:00,2026-05-01 00:00:00,,2026-04-24 00:00:00,7,7,1,0,0,0,0,37,2026-07-10 00:00:00
"GREAT LAKE PHYSICIANS, PC",5eb36bb9-fcd1-4d12-be8d-6cc4527f5a13,Coty,Coty Oetjens,Spine,Ortho Referrer,Deterministically matched,Exact provider name,"Desai MD, Jayshree",1,0,1,0,1,2026-06-10 00:00:00,2026-06-10 00:00:00,,2026-03-13 00:00:00,89,89,0,0,1,0,0,37,2026-07-10 00:00:00
GROSSE POINTE PARK INTERNAL MEDICINE CENTER,4182fa5f-6d87-4037-9102-1014f5d60056,Kristen,Kristen Jones,Internal Medicine/PCP,Ortho Referrer,Deterministically matched,Exact provider name,"Francis DO, Michael",1,0,1,0,1,2026-06-02 00:00:00,2026-06-02 00:00:00,,2026-04-28 00:00:00,35,35,0,1,0,0,0,37,2026-07-10 00:00:00
Health Care Medical Center,522bb9a7-68be-41af-9408-b29b136875e0,Kristen,Kristen Jones,Internal Medicine/PCP,Ortho Referrer,Deterministically matched,Exact provider name,"Kohli MD, Vinod",1,0,1,0,1,2026-06-03 00:00:00,2026-06-03 00:00:00,,2026-04-29 00:00:00,35,35,0,1,0,0,0,37,2026-07-10 00:00:00
Henry Ford Internists - Farmington Hills 150,85ababc7-e294-4225-8cc7-28b8a5b1b9e2,Kristen,Kristen Jones,Internal Medicine/PCP,Ortho Referrer,Deterministically matched,Unique provider first + last,"Goldman DO, Seth A",1,0,1,0,1,2026-05-04 00:00:00,2026-05-04 00:00:00,,2026-02-16 00:00:00,77,77,0,0,1,0,0,37,2026-07-10 00:00:00
Henry Ford Macomb Health Center - Fraser,1902134794,Coty,Coty Oetjens,Internal Medicine/PCP,Ortho Referrer,Deterministically matched,Unique provider first + last,"Packey DO, Nicholas S",1,0,1,0,1,2026-05-05 00:00:00,2026-05-05 00:00:00,,2026-03-26 00:00:00,40,40,0,1,0,0,0,37,2026-07-10 00:00:00
Hope Medical Center,58979922-388f-454f-97f0-c730f11f6434,Coty,Coty Oetjens,Internal Medicine/PCP,Ortho Referrer,Deterministically matched,Exact provider name,"Lewis MD, Raja",1,0,1,0,1,2026-02-12 00:00:00,2026-02-12 00:00:00,,2026-02-12 00:00:00,0,0,1,0,0,0,0,37,2026-07-10 00:00:00
Horizon Care Medical Group - Warren,476bc8e4-84c4-4063-97a9-b649ed44dddf,Sean,Sean Sweeney,Internal Medicine/PCP,Ortho Referrer,Deterministically matched,Exact provider name,"Spearman MD, Anthony",1,0,1,0,1,2026-03-11 00:00:00,2026-03-11 00:00:00,,2026-02-26 00:00:00,13,13,1,0,0,0,0,37,2026-07-10 00:00:00
IPHCA,74b8c0cb-3736-44a0-9158-3b8106c9c58f,Kristen,Kristen Jones,Internal Medicine/PCP,Ortho Referrer,Deterministically matched,Unique provider first + last,"Syed MD, Suzan",1,0,1,0,1,2026-04-02 00:00:00,2026-04-02 00:00:00,,2026-03-03 00:00:00,30,30,1,0,0,0,0,37,2026-07-10 00:00:00
John R Medical Clinic,1720079437,Coty,Coty Oetjens,Internal Medicine/PCP,Ortho Referrer,Deterministically matched,Unique provider first + last,"Gennaoui MD, Habib G",1,0,1,0,1,2026-06-25 00:00:00,2026-06-25 00:00:00,,2026-06-24 00:00:00,1,1,1,0,0,0,0,37,2026-07-10 00:00:00
Kids First Pediatrics,1235164872,Kristen,Kristen Jones,,Ortho Referrer,Deterministically matched,Exact provider name,"Hatta MD, Ami",1,0,1,0,1,2026-01-06 00:00:00,2026-01-06 00:00:00,,2025-12-10 00:00:00,27,27,1,0,0,0,0,37,2026-07-10 00:00:00
Lake Huron Medical Center - Fort Gratiot,b4513fe8-6a5e-436a-8c89-648ea99ad482,Kristen,Kristen Jones,Internal Medicine/PCP,Ortho Referrer,Deterministically matched,Exact provider name,"Faruque DO, Rubaiya",1,0,1,0,1,2026-01-08 00:00:00,2026-01-08 00:00:00,,2025-11-06 00:00:00,63,63,0,0,1,0,0,37,2026-07-10 00:00:00
Limitless Physical Therapy and Performance,b674ee01-88b6-42e2-8d45-e1de4891ab56,Kristen,Kristen Jones,Physical Therapy,Ortho Referrer,Deterministically matched,Exact provider name,"King DPT, Seth",1,0,1,0,1,2026-06-16 00:00:00,2026-06-16 00:00:00,,2026-06-10 00:00:00,6,6,1,0,0,0,0,37,2026-07-10 00:00:00
Mark Sisson Law,b1d08ae6-47db-4f5e-ae59-860765486ca0,Kristen,Kristen Jones,Attorney,Ortho Referrer,Deterministically matched,Exact company name,Mark Sisson Law,1,0,1,0,1,2026-04-20 00:00:00,2026-04-20 00:00:00,,2026-03-06 00:00:00,45,45,0,1,0,0,0,37,2026-07-10 00:00:00
Masonic Medical Center - Ascension,e73f759b-87dc-444f-a504-b954ddeeace1,Sean,Sean Sweeney,Internal Medicine/PCP,Ortho Referrer,Deterministically matched,Unique provider first + last,"WILSON MD, JEANETTE  ELIZABETH",1,0,1,0,1,2026-05-15 00:00:00,2026-05-15 00:00:00,,2026-03-27 00:00:00,49,49,0,1,0,0,0,37,2026-07-10 00:00:00
McLaren Port Huron Fort Gratiot Internal Medicine,292b69e3-3f35-422f-a60b-87c0ddf678d1,Kristen,Kristen Jones,Internal Medicine/PCP,Ortho Referrer,Deterministically matched,Exact provider name,"Whateley MD, Jason",1,0,1,0,1,2026-06-22 00:00:00,2026-06-22 00:00:00,,2026-05-05 00:00:00,48,48,0,1,0,0,0,37,2026-07-10 00:00:00
Meadowbrook Internists,302019e4-0b7f-4f55-bdca-192920804d63,Coty,Coty Oetjens,Internal Medicine/PCP,Ortho Referrer,Deterministically matched,Exact provider name,"Stephan MD, Namir",1,0,1,0,1,2026-01-29 00:00:00,2026-01-29 00:00:00,,2025-10-10 00:00:00,111,111,0,0,0,1,0,37,2026-07-10 00:00:00
"MEDICAL GROUP PRACTICE, PC (Olympia health)",931a0b27-6417-43b6-a15a-c3eac7f8203a,Jasmine,Jasmine Jones,Jasmine's unrelated;Internal Medicine/PCP,Ortho Referrer,Deterministically matched,Unique provider first + last,"Penn DO, William Paul",1,0,1,0,1,2026-04-13 00:00:00,2026-04-13 00:00:00,,2026-03-03 00:00:00,41,41,0,1,0,0,0,37,2026-07-10 00:00:00
METROPOLITAN MEDICAL ASSOCIATES,297c1d83-ce5b-4ce5-b393-97b656f9b2c7,Kristen,Kristen Jones,Internal Medicine/PCP,Ortho Referrer,Deterministically matched,Exact provider name,"Trivedi MD, Archi",1,0,1,0,1,2026-06-03 00:00:00,2026-06-03 00:00:00,,2026-04-30 00:00:00,34,34,0,1,0,0,0,37,2026-07-10 00:00:00
MHP Internal Medicine,1699828632,Coty,Coty Oetjens,Internal Medicine/PCP,Ortho Referrer,Deterministically matched,Exact provider name,"Langnas DO, Gary",1,0,1,0,1,2026-05-27 00:00:00,2026-05-27 00:00:00,,2026-03-27 00:00:00,61,61,0,0,1,0,0,37,2026-07-10 00:00:00
MI Express Urgent Care,fc1455cf-74a6-4b97-b05f-e677351745de,Jasmine,Jasmine Jones,Urgent care;Ortho;Urgent Cares,Ortho Referrer,Deterministically matched,Exact company name,MI Express Urgent Care,1,0,1,0,1,2026-07-06 00:00:00,2026-07-06 00:00:00,,2026-06-11 00:00:00,25,25,1,0,0,0,0,37,2026-07-10 00:00:00
Michigan Primary Care - Eastpointe,4328f444-1a86-4fbb-9849-e8a159cce3e2,Jasmine,Jasmine Jones,Internal Medicine/PCP,Ortho Referrer,Deterministically matched,Exact provider name,"Miller NP, Colleen",1,0,1,0,1,2026-06-04 00:00:00,2026-06-04 00:00:00,,2026-05-12 00:00:00,23,23,1,0,0,0,0,37,2026-07-10 00:00:00
Michigan Urgent Care - Livonia,1d453948-16d6-4da0-a7d9-80b603bedb9b,Jasmine,Jasmine Jones,Urgent care;Ortho;Urgent Cares,Ortho Referrer,Deterministically matched,Exact company name,Michigan Urgent Care - Livonia,1,0,1,0,1,2026-01-12 00:00:00,2026-01-12 00:00:00,,2025-12-15 00:00:00,28,28,1,0,0,0,0,37,2026-07-10 00:00:00
Midwest Center for Dermatology - Warren,1205831005,Coty,Coty Oetjens,Dermatology,Ortho Referrer,Deterministically matched,Unique provider first + last,"Altman, David A",1,0,1,0,1,2026-05-15 00:00:00,2026-05-15 00:00:00,,2023-08-04 00:00:00,1015,1015,0,0,0,1,0,37,2026-07-10 00:00:00
Millenium Associated Physicians - 130A,1972588259,Kristen,Kristen Jones,Kristen Strategic Account;Internal Medicine/PCP,Ortho Referrer,Deterministically matched,Exact provider name,"Feldman MD, Barry",1,0,1,0,1,2026-05-07 00:00:00,2026-05-07 00:00:00,,2026-02-16 00:00:00,80,80,0,0,1,0,0,37,2026-07-10 00:00:00
MyCare Health Center - Mt Clemens,1427049683,Sean,Sean Sweeney,Internal Medicine/PCP,Ortho Referrer,Deterministically matched,Unique provider first + last,"Allor FNP-C, Christine M",1,0,1,0,1,2026-04-27 00:00:00,2026-04-27 00:00:00,,2026-02-02 00:00:00,84,84,0,0,1,0,0,37,2026-07-10 00:00:00
Neil King Physical Therapy,01-484-0595,Kristen,Kristen Jones,Physical Therapy,Ortho Referrer,Deterministically matched,Exact provider name,"Tomei DPT, Jordan",1,0,1,0,1,2026-04-13 00:00:00,2026-04-13 00:00:00,,2026-03-26 00:00:00,18,18,1,0,0,0,0,37,2026-07-10 00:00:00
NICOLOFF HOLISTIC FAMILY MEDICINE,c53a52e1-de9e-438f-87b9-f80c5bf3c183,Kristen,Kristen Jones,Hollistic Medicine;Internal Medicine/PCP,Ortho Referrer,Deterministically matched,Exact provider name,"Nicoloff MD, George",1,0,1,0,1,2026-05-29 00:00:00,2026-05-29 00:00:00,,2026-04-24 00:00:00,35,35,0,1,0,0,0,37,2026-07-10 00:00:00
Normandy Family Practice,1265482095,Coty,Coty Oetjens,Internal Medicine/PCP,Ortho Referrer,Deterministically matched,Exact provider name,"Kurzawa MD, Mark R",1,0,1,0,1,2026-04-01 00:00:00,2026-04-01 00:00:00,,2026-03-19 00:00:00,13,13,1,0,0,0,0,37,2026-07-10 00:00:00
Oakland Integrated Healthcare Network,81f49d59-3845-4c1e-8a21-7b2a067375e5,Kristen,Kristen Jones,Internal Medicine/PCP,Ortho Referrer,Deterministically matched,Unique provider first + last,"Shareefuddin MD, Faisal M",1,0,1,0,1,2026-06-08 00:00:00,2026-06-08 00:00:00,,2026-05-12 00:00:00,27,27,1,0,0,0,0,37,2026-07-10 00:00:00
Office of David Mandy DO,da57adc9-a2cf-4705-886d-76146cbbde06,Sean,Sean Sweeney,Pediatrician,Ortho Referrer,Deterministically matched,Exact provider name,"MANDY, DAVID",1,0,1,0,1,2026-01-06 00:00:00,2026-01-06 00:00:00,,2025-11-05 00:00:00,62,62,0,0,1,0,0,37,2026-07-10 00:00:00
Office of Jeff The DO,1710940242,Jasmine,Jasmine Jones,Internal Medicine/PCP,Ortho Referrer,Deterministically matched,Unique provider first + last,"The DO, Jeff Y",2,0,1,0,1,2026-03-19 00:00:00,2026-03-19 00:00:00,,2026-02-19 00:00:00,28,28,1,0,0,0,0,37,2026-07-10 00:00:00
Pavilion Family Practice - use this one,81d28e80-f8a8-4a1f-a027-35e8a21e8366,Kristen,Kristen Jones,Internal Medicine/PCP,Ortho Referrer,Deterministically matched,Exact provider name,"Uroda MD, Lauren",1,0,1,0,1,2026-06-22 00:00:00,2026-06-22 00:00:00,,2026-05-28 00:00:00,25,25,1,0,0,0,0,37,2026-07-10 00:00:00
PEDIATRIC AND ADOLESCENT CENTER,31fe13d8-1060-4c98-bf75-61f09e803121,Jasmine,Jasmine Jones,Pediatrician,Ortho Referrer,Deterministically matched,Exact provider name,"Nayak  MD, Dinesh",1,0,1,0,1,2026-02-09 00:00:00,2026-02-09 00:00:00,,2025-11-03 00:00:00,98,98,0,0,0,1,0,37,2026-07-10 00:00:00
Physician HeathCare Network - Marysville,f6ae01d5-e2aa-485f-93b1-7586e5fdcd26,Kristen,Kristen Jones,Internal Medicine/PCP,Ortho Referrer,Deterministically matched,Unique provider first + last,"Colombo MD, John D",1,0,1,0,1,2026-04-08 00:00:00,2026-04-08 00:00:00,,2026-02-26 00:00:00,41,41,0,1,0,0,0,37,2026-07-10 00:00:00
Physicians in Family Medicine,1932288693,Coty,Coty Oetjens,Internal Medicine/PCP,Ortho Referrer,Deterministically matched,Exact provider name,"Pirzada DO, Pamela",1,0,1,0,1,2026-06-09 00:00:00,2026-06-09 00:00:00,,2026-06-05 00:00:00,4,4,1,0,0,0,0,37,2026-07-10 00:00:00
Plumbrook Medical Center,1013009901,Kristen,Kristen Jones,Internal Medicine/PCP,Ortho Referrer,Deterministically matched,Exact provider name,"Neumann DO, Fredric",1,0,1,0,1,2026-02-02 00:00:00,2026-02-02 00:00:00,,2026-01-20 00:00:00,13,13,1,0,0,0,0,37,2026-07-10 00:00:00
Plymouth Urgent Care,ea50a287-34fb-4325-8a2e-5ba156145624,Kristen,Kristen Jones,Urgent Cares,Ortho Referrer,Deterministically matched,Exact company name,Plymouth Urgent Care,1,0,1,0,1,2026-05-08 00:00:00,2026-05-08 00:00:00,,2026-03-23 00:00:00,46,46,0,1,0,0,0,37,2026-07-10 00:00:00
Precise Chiropractic,7949ef7e-580c-41cc-b7ee-5a5d6dadc605,Coty,Coty Oetjens,Chiropractor,Ortho Referrer,Deterministically matched,Exact provider name,"Hanselman, Michael",1,0,1,0,1,2026-06-29 00:00:00,2026-06-29 00:00:00,,2026-04-28 00:00:00,62,62,0,0,1,0,0,37,2026-07-10 00:00:00
Premier Family Physicians,1700883345,Coty,Coty Oetjens,PCP,Ortho Referrer,Deterministically matched,Unique provider first + last,"Namei MD, Farzin Reza",1,0,1,0,1,2026-06-17 00:00:00,2026-06-17 00:00:00,,2026-04-27 00:00:00,51,51,0,1,0,0,0,37,2026-07-10 00:00:00
Primecare of Novi,08777e8a-5ca0-4abd-8ad4-d8f4fbbacc9c,Jasmine,Jasmine Jones,Pain;Internal Medicine/PCP,Ortho Referrer,Deterministically matched,Unique provider first + last,"Berman NP, Hannah R",1,0,1,0,1,2026-02-09 00:00:00,2026-02-09 00:00:00,,2025-12-29 00:00:00,42,42,0,1,0,0,0,37,2026-07-10 00:00:00
Prism Medical Group - Internal Medicine,2e8aa328-e0cf-478e-8b39-00f6628c15ac,Coty,Coty Oetjens,Internal Medicine/PCP,Ortho Referrer,Deterministically matched,Exact provider name,"HACHIGIAN MD, TODD",1,0,1,0,1,2026-03-26 00:00:00,2026-03-26 00:00:00,,2026-02-23 00:00:00,31,31,0,1,0,0,0,37,2026-07-10 00:00:00
PROVIDENCE PARK LIVONIA FAMILY MEDICINE,10a3ca46-32f2-472e-99d9-39f7c9e3bde3,Jasmine,Jasmine Jones,Internal Medicine/PCP,Ortho Referrer,Deterministically matched,Exact provider name,"Karle MD, David E",1,0,1,0,1,2026-04-28 00:00:00,2026-04-28 00:00:00,,2026-03-30 00:00:00,29,29,1,0,0,0,0,37,2026-07-10 00:00:00
Purdy Chiropractic Center,e07e12c2-6f7f-48ec-bcea-556f883be0ea,Kristen,Kristen Jones,Chiropractor,Ortho Referrer,Deterministically matched,Exact provider name,"Purdy- Cantu DC, Nicole",1,0,1,0,1,2026-03-03 00:00:00,2026-03-03 00:00:00,,2026-03-02 00:00:00,1,1,1,0,0,0,0,37,2026-07-10 00:00:00
Saurabh Gupta MD,1912926510,Coty,Coty Oetjens,Geriatrics,Ortho Referrer,Deterministically matched,Exact provider name,"Gupta MD, Saurabh",1,0,1,0,1,2026-07-06 00:00:00,2026-07-06 00:00:00,,2025-05-16 00:00:00,416,416,0,0,0,1,0,37,2026-07-10 00:00:00
Schaefer Medical,a5a464ab-73df-48e0-8f49-b80f6b89fc6b,Jasmine,Jasmine Jones,Internal Medicine/PCP,Ortho Referrer,Deterministically matched,Exact provider name,"Ghani MD, Nesrene",1,0,1,0,1,2026-04-17 00:00:00,2026-04-17 00:00:00,,2026-01-22 00:00:00,85,85,0,0,1,0,0,37,2026-07-10 00:00:00
Shores Internal Medicine,1154434975,Coty,Coty Oetjens,Internal Medicine/PCP,Ortho Referrer,Deterministically matched,Exact provider name,"Datla MD, Sailaja",1,0,1,0,1,2026-06-24 00:00:00,2026-06-24 00:00:00,,2026-04-27 00:00:00,58,58,0,1,0,0,0,37,2026-07-10 00:00:00
South Lyon Family Docs,573750f7-b7bd-4246-b7ac-f1217823639f,Sean,Sean Sweeney,Internal Medicine/PCP,Ortho Referrer,Deterministically matched,Exact provider name,"Eberhardt DO, Brandy",1,0,1,0,1,2026-05-20 00:00:00,2026-05-20 00:00:00,,2026-03-04 00:00:00,77,77,0,0,1,0,0,37,2026-07-10 00:00:00
Springfield Urgent Care - Hamburg,0da678d4-9648-4315-8770-fb6768c5c2ea,Coty,Coty Oetjens,Urgent Cares,Ortho Referrer,Deterministically matched,Exact company name,Springfield Urgent Care - Hamburg,1,0,1,0,1,2026-01-30 00:00:00,2026-01-30 00:00:00,,2024-02-12 00:00:00,718,718,0,0,0,1,0,37,2026-07-10 00:00:00
Sterling Medical Center & Urgent Care,f30f611c-772a-406a-9d92-231790b785c2,Sean,Sean Sweeney,Urgent care,Ortho Referrer,Deterministically matched,Unique provider first + last,"Bazzy, Mohammed Nader",1,0,1,0,1,2026-04-20 00:00:00,2026-04-20 00:00:00,,2026-02-06 00:00:00,73,73,0,0,1,0,0,37,2026-07-10 00:00:00
Team Rehab - SMA Bloomfield Hills,6185c99b-b972-4582-aac1-b784f9730bb5,Kristen,Kristen Jones,Physical Therapy,Ortho Referrer,Deterministically matched,Exact provider name,"DiPace DPT, Lorenzo",1,0,1,0,1,2026-02-06 00:00:00,2026-02-06 00:00:00,,,,,0,0,0,0,1,37,2026-07-10 00:00:00
"TERRY D HOWELL, MD, PC",4e57efb6-1ae9-4171-ac14-4be29705805c,Jasmine,Jasmine Jones,Internal Medicine/PCP,Ortho Referrer,Deterministically matched,Exact provider name,"Howell MD, Terry",1,0,1,0,1,2026-06-22 00:00:00,2026-06-22 00:00:00,,2025-10-20 00:00:00,245,245,0,0,0,1,0,37,2026-07-10 00:00:00
The family Doc,3b5d6ffd-3a5a-4ccd-b656-e2340f7c8ea5,Jasmine,Jasmine Jones,Internal Medicine/PCP,Ortho Referrer,Deterministically matched,Unique provider first + last,"Nasrallah MD, Ali I",1,0,1,0,1,2026-03-16 00:00:00,2026-03-16 00:00:00,,2026-02-26 00:00:00,18,18,1,0,0,0,0,37,2026-07-10 00:00:00
Toma & Yaldo Medical Center,d1255d1a-17e8-4765-bfe5-45c6c087c8ed,Sean,Sean Sweeney,Internal Medicine/PCP,Ortho Referrer,Deterministically matched,Exact provider name,"Toma MD, Raad",1,0,1,0,1,2026-07-07 00:00:00,2026-07-07 00:00:00,,2026-03-18 00:00:00,111,111,0,0,0,1,0,37,2026-07-10 00:00:00
"TRENTON TOTAL HEALTH CARE CENTER, PC",865f8b49-ce19-4ffd-8643-a755635f6ccc,Coty,Coty Oetjens,Ortho,Ortho Referrer,Deterministically matched,Exact provider name,"Sudhakara MD, Kajoor",1,0,1,0,1,2026-05-29 00:00:00,2026-05-29 00:00:00,,2026-03-27 00:00:00,63,63,0,0,1,0,0,37,2026-07-10 00:00:00
Tri County Neurology,3d10a23f-49c8-4b30-b87f-ae7465e0f588,Jasmine,Jasmine Jones,Neurology,Ortho Referrer,Deterministically matched,Exact provider name,"Siddiqui MD, Saadia",1,0,1,0,1,2026-07-06 00:00:00,2026-07-06 00:00:00,,2026-05-12 00:00:00,55,55,0,1,0,0,0,37,2026-07-10 00:00:00
Trinity Health Orthopedic group-Ypsilanti,5fcd802e-4f68-4425-8e82-e66edfaa3720,Jasmine,Jasmine Jones,Hospitalist;Orthopedic Surgery,Ortho Referrer,Deterministically matched,Exact provider name,"Thomas MD, Jared",1,0,1,0,1,2026-06-12 00:00:00,2026-06-12 00:00:00,,2026-03-10 00:00:00,94,94,0,0,0,1,0,37,2026-07-10 00:00:00
Trinity IHA Orthopedics - Schoolcraft,e5c5b135-ecad-42bb-bbbc-011dd2c4a225,Jasmine,Jasmine Jones,Ortho,Ortho Referrer,Deterministically matched,Unique provider first + last,"Aalderink, Kristopher J",1,0,1,0,1,2026-02-02 00:00:00,2026-02-02 00:00:00,,2025-12-22 00:00:00,42,42,0,1,0,0,0,37,2026-07-10 00:00:00
Troy Internal Medicine,227a3faf-d636-4f07-adbf-db1d49776b27,Kristen,Kristen Jones,Kristen Strategic Account;Internal Medicine/PCP,Ortho Referrer,Deterministically matched,Exact provider name,"Gamalski DO, Joseph",1,0,1,0,1,2026-06-16 00:00:00,2026-06-16 00:00:00,,2026-05-15 00:00:00,32,32,0,1,0,0,0,37,2026-07-10 00:00:00
Troy Pediatrics,bc9cfc71-45e3-42dc-ae93-3a7cdaa01807,Kristen,Kristen Jones,CLOSED,Ortho Referrer,Deterministically matched,Exact company name,Troy Pediatrics,1,0,1,0,1,2026-02-20 00:00:00,2026-02-20 00:00:00,,2025-02-06 00:00:00,379,379,0,0,0,1,0,37,2026-07-10 00:00:00
Troy Primary Care,e160ee5a-9916-41e2-b0c6-e2dae5007a6e,Coty,Coty Oetjens,Internal Medicine/PCP,Ortho Referrer,Deterministically matched,Exact provider name,"Kado MD, Hadeel",1,0,1,0,1,2026-06-16 00:00:00,2026-06-16 00:00:00,,2026-06-15 00:00:00,1,1,1,0,0,0,0,37,2026-07-10 00:00:00
UofM Canton Health Center General Medicine,400aeb1f-6186-4eb7-98c8-0544491af836,Jasmine,Jasmine Jones,Internal Medicine/PCP,Ortho Referrer,Deterministically matched,Exact provider name,"Collier MD, Kristin M",1,0,1,0,1,2026-06-03 00:00:00,2026-06-03 00:00:00,,2026-04-30 00:00:00,34,34,0,1,0,0,0,37,2026-07-10 00:00:00
Urgent Care Family,235de96a-2ae5-47a2-bf9a-8379e846684a,Coty,Coty Oetjens,Urgent care;Internal Medicine/PCP,Ortho Referrer,Deterministically matched,Exact provider name,"Mansour MD, Lena",1,0,1,0,1,2026-06-23 00:00:00,2026-06-23 00:00:00,,2026-06-05 00:00:00,18,18,1,0,0,0,0,37,2026-07-10 00:00:00
Vital Medicine,d96ab765-7e8d-447c-b9a1-72f2bcda2283,Coty,Coty Oetjens,Internal Medicine/PCP,Ortho Referrer,Deterministically matched,Exact provider name,"Shuker MD, Ala",1,0,1,0,1,2026-06-18 00:00:00,2026-06-18 00:00:00,,2026-05-08 00:00:00,41,41,0,1,0,0,0,37,2026-07-10 00:00:00
Wattles Internal Medicine- use,ea9682a6-09ea-4d32-a71d-171ffffb7847,Sean,Sean Sweeney,Internal Medicine/PCP,Ortho Referrer,Deterministically matched,Exact provider name,"Zohoury DO, Mark",1,0,1,0,1,2026-07-07 00:00:00,2026-07-07 00:00:00,,2026-06-05 00:00:00,32,32,0,1,0,0,0,37,2026-07-10 00:00:00
Wayne Primary Care and Walk In,607852d7-cb70-46f8-ac4a-ed6f36b0acf9,Jasmine,Jasmine Jones,Internal Medicine/PCP;Urgent Cares,Ortho Referrer,Deterministically matched,Exact provider name,"Patel MD, Vijay",1,0,1,0,1,2026-01-15 00:00:00,2026-01-15 00:00:00,,2026-01-05 00:00:00,10,10,1,0,0,0,0,37,2026-07-10 00:00:00
Waypointe Internal Medicine,1164469821,Sean,Sean Sweeney,Internal Medicine/PCP,Ortho Referrer,Deterministically matched,Unique provider first + last,"Fox MD, Sara Ann",1,0,1,0,1,2026-03-20 00:00:00,2026-03-20 00:00:00,,2026-02-19 00:00:00,29,29,1,0,0,0,0,37,2026-07-10 00:00:00
WELL BEING PEDIATRICS,e5e6ea92-d9c9-49c0-b1f3-b645b04e1adb,Kristen,Kristen Jones,Pediatrician,Ortho Referrer,Deterministically matched,Exact provider name,"Forman MD, Seth",1,0,1,0,1,2026-04-24 00:00:00,2026-04-24 00:00:00,,2026-03-20 00:00:00,35,35,0,1,0,0,0,37,2026-07-10 00:00:00
WESTLAND CLINIC - use,ff31198c-887e-4720-94cd-4d7fb158d9b5,Kristen,Kristen Jones,Internal Medicine/PCP,Ortho Referrer,Deterministically matched,Exact provider name,"Colman NP, Jodie",1,0,1,0,1,2026-01-05 00:00:00,2026-01-05 00:00:00,,2026-01-05 00:00:00,0,0,1,0,0,0,0,37,2026-07-10 00:00:00
Berry Johnson Health,1134320930,Kristen,Kristen Jones,Internal Medicine/PCP,Other Patient Referrer,Deterministically matched,Exact provider name; Unique provider first + last,"Berry MD, Neesha R; Irby Johnson MD, NiJuanna; Irby Johnson, NiJuanna; Irby- Johnson MD, NiJuanna",14,0,0,14,14,2026-01-26 00:00:00,2026-07-07 00:00:00,,2026-05-27 00:00:00,41,44,4,6,4,0,0,24,2026-07-10 00:00:00
Michigan Spine Institute,989f0eea-dc08-4445-9a51-ee7663255964,Coty,Coty Oetjens,Neurosurgery,Other Patient Referrer,Deterministically matched,Exact provider name,"CRUET MD, MIGUELANGELO PEREZ; CRUET, MIGUELANGELO PEREZ; Perez- Cruet MD, Miguelangelo",5,0,0,5,5,2026-01-19 00:00:00,2026-06-08 00:00:00,,2025-10-28 00:00:00,223,160,0,0,1,4,0,24,2026-07-10 00:00:00
Novi Medicine,bd0ee186-9de1-49f1-b6f7-85fc538efd3b,Jasmine,Jasmine Jones,Internal Medicine/PCP,Other Patient Referrer,Deterministically matched,Exact provider name,"Paul MD, Lowell",4,0,0,4,4,2026-01-13 00:00:00,2026-05-26 00:00:00,,2026-04-28 00:00:00,28,8,4,0,0,0,0,24,2026-07-10 00:00:00
Internal Medicine Physicians #170,b2c94565-78b1-460d-a80d-4d507a1ddb7d,Kristen,Kristen Jones,Internal Medicine/PCP,Other Patient Referrer,Deterministically matched,Exact provider name; Unique provider first + last,"Klausner MD, Mitchell; Moss MD, Barry M",3,0,0,3,3,2026-02-10 00:00:00,2026-06-10 00:00:00,,2026-05-08 00:00:00,33,33,1,1,1,0,0,17,2026-07-10 00:00:00
Corewell Health Farmington hills Hospital family medicine,a2a230c5-b58c-4416-a519-b3d118d15202,Jasmine,Jasmine Jones,Internal Medicine/PCP,Other Patient Referrer,Deterministically matched,Exact provider name; Unique provider first + last,"STONE PA, KERRY L; Valenti DO, Matteo",2,0,0,2,2,2026-02-26 00:00:00,2026-06-18 00:00:00,,2026-05-14 00:00:00,35,29.5,1,1,0,0,0,17,2026-07-10 00:00:00
DEDICATED SENIOR MEDICAL CENTER - Southfield,12deaf83-0f5e-4bd5-bf07-a4026935ffd1,Jasmine,Jasmine Jones,Ortho;Internal Medicine/PCP,Other Patient Referrer,Deterministically matched,Exact provider name; Unique provider first + last,"Azzo MD, Sally; Reddy MD, Vishnuvardhan G",2,0,0,2,2,2026-01-26 00:00:00,2026-06-22 00:00:00,,2026-06-18 00:00:00,4,8,2,0,0,0,0,17,2026-07-10 00:00:00
Michigan Institute for Neurological Disorders (MIND) - Farmington Hills,1962472241,Coty,Coty Oetjens,Neurology;Pain Management;Physical Therapy,Other Patient Referrer,Deterministically matched,Exact provider name,"Feldman MD, Daniel; Singer DO, Daniel",2,0,0,2,2,2026-03-24 00:00:00,2026-05-01 00:00:00,,2026-02-12 00:00:00,78,59,0,1,1,0,0,17,2026-07-10 00:00:00
Academic Internal Medicine (Ascension),97ae4125-fd10-47de-8cae-c053e42232d0,Sean,Sean Sweeney,Internal Medicine/PCP,Other Patient Referrer,Deterministically matched,Exact provider name,"Kulairi MD, Zain",1,0,0,1,1,2026-04-16 00:00:00,2026-04-16 00:00:00,,2026-03-17 00:00:00,30,30,1,0,0,0,0,13,2026-07-10 00:00:00
ASCENSION MEDICAL GROUP WEST BLOOMFIELD FAMILY PRACTICE,611f52cc-838d-405e-8988-68708f39608e,Jasmine,Jasmine Jones,Internal Medicine/PCP,Other Patient Referrer,Deterministically matched,Exact provider name,"Clary MD, Bethany",1,0,0,1,1,2026-03-03 00:00:00,2026-03-03 00:00:00,,2026-02-23 00:00:00,8,8,1,0,0,0,0,13,2026-07-10 00:00:00
Associates in Internal Medicine - MHP,1639309131,Kristen,Kristen Jones,Internal Medicine/PCP,Other Patient Referrer,Deterministically matched,Exact provider name,"Samona MD, tassia",1,0,0,1,1,2026-07-07 00:00:00,2026-07-07 00:00:00,,2026-05-07 00:00:00,61,61,0,0,1,0,0,13,2026-07-10 00:00:00
Beaumont Family Medicine - Sterling Heights,1952519001,Sean,Sean Sweeney,Internal Medicine/PCP,Other Patient Referrer,Deterministically matched,Exact provider name,"Eraqi MD, Hany",1,0,0,1,1,2026-04-16 00:00:00,2026-04-16 00:00:00,,2026-04-01 00:00:00,15,15,1,0,0,0,0,13,2026-07-10 00:00:00
BEAUMONT FAMILY MEDICINE GARDEN CITY,796ef668-29ca-4cac-84b8-fd8125eb6bde,Jasmine,Jasmine Jones,Internal Medicine/PCP,Other Patient Referrer,Deterministically matched,Exact provider name,"Abdulghani MD, Mariam",1,0,0,1,1,2026-03-30 00:00:00,2026-03-30 00:00:00,,2026-03-03 00:00:00,27,27,1,0,0,0,0,13,2026-07-10 00:00:00
Colleen Kennedy DO,1538140744,Coty,Coty Oetjens,Internal Medicine/PCP,Other Patient Referrer,Deterministically matched,Exact provider name,"Kennedy DO, Colleen",1,0,0,1,1,2026-04-16 00:00:00,2026-04-16 00:00:00,,2025-06-09 00:00:00,311,311,0,0,0,1,0,13,2026-07-10 00:00:00
Commerce Internal Medicine,4d1d555f-aa98-48e9-b9a2-d323e87d5745,Kristen,Kristen Jones,Internal Medicine/PCP,Other Patient Referrer,Deterministically matched,Exact provider name,"Markowitz, Norman",1,0,0,1,1,2026-01-07 00:00:00,2026-01-07 00:00:00,,2025-12-19 00:00:00,19,19,1,0,0,0,0,13,2026-07-10 00:00:00
Corewell Urgent Care - Novi,e996949d-e85c-4588-a081-deb7cdc8510a,Jasmine,Jasmine Jones,Urgent care,Other Patient Referrer,Deterministically matched,Exact company name,Corewell Urgent Care - Novi,1,0,0,1,1,2026-04-22 00:00:00,2026-04-22 00:00:00,,2026-04-01 00:00:00,21,21,1,0,0,0,0,13,2026-07-10 00:00:00
Corewell Urgent Care - Royal Oak,0705419c-d214-479c-befc-96609a540921,Kristen,Kristen Jones,Urgent Cares,Other Patient Referrer,Deterministically matched,Exact company name,Corewell Urgent Care Royal Oak,1,0,0,1,1,2026-06-15 00:00:00,2026-06-15 00:00:00,,2026-05-21 00:00:00,25,25,1,0,0,0,0,13,2026-07-10 00:00:00
Corwell Health - Farmington,7b335c19-3210-419e-888b-e9aabe43f40a,Kristen,Kristen Jones,Internal Medicine/PCP,Other Patient Referrer,Deterministically matched,Exact provider name,"Tuxhari DO, Snezhana",1,0,0,1,1,2026-06-12 00:00:00,2026-06-12 00:00:00,,2026-05-11 00:00:00,32,32,0,1,0,0,0,13,2026-07-10 00:00:00
Foot & Ankle Specialists of Southeast Michigan - Warren,c47f040d-217f-4526-bd80-92b1073a4d77,Coty,Coty Oetjens,Podaitry,Other Patient Referrer,Deterministically matched,Exact provider name,"KISSEL DPM, BRIAN",1,0,0,1,1,2026-06-25 00:00:00,2026-06-25 00:00:00,,2026-06-08 00:00:00,17,17,1,0,0,0,0,13,2026-07-10 00:00:00
Frederick Karoub MD PC,1679554562,Coty,Coty Oetjens,Internal Medicine/PCP,Other Patient Referrer,Deterministically matched,Exact provider name,"Karoub MD, Carl",1,0,0,1,1,2026-01-05 00:00:00,2026-01-05 00:00:00,,2025-09-25 00:00:00,102,102,0,0,0,1,0,13,2026-07-10 00:00:00
Henry Ford Orthopedics & Sports Medicine - Chesterfield,0200933e-44d0-4869-8ddd-cd02b601b866,Kristen,Kristen Jones,Orthopedic Surgery,Other Patient Referrer,Deterministically matched,Exact provider name,"Yokhana MD, Sanar",1,0,0,1,1,2026-04-02 00:00:00,2026-04-02 00:00:00,,2026-03-23 00:00:00,10,10,1,0,0,0,0,13,2026-07-10 00:00:00
HENRY FORD WALK IN CLINIC,13ccca87-4220-4fd6-84c8-1052a336e845,,,Internal Medicine/PCP,Other Patient Referrer,Deterministically matched,Exact provider name,"Leff DO , Carrie",1,0,0,1,1,2026-01-29 00:00:00,2026-01-29 00:00:00,,2025-11-25 00:00:00,65,65,0,0,1,0,0,13,2026-07-10 00:00:00
IEP urgent care Southfield,317790ff-8095-48d0-99d4-f53dc94477bb,,,,Other Patient Referrer,Deterministically matched,Exact company name,IEP Urgent Care Southfield,1,0,0,1,1,2026-06-15 00:00:00,2026-06-15 00:00:00,,2024-04-02 00:00:00,804,804,0,0,0,1,0,13,2026-07-10 00:00:00
Integrative Family Medicine Clinic - Domino's Farms (U of M),2ca32d51-676d-49f5-8e79-835774431e9d,Jasmine,Jasmine Jones,Internal Medicine/PCP,Other Patient Referrer,Deterministically matched,Exact provider name,"Shumer MD, Gregory",1,0,0,1,1,2026-03-31 00:00:00,2026-03-31 00:00:00,,2026-02-19 00:00:00,40,40,0,1,0,0,0,13,2026-07-10 00:00:00
Internal Medicine Specialists,e37d14fb-2eea-4cb1-8957-ff0081af7ed5,Kristen,Kristen Jones,Internal Medicine/PCP,Other Patient Referrer,Deterministically matched,Exact provider name,"FELDMAN MD, MICHAEL",1,0,0,1,1,2026-05-01 00:00:00,2026-05-01 00:00:00,,2026-02-12 00:00:00,78,78,0,0,1,0,0,13,2026-07-10 00:00:00
Macomb Foot Ankle Wound Care Center,80-982-7525,,,Podaitry,Other Patient Referrer,Deterministically matched,Unique provider first + last,"Coleman, Walter Barry",1,0,0,1,1,2026-03-31 00:00:00,2026-03-31 00:00:00,,2025-08-29 00:00:00,214,214,0,0,0,1,0,13,2026-07-10 00:00:00
Macomb Spine Care,c3d66a4c-f046-43dd-ae93-ae4aabe95524,Kristen,Kristen Jones,Chiropractor,Other Patient Referrer,Deterministically matched,Exact provider name,"Clark, Daniel",1,0,0,1,1,2026-04-17 00:00:00,2026-04-17 00:00:00,,2026-03-24 00:00:00,24,24,1,0,0,0,0,13,2026-07-10 00:00:00
"MEDICAL CENTER PEDIATRICS, PLLC",137b9944-574d-47c1-9f8c-99541123fc30,Kristen,Kristen Jones,Pediatrician,Other Patient Referrer,Deterministically matched,Exact provider name,"LIPPITT MD,  DENISE",1,0,0,1,1,2026-05-07 00:00:00,2026-05-07 00:00:00,,2026-04-27 00:00:00,10,10,1,0,0,0,0,13,2026-07-10 00:00:00
Michigan Head & Spine Institute - Novi,a2352347-063f-4a39-a0c1-25774fd3490b,Coty,Coty Oetjens,Spine,Other Patient Referrer,Deterministically matched,Exact provider name,"Freydl DO, Karl",1,0,0,1,1,2026-04-07 00:00:00,2026-04-07 00:00:00,,2025-03-13 00:00:00,390,390,0,0,0,1,0,13,2026-07-10 00:00:00
Michigan Institute for Neurological Disorders (MIND) - Roseville,7d9074be-0dfe-445c-9ff8-65b5eadde58e,Coty,Coty Oetjens,Neurology;Pain Management;Physical Therapy,Other Patient Referrer,Deterministically matched,Exact provider name,"Vieder DO, Brandon",1,0,0,1,1,2026-01-27 00:00:00,2026-01-27 00:00:00,,2025-11-05 00:00:00,83,83,0,0,1,0,0,13,2026-07-10 00:00:00
Michigan MSK Medicine - Clinton Township,e2e88457-4627-4d77-a90e-00417069f605,Coty,Coty Oetjens,Manual Medicine,Other Patient Referrer,Deterministically matched,Unique provider first + last,"Hickling, David Robert",1,0,0,1,1,2026-07-09 00:00:00,2026-07-09 00:00:00,,2025-05-07 00:00:00,428,428,0,0,0,1,0,13,2026-07-10 00:00:00
Michigan Orthopaedic & Spine Surgeons,0c7e4fda-32b4-4999-afc5-3ead3985f8c9,Coty,Coty Oetjens,Orthopedic Surgery,Other Patient Referrer,Deterministically matched,Exact provider name,"Ahlgren MD, Bradley",1,0,0,1,1,2026-06-03 00:00:00,2026-06-03 00:00:00,,2025-08-18 00:00:00,289,289,0,0,0,1,0,13,2026-07-10 00:00:00
Neurology Consultants of Southfield,1003819897,Coty,Coty Oetjens,Neurology,Other Patient Referrer,Deterministically matched,Exact provider name,"Leuchter MD, William",1,0,0,1,1,2026-07-06 00:00:00,2026-07-06 00:00:00,,2026-05-28 00:00:00,39,39,0,1,0,0,0,13,2026-07-10 00:00:00
Oakland Physicians,b7bb574d-993f-4604-9935-c8ab3a113635,Kristen,Kristen Jones,Pediatrician,Other Patient Referrer,Deterministically matched,Exact provider name,"Rizk MD, Regina",1,0,0,1,1,2026-05-22 00:00:00,2026-05-22 00:00:00,,2026-05-04 00:00:00,18,18,1,0,0,0,0,13,2026-07-10 00:00:00
Park Family Practice - Novi,210797fc-d818-410f-94de-02c502935d29,Jasmine,Jasmine Jones,Internal Medicine/PCP,Other Patient Referrer,Deterministically matched,Exact provider name,"Schram PA, Megan",1,0,0,1,1,2026-07-09 00:00:00,2026-07-09 00:00:00,,2026-06-23 00:00:00,16,16,1,0,0,0,0,13,2026-07-10 00:00:00
"PONDURI, KAVITHA, MEDICAL GROUP",b873599c-56bb-4876-b2ec-95215a325efb,Jasmine,Jasmine Jones,Internal Medicine/PCP,Other Patient Referrer,Deterministically matched,Exact provider name,"Ponduri MD, Kavitha",1,0,0,1,1,2026-03-23 00:00:00,2026-03-23 00:00:00,,2026-03-09 00:00:00,14,14,1,0,0,0,0,13,2026-07-10 00:00:00
Rochester Primary Care,52b21544-4438-4ade-810b-2ce607128ed8,Kristen,Kristen Jones,Internal Medicine/PCP,Other Patient Referrer,Deterministically matched,Exact provider name,"Schwutke MD, Steffanie",1,0,0,1,1,2026-03-19 00:00:00,2026-03-19 00:00:00,,2026-01-20 00:00:00,58,58,0,1,0,0,0,13,2026-07-10 00:00:00
SOMERSET PEDIATRICS,eac89ac4-40e0-4d3a-b812-65771f67412f,Kristen,Kristen Jones,Pediatrician,Other Patient Referrer,Deterministically matched,Exact provider name,"Massarani MD, Tamer",1,0,0,1,1,2026-02-27 00:00:00,2026-02-27 00:00:00,,2026-02-24 00:00:00,3,3,1,0,0,0,0,13,2026-07-10 00:00:00
"SOUTH EAST MICHIGAN MEDICAL ASSOCIATES, PC",84cae8c7-dbdf-450b-836e-557d4c653f98,Kristen,Kristen Jones,Internal Medicine/PCP,Other Patient Referrer,Deterministically matched,Exact provider name,"Mohammed MD, Abu Fazal Shaik",1,0,0,1,1,2026-06-16 00:00:00,2026-06-16 00:00:00,,2026-06-01 00:00:00,15,15,1,0,0,0,0,13,2026-07-10 00:00:00
SOUTHFIELD URGENT CARE,f8db03fe-3188-4a31-b4ee-6010086c7552,Jasmine,Jasmine Jones,Urgent care,Other Patient Referrer,Deterministically matched,Exact company name,Southfield Urgent Care,1,0,0,1,1,2026-06-08 00:00:00,2026-06-08 00:00:00,,2026-03-13 00:00:00,87,87,0,0,1,0,0,13,2026-07-10 00:00:00
WARREN PODIATRY,4d38264b-b17e-42b4-9043-92ff06e62c09,Coty,Coty Oetjens,Podaitry,Other Patient Referrer,Deterministically matched,Exact provider name + referral PL owner,"Mauro DPM, Gary",1,0,0,1,1,2026-06-23 00:00:00,2026-06-23 00:00:00,,2026-04-16 00:00:00,68,68,0,0,1,0,0,13,2026-07-10 00:00:00
"WESTERN WAYNE PHYSICIANS, PLC Allen Park",300beedb-7326-44cf-8008-29d60d8d78bb,Kristen,Kristen Jones,Internal Medicine/PCP,Other Patient Referrer,Deterministically matched,Exact provider name,"Nester MD, Patricia",1,0,0,1,1,2026-02-10 00:00:00,2026-02-10 00:00:00,,2026-02-03 00:00:00,7,7,1,0,0,0,0,13,2026-07-10 00:00:00
"WILLIAMS FAMILY AND SPORTS MEDICAL CENTER, PLC",128e9f0f-8074-4052-b91d-e71905388022,Kristen,Kristen Jones,Sports Medicine;Internal Medicine/PCP,Other Patient Referrer,Deterministically matched,Unique provider first + last,"Williams DO, Joseph L",1,0,0,1,1,2026-06-04 00:00:00,2026-06-04 00:00:00,,2026-05-11 00:00:00,24,24,1,0,0,0,0,13,2026-07-10 00:00:00
"Timing definition: for each distinct patient, the workbook uses the earlier supplied appointment date and finds the latest completed MMC company visit on or before that date. The difference is labeled visit-to-first-appointment lag because the export does not contain an actual referral-created date. A short lag is context, not proof of causation.",,,,,,,,,,,,,,,,,,,,,,,,,,
