"Original Url","Address","Content Type","Status Code","Status","Indexability","Indexability Status","Title 1","Title 1 Length","Title 1 Pixel Width","Meta Description 1","Meta Description 1 Length","Meta Description 1 Pixel Width","Meta Keywords 1","Meta Keywords 1 Length","H1-1","H1-1 Length","H1-2","H1-2 Length","H2-1","H2-1 Length","H2-2","H2-2 Length","Meta Robots 1","X-Robots-Tag 1","Meta Refresh 1","Canonical Link Element 1","rel=""next"" 1","rel=""prev"" 1","HTTP rel=""next"" 1","HTTP rel=""prev"" 1","amphtml Link Element","Size (bytes)","Transferred (bytes)","Total Transferred (bytes)","CO2 (mg)","Carbon Rating","Word Count","Sentence Count","Average Words Per Sentence","Flesch Reading Ease Score","Readability","Text Ratio","Crawl Depth","Folder Depth","Link Score","Inlinks","Unique Inlinks","Unique JS Inlinks","% of Total","Outlinks","Unique Outlinks","Unique JS Outlinks","External Outlinks","Unique External Outlinks","Unique External JS Outlinks","Closest Near Duplicate Match","No. Near Duplicates","Spelling Errors","Grammar Errors","Hash","Response Time","Last Modified","Redirect URL","Redirect Type","Cookies","Language","HTTP Version","Mobile Alternate Link","Closest Semantically Similar Address","Semantic Similarity Score","No. Semantically Similar","Semantic Relevance Score","URL Encoded Address","Crawl Timestamp"
"https://synergyhealth.org/category/spine/","https://synergyhealth.org/category/spine/","text/html; charset=UTF-8","301","Moved Permanently","Non-Indexable","Redirected","","0","0","","0","0","","0","","0","","0","","0","","0","","","","","","","","","","0","0","0","0.000","","0","","","","","0.000","0","2","","0","0","0","0.000","0","0","0","0","0","0","","","","","","0.171","","https://synergyhealth.org/patient-center/learning-hub/","HTTP Redirect","","","1.1","","","","","","https://synergyhealth.org/category/spine/","2026-08-11 14:04:46"
"https://synergyhealth.org/conditions-we-treat/","https://synergyhealth.org/conditions-we-treat/","text/html; charset=UTF-8","301","Moved Permanently","Non-Indexable","Redirected","","0","0","","0","0","","0","","0","","0","","0","","0","","","","","","","","","","0","0","0","0.000","","0","","","","","0.000","0","1","","0","0","0","0.000","0","0","0","0","0","0","","","","","","0.207","","https://synergyhealth.org/conditions/","HTTP Redirect","","","1.1","","","","","","https://synergyhealth.org/conditions-we-treat/","2026-08-11 14:04:46"
"https://synergyhealth.org/conditions-we-treat/arthritis/","https://synergyhealth.org/conditions-we-treat/arthritis/","text/html; charset=UTF-8","301","Moved Permanently","Non-Indexable","Redirected","","0","0","","0","0","","0","","0","","0","","0","","0","","","","","","","","","","0","0","0","0.000","","0","","","","","0.000","0","2","","0","0","0","0.000","0","0","0","0","0","0","","","","","","0.179","","https://synergyhealth.org/arthritis-awareness/","HTTP Redirect","","","1.1","","","","","","https://synergyhealth.org/conditions-we-treat/arthritis/","2026-08-11 14:04:46"
"https://synergyhealth.org/conditions-we-treat/facial-pain/","https://synergyhealth.org/conditions-we-treat/facial-pain/","text/html; charset=UTF-8","404","Not Found","Non-Indexable","Client Error","","0","0","","0","0","","0","","0","","0","","0","","0","","","","","","","","","","0","0","0","0.000","","0","","","","","0.000","0","2","","0","0","0","0.000","0","0","0","0","0","0","","","","","","0.548","","","","","","1.1","","","","","","https://synergyhealth.org/conditions-we-treat/facial-pain/","2026-08-11 14:04:46"
"https://synergyhealth.org/conditions-we-treat/foot-ankle-conditions/","https://synergyhealth.org/conditions-we-treat/foot-ankle-conditions/","text/html; charset=UTF-8","301","Moved Permanently","Non-Indexable","Redirected","","0","0","","0","0","","0","","0","","0","","0","","0","","","","","","","","","","0","0","0","0.000","","0","","","","","0.000","0","2","","0","0","0","0.000","0","0","0","0","0","0","","","","","","0.181","","https://synergyhealth.org/specialty/foot-ankle-specialists/","HTTP Redirect","","","1.1","","","","","","https://synergyhealth.org/conditions-we-treat/foot-ankle-conditions/","2026-08-11 14:04:46"
"https://synergyhealth.org/conditions-we-treat/foot-ankle-conditions/achilles-tendon/","https://synergyhealth.org/conditions-we-treat/foot-ankle-conditions/achilles-tendon/","text/html; charset=UTF-8","301","Moved Permanently","Non-Indexable","Redirected","","0","0","","0","0","","0","","0","","0","","0","","0","","","","","","","","","","0","0","0","0.000","","0","","","","","0.000","0","3","","0","0","0","0.000","0","0","0","0","0","0","","","","","","0.225","","https://synergyhealth.org/conditions/achilles-tendinitis/","HTTP Redirect","","","1.1","","","","","","https://synergyhealth.org/conditions-we-treat/foot-ankle-conditions/achilles-tendon/","2026-08-11 14:04:47"
"https://synergyhealth.org/conditions-we-treat/foot-ankle-conditions/adult-acquired-flatfoot/","https://synergyhealth.org/conditions-we-treat/foot-ankle-conditions/adult-acquired-flatfoot/","text/html; charset=UTF-8","301","Moved Permanently","Non-Indexable","Redirected","","0","0","","0","0","","0","","0","","0","","0","","0","","","","","","","","","","0","0","0","0.000","","0","","","","","0.000","0","3","","0","0","0","0.000","0","0","0","0","0","0","","","","","","0.203","","https://synergyhealth.org/conditions/flatfoot/","HTTP Redirect","","","1.1","","","","","","https://synergyhealth.org/conditions-we-treat/foot-ankle-conditions/adult-acquired-flatfoot/","2026-08-11 14:04:47"
"https://synergyhealth.org/conditions-we-treat/foot-ankle-conditions/ankle-sprain/","https://synergyhealth.org/conditions-we-treat/foot-ankle-conditions/ankle-sprain/","text/html; charset=UTF-8","404","Not Found","Non-Indexable","Client Error","","0","0","","0","0","","0","","0","","0","","0","","0","","","","","","","","","","0","0","0","0.000","","0","","","","","0.000","0","3","","0","0","0","0.000","0","0","0","0","0","0","","","","","","0.526","","","","","","1.1","","","","","","https://synergyhealth.org/conditions-we-treat/foot-ankle-conditions/ankle-sprain/","2026-08-11 14:04:47"
"https://synergyhealth.org/conditions-we-treat/foot-ankle-conditions/arthritis-of-the-foot-and-ankle/","https://synergyhealth.org/conditions-we-treat/foot-ankle-conditions/arthritis-of-the-foot-and-ankle/","text/html; charset=UTF-8","301","Moved Permanently","Non-Indexable","Redirected","","0","0","","0","0","","0","","0","","0","","0","","0","","","","","","","","","","0","0","0","0.000","","0","","","","","0.000","0","3","","0","0","0","0.000","0","0","0","0","0","0","","","","","","0.188","","https://synergyhealth.org/specialty/foot-ankle-specialists/","HTTP Redirect","","","1.1","","","","","","https://synergyhealth.org/conditions-we-treat/foot-ankle-conditions/arthritis-of-the-foot-and-ankle/","2026-08-11 14:04:47"
"https://synergyhealth.org/conditions-we-treat/foot-ankle-conditions/bowed-legs/","https://synergyhealth.org/conditions-we-treat/foot-ankle-conditions/bowed-legs/","text/html; charset=UTF-8","301","Moved Permanently","Non-Indexable","Redirected","","0","0","","0","0","","0","","0","","0","","0","","0","","","","","","","","","","0","0","0","0.000","","0","","","","","0.000","0","3","","0","0","0","0.000","0","0","0","0","0","0","","","","","","0.228","","https://synergyhealth.org/specialty/foot-ankle-specialists/","HTTP Redirect","","","1.1","","","","","","https://synergyhealth.org/conditions-we-treat/foot-ankle-conditions/bowed-legs/","2026-08-11 14:04:47"
"https://synergyhealth.org/conditions-we-treat/foot-ankle-conditions/broken-ankle/","https://synergyhealth.org/conditions-we-treat/foot-ankle-conditions/broken-ankle/","text/html; charset=UTF-8","301","Moved Permanently","Non-Indexable","Redirected","","0","0","","0","0","","0","","0","","0","","0","","0","","","","","","","","","","0","0","0","0.000","","0","","","","","0.000","0","3","","0","0","0","0.000","0","0","0","0","0","0","","","","","","2.246","","https://synergyhealth.org/conditions/ankle-fracture/","HTTP Redirect","","","1.1","","","","","","https://synergyhealth.org/conditions-we-treat/foot-ankle-conditions/broken-ankle/","2026-08-11 14:04:47"
"https://synergyhealth.org/conditions-we-treat/foot-ankle-conditions/bunions/","https://synergyhealth.org/conditions-we-treat/foot-ankle-conditions/bunions/","text/html; charset=UTF-8","301","Moved Permanently","Non-Indexable","Redirected","","0","0","","0","0","","0","","0","","0","","0","","0","","","","","","","","","","0","0","0","0.000","","0","","","","","0.000","0","3","","0","0","0","0.000","0","0","0","0","0","0","","","","","","0.147","","https://synergyhealth.org/conditions/bunions/","HTTP Redirect","","","1.1","","","","","","https://synergyhealth.org/conditions-we-treat/foot-ankle-conditions/bunions/","2026-08-11 14:04:47"
"https://synergyhealth.org/conditions-we-treat/foot-ankle-conditions/chronic-lateral-ankle-pain/","https://synergyhealth.org/conditions-we-treat/foot-ankle-conditions/chronic-lateral-ankle-pain/","text/html; charset=UTF-8","301","Moved Permanently","Non-Indexable","Redirected","","0","0","","0","0","","0","","0","","0","","0","","0","","","","","","","","","","0","0","0","0.000","","0","","","","","0.000","0","3","","0","0","0","0.000","0","0","0","0","0","0","","","","","","0.214","","https://synergyhealth.org/specialty/foot-ankle-specialists/","HTTP Redirect","","","1.1","","","","","","https://synergyhealth.org/conditions-we-treat/foot-ankle-conditions/chronic-lateral-ankle-pain/","2026-08-11 14:04:47"
"https://synergyhealth.org/conditions-we-treat/foot-ankle-conditions/claw-toe/","https://synergyhealth.org/conditions-we-treat/foot-ankle-conditions/claw-toe/","text/html; charset=UTF-8","301","Moved Permanently","Non-Indexable","Redirected","","0","0","","0","0","","0","","0","","0","","0","","0","","","","","","","","","","0","0","0","0.000","","0","","","","","0.000","0","3","","0","0","0","0.000","0","0","0","0","0","0","","","","","","0.166","","https://synergyhealth.org/specialty/foot-ankle-specialists/","HTTP Redirect","","","1.1","","","","","","https://synergyhealth.org/conditions-we-treat/foot-ankle-conditions/claw-toe/","2026-08-11 14:04:47"
"https://synergyhealth.org/conditions-we-treat/foot-ankle-conditions/clubfoot/","https://synergyhealth.org/conditions-we-treat/foot-ankle-conditions/clubfoot/","text/html; charset=UTF-8","301","Moved Permanently","Non-Indexable","Redirected","","0","0","","0","0","","0","","0","","0","","0","","0","","","","","","","","","","0","0","0","0.000","","0","","","","","0.000","0","3","","0","0","0","0.000","0","0","0","0","0","0","","","","","","0.167","","https://synergyhealth.org/specialty/foot-ankle-specialists/","HTTP Redirect","","","1.1","","","","","","https://synergyhealth.org/conditions-we-treat/foot-ankle-conditions/clubfoot/","2026-08-11 14:04:47"
"https://synergyhealth.org/conditions-we-treat/foot-ankle-conditions/common-foot-problems/","https://synergyhealth.org/conditions-we-treat/foot-ankle-conditions/common-foot-problems/","text/html; charset=UTF-8","301","Moved Permanently","Non-Indexable","Redirected","","0","0","","0","0","","0","","0","","0","","0","","0","","","","","","","","","","0","0","0","0.000","","0","","","","","0.000","0","3","","0","0","0","0.000","0","0","0","0","0","0","","","","","","0.160","","https://synergyhealth.org/specialty/foot-ankle-specialists/","HTTP Redirect","","","1.1","","","","","","https://synergyhealth.org/conditions-we-treat/foot-ankle-conditions/common-foot-problems/","2026-08-11 14:04:47"
"https://synergyhealth.org/conditions-we-treat/foot-ankle-conditions/corns/","https://synergyhealth.org/conditions-we-treat/foot-ankle-conditions/corns/","text/html; charset=UTF-8","301","Moved Permanently","Non-Indexable","Redirected","","0","0","","0","0","","0","","0","","0","","0","","0","","","","","","","","","","0","0","0","0.000","","0","","","","","0.000","0","3","","0","0","0","0.000","0","0","0","0","0","0","","","","","","0.140","","https://synergyhealth.org/specialty/foot-ankle-specialists/","HTTP Redirect","","","1.1","","","","","","https://synergyhealth.org/conditions-we-treat/foot-ankle-conditions/corns/","2026-08-11 14:04:47"
"https://synergyhealth.org/conditions-we-treat/foot-ankle-conditions/diabetic-foot/","https://synergyhealth.org/conditions-we-treat/foot-ankle-conditions/diabetic-foot/","text/html; charset=UTF-8","301","Moved Permanently","Non-Indexable","Redirected","","0","0","","0","0","","0","","0","","0","","0","","0","","","","","","","","","","0","0","0","0.000","","0","","","","","0.000","0","3","","0","0","0","0.000","0","0","0","0","0","0","","","","","","0.166","","https://synergyhealth.org/specialty/foot-ankle-specialists/","HTTP Redirect","","","1.1","","","","","","https://synergyhealth.org/conditions-we-treat/foot-ankle-conditions/diabetic-foot/","2026-08-11 14:04:47"
"https://synergyhealth.org/conditions-we-treat/foot-ankle-conditions/flexible-flatfoot-in-children/","https://synergyhealth.org/conditions-we-treat/foot-ankle-conditions/flexible-flatfoot-in-children/","text/html; charset=UTF-8","301","Moved Permanently","Non-Indexable","Redirected","","0","0","","0","0","","0","","0","","0","","0","","0","","","","","","","","","","0","0","0","0.000","","0","","","","","0.000","0","3","","0","0","0","0.000","0","0","0","0","0","0","","","","","","0.212","","https://synergyhealth.org/conditions/flatfoot/","HTTP Redirect","","","1.1","","","","","","https://synergyhealth.org/conditions-we-treat/foot-ankle-conditions/flexible-flatfoot-in-children/","2026-08-11 14:04:47"
"https://synergyhealth.org/conditions-we-treat/foot-ankle-conditions/foot-pain/","https://synergyhealth.org/conditions-we-treat/foot-ankle-conditions/foot-pain/","text/html; charset=UTF-8","301","Moved Permanently","Non-Indexable","Redirected","","0","0","","0","0","","0","","0","","0","","0","","0","","","","","","","","","","0","0","0","0.000","","0","","","","","0.000","0","3","","0","0","0","0.000","0","0","0","0","0","0","","","","","","0.157","","https://synergyhealth.org/specialty/foot-ankle-specialists/","HTTP Redirect","","","1.1","","","","","","https://synergyhealth.org/conditions-we-treat/foot-ankle-conditions/foot-pain/","2026-08-11 14:04:47"
"https://synergyhealth.org/conditions-we-treat/foot-ankle-conditions/fracture-of-the-talus/","https://synergyhealth.org/conditions-we-treat/foot-ankle-conditions/fracture-of-the-talus/","text/html; charset=UTF-8","301","Moved Permanently","Non-Indexable","Redirected","","0","0","","0","0","","0","","0","","0","","0","","0","","","","","","","","","","0","0","0","0.000","","0","","","","","0.000","0","3","","0","0","0","0.000","0","0","0","0","0","0","","","","","","0.214","","https://synergyhealth.org/specialty/foot-ankle-specialists/","HTTP Redirect","","","1.1","","","","","","https://synergyhealth.org/conditions-we-treat/foot-ankle-conditions/fracture-of-the-talus/","2026-08-11 14:04:47"
"https://synergyhealth.org/conditions-we-treat/foot-ankle-conditions/fractures-of-the-heel/","https://synergyhealth.org/conditions-we-treat/foot-ankle-conditions/fractures-of-the-heel/","text/html; charset=UTF-8","301","Moved Permanently","Non-Indexable","Redirected","","0","0","","0","0","","0","","0","","0","","0","","0","","","","","","","","","","0","0","0","0.000","","0","","","","","0.000","0","3","","0","0","0","0.000","0","0","0","0","0","0","","","","","","0.228","","https://synergyhealth.org/specialty/foot-ankle-specialists/","HTTP Redirect","","","1.1","","","","","","https://synergyhealth.org/conditions-we-treat/foot-ankle-conditions/fractures-of-the-heel/","2026-08-11 14:04:47"
"https://synergyhealth.org/conditions-we-treat/foot-ankle-conditions/hammer-toe/","https://synergyhealth.org/conditions-we-treat/foot-ankle-conditions/hammer-toe/","text/html; charset=UTF-8","301","Moved Permanently","Non-Indexable","Redirected","","0","0","","0","0","","0","","0","","0","","0","","0","","","","","","","","","","0","0","0","0.000","","0","","","","","0.000","0","3","","0","0","0","0.000","0","0","0","0","0","0","","","","","","0.174","","https://synergyhealth.org/specialty/foot-ankle-specialists/","HTTP Redirect","","","1.1","","","","","","https://synergyhealth.org/conditions-we-treat/foot-ankle-conditions/hammer-toe/","2026-08-11 14:04:48"
"https://synergyhealth.org/conditions-we-treat/foot-ankle-conditions/heel-pain/","https://synergyhealth.org/conditions-we-treat/foot-ankle-conditions/heel-pain/","text/html; charset=UTF-8","301","Moved Permanently","Non-Indexable","Redirected","","0","0","","0","0","","0","","0","","0","","0","","0","","","","","","","","","","0","0","0","0.000","","0","","","","","0.000","0","3","","0","0","0","0.000","0","0","0","0","0","0","","","","","","0.173","","https://synergyhealth.org/conditions/plantar-fasciitis/","HTTP Redirect","","","1.1","","","","","","https://synergyhealth.org/conditions-we-treat/foot-ankle-conditions/heel-pain/","2026-08-11 14:04:48"
"https://synergyhealth.org/conditions-we-treat/foot-ankle-conditions/ingrown-toenail/","https://synergyhealth.org/conditions-we-treat/foot-ankle-conditions/ingrown-toenail/","text/html; charset=UTF-8","301","Moved Permanently","Non-Indexable","Redirected","","0","0","","0","0","","0","","0","","0","","0","","0","","","","","","","","","","0","0","0","0.000","","0","","","","","0.000","0","3","","0","0","0","0.000","0","0","0","0","0","0","","","","","","0.235","","https://synergyhealth.org/specialty/foot-ankle-specialists/","HTTP Redirect","","","1.1","","","","","","https://synergyhealth.org/conditions-we-treat/foot-ankle-conditions/ingrown-toenail/","2026-08-11 14:04:48"
"https://synergyhealth.org/conditions-we-treat/foot-ankle-conditions/intoeing/","https://synergyhealth.org/conditions-we-treat/foot-ankle-conditions/intoeing/","text/html; charset=UTF-8","301","Moved Permanently","Non-Indexable","Redirected","","0","0","","0","0","","0","","0","","0","","0","","0","","","","","","","","","","0","0","0","0.000","","0","","","","","0.000","0","3","","0","0","0","0.000","0","0","0","0","0","0","","","","","","0.184","","https://synergyhealth.org/specialty/foot-ankle-specialists/","HTTP Redirect","","","1.1","","","","","","https://synergyhealth.org/conditions-we-treat/foot-ankle-conditions/intoeing/","2026-08-11 14:04:48"
"https://synergyhealth.org/conditions-we-treat/foot-ankle-conditions/lisfranc-midfoot-fracture/","https://synergyhealth.org/conditions-we-treat/foot-ankle-conditions/lisfranc-midfoot-fracture/","text/html; charset=UTF-8","301","Moved Permanently","Non-Indexable","Redirected","","0","0","","0","0","","0","","0","","0","","0","","0","","","","","","","","","","0","0","0","0.000","","0","","","","","0.000","0","3","","0","0","0","0.000","0","0","0","0","0","0","","","","","","0.184","","https://synergyhealth.org/specialty/foot-ankle-specialists/","HTTP Redirect","","","1.1","","","","","","https://synergyhealth.org/conditions-we-treat/foot-ankle-conditions/lisfranc-midfoot-fracture/","2026-08-11 14:04:48"
"https://synergyhealth.org/conditions-we-treat/foot-ankle-conditions/mortons-neuroma/","https://synergyhealth.org/conditions-we-treat/foot-ankle-conditions/mortons-neuroma/","text/html; charset=UTF-8","301","Moved Permanently","Non-Indexable","Redirected","","0","0","","0","0","","0","","0","","0","","0","","0","","","","","","","","","","0","0","0","0.000","","0","","","","","0.000","0","3","","0","0","0","0.000","0","0","0","0","0","0","","","","","","0.200","","https://synergyhealth.org/conditions/mortons-neuroma/","HTTP Redirect","","","1.1","","","","","","https://synergyhealth.org/conditions-we-treat/foot-ankle-conditions/mortons-neuroma/","2026-08-11 14:04:48"
"https://synergyhealth.org/conditions-we-treat/foot-ankle-conditions/plantar-fasciitis/","https://synergyhealth.org/conditions-we-treat/foot-ankle-conditions/plantar-fasciitis/","text/html; charset=UTF-8","301","Moved Permanently","Non-Indexable","Redirected","","0","0","","0","0","","0","","0","","0","","0","","0","","","","","","","","","","0","0","0","0.000","","0","","","","","0.000","0","3","","0","0","0","0.000","0","0","0","0","0","0","","","","","","0.145","","https://synergyhealth.org/conditions/plantar-fasciitis/","HTTP Redirect","","","1.1","","","","","","https://synergyhealth.org/conditions-we-treat/foot-ankle-conditions/plantar-fasciitis/","2026-08-11 14:04:48"
"https://synergyhealth.org/conditions-we-treat/foot-ankle-conditions/plantar-warts/","https://synergyhealth.org/conditions-we-treat/foot-ankle-conditions/plantar-warts/","text/html; charset=UTF-8","301","Moved Permanently","Non-Indexable","Redirected","","0","0","","0","0","","0","","0","","0","","0","","0","","","","","","","","","","0","0","0","0.000","","0","","","","","0.000","0","3","","0","0","0","0.000","0","0","0","0","0","0","","","","","","0.202","","https://synergyhealth.org/specialty/foot-ankle-specialists/","HTTP Redirect","","","1.1","","","","","","https://synergyhealth.org/conditions-we-treat/foot-ankle-conditions/plantar-warts/","2026-08-11 14:04:48"
"https://synergyhealth.org/conditions-we-treat/foot-ankle-conditions/posterior-tibial-tendon-dysfunction/","https://synergyhealth.org/conditions-we-treat/foot-ankle-conditions/posterior-tibial-tendon-dysfunction/","text/html; charset=UTF-8","301","Moved Permanently","Non-Indexable","Redirected","","0","0","","0","0","","0","","0","","0","","0","","0","","","","","","","","","","0","0","0","0.000","","0","","","","","0.000","0","3","","0","0","0","0.000","0","0","0","0","0","0","","","","","","0.228","","https://synergyhealth.org/specialty/foot-ankle-specialists/","HTTP Redirect","","","1.1","","","","","","https://synergyhealth.org/conditions-we-treat/foot-ankle-conditions/posterior-tibial-tendon-dysfunction/","2026-08-11 14:04:48"
"https://synergyhealth.org/conditions-we-treat/foot-ankle-conditions/sesamoiditis/","https://synergyhealth.org/conditions-we-treat/foot-ankle-conditions/sesamoiditis/","text/html; charset=UTF-8","301","Moved Permanently","Non-Indexable","Redirected","","0","0","","0","0","","0","","0","","0","","0","","0","","","","","","","","","","0","0","0","0.000","","0","","","","","0.000","0","3","","0","0","0","0.000","0","0","0","0","0","0","","","","","","0.159","","https://synergyhealth.org/specialty/foot-ankle-specialists/","HTTP Redirect","","","1.1","","","","","","https://synergyhealth.org/conditions-we-treat/foot-ankle-conditions/sesamoiditis/","2026-08-11 14:04:48"
"https://synergyhealth.org/conditions-we-treat/foot-ankle-conditions/shinbone-fractures/","https://synergyhealth.org/conditions-we-treat/foot-ankle-conditions/shinbone-fractures/","text/html; charset=UTF-8","301","Moved Permanently","Non-Indexable","Redirected","","0","0","","0","0","","0","","0","","0","","0","","0","","","","","","","","","","0","0","0","0.000","","0","","","","","0.000","0","3","","0","0","0","0.000","0","0","0","0","0","0","","","","","","0.174","","https://synergyhealth.org/specialty/foot-ankle-specialists/","HTTP Redirect","","","1.1","","","","","","https://synergyhealth.org/conditions-we-treat/foot-ankle-conditions/shinbone-fractures/","2026-08-11 14:04:48"
"https://synergyhealth.org/conditions-we-treat/foot-ankle-conditions/sprained-ankle/","https://synergyhealth.org/conditions-we-treat/foot-ankle-conditions/sprained-ankle/","text/html; charset=UTF-8","301","Moved Permanently","Non-Indexable","Redirected","","0","0","","0","0","","0","","0","","0","","0","","0","","","","","","","","","","0","0","0","0.000","","0","","","","","0.000","0","3","","0","0","0","0.000","0","0","0","0","0","0","","","","","","0.175","","https://synergyhealth.org/specialty/foot-ankle-specialists/","HTTP Redirect","","","1.1","","","","","","https://synergyhealth.org/conditions-we-treat/foot-ankle-conditions/sprained-ankle/","2026-08-11 14:04:48"
"https://synergyhealth.org/conditions-we-treat/foot-ankle-conditions/stress-fractures-of-the-foot-and-ankle/","https://synergyhealth.org/conditions-we-treat/foot-ankle-conditions/stress-fractures-of-the-foot-and-ankle/","text/html; charset=UTF-8","301","Moved Permanently","Non-Indexable","Redirected","","0","0","","0","0","","0","","0","","0","","0","","0","","","","","","","","","","0","0","0","0.000","","0","","","","","0.000","0","3","","0","0","0","0.000","0","0","0","0","0","0","","","","","","0.233","","https://synergyhealth.org/conditions/foot-stress-fracture/","HTTP Redirect","","","1.1","","","","","","https://synergyhealth.org/conditions-we-treat/foot-ankle-conditions/stress-fractures-of-the-foot-and-ankle/","2026-08-11 14:04:48"
"https://synergyhealth.org/conditions-we-treat/foot-ankle-conditions/toe-and-forefoot-fractures/","https://synergyhealth.org/conditions-we-treat/foot-ankle-conditions/toe-and-forefoot-fractures/","text/html; charset=UTF-8","301","Moved Permanently","Non-Indexable","Redirected","","0","0","","0","0","","0","","0","","0","","0","","0","","","","","","","","","","0","0","0","0.000","","0","","","","","0.000","0","3","","0","0","0","0.000","0","0","0","0","0","0","","","","","","0.163","","https://synergyhealth.org/specialty/foot-ankle-specialists/","HTTP Redirect","","","1.1","","","","","","https://synergyhealth.org/conditions-we-treat/foot-ankle-conditions/toe-and-forefoot-fractures/","2026-08-11 14:04:48"
"https://synergyhealth.org/conditions-we-treat/hand-arthritis/","https://synergyhealth.org/conditions-we-treat/hand-arthritis/","text/html; charset=UTF-8","301","Moved Permanently","Non-Indexable","Redirected","","0","0","","0","0","","0","","0","","0","","0","","0","","","","","","","","","","0","0","0","0.000","","0","","","","","0.000","0","2","","0","0","0","0.000","0","0","0","0","0","0","","","","","","0.176","","https://synergyhealth.org/conditions/hand-arthritis/","HTTP Redirect","","","1.1","","","","","","https://synergyhealth.org/conditions-we-treat/hand-arthritis/","2026-08-11 14:04:48"
"https://synergyhealth.org/conditions-we-treat/hand-upper-extremity-conditions/","https://synergyhealth.org/conditions-we-treat/hand-upper-extremity-conditions/","text/html; charset=UTF-8","301","Moved Permanently","Non-Indexable","Redirected","","0","0","","0","0","","0","","0","","0","","0","","0","","","","","","","","","","0","0","0","0.000","","0","","","","","0.000","0","2","","0","0","0","0.000","0","0","0","0","0","0","","","","","","0.192","","https://synergyhealth.org/specialty/hand-wrist/","HTTP Redirect","","","1.1","","","","","","https://synergyhealth.org/conditions-we-treat/hand-upper-extremity-conditions/","2026-08-11 14:04:48"
"https://synergyhealth.org/conditions-we-treat/hand-upper-extremity-conditions/animal-bites/","https://synergyhealth.org/conditions-we-treat/hand-upper-extremity-conditions/animal-bites/","text/html; charset=UTF-8","301","Moved Permanently","Non-Indexable","Redirected","","0","0","","0","0","","0","","0","","0","","0","","0","","","","","","","","","","0","0","0","0.000","","0","","","","","0.000","0","3","","0","0","0","0.000","0","0","0","0","0","0","","","","","","0.191","","https://synergyhealth.org/specialty/hand-wrist/","HTTP Redirect","","","1.1","","","","","","https://synergyhealth.org/conditions-we-treat/hand-upper-extremity-conditions/animal-bites/","2026-08-11 14:04:48"
"https://synergyhealth.org/conditions-we-treat/hand-upper-extremity-conditions/arthritis-of-the-thumb/","https://synergyhealth.org/conditions-we-treat/hand-upper-extremity-conditions/arthritis-of-the-thumb/","text/html; charset=UTF-8","301","Moved Permanently","Non-Indexable","Redirected","","0","0","","0","0","","0","","0","","0","","0","","0","","","","","","","","","","0","0","0","0.000","","0","","","","","0.000","0","3","","0","0","0","0.000","0","0","0","0","0","0","","","","","","0.174","","https://synergyhealth.org/conditions/thumb-arthritis/","HTTP Redirect","","","1.1","","","","","","https://synergyhealth.org/conditions-we-treat/hand-upper-extremity-conditions/arthritis-of-the-thumb/","2026-08-11 14:04:48"
"https://synergyhealth.org/conditions-we-treat/hand-upper-extremity-conditions/boutonniere-deformity/","https://synergyhealth.org/conditions-we-treat/hand-upper-extremity-conditions/boutonniere-deformity/","text/html; charset=UTF-8","301","Moved Permanently","Non-Indexable","Redirected","","0","0","","0","0","","0","","0","","0","","0","","0","","","","","","","","","","0","0","0","0.000","","0","","","","","0.000","0","3","","0","0","0","0.000","0","0","0","0","0","0","","","","","","0.170","","https://synergyhealth.org/specialty/hand-wrist/","HTTP Redirect","","","1.1","","","","","","https://synergyhealth.org/conditions-we-treat/hand-upper-extremity-conditions/boutonniere-deformity/","2026-08-11 14:04:48"
"https://synergyhealth.org/conditions-we-treat/hand-upper-extremity-conditions/carpal-tunnel-syndrome/","https://synergyhealth.org/conditions-we-treat/hand-upper-extremity-conditions/carpal-tunnel-syndrome/","text/html; charset=UTF-8","301","Moved Permanently","Non-Indexable","Redirected","","0","0","","0","0","","0","","0","","0","","0","","0","","","","","","","","","","0","0","0","0.000","","0","","","","","0.000","0","3","","0","0","0","0.000","0","0","0","0","0","0","","","","","","0.174","","https://synergyhealth.org/conditions/carpal-tunnel-syndrome/","HTTP Redirect","","","1.1","","","","","","https://synergyhealth.org/conditions-we-treat/hand-upper-extremity-conditions/carpal-tunnel-syndrome/","2026-08-11 14:04:49"
"https://synergyhealth.org/conditions-we-treat/hand-upper-extremity-conditions/dequervains-tendinitis/","https://synergyhealth.org/conditions-we-treat/hand-upper-extremity-conditions/dequervains-tendinitis/","text/html; charset=UTF-8","301","Moved Permanently","Non-Indexable","Redirected","","0","0","","0","0","","0","","0","","0","","0","","0","","","","","","","","","","0","0","0","0.000","","0","","","","","0.000","0","3","","0","0","0","0.000","0","0","0","0","0","0","","","","","","0.180","","https://synergyhealth.org/conditions/de-quervains-tenosynovitis/","HTTP Redirect","","","1.1","","","","","","https://synergyhealth.org/conditions-we-treat/hand-upper-extremity-conditions/dequervains-tendinitis/","2026-08-11 14:04:49"
"https://synergyhealth.org/conditions-we-treat/hand-upper-extremity-conditions/distal-radius-fracture/","https://synergyhealth.org/conditions-we-treat/hand-upper-extremity-conditions/distal-radius-fracture/","text/html; charset=UTF-8","301","Moved Permanently","Non-Indexable","Redirected","","0","0","","0","0","","0","","0","","0","","0","","0","","","","","","","","","","0","0","0","0.000","","0","","","","","0.000","0","3","","0","0","0","0.000","0","0","0","0","0","0","","","","","","0.212","","https://synergyhealth.org/conditions/wrist-fracture/","HTTP Redirect","","","1.1","","","","","","https://synergyhealth.org/conditions-we-treat/hand-upper-extremity-conditions/distal-radius-fracture/","2026-08-11 14:04:49"
"https://synergyhealth.org/conditions-we-treat/hand-upper-extremity-conditions/dupuytrens-disease/","https://synergyhealth.org/conditions-we-treat/hand-upper-extremity-conditions/dupuytrens-disease/","text/html; charset=UTF-8","301","Moved Permanently","Non-Indexable","Redirected","","0","0","","0","0","","0","","0","","0","","0","","0","","","","","","","","","","0","0","0","0.000","","0","","","","","0.000","0","3","","0","0","0","0.000","0","0","0","0","0","0","","","","","","0.177","","https://synergyhealth.org/conditions/dupuytrens-contracture/","HTTP Redirect","","","1.1","","","","","","https://synergyhealth.org/conditions-we-treat/hand-upper-extremity-conditions/dupuytrens-disease/","2026-08-11 14:04:49"
"https://synergyhealth.org/conditions-we-treat/hand-upper-extremity-conditions/fingertip-injuries-amputations/","https://synergyhealth.org/conditions-we-treat/hand-upper-extremity-conditions/fingertip-injuries-amputations/","text/html; charset=UTF-8","301","Moved Permanently","Non-Indexable","Redirected","","0","0","","0","0","","0","","0","","0","","0","","0","","","","","","","","","","0","0","0","0.000","","0","","","","","0.000","0","3","","0","0","0","0.000","0","0","0","0","0","0","","","","","","0.248","","https://synergyhealth.org/treatment/finger-amputation-surgery/","HTTP Redirect","","","1.1","","","","","","https://synergyhealth.org/conditions-we-treat/hand-upper-extremity-conditions/fingertip-injuries-amputations/","2026-08-11 14:04:49"
"https://synergyhealth.org/conditions-we-treat/hand-upper-extremity-conditions/flexor-tendon-injuries/","https://synergyhealth.org/conditions-we-treat/hand-upper-extremity-conditions/flexor-tendon-injuries/","text/html; charset=UTF-8","301","Moved Permanently","Non-Indexable","Redirected","","0","0","","0","0","","0","","0","","0","","0","","0","","","","","","","","","","0","0","0","0.000","","0","","","","","0.000","0","3","","0","0","0","0.000","0","0","0","0","0","0","","","","","","0.184","","https://synergyhealth.org/treatment/tendon-repair/","HTTP Redirect","","","1.1","","","","","","https://synergyhealth.org/conditions-we-treat/hand-upper-extremity-conditions/flexor-tendon-injuries/","2026-08-11 14:04:49"
"https://synergyhealth.org/conditions-we-treat/hand-upper-extremity-conditions/fracture-of-the-finger/","https://synergyhealth.org/conditions-we-treat/hand-upper-extremity-conditions/fracture-of-the-finger/","text/html; charset=UTF-8","301","Moved Permanently","Non-Indexable","Redirected","","0","0","","0","0","","0","","0","","0","","0","","0","","","","","","","","","","0","0","0","0.000","","0","","","","","0.000","0","3","","0","0","0","0.000","0","0","0","0","0","0","","","","","","0.197","","https://synergyhealth.org/conditions/wrist-fracture/","HTTP Redirect","","","1.1","","","","","","https://synergyhealth.org/conditions-we-treat/hand-upper-extremity-conditions/fracture-of-the-finger/","2026-08-11 14:04:49"
"https://synergyhealth.org/conditions-we-treat/hand-upper-extremity-conditions/ganglions-cysts-of-the-wrist/","https://synergyhealth.org/conditions-we-treat/hand-upper-extremity-conditions/ganglions-cysts-of-the-wrist/","text/html; charset=UTF-8","301","Moved Permanently","Non-Indexable","Redirected","","0","0","","0","0","","0","","0","","0","","0","","0","","","","","","","","","","0","0","0","0.000","","0","","","","","0.000","0","3","","0","0","0","0.000","0","0","0","0","0","0","","","","","","0.177","","https://synergyhealth.org/conditions/ganglion-cyst/","HTTP Redirect","","","1.1","","","","","","https://synergyhealth.org/conditions-we-treat/hand-upper-extremity-conditions/ganglions-cysts-of-the-wrist/","2026-08-11 14:04:49"
"https://synergyhealth.org/conditions-we-treat/hand-upper-extremity-conditions/hand-arthritis/","https://synergyhealth.org/conditions-we-treat/hand-upper-extremity-conditions/hand-arthritis/","text/html; charset=UTF-8","301","Moved Permanently","Non-Indexable","Redirected","","0","0","","0","0","","0","","0","","0","","0","","0","","","","","","","","","","0","0","0","0.000","","0","","","","","0.000","0","3","","0","0","0","0.000","0","0","0","0","0","0","","","","","","0.180","","https://synergyhealth.org/conditions/hand-arthritis/","HTTP Redirect","","","1.1","","","","","","https://synergyhealth.org/conditions-we-treat/hand-upper-extremity-conditions/hand-arthritis/","2026-08-11 14:04:49"
"https://synergyhealth.org/conditions-we-treat/hand-upper-extremity-conditions/hand-fractures/","https://synergyhealth.org/conditions-we-treat/hand-upper-extremity-conditions/hand-fractures/","text/html; charset=UTF-8","301","Moved Permanently","Non-Indexable","Redirected","","0","0","","0","0","","0","","0","","0","","0","","0","","","","","","","","","","0","0","0","0.000","","0","","","","","0.000","0","3","","0","0","0","0.000","0","0","0","0","0","0","","","","","","0.122","","https://synergyhealth.org/specialty/hand-wrist/","HTTP Redirect","","","1.1","","","","","","https://synergyhealth.org/conditions-we-treat/hand-upper-extremity-conditions/hand-fractures/","2026-08-11 14:04:49"
"https://synergyhealth.org/conditions-we-treat/hand-upper-extremity-conditions/kienbocks-disease/","https://synergyhealth.org/conditions-we-treat/hand-upper-extremity-conditions/kienbocks-disease/","text/html; charset=UTF-8","301","Moved Permanently","Non-Indexable","Redirected","","0","0","","0","0","","0","","0","","0","","0","","0","","","","","","","","","","0","0","0","0.000","","0","","","","","0.000","0","3","","0","0","0","0.000","0","0","0","0","0","0","","","","","","0.174","","https://synergyhealth.org/specialty/hand-wrist/","HTTP Redirect","","","1.1","","","","","","https://synergyhealth.org/conditions-we-treat/hand-upper-extremity-conditions/kienbocks-disease/","2026-08-11 14:04:49"
"https://synergyhealth.org/conditions-we-treat/hand-upper-extremity-conditions/mallet-finger-baseball-finger/","https://synergyhealth.org/conditions-we-treat/hand-upper-extremity-conditions/mallet-finger-baseball-finger/","text/html; charset=UTF-8","301","Moved Permanently","Non-Indexable","Redirected","","0","0","","0","0","","0","","0","","0","","0","","0","","","","","","","","","","0","0","0","0.000","","0","","","","","0.000","0","3","","0","0","0","0.000","0","0","0","0","0","0","","","","","","0.156","","https://synergyhealth.org/specialty/hand-wrist/","HTTP Redirect","","","1.1","","","","","","https://synergyhealth.org/conditions-we-treat/hand-upper-extremity-conditions/mallet-finger-baseball-finger/","2026-08-11 14:04:49"
"https://synergyhealth.org/conditions-we-treat/hand-upper-extremity-conditions/nerve-injuries/","https://synergyhealth.org/conditions-we-treat/hand-upper-extremity-conditions/nerve-injuries/","text/html; charset=UTF-8","301","Moved Permanently","Non-Indexable","Redirected","","0","0","","0","0","","0","","0","","0","","0","","0","","","","","","","","","","0","0","0","0.000","","0","","","","","0.000","0","3","","0","0","0","0.000","0","0","0","0","0","0","","","","","","0.184","","https://synergyhealth.org/treatment/nerve-repair/","HTTP Redirect","","","1.1","","","","","","https://synergyhealth.org/conditions-we-treat/hand-upper-extremity-conditions/nerve-injuries/","2026-08-11 14:04:49"
"https://synergyhealth.org/conditions-we-treat/hand-upper-extremity-conditions/reflex-sympathetic-dystrophy/","https://synergyhealth.org/conditions-we-treat/hand-upper-extremity-conditions/reflex-sympathetic-dystrophy/","text/html; charset=UTF-8","301","Moved Permanently","Non-Indexable","Redirected","","0","0","","0","0","","0","","0","","0","","0","","0","","","","","","","","","","0","0","0","0.000","","0","","","","","0.000","0","3","","0","0","0","0.000","0","0","0","0","0","0","","","","","","0.199","","https://synergyhealth.org/specialty/hand-wrist/","HTTP Redirect","","","1.1","","","","","","https://synergyhealth.org/conditions-we-treat/hand-upper-extremity-conditions/reflex-sympathetic-dystrophy/","2026-08-11 14:04:49"
"https://synergyhealth.org/conditions-we-treat/hand-upper-extremity-conditions/scaphoid-wrist-bone-fracture/","https://synergyhealth.org/conditions-we-treat/hand-upper-extremity-conditions/scaphoid-wrist-bone-fracture/","text/html; charset=UTF-8","301","Moved Permanently","Non-Indexable","Redirected","","0","0","","0","0","","0","","0","","0","","0","","0","","","","","","","","","","0","0","0","0.000","","0","","","","","0.000","0","3","","0","0","0","0.000","0","0","0","0","0","0","","","","","","0.180","","https://synergyhealth.org/specialty/hand-wrist/","HTTP Redirect","","","1.1","","","","","","https://synergyhealth.org/conditions-we-treat/hand-upper-extremity-conditions/scaphoid-wrist-bone-fracture/","2026-08-11 14:04:49"
"https://synergyhealth.org/conditions-we-treat/hand-upper-extremity-conditions/sprained-thumb/","https://synergyhealth.org/conditions-we-treat/hand-upper-extremity-conditions/sprained-thumb/","text/html; charset=UTF-8","301","Moved Permanently","Non-Indexable","Redirected","","0","0","","0","0","","0","","0","","0","","0","","0","","","","","","","","","","0","0","0","0.000","","0","","","","","0.000","0","3","","0","0","0","0.000","0","0","0","0","0","0","","","","","","0.165","","https://synergyhealth.org/specialty/hand-wrist/","HTTP Redirect","","","1.1","","","","","","https://synergyhealth.org/conditions-we-treat/hand-upper-extremity-conditions/sprained-thumb/","2026-08-11 14:04:49"
"https://synergyhealth.org/conditions-we-treat/hand-upper-extremity-conditions/thumb-fracture/","https://synergyhealth.org/conditions-we-treat/hand-upper-extremity-conditions/thumb-fracture/","text/html; charset=UTF-8","301","Moved Permanently","Non-Indexable","Redirected","","0","0","","0","0","","0","","0","","0","","0","","0","","","","","","","","","","0","0","0","0.000","","0","","","","","0.000","0","3","","0","0","0","0.000","0","0","0","0","0","0","","","","","","0.165","","https://synergyhealth.org/specialty/hand-wrist/","HTTP Redirect","","","1.1","","","","","","https://synergyhealth.org/conditions-we-treat/hand-upper-extremity-conditions/thumb-fracture/","2026-08-11 14:04:49"
"https://synergyhealth.org/conditions-we-treat/hand-upper-extremity-conditions/trigger-finger/","https://synergyhealth.org/conditions-we-treat/hand-upper-extremity-conditions/trigger-finger/","text/html; charset=UTF-8","301","Moved Permanently","Non-Indexable","Redirected","","0","0","","0","0","","0","","0","","0","","0","","0","","","","","","","","","","0","0","0","0.000","","0","","","","","0.000","0","3","","0","0","0","0.000","0","0","0","0","0","0","","","","","","0.175","","https://synergyhealth.org/treatment/trigger-finger-release/","HTTP Redirect","","","1.1","","","","","","https://synergyhealth.org/conditions-we-treat/hand-upper-extremity-conditions/trigger-finger/","2026-08-11 14:04:49"
"https://synergyhealth.org/conditions-we-treat/hand-upper-extremity-conditions/ulnar-tunnel-syndrome/","https://synergyhealth.org/conditions-we-treat/hand-upper-extremity-conditions/ulnar-tunnel-syndrome/","text/html; charset=UTF-8","301","Moved Permanently","Non-Indexable","Redirected","","0","0","","0","0","","0","","0","","0","","0","","0","","","","","","","","","","0","0","0","0.000","","0","","","","","0.000","0","3","","0","0","0","0.000","0","0","0","0","0","0","","","","","","0.184","","https://synergyhealth.org/treatment/nerve-decompression-ulnar-radial/","HTTP Redirect","","","1.1","","","","","","https://synergyhealth.org/conditions-we-treat/hand-upper-extremity-conditions/ulnar-tunnel-syndrome/","2026-08-11 14:04:49"
"https://synergyhealth.org/conditions-we-treat/hand-upper-extremity-conditions/wrist-injuries-fractures/","https://synergyhealth.org/conditions-we-treat/hand-upper-extremity-conditions/wrist-injuries-fractures/","text/html; charset=UTF-8","301","Moved Permanently","Non-Indexable","Redirected","","0","0","","0","0","","0","","0","","0","","0","","0","","","","","","","","","","0","0","0","0.000","","0","","","","","0.000","0","3","","0","0","0","0.000","0","0","0","0","0","0","","","","","","0.169","","https://synergyhealth.org/conditions/wrist-fracture/","HTTP Redirect","","","1.1","","","","","","https://synergyhealth.org/conditions-we-treat/hand-upper-extremity-conditions/wrist-injuries-fractures/","2026-08-11 14:04:49"
"https://synergyhealth.org/conditions-we-treat/head-neck-2/","https://synergyhealth.org/conditions-we-treat/head-neck-2/","text/html; charset=UTF-8","404","Not Found","Non-Indexable","Client Error","","0","0","","0","0","","0","","0","","0","","0","","0","","","","","","","","","","0","0","0","0.000","","0","","","","","0.000","0","2","","0","0","0","0.000","0","0","0","0","0","0","","","","","","0.547","","","","","","1.1","","","","","","https://synergyhealth.org/conditions-we-treat/head-neck-2/","2026-08-11 14:04:49"
"https://synergyhealth.org/conditions-we-treat/headaches-migraines/","https://synergyhealth.org/conditions-we-treat/headaches-migraines/","text/html; charset=UTF-8","404","Not Found","Non-Indexable","Client Error","","0","0","","0","0","","0","","0","","0","","0","","0","","","","","","","","","","0","0","0","0.000","","0","","","","","0.000","0","2","","0","0","0","0.000","0","0","0","0","0","0","","","","","","0.519","","","","","","1.1","","","","","","https://synergyhealth.org/conditions-we-treat/headaches-migraines/","2026-08-11 14:04:49"
"https://synergyhealth.org/conditions-we-treat/hip-conditions/","https://synergyhealth.org/conditions-we-treat/hip-conditions/","text/html; charset=UTF-8","301","Moved Permanently","Non-Indexable","Redirected","","0","0","","0","0","","0","","0","","0","","0","","0","","","","","","","","","","0","0","0","0.000","","0","","","","","0.000","0","2","","0","0","0","0.000","0","0","0","0","0","0","","","","","","0.176","","https://synergyhealth.org/specialty/hip/","HTTP Redirect","","","1.1","","","","","","https://synergyhealth.org/conditions-we-treat/hip-conditions/","2026-08-11 14:04:49"
"https://synergyhealth.org/conditions-we-treat/hip-conditions/avascular-necrosis-of-the-hip/","https://synergyhealth.org/conditions-we-treat/hip-conditions/avascular-necrosis-of-the-hip/","text/html; charset=UTF-8","301","Moved Permanently","Non-Indexable","Redirected","","0","0","","0","0","","0","","0","","0","","0","","0","","","","","","","","","","0","0","0","0.000","","0","","","","","0.000","0","3","","0","0","0","0.000","0","0","0","0","0","0","","","","","","0.176","","https://synergyhealth.org/specialty/hip/","HTTP Redirect","","","1.1","","","","","","https://synergyhealth.org/conditions-we-treat/hip-conditions/avascular-necrosis-of-the-hip/","2026-08-11 14:04:49"
"https://synergyhealth.org/conditions-we-treat/hip-conditions/hip-bursitis/","https://synergyhealth.org/conditions-we-treat/hip-conditions/hip-bursitis/","text/html; charset=UTF-8","301","Moved Permanently","Non-Indexable","Redirected","","0","0","","0","0","","0","","0","","0","","0","","0","","","","","","","","","","0","0","0","0.000","","0","","","","","0.000","0","3","","0","0","0","0.000","0","0","0","0","0","0","","","","","","0.174","","https://synergyhealth.org/conditions/trochanteric-bursitis/","HTTP Redirect","","","1.1","","","","","","https://synergyhealth.org/conditions-we-treat/hip-conditions/hip-bursitis/","2026-08-11 14:04:49"
"https://synergyhealth.org/conditions-we-treat/hip-conditions/hip-dislocations/","https://synergyhealth.org/conditions-we-treat/hip-conditions/hip-dislocations/","text/html; charset=UTF-8","301","Moved Permanently","Non-Indexable","Redirected","","0","0","","0","0","","0","","0","","0","","0","","0","","","","","","","","","","0","0","0","0.000","","0","","","","","0.000","0","3","","0","0","0","0.000","0","0","0","0","0","0","","","","","","0.194","","https://synergyhealth.org/specialty/hip/","HTTP Redirect","","","1.1","","","","","","https://synergyhealth.org/conditions-we-treat/hip-conditions/hip-dislocations/","2026-08-11 14:04:50"
"https://synergyhealth.org/conditions-we-treat/hip-conditions/hip-dysplasia/","https://synergyhealth.org/conditions-we-treat/hip-conditions/hip-dysplasia/","text/html; charset=UTF-8","301","Moved Permanently","Non-Indexable","Redirected","","0","0","","0","0","","0","","0","","0","","0","","0","","","","","","","","","","0","0","0","0.000","","0","","","","","0.000","0","3","","0","0","0","0.000","0","0","0","0","0","0","","","","","","0.162","","https://synergyhealth.org/specialty/hip/","HTTP Redirect","","","1.1","","","","","","https://synergyhealth.org/conditions-we-treat/hip-conditions/hip-dysplasia/","2026-08-11 14:04:50"
"https://synergyhealth.org/conditions-we-treat/hip-conditions/hip-fractures/","https://synergyhealth.org/conditions-we-treat/hip-conditions/hip-fractures/","text/html; charset=UTF-8","301","Moved Permanently","Non-Indexable","Redirected","","0","0","","0","0","","0","","0","","0","","0","","0","","","","","","","","","","0","0","0","0.000","","0","","","","","0.000","0","3","","0","0","0","0.000","0","0","0","0","0","0","","","","","","0.169","","https://synergyhealth.org/conditions/hip-fracture/","HTTP Redirect","","","1.1","","","","","","https://synergyhealth.org/conditions-we-treat/hip-conditions/hip-fractures/","2026-08-11 14:04:50"
"https://synergyhealth.org/conditions-we-treat/hip-conditions/hip-impingement/","https://synergyhealth.org/conditions-we-treat/hip-conditions/hip-impingement/","text/html; charset=UTF-8","301","Moved Permanently","Non-Indexable","Redirected","","0","0","","0","0","","0","","0","","0","","0","","0","","","","","","","","","","0","0","0","0.000","","0","","","","","0.000","0","3","","0","0","0","0.000","0","0","0","0","0","0","","","","","","0.181","","https://synergyhealth.org/conditions/femoroacetabular-impingement/","HTTP Redirect","","","1.1","","","","","","https://synergyhealth.org/conditions-we-treat/hip-conditions/hip-impingement/","2026-08-11 14:04:50"
"https://synergyhealth.org/conditions-we-treat/hip-conditions/hip-osteoarthritis/","https://synergyhealth.org/conditions-we-treat/hip-conditions/hip-osteoarthritis/","text/html; charset=UTF-8","301","Moved Permanently","Non-Indexable","Redirected","","0","0","","0","0","","0","","0","","0","","0","","0","","","","","","","","","","0","0","0","0.000","","0","","","","","0.000","0","3","","0","0","0","0.000","0","0","0","0","0","0","","","","","","0.177","","https://synergyhealth.org/conditions/hip-osteoarthritis/","HTTP Redirect","","","1.1","","","","","","https://synergyhealth.org/conditions-we-treat/hip-conditions/hip-osteoarthritis/","2026-08-11 14:04:50"
"https://synergyhealth.org/conditions-we-treat/hip-conditions/labral-tears/","https://synergyhealth.org/conditions-we-treat/hip-conditions/labral-tears/","text/html; charset=UTF-8","301","Moved Permanently","Non-Indexable","Redirected","","0","0","","0","0","","0","","0","","0","","0","","0","","","","","","","","","","0","0","0","0.000","","0","","","","","0.000","0","3","","0","0","0","0.000","0","0","0","0","0","0","","","","","","0.165","","https://synergyhealth.org/conditions/hip-labral-tear/","HTTP Redirect","","","1.1","","","","","","https://synergyhealth.org/conditions-we-treat/hip-conditions/labral-tears/","2026-08-11 14:04:50"
"https://synergyhealth.org/conditions-we-treat/hip-conditions/rheumatoid-arthritis-in-the-hip-joint/","https://synergyhealth.org/conditions-we-treat/hip-conditions/rheumatoid-arthritis-in-the-hip-joint/","text/html; charset=UTF-8","301","Moved Permanently","Non-Indexable","Redirected","","0","0","","0","0","","0","","0","","0","","0","","0","","","","","","","","","","0","0","0","0.000","","0","","","","","0.000","0","3","","0","0","0","0.000","0","0","0","0","0","0","","","","","","0.192","","https://synergyhealth.org/specialty/hip/","HTTP Redirect","","","1.1","","","","","","https://synergyhealth.org/conditions-we-treat/hip-conditions/rheumatoid-arthritis-in-the-hip-joint/","2026-08-11 14:04:50"
"https://synergyhealth.org/conditions-we-treat/hip-conditions/snapping-hip-syndrome/","https://synergyhealth.org/conditions-we-treat/hip-conditions/snapping-hip-syndrome/","text/html; charset=UTF-8","301","Moved Permanently","Non-Indexable","Redirected","","0","0","","0","0","","0","","0","","0","","0","","0","","","","","","","","","","0","0","0","0.000","","0","","","","","0.000","0","3","","0","0","0","0.000","0","0","0","0","0","0","","","","","","0.188","","https://synergyhealth.org/specialty/hip/","HTTP Redirect","","","1.1","","","","","","https://synergyhealth.org/conditions-we-treat/hip-conditions/snapping-hip-syndrome/","2026-08-11 14:04:50"
"https://synergyhealth.org/conditions-we-treat/joint-preservation-reconstruction/","https://synergyhealth.org/conditions-we-treat/joint-preservation-reconstruction/","text/html; charset=UTF-8","404","Not Found","Non-Indexable","Client Error","","0","0","","0","0","","0","","0","","0","","0","","0","","","","","","","","","","0","0","0","0.000","","0","","","","","0.000","0","2","","0","0","0","0.000","0","0","0","0","0","0","","","","","","0.527","","","","","","1.1","","","","","","https://synergyhealth.org/conditions-we-treat/joint-preservation-reconstruction/","2026-08-11 14:04:50"
"https://synergyhealth.org/conditions-we-treat/knee-conditions/","https://synergyhealth.org/conditions-we-treat/knee-conditions/","text/html; charset=UTF-8","301","Moved Permanently","Non-Indexable","Redirected","","0","0","","0","0","","0","","0","","0","","0","","0","","","","","","","","","","0","0","0","0.000","","0","","","","","0.000","0","2","","0","0","0","0.000","0","0","0","0","0","0","","","","","","0.195","","https://synergyhealth.org/specialty/knee/","HTTP Redirect","","","1.1","","","","","","https://synergyhealth.org/conditions-we-treat/knee-conditions/","2026-08-11 14:04:50"
"https://synergyhealth.org/conditions-we-treat/knee-conditions/acl-injuries/","https://synergyhealth.org/conditions-we-treat/knee-conditions/acl-injuries/","text/html; charset=UTF-8","301","Moved Permanently","Non-Indexable","Redirected","","0","0","","0","0","","0","","0","","0","","0","","0","","","","","","","","","","0","0","0","0.000","","0","","","","","0.000","0","3","","0","0","0","0.000","0","0","0","0","0","0","","","","","","0.172","","https://synergyhealth.org/conditions/acl-tear/","HTTP Redirect","","","1.1","","","","","","https://synergyhealth.org/conditions-we-treat/knee-conditions/acl-injuries/","2026-08-11 14:04:50"
"https://synergyhealth.org/conditions-we-treat/knee-conditions/dislocated-kneecap/","https://synergyhealth.org/conditions-we-treat/knee-conditions/dislocated-kneecap/","text/html; charset=UTF-8","301","Moved Permanently","Non-Indexable","Redirected","","0","0","","0","0","","0","","0","","0","","0","","0","","","","","","","","","","0","0","0","0.000","","0","","","","","0.000","0","3","","0","0","0","0.000","0","0","0","0","0","0","","","","","","0.158","","https://synergyhealth.org/specialty/knee/","HTTP Redirect","","","1.1","","","","","","https://synergyhealth.org/conditions-we-treat/knee-conditions/dislocated-kneecap/","2026-08-11 14:04:50"
"https://synergyhealth.org/conditions-we-treat/knee-conditions/iliotibial-band-syndrome/","https://synergyhealth.org/conditions-we-treat/knee-conditions/iliotibial-band-syndrome/","text/html; charset=UTF-8","301","Moved Permanently","Non-Indexable","Redirected","","0","0","","0","0","","0","","0","","0","","0","","0","","","","","","","","","","0","0","0","0.000","","0","","","","","0.000","0","3","","0","0","0","0.000","0","0","0","0","0","0","","","","","","0.160","","https://synergyhealth.org/specialty/knee/","HTTP Redirect","","","1.1","","","","","","https://synergyhealth.org/conditions-we-treat/knee-conditions/iliotibial-band-syndrome/","2026-08-11 14:04:50"
"https://synergyhealth.org/conditions-we-treat/knee-conditions/knee-bursitis/","https://synergyhealth.org/conditions-we-treat/knee-conditions/knee-bursitis/","text/html; charset=UTF-8","301","Moved Permanently","Non-Indexable","Redirected","","0","0","","0","0","","0","","0","","0","","0","","0","","","","","","","","","","0","0","0","0.000","","0","","","","","0.000","0","3","","0","0","0","0.000","0","0","0","0","0","0","","","","","","0.174","","https://synergyhealth.org/conditions/knee-bursitis/","HTTP Redirect","","","1.1","","","","","","https://synergyhealth.org/conditions-we-treat/knee-conditions/knee-bursitis/","2026-08-11 14:04:50"
"https://synergyhealth.org/conditions-we-treat/knee-conditions/knee-fractures/","https://synergyhealth.org/conditions-we-treat/knee-conditions/knee-fractures/","text/html; charset=UTF-8","301","Moved Permanently","Non-Indexable","Redirected","","0","0","","0","0","","0","","0","","0","","0","","0","","","","","","","","","","0","0","0","0.000","","0","","","","","0.000","0","3","","0","0","0","0.000","0","0","0","0","0","0","","","","","","0.153","","https://synergyhealth.org/specialty/knee/","HTTP Redirect","","","1.1","","","","","","https://synergyhealth.org/conditions-we-treat/knee-conditions/knee-fractures/","2026-08-11 14:04:50"
"https://synergyhealth.org/conditions-we-treat/knee-conditions/loose-body-of-the-knee-joint/","https://synergyhealth.org/conditions-we-treat/knee-conditions/loose-body-of-the-knee-joint/","text/html; charset=UTF-8","301","Moved Permanently","Non-Indexable","Redirected","","0","0","","0","0","","0","","0","","0","","0","","0","","","","","","","","","","0","0","0","0.000","","0","","","","","0.000","0","3","","0","0","0","0.000","0","0","0","0","0","0","","","","","","0.180","","https://synergyhealth.org/specialty/knee/","HTTP Redirect","","","1.1","","","","","","https://synergyhealth.org/conditions-we-treat/knee-conditions/loose-body-of-the-knee-joint/","2026-08-11 14:04:50"
"https://synergyhealth.org/conditions-we-treat/knee-conditions/meniscal-tears/","https://synergyhealth.org/conditions-we-treat/knee-conditions/meniscal-tears/","text/html; charset=UTF-8","301","Moved Permanently","Non-Indexable","Redirected","","0","0","","0","0","","0","","0","","0","","0","","0","","","","","","","","","","0","0","0","0.000","","0","","","","","0.000","0","3","","0","0","0","0.000","0","0","0","0","0","0","","","","","","0.231","","https://synergyhealth.org/conditions/meniscus-tear/","HTTP Redirect","","","1.1","","","","","","https://synergyhealth.org/conditions-we-treat/knee-conditions/meniscal-tears/","2026-08-11 14:04:50"
"https://synergyhealth.org/conditions-we-treat/knee-conditions/patellar-tendinitis/","https://synergyhealth.org/conditions-we-treat/knee-conditions/patellar-tendinitis/","text/html; charset=UTF-8","301","Moved Permanently","Non-Indexable","Redirected","","0","0","","0","0","","0","","0","","0","","0","","0","","","","","","","","","","0","0","0","0.000","","0","","","","","0.000","0","3","","0","0","0","0.000","0","0","0","0","0","0","","","","","","0.177","","https://synergyhealth.org/conditions/patellar-tendinitis/","HTTP Redirect","","","1.1","","","","","","https://synergyhealth.org/conditions-we-treat/knee-conditions/patellar-tendinitis/","2026-08-11 14:04:50"
"https://synergyhealth.org/conditions-we-treat/knee-conditions/pseudogout/","https://synergyhealth.org/conditions-we-treat/knee-conditions/pseudogout/","text/html; charset=UTF-8","301","Moved Permanently","Non-Indexable","Redirected","","0","0","","0","0","","0","","0","","0","","0","","0","","","","","","","","","","0","0","0","0.000","","0","","","","","0.000","0","3","","0","0","0","0.000","0","0","0","0","0","0","","","","","","0.174","","https://synergyhealth.org/specialty/knee/","HTTP Redirect","","","1.1","","","","","","https://synergyhealth.org/conditions-we-treat/knee-conditions/pseudogout/","2026-08-11 14:04:50"
"https://synergyhealth.org/conditions-we-treat/knee-conditions/rheumatoid-arthritis-in-the-knee-joint-2/","https://synergyhealth.org/conditions-we-treat/knee-conditions/rheumatoid-arthritis-in-the-knee-joint-2/","text/html; charset=UTF-8","301","Moved Permanently","Non-Indexable","Redirected","","0","0","","0","0","","0","","0","","0","","0","","0","","","","","","","","","","0","0","0","0.000","","0","","","","","0.000","0","3","","0","0","0","0.000","0","0","0","0","0","0","","","","","","0.172","","https://synergyhealth.org/specialty/knee/","HTTP Redirect","","","1.1","","","","","","https://synergyhealth.org/conditions-we-treat/knee-conditions/rheumatoid-arthritis-in-the-knee-joint-2/","2026-08-11 14:04:50"
"https://synergyhealth.org/conditions-we-treat/knee-conditions/septic-arthritis-in-the-knee-joint/","https://synergyhealth.org/conditions-we-treat/knee-conditions/septic-arthritis-in-the-knee-joint/","text/html; charset=UTF-8","301","Moved Permanently","Non-Indexable","Redirected","","0","0","","0","0","","0","","0","","0","","0","","0","","","","","","","","","","0","0","0","0.000","","0","","","","","0.000","0","3","","0","0","0","0.000","0","0","0","0","0","0","","","","","","0.198","","https://synergyhealth.org/specialty/knee/","HTTP Redirect","","","1.1","","","","","","https://synergyhealth.org/conditions-we-treat/knee-conditions/septic-arthritis-in-the-knee-joint/","2026-08-11 14:04:51"
"https://synergyhealth.org/conditions-we-treat/neck-pain/","https://synergyhealth.org/conditions-we-treat/neck-pain/","text/html; charset=UTF-8","301","Moved Permanently","Non-Indexable","Redirected","","0","0","","0","0","","0","","0","","0","","0","","0","","","","","","","","","","0","0","0","0.000","","0","","","","","0.000","0","2","","0","0","0","0.000","0","0","0","0","0","0","","","","","","0.324","","https://synergyhealth.org/neck-pain-post/","HTTP Redirect","","","1.1","","","","","","https://synergyhealth.org/conditions-we-treat/neck-pain/","2026-08-11 14:04:51"
"https://synergyhealth.org/conditions-we-treat/neuralgia/","https://synergyhealth.org/conditions-we-treat/neuralgia/","text/html; charset=UTF-8","404","Not Found","Non-Indexable","Client Error","","0","0","","0","0","","0","","0","","0","","0","","0","","","","","","","","","","0","0","0","0.000","","0","","","","","0.000","0","2","","0","0","0","0.000","0","0","0","0","0","0","","","","","","0.530","","","","","","1.1","","","","","","https://synergyhealth.org/conditions-we-treat/neuralgia/","2026-08-11 14:04:51"
"https://synergyhealth.org/conditions-we-treat/sciatica/","https://synergyhealth.org/conditions-we-treat/sciatica/","text/html; charset=UTF-8","301","Moved Permanently","Non-Indexable","Redirected","","0","0","","0","0","","0","","0","","0","","0","","0","","","","","","","","","","0","0","0","0.000","","0","","","","","0.000","0","2","","0","0","0","0.000","0","0","0","0","0","0","","","","","","0.199","","https://synergyhealth.org/conditions/sciatica/","HTTP Redirect","","","1.1","","","","","","https://synergyhealth.org/conditions-we-treat/sciatica/","2026-08-11 14:04:51"
"https://synergyhealth.org/conditions-we-treat/shoulder/","https://synergyhealth.org/conditions-we-treat/shoulder/","text/html; charset=UTF-8","301","Moved Permanently","Non-Indexable","Redirected","","0","0","","0","0","","0","","0","","0","","0","","0","","","","","","","","","","0","0","0","0.000","","0","","","","","0.000","0","2","","0","0","0","0.000","0","0","0","0","0","0","","","","","","0.175","","https://synergyhealth.org/","HTTP Redirect","","","1.1","","","","","","https://synergyhealth.org/conditions-we-treat/shoulder/","2026-08-11 14:04:51"
"https://synergyhealth.org/conditions-we-treat/shoulder/frozen-shoulder/","https://synergyhealth.org/conditions-we-treat/shoulder/frozen-shoulder/","text/html; charset=UTF-8","301","Moved Permanently","Non-Indexable","Redirected","","0","0","","0","0","","0","","0","","0","","0","","0","","","","","","","","","","0","0","0","0.000","","0","","","","","0.000","0","3","","0","0","0","0.000","0","0","0","0","0","0","","","","","","0.233","","https://synergyhealth.org/conditions/frozen-shoulder/","HTTP Redirect","","","1.1","","","","","","https://synergyhealth.org/conditions-we-treat/shoulder/frozen-shoulder/","2026-08-11 14:04:51"
"https://synergyhealth.org/conditions-we-treat/shoulder/rotator-cuff-injuries/","https://synergyhealth.org/conditions-we-treat/shoulder/rotator-cuff-injuries/","text/html; charset=UTF-8","301","Moved Permanently","Non-Indexable","Redirected","","0","0","","0","0","","0","","0","","0","","0","","0","","","","","","","","","","0","0","0","0.000","","0","","","","","0.000","0","3","","0","0","0","0.000","0","0","0","0","0","0","","","","","","0.273","","https://synergyhealth.org/conditions/rotator-cuff-tear/","HTTP Redirect","","","1.1","","","","","","https://synergyhealth.org/conditions-we-treat/shoulder/rotator-cuff-injuries/","2026-08-11 14:04:51"
"https://synergyhealth.org/conditions-we-treat/shoulder/shoulder-arthritis/","https://synergyhealth.org/conditions-we-treat/shoulder/shoulder-arthritis/","text/html; charset=UTF-8","301","Moved Permanently","Non-Indexable","Redirected","","0","0","","0","0","","0","","0","","0","","0","","0","","","","","","","","","","0","0","0","0.000","","0","","","","","0.000","0","3","","0","0","0","0.000","0","0","0","0","0","0","","","","","","0.276","","https://synergyhealth.org/conditions/shoulder-arthritis/","HTTP Redirect","","","1.1","","","","","","https://synergyhealth.org/conditions-we-treat/shoulder/shoulder-arthritis/","2026-08-11 14:04:51"
"https://synergyhealth.org/conditions-we-treat/shoulder/shoulder-dislocation/","https://synergyhealth.org/conditions-we-treat/shoulder/shoulder-dislocation/","text/html; charset=UTF-8","301","Moved Permanently","Non-Indexable","Redirected","","0","0","","0","0","","0","","0","","0","","0","","0","","","","","","","","","","0","0","0","0.000","","0","","","","","0.000","0","3","","0","0","0","0.000","0","0","0","0","0","0","","","","","","0.149","","https://synergyhealth.org/conditions/shoulder-dislocation/","HTTP Redirect","","","1.1","","","","","","https://synergyhealth.org/conditions-we-treat/shoulder/shoulder-dislocation/","2026-08-11 14:04:51"
"https://synergyhealth.org/conditions-we-treat/shoulder/shoulder-fracture/","https://synergyhealth.org/conditions-we-treat/shoulder/shoulder-fracture/","text/html; charset=UTF-8","301","Moved Permanently","Non-Indexable","Redirected","","0","0","","0","0","","0","","0","","0","","0","","0","","","","","","","","","","0","0","0","0.000","","0","","","","","0.000","0","3","","0","0","0","0.000","0","0","0","0","0","0","","","","","","0.180","","https://synergyhealth.org/conditions/shoulder-dislocation/","HTTP Redirect","","","1.1","","","","","","https://synergyhealth.org/conditions-we-treat/shoulder/shoulder-fracture/","2026-08-11 14:04:51"
"https://synergyhealth.org/conditions-we-treat/shoulder/shoulder-instability/","https://synergyhealth.org/conditions-we-treat/shoulder/shoulder-instability/","text/html; charset=UTF-8","301","Moved Permanently","Non-Indexable","Redirected","","0","0","","0","0","","0","","0","","0","","0","","0","","","","","","","","","","0","0","0","0.000","","0","","","","","0.000","0","3","","0","0","0","0.000","0","0","0","0","0","0","","","","","","0.149","","https://synergyhealth.org/specialty/shoulder-elbow/","HTTP Redirect","","","1.1","","","","","","https://synergyhealth.org/conditions-we-treat/shoulder/shoulder-instability/","2026-08-11 14:04:51"
"https://synergyhealth.org/conditions-we-treat/shoulder/shoulder-labrum-tear/","https://synergyhealth.org/conditions-we-treat/shoulder/shoulder-labrum-tear/","text/html; charset=UTF-8","301","Moved Permanently","Non-Indexable","Redirected","","0","0","","0","0","","0","","0","","0","","0","","0","","","","","","","","","","0","0","0","0.000","","0","","","","","0.000","0","3","","0","0","0","0.000","0","0","0","0","0","0","","","","","","0.187","","https://synergyhealth.org/conditions/shoulder-labral-tear/","HTTP Redirect","","","1.1","","","","","","https://synergyhealth.org/conditions-we-treat/shoulder/shoulder-labrum-tear/","2026-08-11 14:04:51"
"https://synergyhealth.org/conditions-we-treat/shoulder/shoulder-separation/","https://synergyhealth.org/conditions-we-treat/shoulder/shoulder-separation/","text/html; charset=UTF-8","301","Moved Permanently","Non-Indexable","Redirected","","0","0","","0","0","","0","","0","","0","","0","","0","","","","","","","","","","0","0","0","0.000","","0","","","","","0.000","0","3","","0","0","0","0.000","0","0","0","0","0","0","","","","","","0.214","","https://synergyhealth.org/conditions/ac-joint-separation/","HTTP Redirect","","","1.1","","","","","","https://synergyhealth.org/conditions-we-treat/shoulder/shoulder-separation/","2026-08-11 14:04:51"
"https://synergyhealth.org/conditions-we-treat/spine-neck-back-conditions/","https://synergyhealth.org/conditions-we-treat/spine-neck-back-conditions/","text/html; charset=UTF-8","301","Moved Permanently","Non-Indexable","Redirected","","0","0","","0","0","","0","","0","","0","","0","","0","","","","","","","","","","0","0","0","0.000","","0","","","","","0.000","0","2","","0","0","0","0.000","0","0","0","0","0","0","","","","","","0.170","","https://synergyhealth.org/specialty/spine-neck-back/","HTTP Redirect","","","1.1","","","","","","https://synergyhealth.org/conditions-we-treat/spine-neck-back-conditions/","2026-08-11 14:04:51"
"https://synergyhealth.org/conditions-we-treat/spine-neck-back-conditions/adolescent-scoliosis/","https://synergyhealth.org/conditions-we-treat/spine-neck-back-conditions/adolescent-scoliosis/","text/html; charset=UTF-8","404","Not Found","Non-Indexable","Client Error","","0","0","","0","0","","0","","0","","0","","0","","0","","","","","","","","","","0","0","0","0.000","","0","","","","","0.000","0","3","","0","0","0","0.000","0","0","0","0","0","0","","","","","","0.515","","","","","","1.1","","","","","","https://synergyhealth.org/conditions-we-treat/spine-neck-back-conditions/adolescent-scoliosis/","2026-08-11 14:04:51"
"https://synergyhealth.org/conditions-we-treat/spine-neck-back-conditions/arthritic-back-pain/","https://synergyhealth.org/conditions-we-treat/spine-neck-back-conditions/arthritic-back-pain/","text/html; charset=UTF-8","301","Moved Permanently","Non-Indexable","Redirected","","0","0","","0","0","","0","","0","","0","","0","","0","","","","","","","","","","0","0","0","0.000","","0","","","","","0.000","0","3","","0","0","0","0.000","0","0","0","0","0","0","","","","","","0.189","","https://synergyhealth.org/conditions/arthritic-back-pain/","HTTP Redirect","","","1.1","","","","","","https://synergyhealth.org/conditions-we-treat/spine-neck-back-conditions/arthritic-back-pain/","2026-08-11 14:04:51"
"https://synergyhealth.org/conditions-we-treat/spine-neck-back-conditions/back-fracture-break/","https://synergyhealth.org/conditions-we-treat/spine-neck-back-conditions/back-fracture-break/","text/html; charset=UTF-8","301","Moved Permanently","Non-Indexable","Redirected","","0","0","","0","0","","0","","0","","0","","0","","0","","","","","","","","","","0","0","0","0.000","","0","","","","","0.000","0","3","","0","0","0","0.000","0","0","0","0","0","0","","","","","","0.207","","https://synergyhealth.org/conditions/back-fracture-break/","HTTP Redirect","","","1.1","","","","","","https://synergyhealth.org/conditions-we-treat/spine-neck-back-conditions/back-fracture-break/","2026-08-11 14:04:51"
"https://synergyhealth.org/conditions-we-treat/spine-neck-back-conditions/cervical-radiculopathy/","https://synergyhealth.org/conditions-we-treat/spine-neck-back-conditions/cervical-radiculopathy/","text/html; charset=UTF-8","301","Moved Permanently","Non-Indexable","Redirected","","0","0","","0","0","","0","","0","","0","","0","","0","","","","","","","","","","0","0","0","0.000","","0","","","","","0.000","0","3","","0","0","0","0.000","0","0","0","0","0","0","","","","","","0.197","","https://synergyhealth.org/conditions/cervical-radiculopathy/","HTTP Redirect","","","1.1","","","","","","https://synergyhealth.org/conditions-we-treat/spine-neck-back-conditions/cervical-radiculopathy/","2026-08-11 14:04:51"
"https://synergyhealth.org/conditions-we-treat/spine-neck-back-conditions/degenerative-disc-disease/","https://synergyhealth.org/conditions-we-treat/spine-neck-back-conditions/degenerative-disc-disease/","text/html; charset=UTF-8","404","Not Found","Non-Indexable","Client Error","","0","0","","0","0","","0","","0","","0","","0","","0","","","","","","","","","","0","0","0","0.000","","0","","","","","0.000","0","3","","0","0","0","0.000","0","0","0","0","0","0","","","","","","0.541","","","","","","1.1","","","","","","https://synergyhealth.org/conditions-we-treat/spine-neck-back-conditions/degenerative-disc-disease/","2026-08-11 14:04:51"
"https://synergyhealth.org/conditions-we-treat/spine-neck-back-conditions/herniated-disc/","https://synergyhealth.org/conditions-we-treat/spine-neck-back-conditions/herniated-disc/","text/html; charset=UTF-8","301","Moved Permanently","Non-Indexable","Redirected","","0","0","","0","0","","0","","0","","0","","0","","0","","","","","","","","","","0","0","0","0.000","","0","","","","","0.000","0","3","","0","0","0","0.000","0","0","0","0","0","0","","","","","","0.164","","https://synergyhealth.org/conditions/herniated-disc/","HTTP Redirect","","","1.1","","","","","","https://synergyhealth.org/conditions-we-treat/spine-neck-back-conditions/herniated-disc/","2026-08-11 14:04:51"
"https://synergyhealth.org/conditions-we-treat/spine-neck-back-conditions/lumbar-stenosis/","https://synergyhealth.org/conditions-we-treat/spine-neck-back-conditions/lumbar-stenosis/","text/html; charset=UTF-8","301","Moved Permanently","Non-Indexable","Redirected","","0","0","","0","0","","0","","0","","0","","0","","0","","","","","","","","","","0","0","0","0.000","","0","","","","","0.000","0","3","","0","0","0","0.000","0","0","0","0","0","0","","","","","","0.151","","https://synergyhealth.org/conditions/lumbar-stenosis/","HTTP Redirect","","","1.1","","","","","","https://synergyhealth.org/conditions-we-treat/spine-neck-back-conditions/lumbar-stenosis/","2026-08-11 14:04:51"
"https://synergyhealth.org/conditions-we-treat/spine-neck-back-conditions/neck-fracture-broken-neck/","https://synergyhealth.org/conditions-we-treat/spine-neck-back-conditions/neck-fracture-broken-neck/","text/html; charset=UTF-8","301","Moved Permanently","Non-Indexable","Redirected","","0","0","","0","0","","0","","0","","0","","0","","0","","","","","","","","","","0","0","0","0.000","","0","","","","","0.000","0","3","","0","0","0","0.000","0","0","0","0","0","0","","","","","","0.149","","https://synergyhealth.org/conditions/neck-fracture-broken-neck/","HTTP Redirect","","","1.1","","","","","","https://synergyhealth.org/conditions-we-treat/spine-neck-back-conditions/neck-fracture-broken-neck/","2026-08-11 14:04:51"
"https://synergyhealth.org/conditions-we-treat/spine-neck-back-conditions/sciatica/","https://synergyhealth.org/conditions-we-treat/spine-neck-back-conditions/sciatica/","text/html; charset=UTF-8","301","Moved Permanently","Non-Indexable","Redirected","","0","0","","0","0","","0","","0","","0","","0","","0","","","","","","","","","","0","0","0","0.000","","0","","","","","0.000","0","3","","0","0","0","0.000","0","0","0","0","0","0","","","","","","0.176","","https://synergyhealth.org/specialty/spine-neck-back/","HTTP Redirect","","","1.1","","","","","","https://synergyhealth.org/conditions-we-treat/spine-neck-back-conditions/sciatica/","2026-08-11 14:04:52"
"https://synergyhealth.org/conditions-we-treat/spine-neck-back-conditions/scoliosis/","https://synergyhealth.org/conditions-we-treat/spine-neck-back-conditions/scoliosis/","text/html; charset=UTF-8","404","Not Found","Non-Indexable","Client Error","","0","0","","0","0","","0","","0","","0","","0","","0","","","","","","","","","","0","0","0","0.000","","0","","","","","0.000","0","3","","0","0","0","0.000","0","0","0","0","0","0","","","","","","0.513","","","","","","1.1","","","","","","https://synergyhealth.org/conditions-we-treat/spine-neck-back-conditions/scoliosis/","2026-08-11 14:04:52"
"https://synergyhealth.org/conditions-we-treat/spine-neck-back-conditions/si-joint-pain/","https://synergyhealth.org/conditions-we-treat/spine-neck-back-conditions/si-joint-pain/","text/html; charset=UTF-8","301","Moved Permanently","Non-Indexable","Redirected","","0","0","","0","0","","0","","0","","0","","0","","0","","","","","","","","","","0","0","0","0.000","","0","","","","","0.000","0","3","","0","0","0","0.000","0","0","0","0","0","0","","","","","","0.194","","https://synergyhealth.org/conditions/si-joint-pain/","HTTP Redirect","","","1.1","","","","","","https://synergyhealth.org/conditions-we-treat/spine-neck-back-conditions/si-joint-pain/","2026-08-11 14:04:52"
"https://synergyhealth.org/conditions-we-treat/spine-neck-back-conditions/spinal-pain/","https://synergyhealth.org/conditions-we-treat/spine-neck-back-conditions/spinal-pain/","text/html; charset=UTF-8","404","Not Found","Non-Indexable","Client Error","","0","0","","0","0","","0","","0","","0","","0","","0","","","","","","","","","","0","0","0","0.000","","0","","","","","0.000","0","3","","0","0","0","0.000","0","0","0","0","0","0","","","","","","0.549","","","","","","1.1","","","","","","https://synergyhealth.org/conditions-we-treat/spine-neck-back-conditions/spinal-pain/","2026-08-11 14:04:52"
"https://synergyhealth.org/conditions-we-treat/spine-neck-back-conditions/spinal-stenosis/","https://synergyhealth.org/conditions-we-treat/spine-neck-back-conditions/spinal-stenosis/","text/html; charset=UTF-8","301","Moved Permanently","Non-Indexable","Redirected","","0","0","","0","0","","0","","0","","0","","0","","0","","","","","","","","","","0","0","0","0.000","","0","","","","","0.000","0","3","","0","0","0","0.000","0","0","0","0","0","0","","","","","","0.168","","https://synergyhealth.org/conditions/spinal-stenosis/","HTTP Redirect","","","1.1","","","","","","https://synergyhealth.org/conditions-we-treat/spine-neck-back-conditions/spinal-stenosis/","2026-08-11 14:04:52"
"https://synergyhealth.org/conditions-we-treat/spine-neck-back-conditions/spondylolisthesis/","https://synergyhealth.org/conditions-we-treat/spine-neck-back-conditions/spondylolisthesis/","text/html; charset=UTF-8","301","Moved Permanently","Non-Indexable","Redirected","","0","0","","0","0","","0","","0","","0","","0","","0","","","","","","","","","","0","0","0","0.000","","0","","","","","0.000","0","3","","0","0","0","0.000","0","0","0","0","0","0","","","","","","0.184","","https://synergyhealth.org/conditions/spondylolisthesis/","HTTP Redirect","","","1.1","","","","","","https://synergyhealth.org/conditions-we-treat/spine-neck-back-conditions/spondylolisthesis/","2026-08-11 14:04:52"
"https://synergyhealth.org/conditions-we-treat/spine-neck-back/arthritic-back-pain/","https://synergyhealth.org/conditions-we-treat/spine-neck-back/arthritic-back-pain/","text/html; charset=UTF-8","301","Moved Permanently","Non-Indexable","Redirected","","0","0","","0","0","","0","","0","","0","","0","","0","","","","","","","","","","0","0","0","0.000","","0","","","","","0.000","0","3","","0","0","0","0.000","0","0","0","0","0","0","","","","","","0.163","","https://synergyhealth.org/conditions/arthritic-back-pain/","HTTP Redirect","","","1.1","","","","","","https://synergyhealth.org/conditions-we-treat/spine-neck-back/arthritic-back-pain/","2026-08-11 14:04:52"
"https://synergyhealth.org/conditions-we-treat/spine/herniated-disc/","https://synergyhealth.org/conditions-we-treat/spine/herniated-disc/","text/html; charset=UTF-8","404","Not Found","Non-Indexable","Client Error","","0","0","","0","0","","0","","0","","0","","0","","0","","","","","","","","","","0","0","0","0.000","","0","","","","","0.000","0","3","","0","0","0","0.000","0","0","0","0","0","0","","","","","","0.658","","","","","","1.1","","","","","","https://synergyhealth.org/conditions-we-treat/spine/herniated-disc/","2026-08-11 14:04:52"
"https://synergyhealth.org/conditions-we-treat/sports-injuries/","https://synergyhealth.org/conditions-we-treat/sports-injuries/","text/html; charset=UTF-8","404","Not Found","Non-Indexable","Client Error","","0","0","","0","0","","0","","0","","0","","0","","0","","","","","","","","","","0","0","0","0.000","","0","","","","","0.000","0","2","","0","0","0","0.000","0","0","0","0","0","0","","","","","","0.582","","","","","","1.1","","","","","","https://synergyhealth.org/conditions-we-treat/sports-injuries/","2026-08-11 14:04:52"
"https://synergyhealth.org/conditions-we-treat/total-joint-care/","https://synergyhealth.org/conditions-we-treat/total-joint-care/","text/html; charset=UTF-8","404","Not Found","Non-Indexable","Client Error","","0","0","","0","0","","0","","0","","0","","0","","0","","","","","","","","","","0","0","0","0.000","","0","","","","","0.000","0","2","","0","0","0","0.000","0","0","0","0","0","0","","","","","","0.584","","","","","","1.1","","","","","","https://synergyhealth.org/conditions-we-treat/total-joint-care/","2026-08-11 14:04:52"
"https://synergyhealth.org/conditions-we-treat/total-joint-care/reverse-shoulder-anthroplasty/","https://synergyhealth.org/conditions-we-treat/total-joint-care/reverse-shoulder-anthroplasty/","text/html; charset=UTF-8","301","Moved Permanently","Non-Indexable","Redirected","","0","0","","0","0","","0","","0","","0","","0","","0","","","","","","","","","","0","0","0","0.000","","0","","","","","0.000","0","3","","0","0","0","0.000","0","0","0","0","0","0","","","","","","0.162","","https://synergyhealth.org/treatment/total-reverse-shoulder-arthroplasty/","HTTP Redirect","","","1.1","","","","","","https://synergyhealth.org/conditions-we-treat/total-joint-care/reverse-shoulder-anthroplasty/","2026-08-11 14:04:52"
"https://synergyhealth.org/conditions-we-treat/total-joint-replacement-hip-knee-shoulder/","https://synergyhealth.org/conditions-we-treat/total-joint-replacement-hip-knee-shoulder/","text/html; charset=UTF-8","404","Not Found","Non-Indexable","Client Error","","0","0","","0","0","","0","","0","","0","","0","","0","","","","","","","","","","0","0","0","0.000","","0","","","","","0.000","0","2","","0","0","0","0.000","0","0","0","0","0","0","","","","","","0.489","","","","","","1.1","","","","","","https://synergyhealth.org/conditions-we-treat/total-joint-replacement-hip-knee-shoulder/","2026-08-11 14:04:52"
"https://synergyhealth.org/conditions-we-treat/wrist-injuries-fractures/","https://synergyhealth.org/conditions-we-treat/wrist-injuries-fractures/","text/html; charset=UTF-8","404","Not Found","Non-Indexable","Client Error","","0","0","","0","0","","0","","0","","0","","0","","0","","","","","","","","","","0","0","0","0.000","","0","","","","","0.000","0","2","","0","0","0","0.000","0","0","0","0","0","0","","","","","","0.573","","","","","","1.1","","","","","","https://synergyhealth.org/conditions-we-treat/wrist-injuries-fractures/","2026-08-11 14:04:52"
"https://synergyhealth.org/conditions/","https://synergyhealth.org/conditions/","text/html; charset=UTF-8","200","OK","Indexable","","Orthopedic & Spine Conditions We Treat | Synergy Health","55","501","Browse conditions treated by Synergy Health's specialists across Metro Detroit — from ACL tears and herniated discs to bunions and carpal tunnel. Find your condition and explore your treatment options.","201","1281","","0","Conditions We Treat","19","","0","Expert diagnosis, personalized treatment plans, and coordinated recovery—all in one place.","90","Browse All Conditions","21","follow, index","","","https://synergyhealth.org/conditions/","https://synergyhealth.org/conditions/page/2/","","","","","399727","44687","44687","17.119","","3497","622","5.622","63.257","Normal","9.894","0","1","","313","238","0","100.000","401","217","0","15","13","0","","","","","bacaccc3ca0653e8c1c31d85d372f19e","0.092","Tue, 11 Aug 2026 17:13:52 GMT","","","","en-US","1.1","","","","","","https://synergyhealth.org/conditions/","2026-08-11 14:04:53"
"https://synergyhealth.org/conditions/ac-joint-separation/","https://synergyhealth.org/conditions/ac-joint-separation/","text/html; charset=UTF-8","200","OK","Indexable","","AC Joint Separation Treatment | Synergy Health Partners MI","58","529","Expert AC joint separation treatment in Michigan. Our orthopedic specialists provide comprehensive care from diagnosis to recovery. Schedule your evaluation today.","163","1045","","0","AC Joint Separation","19","","0","Schedule Your Shoulder Evaluation","33","Talk to Our Team","16","index, follow, max-snippet:-1, max-video-preview:-1, max-image-preview:large","","","https://synergyhealth.org/conditions/ac-joint-separation/","","","","","","238534","38430","38430","14.722","","2396","381","6.289","50.531","Fairly Hard","11.546","0","2","","485","238","0","100.000","348","219","0","8","6","0","","","","","c5ffeb6b0e3720effb92a762e20b757","0.603","Tue, 11 Aug 2026 18:04:53 GMT","","","","en-US","1.1","","","","","","https://synergyhealth.org/conditions/ac-joint-separation/","2026-08-11 14:04:53"
"https://synergyhealth.org/conditions/achilles-tendinitis/","https://synergyhealth.org/conditions/achilles-tendinitis/","text/html; charset=UTF-8","200","OK","Indexable","","Achilles Tendinitis Safe Treatment | Synergy 1-Stop-Shop MI","59","530","Expert Achilles tendinitis treatment in Southeast Michigan. Our specialists provide comprehensive care to reduce pain and restore mobility. Schedule today.","155","983","","0","Achilles Tendinitis","19","","0","Expert Achilles Tendinitis Treatment","36","Talk to Our Team","16","index, follow, max-snippet:-1, max-video-preview:-1, max-image-preview:large","","","https://synergyhealth.org/conditions/achilles-tendinitis/","","","","","","238913","38547","38547","14.767","","2389","381","6.270","47.950","Hard","11.586","0","2","","485","238","0","100.000","346","220","0","8","6","0","","","","","b883a4ae2252a4985c7f2dfb91203f57","0.585","Tue, 11 Aug 2026 18:04:53 GMT","","","","en-US","1.1","","","","","","https://synergyhealth.org/conditions/achilles-tendinitis/","2026-08-11 14:04:53"
"https://synergyhealth.org/conditions/acl-tear/","https://synergyhealth.org/conditions/acl-tear/","text/html; charset=UTF-8","200","OK","Indexable","","ACL Tear Safe Treatment | Orthopedic 1-Stop-Shop | Michigan","59","545","Expert ACL tear treatment in Southeast Michigan. Our orthopedic specialists offer advanced reconstruction surgery and rehabilitation. Schedule your evaluation today.","165","1053","","0","ACL Tear","8","","0","Schedule Your ACL Evaluation Today","34","Talk to Our Team","16","index, follow, max-snippet:-1, max-video-preview:-1, max-image-preview:large","","","https://synergyhealth.org/conditions/acl-tear/","","","","","","239096","38749","38749","14.844","","2431","391","6.217","50.882","Fairly Hard","11.580","0","2","","485","238","0","100.000","347","221","0","9","7","0","","","","","93fad93453b2893f56c62bc0406b2710","0.571","Tue, 11 Aug 2026 18:04:53 GMT","","","","en-US","1.1","","","","","","https://synergyhealth.org/conditions/acl-tear/","2026-08-11 14:04:53"
"https://synergyhealth.org/conditions/ankle-arthritis/","https://synergyhealth.org/conditions/ankle-arthritis/","text/html; charset=UTF-8","200","OK","Indexable","","Ankle Arthritis: Procedure & Recovery | Synergy Health Partners","63","554","Plain answers on ankle arthritis: candidacy, the procedure, and recovery week by week.","86","550","","0","Ankle Arthritis","15","","0","Start Your Ankle Arthritis Recovery Journey","43","Talk to Our Team","16","index, follow, max-snippet:-1, max-video-preview:-1, max-image-preview:large","","","https://synergyhealth.org/conditions/ankle-arthritis/","","","","","","238636","38417","38417","14.717","","2377","385","6.174","49.093","Hard","11.548","0","2","","246","238","0","100.000","346","220","0","8","6","0","","","","","44be8de6f5751b3667da78062bc0c6b3","0.533","Tue, 11 Aug 2026 18:04:53 GMT","","","","en-US","1.1","","","","","","https://synergyhealth.org/conditions/ankle-arthritis/","2026-08-11 14:04:53"
"https://synergyhealth.org/conditions/ankle-fracture/","https://synergyhealth.org/conditions/ankle-fracture/","text/html; charset=UTF-8","200","OK","Indexable","","Ankle Fracture Safe Treatment | Orthopedic Care | 1-Stop-Shop","61","550","Expert ankle fracture treatment in Southeast Michigan. Our orthopedic specialists provide comprehensive care from diagnosis to recovery. Schedule your consultation today.","170","1093","","0","Ankle Fracture","14","","0","Schedule Your Ankle Evaluation","30","Talk to Our Team","16","index, follow, max-snippet:-1, max-video-preview:-1, max-image-preview:large","","","https://synergyhealth.org/conditions/ankle-fracture/","","","","","","239273","38640","38640","14.802","","2430","391","6.215","47.272","Hard","11.690","0","2","","246","238","0","100.000","346","220","0","8","6","0","","","","","c4f2ee4a8c93db73944ac115c115f090","0.482","Tue, 11 Aug 2026 18:04:55 GMT","","","","en-US","1.1","","","","","","https://synergyhealth.org/conditions/ankle-fracture/","2026-08-11 14:04:54"
"https://synergyhealth.org/conditions/ankle-sprain/","https://synergyhealth.org/conditions/ankle-sprain/","text/html; charset=UTF-8","200","OK","Indexable","","Ankle Sprain Safe Treatment | Synergy 1-Stop-Shop Michigan","58","539","Expert ankle sprain treatment in Southeast Michigan. Our orthopedic specialists provide comprehensive care from diagnosis to full recovery. Schedule today.","155","991","","0","Ankle Sprain","12","","0","Get Back on Your Feet Faster","28","Talk to Our Team","16","index, follow, max-snippet:-1, max-video-preview:-1, max-image-preview:large","","","https://synergyhealth.org/conditions/ankle-sprain/","","","","","","239361","38751","38751","14.845","","2477","396","6.255","52.052","Fairly Hard","11.677","0","2","","485","238","0","100.000","346","220","0","8","6","0","","","","","fe294d09270f681f89ec763d0747800b","0.520","Tue, 11 Aug 2026 18:04:55 GMT","","","","en-US","1.1","","","","","","https://synergyhealth.org/conditions/ankle-sprain/","2026-08-11 14:04:54"
"https://synergyhealth.org/conditions/ankylosing-spondylitis/","https://synergyhealth.org/conditions/ankylosing-spondylitis/","text/html; charset=UTF-8","200","OK","Indexable","","Ankylosing Spondylitis Safe Treatment | 1-Stop-Shop | MI","56","503","Expert ankylosing spondylitis care in Southeast Michigan. Our rheumatologists and pain specialists help manage AS symptoms and maintain mobility. Book today.","157","1026","","0","Ankylosing Spondylitis","22","","0","Expert Ankylosing Spondylitis Care","34","Talk to Our Team","16","index, follow, max-snippet:-1, max-video-preview:-1, max-image-preview:large","","","https://synergyhealth.org/conditions/ankylosing-spondylitis/","","","","","","242672","39389","39389","15.089","","2515","416","6.046","48.755","Hard","11.738","0","2","","249","238","0","100.000","359","222","0","8","6","0","","","","","f9f4436df3713a481cacbcd4f924ca96","0.518","Tue, 11 Aug 2026 18:04:55 GMT","","","","en-US","1.1","","","","","","https://synergyhealth.org/conditions/ankylosing-spondylitis/","2026-08-11 14:04:54"
"https://synergyhealth.org/conditions/arthritic-back-pain/","https://synergyhealth.org/conditions/arthritic-back-pain/","text/html; charset=UTF-8","200","OK","Indexable","","Arthritic Back Pain Safe Treatment | 1-Stop-Shop | Synergy MI","61","542","Get relief from Arthritic Back Pain with comprehensive safe treatment at Synergy Health Partners. Our spine specialists offer personalized care in Southeast Michigan.","166","1051","","0","Arthritic Back Pain","19","","0","Don't Let Arthritic Back Pain Control Your Life","47","Talk to Our Team","16","index, follow, max-snippet:-1, max-video-preview:-1, max-image-preview:large","","","https://synergyhealth.org/conditions/arthritic-back-pain/","","","","","","244008","39685","39685","15.203","","2590","413","6.271","49.986","Hard","11.891","0","2","","250","238","0","100.000","360","222","0","8","6","0","","","","","f1ee6abeb409538e7bd4b4c83f31244f","0.512","Tue, 11 Aug 2026 18:04:55 GMT","","","","en-US","1.1","","","","","","https://synergyhealth.org/conditions/arthritic-back-pain/","2026-08-11 14:04:54"
"https://synergyhealth.org/conditions/back-fracture-break/","https://synergyhealth.org/conditions/back-fracture-break/","text/html; charset=UTF-8","200","OK","Indexable","","Back Fracture/Break Safe Treatment | Spine Surgeons | 1-Stop-Shop MI","68","629","Expert Back Fracture/Break care in Southeast Michigan. Board-certified spine surgeons offer advanced treatment from emergency care to full recovery.","148","958","","0","Back Fracture/Break","19","","0","Expert Spine Care in Southeast Michigan","39","Talk to Our Team","16","index, follow, max-snippet:-1, max-video-preview:-1, max-image-preview:large","","","https://synergyhealth.org/conditions/back-fracture-break/","","","","","","241868","39263","39263","15.041","","2468","401","6.155","48.219","Hard","11.692","0","2","","249","238","0","100.000","359","222","0","8","6","0","","","","","be933042cea6b85593fca129239ee8d2","0.565","Tue, 11 Aug 2026 18:04:55 GMT","","","","en-US","1.1","","","","","","https://synergyhealth.org/conditions/back-fracture-break/","2026-08-11 14:04:54"
"https://synergyhealth.org/conditions/bakers-cyst/","https://synergyhealth.org/conditions/bakers-cyst/","text/html; charset=UTF-8","200","OK","Indexable","","Baker's Cyst Treatment | Southeast Michigan | Synergy Health","60","546","Expert Baker's cyst treatment in Southeast Michigan. Our orthopedic specialists provide comprehensive knee care to relieve pain and restore mobility.","149","946","","0","Baker’s Cyst","12","","0","Baker's Cyst Treatment in Southeast Michigan","44","Talk to Our Team","16","index, follow, max-snippet:-1, max-video-preview:-1, max-image-preview:large","","","https://synergyhealth.org/conditions/bakers-cyst/","","","","","","238516","38283","38283","14.665","","2387","386","6.184","51.099","Fairly Hard","11.566","0","2","","246","238","0","100.000","345","220","0","8","6","0","","","","","d4b6d87acfee3de11f12f292608b5d16","0.514","Tue, 11 Aug 2026 18:04:55 GMT","","","","en-US","1.1","","","","","","https://synergyhealth.org/conditions/bakers-cyst/","2026-08-11 14:04:55"
"https://synergyhealth.org/conditions/biceps-tendinitis/","https://synergyhealth.org/conditions/biceps-tendinitis/","text/html; charset=UTF-8","200","OK","Indexable","","Biceps Tendinitis Treatment | Synergy Health Michigan","53","484","Expert biceps tendinitis treatment in Southeast Michigan. Our orthopedic specialists offer comprehensive care to relieve shoulder pain and restore function. Schedule today.","172","1088","","0","Biceps Tendinitis","17","","0","Get Relief from Biceps Tendinitis","33","Talk to Our Team","16","index, follow, max-snippet:-1, max-video-preview:-1, max-image-preview:large","","","https://synergyhealth.org/conditions/biceps-tendinitis/","","","","","","239187","38649","38649","14.806","","2457","390","6.300","48.181","Hard","11.789","0","2","","485","238","0","100.000","348","219","0","8","6","0","","","","","ba91324e22c3a0a2a6899525d1a465ef","0.626","Tue, 11 Aug 2026 18:04:56 GMT","","","","en-US","1.1","","","","","","https://synergyhealth.org/conditions/biceps-tendinitis/","2026-08-11 14:04:55"
"https://synergyhealth.org/conditions/bunions/","https://synergyhealth.org/conditions/bunions/","text/html; charset=UTF-8","200","OK","Indexable","","Bunions: Safe Treatment in Michigan | Synergy 1-Stop-Shop","57","526","Expert treatment for Bunions from board-certified podiatrists. Conservative and surgical options available. Schedule your consultation at Synergy Health Partners today.","168","1062","","0","Bunions","7","","0","Expert Bunion Treatment in Southeast Michigan","45","Schedule Your Consultation","26","index, follow, max-snippet:-1, max-video-preview:-1, max-image-preview:large","","","https://synergyhealth.org/conditions/bunions/","","","","","","239509","38893","38893","14.899","","2522","402","6.274","49.147","Hard","11.941","0","2","","246","238","0","100.000","346","220","0","8","6","0","","","","","c67625afdfee9b45c9766b90e4b4c617","0.081","Tue, 11 Aug 2026 17:17:51 GMT","","","","en-US","1.1","","","","","","https://synergyhealth.org/conditions/bunions/","2026-08-11 14:04:55"
"https://synergyhealth.org/conditions/carpal-tunnel-syndrome/","https://synergyhealth.org/conditions/carpal-tunnel-syndrome/","text/html; charset=UTF-8","200","OK","Indexable","","Carpal Tunnel Syndrome Treatment in Michigan | Synergy Health","61","570","Numbness, tingling or wrist pain? Get same-week carpal tunnel evaluation in SE Michigan. Non-surgical and surgical options from fellowship-trained hand specialists.","164","1042","","0","Carpal Tunnel Syndrome","22","","0","Get Relief from Carpal Tunnel Pain","34","Talk to Our Team","16","index, follow, max-snippet:-1, max-video-preview:-1, max-image-preview:large","","","https://synergyhealth.org/conditions/carpal-tunnel-syndrome/","","","","","","241997","39064","39064","14.965","","2558","413","6.194","50.365","Fairly Hard","11.946","0","2","","249","238","0","100.000","352","219","0","8","6","0","","","","","830143c826d61d3bce362aedf52f0f5","0.504","Tue, 11 Aug 2026 18:04:56 GMT","","","","en-US","1.1","","","","","","https://synergyhealth.org/conditions/carpal-tunnel-syndrome/","2026-08-11 14:04:55"
"https://synergyhealth.org/conditions/cervical-radiculopathy/","https://synergyhealth.org/conditions/cervical-radiculopathy/","text/html; charset=UTF-8","200","OK","Indexable","","Cervical Radiculopathy (Pinched Nerve) Safe Relief | 1-Stop-Shop","64","572","Have Cervical radiculopathy? Numbness, tingling, or shooting pain down an arm or leg? What a pinched nerve is, how long it lasts, and when to get help.","151","957","","0","Cervical Radiculopathy (Pinched Nerve)","38","","0","Get Relief from Cervical Radiculopathy","38","Talk to Our Team","16","index, follow, max-snippet:-1, max-video-preview:-1, max-image-preview:large","","","https://synergyhealth.org/conditions/cervical-radiculopathy/","","","","","","243883","39714","39714","15.214","","2683","424","6.328","48.807","Hard","12.215","0","2","","250","238","0","100.000","361","222","0","8","6","0","","","","","fd6e58d685a3d31293f26f93635616fe","0.101","Tue, 11 Aug 2026 16:38:07 GMT","","","","en-US","1.1","","","","","","https://synergyhealth.org/conditions/cervical-radiculopathy/","2026-08-11 14:04:55"
"https://synergyhealth.org/conditions/de-quervains-tenosynovitis/","https://synergyhealth.org/conditions/de-quervains-tenosynovitis/","text/html; charset=UTF-8","200","OK","Indexable","","De Quervain's Tenosynovitis Treatment | Synergy Health MI","57","521","Expert treatment for De Quervain's tenosynovitis in Southeast Michigan. Board-certified specialists offer injections, therapy & surgery. Schedule today.","152","949","","0","De Quervain’s Tenosynovitis","27","","0","Don't Let Wrist Pain Limit Your Life","36","Get Expert De Quervain's Care","29","index, follow, max-snippet:-1, max-video-preview:-1, max-image-preview:large","","","https://synergyhealth.org/conditions/de-quervains-tenosynovitis/","","","","","","240274","38692","38692","14.822","","2417","391","6.182","51.732","Fairly Hard","11.558","0","2","","249","238","0","100.000","351","219","0","8","6","0","","","","","1ab316c7fca91c09ff97a3a77d1d59dc","0.100","Tue, 11 Aug 2026 16:46:06 GMT","","","","en-US","1.1","","","","","","https://synergyhealth.org/conditions/de-quervains-tenosynovitis/","2026-08-11 14:04:55"
"https://synergyhealth.org/conditions/degenerative-disc-disease/","https://synergyhealth.org/conditions/degenerative-disc-disease/","text/html; charset=UTF-8","200","OK","Indexable","","Degenerative Disc Disease Treatment Michigan | Synergy Health","61","566","Chronic neck or back pain from disc degeneration? Southeast Michigan spine specialists offer same-week evaluations and staged treatment plans.","142","930","","0","Degenerative Disc Disease (DDD)","31","","0","Get Relief from DDD","19","Talk to Our Team","16","follow, index, max-snippet:-1, max-video-preview:-1, max-image-preview:large","","","https://synergyhealth.org/conditions/degenerative-disc-disease/","","","","","","241711","38760","38760","14.848","","2191","363","6.036","49.811","Hard","10.862","0","2","","250","238","0","100.000","362","222","0","8","6","0","","","","","ce219ccbcd50abf0884c16248ce6d1ac","0.569","Tue, 11 Aug 2026 18:04:56 GMT","","","","en-US","1.1","","","","","","https://synergyhealth.org/conditions/degenerative-disc-disease/","2026-08-11 14:04:55"
"https://synergyhealth.org/conditions/dupuytrens-contracture/","https://synergyhealth.org/conditions/dupuytrens-contracture/","text/html; charset=UTF-8","200","OK","Indexable","","Dupuytren's Contracture Treatment | Synergy Health Partners","59","538","Expert treatment for Dupuytren's contracture in Southeast Michigan. Fellowship-trained hand surgeons offer surgical and non-surgical options to restore function.","161","1020","","0","Dupuytren’s Contracture","23","","0","Early Treatment Prevents Permanent Disability","45","Talk to Our Hand Specialists","28","index, follow, max-snippet:-1, max-video-preview:-1, max-image-preview:large","","","https://synergyhealth.org/conditions/dupuytrens-contracture/","","","","","","240705","38754","38754","14.846","","2482","406","6.113","50.927","Fairly Hard","11.732","0","2","","249","238","0","100.000","351","219","0","8","6","0","","","","","b2661b813c902443f07924bdec636865","0.085","Tue, 11 Aug 2026 16:38:52 GMT","","","","en-US","1.1","","","","","","https://synergyhealth.org/conditions/dupuytrens-contracture/","2026-08-11 14:04:55"
"https://synergyhealth.org/conditions/femoroacetabular-impingement/","https://synergyhealth.org/conditions/femoroacetabular-impingement/","text/html; charset=UTF-8","200","OK","Indexable","","Femoroacetabular Impingement Treatment | Synergy Health","55","530","Expert FAI treatment in Southeast Michigan. Fellowship-trained hip specialists offer advanced arthroscopic surgery and conservative care. Schedule today.","153","980","","0","Femoroacetabular Impingement","28","","0","Find Relief from Hip Impingement","32","Talk to Our Team","16","index, follow, max-snippet:-1, max-video-preview:-1, max-image-preview:large","","","https://synergyhealth.org/conditions/femoroacetabular-impingement/","","","","","","238841","38422","38422","14.719","","2368","390","6.072","48.942","Hard","11.522","0","2","","485","238","0","100.000","346","220","0","8","6","0","","","","","80ed56fa62977f9d5357060d6d20b519","0.522","Tue, 11 Aug 2026 18:04:56 GMT","","","","en-US","1.1","","","","","","https://synergyhealth.org/conditions/femoroacetabular-impingement/","2026-08-11 14:04:56"
"https://synergyhealth.org/conditions/flatfoot/","https://synergyhealth.org/conditions/flatfoot/","text/html; charset=UTF-8","200","OK","Indexable","","Flatfoot Safe Treatment | Synergy 1-Stop-Shop MI","48","438","Expert flatfoot treatment in Southeast Michigan. Board-certified podiatrists offer custom orthotics, therapy & surgery. Schedule your consultation today.","153","958","","0","Flatfoot","8","","0","Find Relief from Flatfoot Pain","30","Talk to Our Team","16","index, follow, max-snippet:-1, max-video-preview:-1, max-image-preview:large","","","https://synergyhealth.org/conditions/flatfoot/","","","","","","238927","38545","38545","14.766","","2414","385","6.270","50.651","Fairly Hard","11.615","0","2","","246","238","0","100.000","346","220","0","8","6","0","","","","","695574bfdce99e9d60ad4a9e30175693","0.559","Tue, 11 Aug 2026 18:04:56 GMT","","","","en-US","1.1","","","","","","https://synergyhealth.org/conditions/flatfoot/","2026-08-11 14:04:56"
"https://synergyhealth.org/conditions/foot-stress-fracture/","https://synergyhealth.org/conditions/foot-stress-fracture/","text/html; charset=UTF-8","200","OK","Indexable","","Foot Stress Fracture Safe Treatment | Synergy 1-Stop-Shop MI","60","548","Expert diagnosis and treatment for foot stress fractures in Southeast Michigan. Board-certified specialists, advanced imaging, comprehensive care. Book today.","158","1010","","0","Foot Stress Fracture","20","","0","Get Back to Your Active Lifestyle","33","Talk to Our Team","16","index, follow, max-snippet:-1, max-video-preview:-1, max-image-preview:large","","","https://synergyhealth.org/conditions/foot-stress-fracture/","","","","","","240859","39226","39226","15.027","","2644","421","6.280","49.947","Hard","12.215","0","2","","485","238","0","100.000","346","220","0","8","6","0","","","","","8fde5d9735c645fc37a78f61b040e16d","0.684","Tue, 11 Aug 2026 18:04:56 GMT","","","","en-US","1.1","","","","","","https://synergyhealth.org/conditions/foot-stress-fracture/","2026-08-11 14:04:56"
"https://synergyhealth.org/conditions/frozen-shoulder/","https://synergyhealth.org/conditions/frozen-shoulder/","text/html; charset=UTF-8","200","OK","Indexable","","Frozen Shoulder Treatment | Synergy Health Partners MI","54","496","Expert frozen shoulder treatment in Southeast Michigan. Board-certified specialists offer advanced therapies to restore mobility faster. Schedule today.","152","958","","0","Frozen Shoulder","15","","0","Don't Let Frozen Shoulder Limit Your Life","41","Talk to Our Team","16","index, follow, max-snippet:-1, max-video-preview:-1, max-image-preview:large","","","https://synergyhealth.org/conditions/frozen-shoulder/","","","","","","240064","38937","38937","14.916","","2540","414","6.135","47.595","Hard","12.106","0","2","","246","238","0","100.000","348","219","0","8","6","0","","","","","226a1d9f7654dfffcf2080135fda0cc3","0.492","Tue, 11 Aug 2026 18:04:56 GMT","","","","en-US","1.1","","","","","","https://synergyhealth.org/conditions/frozen-shoulder/","2026-08-11 14:04:56"
"https://synergyhealth.org/conditions/ganglion-cyst/","https://synergyhealth.org/conditions/ganglion-cyst/","text/html; charset=UTF-8","200","OK","Indexable","","Ganglion Cyst Treatment | Synergy Health Partners Michigan","58","535","Expert ganglion cyst treatment in Southeast Michigan. Our orthopedic specialists offer both non-surgical and surgical options. Schedule your consultation today.","160","1010","","0","Ganglion Cyst","13","","0","Expert Ganglion Cyst Treatment in Southeast Michigan","52","Talk to Our Team","16","index, follow, max-snippet:-1, max-video-preview:-1, max-image-preview:large","","","https://synergyhealth.org/conditions/ganglion-cyst/","","","","","","240085","38658","38658","14.809","","2446","392","6.240","50.394","Fairly Hard","11.692","0","2","","249","238","0","100.000","351","219","0","8","6","0","","","","","2ed23aedbc471a6d64fbfcb62baf6d01","0.086","Tue, 11 Aug 2026 16:37:52 GMT","","","","en-US","1.1","","","","","","https://synergyhealth.org/conditions/ganglion-cyst/","2026-08-11 14:04:56"
"https://synergyhealth.org/conditions/golfers-elbow/","https://synergyhealth.org/conditions/golfers-elbow/","text/html; charset=UTF-8","200","OK","Indexable","","Golfer's Elbow Treatment | Synergy Health Partners MI","53","478","Expert golfer's elbow treatment in Southeast Michigan. Our specialists offer comprehensive care from diagnosis to recovery. Schedule your consultation today.","157","1005","","0","Golfer’s Elbow","14","","0","Find Relief from Golfer's Elbow Pain","36","Talk to Our Team","16","index, follow, max-snippet:-1, max-video-preview:-1, max-image-preview:large","","","https://synergyhealth.org/conditions/golfers-elbow/","","","","","","238919","38587","38587","14.782","","2433","386","6.303","50.814","Fairly Hard","11.633","0","2","","485","238","0","100.000","348","219","0","8","6","0","","","","","1be2c1573376c40a40fe445974ad2ec8","0.499","Tue, 11 Aug 2026 18:04:57 GMT","","","","en-US","1.1","","","","","","https://synergyhealth.org/conditions/golfers-elbow/","2026-08-11 14:04:56"
"https://synergyhealth.org/conditions/hand-arthritis/","https://synergyhealth.org/conditions/hand-arthritis/","text/html; charset=UTF-8","200","OK","Indexable","","Hand Arthritis Treatment | Southeast Michigan | Synergy Health","62","559","Expert hand arthritis care in Southeast Michigan. Board-certified specialists offer comprehensive treatment from injections to surgery. Book your consultation today.","165","1038","","0","Hand Arthritis","14","","0","Find Relief from Hand Arthritis Pain","36","Talk to Our Team","16","index, follow, max-snippet:-1, max-video-preview:-1, max-image-preview:large","","","https://synergyhealth.org/conditions/hand-arthritis/","","","","","","241729","39139","39139","14.993","","2611","429","6.086","50.185","Fairly Hard","12.120","0","2","","249","238","0","100.000","351","219","0","8","6","0","","","","","aad85971951780ab9c2a86a6a71ca70d","0.101","Tue, 11 Aug 2026 16:18:34 GMT","","","","en-US","1.1","","","","","","https://synergyhealth.org/conditions/hand-arthritis/","2026-08-11 14:04:56"
"https://synergyhealth.org/conditions/herniated-disc/","https://synergyhealth.org/conditions/herniated-disc/","text/html; charset=UTF-8","200","OK","Indexable","","Herniated Disc Treatment Michigan | Synergy Health Partners","59","542","Radiating back or leg pain from a herniated disc? Fellowship-trained spine specialists in SE Michigan with same-week access to imaging, injections, and surgery.","160","1010","","0","Herniated Disc (Bulging Disc, Disc Herniation)","46","","0","Get Relief from Herniated Disc Pain","35","Talk to Our Team","16","index, follow, max-snippet:-1, max-video-preview:-1, max-image-preview:large","","","https://synergyhealth.org/conditions/herniated-disc/","","","","","","244168","39702","39702","15.209","","2549","407","6.263","50.727","Fairly Hard","11.758","0","2","","251","238","0","100.000","362","222","0","8","6","0","","","","","4f5e101a62234f3dc7bb6fbed449b22d","0.548","Tue, 11 Aug 2026 18:04:57 GMT","","","","en-US","1.1","","","","","","https://synergyhealth.org/conditions/herniated-disc/","2026-08-11 14:04:56"
"https://synergyhealth.org/conditions/hip-flexor-strain/","https://synergyhealth.org/conditions/hip-flexor-strain/","text/html; charset=UTF-8","200","OK","Indexable","","Hip Flexor Strain Treatment | Synergy Health Partners","53","470","Expert hip flexor strain treatment in Southeast Michigan. Our specialists offer comprehensive care from diagnosis to recovery. Schedule your appointment today.","159","1018","","0","Hip Flexor Strain","17","","0","Get Hip Flexor Strain Relief","28","Talk to Our Team","16","index, follow, max-snippet:-1, max-video-preview:-1, max-image-preview:large","","","https://synergyhealth.org/conditions/hip-flexor-strain/","","","","","","239738","38865","38865","14.888","","2530","403","6.278","49.520","Hard","11.916","0","2","","485","238","0","100.000","346","220","0","8","6","0","","","","","889ebf77e8b890a50be81c92ca51ab0f","0.546","Tue, 11 Aug 2026 18:04:57 GMT","","","","en-US","1.1","","","","","","https://synergyhealth.org/conditions/hip-flexor-strain/","2026-08-11 14:04:57"
"https://synergyhealth.org/conditions/hip-fracture/","https://synergyhealth.org/conditions/hip-fracture/","text/html; charset=UTF-8","200","OK","Indexable","","Hip Fracture Treatment | Synergy Health Partners Michigan","57","521","Expert hip fracture care in Southeast Michigan. Our orthopedic specialists provide urgent treatment and comprehensive rehabilitation. Schedule consultation today.","162","1033","","0","Hip Fracture","12","","0","Expert Hip Fracture Care","24","Talk to Our Team","16","index, follow, max-snippet:-1, max-video-preview:-1, max-image-preview:large","","","https://synergyhealth.org/conditions/hip-fracture/","","","","","","239313","38562","38562","14.772","","2438","403","6.050","48.290","Hard","11.687","0","2","","246","238","0","100.000","346","220","0","8","6","0","","","","","984f157c09486d2336c15529ca96019c","0.576","Tue, 11 Aug 2026 18:04:57 GMT","","","","en-US","1.1","","","","","","https://synergyhealth.org/conditions/hip-fracture/","2026-08-11 14:04:57"
"https://synergyhealth.org/conditions/hip-labral-tear/","https://synergyhealth.org/conditions/hip-labral-tear/","text/html; charset=UTF-8","200","OK","Indexable","","Hip Labral Tear Treatment | Synergy Health Partners MI","54","488","Expert hip labral tear treatment in Southeast Michigan. Our orthopedic specialists offer advanced diagnosis and both non-surgical and arthroscopic repair options.","162","1021","","0","Hip Labral Tear","15","","0","Get Expert Hip Care Today","25","Talk to Our Team","16","index, follow, max-snippet:-1, max-video-preview:-1, max-image-preview:large","","","https://synergyhealth.org/conditions/hip-labral-tear/","","","","","","239714","38769","38769","14.852","","2501","398","6.284","50.673","Fairly Hard","11.784","0","2","","485","238","0","100.000","346","220","0","8","6","0","","","","","b401258daede24e82239a33cee403f0a","0.571","Tue, 11 Aug 2026 18:04:57 GMT","","","","en-US","1.1","","","","","","https://synergyhealth.org/conditions/hip-labral-tear/","2026-08-11 14:04:57"
"https://synergyhealth.org/conditions/hip-osteoarthritis/","https://synergyhealth.org/conditions/hip-osteoarthritis/","text/html; charset=UTF-8","200","OK","Indexable","","Hip Osteoarthritis Treatment | Synergy Health Partners MI","57","508","Expert hip osteoarthritis care in Southeast Michigan. From conservative treatment to joint replacement, our specialists help you find pain relief.","146","902","","0","Hip Osteoarthritis","18","","0","Don't Let Hip Pain Slow You Down","32","Talk to Our Team","16","index, follow, max-snippet:-1, max-video-preview:-1, max-image-preview:large","","","https://synergyhealth.org/conditions/hip-osteoarthritis/","","","","","","239400","38716","38716","14.831","","2450","394","6.218","49.003","Hard","11.755","0","2","","246","238","0","100.000","346","220","0","8","6","0","","","","","4bc9d9a1b40f7cc9d9f54b9f72d45a2","0.460","Tue, 11 Aug 2026 18:04:57 GMT","","","","en-US","1.1","","","","","","https://synergyhealth.org/conditions/hip-osteoarthritis/","2026-08-11 14:04:57"
"https://synergyhealth.org/conditions/knee-bursitis/","https://synergyhealth.org/conditions/knee-bursitis/","text/html; charset=UTF-8","200","OK","Indexable","","Knee Bursitis Treatment | Synergy Health Partners","49","442","Expert knee bursitis treatment in Southeast Michigan. Our orthopedic specialists offer comprehensive care to relieve pain and restore mobility. Book today.","155","978","","0","Knee Bursitis","13","","0","Expert Knee Bursitis Treatment","30","Talk to Our Team","16","index, follow, max-snippet:-1, max-video-preview:-1, max-image-preview:large","","","https://synergyhealth.org/conditions/knee-bursitis/","","","","","","239050","38625","38625","14.797","","2448","387","6.326","50.049","Fairly Hard","11.712","0","2","","246","238","0","100.000","345","220","0","8","6","0","","","","","22660510eb29b7e489f19362fc4d5e4d","0.163","Tue, 11 Aug 2026 18:04:57 GMT","","","","en-US","1.1","","","","","","https://synergyhealth.org/conditions/knee-bursitis/","2026-08-11 14:04:57"
"https://synergyhealth.org/conditions/knee-osteoarthritis/","https://synergyhealth.org/conditions/knee-osteoarthritis/","text/html; charset=UTF-8","200","OK","Indexable","","Knee Osteoarthritis Treatment | Southeast Michigan | Synergy","60","543","Expert knee osteoarthritis care in Southeast Michigan. Board-certified specialists offer comprehensive treatment from injections to knee replacement. Same-day appointments.","172","1113","","0","Knee Osteoarthritis","19","","0","Comprehensive Knee Osteoarthritis Care","38","Talk to Our Team","16","index, follow, max-snippet:-1, max-video-preview:-1, max-image-preview:large","","","https://synergyhealth.org/conditions/knee-osteoarthritis/","","","","","","238858","38432","38432","14.723","","2402","392","6.128","48.286","Hard","11.680","0","2","","246","238","0","100.000","345","220","0","8","6","0","","","","","d334a836d0c35f087de2b2aad4b9b179","0.581","Tue, 11 Aug 2026 18:04:58 GMT","","","","en-US","1.1","","","","","","https://synergyhealth.org/conditions/knee-osteoarthritis/","2026-08-11 14:04:57"
"https://synergyhealth.org/conditions/lumbar-stenosis/","https://synergyhealth.org/conditions/lumbar-stenosis/","text/html; charset=UTF-8","200","OK","Indexable","","Lumbar Stenosis Safe Treatment | 1-Stop-Shop Synergy MI","55","518","Expert lumbar stenosis treatment in Southeast Michigan. Our spine specialists offer comprehensive care from physical therapy to surgery. Schedule today.","152","979","","0","Lumbar Stenosis","15","","0","Find Relief from Spinal Stenosis","32","Talk to Our Spine Specialists","29","index, follow, max-snippet:-1, max-video-preview:-1, max-image-preview:large","","","https://synergyhealth.org/conditions/lumbar-stenosis/","","","","","","241380","39023","39023","14.949","","2450","397","6.171","50.294","Fairly Hard","11.587","0","2","","250","238","0","100.000","359","222","0","8","6","0","","","","","9cab8ac7b77bcd4499eb3862d37732a5","0.562","Tue, 11 Aug 2026 18:04:58 GMT","","","","en-US","1.1","","","","","","https://synergyhealth.org/conditions/lumbar-stenosis/","2026-08-11 14:04:57"
"https://synergyhealth.org/conditions/mcl-tear/","https://synergyhealth.org/conditions/mcl-tear/","text/html; charset=UTF-8","200","OK","Indexable","","MCL Tear Treatment in Michigan | Synergy Health Partners","56","518","Expert MCL tear diagnosis and treatment in Southeast Michigan. Our orthopedic specialists offer both surgical and non-surgical options for knee ligament injuries.","162","1022","","0","MCL Tear","8","","0","Get Back in the Game with Expert MCL Tear Treatment","51","Talk to Our Team","16","index, follow, max-snippet:-1, max-video-preview:-1, max-image-preview:large","","","https://synergyhealth.org/conditions/mcl-tear/","","","","","","240009","38831","38831","14.875","","2473","392","6.309","52.818","Fairly Hard","11.666","0","2","","485","238","0","100.000","346","220","0","8","6","0","","","","","3b11e3a8e265122530be1781248d5af0","0.499","Tue, 11 Aug 2026 18:04:58 GMT","","","","en-US","1.1","","","","","","https://synergyhealth.org/conditions/mcl-tear/","2026-08-11 14:04:57"
"https://synergyhealth.org/conditions/meniscus-tear/","https://synergyhealth.org/conditions/meniscus-tear/","text/html; charset=UTF-8","200","OK","Indexable","","Meniscus Tear Treatment Michigan | Synergy Health Partners","58","543","Expert meniscus tear treatment in Southeast Michigan. Board-certified orthopedic surgeons offer advanced arthroscopic repair. Schedule your consultation today.","159","1025","","0","Meniscus Tear","13","","0","Get Expert Meniscus Tear Treatment","34","Talk to Our Team","16","index, follow, max-snippet:-1, max-video-preview:-1, max-image-preview:large","","","https://synergyhealth.org/conditions/meniscus-tear/","","","","","","238270","38263","38263","14.658","","2389","385","6.205","48.830","Hard","11.624","0","2","","485","238","0","100.000","345","220","0","8","6","0","","","","","2e857c1ed57fd5f7fc298a2c6fbe3d6d","0.535","Tue, 11 Aug 2026 18:04:58 GMT","","","","en-US","1.1","","","","","","https://synergyhealth.org/conditions/meniscus-tear/","2026-08-11 14:04:58"
"https://synergyhealth.org/conditions/mortons-neuroma/","https://synergyhealth.org/conditions/mortons-neuroma/","text/html; charset=UTF-8","200","OK","Indexable","","Morton's Neuroma Safe Treatment | Synergy 1-Stop-Shop","53","506","Expert Morton's neuroma treatment in Southeast Michigan. Board-certified podiatrists offering advanced care for foot nerve pain. Schedule your consultation today.","162","1035","","0","Morton’s Neuroma","16","","0","Expert Morton's Neuroma Treatment","33","Talk to Our Team","16","index, follow, max-snippet:-1, max-video-preview:-1, max-image-preview:large","","","https://synergyhealth.org/conditions/mortons-neuroma/","","","","","","238378","38405","38405","14.712","","2376","377","6.302","50.821","Fairly Hard","11.552","0","2","","246","238","0","100.000","346","220","0","8","6","0","","","","","998b8eb3817082dd3f85739f5f111f0e","0.070","Tue, 11 Aug 2026 17:08:05 GMT","","","","en-US","1.1","","","","","","https://synergyhealth.org/conditions/mortons-neuroma/","2026-08-11 14:04:58"
"https://synergyhealth.org/conditions/neck-fracture-broken-neck/","https://synergyhealth.org/conditions/neck-fracture-broken-neck/","text/html; charset=UTF-8","200","OK","Indexable","","Neck Fracture/Broken Neck Safe Treatment | 1-Stop-Shop MI","57","538","Expert Neck Fracture/Broken Neck treatment in Southeast Michigan. Our spine specialists provide emergency care, surgery, and rehabilitation for broken neck injuries.","165","1052","","0","Neck Fracture/Broken Neck","25","","0","Emergency Neck Injury Care","26","Talk to Our Team","16","index, follow, max-snippet:-1, max-video-preview:-1, max-image-preview:large","","","https://synergyhealth.org/conditions/neck-fracture-broken-neck/","","","","","","240934","38873","38873","14.892","","2349","395","5.947","47.842","Hard","11.417","0","2","","249","238","0","100.000","359","222","0","8","6","0","","","","","26e1c8721d8e8ea40e0f31aa881f073","0.469","Tue, 11 Aug 2026 18:04:58 GMT","","","","en-US","1.1","","","","","","https://synergyhealth.org/conditions/neck-fracture-broken-neck/","2026-08-11 14:04:58"
"https://synergyhealth.org/conditions/patellar-tendinitis/","https://synergyhealth.org/conditions/patellar-tendinitis/","text/html; charset=UTF-8","200","OK","Indexable","","Patellar Tendinitis Safe Treatment | Synergy 1-Stop-Shop MI","59","529","Expert safe treatment for patellar tendinitis (jumper's knee) in Southeast Michigan. Our orthopedic specialists offer comprehensive care to get you back to activity.","165","1026","","0","Patellar Tendinitis","19","","0","Find Relief from Patellar Tendinitis","36","Talk to Our Team","16","index, follow, max-snippet:-1, max-video-preview:-1, max-image-preview:large","","","https://synergyhealth.org/conditions/patellar-tendinitis/","","","","","","238414","38370","38370","14.699","","2356","382","6.168","48.683","Hard","11.514","0","2","","485","238","0","100.000","347","221","0","8","6","0","","","","","e7597281e881b6f46caffb306250e7c2","0.524","Tue, 11 Aug 2026 18:04:59 GMT","","","","en-US","1.1","","","","","","https://synergyhealth.org/conditions/patellar-tendinitis/","2026-08-11 14:04:58"
"https://synergyhealth.org/conditions/patellofemoral-pain-syndrome/","https://synergyhealth.org/conditions/patellofemoral-pain-syndrome/","text/html; charset=UTF-8","200","OK","Indexable","","Patellofemoral Pain Syndrome Treatment | Synergy Health","55","514","Expert treatment for patellofemoral pain syndrome (runner's knee) in Southeast Michigan. Our orthopedic specialists offer comprehensive care to get you back to activity.","169","1072","","0","Patellofemoral Pain Syndrome","28","","0","Don't Let Knee Pain Limit You","29","Talk to Our Team","16","index, follow, max-snippet:-1, max-video-preview:-1, max-image-preview:large","","","https://synergyhealth.org/conditions/patellofemoral-pain-syndrome/","","","","","","239063","38588","38588","14.782","","2441","386","6.324","48.823","Hard","11.773","0","2","","485","238","0","100.000","345","220","0","8","6","0","","","","","4dfe2fba3fe9b17b7938d8c1a3d714f5","0.575","Tue, 11 Aug 2026 18:04:59 GMT","","","","en-US","1.1","","","","","","https://synergyhealth.org/conditions/patellofemoral-pain-syndrome/","2026-08-11 14:04:58"
"https://synergyhealth.org/conditions/plantar-fasciitis/","https://synergyhealth.org/conditions/plantar-fasciitis/","text/html; charset=UTF-8","200","OK","Indexable","","Plantar Fasciitis Safe Treatment MI | Synergy 1-Stop-Shop","57","512","Expert plantar fasciitis treatment in Southeast Michigan. Our foot specialists offer comprehensive care from diagnosis to recovery. Same-day appointments available.","164","1048","","0","Plantar Fasciitis","17","","0","Get Relief from Heel Pain","25","Talk to Our Team","16","index, follow, max-snippet:-1, max-video-preview:-1, max-image-preview:large","","","https://synergyhealth.org/conditions/plantar-fasciitis/","","","","","","238751","38521","38521","14.757","","2448","394","6.213","52.168","Fairly Hard","11.703","0","2","","246","238","0","100.000","346","220","0","8","6","0","","","","","cbabd4c12f7ce055bbb6a1daebe5952f","0.571","Tue, 11 Aug 2026 18:04:59 GMT","","","","en-US","1.1","","","","","","https://synergyhealth.org/conditions/plantar-fasciitis/","2026-08-11 14:04:58"
"https://synergyhealth.org/conditions/rotator-cuff-tear/","https://synergyhealth.org/conditions/rotator-cuff-tear/","text/html; charset=UTF-8","200","OK","Indexable","","Rotator Cuff Tear Treatment | Synergy Health Partners","53","478","Expert rotator cuff tear treatment in Southeast Michigan. Our orthopedic specialists offer both non-surgical and surgical options. Schedule today.","146","914","","0","Rotator Cuff Tear","17","","0","Get Back to Your Activities","27","Talk to Our Team","16","index, follow, max-snippet:-1, max-video-preview:-1, max-image-preview:large","","","https://synergyhealth.org/conditions/rotator-cuff-tear/","","","","","","238923","38642","38642","14.803","","2497","395","6.322","51.954","Fairly Hard","11.775","0","2","","485","238","0","100.000","348","219","0","8","6","0","","","","","18035d200442e7fb7b3e63eb60bf71b8","0.540","Tue, 11 Aug 2026 18:04:59 GMT","","","","en-US","1.1","","","","","","https://synergyhealth.org/conditions/rotator-cuff-tear/","2026-08-11 14:04:58"
"https://synergyhealth.org/conditions/rotator-cuff-tendinitis/","https://synergyhealth.org/conditions/rotator-cuff-tendinitis/","text/html; charset=UTF-8","200","OK","Indexable","","Rotator Cuff Tendinitis Treatment | Synergy Health Partners","59","525","Expert rotator cuff tendinitis treatment in Southeast Michigan. Our orthopedic specialists offer comprehensive diagnosis and care under one roof.","145","918","","0","Rotator Cuff Tendinitis","23","","0","Don't Let Shoulder Pain Hold You Back","37","Talk to Our Team","16","index, follow, max-snippet:-1, max-video-preview:-1, max-image-preview:large","","","https://synergyhealth.org/conditions/rotator-cuff-tendinitis/","","","","","","239652","38788","38788","14.859","","2534","406","6.241","49.028","Hard","11.969","0","2","","485","238","0","100.000","348","219","0","8","6","0","","","","","3c3f1e9aaec2f003bdc70b1cc1ef9e1a","0.509","Tue, 11 Aug 2026 18:04:59 GMT","","","","en-US","1.1","","","","","","https://synergyhealth.org/conditions/rotator-cuff-tendinitis/","2026-08-11 14:04:59"
"https://synergyhealth.org/conditions/sciatica/","https://synergyhealth.org/conditions/sciatica/","text/html; charset=UTF-8","200","OK","Indexable","","Sciatica Treatment Michigan | Synergy Health Partners","53","483","Leg pain, numbness, or tingling from sciatica? Get a same-week spine evaluation in SE Michigan. Coordinated conservative care and minimally invasive options.","157","1010","","0","Sciatica (Shooting Leg Pain)","28","","0","Get Relief from Sciatica (Shooting Leg Pain)","44","Talk to Our Team","16","follow, index, max-snippet:-1, max-video-preview:-1, max-image-preview:large","","","https://synergyhealth.org/conditions/sciatica/","","","","","","241696","38818","38818","14.870","","2236","370","6.043","50.532","Fairly Hard","10.948","0","2","","250","238","0","100.000","362","222","0","8","6","0","","","","","7e7c58019e64026e1f030a7bbe6ac058","0.571","Tue, 11 Aug 2026 18:04:59 GMT","","","","en-US","1.1","","","","","","https://synergyhealth.org/conditions/sciatica/","2026-08-11 14:04:59"
"https://synergyhealth.org/conditions/scoliosis/","https://synergyhealth.org/conditions/scoliosis/","text/html; charset=UTF-8","200","OK","Indexable","","Scoliosis Safe Treatment | Spine Care | 1-Stop-Shop MI","54","483","Expert scoliosis treatment in Southeast Michigan. Fellowship-trained spine specialists offer comprehensive care from bracing to surgery. Schedule consultation today.","165","1051","","0","Scoliosis","9","","0","Expert Scoliosis Care","21","Talk to Our Team","16","index, follow, max-snippet:-1, max-video-preview:-1, max-image-preview:large","","","https://synergyhealth.org/conditions/scoliosis/","","","","","","240839","39048","39048","14.959","","2397","395","6.068","47.429","Hard","11.536","0","2","","249","238","0","100.000","359","222","0","8","6","0","","","","","77f70dfe70b75e43e586a77a5643ab10","0.097","Tue, 11 Aug 2026 17:32:21 GMT","","","","en-US","1.1","","","","","","https://synergyhealth.org/conditions/scoliosis/","2026-08-11 14:04:59"
"https://synergyhealth.org/conditions/shoulder-arthritis/","https://synergyhealth.org/conditions/shoulder-arthritis/","text/html; charset=UTF-8","200","OK","Indexable","","Shoulder Arthritis Treatment | Synergy Health Partners MI","57","506","Expert shoulder arthritis care in Southeast Michigan. Board-certified specialists offer comprehensive treatment from conservative care to surgery. Schedule today.","162","1027","","0","Shoulder Arthritis","18","","0","Get Back to the Activities You Love","35","Talk to Our Team","16","index, follow, max-snippet:-1, max-video-preview:-1, max-image-preview:large","","","https://synergyhealth.org/conditions/shoulder-arthritis/","","","","","","239056","38553","38553","14.769","","2422","399","6.070","47.716","Hard","11.751","0","2","","246","238","0","100.000","348","219","0","8","6","0","","","","","45652243cca3324afc1ab5129d48596a","0.607","Tue, 11 Aug 2026 18:05:00 GMT","","","","en-US","1.1","","","","","","https://synergyhealth.org/conditions/shoulder-arthritis/","2026-08-11 14:04:59"
"https://synergyhealth.org/conditions/shoulder-dislocation/","https://synergyhealth.org/conditions/shoulder-dislocation/","text/html; charset=UTF-8","200","OK","Indexable","","Shoulder Dislocation Treatment | Synergy Health Partners MI","59","535","Expert shoulder dislocation treatment in Southeast Michigan. Board-certified orthopedic specialists provide emergency care and comprehensive rehabilitation. Schedule today.","172","1107","","0","Shoulder Dislocation","20","","0","Get Expert Shoulder Dislocation Care","36","Talk to Our Team","16","index, follow, max-snippet:-1, max-video-preview:-1, max-image-preview:large","","","https://synergyhealth.org/conditions/shoulder-dislocation/","","","","","","238714","38524","38524","14.758","","2420","391","6.189","46.315","Hard","11.779","0","2","","485","238","0","100.000","348","219","0","8","6","0","","","","","d3aabeb65c429316e03670d6a50efefe","0.570","Tue, 11 Aug 2026 18:05:00 GMT","","","","en-US","1.1","","","","","","https://synergyhealth.org/conditions/shoulder-dislocation/","2026-08-11 14:04:59"
"https://synergyhealth.org/conditions/shoulder-impingement-syndrome/","https://synergyhealth.org/conditions/shoulder-impingement-syndrome/","text/html; charset=UTF-8","200","OK","Indexable","","Shoulder Impingement Treatment | Synergy Health Michigan","56","533","Expert treatment for shoulder impingement syndrome in Southeast Michigan. Board-certified specialists, advanced therapies, and proven results. Schedule today.","158","1024","","0","Shoulder Impingement Syndrome","29","","0","Comprehensive Shoulder Care Under One Roof","42","Talk to Our Team","16","index, follow, max-snippet:-1, max-video-preview:-1, max-image-preview:large","","","https://synergyhealth.org/conditions/shoulder-impingement-syndrome/","","","","","","239710","38879","38879","14.894","","2541","404","6.290","47.332","Hard","12.093","0","2","","485","238","0","100.000","348","219","0","8","6","0","","","","","66be18789713f6124fae002b8e7eb856","0.518","Tue, 11 Aug 2026 18:05:00 GMT","","","","en-US","1.1","","","","","","https://synergyhealth.org/conditions/shoulder-impingement-syndrome/","2026-08-11 14:04:59"
"https://synergyhealth.org/conditions/shoulder-labral-tear/","https://synergyhealth.org/conditions/shoulder-labral-tear/","text/html; charset=UTF-8","200","OK","Indexable","","Shoulder Labral Tear Treatment | Synergy Health Partners MI","59","536","Expert shoulder labral tear treatment in Southeast Michigan. Fellowship-trained surgeons, advanced arthroscopic techniques, and comprehensive care. Schedule today.","163","1062","","0","Shoulder Labral Tear","20","","0","Comprehensive Shoulder Labral Tear Treatment","44","Schedule Your Evaluation","24","index, follow, max-snippet:-1, max-video-preview:-1, max-image-preview:large","","","https://synergyhealth.org/conditions/shoulder-labral-tear/","","","","","","239111","38698","38698","14.824","","2459","395","6.225","48.931","Hard","11.803","0","2","","485","238","0","100.000","348","219","0","8","6","0","","","","","4dd5dfb8797a991aaefc90f6505dc20","0.528","Tue, 11 Aug 2026 18:05:00 GMT","","","","en-US","1.1","","","","","","https://synergyhealth.org/conditions/shoulder-labral-tear/","2026-08-11 14:04:59"
"https://synergyhealth.org/conditions/si-joint-pain/","https://synergyhealth.org/conditions/si-joint-pain/","text/html; charset=UTF-8","200","OK","Indexable","","SI Joint Pain Treatment | 1-Stop-Shop | Synergy Health MI","57","508","Expert SI joint pain treatment in Southeast Michigan. Our specialists offer comprehensive care from diagnosis to minimally invasive surgery. Schedule today.","156","990","","0","SI Joint Pain","13","","0","Struggling with SI Joint Pain?","30","Talk to Our Team","16","index, follow, max-snippet:-1, max-video-preview:-1, max-image-preview:large","","","https://synergyhealth.org/conditions/si-joint-pain/","","","","","","241268","39132","39132","14.991","","2458","395","6.223","49.767","Hard","11.653","0","2","","249","238","0","100.000","359","222","0","8","6","0","","","","","bac10361a1d426d1bfc01bdee9f0afb","1.576","Tue, 11 Aug 2026 18:05:01 GMT","","","","en-US","1.1","","","","","","https://synergyhealth.org/conditions/si-joint-pain/","2026-08-11 14:05:00"
"https://synergyhealth.org/conditions/spinal-stenosis/","https://synergyhealth.org/conditions/spinal-stenosis/","text/html; charset=UTF-8","200","OK","Indexable","","Spinal Stenosis Treatment Michigan | Synergy Health Partners","60","549","Narrowing of the spinal canal causing back or leg pain? Same-week spine evaluations in SE Michigan. Conservative care and minimally invasive surgery options.","157","1012","","0","Spinal Stenosis","15","","0","Find Relief from Spinal Stenosis","32","Talk to Our Team","16","index, follow, max-snippet:-1, max-video-preview:-1, max-image-preview:large","","","https://synergyhealth.org/conditions/spinal-stenosis/","","","","","","253197","41900","41900","16.051","","3436","549","6.259","53.590","Fairly Hard","13.555","0","2","","250","238","0","100.000","369","222","0","8","6","0","","","","","1f1df8b401fe5beae7592be0c786479f","0.167","Tue, 11 Aug 2026 18:05:00 GMT","","","","en-US","1.1","","","","","","https://synergyhealth.org/conditions/spinal-stenosis/","2026-08-11 14:05:00"
"https://synergyhealth.org/conditions/spondylolisthesis/","https://synergyhealth.org/conditions/spondylolisthesis/","text/html; charset=UTF-8","200","OK","Indexable","","Spondylolisthesis Treatment Michigan | Synergy Health Partners","62","568","Vertebral slippage causing back or leg pain? Fellowship-trained spine surgeons in SE Michigan with conservative care and stabilization surgery options.","151","953","","0","Spondylolisthesis (Slipped Vertebra)","36","","0","Comprehensive Spondylolisthesis Care","36","Talk to Our Team","16","index, follow, max-snippet:-1, max-video-preview:-1, max-image-preview:large","","","https://synergyhealth.org/conditions/spondylolisthesis/","","","","","","243814","39426","39426","15.103","","2463","401","6.142","45.655","Hard","11.668","0","2","","250","238","0","100.000","361","221","0","8","6","0","","","","","ea041fea6e7d298ba385a359276fe224","0.547","Tue, 11 Aug 2026 18:05:00 GMT","","","","en-US","1.1","","","","","","https://synergyhealth.org/conditions/spondylolisthesis/","2026-08-11 14:05:00"
"https://synergyhealth.org/conditions/tennis-elbow/","https://synergyhealth.org/conditions/tennis-elbow/","text/html; charset=UTF-8","200","OK","Indexable","","Tennis Elbow Treatment | Synergy Health Partners Michigan","57","530","Expert tennis elbow treatment in Southeast Michigan. Our orthopedic specialists offer comprehensive care from diagnosis to recovery. Schedule your consultation today.","166","1069","","0","Tennis Elbow","12","","0","Find Relief from Tennis Elbow Pain","34","Talk to Our Team","16","index, follow, max-snippet:-1, max-video-preview:-1, max-image-preview:large","","","https://synergyhealth.org/conditions/tennis-elbow/","","","","","","238292","38470","38470","14.737","","2413","382","6.317","50.366","Fairly Hard","11.583","0","2","","485","238","0","100.000","348","219","0","8","6","0","","","","","a0c19cff5a30ba13cd18d8dfdbd2965b","0.510","Tue, 11 Aug 2026 18:05:00 GMT","","","","en-US","1.1","","","","","","https://synergyhealth.org/conditions/tennis-elbow/","2026-08-11 14:05:00"
"https://synergyhealth.org/conditions/thumb-arthritis/","https://synergyhealth.org/conditions/thumb-arthritis/","text/html; charset=UTF-8","200","OK","Indexable","","Thumb Arthritis Treatment | Synergy Health Michigan","51","470","Expert thumb arthritis treatment in Southeast Michigan. Our hand specialists offer both surgical and non-surgical options to relieve pain and restore function.","159","989","","0","Thumb Arthritis","15","","0","Find Relief from Thumb Arthritis Pain","37","Talk to Our Specialists","23","index, follow, max-snippet:-1, max-video-preview:-1, max-image-preview:large","","","https://synergyhealth.org/conditions/thumb-arthritis/","","","","","","239230","38423","38423","14.719","","2390","387","6.176","52.287","Fairly Hard","11.521","0","2","","249","238","0","100.000","351","219","0","8","6","0","","","","","e672d8a7c06168ab0677a5d690f58378","0.092","Tue, 11 Aug 2026 16:18:24 GMT","","","","en-US","1.1","","","","","","https://synergyhealth.org/conditions/thumb-arthritis/","2026-08-11 14:05:00"
"https://synergyhealth.org/conditions/trigger-finger/","https://synergyhealth.org/conditions/trigger-finger/","text/html; charset=UTF-8","200","OK","Indexable","","Trigger Finger Treatment | Synergy Health Partners Michigan","59","534","Expert trigger finger treatment in Southeast Michigan. Our hand specialists offer non-surgical and surgical options to restore finger function. Schedule today.","159","987","","0","Trigger Finger","14","","0","Get Relief from Trigger Finger","30","Talk to Our Team","16","index, follow, max-snippet:-1, max-video-preview:-1, max-image-preview:large","","","https://synergyhealth.org/conditions/trigger-finger/","","","","","","239045","38293","38293","14.669","","2387","389","6.136","51.325","Fairly Hard","11.525","0","2","","249","238","0","100.000","351","219","0","8","6","0","","","","","2295ebc0361469c9b2fc311a0b3eb32e","0.072","Tue, 11 Aug 2026 16:18:25 GMT","","","","en-US","1.1","","","","","","https://synergyhealth.org/conditions/trigger-finger/","2026-08-11 14:05:00"
"https://synergyhealth.org/conditions/trochanteric-bursitis/","https://synergyhealth.org/conditions/trochanteric-bursitis/","text/html; charset=UTF-8","200","OK","Indexable","","Trochanteric Bursitis Treatment | Synergy Health Michigan","57","516","Expert treatment for trochanteric bursitis in Southeast Michigan. Our hip specialists offer comprehensive care from diagnosis to recovery.","138","868","","0","Trochanteric Bursitis","21","","0","Get Hip Pain Relief in Southeast Michigan","41","Talk to Our Team","16","index, follow, max-snippet:-1, max-video-preview:-1, max-image-preview:large","","","https://synergyhealth.org/conditions/trochanteric-bursitis/","","","","","","239178","38642","38642","14.803","","2493","394","6.327","49.029","Hard","11.869","0","2","","246","238","0","100.000","346","220","0","8","6","0","","","","","a55363d46ac49b971f83dec18a03cfd6","0.486","Tue, 11 Aug 2026 18:05:01 GMT","","","","en-US","1.1","","","","","","https://synergyhealth.org/conditions/trochanteric-bursitis/","2026-08-11 14:05:00"
"https://synergyhealth.org/conditions/wrist-fracture/","https://synergyhealth.org/conditions/wrist-fracture/","text/html; charset=UTF-8","200","OK","Indexable","","Wrist Fracture Treatment | Orthopedic Specialists | Synergy Health","66","582","Expert wrist fracture care in Southeast Michigan. Our orthopedic specialists offer comprehensive diagnosis and treatment options for optimal recovery.","150","954","","0","Wrist Fracture","14","","0","Expert Wrist Fracture Treatment in Southeast Michigan","53","Talk to Our Team","16","index, follow, max-snippet:-1, max-video-preview:-1, max-image-preview:large","","","https://synergyhealth.org/conditions/wrist-fracture/","","","","","","240309","38681","38681","14.818","","2539","403","6.300","50.932","Fairly Hard","11.884","0","2","","249","238","0","100.000","351","219","0","8","6","0","","","","","30ce377d987a0bb645e0fb0755694afc","0.097","Tue, 11 Aug 2026 16:18:33 GMT","","","","en-US","1.1","","","","","","https://synergyhealth.org/conditions/wrist-fracture/","2026-08-11 14:05:00"
"https://synergyhealth.org/conditions/wrist-sprain/","https://synergyhealth.org/conditions/wrist-sprain/","text/html; charset=UTF-8","200","OK","Indexable","","Wrist Sprain Treatment in Southeast Michigan | Synergy Health","61","555","Expert wrist sprain treatment in Southeast Michigan. Our orthopedic specialists offer comprehensive care from diagnosis to rehabilitation. Schedule today.","154","977","","0","Wrist Sprain","12","","0","Fast Relief from Wrist Sprain Pain","34","Talk to Our Team","16","index, follow, max-snippet:-1, max-video-preview:-1, max-image-preview:large","","","https://synergyhealth.org/conditions/wrist-sprain/","","","","","","238939","38327","38327","14.682","","2369","380","6.234","52.091","Fairly Hard","11.435","0","2","","488","238","0","100.000","351","219","0","8","6","0","","","","","53bd2764c29feca5a5f2b0f3ba0d82e8","0.097","Tue, 11 Aug 2026 16:18:29 GMT","","","","en-US","1.1","","","","","","https://synergyhealth.org/conditions/wrist-sprain/","2026-08-11 14:05:00"
"https://synergyhealth.org/degenerative-disc-disease-treatment/","https://synergyhealth.org/degenerative-disc-disease-treatment/","text/html; charset=UTF-8","301","Moved Permanently","Non-Indexable","Redirected","","0","0","","0","0","","0","","0","","0","","0","","0","","","","","","","","","","0","0","0","0.000","","0","","","","","0.000","0","1","","0","0","0","0.000","0","0","0","0","0","0","","","","","","0.178","","https://synergyhealth.org/conditions/degenerative-disc-disease/","HTTP Redirect","","","1.1","","","","","","https://synergyhealth.org/degenerative-disc-disease-treatment/","2026-08-11 14:05:00"
"https://synergyhealth.org/did-you-know-mendelson-kornblum-orthopedics-has-same-day-appointments-for-acute-injuries/","https://synergyhealth.org/did-you-know-mendelson-kornblum-orthopedics-has-same-day-appointments-for-acute-injuries/","text/html; charset=UTF-8","301","Moved Permanently","Non-Indexable","Redirected","","0","0","","0","0","","0","","0","","0","","0","","0","","","","","","","","","","0","0","0","0.000","","0","","","","","0.000","0","1","","0","0","0","0.000","0","0","0","0","0","0","","","","","","0.161","","https://synergyhealth.org/did-you-know-mendelson-orthopedics-has-same-day-appointments-for-acute-injuries/","HTTP Redirect","","","1.1","","","","","","https://synergyhealth.org/did-you-know-mendelson-kornblum-orthopedics-has-same-day-appointments-for-acute-injuries/","2026-08-11 14:05:01"
"https://synergyhealth.org/did-you-know-si-joint-is-a-significant-cause-of-low-back-pain/","https://synergyhealth.org/did-you-know-si-joint-is-a-significant-cause-of-low-back-pain/","text/html; charset=UTF-8","200","OK","Indexable","","Did You Know SI Joint is a Significant Cause of Low Back Pain? | Post Synergy Health","84","754","The sacroiliac joint (SI joint) is located in the pelvis; it links the iliac bones (pelvis) to the sacrum (lowest part of the spine above the tailbone). It...","158","909","","0","Did You Know SI Joint is a Significant Cause of Low Back Pain?","62","","0","Expert Insights, Delivered to Your Inbox","40","Other Posts You Might Like","26","index, follow, max-snippet:-1, max-video-preview:-1, max-image-preview:large","","","https://synergyhealth.org/did-you-know-si-joint-is-a-significant-cause-of-low-back-pain/","","","","","","230035","38276","38276","14.663","","2102","340","6.182","58.889","Fairly Hard","10.859","0","1","","13","4","0","1.680","338","220","0","12","10","0","","","","","6e1b0ba2060ed877ec6aee1e8d6e8827","0.592","Tue, 11 Aug 2026 18:05:01 GMT","","","","en-US","1.1","","","","","","https://synergyhealth.org/did-you-know-si-joint-is-a-significant-cause-of-low-back-pain/","2026-08-11 14:05:01"
"https://synergyhealth.org/free-webinar-chronic-lower-back-lower-extremity-pain/","https://synergyhealth.org/free-webinar-chronic-lower-back-lower-extremity-pain/","text/html; charset=UTF-8","404","Not Found","Non-Indexable","Client Error","","0","0","","0","0","","0","","0","","0","","0","","0","","","","","","","","","","0","0","0","0.000","","0","","","","","0.000","0","1","","0","0","0","0.000","0","0","0","0","0","0","","","","","","0.556","","","","","","1.1","","","","","","https://synergyhealth.org/free-webinar-chronic-lower-back-lower-extremity-pain/","2026-08-11 14:05:01"
"https://synergyhealth.org/herniated-disc-microdiscectomy/","https://synergyhealth.org/herniated-disc-microdiscectomy/","text/html; charset=UTF-8","404","Not Found","Non-Indexable","Client Error","","0","0","","0","0","","0","","0","","0","","0","","0","","","","","","","","","","0","0","0","0.000","","0","","","","","0.000","0","1","","0","0","0","0.000","0","0","0","0","0","0","","","","","","0.522","","","","","","1.1","","","","","","https://synergyhealth.org/herniated-disc-microdiscectomy/","2026-08-11 14:05:01"
"https://synergyhealth.org/insurance-billing/self-pay-spine-neck-back/","https://synergyhealth.org/insurance-billing/self-pay-spine-neck-back/","text/html; charset=UTF-8","200","OK","Indexable","","Self-Pay Spine, Neck, & Back | Page Synergy Health","50","452","Self-Pay Spine, Neck & Back provided by Synergy Health Partners | Mendelson Orthopedics & Spine.","96","629","","0","Self-Pay Spine, Neck, & Back Packages — Clear Costs, Fast Care.","63","","0","Questions About Self-Pay?","25","","0","index, follow, max-snippet:-1, max-video-preview:-1, max-image-preview:large","","","https://synergyhealth.org/insurance-billing/self-pay-spine-neck-back/","","","","","","250208","38730","38730","14.837","","1924","328","5.866","52.611","Fairly Hard","9.749","0","2","","6","1","0","0.420","340","220","0","18","16","0","","","","","792d81749f937e27d737f27c54737cb9","0.126","Tue, 11 Aug 2026 18:05:01 GMT","","","","en-US","1.1","","","","","","https://synergyhealth.org/insurance-billing/self-pay-spine-neck-back/","2026-08-11 14:05:01"
"https://synergyhealth.org/locations/clinic-locations/southfield/spine-neck/","https://synergyhealth.org/locations/clinic-locations/southfield/spine-neck/","text/html; charset=UTF-8","404","Not Found","Non-Indexable","Client Error","","0","0","","0","0","","0","","0","","0","","0","","0","","","","","","","","","","0","0","0","0.000","","0","","","","","0.000","0","4","","0","0","0","0.000","0","0","0","0","0","0","","","","","","0.473","","","","","","1.1","","","","","","https://synergyhealth.org/locations/clinic-locations/southfield/spine-neck/","2026-08-11 14:05:01"
"https://synergyhealth.org/mendelson-kornblum-orthopedics-is-a-multi-specialty-practice-that-offers-hope-and-relief-for-chronic-pain-sufferers/","https://synergyhealth.org/mendelson-kornblum-orthopedics-is-a-multi-specialty-practice-that-offers-hope-and-relief-for-chronic-pain-sufferers/","text/html; charset=UTF-8","301","Moved Permanently","Non-Indexable","Redirected","","0","0","","0","0","","0","","0","","0","","0","","0","","","","","","","","","","0","0","0","0.000","","0","","","","","0.000","0","1","","0","0","0","0.000","0","0","0","0","0","0","","","","","","0.223","","https://synergyhealth.org/mendelson-orthopedics-is-a-multi-specialty-practice-that-offers-hope-and-relief-for-chronic-pain-sufferers/","HTTP Redirect","","","1.1","","","","","","https://synergyhealth.org/mendelson-kornblum-orthopedics-is-a-multi-specialty-practice-that-offers-hope-and-relief-for-chronic-pain-sufferers/","2026-08-11 14:05:01"
"https://synergyhealth.org/mendelson-kornblum-orthopedics-pain-management-spine-is-recognized-five-times-in-hour-magazine-top-docs-2011/","https://synergyhealth.org/mendelson-kornblum-orthopedics-pain-management-spine-is-recognized-five-times-in-hour-magazine-top-docs-2011/","text/html; charset=UTF-8","301","Moved Permanently","Non-Indexable","Redirected","","0","0","","0","0","","0","","0","","0","","0","","0","","","","","","","","","","0","0","0","0.000","","0","","","","","0.000","0","1","","0","0","0","0.000","0","0","0","0","0","0","","","","","","0.212","","https://synergyhealth.org/mendelson-orthopedics-pain-management-spine-is-recognized-five-times-in-hour-magazine-top-docs-2011/","HTTP Redirect","","","1.1","","","","","","https://synergyhealth.org/mendelson-kornblum-orthopedics-pain-management-spine-is-recognized-five-times-in-hour-magazine-top-docs-2011/","2026-08-11 14:05:01"
"https://synergyhealth.org/minimally-invasive-lumbar-decompression-mild-procedure/","https://synergyhealth.org/minimally-invasive-lumbar-decompression-mild-procedure/","text/html; charset=UTF-8","200","OK","Indexable","","Minimally Invasive Lumbar Decompression (MILD procedure) | Post Synergy Health","78","733","What condition does MILD treat? MILD is a procedure to treat lumbar spinal stenosis. Lumbar spinal stenosis is a common condition in which there is gradual narrowing in...","171","1085","","0","Minimally Invasive Lumbar Decompression (MILD procedure)","56","","0","Expert Insights, Delivered to Your Inbox","40","Other Posts You Might Like","26","index, follow, max-snippet:-1, max-video-preview:-1, max-image-preview:large","","","https://synergyhealth.org/minimally-invasive-lumbar-decompression-mild-procedure/","","","","","","228904","37716","37716","14.448","","2089","334","6.254","55.140","Fairly Hard","10.968","0","1","","12","3","0","1.260","338","220","0","13","11","0","","","","","bdff10a2029cc6d1c1f22c61361a8081","0.092","Tue, 11 Aug 2026 16:46:23 GMT","","","","en-US","1.1","","","","","","https://synergyhealth.org/minimally-invasive-lumbar-decompression-mild-procedure/","2026-08-11 14:05:01"
"https://synergyhealth.org/neck-back-care/","https://synergyhealth.org/neck-back-care/","text/html; charset=UTF-8","200","OK","Indexable","","Neck & Back Care | Post Synergy Health","38","352","The team at Synergy Health Partners | Mendelson Orthopedics share a unified goal: helping you achieve better physical health and return to the life you love!","157","987","","0","Neck & Back Care","16","","0","Spine Neck10.1","14","Expert Insights, Delivered to Your Inbox","40","index, follow, max-snippet:-1, max-video-preview:-1, max-image-preview:large","","","https://synergyhealth.org/neck-back-care/","","","","","","232518","37998","37998","14.556","","1933","331","5.840","50.833","Fairly Hard","10.473","0","1","","7","2","0","0.840","344","222","0","17","15","0","","","","","b1498ee8d21ac2a334c43373b6927eff","0.546","Tue, 11 Aug 2026 18:05:02 GMT","","","","en-US","1.1","","","","","","https://synergyhealth.org/neck-back-care/","2026-08-11 14:05:01"
"https://synergyhealth.org/neck-pain-post/","https://synergyhealth.org/neck-pain-post/","text/html; charset=UTF-8","200","OK","Indexable","","Neck Pain | Post Synergy Health","31","284","The cervical spine comprises of the first 7 vertebrae. It supports the weight of the head and allows its smooth movement. Neck pain refers to pain or discomfort...","163","1021","","0","Neck Pain","9","Causes","6","Expert Insights, Delivered to Your Inbox","40","Other Posts You Might Like","26","index, follow, max-snippet:-1, max-video-preview:-1, max-image-preview:large","","","https://synergyhealth.org/neck-pain-post/","","","","","","229730","38208","38208","14.637","","2125","340","6.250","53.904","Fairly Hard","11.081","0","1","","14","4","0","1.680","338","220","0","13","11","0","","","","","cd38d59b606d3493ce689a425f67c06c","0.550","Tue, 11 Aug 2026 18:05:02 GMT","","","","en-US","1.1","","","","","","https://synergyhealth.org/neck-pain-post/","2026-08-11 14:05:01"
"https://synergyhealth.org/orthopedic-urgent-care/","https://synergyhealth.org/orthopedic-urgent-care/","text/html; charset=UTF-8","301","Moved Permanently","Non-Indexable","Redirected","","0","0","","0","0","","0","","0","","0","","0","","0","","","","","","","","","","0","0","0","0.000","","0","","","","","0.000","0","1","","0","0","0","0.000","0","0","0","0","0","0","","","","","","0.192","","https://synergyhealth.org/specialty/orthopedic-services/","HTTP Redirect","","","1.1","","","","","","https://synergyhealth.org/orthopedic-urgent-care/","2026-08-11 14:05:01"
"https://synergyhealth.org/our-providers/","https://synergyhealth.org/our-providers/","text/html; charset=UTF-8","301","Moved Permanently","Non-Indexable","Redirected","","0","0","","0","0","","0","","0","","0","","0","","0","","","","","","","","","","0","0","0","0.000","","0","","","","","0.000","0","1","","0","0","0","0.000","0","0","0","0","0","0","","","","","","0.163","","https://synergyhealth.org/providers/","HTTP Redirect","","","1.1","","","","","","https://synergyhealth.org/our-providers/","2026-08-11 14:05:01"
"https://synergyhealth.org/our-providers/david-mendelson-md/","https://synergyhealth.org/our-providers/david-mendelson-md/","text/html; charset=UTF-8","301","Moved Permanently","Non-Indexable","Redirected","","0","0","","0","0","","0","","0","","0","","0","","0","","","","","","","","","","0","0","0","0.000","","0","","","","","0.000","0","2","","0","0","0","0.000","0","0","0","0","0","0","","","","","","0.178","","https://synergyhealth.org/providers/david-mendelson-md/","HTTP Redirect","","","1.1","","","","","","https://synergyhealth.org/our-providers/david-mendelson-md/","2026-08-11 14:05:02"
"https://synergyhealth.org/our-providers/goo/","https://synergyhealth.org/our-providers/goo/","text/html; charset=UTF-8","404","Not Found","Non-Indexable","Client Error","","0","0","","0","0","","0","","0","","0","","0","","0","","","","","","","","","","0","0","0","0.000","","0","","","","","0.000","0","2","","0","0","0","0.000","0","0","0","0","0","0","","","","","","0.555","","","","","","1.1","","","","","","https://synergyhealth.org/our-providers/goo/","2026-08-11 14:05:02"
"https://synergyhealth.org/our-providers/orthopedics/herbert-mendelson-md/","https://synergyhealth.org/our-providers/orthopedics/herbert-mendelson-md/","text/html; charset=UTF-8","404","Not Found","Non-Indexable","Client Error","","0","0","","0","0","","0","","0","","0","","0","","0","","","","","","","","","","0","0","0","0.000","","0","","","","","0.000","0","3","","0","0","0","0.000","0","0","0","0","0","0","","","","","","0.491","","","","","","1.1","","","","","","https://synergyhealth.org/our-providers/orthopedics/herbert-mendelson-md/","2026-08-11 14:05:02"
"https://synergyhealth.org/our-providers/orthopedics/katie-rashid-sports-medicine/","https://synergyhealth.org/our-providers/orthopedics/katie-rashid-sports-medicine/","text/html; charset=UTF-8","404","Not Found","Non-Indexable","Client Error","","0","0","","0","0","","0","","0","","0","","0","","0","","","","","","","","","","0","0","0","0.000","","0","","","","","0.000","0","3","","0","0","0","0.000","0","0","0","0","0","0","","","","","","0.495","","","","","","1.1","","","","","","https://synergyhealth.org/our-providers/orthopedics/katie-rashid-sports-medicine/","2026-08-11 14:05:02"
"https://synergyhealth.org/our-providers/pain-management/daniel-feldman-md/","https://synergyhealth.org/our-providers/pain-management/daniel-feldman-md/","text/html; charset=UTF-8","404","Not Found","Non-Indexable","Client Error","","0","0","","0","0","","0","","0","","0","","0","","0","","","","","","","","","","0","0","0","0.000","","0","","","","","0.000","0","3","","0","0","0","0.000","0","0","0","0","0","0","","","","","","0.533","","","","","","1.1","","","","","","https://synergyhealth.org/our-providers/pain-management/daniel-feldman-md/","2026-08-11 14:05:02"
"https://synergyhealth.org/our-providers/pain-management/jason-mulawa-md/","https://synergyhealth.org/our-providers/pain-management/jason-mulawa-md/","text/html; charset=UTF-8","404","Not Found","Non-Indexable","Client Error","","0","0","","0","0","","0","","0","","0","","0","","0","","","","","","","","","","0","0","0","0.000","","0","","","","","0.000","0","3","","0","0","0","0.000","0","0","0","0","0","0","","","","","","0.528","","","","","","1.1","","","","","","https://synergyhealth.org/our-providers/pain-management/jason-mulawa-md/","2026-08-11 14:05:02"
"https://synergyhealth.org/our-providers/podiatry/deepali-darji-podiatrist/","https://synergyhealth.org/our-providers/podiatry/deepali-darji-podiatrist/","text/html; charset=UTF-8","404","Not Found","Non-Indexable","Client Error","","0","0","","0","0","","0","","0","","0","","0","","0","","","","","","","","","","0","0","0","0.000","","0","","","","","0.000","0","3","","0","0","0","0.000","0","0","0","0","0","0","","","","","","0.511","","","","","","1.1","","","","","","https://synergyhealth.org/our-providers/podiatry/deepali-darji-podiatrist/","2026-08-11 14:05:02"
"https://synergyhealth.org/our-providers/rheumatology/shironda-stewart-md/","https://synergyhealth.org/our-providers/rheumatology/shironda-stewart-md/","text/html; charset=UTF-8","404","Not Found","Non-Indexable","Client Error","","0","0","","0","0","","0","","0","","0","","0","","0","","","","","","","","","","0","0","0","0.000","","0","","","","","0.000","0","3","","0","0","0","0.000","0","0","0","0","0","0","","","","","","0.524","","","","","","1.1","","","","","","https://synergyhealth.org/our-providers/rheumatology/shironda-stewart-md/","2026-08-11 14:05:02"
"https://synergyhealth.org/our-providers/spine/andres-munk-md/","https://synergyhealth.org/our-providers/spine/andres-munk-md/","text/html; charset=UTF-8","404","Not Found","Non-Indexable","Client Error","","0","0","","0","0","","0","","0","","0","","0","","0","","","","","","","","","","0","0","0","0.000","","0","","","","","0.000","0","3","","0","0","0","0.000","0","0","0","0","0","0","","","","","","0.472","","","","","","1.1","","","","","","https://synergyhealth.org/our-providers/spine/andres-munk-md/","2026-08-11 14:05:02"
"https://synergyhealth.org/our-providers/spine/joel-phillips-md/","https://synergyhealth.org/our-providers/spine/joel-phillips-md/","text/html; charset=UTF-8","404","Not Found","Non-Indexable","Client Error","","0","0","","0","0","","0","","0","","0","","0","","0","","","","","","","","","","0","0","0","0.000","","0","","","","","0.000","0","3","","0","0","0","0.000","0","0","0","0","0","0","","","","","","0.514","","","","","","1.1","","","","","","https://synergyhealth.org/our-providers/spine/joel-phillips-md/","2026-08-11 14:05:03"
"https://synergyhealth.org/our-providers/spine/martin-b-kornblum-md/","https://synergyhealth.org/our-providers/spine/martin-b-kornblum-md/","text/html; charset=UTF-8","404","Not Found","Non-Indexable","Client Error","","0","0","","0","0","","0","","0","","0","","0","","0","","","","","","","","","","0","0","0","0.000","","0","","","","","0.000","0","3","","0","0","0","0.000","0","0","0","0","0","0","","","","","","0.586","","","","","","1.1","","","","","","https://synergyhealth.org/our-providers/spine/martin-b-kornblum-md/","2026-08-11 14:05:03"
"https://synergyhealth.org/providers/","https://synergyhealth.org/providers/","text/html; charset=UTF-8","200","OK","Indexable","","Find an Orthopedic or Spine Doctor Near You | Synergy Health","60","542","Browse 70+ orthopedic surgeons, spine specialists, podiatrists, and physical therapists serving Livonia, Sterling Heights, Southfield, Troy, and Port Huron. Filter by specialty and location. Same-week appointments available.","224","1399","","0","Find A Doctor","13","","0","All Providers","13","Ready for Answers? Your Recovery Journey Starts Here","52","follow, index","","","https://synergyhealth.org/providers/","https://synergyhealth.org/providers/page/2/","","","","","759606","57386","57386","21.983","","2546","641","3.972","59.489","Fairly Hard","4.557","0","1","","677","238","0","100.000","601","274","0","8","6","0","","","","","2a4f1893db00d225a1befe80a5f1c1be","0.132","Tue, 11 Aug 2026 17:14:36 GMT","","","","en-US","1.1","","","","","","https://synergyhealth.org/providers/","2026-08-11 14:05:03"
"https://synergyhealth.org/providers/aaron-wienczak-otrl/","https://synergyhealth.org/providers/aaron-wienczak-otrl/","text/html; charset=UTF-8","200","OK","Indexable","","Aaron Wienczak, OTRL | Provider Synergy Health","46","426","Hand therapy specialist working toward certified hand therapist status—comprehensive occupational therapy services integrated with orthopedic care.","147","953","","0","Aaron Wienczak, OTRL","20","","0","Learn More About Aaron Wienczak, OTRL","37","Real Results. Real Stories.","27","index, follow, max-snippet:-1, max-video-preview:-1, max-image-preview:large","","","https://synergyhealth.org/providers/aaron-wienczak-otrl/","","","","","","272207","43583","43583","16.696","","2427","427","5.684","53.757","Fairly Hard","9.994","0","2","","17","5","0","2.100","333","218","0","10","7","0","","","","","78c69fed5f765ab3c5076b7e4b640f0b","0.605","Tue, 11 Aug 2026 18:05:03 GMT","","","","en-US","1.1","","","","","","https://synergyhealth.org/providers/aaron-wienczak-otrl/","2026-08-11 14:05:03"
"https://synergyhealth.org/providers/adelisa-zahirovic-pa-c/","https://synergyhealth.org/providers/adelisa-zahirovic-pa-c/","text/html; charset=UTF-8","200","OK","Indexable","","Adelisa Zahirovic, PA-C | Provider Synergy Health","49","430","Providing comprehensive care across multiple specialties with extensive clinical training in orthopedics, pain management, and dermatology—all backed by Synergy's integrated approach.","183","1181","","0","Adelisa Zahirovic, PA-C","23","","0","Learn More About Dr. Zahirovic","30","What You Can Expect","19","index, follow, max-snippet:-1, max-video-preview:-1, max-image-preview:large","","","https://synergyhealth.org/providers/adelisa-zahirovic-pa-c/","","","","","","263297","42465","42465","16.268","","2174","379","5.736","45.705","Hard","9.954","0","2","","13","3","0","1.260","333","218","0","11","7","0","","","","","96352e848a2419381c521f5a5d7cb974","0.503","Tue, 11 Aug 2026 18:05:03 GMT","","","","en-US","1.1","","","","","","https://synergyhealth.org/providers/adelisa-zahirovic-pa-c/","2026-08-11 14:05:03"
"https://synergyhealth.org/providers/alice-mendelson-md/","https://synergyhealth.org/providers/alice-mendelson-md/","text/html; charset=UTF-8","200","OK","Indexable","","Alice Mendelson, MD | Provider Synergy Health","45","411","Board-certified orthopedic surgeon with special expertise in women's bone health and fracture prevention—part of Synergy's comprehensive musculoskeletal team.","158","1034","","0","Alice Mendelson, MD","19","","0","Learn More About Dr. Mendelson","30","Real Results. Real Stories.","27","index, follow, max-snippet:-1, max-video-preview:-1, max-image-preview:large","","","https://synergyhealth.org/providers/alice-mendelson-md/","","","","","","301036","47253","47253","18.102","","3267","604","5.409","61.847","Normal","10.656","0","2","","58","38","0","15.970","335","219","0","11","7","0","","","","","75a02f24e8da7d3dc92ab70d5b341fe8","0.582","Tue, 11 Aug 2026 18:05:04 GMT","","","","en-US","1.1","","","","","","https://synergyhealth.org/providers/alice-mendelson-md/","2026-08-11 14:05:03"
"https://synergyhealth.org/providers/amy-hauxwell-otrl-cht/","https://synergyhealth.org/providers/amy-hauxwell-otrl-cht/","text/html; charset=UTF-8","200","OK","Indexable","","Amy Hauxwell, OTRL, CHT | Provider Synergy Health","49","457","Certified Hand Therapist (CHT) with over 14 years at Synergy—from acute care to specialized hand therapy, all coordinated with your orthopedic team.","148","951","","0","Amy Hauxwell, OTRL, CHT","23","","0","Learn More About Amy Hauxwell, OTRL, CHT","40","What You Can Expect","19","index, follow, max-snippet:-1, max-video-preview:-1, max-image-preview:large","","","https://synergyhealth.org/providers/amy-hauxwell-otrl-cht/","","","","","","260227","41967","41967","16.077","","2109","371","5.685","47.630","Hard","9.814","0","2","","16","5","0","2.100","332","218","0","10","7","0","","","","","9c5c1ed3a2514bf0aa690c0a3aa5dccd","0.509","Tue, 11 Aug 2026 18:05:04 GMT","","","","en-US","1.1","","","","","","https://synergyhealth.org/providers/amy-hauxwell-otrl-cht/","2026-08-11 14:05:03"
"https://synergyhealth.org/providers/amy-mazurek-dpt/","https://synergyhealth.org/providers/amy-mazurek-dpt/","text/html; charset=UTF-8","301","Moved Permanently","Non-Indexable","Redirected","","0","0","","0","0","","0","","0","","0","","0","","0","","","","","","","","","","0","0","0","0.000","","0","","","","","0.000","0","2","","0","0","0","0.000","0","0","0","0","0","0","","","","","","0.161","","https://synergyhealth.org/providers/amy-mazurek-mpt/","HTTP Redirect","","","1.1","","","","","","https://synergyhealth.org/providers/amy-mazurek-dpt/","2026-08-11 14:05:03"
"https://synergyhealth.org/providers/amy-mazurek-mpt/","https://synergyhealth.org/providers/amy-mazurek-mpt/","text/html; charset=UTF-8","200","OK","Indexable","","Amy Mazurek, MPT | Provider Synergy Health","42","398","Expert physical therapist providing personalized rehabilitation as part of Synergy's comprehensive musculoskeletal team—seamless coordination with orthopedic specialists, pain management, and surgery under one roof.","215","1394","","0","Amy Mazurek, MPT","16","","0","Learn More About Amy Mazurek, MPT","33","What You Can Expect","19","index, follow, max-snippet:-1, max-video-preview:-1, max-image-preview:large","","","https://synergyhealth.org/providers/amy-mazurek-mpt/","","","","","","258313","41505","41505","15.900","","2082","365","5.704","47.368","Hard","9.804","0","2","","16","5","0","2.100","334","218","0","8","6","0","","","","","96907ae6a2a7246582682a291a1bd030","0.568","Tue, 11 Aug 2026 18:05:04 GMT","","","","en-US","1.1","","","","","","https://synergyhealth.org/providers/amy-mazurek-mpt/","2026-08-11 14:05:03"
"https://synergyhealth.org/providers/andres-munk-md/","https://synergyhealth.org/providers/andres-munk-md/","text/html; charset=UTF-8","200","OK","Indexable","","Andres Munk, MD | Orthopedic & Spine Provider | Synergy Health","62","566","Dr. Andres Munk treats the full range of spine conditions.","58","360","","0","Andres Munk, MD","15","","0","Learn More About Dr. Munk","25","Real Results. Real Stories.","27","follow, index, max-snippet:-1, max-video-preview:-1, max-image-preview:large","","","https://synergyhealth.org/providers/andres-munk-md/","","","","","","300279","47430","47430","18.170","","3195","593","5.388","65.000","Normal","10.466","0","2","","40","26","0","10.920","335","219","0","11","7","0","","","","","2d990f2de8771079ea6d16025da49227","0.617","Tue, 11 Aug 2026 18:05:04 GMT","","","","en-US","1.1","","","","","","https://synergyhealth.org/providers/andres-munk-md/","2026-08-11 14:05:04"
"https://synergyhealth.org/providers/andrew-cox-pa-c/","https://synergyhealth.org/providers/andrew-cox-pa-c/","text/html; charset=UTF-8","200","OK","Indexable","","Andrew Cox, PA-C | Provider Synergy Health","42","384","Regional Director of Operations bringing leadership excellence and comprehensive patient care coordination across Synergy's integrated network.","143","922","","0","Andrew Cox, PA-C","16","","0","Learn More About Dr. Cox","24","What You Can Expect","19","index, follow, max-snippet:-1, max-video-preview:-1, max-image-preview:large","","","https://synergyhealth.org/providers/andrew-cox-pa-c/","","","","","","259638","41896","41896","16.050","","2150","373","5.764","48.744","Hard","9.945","0","2","","12","3","0","1.260","335","219","0","8","6","0","","","","","2fbf45ebed1b62a62c214d5cbb88e4f6","0.505","Tue, 11 Aug 2026 18:05:04 GMT","","","","en-US","1.1","","","","","","https://synergyhealth.org/providers/andrew-cox-pa-c/","2026-08-11 14:05:04"
"https://synergyhealth.org/providers/anna-babushkina-md/","https://synergyhealth.org/providers/anna-babushkina-md/","text/html; charset=UTF-8","301","Moved Permanently","Non-Indexable","Redirected","","0","0","","0","0","","0","","0","","0","","0","","0","","","","","","","","","","0","0","0","0.000","","0","","","","","0.000","0","2","","0","0","0","0.000","0","0","0","0","0","0","","","","","","0.179","","https://synergyhealth.org/providers/specialty/hand-wrist/","HTTP Redirect","","","1.1","","","","","","https://synergyhealth.org/providers/anna-babushkina-md/","2026-08-11 14:05:04"
"https://synergyhealth.org/providers/anna-krinke-pt-dpt/","https://synergyhealth.org/providers/anna-krinke-pt-dpt/","text/html; charset=UTF-8","404","Not Found","Non-Indexable","Client Error","","0","0","","0","0","","0","","0","","0","","0","","0","","","","","","","","","","0","0","0","0.000","","0","","","","","0.000","0","2","","0","0","0","0.000","0","0","0","0","0","0","","","","","","0.480","","","","","","1.1","","","","","","https://synergyhealth.org/providers/anna-krinke-pt-dpt/","2026-08-11 14:05:04"
"https://synergyhealth.org/providers/anthony-j-oddo-do/","https://synergyhealth.org/providers/anthony-j-oddo-do/","text/html; charset=UTF-8","301","Moved Permanently","Non-Indexable","Redirected","","0","0","","0","0","","0","","0","","0","","0","","0","","","","","","","","","","0","0","0","0.000","","0","","","","","0.000","0","2","","0","0","0","0.000","0","0","0","0","0","0","","","","","","0.168","","https://synergyhealth.org/providers/anthony-oddo-do/","HTTP Redirect","","","1.1","","","","","","https://synergyhealth.org/providers/anthony-j-oddo-do/","2026-08-11 14:05:04"
"https://synergyhealth.org/providers/anthony-oddo-do/","https://synergyhealth.org/providers/anthony-oddo-do/","text/html; charset=UTF-8","200","OK","Indexable","","Anthony J. Oddo, DO | Provider Synergy Health","45","408","Director of Pain Management at Synergy—comprehensive spine pain care with imaging, injections, PT, and surgery coordination all under one roof.","143","925","","0","Anthony J. Oddo, DO","19","","0","Learn More About Dr. Oddo","25","Real Results. Real Stories.","27","index, follow, max-snippet:-1, max-video-preview:-1, max-image-preview:large","","","https://synergyhealth.org/providers/anthony-oddo-do/","","","","","","300339","46801","46801","17.929","","3188","581","5.487","65.608","Normal","10.343","0","2","","21","8","0","3.360","335","219","0","11","7","0","","","","","4e893f78448fa41a48c6be71d5e049e7","0.548","Tue, 11 Aug 2026 18:05:05 GMT","","","","en-US","1.1","","","","","","https://synergyhealth.org/providers/anthony-oddo-do/","2026-08-11 14:05:04"
"https://synergyhealth.org/providers/ashley-fox-dc-ms-ccsp-facmuap/","https://synergyhealth.org/providers/ashley-fox-dc-ms-ccsp-facmuap/","text/html; charset=UTF-8","200","OK","Indexable","","Ashley Fox DC, MS, CCSP, FACMUAP | Provider Synergy Health","58","551","Board-certified chiropractic sports physician specializing in athletic performance and injury prevention—from weekend warriors to professional hockey players.","158","1000","","0","Ashley Fox DC, MS, CCSP, FACMUAP","32","","0","Learn More About Dr. DC","23","Real Results. Real Stories.","27","index, follow, max-snippet:-1, max-video-preview:-1, max-image-preview:large","","","https://synergyhealth.org/providers/ashley-fox-dc-ms-ccsp-facmuap/","","","","","","269296","43720","43720","16.748","","2391","421","5.679","52.746","Fairly Hard","10.132","0","2","","13","3","0","1.260","334","219","0","10","7","0","","","","","3619927b3700052d52dde2fec6faa5a0","0.552","Tue, 11 Aug 2026 18:05:05 GMT","","","","en-US","1.1","","","","","","https://synergyhealth.org/providers/ashley-fox-dc-ms-ccsp-facmuap/","2026-08-11 14:05:04"
"https://synergyhealth.org/providers/ben-mayo-md/","https://synergyhealth.org/providers/ben-mayo-md/","text/html; charset=UTF-8","301","Moved Permanently","Non-Indexable","Redirected","","0","0","","0","0","","0","","0","","0","","0","","0","","","","","","","","","","0","0","0","0.000","","0","","","","","0.000","0","2","","0","0","0","0.000","0","0","0","0","0","0","","","","","","0.160","","https://synergyhealth.org/providers/benjamin-mayo-md/","HTTP Redirect","","","1.1","","","","","","https://synergyhealth.org/providers/ben-mayo-md/","2026-08-11 14:05:04"
"https://synergyhealth.org/providers/benjamin-mayo-md/","https://synergyhealth.org/providers/benjamin-mayo-md/","text/html; charset=UTF-8","200","OK","Indexable","","Ben Mayo, MD | Provider Synergy Health","38","354","Board-certified orthopedic surgeon specializing in sports medicine with fellowship training—part of Synergy's comprehensive musculoskeletal team offering imaging, therapy, and surgical care under one roof.","205","1306","","0","Ben Mayo, MD","12","","0","Learn More About Dr. Mayo","25","Awards & Recognition","20","index, follow, max-snippet:-1, max-video-preview:-1, max-image-preview:large","","","https://synergyhealth.org/providers/benjamin-mayo-md/","","","","","","307746","49336","49336","18.900","","3815","718","5.313","58.343","Fairly Hard","11.687","0","2","","1005","238","0","100.000","335","218","0","12","8","0","","","","","9e70f5e9b43ed8cc8ff67cca34f134a5","0.663","Tue, 11 Aug 2026 18:05:05 GMT","","","","en-US","1.1","","","","","","https://synergyhealth.org/providers/benjamin-mayo-md/","2026-08-11 14:05:04"
"https://synergyhealth.org/providers/beth-wilkins-dpt/","https://synergyhealth.org/providers/beth-wilkins-dpt/","text/html; charset=UTF-8","200","OK","Indexable","","Beth Wilkins, DPT | Provider Synergy Health","43","382","Expert orthopedic and sports medicine physical therapist with specialized focus on running rehabilitation—part of Synergy's integrated care team.","145","918","","0","Beth Wilkins, DPT","17","","0","Learn More About Beth Wilkins, DPT","34","What You Can Expect","19","index, follow, max-snippet:-1, max-video-preview:-1, max-image-preview:large","","","https://synergyhealth.org/providers/beth-wilkins-dpt/","","","","","","259776","41967","41967","16.077","","2109","368","5.731","49.990","Hard","9.803","0","2","","16","5","0","2.100","332","218","0","10","7","0","","","","","3988d8981dd767ba9688e93765113b3c","0.513","Tue, 11 Aug 2026 18:05:05 GMT","","","","en-US","1.1","","","","","","https://synergyhealth.org/providers/beth-wilkins-dpt/","2026-08-11 14:05:04"
"https://synergyhealth.org/providers/brian-fiani-do-facos/","https://synergyhealth.org/providers/brian-fiani-do-facos/","text/html; charset=UTF-8","404","Not Found","Non-Indexable","Client Error","","0","0","","0","0","","0","","0","","0","","0","","0","","","","","","","","","","0","0","0","0.000","","0","","","","","0.000","0","2","","0","0","0","0.000","0","0","0","0","0","0","","","","","","0.472","","","","","","1.1","","","","","","https://synergyhealth.org/providers/brian-fiani-do-facos/","2026-08-11 14:05:04"
"https://synergyhealth.org/providers/brian-kassa-do/","https://synergyhealth.org/providers/brian-kassa-do/","text/html; charset=UTF-8","200","OK","Indexable","","Brian Kassa, DO | Provider Synergy Health","41","368","Fellowship-trained pain management specialist offering comprehensive spine and joint interventions under one roof with Synergy's integrated care team.","150","968","","0","Brian Kassa, DO","15","","0","Learn More About Dr. Kassa","26","Real Results. Real Stories.","27","index, follow, max-snippet:-1, max-video-preview:-1, max-image-preview:large","","","https://synergyhealth.org/providers/brian-kassa-do/","","","","","","301671","46977","46977","17.996","","3149","581","5.420","53.626","Fairly Hard","10.589","0","2","","21","8","0","3.360","335","219","0","11","7","0","","","","","84d4c8edb917a662b362447401715eb5","0.109","Tue, 11 Aug 2026 17:37:04 GMT","","","","en-US","1.1","","","","","","https://synergyhealth.org/providers/brian-kassa-do/","2026-08-11 14:05:05"
"https://synergyhealth.org/providers/brittany-miller-pa-c/","https://synergyhealth.org/providers/brittany-miller-pa-c/","text/html; charset=UTF-8","200","OK","Indexable","","Brittany Miller, PA-C | Provider Synergy Health","47","401","Comprehensive physician assistant care with extensive clinical training across multiple specialties—bringing integrated expertise to your orthopedic treatment team.","164","1041","","0","Brittany Miller, PA-C","21","","0","What You Can Expect","19","Understanding These Results","27","index, follow, max-snippet:-1, max-video-preview:-1, max-image-preview:large","","","https://synergyhealth.org/providers/brittany-miller-pa-c/","","","","","","255358","40939","40939","15.683","","1882","340","5.535","48.065","Hard","9.411","0","2","","12","3","0","1.260","332","218","0","10","7","0","","","","","ca1ff793907c8e3f130e33979bbfa975","0.603","Tue, 11 Aug 2026 18:05:05 GMT","","","","en-US","1.1","","","","","","https://synergyhealth.org/providers/brittany-miller-pa-c/","2026-08-11 14:05:05"
"https://synergyhealth.org/providers/caitlin-clemence-pa-c/","https://synergyhealth.org/providers/caitlin-clemence-pa-c/","text/html; charset=UTF-8","301","Moved Permanently","Non-Indexable","Redirected","","0","0","","0","0","","0","","0","","0","","0","","0","","","","","","","","","","0","0","0","0.000","","0","","","","","0.000","0","2","","0","0","0","0.000","0","0","0","0","0","0","","","","","","0.163","","https://synergyhealth.org/providers/caitlin-rogers-pa-c/","HTTP Redirect","","","1.1","","","","","","https://synergyhealth.org/providers/caitlin-clemence-pa-c/","2026-08-11 14:05:05"
"https://synergyhealth.org/providers/caitlin-rogers-pa-c/","https://synergyhealth.org/providers/caitlin-rogers-pa-c/","text/html; charset=UTF-8","200","OK","Indexable","","Caitlin Rogers, PA-C | Provider Synergy Health","46","401","Dedicated physician assistant providing comprehensive musculoskeletal care with access to Synergy's full range of specialists and advanced treatment options.","157","1014","","0","Caitlin Rogers, PA-C","20","","0","What You Can Expect","19","Understanding These Results","27","index, follow, max-snippet:-1, max-video-preview:-1, max-image-preview:large","","","https://synergyhealth.org/providers/caitlin-rogers-pa-c/","","","","","","255299","40989","40989","15.702","","1888","338","5.586","49.844","Hard","9.398","0","2","","12","3","0","1.260","332","218","0","10","7","0","","","","","43287b37a937f755b90e944591ff7be9","0.559","Tue, 11 Aug 2026 18:05:06 GMT","","","","en-US","1.1","","","","","","https://synergyhealth.org/providers/caitlin-rogers-pa-c/","2026-08-11 14:05:05"
"https://synergyhealth.org/providers/carol-arakelian-pta/","https://synergyhealth.org/providers/carol-arakelian-pta/","text/html; charset=UTF-8","200","OK","Indexable","","Carol Arakelian, PTA | Provider Synergy Health","46","406","Part of Synergy's integrated physical therapy team—specialized in balance and fall prevention with comprehensive care coordination under one roof.","146","937","","0","Carol Arakelian, PTA","20","","0","Learn More About Carol Arakelian, PTA","37","What You Can Expect","19","index, follow, max-snippet:-1, max-video-preview:-1, max-image-preview:large","","","https://synergyhealth.org/providers/carol-arakelian-pta/","","","","","","258826","41624","41624","15.945","","1986","357","5.563","48.389","Hard","9.528","0","2","","16","5","0","2.100","332","218","0","10","7","0","","","","","ac862c0e66a9eab179a48d40f547ccd9","0.540","Tue, 11 Aug 2026 18:05:06 GMT","","","","en-US","1.1","","","","","","https://synergyhealth.org/providers/carol-arakelian-pta/","2026-08-11 14:05:05"
"https://synergyhealth.org/providers/cassidy-ebach-pa-c/","https://synergyhealth.org/providers/cassidy-ebach-pa-c/","text/html; charset=UTF-8","200","OK","Indexable","","Cassidy Ebach, PA-C | Provider Synergy Health","45","409","Board-certified Physician Assistant providing comprehensive musculoskeletal care with access to Synergy's full spectrum of specialists and services under one roof.","163","1038","","0","Cassidy Ebach, PA-C","19","","0","Learn More About Dr. Ebach","26","What You Can Expect","19","index, follow, max-snippet:-1, max-video-preview:-1, max-image-preview:large","","","https://synergyhealth.org/providers/cassidy-ebach-pa-c/","","","","","","260067","41792","41792","16.010","","1965","353","5.567","50.283","Fairly Hard","9.422","0","2","","12","3","0","1.260","333","219","0","10","7","0","","","","","4dc5a56f58f4401ccc58b05c43d2bb1f","0.626","Tue, 11 Aug 2026 18:05:06 GMT","","","","en-US","1.1","","","","","","https://synergyhealth.org/providers/cassidy-ebach-pa-c/","2026-08-11 14:05:05"
"https://synergyhealth.org/providers/chelsea-schoenmaker-pa-c/","https://synergyhealth.org/providers/chelsea-schoenmaker-pa-c/","text/html; charset=UTF-8","404","Not Found","Non-Indexable","Client Error","","0","0","","0","0","","0","","0","","0","","0","","0","","","","","","","","","","0","0","0","0.000","","0","","","","","0.000","0","2","","0","0","0","0.000","0","0","0","0","0","0","","","","","","0.548","","","","","","1.1","","","","","","https://synergyhealth.org/providers/chelsea-schoenmaker-pa-c/","2026-08-11 14:05:05"
"https://synergyhealth.org/providers/chris-kakos-pt/","https://synergyhealth.org/providers/chris-kakos-pt/","text/html; charset=UTF-8","200","OK","Indexable","","Chris Kakos, PT | Provider Synergy Health","41","366","Expert physical therapist providing comprehensive rehabilitation services as part of Synergy's integrated musculoskeletal care team.","132","838","","0","Chris Kakos, PT","15","","0","What You Can Expect","19","Understanding These Results","27","index, follow, max-snippet:-1, max-video-preview:-1, max-image-preview:large","","","https://synergyhealth.org/providers/chris-kakos-pt/","","","","","","256554","41107","41107","15.747","","1893","341","5.551","49.698","Hard","9.331","0","2","","16","5","0","2.100","332","218","0","10","7","0","","","","","9c5b0adf71a835678e97b07540d64921","0.582","Tue, 11 Aug 2026 18:05:06 GMT","","","","en-US","1.1","","","","","","https://synergyhealth.org/providers/chris-kakos-pt/","2026-08-11 14:05:06"
"https://synergyhealth.org/providers/courtney-watson-pa-c/","https://synergyhealth.org/providers/courtney-watson-pa-c/","text/html; charset=UTF-8","404","Not Found","Non-Indexable","Client Error","","0","0","","0","0","","0","","0","","0","","0","","0","","","","","","","","","","0","0","0","0.000","","0","","","","","0.000","0","2","","0","0","0","0.000","0","0","0","0","0","0","","","","","","0.546","","","","","","1.1","","","","","","https://synergyhealth.org/providers/courtney-watson-pa-c/","2026-08-11 14:05:06"
"https://synergyhealth.org/providers/crystal-langholff-dpt/","https://synergyhealth.org/providers/crystal-langholff-dpt/","text/html; charset=UTF-8","200","OK","Indexable","","Crystal Langholff, DPT | Provider Synergy Health","48","424","Specializing in sacroiliac joint dysfunction and fall prevention—part of Synergy's integrated musculoskeletal care team.","120","748","","0","Crystal Langholff, DPT","22","","0","Learn More About Crystal Langholff, DPT","39","What You Can Expect","19","index, follow, max-snippet:-1, max-video-preview:-1, max-image-preview:large","","","https://synergyhealth.org/providers/crystal-langholff-dpt/","","","","","","258646","41534","41534","15.911","","1979","360","5.497","50.950","Fairly Hard","9.485","0","2","","16","5","0","2.100","332","218","0","10","7","0","","","","","8071afbbf91a08fecdf39c0bceb26a6","0.568","Tue, 11 Aug 2026 18:05:06 GMT","","","","en-US","1.1","","","","","","https://synergyhealth.org/providers/crystal-langholff-dpt/","2026-08-11 14:05:06"
"https://synergyhealth.org/providers/cullen-lane-dpt-bche-pt-ot-manager/","https://synergyhealth.org/providers/cullen-lane-dpt-bche-pt-ot-manager/","text/html; charset=UTF-8","200","OK","Indexable","","Cullen Lane, DPT, BCHE, PT/OT Manager | Provider Synergy Health","63","586","Leading Synergy's integrated physical therapy team with advanced training in orthopedic rehabilitation and comprehensive musculoskeletal care coordination.","155","1002","","0","Cullen Lane, DPT, BCHE, PT/OT Manager","37","","0","Learn More About Cullen Lane, DPT, BCHE, PT/OT Manager","54","What You Can Expect","19","index, follow, max-snippet:-1, max-video-preview:-1, max-image-preview:large","","","https://synergyhealth.org/providers/cullen-lane-dpt-bche-pt-ot-manager/","","","","","","259309","41743","41743","15.991","","2014","362","5.564","50.009","Fairly Hard","9.556","0","2","","16","5","0","2.100","332","218","0","10","7","0","","","","","4a4a6578f3b2ccde501199c7ec897a58","0.565","Tue, 11 Aug 2026 18:05:06 GMT","","","","en-US","1.1","","","","","","https://synergyhealth.org/providers/cullen-lane-dpt-bche-pt-ot-manager/","2026-08-11 14:05:06"
"https://synergyhealth.org/providers/cullen-lane-pt-ot/","https://synergyhealth.org/providers/cullen-lane-pt-ot/","text/html; charset=UTF-8","301","Moved Permanently","Non-Indexable","Redirected","","0","0","","0","0","","0","","0","","0","","0","","0","","","","","","","","","","0","0","0","0.000","","0","","","","","0.000","0","2","","0","0","0","0.000","0","0","0","0","0","0","","","","","","0.164","","https://synergyhealth.org/providers/cullen-lane-dpt-bche-pt-ot-manager/","HTTP Redirect","","","1.1","","","","","","https://synergyhealth.org/providers/cullen-lane-pt-ot/","2026-08-11 14:05:06"
"https://synergyhealth.org/providers/david-h-mendelson-md/","https://synergyhealth.org/providers/david-h-mendelson-md/","text/html; charset=UTF-8","301","Moved Permanently","Non-Indexable","Redirected","","0","0","","0","0","","0","","0","","0","","0","","0","","","","","","","","","","0","0","0","0.000","","0","","","","","0.000","0","2","","0","0","0","0.000","0","0","0","0","0","0","","","","","","0.089","","https://synergyhealth.org/providers/david-mendelson-md/","HTTP Redirect","","","1.1","","","","","","https://synergyhealth.org/providers/david-h-mendelson-md/","2026-08-11 14:05:06"
"https://synergyhealth.org/providers/david-mendelson-md/","https://synergyhealth.org/providers/david-mendelson-md/","text/html; charset=UTF-8","200","OK","Indexable","","David Mendelson, MD | Provider Synergy Health","45","418","Fellowship-trained orthopedic surgeon with integrated access to imaging, pain management, physical therapy, and surgery—all coordinated under one roof at Synergy.","162","1052","","0","David Mendelson, MD","19","","0","Learn More About Dr. Mendelson","30","Awards & Recognition","20","index, follow, max-snippet:-1, max-video-preview:-1, max-image-preview:large","","","https://synergyhealth.org/providers/david-mendelson-md/","","","","","","299494","46345","46345","17.754","","2998","562","5.335","60.214","Normal","10.145","0","2","","60","39","0","16.390","336","219","0","11","7","0","","","","","51ffb33bc33dbb1760f63b37d63c762f","0.493","Tue, 11 Aug 2026 18:05:07 GMT","","","","en-US","1.1","","","","","","https://synergyhealth.org/providers/david-mendelson-md/","2026-08-11 14:05:06"
"https://synergyhealth.org/providers/dr-hainish-singh-md/","https://synergyhealth.org/providers/dr-hainish-singh-md/","text/html; charset=UTF-8","404","Not Found","Non-Indexable","Client Error","","0","0","","0","0","","0","","0","","0","","0","","0","","","","","","","","","","0","0","0","0.000","","0","","","","","0.000","0","2","","0","0","0","0.000","0","0","0","0","0","0","","","","","","0.545","","","","","","1.1","","","","","","https://synergyhealth.org/providers/dr-hainish-singh-md/","2026-08-11 14:05:06"
"https://synergyhealth.org/providers/edyta-jagustin-pt/","https://synergyhealth.org/providers/edyta-jagustin-pt/","text/html; charset=UTF-8","200","OK","Indexable","","Edyta Jagustin, PT | Provider Synergy Health","44","391","Senior Manager with over 30 years of orthopedic physical therapy expertise, specializing in shoulder, knee, and sports injury rehabilitation within Synergy's comprehensive musculoskeletal care team.","198","1254","","0","Edyta Jagustin, PT","18","","0","Learn More About Edyta Jagustin, PT","35","What You Can Expect","19","index, follow, max-snippet:-1, max-video-preview:-1, max-image-preview:large","","","https://synergyhealth.org/providers/edyta-jagustin-pt/","","","","","","259504","41745","41745","15.992","","2061","371","5.555","50.961","Fairly Hard","9.648","0","2","","16","5","0","2.100","332","218","0","10","7","0","","","","","2a0e2b33849d70ff74369896ed2e02bf","0.514","Tue, 11 Aug 2026 18:05:07 GMT","","","","en-US","1.1","","","","","","https://synergyhealth.org/providers/edyta-jagustin-pt/","2026-08-11 14:05:06"
"https://synergyhealth.org/providers/elaina-homer-pta/","https://synergyhealth.org/providers/elaina-homer-pta/","text/html; charset=UTF-8","200","OK","Indexable","","Elaina Homer, PTA | Provider Synergy Health","43","391","Experienced PTA delivering personalized rehabilitation as part of Synergy's comprehensive musculoskeletal care team.","116","754","","0","Elaina Homer, PTA","17","","0","What You Can Expect","19","Understanding These Results","27","index, follow, max-snippet:-1, max-video-preview:-1, max-image-preview:large","","","https://synergyhealth.org/providers/elaina-homer-pta/","","","","","","256557","41102","41102","15.745","","1888","343","5.504","49.210","Hard","9.333","0","2","","16","5","0","2.100","332","218","0","10","7","0","","","","","4db85a700088e605f50e42407c6c4cea","0.579","Tue, 11 Aug 2026 18:05:07 GMT","","","","en-US","1.1","","","","","","https://synergyhealth.org/providers/elaina-homer-pta/","2026-08-11 14:05:06"
"https://synergyhealth.org/providers/elaine-mccallister-pa-c-atc/","https://synergyhealth.org/providers/elaine-mccallister-pa-c-atc/","text/html; charset=UTF-8","200","OK","Indexable","","Elaine McCallister, PA-C, ATC | Provider Synergy Health","55","483","Combining physician assistant expertise with certified athletic trainer credentials for comprehensive orthopedic and sports medicine care.","138","871","","0","Elaine McCallister, PA-C, ATC","29","","0","What You Can Expect","19","Understanding These Results","27","index, follow, max-snippet:-1, max-video-preview:-1, max-image-preview:large","","","https://synergyhealth.org/providers/elaine-mccallister-pa-c-atc/","","","","","","255724","41056","41056","15.728","","1895","341","5.557","48.825","Hard","9.408","0","2","","12","3","0","1.260","332","218","0","10","7","0","","","","","f82a6ef95efccc66589b95ac91ea4d10","0.546","Tue, 11 Aug 2026 18:05:07 GMT","","","","en-US","1.1","","","","","","https://synergyhealth.org/providers/elaine-mccallister-pa-c-atc/","2026-08-11 14:05:06"
"https://synergyhealth.org/providers/elizabeth-zachow-pa-c/","https://synergyhealth.org/providers/elizabeth-zachow-pa-c/","text/html; charset=UTF-8","200","OK","Indexable","","Elizabeth Zachow, PA-C | Provider Synergy Health","48","435","Experienced physician assistant with dual expertise in orthopedics and sports medicine—part of Synergy's comprehensive musculoskeletal team.","140","918","","0","Elizabeth Zachow, PA-C","22","","0","What You Can Expect","19","Understanding These Results","27","index, follow, max-snippet:-1, max-video-preview:-1, max-image-preview:large","","","https://synergyhealth.org/providers/elizabeth-zachow-pa-c/","","","","","","256187","41123","41123","15.753","","1894","339","5.587","49.161","Hard","9.387","0","2","","12","3","0","1.260","332","218","0","10","7","0","","","","","cc7be26d6e25ec51e0bef7eb433b0af0","0.449","Tue, 11 Aug 2026 18:05:07 GMT","","","","en-US","1.1","","","","","","https://synergyhealth.org/providers/elizabeth-zachow-pa-c/","2026-08-11 14:05:07"
"https://synergyhealth.org/providers/evan-vandenbosch-pa-c/","https://synergyhealth.org/providers/evan-vandenbosch-pa-c/","text/html; charset=UTF-8","200","OK","Indexable","","Evan VandenBosch, PA-C | Provider Synergy Health","48","450","Comprehensive physician assistant care with extensive clinical training across multiple medical specialties, bringing integrated expertise to your musculoskeletal treatment.","173","1089","","0","Evan VandenBosch, PA-C","22","","0","Learn More About Dr. VandenBosch","32","What You Can Expect","19","index, follow, max-snippet:-1, max-video-preview:-1, max-image-preview:large","","","https://synergyhealth.org/providers/evan-vandenbosch-pa-c/","","","","","","255960","41093","41093","15.742","","1866","338","5.521","48.670","Hard","9.306","0","2","","12","3","0","1.260","332","218","0","10","7","0","","","","","d80a225cde721cd350970b16cf818c30","0.508","Tue, 11 Aug 2026 18:05:07 GMT","","","","en-US","1.1","","","","","","https://synergyhealth.org/providers/evan-vandenbosch-pa-c/","2026-08-11 14:05:07"
"https://synergyhealth.org/providers/fatema-taher-pt-ompt-ocs/","https://synergyhealth.org/providers/fatema-taher-pt-ompt-ocs/","text/html; charset=UTF-8","200","OK","Indexable","","Fatema Taher, PT, OMPT, OCS | Provider Synergy Health","53","495","Board-certified orthopedic specialist with advanced manual therapy techniques—part of Synergy's integrated spine and orthopedic care team.","138","895","","0","Fatema Taher, PT, OMPT, OCS","27","","0","Learn More About Fatema Taher, PT, OMPT, OCS","44","What You Can Expect","19","index, follow, max-snippet:-1, max-video-preview:-1, max-image-preview:large","","","https://synergyhealth.org/providers/fatema-taher-pt-ompt-ocs/","","","","","","259649","41889","41889","16.047","","2093","374","5.596","48.810","Hard","9.778","0","2","","16","5","0","2.100","332","218","0","10","7","0","","","","","5daf262a1fb47c407f339f7501ab2b18","0.614","Tue, 11 Aug 2026 18:05:08 GMT","","","","en-US","1.1","","","","","","https://synergyhealth.org/providers/fatema-taher-pt-ompt-ocs/","2026-08-11 14:05:07"
"https://synergyhealth.org/providers/francis-elwart-dc/","https://synergyhealth.org/providers/francis-elwart-dc/","text/html; charset=UTF-8","200","OK","Indexable","","Francis Elwart, DC | Provider Synergy Health","44","386","Experience comprehensive chiropractic care with Dr. Elwart's integrative approach—combining manual therapy, patient education, and seamless coordination with Synergy's full spine care team.","189","1223","","0","Francis Elwart, DC","18","","0","Learn More About Dr. Elwart","27","What You Can Expect","19","index, follow, max-snippet:-1, max-video-preview:-1, max-image-preview:large","","","https://synergyhealth.org/providers/francis-elwart-dc/","","","","","","262648","42412","42412","16.247","","2198","391","5.621","49.365","Hard","9.958","0","2","","12","3","0","1.260","333","219","0","10","7","0","","","","","22dd7aab4bd76b8cbbf0527afe958ed5","0.494","Tue, 11 Aug 2026 18:05:08 GMT","","","","en-US","1.1","","","","","","https://synergyhealth.org/providers/francis-elwart-dc/","2026-08-11 14:05:07"
"https://synergyhealth.org/providers/fred-leff-dpm/","https://synergyhealth.org/providers/fred-leff-dpm/","text/html; charset=UTF-8","200","OK","Indexable","","Fred Leff, DPM | Provider Synergy Health","40","357","A Detroit native with over 50 years of experience treating foot and ankle conditions—part of Synergy's comprehensive musculoskeletal team.","138","890","","0","Fred Leff, DPM","14","","0","Learn More About Dr. Leff","25","What You Can Expect","19","index, follow, max-snippet:-1, max-video-preview:-1, max-image-preview:large","","","https://synergyhealth.org/providers/fred-leff-dpm/","","","","","","265336","42794","42794","16.394","","2029","366","5.544","53.606","Fairly Hard","9.298","0","2","","24","12","0","5.040","334","219","0","11","7","0","","","","","f4ceee4469bbe8ccfd05e4b5d26dcec7","0.076","Tue, 11 Aug 2026 16:06:56 GMT","","","","en-US","1.1","","","","","","https://synergyhealth.org/providers/fred-leff-dpm/","2026-08-11 14:05:07"
"https://synergyhealth.org/providers/gerald-jerry-md/","https://synergyhealth.org/providers/gerald-jerry-md/","text/html; charset=UTF-8","404","Not Found","Non-Indexable","Client Error","","0","0","","0","0","","0","","0","","0","","0","","0","","","","","","","","","","0","0","0","0.000","","0","","","","","0.000","0","2","","0","0","0","0.000","0","0","0","0","0","0","","","","","","0.491","","","","","","1.1","","","","","","https://synergyhealth.org/providers/gerald-jerry-md/","2026-08-11 14:05:07"
"https://synergyhealth.org/providers/hainish-singh-md/","https://synergyhealth.org/providers/hainish-singh-md/","text/html; charset=UTF-8","301","Moved Permanently","Non-Indexable","Redirected","","0","0","","0","0","","0","","0","","0","","0","","0","","","","","","","","","","0","0","0","0.000","","0","","","","","0.000","0","2","","0","0","0","0.000","0","0","0","0","0","0","","","","","","0.185","","https://synergyhealth.org/providers/hanish-singh-md/","HTTP Redirect","","","1.1","","","","","","https://synergyhealth.org/providers/hainish-singh-md/","2026-08-11 14:05:07"
"https://synergyhealth.org/providers/hanish-singh-md/","https://synergyhealth.org/providers/hanish-singh-md/","text/html; charset=UTF-8","200","OK","Indexable","","Hanish Singh, MD | Provider Synergy Health","42","383","Part of Synergy's integrated pain management team—comprehensive diagnostics, injections, physical therapy, and surgical consultation all under one roof.","152","978","","0","Hanish Singh, MD","16","","0","Learn More About Dr. Singh","26","Real Results. Real Stories.","27","index, follow, max-snippet:-1, max-video-preview:-1, max-image-preview:large","","","https://synergyhealth.org/providers/hanish-singh-md/","","","","","","300035","46422","46422","17.783","","2911","544","5.351","61.091","Normal","9.921","0","2","","21","8","0","3.360","335","219","0","11","7","0","","","","","2a316b1b3d9868f7ef204d8cb2ad4b94","0.144","Tue, 11 Aug 2026 18:05:07 GMT","","","","en-US","1.1","","","","","","https://synergyhealth.org/providers/hanish-singh-md/","2026-08-11 14:05:07"
"https://synergyhealth.org/providers/hayley-foster-pa-c/","https://synergyhealth.org/providers/hayley-foster-pa-c/","text/html; charset=UTF-8","200","OK","Indexable","","Hayley Foster, PA-C | Provider Synergy Health","45","399","Bringing exercise science expertise to musculoskeletal care—part of Synergy's comprehensive team offering seamless coordination from diagnosis to recovery.","155","1010","","0","Hayley Foster, PA-C","19","","0","Learn More About Dr. Foster","27","What You Can Expect","19","index, follow, max-snippet:-1, max-video-preview:-1, max-image-preview:large","","","https://synergyhealth.org/providers/hayley-foster-pa-c/","","","","","","255587","41070","41070","15.733","","1880","340","5.529","48.133","Hard","9.382","0","2","","12","3","0","1.260","332","218","0","10","7","0","","","","","97cc83cd5d594e6f1fb1b54457c63e8d","0.571","Tue, 11 Aug 2026 18:05:08 GMT","","","","en-US","1.1","","","","","","https://synergyhealth.org/providers/hayley-foster-pa-c/","2026-08-11 14:05:07"
"https://synergyhealth.org/providers/ian-zaporski-pta/","https://synergyhealth.org/providers/ian-zaporski-pta/","text/html; charset=UTF-8","200","OK","Indexable","","Ian Zaporski, PTA | Provider Synergy Health","43","382","Expert Physical Therapist Assistant specializing in sports medicine and shoulder rehabilitation, providing personalized recovery programs as part of Synergy's integrated musculoskeletal care team.","196","1242","","0","Ian Zaporski, PTA","17","","0","Learn More About Ian Zaporski, PTA","34","What You Can Expect","19","index, follow, max-snippet:-1, max-video-preview:-1, max-image-preview:large","","","https://synergyhealth.org/providers/ian-zaporski-pta/","","","","","","259066","41598","41598","15.935","","2018","361","5.590","48.185","Hard","9.589","0","2","","16","5","0","2.100","332","218","0","10","7","0","","","","","f8007da2337ea8d642aaed3ce4ba4660","0.502","Tue, 11 Aug 2026 18:05:08 GMT","","","","en-US","1.1","","","","","","https://synergyhealth.org/providers/ian-zaporski-pta/","2026-08-11 14:05:08"
"https://synergyhealth.org/providers/jack-belen-md/","https://synergyhealth.org/providers/jack-belen-md/","text/html; charset=UTF-8","301","Moved Permanently","Non-Indexable","Redirected","","0","0","","0","0","","0","","0","","0","","0","","0","","","","","","","","","","0","0","0","0.000","","0","","","","","0.000","0","2","","0","0","0","0.000","0","0","0","0","0","0","","","","","","0.176","","https://synergyhealth.org/treatment/pain-management/","HTTP Redirect","","","1.1","","","","","","https://synergyhealth.org/providers/jack-belen-md/","2026-08-11 14:05:08"
"https://synergyhealth.org/providers/jeffrey-b-klein-dpm/","https://synergyhealth.org/providers/jeffrey-b-klein-dpm/","text/html; charset=UTF-8","301","Moved Permanently","Non-Indexable","Redirected","","0","0","","0","0","","0","","0","","0","","0","","0","","","","","","","","","","0","0","0","0.000","","0","","","","","0.000","0","2","","0","0","0","0.000","0","0","0","0","0","0","","","","","","0.106","","https://synergyhealth.org/providers/jeffrey-klein-dpm/","HTTP Redirect","","","1.1","","","","","","https://synergyhealth.org/providers/jeffrey-b-klein-dpm/","2026-08-11 14:05:08"
"https://synergyhealth.org/providers/jeffrey-d-mendelson-md/","https://synergyhealth.org/providers/jeffrey-d-mendelson-md/","text/html; charset=UTF-8","301","Moved Permanently","Non-Indexable","Redirected","","0","0","","0","0","","0","","0","","0","","0","","0","","","","","","","","","","0","0","0","0.000","","0","","","","","0.000","0","2","","0","0","0","0.000","0","0","0","0","0","0","","","","","","0.151","","https://synergyhealth.org/providers/jeffrey-mendelson-md/","HTTP Redirect","","","1.1","","","","","","https://synergyhealth.org/providers/jeffrey-d-mendelson-md/","2026-08-11 14:05:08"
"https://synergyhealth.org/providers/jeffrey-klein-dpm/","https://synergyhealth.org/providers/jeffrey-klein-dpm/","text/html; charset=UTF-8","200","OK","Indexable","","Jeffrey B. Klein, DPM | Provider Synergy Health","47","412","Board-certified foot and ankle surgeon with 35+ years of limb salvage expertise—comprehensive care from wound management to complex reconstruction.","147","983","","0","Jeffrey B. Klein, DPM","21","","0","Learn More About Dr. Klein","26","Real Results. Real Stories.","27","index, follow, max-snippet:-1, max-video-preview:-1, max-image-preview:large","","","https://synergyhealth.org/providers/jeffrey-klein-dpm/","","","","","","300659","47337","47337","18.134","","3302","615","5.369","61.034","Normal","10.787","0","2","","25","12","0","5.040","335","219","0","11","7","0","","","","","d878dddf96b2e42ca48d25e7a46fbea2","0.717","Tue, 11 Aug 2026 18:05:09 GMT","","","","en-US","1.1","","","","","","https://synergyhealth.org/providers/jeffrey-klein-dpm/","2026-08-11 14:05:08"
"https://synergyhealth.org/providers/jeffrey-mendelson-md/","https://synergyhealth.org/providers/jeffrey-mendelson-md/","text/html; charset=UTF-8","200","OK","Indexable","","Jeffrey Mendelson, MD | Provider Synergy Health","47","430","Chief of Orthopedic Surgery leading Synergy's comprehensive bone and joint care team with integrated imaging, pain management, and rehabilitation services.","155","1006","","0","Jeffrey Mendelson, MD","21","","0","Learn More About Dr. Mendelson","30","Real Results. Real Stories.","27","index, follow, max-snippet:-1, max-video-preview:-1, max-image-preview:large","","","https://synergyhealth.org/providers/jeffrey-mendelson-md/","","","","","","298064","46244","46244","17.715","","2978","564","5.280","59.406","Fairly Hard","10.215","0","2","","298","238","0","100.000","335","218","0","11","7","0","","","","","a7796d83ab8691dad32df2bf29292e5b","0.514","Tue, 11 Aug 2026 18:05:08 GMT","","","","en-US","1.1","","","","","","https://synergyhealth.org/providers/jeffrey-mendelson-md/","2026-08-11 14:05:08"
"https://synergyhealth.org/providers/jeffrey-r-mendelson-md/","https://synergyhealth.org/providers/jeffrey-r-mendelson-md/","text/html; charset=UTF-8","404","Not Found","Non-Indexable","Client Error","","0","0","","0","0","","0","","0","","0","","0","","0","","","","","","","","","","0","0","0","0.000","","0","","","","","0.000","0","2","","0","0","0","0.000","0","0","0","0","0","0","","","","","","0.529","","","","","","1.1","","","","","","https://synergyhealth.org/providers/jeffrey-r-mendelson-md/","2026-08-11 14:05:08"
"https://synergyhealth.org/providers/jeffrey-varghese-md/","https://synergyhealth.org/providers/jeffrey-varghese-md/","text/html; charset=UTF-8","200","OK","Indexable","","Jeffrey Varghese, MD | Provider Synergy Health","46","416","Fellowship-trained Dr. Jeffrey Varghese spine surgeon specializing in advanced spinal deformity correction and minimally invasive techniques.","141","899","","0","Jeffrey Varghese, MD","20","","0","Learn More About Dr. Varghese","29","Awards & Recognition","20","index, follow, max-snippet:-1, max-video-preview:-1, max-image-preview:large","","","https://synergyhealth.org/providers/jeffrey-varghese-md/","","","","","","305861","48101","48101","18.427","","3290","611","5.385","56.984","Fairly Hard","10.753","0","2","","42","27","0","11.340","335","219","0","11","7","0","","","","","3e3d4456b0e101606981075a3204938a","0.114","Tue, 11 Aug 2026 18:03:14 GMT","","","","en-US","1.1","","","","","","https://synergyhealth.org/providers/jeffrey-varghese-md/","2026-08-11 14:05:08"
"https://synergyhealth.org/providers/joseph-maslak-md/","https://synergyhealth.org/providers/joseph-maslak-md/","text/html; charset=UTF-8","200","OK","Indexable","","Joseph Maslak, MD | Provider Synergy Health","43","401","Dr. Joseph Maslak treats the full range of spine conditions, with particular depth in robotic-assisted spine surgery.","117","717","","0","Joseph Maslak, MD","17","","0","Learn More About Dr. Maslak","27","Real Results. Real Stories.","27","index, follow, max-snippet:-1, max-video-preview:-1, max-image-preview:large","","","https://synergyhealth.org/providers/joseph-maslak-md/","","","","","","303598","47538","47538","18.211","","3025","587","5.153","55.421","Fairly Hard","10.250","0","2","","43","27","0","11.340","347","219","0","11","7","0","","","","","dcc9443e4c993328b36df6e0857a97e3","0.089","Tue, 11 Aug 2026 17:24:30 GMT","","","","en-US","1.1","","","","","","https://synergyhealth.org/providers/joseph-maslak-md/","2026-08-11 14:05:08"
"https://synergyhealth.org/providers/joseph-yacisen-do/","https://synergyhealth.org/providers/joseph-yacisen-do/","text/html; charset=UTF-8","200","OK","Indexable","","Joseph Yacisen, DO | Provider Synergy Health","44","402","Board-certified orthopedic surgeon with over 25 years of experience, including military service and sports medicine expertise at Synergy's comprehensive musculoskeletal centers.","177","1130","","0","Joseph Yacisen, DO","18","","0","Learn More About Dr. Yacisen","28","Real Results. Real Stories.","27","index, follow, max-snippet:-1, max-video-preview:-1, max-image-preview:large","","","https://synergyhealth.org/providers/joseph-yacisen-do/","","","","","","300073","46708","46708","17.893","","3118","579","5.385","58.054","Fairly Hard","10.442","0","2","","795","238","0","100.000","335","218","0","11","7","0","","","","","2b4d23ecbec1801418682e4e2e686fb7","0.111","Tue, 11 Aug 2026 17:25:26 GMT","","","","en-US","1.1","","","","","","https://synergyhealth.org/providers/joseph-yacisen-do/","2026-08-11 14:05:08"
"https://synergyhealth.org/providers/kathleen-blashfield-pta-clt/","https://synergyhealth.org/providers/kathleen-blashfield-pta-clt/","text/html; charset=UTF-8","200","OK","Indexable","","Kathleen Blashfield, PTA, CLT | Provider Synergy Health","55","488","Certified Lymphedema Therapist specializing in women's health and orthopedic recovery—part of Synergy's integrated care team.","125","822","","0","Kathleen Blashfield, PTA, CLT","29","","0","Learn More About Kathleen Blashfield, PTA, CLT","46","What You Can Expect","19","index, follow, max-snippet:-1, max-video-preview:-1, max-image-preview:large","","","https://synergyhealth.org/providers/kathleen-blashfield-pta-clt/","","","","","","258639","41579","41579","15.928","","1958","350","5.594","48.160","Hard","9.490","0","2","","16","5","0","2.100","332","218","0","10","7","0","","","","","64ce045968253fab2f7395087a1d0595","0.630","Tue, 11 Aug 2026 18:05:09 GMT","","","","en-US","1.1","","","","","","https://synergyhealth.org/providers/kathleen-blashfield-pta-clt/","2026-08-11 14:05:08"
"https://synergyhealth.org/providers/kelley-gray-allen-pa-c/","https://synergyhealth.org/providers/kelley-gray-allen-pa-c/","text/html; charset=UTF-8","200","OK","Indexable","","Kelley Gray-Allen, PA-C | Provider Synergy Health","49","426","Board-certified physician assistant with extensive orthopedic experience across multiple specialties—part of Synergy's comprehensive musculoskeletal team.","154","997","","0","Kelley Gray-Allen, PA-C","23","","0","What You Can Expect","19","Understanding These Results","27","index, follow, max-snippet:-1, max-video-preview:-1, max-image-preview:large","","","https://synergyhealth.org/providers/kelley-gray-allen-pa-c/","","","","","","255474","40974","40974","15.696","","1882","338","5.568","48.301","Hard","9.399","0","2","","12","3","0","1.260","332","218","0","10","7","0","","","","","c1929dab7c444e8ead4a4f838645f380","0.572","Tue, 11 Aug 2026 18:05:09 GMT","","","","en-US","1.1","","","","","","https://synergyhealth.org/providers/kelley-gray-allen-pa-c/","2026-08-11 14:05:08"
"https://synergyhealth.org/providers/kellyn-chapman-pa-c/","https://synergyhealth.org/providers/kellyn-chapman-pa-c/","text/html; charset=UTF-8","404","Not Found","Non-Indexable","Client Error","","0","0","","0","0","","0","","0","","0","","0","","0","","","","","","","","","","0","0","0","0.000","","0","","","","","0.000","0","2","","0","0","0","0.000","0","0","0","0","0","0","","","","","","0.526","","","","","","1.1","","","","","","https://synergyhealth.org/providers/kellyn-chapman-pa-c/","2026-08-11 14:05:09"
"https://synergyhealth.org/providers/kennie-brenner-mpt/","https://synergyhealth.org/providers/kennie-brenner-mpt/","text/html; charset=UTF-8","200","OK","Indexable","","Kennie Brenner, MPT | Provider Synergy Health","45","411","Senior physical therapist with 20+ years at Synergy—specializing in post-operative recovery and manual therapy techniques.","122","785","","0","Kennie Brenner, MPT","19","","0","Learn More About Kennie Brenner, MPT","36","What You Can Expect","19","index, follow, max-snippet:-1, max-video-preview:-1, max-image-preview:large","","","https://synergyhealth.org/providers/kennie-brenner-mpt/","","","","","","260047","42050","42050","16.109","","2140","379","5.646","49.022","Hard","9.915","0","2","","16","5","0","2.100","332","218","0","10","7","0","","","","","cf62c9daff40392e1de9c2eab0574b2c","0.487","Tue, 11 Aug 2026 18:05:09 GMT","","","","en-US","1.1","","","","","","https://synergyhealth.org/providers/kennie-brenner-mpt/","2026-08-11 14:05:09"
"https://synergyhealth.org/providers/kevin-lee-md/","https://synergyhealth.org/providers/kevin-lee-md/","text/html; charset=UTF-8","200","OK","Indexable","","Kevin R. Lee, MD | Provider Synergy Health","42","372","Kevin R. Lee, MD is fellowship-trained in both pain management and functional neurosurgery, offering comprehensive minimally invasive treatments to help you avoid more aggressive spine procedures.","196","1274","","0","Kevin R. Lee, MD","16","","0","Learn More About Dr. Lee","24","Real Results. Real Stories.","27","index, follow, max-snippet:-1, max-video-preview:-1, max-image-preview:large","","","https://synergyhealth.org/providers/kevin-lee-md/","","","","","","298255","46373","46373","17.765","","2985","550","5.427","61.828","Normal","10.114","0","2","","21","8","0","3.360","335","219","0","11","7","0","","","","","9234a67625458b19c98a6afd1c3253c","0.097","Tue, 11 Aug 2026 17:41:44 GMT","","","","en-US","1.1","","","","","","https://synergyhealth.org/providers/kevin-lee-md/","2026-08-11 14:05:09"
"https://synergyhealth.org/providers/kevin-r-lee-md/","https://synergyhealth.org/providers/kevin-r-lee-md/","text/html; charset=UTF-8","301","Moved Permanently","Non-Indexable","Redirected","","0","0","","0","0","","0","","0","","0","","0","","0","","","","","","","","","","0","0","0","0.000","","0","","","","","0.000","0","2","","0","0","0","0.000","0","0","0","0","0","0","","","","","","0.083","","https://synergyhealth.org/providers/kevin-lee-md/","HTTP Redirect","","","1.1","","","","","","https://synergyhealth.org/providers/kevin-r-lee-md/","2026-08-11 14:05:09"
"https://synergyhealth.org/providers/kevin-sorensen-dpm/","https://synergyhealth.org/providers/kevin-sorensen-dpm/","text/html; charset=UTF-8","200","OK","Indexable","","Kevin Sorensen, DPM | Provider Synergy Health","45","414","Board-certified podiatrist - Offering surgical and nonsurgical solutions for complex foot and ankle problems- part of Synergy's comprehensive musculoskeletal team.","163","1034","","0","Kevin Sorensen, DPM","19","","0","Learn More About Dr. Sorensen","29","Real Results. Real Stories.","27","index, follow, max-snippet:-1, max-video-preview:-1, max-image-preview:large","","","https://synergyhealth.org/providers/kevin-sorensen-dpm/","","","","","","298318","46932","46932","17.979","","3288","619","5.312","63.788","Normal","10.725","0","2","","263","238","0","100.000","335","218","0","11","7","0","","","","","2bba6e8dcbe260e835d9b907b0a1c84b","0.498","Tue, 11 Aug 2026 18:05:09 GMT","","","","en-US","1.1","","","","","","https://synergyhealth.org/providers/kevin-sorensen-dpm/","2026-08-11 14:05:09"
"https://synergyhealth.org/providers/kristina-e-green-dpm/","https://synergyhealth.org/providers/kristina-e-green-dpm/","text/html; charset=UTF-8","301","Moved Permanently","Non-Indexable","Redirected","","0","0","","0","0","","0","","0","","0","","0","","0","","","","","","","","","","0","0","0","0.000","","0","","","","","0.000","0","2","","0","0","0","0.000","0","0","0","0","0","0","","","","","","0.190","","https://synergyhealth.org/providers/kristina-green-dpm/","HTTP Redirect","","","1.1","","","","","","https://synergyhealth.org/providers/kristina-e-green-dpm/","2026-08-11 14:05:09"
"https://synergyhealth.org/providers/kristina-green-dpm/","https://synergyhealth.org/providers/kristina-green-dpm/","text/html; charset=UTF-8","200","OK","Indexable","","Kristina E. Green, DPM | Provider Synergy Health","48","424","Board-certified podiatrist with 12+ years of experience helping athletes and active patients return to their favorite activities.","129","777","","0","Kristina E. Green, DPM","22","","0","Learn More About Dr. Green","26","Real Results. Real Stories.","27","index, follow, max-snippet:-1, max-video-preview:-1, max-image-preview:large","","","https://synergyhealth.org/providers/kristina-green-dpm/","","","","","","288548","45094","45094","17.275","","2596","492","5.276","60.762","Normal","9.629","0","2","","25","12","0","5.040","335","219","0","11","7","0","","","","","a214ef06a9c38faf7b9e5af01f360493","0.547","Tue, 11 Aug 2026 18:05:10 GMT","","","","en-US","1.1","","","","","","https://synergyhealth.org/providers/kristina-green-dpm/","2026-08-11 14:05:09"
"https://synergyhealth.org/providers/kyle-bohm-md/","https://synergyhealth.org/providers/kyle-bohm-md/","text/html; charset=UTF-8","200","OK","Indexable","","Kyle Bohm, MD | Provider Synergy Health","39","360","Michigan's only hand surgeon offering percutaneous ultrasound-based carpal tunnel release—the newest, least invasive option available.","134","865","","0","Kyle Bohm, MD","13","","0","Learn More About Dr. Bohm","25","Real Results. Real Stories.","27","index, follow, max-snippet:-1, max-video-preview:-1, max-image-preview:large","","","https://synergyhealth.org/providers/kyle-bohm-md/","","","","","","304887","47214","47214","18.087","","3083","576","5.352","61.756","Normal","10.114","0","2","","274","238","0","100.000","335","218","0","11","7","0","","","","","afc4dd27f2dafb60e0a4c900581dfb6a","0.093","Tue, 11 Aug 2026 16:59:22 GMT","","","","en-US","1.1","","","","","","https://synergyhealth.org/providers/kyle-bohm-md/","2026-08-11 14:05:09"
"https://synergyhealth.org/providers/kyle-bohm-md/null/","https://synergyhealth.org/providers/kyle-bohm-md/null/","text/html; charset=UTF-8","404","Not Found","Non-Indexable","Client Error","","0","0","","0","0","","0","","0","","0","","0","","0","","","","","","","","","","0","0","0","0.000","","0","","","","","0.000","0","3","","0","0","0","0.000","0","0","0","0","0","0","","","","","","0.471","","","","","","1.1","","","","","","https://synergyhealth.org/providers/kyle-bohm-md/null/","2026-08-11 14:05:09"
"https://synergyhealth.org/providers/kyle-truscott-dc/","https://synergyhealth.org/providers/kyle-truscott-dc/","text/html; charset=UTF-8","200","OK","Indexable","","Kyle Truscott, DC | Provider Synergy Health","43","377","Advanced chiropractic care integrated with clinical neuroscience—combining spinal alignment with brain-body rehabilitation for optimal recovery.","144","914","","0","Kyle Truscott, DC","17","","0","Learn More About Dr. Truscott","29","What You Can Expect","19","index, follow, max-snippet:-1, max-video-preview:-1, max-image-preview:large","","","https://synergyhealth.org/providers/kyle-truscott-dc/","","","","","","268992","43366","43366","16.613","","2341","418","5.600","44.996","Hard","10.266","0","2","","13","3","0","1.260","334","219","0","11","7","0","","","","","7190ca2d651ccb1724cd5e5d641c4b7d","0.554","Tue, 11 Aug 2026 18:05:10 GMT","","","","en-US","1.1","","","","","","https://synergyhealth.org/providers/kyle-truscott-dc/","2026-08-11 14:05:09"
"https://synergyhealth.org/providers/larisa-joeright-pa-c/","https://synergyhealth.org/providers/larisa-joeright-pa-c/","text/html; charset=UTF-8","200","OK","Indexable","","Larisa Joeright, PA-C | Provider Synergy Health","47","410","Board-certified physician assistant with extensive emergency medicine experience—now bringing that same rapid assessment expertise to orthopedic care at Synergy.","161","1058","","0","Larisa Joeright, PA-C","21","","0","What You Can Expect","19","Understanding These Results","27","index, follow, max-snippet:-1, max-video-preview:-1, max-image-preview:large","","","https://synergyhealth.org/providers/larisa-joeright-pa-c/","","","","","","255822","40993","40993","15.704","","1892","340","5.565","49.694","Hard","9.378","0","2","","12","3","0","1.260","332","218","0","10","7","0","","","","","b470068de30f268e42fd3e609c7c2e44","0.537","Tue, 11 Aug 2026 18:05:10 GMT","","","","en-US","1.1","","","","","","https://synergyhealth.org/providers/larisa-joeright-pa-c/","2026-08-11 14:05:09"
"https://synergyhealth.org/providers/laura-winowiecki-pta-clt-mt/","https://synergyhealth.org/providers/laura-winowiecki-pta-clt-mt/","text/html; charset=UTF-8","200","OK","Indexable","","Laura Winowiecki, PTA, CLT, MT | Provider Synergy Health","56","510","Certified lymphedema therapist specializing in oncology care—part of Synergy's comprehensive rehabilitation team working alongside our orthopedic and spine specialists.","168","1081","","0","Laura Winowiecki, PTA, CLT, MT","30","","0","Learn More About Laura Winowiecki, PTA, CLT, MT","47","What You Can Expect","19","index, follow, max-snippet:-1, max-video-preview:-1, max-image-preview:large","","","https://synergyhealth.org/providers/laura-winowiecki-pta-clt-mt/","","","","","","260250","42064","42064","16.114","","2080","367","5.668","47.786","Hard","9.761","0","2","","16","5","0","2.100","332","218","0","10","7","0","","","","","5b0721bbca798dde2867def1a2b87e2e","0.560","Tue, 11 Aug 2026 18:05:10 GMT","","","","en-US","1.1","","","","","","https://synergyhealth.org/providers/laura-winowiecki-pta-clt-mt/","2026-08-11 14:05:10"
"https://synergyhealth.org/providers/loretta-assalone-otr-l-cht/","https://synergyhealth.org/providers/loretta-assalone-otr-l-cht/","text/html; charset=UTF-8","200","OK","Indexable","","Loretta Assalone, OTR/L, CHT | Provider Synergy Health","54","488","Certified Hand Therapist with expertise in splint fabrication and comprehensive upper extremity rehabilitation—part of Synergy's integrated musculoskeletal care team.","166","1057","","0","Loretta Assalone, OTR/L, CHT","28","","0","Learn More About Loretta Assalone, OTR/L, CHT","45","What You Can Expect","19","index, follow, max-snippet:-1, max-video-preview:-1, max-image-preview:large","","","https://synergyhealth.org/providers/loretta-assalone-otr-l-cht/","","","","","","258799","41555","41555","15.919","","1954","351","5.567","49.563","Hard","9.402","0","2","","16","5","0","2.100","332","218","0","10","7","0","","","","","532733e1f4064f86ca9b12c6ea0b0dd4","0.508","Tue, 11 Aug 2026 18:05:10 GMT","","","","en-US","1.1","","","","","","https://synergyhealth.org/providers/loretta-assalone-otr-l-cht/","2026-08-11 14:05:10"
"https://synergyhealth.org/providers/lucia-zamorano-md-faanos-fics/","https://synergyhealth.org/providers/lucia-zamorano-md-faanos-fics/","text/html; charset=UTF-8","200","OK","Indexable","","Lucia Zamorano, MD, FAANOS, FICS | Provider Synergy Health","58","546","https://www.zocdoc.com/wl/mendelsonortho/doctor/lucia-zamorano-md-705968?LocIdent=387817&reason_visit=418&insuranceCarrier=-1&insurancePlan=-1&dr_specialty=113&isNewPatient=true&searchType=specialty Board Certified Fellowship Trained (855) 750-5757 Lucia Zamorano, MD, FAANOS, FICS is a Clinical Professor of Neurological Surgery at Oakland University William Beaumont School of Medicine and...","394","2670","","0","Lucia Zamorano, MD, FAANOS, FICS","32","","0","Learn More About Dr. Zamorano","29","Schedule Your Visit","19","index, follow, max-snippet:-1, max-video-preview:-1, max-image-preview:large","","","https://synergyhealth.org/providers/lucia-zamorano-md-faanos-fics/","","","","","","249191","41030","41030","15.718","","1915","320","5.984","47.951","Hard","9.630","0","2","","12","3","0","1.260","333","219","0","11","7","0","","","","","262128693bb73bba900be3bf8ce31272","0.512","Tue, 11 Aug 2026 18:05:10 GMT","","","","en-US","1.1","","","","","","https://synergyhealth.org/providers/lucia-zamorano-md-faanos-fics/","2026-08-11 14:05:10"
"https://synergyhealth.org/providers/m-wednesday-hall-do/","https://synergyhealth.org/providers/m-wednesday-hall-do/","text/html; charset=UTF-8","404","Not Found","Non-Indexable","Client Error","","0","0","","0","0","","0","","0","","0","","0","","0","","","","","","","","","","0","0","0","0.000","","0","","","","","0.000","0","2","","0","0","0","0.000","0","0","0","0","0","0","","","","","","0.505","","","","","","1.1","","","","","","https://synergyhealth.org/providers/m-wednesday-hall-do/","2026-08-11 14:05:10"
"https://synergyhealth.org/providers/maria-marcaida-gorospe-pt/","https://synergyhealth.org/providers/maria-marcaida-gorospe-pt/","text/html; charset=UTF-8","200","OK","Indexable","","Maria Marcaida-Gorospe, PT | Provider Synergy Health","52","479","Bilingual physical therapist specializing in orthopedic rehabilitation and geriatric balance disorders—part of Synergy's comprehensive care team since 2013.","156","980","","0","Maria Marcaida-Gorospe, PT","26","","0","Learn More About Maria Marcaida-Gorospe, PT","43","What You Can Expect","19","index, follow, max-snippet:-1, max-video-preview:-1, max-image-preview:large","","","https://synergyhealth.org/providers/maria-marcaida-gorospe-pt/","","","","","","259734","41884","41884","16.045","","2060","372","5.538","45.854","Hard","9.750","0","2","","16","5","0","2.100","332","218","0","10","7","0","","","","","b1630622f0038e8418af7b1ee2ca756d","0.573","Tue, 11 Aug 2026 18:05:11 GMT","","","","en-US","1.1","","","","","","https://synergyhealth.org/providers/maria-marcaida-gorospe-pt/","2026-08-11 14:05:10"
"https://synergyhealth.org/providers/mark-macki-monton-pt/","https://synergyhealth.org/providers/mark-macki-monton-pt/","text/html; charset=UTF-8","200","OK","Indexable","","Mark “Macki” Monton, PT | Provider Synergy Health","49","452","Specializing in orthopedic and sports medicine rehabilitation with advanced movement assessment certifications—part of Synergy's comprehensive care team.","153","1007","","0","Mark “Macki” Monton, PT","23","","0","Learn More About Mark “Macki” Monton, PT","40","What You Can Expect","19","index, follow, max-snippet:-1, max-video-preview:-1, max-image-preview:large","","","https://synergyhealth.org/providers/mark-macki-monton-pt/","","","","","","259915","42141","42141","16.143","","2174","379","5.736","49.636","Hard","9.952","0","2","","16","5","0","2.100","332","218","0","10","7","0","","","","","3037085ac9da94e73b3509fe8f8f7c6b","0.521","Tue, 11 Aug 2026 18:05:11 GMT","","","","en-US","1.1","","","","","","https://synergyhealth.org/providers/mark-macki-monton-pt/","2026-08-11 14:05:10"
"https://synergyhealth.org/providers/martin-j-kornblum-md/","https://synergyhealth.org/providers/martin-j-kornblum-md/","text/html; charset=UTF-8","404","Not Found","Non-Indexable","Client Error","","0","0","","0","0","","0","","0","","0","","0","","0","","","","","","","","","","0","0","0","0.000","","0","","","","","0.000","0","2","","0","0","0","0.000","0","0","0","0","0","0","","","","","","0.575","","","","","","1.1","","","","","","https://synergyhealth.org/providers/martin-j-kornblum-md/","2026-08-11 14:05:10"
"https://synergyhealth.org/providers/martin-kornblum-md/","https://synergyhealth.org/providers/martin-kornblum-md/","text/html; charset=UTF-8","404","Not Found","Non-Indexable","Client Error","","0","0","","0","0","","0","","0","","0","","0","","0","","","","","","","","","","0","0","0","0.000","","0","","","","","0.000","0","2","","0","0","0","0.000","0","0","0","0","0","0","","","","","","0.515","","","","","","1.1","","","","","","https://synergyhealth.org/providers/martin-kornblum-md/","2026-08-11 14:05:10"
"https://synergyhealth.org/providers/max-castoreno-otrl/","https://synergyhealth.org/providers/max-castoreno-otrl/","text/html; charset=UTF-8","200","OK","Indexable","","Max Castoreno, OTRL | Provider Synergy Health","45","417","Specializing in hand therapy with a comprehensive approach to upper extremity rehabilitation and recovery.","106","680","","0","Max Castoreno, OTRL","19","","0","Learn More About Max Castoreno, OTRL","36","What You Can Expect","19","index, follow, max-snippet:-1, max-video-preview:-1, max-image-preview:large","","","https://synergyhealth.org/providers/max-castoreno-otrl/","","","","","","260827","42121","42121","16.136","","2040","363","5.620","48.934","Hard","9.575","0","2","","16","5","0","2.100","333","219","0","10","7","0","","","","","9c5fe22c74103cd70521407a5526e016","0.599","Tue, 11 Aug 2026 18:05:11 GMT","","","","en-US","1.1","","","","","","https://synergyhealth.org/providers/max-castoreno-otrl/","2026-08-11 14:05:10"
"https://synergyhealth.org/providers/mitch-misiak-pa-c/","https://synergyhealth.org/providers/mitch-misiak-pa-c/","text/html; charset=UTF-8","200","OK","Indexable","","Mitch Misiak, PA-C | Provider Synergy Health","44","393","Manager of Ancillary Services bringing integrated care coordination across all Synergy specialties under one roof.","114","715","","0","Mitch Misiak, PA-C","18","","0","Learn More About Dr. Misiak","27","What You Can Expect","19","index, follow, max-snippet:-1, max-video-preview:-1, max-image-preview:large","","","https://synergyhealth.org/providers/mitch-misiak-pa-c/","","","","","","259410","41570","41570","15.925","","1905","348","5.474","50.065","Fairly Hard","9.286","0","2","","12","3","0","1.260","333","219","0","10","7","0","","","","","570b9702b93bdcaeba54cbb4b5424936","0.882","Tue, 11 Aug 2026 18:05:12 GMT","","","","en-US","1.1","","","","","","https://synergyhealth.org/providers/mitch-misiak-pa-c/","2026-08-11 14:05:11"
"https://synergyhealth.org/providers/mohamed-salar-md/","https://synergyhealth.org/providers/mohamed-salar-md/","text/html; charset=UTF-8","200","OK","Indexable","","Mohamed Salar, MD | Provider Synergy Health","43","406","Dr. Mohamed Salar treats the full range of spine conditions, with particular depth in minimally invasive procedures.","116","723","","0","Mohamed Salar, MD","17","","0","Learn More About Dr. Salar","26","Real Results. Real Stories.","27","index, follow, max-snippet:-1, max-video-preview:-1, max-image-preview:large","","","https://synergyhealth.org/providers/mohamed-salar-md/","","","","","","303309","48243","48243","18.481","","3467","630","5.503","59.501","Fairly Hard","11.069","0","2","","279","238","0","100.000","334","218","0","10","7","0","","","","","6d4afffa7e677ac4ab8e365718d6afe1","0.402","Tue, 11 Aug 2026 17:17:07 GMT","","","","en-US","1.1","","","","","","https://synergyhealth.org/providers/mohamed-salar-md/","2026-08-11 14:05:11"
"https://synergyhealth.org/providers/noah-kueber-pt/","https://synergyhealth.org/providers/noah-kueber-pt/","text/html; charset=UTF-8","200","OK","Indexable","","Noah Kueber, PT | Provider Synergy Health","41","374","Part of Synergy's integrated musculoskeletal team—working directly with your orthopedic specialists, pain management physicians, and surgeons under one roof.","157","1021","","0","Noah Kueber, PT","15","","0","Learn More About Noah Kueber, PT","32","What You Can Expect","19","index, follow, max-snippet:-1, max-video-preview:-1, max-image-preview:large","","","https://synergyhealth.org/providers/noah-kueber-pt/","","","","","","259341","41670","41670","15.963","","1971","359","5.490","48.244","Hard","9.489","0","2","","16","5","0","2.100","332","218","0","10","7","0","","","","","35813c98540303cf34dcf1b54517db03","0.974","Tue, 11 Aug 2026 18:05:12 GMT","","","","en-US","1.1","","","","","","https://synergyhealth.org/providers/noah-kueber-pt/","2026-08-11 14:05:11"
"https://synergyhealth.org/providers/noah-kueber/","https://synergyhealth.org/providers/noah-kueber/","text/html; charset=UTF-8","301","Moved Permanently","Non-Indexable","Redirected","","0","0","","0","0","","0","","0","","0","","0","","0","","","","","","","","","","0","0","0","0.000","","0","","","","","0.000","0","2","","0","0","0","0.000","0","0","0","0","0","0","","","","","","0.492","","https://synergyhealth.org/providers/noah-kueber-pt/","HTTP Redirect","","","1.1","","","","","","https://synergyhealth.org/providers/noah-kueber/","2026-08-11 14:05:11"
"https://synergyhealth.org/providers/orthopedics/","https://synergyhealth.org/providers/orthopedics/","text/html; charset=UTF-8","301","Moved Permanently","Non-Indexable","Redirected","","0","0","","0","0","","0","","0","","0","","0","","0","","","","","","","","","","0","0","0","0.000","","0","","","","","0.000","0","2","","0","0","0","0.000","0","0","0","0","0","0","","","","","","0.427","","https://synergyhealth.org/providers/specialty/orthopedics/","HTTP Redirect","","","1.1","","","","","","https://synergyhealth.org/providers/orthopedics/","2026-08-11 14:05:12"
"https://synergyhealth.org/providers/orthopedics/david-h-mendelson-md/","https://synergyhealth.org/providers/orthopedics/david-h-mendelson-md/","text/html; charset=UTF-8","404","Not Found","Non-Indexable","Client Error","","0","0","","0","0","","0","","0","","0","","0","","0","","","","","","","","","","0","0","0","0.000","","0","","","","","0.000","0","3","","0","0","0","0.000","0","0","0","0","0","0","","","","","","0.607","","","","","","1.1","","","","","","https://synergyhealth.org/providers/orthopedics/david-h-mendelson-md/","2026-08-11 14:05:12"
"https://synergyhealth.org/providers/orthopedics/emily-ren-md/","https://synergyhealth.org/providers/orthopedics/emily-ren-md/","text/html; charset=UTF-8","404","Not Found","Non-Indexable","Client Error","","0","0","","0","0","","0","","0","","0","","0","","0","","","","","","","","","","0","0","0","0.000","","0","","","","","0.000","0","3","","0","0","0","0.000","0","0","0","0","0","0","","","","","","0.685","","","","","","1.1","","","","","","https://synergyhealth.org/providers/orthopedics/emily-ren-md/","2026-08-11 14:05:12"
"https://synergyhealth.org/providers/orthopedics/herbert-mendelson-md/","https://synergyhealth.org/providers/orthopedics/herbert-mendelson-md/","text/html; charset=UTF-8","404","Not Found","Non-Indexable","Client Error","","0","0","","0","0","","0","","0","","0","","0","","0","","","","","","","","","","0","0","0","0.000","","0","","","","","0.000","0","3","","0","0","0","0.000","0","0","0","0","0","0","","","","","","1.054","","","","","","1.1","","","","","","https://synergyhealth.org/providers/orthopedics/herbert-mendelson-md/","2026-08-11 14:05:12"
"https://synergyhealth.org/providers/orthopedics/katie-rashid-sports-medicine/","https://synergyhealth.org/providers/orthopedics/katie-rashid-sports-medicine/","text/html; charset=UTF-8","404","Not Found","Non-Indexable","Client Error","","0","0","","0","0","","0","","0","","0","","0","","0","","","","","","","","","","0","0","0","0.000","","0","","","","","0.000","0","3","","0","0","0","0.000","0","0","0","0","0","0","","","","","","0.962","","","","","","1.1","","","","","","https://synergyhealth.org/providers/orthopedics/katie-rashid-sports-medicine/","2026-08-11 14:05:12"
"https://synergyhealth.org/providers/orthopedics/peter-lasater-md/","https://synergyhealth.org/providers/orthopedics/peter-lasater-md/","text/html; charset=UTF-8","404","Not Found","Non-Indexable","Client Error","","0","0","","0","0","","0","","0","","0","","0","","0","","","","","","","","","","0","0","0","0.000","","0","","","","","0.000","0","3","","0","0","0","0.000","0","0","0","0","0","0","","","","","","0.864","","","","","","1.1","","","","","","https://synergyhealth.org/providers/orthopedics/peter-lasater-md/","2026-08-11 14:05:12"
"https://synergyhealth.org/providers/orthopedics/stephen-d-mendelson-md/","https://synergyhealth.org/providers/orthopedics/stephen-d-mendelson-md/","text/html; charset=UTF-8","404","Not Found","Non-Indexable","Client Error","","0","0","","0","0","","0","","0","","0","","0","","0","","","","","","","","","","0","0","0","0.000","","0","","","","","0.000","0","3","","0","0","0","0.000","0","0","0","0","0","0","","","","","","0.796","","","","","","1.1","","","","","","https://synergyhealth.org/providers/orthopedics/stephen-d-mendelson-md/","2026-08-11 14:05:12"
"https://synergyhealth.org/providers/pain-management/anthony-j-oddo-do/","https://synergyhealth.org/providers/pain-management/anthony-j-oddo-do/","text/html; charset=UTF-8","404","Not Found","Non-Indexable","Client Error","","0","0","","0","0","","0","","0","","0","","0","","0","","","","","","","","","","0","0","0","0.000","","0","","","","","0.000","0","3","","0","0","0","0.000","0","0","0","0","0","0","","","","","","0.856","","","","","","1.1","","","","","","https://synergyhealth.org/providers/pain-management/anthony-j-oddo-do/","2026-08-11 14:05:12"
"https://synergyhealth.org/providers/pain-management/daniel-feldman-md/","https://synergyhealth.org/providers/pain-management/daniel-feldman-md/","text/html; charset=UTF-8","404","Not Found","Non-Indexable","Client Error","","0","0","","0","0","","0","","0","","0","","0","","0","","","","","","","","","","0","0","0","0.000","","0","","","","","0.000","0","3","","0","0","0","0.000","0","0","0","0","0","0","","","","","","0.770","","","","","","1.1","","","","","","https://synergyhealth.org/providers/pain-management/daniel-feldman-md/","2026-08-11 14:05:13"
"https://synergyhealth.org/providers/pain-management/eduardo-icaza-md/","https://synergyhealth.org/providers/pain-management/eduardo-icaza-md/","text/html; charset=UTF-8","404","Not Found","Non-Indexable","Client Error","","0","0","","0","0","","0","","0","","0","","0","","0","","","","","","","","","","0","0","0","0.000","","0","","","","","0.000","0","3","","0","0","0","0.000","0","0","0","0","0","0","","","","","","0.785","","","","","","1.1","","","","","","https://synergyhealth.org/providers/pain-management/eduardo-icaza-md/","2026-08-11 14:05:13"
"https://synergyhealth.org/providers/pain-management/jason-mulawa-md/","https://synergyhealth.org/providers/pain-management/jason-mulawa-md/","text/html; charset=UTF-8","301","Moved Permanently","Non-Indexable","Redirected","","0","0","","0","0","","0","","0","","0","","0","","0","","","","","","","","","","0","0","0","0.000","","0","","","","","0.000","0","3","","0","0","0","0.000","0","0","0","0","0","0","","","","","","0.477","","https://synergyhealth.org/treatment/pain-management/","HTTP Redirect","","","1.1","","","","","","https://synergyhealth.org/providers/pain-management/jason-mulawa-md/","2026-08-11 14:05:13"
"https://synergyhealth.org/providers/pain-management/m-wednesday-hall-do/","https://synergyhealth.org/providers/pain-management/m-wednesday-hall-do/","text/html; charset=UTF-8","404","Not Found","Non-Indexable","Client Error","","0","0","","0","0","","0","","0","","0","","0","","0","","","","","","","","","","0","0","0","0.000","","0","","","","","0.000","0","3","","0","0","0","0.000","0","0","0","0","0","0","","","","","","0.781","","","","","","1.1","","","","","","https://synergyhealth.org/providers/pain-management/m-wednesday-hall-do/","2026-08-11 14:05:13"
"https://synergyhealth.org/providers/pearl-dua-pa-c/","https://synergyhealth.org/providers/pearl-dua-pa-c/","text/html; charset=UTF-8","200","OK","Indexable","","Pearl Dua, PA-C | Provider Synergy Health","41","364","Experienced physician assistant delivering comprehensive orthopedic care with extensive training across multiple specialties and advanced certifications.","153","972","","0","Pearl Dua, PA-C","15","","0","What You Can Expect","19","Understanding These Results","27","index, follow, max-snippet:-1, max-video-preview:-1, max-image-preview:large","","","https://synergyhealth.org/providers/pearl-dua-pa-c/","","","","","","255105","40937","40937","15.682","","1893","337","5.617","50.436","Fairly Hard","9.396","0","2","","12","3","0","1.260","332","218","0","10","7","0","","","","","162e11ddfaf43dc479bd1ace31a585dc","0.287","Tue, 11 Aug 2026 17:38:15 GMT","","","","en-US","1.1","","","","","","https://synergyhealth.org/providers/pearl-dua-pa-c/","2026-08-11 14:05:13"
"https://synergyhealth.org/providers/physician-assistant/","https://synergyhealth.org/providers/physician-assistant/","text/html; charset=UTF-8","404","Not Found","Non-Indexable","Client Error","","0","0","","0","0","","0","","0","","0","","0","","0","","","","","","","","","","0","0","0","0.000","","0","","","","","0.000","0","2","","0","0","0","0.000","0","0","0","0","0","0","","","","","","0.878","","","","","","1.1","","","","","","https://synergyhealth.org/providers/physician-assistant/","2026-08-11 14:05:14"
"https://synergyhealth.org/providers/physician-assistant/bradley-coon-pa-c/","https://synergyhealth.org/providers/physician-assistant/bradley-coon-pa-c/","text/html; charset=UTF-8","404","Not Found","Non-Indexable","Client Error","","0","0","","0","0","","0","","0","","0","","0","","0","","","","","","","","","","0","0","0","0.000","","0","","","","","0.000","0","3","","0","0","0","0.000","0","0","0","0","0","0","","","","","","0.785","","","","","","1.1","","","","","","https://synergyhealth.org/providers/physician-assistant/bradley-coon-pa-c/","2026-08-11 14:05:14"
"https://synergyhealth.org/providers/physician-assistant/brittany-miller-pa-c/","https://synergyhealth.org/providers/physician-assistant/brittany-miller-pa-c/","text/html; charset=UTF-8","301","Moved Permanently","Non-Indexable","Redirected","","0","0","","0","0","","0","","0","","0","","0","","0","","","","","","","","","","0","0","0","0.000","","0","","","","","0.000","0","3","","0","0","0","0.000","0","0","0","0","0","0","","","","","","0.472","","https://synergyhealth.org/providers/brittany-miller-pa-c/","HTTP Redirect","","","1.1","","","","","","https://synergyhealth.org/providers/physician-assistant/brittany-miller-pa-c/","2026-08-11 14:05:14"
"https://synergyhealth.org/providers/physician-assistant/courtney-watson-pa-c/","https://synergyhealth.org/providers/physician-assistant/courtney-watson-pa-c/","text/html; charset=UTF-8","404","Not Found","Non-Indexable","Client Error","","0","0","","0","0","","0","","0","","0","","0","","0","","","","","","","","","","0","0","0","0.000","","0","","","","","0.000","0","3","","0","0","0","0.000","0","0","0","0","0","0","","","","","","0.864","","","","","","1.1","","","","","","https://synergyhealth.org/providers/physician-assistant/courtney-watson-pa-c/","2026-08-11 14:05:14"
"https://synergyhealth.org/providers/physician-assistant/jamie-amster-pa-c/","https://synergyhealth.org/providers/physician-assistant/jamie-amster-pa-c/","text/html; charset=UTF-8","404","Not Found","Non-Indexable","Client Error","","0","0","","0","0","","0","","0","","0","","0","","0","","","","","","","","","","0","0","0","0.000","","0","","","","","0.000","0","3","","0","0","0","0.000","0","0","0","0","0","0","","","","","","0.858","","","","","","1.1","","","","","","https://synergyhealth.org/providers/physician-assistant/jamie-amster-pa-c/","2026-08-11 14:05:14"
"https://synergyhealth.org/providers/physician-assistant/kelley-gray-allen-pa-c/","https://synergyhealth.org/providers/physician-assistant/kelley-gray-allen-pa-c/","text/html; charset=UTF-8","301","Moved Permanently","Non-Indexable","Redirected","","0","0","","0","0","","0","","0","","0","","0","","0","","","","","","","","","","0","0","0","0.000","","0","","","","","0.000","0","3","","0","0","0","0.000","0","0","0","0","0","0","","","","","","0.498","","https://synergyhealth.org/providers/kelley-gray-allen-pa-c/","HTTP Redirect","","","1.1","","","","","","https://synergyhealth.org/providers/physician-assistant/kelley-gray-allen-pa-c/","2026-08-11 14:05:14"
"https://synergyhealth.org/providers/physician-assistant/natalie-arnold-pa-c/","https://synergyhealth.org/providers/physician-assistant/natalie-arnold-pa-c/","text/html; charset=UTF-8","404","Not Found","Non-Indexable","Client Error","","0","0","","0","0","","0","","0","","0","","0","","0","","","","","","","","","","0","0","0","0.000","","0","","","","","0.000","0","3","","0","0","0","0.000","0","0","0","0","0","0","","","","","","1.156","","","","","","1.1","","","","","","https://synergyhealth.org/providers/physician-assistant/natalie-arnold-pa-c/","2026-08-11 14:05:14"
"https://synergyhealth.org/providers/physician-assistant/sarah-havens-pa-c/","https://synergyhealth.org/providers/physician-assistant/sarah-havens-pa-c/","text/html; charset=UTF-8","404","Not Found","Non-Indexable","Client Error","","0","0","","0","0","","0","","0","","0","","0","","0","","","","","","","","","","0","0","0","0.000","","0","","","","","0.000","0","3","","0","0","0","0.000","0","0","0","0","0","0","","","","","","1.165","","","","","","1.1","","","","","","https://synergyhealth.org/providers/physician-assistant/sarah-havens-pa-c/","2026-08-11 14:05:14"
"https://synergyhealth.org/providers/podiatry/jeffrey-b-klein-dpm/","https://synergyhealth.org/providers/podiatry/jeffrey-b-klein-dpm/","text/html; charset=UTF-8","404","Not Found","Non-Indexable","Client Error","","0","0","","0","0","","0","","0","","0","","0","","0","","","","","","","","","","0","0","0","0.000","","0","","","","","0.000","0","3","","0","0","0","0.000","0","0","0","0","0","0","","","","","","0.955","","","","","","1.1","","","","","","https://synergyhealth.org/providers/podiatry/jeffrey-b-klein-dpm/","2026-08-11 14:05:15"
"https://synergyhealth.org/providers/preetinder-bhullar-md/","https://synergyhealth.org/providers/preetinder-bhullar-md/","text/html; charset=UTF-8","200","OK","Indexable","","Preetinder Bhullar, MD | Provider Synergy Health","48","422","Fellowship-trained orthopedic surgeon specializing in advanced hip and knee replacement procedures with Synergy's comprehensive team.","133","882","","0","Preetinder Bhullar, MD","22","","0","Learn More About Dr. Bhullar","28","Real Results. Real Stories.","27","index, follow, max-snippet:-1, max-video-preview:-1, max-image-preview:large","","","https://synergyhealth.org/providers/preetinder-bhullar-md/","","","","","","309351","49766","49766","19.064","","4044","705","5.736","62.753","Normal","11.867","0","2","","523","238","0","100.000","335","218","0","13","9","0","","","","","3a5b23453eee874344f9333b643633bc","1.154","Tue, 11 Aug 2026 18:05:16 GMT","","","","en-US","1.1","","","","","","https://synergyhealth.org/providers/preetinder-bhullar-md/","2026-08-11 14:05:15"
"https://synergyhealth.org/providers/rachel-gracz-pt-ot-manager/","https://synergyhealth.org/providers/rachel-gracz-pt-ot-manager/","text/html; charset=UTF-8","404","Not Found","Non-Indexable","Client Error","","0","0","","0","0","","0","","0","","0","","0","","0","","","","","","","","","","0","0","0","0.000","","0","","","","","0.000","0","2","","0","0","0","0.000","0","0","0","0","0","0","","","","","","0.861","","","","","","1.1","","","","","","https://synergyhealth.org/providers/rachel-gracz-pt-ot-manager/","2026-08-11 14:05:15"
"https://synergyhealth.org/providers/randy-leff-dpm/","https://synergyhealth.org/providers/randy-leff-dpm/","text/html; charset=UTF-8","200","OK","Indexable","","Randy Leff, DPM | Provider Synergy Health","41","373","Board-certified podiatrist specializing in minimally invasive forefoot reconstruction with regenerative therapy options—all within Synergy's comprehensive care model.","166","1047","","0","Randy Leff, DPM","15","","0","Learn More About Dr. Leff","25","Real Results. Real Stories.","27","index, follow, max-snippet:-1, max-video-preview:-1, max-image-preview:large","","","https://synergyhealth.org/providers/randy-leff-dpm/","","","","","","298238","47329","47329","18.131","","3409","650","5.245","60.404","Normal","11.136","0","2","","263","238","0","100.000","334","218","0","10","7","0","","","","","63d0363acb71a71a20223f03ea133c1b","0.483","Tue, 11 Aug 2026 17:57:37 GMT","","","","en-US","1.1","","","","","","https://synergyhealth.org/providers/randy-leff-dpm/","2026-08-11 14:05:16"
"https://synergyhealth.org/providers/rasheed-abiola-md/","https://synergyhealth.org/providers/rasheed-abiola-md/","text/html; charset=UTF-8","404","Not Found","Non-Indexable","Client Error","","0","0","","0","0","","0","","0","","0","","0","","0","","","","","","","","","","0","0","0","0.000","","0","","","","","0.000","0","2","","0","0","0","0.000","0","0","0","0","0","0","","","","","","0.763","","","","","","1.1","","","","","","https://synergyhealth.org/providers/rasheed-abiola-md/","2026-08-11 14:05:16"
"https://synergyhealth.org/providers/rebecca-oros-pta-lmt/","https://synergyhealth.org/providers/rebecca-oros-pta-lmt/","text/html; charset=UTF-8","404","Not Found","Non-Indexable","Client Error","","0","0","","0","0","","0","","0","","0","","0","","0","","","","","","","","","","0","0","0","0.000","","0","","","","","0.000","0","2","","0","0","0","0.000","0","0","0","0","0","0","","","","","","0.762","","","","","","1.1","","","","","","https://synergyhealth.org/providers/rebecca-oros-pta-lmt/","2026-08-11 14:05:16"
"https://synergyhealth.org/providers/rheumatology/shironda-stewart-md/","https://synergyhealth.org/providers/rheumatology/shironda-stewart-md/","text/html; charset=UTF-8","404","Not Found","Non-Indexable","Client Error","","0","0","","0","0","","0","","0","","0","","0","","0","","","","","","","","","","0","0","0","0.000","","0","","","","","0.000","0","3","","0","0","0","0.000","0","0","0","0","0","0","","","","","","0.677","","","","","","1.1","","","","","","https://synergyhealth.org/providers/rheumatology/shironda-stewart-md/","2026-08-11 14:05:16"
"https://synergyhealth.org/providers/samantha-houle-pa-c/","https://synergyhealth.org/providers/samantha-houle-pa-c/","text/html; charset=UTF-8","200","OK","Indexable","","Samantha Houle, PA-C | Provider Synergy Health","46","427","Comprehensive physician assistant care with specialized training in orthopedics and patient-centered treatment—backed by Synergy's full team of specialists.","156","999","","0","Samantha Houle, PA-C","20","","0","Learn More About Dr. Houle","26","What You Can Expect","19","index, follow, max-snippet:-1, max-video-preview:-1, max-image-preview:large","","","https://synergyhealth.org/providers/samantha-houle-pa-c/","","","","","","257287","41653","41653","15.956","","2020","359","5.627","49.221","Hard","9.710","0","2","","12","3","0","1.260","332","218","0","10","7","0","","","","","ded6ce5a48f5501096b5ce5f27d10d0a","0.767","Tue, 11 Aug 2026 18:05:17 GMT","","","","en-US","1.1","","","","","","https://synergyhealth.org/providers/samantha-houle-pa-c/","2026-08-11 14:05:16"
"https://synergyhealth.org/providers/scott-mccarty-md/","https://synergyhealth.org/providers/scott-mccarty-md/","text/html; charset=UTF-8","200","OK","Indexable","","Scott McCarty, MD | Provider Synergy Health","43","390","Dr. Scott McCarty is a member of Synergy’s integrated spine team—imaging, pain management, PT, and surgery under one roof.","122","811","","0","Scott McCarty, MD","17","","0","Learn More About Dr. McCarty","28","Awards & Recognition","20","index, follow, max-snippet:-1, max-video-preview:-1, max-image-preview:large","","","https://synergyhealth.org/providers/scott-mccarty-md/","","","","","","302082","48781","48781","18.687","","3579","656","5.456","59.777","Fairly Hard","11.322","0","2","","287","238","0","100.000","335","218","0","11","7","0","","","","","553f4b9117dfc0fb96a2ec1b1981dc7","0.374","Tue, 11 Aug 2026 18:05:16 GMT","","","","en-US","1.1","","","","","","https://synergyhealth.org/providers/scott-mccarty-md/","2026-08-11 14:05:16"
"https://synergyhealth.org/providers/simon-gappe-dpt-fgs/","https://synergyhealth.org/providers/simon-gappe-dpt-fgs/","text/html; charset=UTF-8","301","Moved Permanently","Non-Indexable","Redirected","","0","0","","0","0","","0","","0","","0","","0","","0","","","","","","","","","","0","0","0","0.000","","0","","","","","0.000","0","2","","0","0","0","0.000","0","0","0","0","0","0","","","","","","0.588","","https://synergyhealth.org/providers/simon-gappe-pt-dpt/","HTTP Redirect","","","1.1","","","","","","https://synergyhealth.org/providers/simon-gappe-dpt-fgs/","2026-08-11 14:05:16"
"https://synergyhealth.org/providers/simon-gappe-pt-dpt/","https://synergyhealth.org/providers/simon-gappe-pt-dpt/","text/html; charset=UTF-8","200","OK","Indexable","","Simon Gappe, PT, DPT | Provider Synergy Health","46","425","Sports medicine specialist with Functional Golf Specialist certification—part of Synergy's integrated orthopedic team for complete musculoskeletal care.","152","959","","0","Simon Gappe, PT, DPT","20","","0","Learn More About Simon Gappe, PT, DPT","37","What You Can Expect","19","index, follow, max-snippet:-1, max-video-preview:-1, max-image-preview:large","","","https://synergyhealth.org/providers/simon-gappe-pt-dpt/","","","","","","261879","42342","42342","16.220","","2089","370","5.646","49.399","Hard","9.683","0","2","","16","5","0","2.100","333","219","0","10","7","0","","","","","a5364476313e79ba75598f3fded273a","0.970","Tue, 11 Aug 2026 18:05:17 GMT","","","","en-US","1.1","","","","","","https://synergyhealth.org/providers/simon-gappe-pt-dpt/","2026-08-11 14:05:16"
"https://synergyhealth.org/providers/specialty/foot-ankle/","https://synergyhealth.org/providers/specialty/foot-ankle/","text/html; charset=UTF-8","200","OK","Non-Indexable","Canonicalised","Find a Foot & Ankle Specialist in Michigan | Synergy Health","59","518","Search Synergy Health providers by specialty, condition, and location. Same-week orthopedic and spine appointments in Michigan.","127","826","","0","Find A Foot & Ankle Specialist","30","","0","All Providers","13","Get Imaging Without the Hospital Hassle","39","follow, index","","","https://synergyhealth.org/providers/","https://synergyhealth.org/providers/page/2/","","","","","270345","37899","37899","14.518","","1735","310","5.597","51.654","Fairly Hard","8.779","0","3","","261","238","0","100.000","353","220","0","8","6","0","","","","","da8bde0f9934ff1893b5974188cd1cc3","0.968","Tue, 11 Aug 2026 18:05:17 GMT","","","","en-US","1.1","","","","","","https://synergyhealth.org/providers/specialty/foot-ankle/","2026-08-11 14:05:16"
"https://synergyhealth.org/providers/specialty/hand-wrist/","https://synergyhealth.org/providers/specialty/hand-wrist/","text/html; charset=UTF-8","200","OK","Non-Indexable","Canonicalised","Find a Hand & Wrist Specialist in Michigan | Synergy Health","59","522","Search Synergy Health providers by specialty, condition, and location. Same-week orthopedic and spine appointments in Michigan.","127","826","","0","Find A Hand & Wrist Specialist","30","","0","All Providers","13","Get Imaging Without the Hospital Hassle","39","follow, index","","","https://synergyhealth.org/providers/","https://synergyhealth.org/providers/page/2/","","","","","255548","37531","37531","14.377","","1744","298","5.852","51.147","Fairly Hard","9.155","0","3","","270","238","0","100.000","345","217","0","8","6","0","","","","","104496d3f1b332f77d394bb9fae65077","0.419","Tue, 11 Aug 2026 16:30:58 GMT","","","","en-US","1.1","","","","","","https://synergyhealth.org/providers/specialty/hand-wrist/","2026-08-11 14:05:17"
"https://synergyhealth.org/providers/specialty/hip/","https://synergyhealth.org/providers/specialty/hip/","text/html; charset=UTF-8","200","OK","Non-Indexable","Canonicalised","Find a Hip Specialist in Michigan | Synergy Health","50","437","Search Synergy Health providers by specialty, condition, and location. Same-week orthopedic and spine appointments in Michigan.","127","826","","0","Find A Hip Specialist","21","","0","All Providers","13","Your First Visit, Made Simple","29","follow, index","","","https://synergyhealth.org/providers/","https://synergyhealth.org/providers/page/2/","","","","","281957","38433","38433","14.723","","1810","316","5.728","52.060","Fairly Hard","8.649","0","3","","21","16","0","6.720","357","220","0","8","6","0","","","","","4b1dd270a5c8e6f38eaf67839191bfbc","1.075","Tue, 11 Aug 2026 18:05:18 GMT","","","","en-US","1.1","","","","","","https://synergyhealth.org/providers/specialty/hip/","2026-08-11 14:05:17"
"https://synergyhealth.org/providers/specialty/knee/","https://synergyhealth.org/providers/specialty/knee/","text/html; charset=UTF-8","200","OK","Non-Indexable","Canonicalised","Find a Knee Specialist in Michigan | Synergy Health","51","451","Search Synergy Health providers by specialty, condition, and location. Same-week orthopedic and spine appointments in Michigan.","127","826","","0","Find A Knee Specialist","22","","0","All Providers","13","In Pain Today? Get Seen Fast.","29","follow, index","","","https://synergyhealth.org/providers/","https://synergyhealth.org/providers/page/2/","","","","","291349","38894","38894","14.900","","1835","322","5.699","52.643","Fairly Hard","8.474","0","3","","22","17","0","7.140","361","220","0","8","6","0","","","","","bc1e1eec81d4c266f58a9c47c32f62e8","0.504","Tue, 11 Aug 2026 16:40:55 GMT","","","","en-US","1.1","","","","","","https://synergyhealth.org/providers/specialty/knee/","2026-08-11 14:05:17"
"https://synergyhealth.org/providers/specialty/occupational-therapy/","https://synergyhealth.org/providers/specialty/occupational-therapy/","text/html; charset=UTF-8","200","OK","Non-Indexable","Canonicalised","Find a Occupational Therapy Specialist in Michigan | Synergy Health","67","601","Search Synergy Health providers by specialty, condition, and location. Same-week orthopedic and spine appointments in Michigan.","127","826","","0","Find A Occupational Therapy Specialist","38","","0","All Providers","13","Ready for Answers? Your Recovery Journey Starts Here","52","follow, index","","","https://synergyhealth.org/providers/","https://synergyhealth.org/providers/page/2/","","","","","257230","37341","37341","14.305","","1708","299","5.712","48.826","Hard","9.077","0","3","","7","2","0","0.840","349","222","0","8","6","0","","","","","2326e835e2f469cb2e9236672b863511","0.684","Tue, 11 Aug 2026 18:05:18 GMT","","","","en-US","1.1","","","","","","https://synergyhealth.org/providers/specialty/occupational-therapy/","2026-08-11 14:05:17"
"https://synergyhealth.org/providers/specialty/orthopedics/","https://synergyhealth.org/providers/specialty/orthopedics/","text/html; charset=UTF-8","200","OK","Non-Indexable","Canonicalised","Find a Orthopedic Services Specialist in Michigan | Synergy Health","66","582","Search Synergy Health providers by specialty, condition, and location. Same-week orthopedic and spine appointments in Michigan.","127","826","","0","Find A Orthopedic Services Specialist","37","","0","All Providers","13","Find the Right Specialist for Your Pain","39","follow, index","","","https://synergyhealth.org/providers/","https://synergyhealth.org/providers/page/2/","","","","","291111","38841","38841","14.879","","1836","322","5.702","52.445","Fairly Hard","8.492","0","3","","1200","238","0","100.000","361","219","0","8","6","0","","","","","bad2917ff9d18f57137cd7bfe6836431","0.750","Tue, 11 Aug 2026 18:05:18 GMT","","","","en-US","1.1","","","","","","https://synergyhealth.org/providers/specialty/orthopedics/","2026-08-11 14:05:18"
"https://synergyhealth.org/providers/specialty/pain-management/","https://synergyhealth.org/providers/specialty/pain-management/","text/html; charset=UTF-8","200","OK","Non-Indexable","Canonicalised","Find a Pain Management Specialist in Michigan | Synergy Health","62","570","Search Synergy Health providers by specialty, condition, and location. Same-week orthopedic and spine appointments in Michigan.","127","826","","0","Find A Pain Management Specialist","33","","0","All Providers","13","Find the Right Specialist for Your Pain","39","follow, index","","","https://synergyhealth.org/providers/","https://synergyhealth.org/providers/page/2/","","","","","265830","37919","37919","14.526","","1740","306","5.686","49.950","Hard","8.882","0","3","","10","5","0","2.100","349","222","0","8","6","0","","","","","5e4d55fff64de7981320127656cc2959","0.780","Tue, 11 Aug 2026 18:05:18 GMT","","","","en-US","1.1","","","","","","https://synergyhealth.org/providers/specialty/pain-management/","2026-08-11 14:05:18"
"https://synergyhealth.org/providers/specialty/pcp/","https://synergyhealth.org/providers/specialty/pcp/","text/html; charset=UTF-8","200","OK","Non-Indexable","Canonicalised","Find a Primary Care Physician Specialist in Michigan | Synergy Health","69","612","Search Synergy Health providers by specialty, condition, and location. Same-week orthopedic and spine appointments in Michigan.","127","826","","0","Find A Primary Care Physician Specialist","40","","0","All Providers","13","In Pain Today? Get Seen Fast.","29","follow, index","","","https://synergyhealth.org/providers/","https://synergyhealth.org/providers/page/2/","","","","","235928","36252","36252","13.887","","1681","284","5.919","49.091","Hard","9.592","0","3","","7","2","0","0.840","337","219","0","8","6","0","","","","","54548cb10675d1a532b361c409a8e0c1","0.783","Tue, 11 Aug 2026 18:05:19 GMT","","","","en-US","1.1","","","","","","https://synergyhealth.org/providers/specialty/pcp/","2026-08-11 14:05:18"
"https://synergyhealth.org/providers/specialty/physical-therapy/","https://synergyhealth.org/providers/specialty/physical-therapy/","text/html; charset=UTF-8","200","OK","Non-Indexable","Canonicalised","Find a Physical Therapy Specialist in Michigan | Synergy Health","63","558","Search Synergy Health providers by specialty, condition, and location. Same-week orthopedic and spine appointments in Michigan.","127","826","","0","Find A Physical Therapy Specialist","34","","0","All Providers","13","Get Imaging Without the Hospital Hassle","39","follow, index","","","https://synergyhealth.org/providers/","https://synergyhealth.org/providers/page/2/","","","","","378960","42109","42109","16.131","","1889","385","4.906","51.644","Fairly Hard","7.075","0","3","","7","2","0","0.840","417","239","0","8","6","0","","","","","b443a29573917792618c4377fc0e8ded","0.957","Tue, 11 Aug 2026 18:05:19 GMT","","","","en-US","1.1","","","","","","https://synergyhealth.org/providers/specialty/physical-therapy/","2026-08-11 14:05:18"
"https://synergyhealth.org/providers/specialty/shoulder-elbow/","https://synergyhealth.org/providers/specialty/shoulder-elbow/","text/html; charset=UTF-8","200","OK","Non-Indexable","Canonicalised","Find a Shoulder & Elbow Specialist in Michigan | Synergy Health","63","561","Search Synergy Health providers by specialty, condition, and location. Same-week orthopedic and spine appointments in Michigan.","127","826","","0","Find A Shoulder & Elbow Specialist","34","","0","All Providers","13","Ready for Answers? Your Recovery Journey Starts Here","52","follow, index","","","https://synergyhealth.org/providers/","https://synergyhealth.org/providers/page/2/","","","","","282145","38442","38442","14.726","","1817","316","5.750","52.332","Fairly Hard","8.640","0","3","","29","24","0","10.080","357","220","0","8","6","0","","","","","bb7176b4eb731ded85174cae07cd2a41","0.971","Tue, 11 Aug 2026 18:05:19 GMT","","","","en-US","1.1","","","","","","https://synergyhealth.org/providers/specialty/shoulder-elbow/","2026-08-11 14:05:18"
"https://synergyhealth.org/providers/specialty/spine-neck-back/","https://synergyhealth.org/providers/specialty/spine-neck-back/","text/html; charset=UTF-8","200","OK","Non-Indexable","Canonicalised","Providers | Synergy Health","26","231","Search Synergy Health providers by specialty, condition, and location. Same-week orthopedic and spine appointments in Michigan.","127","826","","0","Find A Doctor","13","","0","All Providers","13","Find the Right Specialist for Your Pain","39","follow, index","","","https://synergyhealth.org/providers/","https://synergyhealth.org/providers/page/2/","","","","","759171","57311","57311","21.955","","2546","641","3.972","59.489","Fairly Hard","4.566","0","3","","249","238","0","100.000","601","274","0","8","6","0","","","","","ed2f6d161bd26b0a3d4e75d7b3f40a81","1.155","Tue, 11 Aug 2026 18:05:20 GMT","","","","en-US","1.1","","","","","","https://synergyhealth.org/providers/specialty/spine-neck-back/","2026-08-11 14:05:19"
"https://synergyhealth.org/providers/specialty/spine/","https://synergyhealth.org/providers/specialty/spine/","text/html; charset=UTF-8","200","OK","Non-Indexable","Canonicalised","Find a Spine, Neck & Back Specialist in Michigan | Synergy Health","65","578","Search Synergy Health providers by specialty, condition, and location. Same-week orthopedic and spine appointments in Michigan.","127","826","","0","Find A Spine, Neck & Back Specialist","36","","0","All Providers","13","In Pain Today? Get Seen Fast.","29","follow, index","","","https://synergyhealth.org/providers/","https://synergyhealth.org/providers/page/2/","","","","","273022","37958","37958","14.541","","1761","309","5.699","51.980","Fairly Hard","8.740","0","3","","43","38","0","15.970","353","221","0","8","6","0","","","","","df8611322a30ca35346555bb0dc218ca","0.213","Tue, 11 Aug 2026 16:16:16 GMT","","","","en-US","1.1","","","","","","https://synergyhealth.org/providers/specialty/spine/","2026-08-11 14:05:19"
"https://synergyhealth.org/providers/specialty/sports/","https://synergyhealth.org/providers/specialty/sports/","text/html; charset=UTF-8","200","OK","Non-Indexable","Canonicalised","Find a Sports Medicine Specialist in Michigan | Synergy Health","62","550","Search Synergy Health providers by specialty, condition, and location. Same-week orthopedic and spine appointments in Michigan.","127","826","","0","Find A Sports Medicine Specialist","33","","0","All Providers","13","Find the Right Specialist for Your Pain","39","follow, index","","","https://synergyhealth.org/providers/","https://synergyhealth.org/providers/page/2/","","","","","245661","37029","37029","14.185","","1720","291","5.911","50.622","Fairly Hard","9.387","0","3","","7","2","0","0.840","341","218","0","8","6","0","","","","","688b358b7a671140a0bf21f1868202f6","0.711","Tue, 11 Aug 2026 18:05:20 GMT","","","","en-US","1.1","","","","","","https://synergyhealth.org/providers/specialty/sports/","2026-08-11 14:05:19"
"https://synergyhealth.org/providers/spencer-poshadlo-pa-c/","https://synergyhealth.org/providers/spencer-poshadlo-pa-c/","text/html; charset=UTF-8","200","OK","Indexable","","Spencer Poshadlo, PA-C | Provider Synergy Health","48","439","Board-certified physician assistant providing comprehensive musculoskeletal care with Synergy's integrated team approach—from diagnosis to recovery, all under one roof.","168","1085","","0","Spencer Poshadlo, PA-C","22","","0","Learn More About Dr. Poshadlo","29","What You Can Expect","19","index, follow, max-snippet:-1, max-video-preview:-1, max-image-preview:large","","","https://synergyhealth.org/providers/spencer-poshadlo-pa-c/","","","","","","260001","41764","41764","15.999","","1926","350","5.503","48.258","Hard","9.346","0","2","","12","3","0","1.260","333","219","0","10","7","0","","","","","bb5654e37ba17e4a39fd8da81b3c8fd1","0.786","Tue, 11 Aug 2026 18:05:20 GMT","","","","en-US","1.1","","","","","","https://synergyhealth.org/providers/spencer-poshadlo-pa-c/","2026-08-11 14:05:19"
"https://synergyhealth.org/providers/spine/joel-phillips-md/","https://synergyhealth.org/providers/spine/joel-phillips-md/","text/html; charset=UTF-8","404","Not Found","Non-Indexable","Client Error","","0","0","","0","0","","0","","0","","0","","0","","0","","","","","","","","","","0","0","0","0.000","","0","","","","","0.000","0","3","","0","0","0","0.000","0","0","0","0","0","0","","","","","","0.780","","","","","","1.1","","","","","","https://synergyhealth.org/providers/spine/joel-phillips-md/","2026-08-11 14:05:19"
"https://synergyhealth.org/providers/stephen-d-mendelson-md/","https://synergyhealth.org/providers/stephen-d-mendelson-md/","text/html; charset=UTF-8","301","Moved Permanently","Non-Indexable","Redirected","","0","0","","0","0","","0","","0","","0","","0","","0","","","","","","","","","","0","0","0","0.000","","0","","","","","0.000","0","2","","0","0","0","0.000","0","0","0","0","0","0","","","","","","0.283","","https://synergyhealth.org/providers/stephen-mendelson-md/","HTTP Redirect","","","1.1","","","","","","https://synergyhealth.org/providers/stephen-d-mendelson-md/","2026-08-11 14:05:20"
"https://synergyhealth.org/providers/stephen-e-mendelson-md/","https://synergyhealth.org/providers/stephen-e-mendelson-md/","text/html; charset=UTF-8","404","Not Found","Non-Indexable","Client Error","","0","0","","0","0","","0","","0","","0","","0","","0","","","","","","","","","","0","0","0","0.000","","0","","","","","0.000","0","2","","0","0","0","0.000","0","0","0","0","0","0","","","","","","0.614","","","","","","1.1","","","","","","https://synergyhealth.org/providers/stephen-e-mendelson-md/","2026-08-11 14:05:20"
"https://synergyhealth.org/providers/stephen-mendelson-md/","https://synergyhealth.org/providers/stephen-mendelson-md/","text/html; charset=UTF-8","200","OK","Indexable","","Stephen Mendelson, MD | Provider Synergy Health","47","441","Board-certified orthopedic surgeon with fellowship training in Israel—offering comprehensive musculoskeletal care within Synergy's integrated approach.","151","966","","0","Stephen Mendelson, MD","21","","0","Learn More About Dr. Mendelson","30","Real Results. Real Stories.","27","index, follow, max-snippet:-1, max-video-preview:-1, max-image-preview:large","","","https://synergyhealth.org/providers/stephen-mendelson-md/","","","","","","298772","46663","46663","17.876","","3069","588","5.219","60.565","Normal","10.377","0","2","","318","238","0","100.000","334","218","0","11","7","0","","","","","89dfd82d59a596d8b56937477aabf77e","0.475","Tue, 11 Aug 2026 16:34:48 GMT","","","","en-US","1.1","","","","","","https://synergyhealth.org/providers/stephen-mendelson-md/","2026-08-11 14:05:20"
"https://synergyhealth.org/providers/steven-acker-do/","https://synergyhealth.org/providers/steven-acker-do/","text/html; charset=UTF-8","301","Moved Permanently","Non-Indexable","Redirected","","0","0","","0","0","","0","","0","","0","","0","","0","","","","","","","","","","0","0","0","0.000","","0","","","","","0.000","0","2","","0","0","0","0.000","0","0","0","0","0","0","","","","","","0.244","","https://synergyhealth.org/providers/specialty/orthopedics/","HTTP Redirect","","","1.1","","","","","","https://synergyhealth.org/providers/steven-acker-do/","2026-08-11 14:05:20"
"https://synergyhealth.org/providers/sue-cash-pt/","https://synergyhealth.org/providers/sue-cash-pt/","text/html; charset=UTF-8","200","OK","Indexable","","Sue Cash, PT | Provider Synergy Health","38","343","Part of Synergy's integrated musculoskeletal team—combining 25+ years of orthopedic expertise with advanced certifications in functional movement and spine care.","161","1048","","0","Sue Cash, PT","12","","0","Learn More About Sue Cash, PT","29","What You Can Expect","19","index, follow, max-snippet:-1, max-video-preview:-1, max-image-preview:large","","","https://synergyhealth.org/providers/sue-cash-pt/","","","","","","259561","41811","41811","16.017","","2018","364","5.544","49.951","Hard","9.575","0","2","","16","5","0","2.100","332","218","0","10","7","0","","","","","31a5e3bab7ecf379d54c8e42d671c3a5","0.300","Tue, 11 Aug 2026 18:05:20 GMT","","","","en-US","1.1","","","","","","https://synergyhealth.org/providers/sue-cash-pt/","2026-08-11 14:05:20"
"https://synergyhealth.org/providers/sue-piotrowski-pt/","https://synergyhealth.org/providers/sue-piotrowski-pt/","text/html; charset=UTF-8","301","Moved Permanently","Non-Indexable","Redirected","","0","0","","0","0","","0","","0","","0","","0","","0","","","","","","","","","","0","0","0","0.000","","0","","","","","0.000","0","2","","0","0","0","0.000","0","0","0","0","0","0","","","","","","0.491","","https://synergyhealth.org/providers/sue-piotrowski-pta/","HTTP Redirect","","","1.1","","","","","","https://synergyhealth.org/providers/sue-piotrowski-pt/","2026-08-11 14:05:20"
"https://synergyhealth.org/providers/sue-piotrowski-pta/","https://synergyhealth.org/providers/sue-piotrowski-pta/","text/html; charset=UTF-8","200","OK","Indexable","","Sue Piotrowski, PTA | Provider Synergy Health","45","404","Licensed Athletic Trainer and PTA with over 35 years of experience—part of Synergy's comprehensive musculoskeletal team.","120","792","","0","Sue Piotrowski, PTA","19","","0","Learn More About Sue Piotrowski, PTA","36","What You Can Expect","19","index, follow, max-snippet:-1, max-video-preview:-1, max-image-preview:large","","","https://synergyhealth.org/providers/sue-piotrowski-pta/","","","","","","259221","41917","41917","16.058","","2089","371","5.631","51.075","Fairly Hard","9.739","0","2","","16","5","0","2.100","332","218","0","10","7","0","","","","","d5ff3567bf15f85479236db1c1609500","0.863","Tue, 11 Aug 2026 18:05:21 GMT","","","","en-US","1.1","","","","","","https://synergyhealth.org/providers/sue-piotrowski-pta/","2026-08-11 14:05:20"
"https://synergyhealth.org/providers/terry-viviani-dc/","https://synergyhealth.org/providers/terry-viviani-dc/","text/html; charset=UTF-8","404","Not Found","Non-Indexable","Client Error","","0","0","","0","0","","0","","0","","0","","0","","0","","","","","","","","","","0","0","0","0.000","","0","","","","","0.000","0","2","","0","0","0","0.000","0","0","0","0","0","0","","","","","","0.966","","","","","","1.1","","","","","","https://synergyhealth.org/providers/terry-viviani-dc/","2026-08-11 14:05:20"
"https://synergyhealth.org/providers/tiffany-hepworth-pta/","https://synergyhealth.org/providers/tiffany-hepworth-pta/","text/html; charset=UTF-8","200","OK","Indexable","","Tiffany Hepworth, PTA | Provider Synergy Health","47","426","Magna Cum Laude graduate offering comprehensive physical therapy with specialized training in RockTape, vestibular rehabilitation, and Feldenkrais techniques.","158","1022","","0","Tiffany Hepworth, PTA","21","","0","Learn More About Tiffany Hepworth, PTA","38","What You Can Expect","19","index, follow, max-snippet:-1, max-video-preview:-1, max-image-preview:large","","","https://synergyhealth.org/providers/tiffany-hepworth-pta/","","","","","","258652","41605","41605","15.938","","1956","354","5.525","47.770","Hard","9.474","0","2","","16","5","0","2.100","332","218","0","10","7","0","","","","","3de88551fc16c659123c928df7abed9b","0.871","Tue, 11 Aug 2026 18:05:21 GMT","","","","en-US","1.1","","","","","","https://synergyhealth.org/providers/tiffany-hepworth-pta/","2026-08-11 14:05:20"
"https://synergyhealth.org/providers/tony-abood-do/","https://synergyhealth.org/providers/tony-abood-do/","text/html; charset=UTF-8","200","OK","Indexable","","Tony Abood, DO | Provider Synergy Health","40","367","Comprehensive family medicine care with over 20 years of experience, now part of Synergy's integrated musculoskeletal team.","123","805","","0","Tony Abood, DO","14","","0","Learn More About Dr. Abood","26","Real Results. Real Stories.","27","index, follow, max-snippet:-1, max-video-preview:-1, max-image-preview:large","","","https://synergyhealth.org/providers/tony-abood-do/","","","","","","293463","45556","45556","17.452","","2796","533","5.246","56.698","Fairly Hard","9.989","0","2","","17","5","0","2.100","334","219","0","10","7","0","","","","","7be7893399a66fb8c17ebeec611a35a8","0.863","Tue, 11 Aug 2026 18:05:21 GMT","","","","en-US","1.1","","","","","","https://synergyhealth.org/providers/tony-abood-do/","2026-08-11 14:05:21"
"https://synergyhealth.org/providers/tony-badia-pta/","https://synergyhealth.org/providers/tony-badia-pta/","text/html; charset=UTF-8","200","OK","Indexable","","Tony Badia, PTA | Provider Synergy Health","41","372","Nine years with Synergy's integrated fall and balance team—combining physical therapy with orthopedic and spine specialists for comprehensive care.","147","951","","0","Tony Badia, PTA","15","","0","Learn More About Tony Badia, PTA","32","What You Can Expect","19","index, follow, max-snippet:-1, max-video-preview:-1, max-image-preview:large","","","https://synergyhealth.org/providers/tony-badia-pta/","","","","","","255662","41555","41555","15.919","","2021","358","5.645","49.486","Hard","9.687","0","2","","16","5","0","2.100","332","218","0","10","7","0","","","","","cce4feabef4fffb0b7cdf28311e1b216","0.740","Tue, 11 Aug 2026 18:05:22 GMT","","","","en-US","1.1","","","","","","https://synergyhealth.org/providers/tony-badia-pta/","2026-08-11 14:05:21"
"https://synergyhealth.org/self-pay-options/spine-neck-back/","https://synergyhealth.org/self-pay-options/spine-neck-back/","text/html; charset=UTF-8","301","Moved Permanently","Non-Indexable","Redirected","","0","0","","0","0","","0","","0","","0","","0","","0","","","","","","","","","","0","0","0","0.000","","0","","","","","0.000","0","2","","0","0","0","0.000","0","0","0","0","0","0","","","","","","0.293","","https://synergyhealth.org/insurance-billing/self-pay-spine-neck-back/","HTTP Redirect","","","1.1","","","","","","https://synergyhealth.org/self-pay-options/spine-neck-back/","2026-08-11 14:05:21"
"https://synergyhealth.org/self-pay-options/spine/","https://synergyhealth.org/self-pay-options/spine/","text/html; charset=UTF-8","301","Moved Permanently","Non-Indexable","Redirected","","0","0","","0","0","","0","","0","","0","","0","","0","","","","","","","","","","0","0","0","0.000","","0","","","","","0.000","0","2","","0","0","0","0.000","0","0","0","0","0","0","","","","","","0.571","","https://synergyhealth.org/","HTTP Redirect","","","1.1","","","","","","https://synergyhealth.org/self-pay-options/spine/","2026-08-11 14:05:21"
"https://synergyhealth.org/specialties/","https://synergyhealth.org/specialties/","text/html; charset=UTF-8","301","Moved Permanently","Non-Indexable","Redirected","","0","0","","0","0","","0","","0","","0","","0","","0","","","","","","","","","","0","0","0","0.000","","0","","","","","0.000","0","1","","0","0","0","0.000","0","0","0","0","0","0","","","","","","0.316","","https://synergyhealth.org/specialty/","HTTP Redirect","","","1.1","","","","","","https://synergyhealth.org/specialties/","2026-08-11 14:05:21"
"https://synergyhealth.org/specialties/ablation/","https://synergyhealth.org/specialties/ablation/","text/html; charset=UTF-8","301","Moved Permanently","Non-Indexable","Redirected","","0","0","","0","0","","0","","0","","0","","0","","0","","","","","","","","","","0","0","0","0.000","","0","","","","","0.000","0","2","","0","0","0","0.000","0","0","0","0","0","0","","","","","","0.309","","https://synergyhealth.org/specialty/ablation/","HTTP Redirect","","","1.1","","","","","","https://synergyhealth.org/specialties/ablation/","2026-08-11 14:05:22"
"https://synergyhealth.org/specialties/chiropractor/","https://synergyhealth.org/specialties/chiropractor/","text/html; charset=UTF-8","301","Moved Permanently","Non-Indexable","Redirected","","0","0","","0","0","","0","","0","","0","","0","","0","","","","","","","","","","0","0","0","0.000","","0","","","","","0.000","0","2","","0","0","0","0.000","0","0","0","0","0","0","","","","","","0.379","","https://synergyhealth.org/treatment/chiropractic-care/","HTTP Redirect","","","1.1","","","","","","https://synergyhealth.org/specialties/chiropractor/","2026-08-11 14:05:22"
"https://synergyhealth.org/specialties/expert-spine-surgery-options-with-synergy-health-partners/","https://synergyhealth.org/specialties/expert-spine-surgery-options-with-synergy-health-partners/","text/html; charset=UTF-8","301","Moved Permanently","Non-Indexable","Redirected","","0","0","","0","0","","0","","0","","0","","0","","0","","","","","","","","","","0","0","0","0.000","","0","","","","","0.000","0","2","","0","0","0","0.000","0","0","0","0","0","0","","","","","","0.465","","https://synergyhealth.org/specialty/expert-spine-surgery-options-with-synergy-health-partners/","HTTP Redirect","","","1.1","","","","","","https://synergyhealth.org/specialties/expert-spine-surgery-options-with-synergy-health-partners/","2026-08-11 14:05:22"
"https://synergyhealth.org/specialties/expert-sports-medicine-treatments-for-injuries-performance/","https://synergyhealth.org/specialties/expert-sports-medicine-treatments-for-injuries-performance/","text/html; charset=UTF-8","301","Moved Permanently","Non-Indexable","Redirected","","0","0","","0","0","","0","","0","","0","","0","","0","","","","","","","","","","0","0","0","0.000","","0","","","","","0.000","0","2","","0","0","0","0.000","0","0","0","0","0","0","","","","","","0.467","","https://synergyhealth.org/specialty/expert-sports-medicine-treatments-for-injuries-performance/","HTTP Redirect","","","1.1","","","","","","https://synergyhealth.org/specialties/expert-sports-medicine-treatments-for-injuries-performance/","2026-08-11 14:05:22"
"https://synergyhealth.org/specialties/expert-sports-medicine-treatments-for-injuries-performance/rotator-cuff/","https://synergyhealth.org/specialties/expert-sports-medicine-treatments-for-injuries-performance/rotator-cuff/","text/html; charset=UTF-8","301","Moved Permanently","Non-Indexable","Redirected","","0","0","","0","0","","0","","0","","0","","0","","0","","","","","","","","","","0","0","0","0.000","","0","","","","","0.000","0","3","","0","0","0","0.000","0","0","0","0","0","0","","","","","","0.451","","https://synergyhealth.org/specialty/expert-sports-medicine-treatments-for-injuries-performance/rotator-cuff/","HTTP Redirect","","","1.1","","","","","","https://synergyhealth.org/specialties/expert-sports-medicine-treatments-for-injuries-performance/rotator-cuff/","2026-08-11 14:05:22"
"https://synergyhealth.org/specialties/foot-and-ankle/","https://synergyhealth.org/specialties/foot-and-ankle/","text/html; charset=UTF-8","301","Moved Permanently","Non-Indexable","Redirected","","0","0","","0","0","","0","","0","","0","","0","","0","","","","","","","","","","0","0","0","0.000","","0","","","","","0.000","0","2","","0","0","0","0.000","0","0","0","0","0","0","","","","","","0.562","","https://synergyhealth.org/specialty/foot-and-ankle/","HTTP Redirect","","","1.1","","","","","","https://synergyhealth.org/specialties/foot-and-ankle/","2026-08-11 14:05:22"
"https://synergyhealth.org/specialties/foot-and-ankle/ankle-sprains-fractures/","https://synergyhealth.org/specialties/foot-and-ankle/ankle-sprains-fractures/","text/html; charset=UTF-8","301","Moved Permanently","Non-Indexable","Redirected","","0","0","","0","0","","0","","0","","0","","0","","0","","","","","","","","","","0","0","0","0.000","","0","","","","","0.000","0","3","","0","0","0","0.000","0","0","0","0","0","0","","","","","","0.561","","https://synergyhealth.org/specialty/foot-and-ankle/ankle-sprains-fractures/","HTTP Redirect","","","1.1","","","","","","https://synergyhealth.org/specialties/foot-and-ankle/ankle-sprains-fractures/","2026-08-11 14:05:22"
"https://synergyhealth.org/specialties/foot-and-ankle/bunions-hammertoes/","https://synergyhealth.org/specialties/foot-and-ankle/bunions-hammertoes/","text/html; charset=UTF-8","301","Moved Permanently","Non-Indexable","Redirected","","0","0","","0","0","","0","","0","","0","","0","","0","","","","","","","","","","0","0","0","0.000","","0","","","","","0.000","0","3","","0","0","0","0.000","0","0","0","0","0","0","","","","","","0.570","","https://synergyhealth.org/specialty/foot-and-ankle/bunions-hammertoes/","HTTP Redirect","","","1.1","","","","","","https://synergyhealth.org/specialties/foot-and-ankle/bunions-hammertoes/","2026-08-11 14:05:22"
"https://synergyhealth.org/specialties/foot-and-ankle/diabetic-foot-pain/","https://synergyhealth.org/specialties/foot-and-ankle/diabetic-foot-pain/","text/html; charset=UTF-8","301","Moved Permanently","Non-Indexable","Redirected","","0","0","","0","0","","0","","0","","0","","0","","0","","","","","","","","","","0","0","0","0.000","","0","","","","","0.000","0","3","","0","0","0","0.000","0","0","0","0","0","0","","","","","","0.578","","https://synergyhealth.org/specialty/foot-and-ankle/diabetic-foot-pain/","HTTP Redirect","","","1.1","","","","","","https://synergyhealth.org/specialties/foot-and-ankle/diabetic-foot-pain/","2026-08-11 14:05:22"
"https://synergyhealth.org/specialties/foot-and-ankle/plantar-fasciitis/","https://synergyhealth.org/specialties/foot-and-ankle/plantar-fasciitis/","text/html; charset=UTF-8","301","Moved Permanently","Non-Indexable","Redirected","","0","0","","0","0","","0","","0","","0","","0","","0","","","","","","","","","","0","0","0","0.000","","0","","","","","0.000","0","3","","0","0","0","0.000","0","0","0","0","0","0","","","","","","0.576","","https://synergyhealth.org/specialty/foot-and-ankle/plantar-fasciitis/","HTTP Redirect","","","1.1","","","","","","https://synergyhealth.org/specialties/foot-and-ankle/plantar-fasciitis/","2026-08-11 14:05:22"
"https://synergyhealth.org/specialties/hand-surgery/","https://synergyhealth.org/specialties/hand-surgery/","text/html; charset=UTF-8","301","Moved Permanently","Non-Indexable","Redirected","","0","0","","0","0","","0","","0","","0","","0","","0","","","","","","","","","","0","0","0","0.000","","0","","","","","0.000","0","2","","0","0","0","0.000","0","0","0","0","0","0","","","","","","0.471","","https://synergyhealth.org/specialty/hand-surgery/","HTTP Redirect","","","1.1","","","","","","https://synergyhealth.org/specialties/hand-surgery/","2026-08-11 14:05:23"
"https://synergyhealth.org/specialties/hand-upper-extremity/","https://synergyhealth.org/specialties/hand-upper-extremity/","text/html; charset=UTF-8","301","Moved Permanently","Non-Indexable","Redirected","","0","0","","0","0","","0","","0","","0","","0","","0","","","","","","","","","","0","0","0","0.000","","0","","","","","0.000","0","2","","0","0","0","0.000","0","0","0","0","0","0","","","","","","0.468","","https://synergyhealth.org/specialty/hand-wrist/","HTTP Redirect","","","1.1","","","","","","https://synergyhealth.org/specialties/hand-upper-extremity/","2026-08-11 14:05:23"
"https://synergyhealth.org/specialties/hand-upper-extremity/carpal-tunnel-release/","https://synergyhealth.org/specialties/hand-upper-extremity/carpal-tunnel-release/","text/html; charset=UTF-8","301","Moved Permanently","Non-Indexable","Redirected","","0","0","","0","0","","0","","0","","0","","0","","0","","","","","","","","","","0","0","0","0.000","","0","","","","","0.000","0","3","","0","0","0","0.000","0","0","0","0","0","0","","","","","","0.385","","https://synergyhealth.org/treatment/carpal-tunnel-release-surgery/","HTTP Redirect","","","1.1","","","","","","https://synergyhealth.org/specialties/hand-upper-extremity/carpal-tunnel-release/","2026-08-11 14:05:23"
"https://synergyhealth.org/specialties/hand-upper-extremity/cmc-arthroplasty/","https://synergyhealth.org/specialties/hand-upper-extremity/cmc-arthroplasty/","text/html; charset=UTF-8","301","Moved Permanently","Non-Indexable","Redirected","","0","0","","0","0","","0","","0","","0","","0","","0","","","","","","","","","","0","0","0","0.000","","0","","","","","0.000","0","3","","0","0","0","0.000","0","0","0","0","0","0","","","","","","0.383","","https://synergyhealth.org/treatment/cmc-arthroplasty/","HTTP Redirect","","","1.1","","","","","","https://synergyhealth.org/specialties/hand-upper-extremity/cmc-arthroplasty/","2026-08-11 14:05:23"
"https://synergyhealth.org/specialties/hand-upper-extremity/cubital-tunnel-release/","https://synergyhealth.org/specialties/hand-upper-extremity/cubital-tunnel-release/","text/html; charset=UTF-8","301","Moved Permanently","Non-Indexable","Redirected","","0","0","","0","0","","0","","0","","0","","0","","0","","","","","","","","","","0","0","0","0.000","","0","","","","","0.000","0","3","","0","0","0","0.000","0","0","0","0","0","0","","","","","","0.294","","https://synergyhealth.org/treatment/cubital-tunnel-release/","HTTP Redirect","","","1.1","","","","","","https://synergyhealth.org/specialties/hand-upper-extremity/cubital-tunnel-release/","2026-08-11 14:05:23"
"https://synergyhealth.org/specialties/hand-upper-extremity/de-quervains-release/","https://synergyhealth.org/specialties/hand-upper-extremity/de-quervains-release/","text/html; charset=UTF-8","301","Moved Permanently","Non-Indexable","Redirected","","0","0","","0","0","","0","","0","","0","","0","","0","","","","","","","","","","0","0","0","0.000","","0","","","","","0.000","0","3","","0","0","0","0.000","0","0","0","0","0","0","","","","","","0.387","","https://synergyhealth.org/treatment/de-quervains-release-surgery/","HTTP Redirect","","","1.1","","","","","","https://synergyhealth.org/specialties/hand-upper-extremity/de-quervains-release/","2026-08-11 14:05:23"
"https://synergyhealth.org/specialties/hand-upper-extremity/dupuytren-contracture-release/","https://synergyhealth.org/specialties/hand-upper-extremity/dupuytren-contracture-release/","text/html; charset=UTF-8","301","Moved Permanently","Non-Indexable","Redirected","","0","0","","0","0","","0","","0","","0","","0","","0","","","","","","","","","","0","0","0","0.000","","0","","","","","0.000","0","3","","0","0","0","0.000","0","0","0","0","0","0","","","","","","0.385","","https://synergyhealth.org/treatment/dupuytren-contracture-release/","HTTP Redirect","","","1.1","","","","","","https://synergyhealth.org/specialties/hand-upper-extremity/dupuytren-contracture-release/","2026-08-11 14:05:23"
"https://synergyhealth.org/specialties/hand-upper-extremity/finger-amputation/","https://synergyhealth.org/specialties/hand-upper-extremity/finger-amputation/","text/html; charset=UTF-8","301","Moved Permanently","Non-Indexable","Redirected","","0","0","","0","0","","0","","0","","0","","0","","0","","","","","","","","","","0","0","0","0.000","","0","","","","","0.000","0","3","","0","0","0","0.000","0","0","0","0","0","0","","","","","","0.320","","https://synergyhealth.org/treatment/finger-amputation-surgery/","HTTP Redirect","","","1.1","","","","","","https://synergyhealth.org/specialties/hand-upper-extremity/finger-amputation/","2026-08-11 14:05:23"
"https://synergyhealth.org/specialties/hand-upper-extremity/fractures/","https://synergyhealth.org/specialties/hand-upper-extremity/fractures/","text/html; charset=UTF-8","301","Moved Permanently","Non-Indexable","Redirected","","0","0","","0","0","","0","","0","","0","","0","","0","","","","","","","","","","0","0","0","0.000","","0","","","","","0.000","0","3","","0","0","0","0.000","0","0","0","0","0","0","","","","","","0.300","","https://synergyhealth.org/specialty/hand-wrist/","HTTP Redirect","","","1.1","","","","","","https://synergyhealth.org/specialties/hand-upper-extremity/fractures/","2026-08-11 14:05:23"
"https://synergyhealth.org/specialties/hand-upper-extremity/livonia/","https://synergyhealth.org/specialties/hand-upper-extremity/livonia/","text/html; charset=UTF-8","301","Moved Permanently","Non-Indexable","Redirected","","0","0","","0","0","","0","","0","","0","","0","","0","","","","","","","","","","0","0","0","0.000","","0","","","","","0.000","0","3","","0","0","0","0.000","0","0","0","0","0","0","","","","","","0.317","","https://synergyhealth.org/specialty/hand-upper-extremity/livonia/","HTTP Redirect","","","1.1","","","","","","https://synergyhealth.org/specialties/hand-upper-extremity/livonia/","2026-08-11 14:05:23"
"https://synergyhealth.org/specialties/hand-upper-extremity/mass-removal/","https://synergyhealth.org/specialties/hand-upper-extremity/mass-removal/","text/html; charset=UTF-8","301","Moved Permanently","Non-Indexable","Redirected","","0","0","","0","0","","0","","0","","0","","0","","0","","","","","","","","","","0","0","0","0.000","","0","","","","","0.000","0","3","","0","0","0","0.000","0","0","0","0","0","0","","","","","","0.219","","https://synergyhealth.org/treatment/mass-removal/","HTTP Redirect","","","1.1","","","","","","https://synergyhealth.org/specialties/hand-upper-extremity/mass-removal/","2026-08-11 14:05:23"
"https://synergyhealth.org/specialties/hand-upper-extremity/nerve-repair/","https://synergyhealth.org/specialties/hand-upper-extremity/nerve-repair/","text/html; charset=UTF-8","301","Moved Permanently","Non-Indexable","Redirected","","0","0","","0","0","","0","","0","","0","","0","","0","","","","","","","","","","0","0","0","0.000","","0","","","","","0.000","0","3","","0","0","0","0.000","0","0","0","0","0","0","","","","","","0.225","","https://synergyhealth.org/treatment/nerve-repair/","HTTP Redirect","","","1.1","","","","","","https://synergyhealth.org/specialties/hand-upper-extremity/nerve-repair/","2026-08-11 14:05:23"
"https://synergyhealth.org/specialties/hand-upper-extremity/sterling-heights/","https://synergyhealth.org/specialties/hand-upper-extremity/sterling-heights/","text/html; charset=UTF-8","301","Moved Permanently","Non-Indexable","Redirected","","0","0","","0","0","","0","","0","","0","","0","","0","","","","","","","","","","0","0","0","0.000","","0","","","","","0.000","0","3","","0","0","0","0.000","0","0","0","0","0","0","","","","","","0.181","","https://synergyhealth.org/specialty/hand-upper-extremity/sterling-heights/","HTTP Redirect","","","1.1","","","","","","https://synergyhealth.org/specialties/hand-upper-extremity/sterling-heights/","2026-08-11 14:05:24"
"https://synergyhealth.org/specialties/hand-upper-extremity/sterling-heights/null/","https://synergyhealth.org/specialties/hand-upper-extremity/sterling-heights/null/","text/html; charset=UTF-8","404","Not Found","Non-Indexable","Client Error","","0","0","","0","0","","0","","0","","0","","0","","0","","","","","","","","","","0","0","0","0.000","","0","","","","","0.000","0","4","","0","0","0","0.000","0","0","0","0","0","0","","","","","","0.463","","","","","","1.1","","","","","","https://synergyhealth.org/specialties/hand-upper-extremity/sterling-heights/null/","2026-08-11 14:05:24"
"https://synergyhealth.org/specialties/hand-upper-extremity/tendon-repair/","https://synergyhealth.org/specialties/hand-upper-extremity/tendon-repair/","text/html; charset=UTF-8","301","Moved Permanently","Non-Indexable","Redirected","","0","0","","0","0","","0","","0","","0","","0","","0","","","","","","","","","","0","0","0","0.000","","0","","","","","0.000","0","3","","0","0","0","0.000","0","0","0","0","0","0","","","","","","0.203","","https://synergyhealth.org/treatment/tendon-repair/","HTTP Redirect","","","1.1","","","","","","https://synergyhealth.org/specialties/hand-upper-extremity/tendon-repair/","2026-08-11 14:05:24"
"https://synergyhealth.org/specialties/hand-upper-extremity/trigger-finger/","https://synergyhealth.org/specialties/hand-upper-extremity/trigger-finger/","text/html; charset=UTF-8","301","Moved Permanently","Non-Indexable","Redirected","","0","0","","0","0","","0","","0","","0","","0","","0","","","","","","","","","","0","0","0","0.000","","0","","","","","0.000","0","3","","0","0","0","0.000","0","0","0","0","0","0","","","","","","0.222","","https://synergyhealth.org/treatment/trigger-finger-release/","HTTP Redirect","","","1.1","","","","","","https://synergyhealth.org/specialties/hand-upper-extremity/trigger-finger/","2026-08-11 14:05:24"
"https://synergyhealth.org/specialties/hand-upper-extremity/wrist-arthroscopy/","https://synergyhealth.org/specialties/hand-upper-extremity/wrist-arthroscopy/","text/html; charset=UTF-8","301","Moved Permanently","Non-Indexable","Redirected","","0","0","","0","0","","0","","0","","0","","0","","0","","","","","","","","","","0","0","0","0.000","","0","","","","","0.000","0","3","","0","0","0","0.000","0","0","0","0","0","0","","","","","","0.193","","https://synergyhealth.org/specialty/hand-wrist/","HTTP Redirect","","","1.1","","","","","","https://synergyhealth.org/specialties/hand-upper-extremity/wrist-arthroscopy/","2026-08-11 14:05:24"
"https://synergyhealth.org/specialties/hand-upper-extremity/xiaflex-injections/","https://synergyhealth.org/specialties/hand-upper-extremity/xiaflex-injections/","text/html; charset=UTF-8","301","Moved Permanently","Non-Indexable","Redirected","","0","0","","0","0","","0","","0","","0","","0","","0","","","","","","","","","","0","0","0","0.000","","0","","","","","0.000","0","3","","0","0","0","0.000","0","0","0","0","0","0","","","","","","0.263","","https://synergyhealth.org/specialty/hand-upper-extremity/xiaflex-injections/","HTTP Redirect","","","1.1","","","","","","https://synergyhealth.org/specialties/hand-upper-extremity/xiaflex-injections/","2026-08-11 14:05:24"
"https://synergyhealth.org/specialties/injections/","https://synergyhealth.org/specialties/injections/","text/html; charset=UTF-8","301","Moved Permanently","Non-Indexable","Redirected","","0","0","","0","0","","0","","0","","0","","0","","0","","","","","","","","","","0","0","0","0.000","","0","","","","","0.000","0","2","","0","0","0","0.000","0","0","0","0","0","0","","","","","","0.152","","https://synergyhealth.org/specialty/injections/","HTTP Redirect","","","1.1","","","","","","https://synergyhealth.org/specialties/injections/","2026-08-11 14:05:24"
"https://synergyhealth.org/specialties/locations/","https://synergyhealth.org/specialties/locations/","text/html; charset=UTF-8","301","Moved Permanently","Non-Indexable","Redirected","","0","0","","0","0","","0","","0","","0","","0","","0","","","","","","","","","","0","0","0","0.000","","0","","","","","0.000","0","2","","0","0","0","0.000","0","0","0","0","0","0","","","","","","0.191","","https://synergyhealth.org/specialty/locations/","HTTP Redirect","","","1.1","","","","","","https://synergyhealth.org/specialties/locations/","2026-08-11 14:05:24"
"https://synergyhealth.org/specialties/locations/livonia-orthopedics/","https://synergyhealth.org/specialties/locations/livonia-orthopedics/","text/html; charset=UTF-8","301","Moved Permanently","Non-Indexable","Redirected","","0","0","","0","0","","0","","0","","0","","0","","0","","","","","","","","","","0","0","0","0.000","","0","","","","","0.000","0","3","","0","0","0","0.000","0","0","0","0","0","0","","","","","","0.162","","https://synergyhealth.org/specialty/locations/livonia-orthopedics/","HTTP Redirect","","","1.1","","","","","","https://synergyhealth.org/specialties/locations/livonia-orthopedics/","2026-08-11 14:05:24"
"https://synergyhealth.org/specialties/locations/livonia-orthopedics/contact-us/","https://synergyhealth.org/specialties/locations/livonia-orthopedics/contact-us/","text/html; charset=UTF-8","404","Not Found","Non-Indexable","Client Error","","0","0","","0","0","","0","","0","","0","","0","","0","","","","","","","","","","0","0","0","0.000","","0","","","","","0.000","0","4","","0","0","0","0.000","0","0","0","0","0","0","","","","","","0.560","","","","","","1.1","","","","","","https://synergyhealth.org/specialties/locations/livonia-orthopedics/contact-us/","2026-08-11 14:05:24"
"https://synergyhealth.org/specialties/locations/livonia-orthopedics/directions/","https://synergyhealth.org/specialties/locations/livonia-orthopedics/directions/","text/html; charset=UTF-8","404","Not Found","Non-Indexable","Client Error","","0","0","","0","0","","0","","0","","0","","0","","0","","","","","","","","","","0","0","0","0.000","","0","","","","","0.000","0","4","","0","0","0","0.000","0","0","0","0","0","0","","","","","","0.530","","","","","","1.1","","","","","","https://synergyhealth.org/specialties/locations/livonia-orthopedics/directions/","2026-08-11 14:05:24"
"https://synergyhealth.org/specialties/locations/livonia-orthopedics/insurance-plans/","https://synergyhealth.org/specialties/locations/livonia-orthopedics/insurance-plans/","text/html; charset=UTF-8","404","Not Found","Non-Indexable","Client Error","","0","0","","0","0","","0","","0","","0","","0","","0","","","","","","","","","","0","0","0","0.000","","0","","","","","0.000","0","4","","0","0","0","0.000","0","0","0","0","0","0","","","","","","0.537","","","","","","1.1","","","","","","https://synergyhealth.org/specialties/locations/livonia-orthopedics/insurance-plans/","2026-08-11 14:05:24"
"https://synergyhealth.org/specialties/locations/warren-orthopedics/","https://synergyhealth.org/specialties/locations/warren-orthopedics/","text/html; charset=UTF-8","301","Moved Permanently","Non-Indexable","Redirected","","0","0","","0","0","","0","","0","","0","","0","","0","","","","","","","","","","0","0","0","0.000","","0","","","","","0.000","0","3","","0","0","0","0.000","0","0","0","0","0","0","","","","","","0.150","","https://synergyhealth.org/specialty/locations/warren-orthopedics/","HTTP Redirect","","","1.1","","","","","","https://synergyhealth.org/specialties/locations/warren-orthopedics/","2026-08-11 14:05:24"
"https://synergyhealth.org/specialties/locations/warren-orthopedics/contact-us/","https://synergyhealth.org/specialties/locations/warren-orthopedics/contact-us/","text/html; charset=UTF-8","404","Not Found","Non-Indexable","Client Error","","0","0","","0","0","","0","","0","","0","","0","","0","","","","","","","","","","0","0","0","0.000","","0","","","","","0.000","0","4","","0","0","0","0.000","0","0","0","0","0","0","","","","","","0.570","","","","","","1.1","","","","","","https://synergyhealth.org/specialties/locations/warren-orthopedics/contact-us/","2026-08-11 14:05:24"
"https://synergyhealth.org/specialties/locations/warren-orthopedics/directions/","https://synergyhealth.org/specialties/locations/warren-orthopedics/directions/","text/html; charset=UTF-8","404","Not Found","Non-Indexable","Client Error","","0","0","","0","0","","0","","0","","0","","0","","0","","","","","","","","","","0","0","0","0.000","","0","","","","","0.000","0","4","","0","0","0","0.000","0","0","0","0","0","0","","","","","","0.484","","","","","","1.1","","","","","","https://synergyhealth.org/specialties/locations/warren-orthopedics/directions/","2026-08-11 14:05:24"
"https://synergyhealth.org/specialties/locations/warren-orthopedics/insurance-plans/","https://synergyhealth.org/specialties/locations/warren-orthopedics/insurance-plans/","text/html; charset=UTF-8","404","Not Found","Non-Indexable","Client Error","","0","0","","0","0","","0","","0","","0","","0","","0","","","","","","","","","","0","0","0","0.000","","0","","","","","0.000","0","4","","0","0","0","0.000","0","0","0","0","0","0","","","","","","0.459","","","","","","1.1","","","","","","https://synergyhealth.org/specialties/locations/warren-orthopedics/insurance-plans/","2026-08-11 14:05:25"
"https://synergyhealth.org/specialties/nerve-blocks/","https://synergyhealth.org/specialties/nerve-blocks/","text/html; charset=UTF-8","301","Moved Permanently","Non-Indexable","Redirected","","0","0","","0","0","","0","","0","","0","","0","","0","","","","","","","","","","0","0","0","0.000","","0","","","","","0.000","0","2","","0","0","0","0.000","0","0","0","0","0","0","","","","","","0.178","","https://synergyhealth.org/specialty/nerve-blocks/","HTTP Redirect","","","1.1","","","","","","https://synergyhealth.org/specialties/nerve-blocks/","2026-08-11 14:05:25"
"https://synergyhealth.org/specialties/occupational-therapy/","https://synergyhealth.org/specialties/occupational-therapy/","text/html; charset=UTF-8","301","Moved Permanently","Non-Indexable","Redirected","","0","0","","0","0","","0","","0","","0","","0","","0","","","","","","","","","","0","0","0","0.000","","0","","","","","0.000","0","2","","0","0","0","0.000","0","0","0","0","0","0","","","","","","0.157","","https://synergyhealth.org/specialty/occupational-therapy/","HTTP Redirect","","","1.1","","","","","","https://synergyhealth.org/specialties/occupational-therapy/","2026-08-11 14:05:25"
"https://synergyhealth.org/specialties/occupational-therapy/compression-therapy/","https://synergyhealth.org/specialties/occupational-therapy/compression-therapy/","text/html; charset=UTF-8","301","Moved Permanently","Non-Indexable","Redirected","","0","0","","0","0","","0","","0","","0","","0","","0","","","","","","","","","","0","0","0","0.000","","0","","","","","0.000","0","3","","0","0","0","0.000","0","0","0","0","0","0","","","","","","0.098","","https://synergyhealth.org/specialty/occupational-therapy/compression-therapy/","HTTP Redirect","","","1.1","","","","","","https://synergyhealth.org/specialties/occupational-therapy/compression-therapy/","2026-08-11 14:05:25"
"https://synergyhealth.org/specialties/occupational-therapy/custom-orthoses-splints/","https://synergyhealth.org/specialties/occupational-therapy/custom-orthoses-splints/","text/html; charset=UTF-8","301","Moved Permanently","Non-Indexable","Redirected","","0","0","","0","0","","0","","0","","0","","0","","0","","","","","","","","","","0","0","0","0.000","","0","","","","","0.000","0","3","","0","0","0","0.000","0","0","0","0","0","0","","","","","","0.166","","https://synergyhealth.org/treatment/custom-orthoses-splints/","HTTP Redirect","","","1.1","","","","","","https://synergyhealth.org/specialties/occupational-therapy/custom-orthoses-splints/","2026-08-11 14:05:25"
"https://synergyhealth.org/specialties/occupational-therapy/desensitization-therapy/","https://synergyhealth.org/specialties/occupational-therapy/desensitization-therapy/","text/html; charset=UTF-8","301","Moved Permanently","Non-Indexable","Redirected","","0","0","","0","0","","0","","0","","0","","0","","0","","","","","","","","","","0","0","0","0.000","","0","","","","","0.000","0","3","","0","0","0","0.000","0","0","0","0","0","0","","","","","","0.163","","https://synergyhealth.org/specialty/occupational-therapy/desensitization-therapy/","HTTP Redirect","","","1.1","","","","","","https://synergyhealth.org/specialties/occupational-therapy/desensitization-therapy/","2026-08-11 14:05:25"
"https://synergyhealth.org/specialties/occupational-therapy/fine-motor-coordination-training/","https://synergyhealth.org/specialties/occupational-therapy/fine-motor-coordination-training/","text/html; charset=UTF-8","301","Moved Permanently","Non-Indexable","Redirected","","0","0","","0","0","","0","","0","","0","","0","","0","","","","","","","","","","0","0","0","0.000","","0","","","","","0.000","0","3","","0","0","0","0.000","0","0","0","0","0","0","","","","","","0.184","","https://synergyhealth.org/specialty/occupational-therapy/","HTTP Redirect","","","1.1","","","","","","https://synergyhealth.org/specialties/occupational-therapy/fine-motor-coordination-training/","2026-08-11 14:05:25"
"https://synergyhealth.org/specialties/occupational-therapy/functional-capacity-evaluations-fce/","https://synergyhealth.org/specialties/occupational-therapy/functional-capacity-evaluations-fce/","text/html; charset=UTF-8","301","Moved Permanently","Non-Indexable","Redirected","","0","0","","0","0","","0","","0","","0","","0","","0","","","","","","","","","","0","0","0","0.000","","0","","","","","0.000","0","3","","0","0","0","0.000","0","0","0","0","0","0","","","","","","0.167","","https://synergyhealth.org/specialty/occupational-therapy/","HTTP Redirect","","","1.1","","","","","","https://synergyhealth.org/specialties/occupational-therapy/functional-capacity-evaluations-fce/","2026-08-11 14:05:25"
"https://synergyhealth.org/specialties/occupational-therapy/hand-therapy/","https://synergyhealth.org/specialties/occupational-therapy/hand-therapy/","text/html; charset=UTF-8","301","Moved Permanently","Non-Indexable","Redirected","","0","0","","0","0","","0","","0","","0","","0","","0","","","","","","","","","","0","0","0","0.000","","0","","","","","0.000","0","3","","0","0","0","0.000","0","0","0","0","0","0","","","","","","0.162","","https://synergyhealth.org/treatment/hand-therapy/","HTTP Redirect","","","1.1","","","","","","https://synergyhealth.org/specialties/occupational-therapy/hand-therapy/","2026-08-11 14:05:25"
"https://synergyhealth.org/specialties/occupational-therapy/neural-mobilization/","https://synergyhealth.org/specialties/occupational-therapy/neural-mobilization/","text/html; charset=UTF-8","301","Moved Permanently","Non-Indexable","Redirected","","0","0","","0","0","","0","","0","","0","","0","","0","","","","","","","","","","0","0","0","0.000","","0","","","","","0.000","0","3","","0","0","0","0.000","0","0","0","0","0","0","","","","","","0.173","","https://synergyhealth.org/specialty/occupational-therapy/","HTTP Redirect","","","1.1","","","","","","https://synergyhealth.org/specialties/occupational-therapy/neural-mobilization/","2026-08-11 14:05:25"
"https://synergyhealth.org/specialties/occupational-therapy/skilled-manual-therapy/","https://synergyhealth.org/specialties/occupational-therapy/skilled-manual-therapy/","text/html; charset=UTF-8","301","Moved Permanently","Non-Indexable","Redirected","","0","0","","0","0","","0","","0","","0","","0","","0","","","","","","","","","","0","0","0","0.000","","0","","","","","0.000","0","3","","0","0","0","0.000","0","0","0","0","0","0","","","","","","0.165","","https://synergyhealth.org/specialty/occupational-therapy/skilled-manual-therapy/","HTTP Redirect","","","1.1","","","","","","https://synergyhealth.org/specialties/occupational-therapy/skilled-manual-therapy/","2026-08-11 14:05:25"
"https://synergyhealth.org/specialties/orthopedic-services/","https://synergyhealth.org/specialties/orthopedic-services/","text/html; charset=UTF-8","301","Moved Permanently","Non-Indexable","Redirected","","0","0","","0","0","","0","","0","","0","","0","","0","","","","","","","","","","0","0","0","0.000","","0","","","","","0.000","0","2","","0","0","0","0.000","0","0","0","0","0","0","","","","","","0.222","","https://synergyhealth.org/specialty/orthopedic-services/","HTTP Redirect","","","1.1","","","","","","https://synergyhealth.org/specialties/orthopedic-services/","2026-08-11 14:05:25"
"https://synergyhealth.org/specialties/orthopedic-services/acl-knee-injuries-their-treatment/","https://synergyhealth.org/specialties/orthopedic-services/acl-knee-injuries-their-treatment/","text/html; charset=UTF-8","301","Moved Permanently","Non-Indexable","Redirected","","0","0","","0","0","","0","","0","","0","","0","","0","","","","","","","","","","0","0","0","0.000","","0","","","","","0.000","0","3","","0","0","0","0.000","0","0","0","0","0","0","","","","","","0.155","","https://synergyhealth.org/specialty/orthopedic-services/acl-knee-injuries-their-treatment/","HTTP Redirect","","","1.1","","","","","","https://synergyhealth.org/specialties/orthopedic-services/acl-knee-injuries-their-treatment/","2026-08-11 14:05:25"
"https://synergyhealth.org/specialties/orthopedic-services/elbow-arthroscopy/","https://synergyhealth.org/specialties/orthopedic-services/elbow-arthroscopy/","text/html; charset=UTF-8","301","Moved Permanently","Non-Indexable","Redirected","","0","0","","0","0","","0","","0","","0","","0","","0","","","","","","","","","","0","0","0","0.000","","0","","","","","0.000","0","3","","0","0","0","0.000","0","0","0","0","0","0","","","","","","0.151","","https://synergyhealth.org/treatment/elbow-arthroscopy/","HTTP Redirect","","","1.1","","","","","","https://synergyhealth.org/specialties/orthopedic-services/elbow-arthroscopy/","2026-08-11 14:05:25"
"https://synergyhealth.org/specialties/orthopedic-services/hip-arthroscopy/","https://synergyhealth.org/specialties/orthopedic-services/hip-arthroscopy/","text/html; charset=UTF-8","301","Moved Permanently","Non-Indexable","Redirected","","0","0","","0","0","","0","","0","","0","","0","","0","","","","","","","","","","0","0","0","0.000","","0","","","","","0.000","0","3","","0","0","0","0.000","0","0","0","0","0","0","","","","","","0.169","","https://synergyhealth.org/specialty/orthopedic-services/hip-arthroscopy/","HTTP Redirect","","","1.1","","","","","","https://synergyhealth.org/specialties/orthopedic-services/hip-arthroscopy/","2026-08-11 14:05:25"
"https://synergyhealth.org/specialties/orthopedic-services/hip-replacement-revision-surgery/","https://synergyhealth.org/specialties/orthopedic-services/hip-replacement-revision-surgery/","text/html; charset=UTF-8","301","Moved Permanently","Non-Indexable","Redirected","","0","0","","0","0","","0","","0","","0","","0","","0","","","","","","","","","","0","0","0","0.000","","0","","","","","0.000","0","3","","0","0","0","0.000","0","0","0","0","0","0","","","","","","0.150","","https://synergyhealth.org/treatment/hip-revision-surgery/","HTTP Redirect","","","1.1","","","","","","https://synergyhealth.org/specialties/orthopedic-services/hip-replacement-revision-surgery/","2026-08-11 14:05:25"
"https://synergyhealth.org/specialties/orthopedic-services/livonia/","https://synergyhealth.org/specialties/orthopedic-services/livonia/","text/html; charset=UTF-8","301","Moved Permanently","Non-Indexable","Redirected","","0","0","","0","0","","0","","0","","0","","0","","0","","","","","","","","","","0","0","0","0.000","","0","","","","","0.000","0","3","","0","0","0","0.000","0","0","0","0","0","0","","","","","","0.165","","https://synergyhealth.org/specialty/orthopedic-services/livonia/","HTTP Redirect","","","1.1","","","","","","https://synergyhealth.org/specialties/orthopedic-services/livonia/","2026-08-11 14:05:25"
"https://synergyhealth.org/specialties/orthopedic-services/ortho-southfield/","https://synergyhealth.org/specialties/orthopedic-services/ortho-southfield/","text/html; charset=UTF-8","301","Moved Permanently","Non-Indexable","Redirected","","0","0","","0","0","","0","","0","","0","","0","","0","","","","","","","","","","0","0","0","0.000","","0","","","","","0.000","0","3","","0","0","0","0.000","0","0","0","0","0","0","","","","","","0.155","","https://synergyhealth.org/specialty/orthopedic-services/ortho-southfield/","HTTP Redirect","","","1.1","","","","","","https://synergyhealth.org/specialties/orthopedic-services/ortho-southfield/","2026-08-11 14:05:25"
"https://synergyhealth.org/specialties/orthopedic-services/overview-of-total-hip-replacement-surgery-total-hip-arthroplasty/","https://synergyhealth.org/specialties/orthopedic-services/overview-of-total-hip-replacement-surgery-total-hip-arthroplasty/","text/html; charset=UTF-8","301","Moved Permanently","Non-Indexable","Redirected","","0","0","","0","0","","0","","0","","0","","0","","0","","","","","","","","","","0","0","0","0.000","","0","","","","","0.000","0","3","","0","0","0","0.000","0","0","0","0","0","0","","","","","","0.159","","https://synergyhealth.org/treatment/total-hip-arthroplasty/","HTTP Redirect","","","1.1","","","","","","https://synergyhealth.org/specialties/orthopedic-services/overview-of-total-hip-replacement-surgery-total-hip-arthroplasty/","2026-08-11 14:05:44"
"https://synergyhealth.org/specialties/orthopedic-services/partial-knee-replacement-surgery/","https://synergyhealth.org/specialties/orthopedic-services/partial-knee-replacement-surgery/","text/html; charset=UTF-8","301","Moved Permanently","Non-Indexable","Redirected","","0","0","","0","0","","0","","0","","0","","0","","0","","","","","","","","","","0","0","0","0.000","","0","","","","","0.000","0","3","","0","0","0","0.000","0","0","0","0","0","0","","","","","","0.167","","https://synergyhealth.org/treatment/partial-knee-replacement/","HTTP Redirect","","","1.1","","","","","","https://synergyhealth.org/specialties/orthopedic-services/partial-knee-replacement-surgery/","2026-08-11 14:05:44"
"https://synergyhealth.org/specialties/orthopedic-services/shoulder-arthroscopy/","https://synergyhealth.org/specialties/orthopedic-services/shoulder-arthroscopy/","text/html; charset=UTF-8","301","Moved Permanently","Non-Indexable","Redirected","","0","0","","0","0","","0","","0","","0","","0","","0","","","","","","","","","","0","0","0","0.000","","0","","","","","0.000","0","3","","0","0","0","0.000","0","0","0","0","0","0","","","","","","0.147","","https://synergyhealth.org/treatment/shoulder-arthroscopy/","HTTP Redirect","","","1.1","","","","","","https://synergyhealth.org/specialties/orthopedic-services/shoulder-arthroscopy/","2026-08-11 14:05:44"
"https://synergyhealth.org/specialties/orthopedic-services/southfield/","https://synergyhealth.org/specialties/orthopedic-services/southfield/","text/html; charset=UTF-8","301","Moved Permanently","Non-Indexable","Redirected","","0","0","","0","0","","0","","0","","0","","0","","0","","","","","","","","","","0","0","0","0.000","","0","","","","","0.000","0","3","","0","0","0","0.000","0","0","0","0","0","0","","","","","","0.136","","https://synergyhealth.org/specialty/orthopedic-services/southfield/","HTTP Redirect","","","1.1","","","","","","https://synergyhealth.org/specialties/orthopedic-services/southfield/","2026-08-11 14:05:44"
"https://synergyhealth.org/specialties/orthopedic-services/sterling-heights/","https://synergyhealth.org/specialties/orthopedic-services/sterling-heights/","text/html; charset=UTF-8","301","Moved Permanently","Non-Indexable","Redirected","","0","0","","0","0","","0","","0","","0","","0","","0","","","","","","","","","","0","0","0","0.000","","0","","","","","0.000","0","3","","0","0","0","0.000","0","0","0","0","0","0","","","","","","0.168","","https://synergyhealth.org/specialty/orthopedic-services/sterling-heights/","HTTP Redirect","","","1.1","","","","","","https://synergyhealth.org/specialties/orthopedic-services/sterling-heights/","2026-08-11 14:05:44"
"https://synergyhealth.org/specialties/orthopedic-services/total-knee-arthroplasty-tka-comprehensive-guide-for-patients/","https://synergyhealth.org/specialties/orthopedic-services/total-knee-arthroplasty-tka-comprehensive-guide-for-patients/","text/html; charset=UTF-8","301","Moved Permanently","Non-Indexable","Redirected","","0","0","","0","0","","0","","0","","0","","0","","0","","","","","","","","","","0","0","0","0.000","","0","","","","","0.000","0","3","","0","0","0","0.000","0","0","0","0","0","0","","","","","","0.136","","https://synergyhealth.org/treatment/total-knee-arthroplasty-tka/","HTTP Redirect","","","1.1","","","","","","https://synergyhealth.org/specialties/orthopedic-services/total-knee-arthroplasty-tka-comprehensive-guide-for-patients/","2026-08-11 14:05:44"
"https://synergyhealth.org/specialties/orthopedic-surgery/","https://synergyhealth.org/specialties/orthopedic-surgery/","text/html; charset=UTF-8","301","Moved Permanently","Non-Indexable","Redirected","","0","0","","0","0","","0","","0","","0","","0","","0","","","","","","","","","","0","0","0","0.000","","0","","","","","0.000","0","2","","0","0","0","0.000","0","0","0","0","0","0","","","","","","0.143","","https://synergyhealth.org/specialty/orthopedic-surgery/","HTTP Redirect","","","1.1","","","","","","https://synergyhealth.org/specialties/orthopedic-surgery/","2026-08-11 14:05:44"
"https://synergyhealth.org/specialties/pain-management/","https://synergyhealth.org/specialties/pain-management/","text/html; charset=UTF-8","301","Moved Permanently","Non-Indexable","Redirected","","0","0","","0","0","","0","","0","","0","","0","","0","","","","","","","","","","0","0","0","0.000","","0","","","","","0.000","0","2","","0","0","0","0.000","0","0","0","0","0","0","","","","","","0.148","","https://synergyhealth.org/treatment/pain-management/","HTTP Redirect","","","1.1","","","","","","https://synergyhealth.org/specialties/pain-management/","2026-08-11 14:05:44"
"https://synergyhealth.org/specialties/pain-management/caudal-epidural-steroid-injection-caudal-esi/","https://synergyhealth.org/specialties/pain-management/caudal-epidural-steroid-injection-caudal-esi/","text/html; charset=UTF-8","301","Moved Permanently","Non-Indexable","Redirected","","0","0","","0","0","","0","","0","","0","","0","","0","","","","","","","","","","0","0","0","0.000","","0","","","","","0.000","0","3","","0","0","0","0.000","0","0","0","0","0","0","","","","","","0.126","","https://synergyhealth.org/treatment/caudal-esi/","HTTP Redirect","","","1.1","","","","","","https://synergyhealth.org/specialties/pain-management/caudal-epidural-steroid-injection-caudal-esi/","2026-08-11 14:05:44"
"https://synergyhealth.org/specialties/pain-management/cervical-epidural-steroid-injection/","https://synergyhealth.org/specialties/pain-management/cervical-epidural-steroid-injection/","text/html; charset=UTF-8","301","Moved Permanently","Non-Indexable","Redirected","","0","0","","0","0","","0","","0","","0","","0","","0","","","","","","","","","","0","0","0","0.000","","0","","","","","0.000","0","3","","0","0","0","0.000","0","0","0","0","0","0","","","","","","0.164","","https://synergyhealth.org/treatment/injections-esi-facet-nerve-blocks/","HTTP Redirect","","","1.1","","","","","","https://synergyhealth.org/specialties/pain-management/cervical-epidural-steroid-injection/","2026-08-11 14:05:44"
"https://synergyhealth.org/specialties/pain-management/cervical-medial-branch-block/","https://synergyhealth.org/specialties/pain-management/cervical-medial-branch-block/","text/html; charset=UTF-8","301","Moved Permanently","Non-Indexable","Redirected","","0","0","","0","0","","0","","0","","0","","0","","0","","","","","","","","","","0","0","0","0.000","","0","","","","","0.000","0","3","","0","0","0","0.000","0","0","0","0","0","0","","","","","","0.159","","https://synergyhealth.org/treatment/medial-branch-blocks-cervical-lumbar/","HTTP Redirect","","","1.1","","","","","","https://synergyhealth.org/specialties/pain-management/cervical-medial-branch-block/","2026-08-11 14:05:44"
"https://synergyhealth.org/specialties/pain-management/emg/","https://synergyhealth.org/specialties/pain-management/emg/","text/html; charset=UTF-8","301","Moved Permanently","Non-Indexable","Redirected","","0","0","","0","0","","0","","0","","0","","0","","0","","","","","","","","","","0","0","0","0.000","","0","","","","","0.000","0","3","","0","0","0","0.000","0","0","0","0","0","0","","","","","","0.072","","https://synergyhealth.org/treatment/emg/","HTTP Redirect","","","1.1","","","","","","https://synergyhealth.org/specialties/pain-management/emg/","2026-08-11 14:05:44"
"https://synergyhealth.org/specialties/pain-management/joint-pain-injections/","https://synergyhealth.org/specialties/pain-management/joint-pain-injections/","text/html; charset=UTF-8","301","Moved Permanently","Non-Indexable","Redirected","","0","0","","0","0","","0","","0","","0","","0","","0","","","","","","","","","","0","0","0","0.000","","0","","","","","0.000","0","3","","0","0","0","0.000","0","0","0","0","0","0","","","","","","0.160","","https://synergyhealth.org/treatment/joint-pain-injections/","HTTP Redirect","","","1.1","","","","","","https://synergyhealth.org/specialties/pain-management/joint-pain-injections/","2026-08-11 14:05:44"
"https://synergyhealth.org/specialties/pain-management/ketamine-infusion/","https://synergyhealth.org/specialties/pain-management/ketamine-infusion/","text/html; charset=UTF-8","301","Moved Permanently","Non-Indexable","Redirected","","0","0","","0","0","","0","","0","","0","","0","","0","","","","","","","","","","0","0","0","0.000","","0","","","","","0.000","0","3","","0","0","0","0.000","0","0","0","0","0","0","","","","","","0.139","","https://synergyhealth.org/specialty/pain-management/ketamine-infusion/","HTTP Redirect","","","1.1","","","","","","https://synergyhealth.org/specialties/pain-management/ketamine-infusion/","2026-08-11 14:05:44"
"https://synergyhealth.org/specialties/pain-management/kyphoplasty/","https://synergyhealth.org/specialties/pain-management/kyphoplasty/","text/html; charset=UTF-8","301","Moved Permanently","Non-Indexable","Redirected","","0","0","","0","0","","0","","0","","0","","0","","0","","","","","","","","","","0","0","0","0.000","","0","","","","","0.000","0","3","","0","0","0","0.000","0","0","0","0","0","0","","","","","","0.152","","https://synergyhealth.org/treatment/kyphoplasty-vertebroplasty/","HTTP Redirect","","","1.1","","","","","","https://synergyhealth.org/specialties/pain-management/kyphoplasty/","2026-08-11 14:05:44"
"https://synergyhealth.org/specialties/pain-management/lumbar-epidural-steroid-injection-lumbar-esi/","https://synergyhealth.org/specialties/pain-management/lumbar-epidural-steroid-injection-lumbar-esi/","text/html; charset=UTF-8","301","Moved Permanently","Non-Indexable","Redirected","","0","0","","0","0","","0","","0","","0","","0","","0","","","","","","","","","","0","0","0","0.000","","0","","","","","0.000","0","3","","0","0","0","0.000","0","0","0","0","0","0","","","","","","0.194","","https://synergyhealth.org/treatment/lumbar-epidural-steroid-injection/","HTTP Redirect","","","1.1","","","","","","https://synergyhealth.org/specialties/pain-management/lumbar-epidural-steroid-injection-lumbar-esi/","2026-08-11 14:05:44"
"https://synergyhealth.org/specialties/pain-management/lumbar-medial-branch-block/","https://synergyhealth.org/specialties/pain-management/lumbar-medial-branch-block/","text/html; charset=UTF-8","301","Moved Permanently","Non-Indexable","Redirected","","0","0","","0","0","","0","","0","","0","","0","","0","","","","","","","","","","0","0","0","0.000","","0","","","","","0.000","0","3","","0","0","0","0.000","0","0","0","0","0","0","","","","","","0.222","","https://synergyhealth.org/treatment/medial-branch-blocks-cervical-lumbar/","HTTP Redirect","","","1.1","","","","","","https://synergyhealth.org/specialties/pain-management/lumbar-medial-branch-block/","2026-08-11 14:05:44"
"https://synergyhealth.org/specialties/pain-management/lumbar-rfa-radiofrequency-ablation/","https://synergyhealth.org/specialties/pain-management/lumbar-rfa-radiofrequency-ablation/","text/html; charset=UTF-8","301","Moved Permanently","Non-Indexable","Redirected","","0","0","","0","0","","0","","0","","0","","0","","0","","","","","","","","","","0","0","0","0.000","","0","","","","","0.000","0","3","","0","0","0","0.000","0","0","0","0","0","0","","","","","","0.202","","https://synergyhealth.org/treatment/radiofrequency-ablation/","HTTP Redirect","","","1.1","","","","","","https://synergyhealth.org/specialties/pain-management/lumbar-rfa-radiofrequency-ablation/","2026-08-11 14:05:44"
"https://synergyhealth.org/specialties/pain-management/non-opioid-surgery/","https://synergyhealth.org/specialties/pain-management/non-opioid-surgery/","text/html; charset=UTF-8","301","Moved Permanently","Non-Indexable","Redirected","","0","0","","0","0","","0","","0","","0","","0","","0","","","","","","","","","","0","0","0","0.000","","0","","","","","0.000","0","3","","0","0","0","0.000","0","0","0","0","0","0","","","","","","0.205","","https://synergyhealth.org/specialty/pain-management/non-opioid-surgery/","HTTP Redirect","","","1.1","","","","","","https://synergyhealth.org/specialties/pain-management/non-opioid-surgery/","2026-08-11 14:05:44"
"https://synergyhealth.org/specialties/pain-management/occipital-nerve-branch-block/","https://synergyhealth.org/specialties/pain-management/occipital-nerve-branch-block/","text/html; charset=UTF-8","301","Moved Permanently","Non-Indexable","Redirected","","0","0","","0","0","","0","","0","","0","","0","","0","","","","","","","","","","0","0","0","0.000","","0","","","","","0.000","0","3","","0","0","0","0.000","0","0","0","0","0","0","","","","","","0.164","","https://synergyhealth.org/treatment/occipital-nerve-block/","HTTP Redirect","","","1.1","","","","","","https://synergyhealth.org/specialties/pain-management/occipital-nerve-branch-block/","2026-08-11 14:05:43"
"https://synergyhealth.org/specialties/pain-management/peripheral-nerve-injection/","https://synergyhealth.org/specialties/pain-management/peripheral-nerve-injection/","text/html; charset=UTF-8","301","Moved Permanently","Non-Indexable","Redirected","","0","0","","0","0","","0","","0","","0","","0","","0","","","","","","","","","","0","0","0","0.000","","0","","","","","0.000","0","3","","0","0","0","0.000","0","0","0","0","0","0","","","","","","0.135","","https://synergyhealth.org/treatment/peripheral-nerve-injection/","HTTP Redirect","","","1.1","","","","","","https://synergyhealth.org/specialties/pain-management/peripheral-nerve-injection/","2026-08-11 14:05:43"
"https://synergyhealth.org/specialties/pain-management/si-sacroiliac-injection/","https://synergyhealth.org/specialties/pain-management/si-sacroiliac-injection/","text/html; charset=UTF-8","301","Moved Permanently","Non-Indexable","Redirected","","0","0","","0","0","","0","","0","","0","","0","","0","","","","","","","","","","0","0","0","0.000","","0","","","","","0.000","0","3","","0","0","0","0.000","0","0","0","0","0","0","","","","","","0.184","","https://synergyhealth.org/treatment/si-joint-injection/","HTTP Redirect","","","1.1","","","","","","https://synergyhealth.org/specialties/pain-management/si-sacroiliac-injection/","2026-08-11 14:05:43"
"https://synergyhealth.org/specialties/pain-management/spinal-cord-stimulator/","https://synergyhealth.org/specialties/pain-management/spinal-cord-stimulator/","text/html; charset=UTF-8","301","Moved Permanently","Non-Indexable","Redirected","","0","0","","0","0","","0","","0","","0","","0","","0","","","","","","","","","","0","0","0","0.000","","0","","","","","0.000","0","3","","0","0","0","0.000","0","0","0","0","0","0","","","","","","0.158","","https://synergyhealth.org/treatment/spinal-cord-stimulator/","HTTP Redirect","","","1.1","","","","","","https://synergyhealth.org/specialties/pain-management/spinal-cord-stimulator/","2026-08-11 14:05:43"
"https://synergyhealth.org/specialties/pain-management/trigger-point-injection/","https://synergyhealth.org/specialties/pain-management/trigger-point-injection/","text/html; charset=UTF-8","301","Moved Permanently","Non-Indexable","Redirected","","0","0","","0","0","","0","","0","","0","","0","","0","","","","","","","","","","0","0","0","0.000","","0","","","","","0.000","0","3","","0","0","0","0.000","0","0","0","0","0","0","","","","","","0.166","","https://synergyhealth.org/treatment/trigger-point-injection/","HTTP Redirect","","","1.1","","","","","","https://synergyhealth.org/specialties/pain-management/trigger-point-injection/","2026-08-11 14:05:43"
"https://synergyhealth.org/specialties/physical-therapy/","https://synergyhealth.org/specialties/physical-therapy/","text/html; charset=UTF-8","301","Moved Permanently","Non-Indexable","Redirected","","0","0","","0","0","","0","","0","","0","","0","","0","","","","","","","","","","0","0","0","0.000","","0","","","","","0.000","0","2","","0","0","0","0.000","0","0","0","0","0","0","","","","","","0.162","","https://synergyhealth.org/specialty/physical-therapy/","HTTP Redirect","","","1.1","","","","","","https://synergyhealth.org/specialties/physical-therapy/","2026-08-11 14:05:43"
"https://synergyhealth.org/specialties/physical-therapy/blood-flow-restriction/","https://synergyhealth.org/specialties/physical-therapy/blood-flow-restriction/","text/html; charset=UTF-8","301","Moved Permanently","Non-Indexable","Redirected","","0","0","","0","0","","0","","0","","0","","0","","0","","","","","","","","","","0","0","0","0.000","","0","","","","","0.000","0","3","","0","0","0","0.000","0","0","0","0","0","0","","","","","","0.166","","https://synergyhealth.org/specialty/physical-therapy/","HTTP Redirect","","","1.1","","","","","","https://synergyhealth.org/specialties/physical-therapy/blood-flow-restriction/","2026-08-11 14:05:43"
"https://synergyhealth.org/specialties/physical-therapy/cognitive-functional-therapy/","https://synergyhealth.org/specialties/physical-therapy/cognitive-functional-therapy/","text/html; charset=UTF-8","301","Moved Permanently","Non-Indexable","Redirected","","0","0","","0","0","","0","","0","","0","","0","","0","","","","","","","","","","0","0","0","0.000","","0","","","","","0.000","0","3","","0","0","0","0.000","0","0","0","0","0","0","","","","","","0.194","","https://synergyhealth.org/specialty/physical-therapy/","HTTP Redirect","","","1.1","","","","","","https://synergyhealth.org/specialties/physical-therapy/cognitive-functional-therapy/","2026-08-11 14:05:43"
"https://synergyhealth.org/specialties/physical-therapy/dry-needling/","https://synergyhealth.org/specialties/physical-therapy/dry-needling/","text/html; charset=UTF-8","301","Moved Permanently","Non-Indexable","Redirected","","0","0","","0","0","","0","","0","","0","","0","","0","","","","","","","","","","0","0","0","0.000","","0","","","","","0.000","0","3","","0","0","0","0.000","0","0","0","0","0","0","","","","","","0.190","","https://synergyhealth.org/specialty/physical-therapy/","HTTP Redirect","","","1.1","","","","","","https://synergyhealth.org/specialties/physical-therapy/dry-needling/","2026-08-11 14:05:43"
"https://synergyhealth.org/specialties/physical-therapy/kinesiotaping/","https://synergyhealth.org/specialties/physical-therapy/kinesiotaping/","text/html; charset=UTF-8","301","Moved Permanently","Non-Indexable","Redirected","","0","0","","0","0","","0","","0","","0","","0","","0","","","","","","","","","","0","0","0","0.000","","0","","","","","0.000","0","3","","0","0","0","0.000","0","0","0","0","0","0","","","","","","0.211","","https://synergyhealth.org/specialty/physical-therapy/","HTTP Redirect","","","1.1","","","","","","https://synergyhealth.org/specialties/physical-therapy/kinesiotaping/","2026-08-11 14:05:43"
"https://synergyhealth.org/specialties/physical-therapy/lymphedema-management/","https://synergyhealth.org/specialties/physical-therapy/lymphedema-management/","text/html; charset=UTF-8","301","Moved Permanently","Non-Indexable","Redirected","","0","0","","0","0","","0","","0","","0","","0","","0","","","","","","","","","","0","0","0","0.000","","0","","","","","0.000","0","3","","0","0","0","0.000","0","0","0","0","0","0","","","","","","0.147","","https://synergyhealth.org/specialty/physical-therapy/","HTTP Redirect","","","1.1","","","","","","https://synergyhealth.org/specialties/physical-therapy/lymphedema-management/","2026-08-11 14:05:43"
"https://synergyhealth.org/specialties/physical-therapy/muscle-joint-pain/","https://synergyhealth.org/specialties/physical-therapy/muscle-joint-pain/","text/html; charset=UTF-8","301","Moved Permanently","Non-Indexable","Redirected","","0","0","","0","0","","0","","0","","0","","0","","0","","","","","","","","","","0","0","0","0.000","","0","","","","","0.000","0","3","","0","0","0","0.000","0","0","0","0","0","0","","","","","","0.186","","https://synergyhealth.org/specialty/physical-therapy/muscle-joint-pain/","HTTP Redirect","","","1.1","","","","","","https://synergyhealth.org/specialties/physical-therapy/muscle-joint-pain/","2026-08-11 14:05:43"
"https://synergyhealth.org/specialties/physical-therapy/post-operative-orthopedic-care/","https://synergyhealth.org/specialties/physical-therapy/post-operative-orthopedic-care/","text/html; charset=UTF-8","301","Moved Permanently","Non-Indexable","Redirected","","0","0","","0","0","","0","","0","","0","","0","","0","","","","","","","","","","0","0","0","0.000","","0","","","","","0.000","0","3","","0","0","0","0.000","0","0","0","0","0","0","","","","","","0.149","","https://synergyhealth.org/specialty/physical-therapy/","HTTP Redirect","","","1.1","","","","","","https://synergyhealth.org/specialties/physical-therapy/post-operative-orthopedic-care/","2026-08-11 14:05:43"
"https://synergyhealth.org/specialties/physical-therapy/tmj-pain-dysfunction/","https://synergyhealth.org/specialties/physical-therapy/tmj-pain-dysfunction/","text/html; charset=UTF-8","301","Moved Permanently","Non-Indexable","Redirected","","0","0","","0","0","","0","","0","","0","","0","","0","","","","","","","","","","0","0","0","0.000","","0","","","","","0.000","0","3","","0","0","0","0.000","0","0","0","0","0","0","","","","","","0.161","","https://synergyhealth.org/specialty/physical-therapy/","HTTP Redirect","","","1.1","","","","","","https://synergyhealth.org/specialties/physical-therapy/tmj-pain-dysfunction/","2026-08-11 14:05:43"
"https://synergyhealth.org/specialties/physical-therapy/vestibular-rehabilitation/","https://synergyhealth.org/specialties/physical-therapy/vestibular-rehabilitation/","text/html; charset=UTF-8","301","Moved Permanently","Non-Indexable","Redirected","","0","0","","0","0","","0","","0","","0","","0","","0","","","","","","","","","","0","0","0","0.000","","0","","","","","0.000","0","3","","0","0","0","0.000","0","0","0","0","0","0","","","","","","0.212","","https://synergyhealth.org/specialty/physical-therapy/","HTTP Redirect","","","1.1","","","","","","https://synergyhealth.org/specialties/physical-therapy/vestibular-rehabilitation/","2026-08-11 14:05:43"
"https://synergyhealth.org/specialties/physical-therapy/womens-health/","https://synergyhealth.org/specialties/physical-therapy/womens-health/","text/html; charset=UTF-8","301","Moved Permanently","Non-Indexable","Redirected","","0","0","","0","0","","0","","0","","0","","0","","0","","","","","","","","","","0","0","0","0.000","","0","","","","","0.000","0","3","","0","0","0","0.000","0","0","0","0","0","0","","","","","","0.136","","https://synergyhealth.org/specialty/physical-therapy/","HTTP Redirect","","","1.1","","","","","","https://synergyhealth.org/specialties/physical-therapy/womens-health/","2026-08-11 14:05:43"
"https://synergyhealth.org/specialties/physicians/","https://synergyhealth.org/specialties/physicians/","text/html; charset=UTF-8","301","Moved Permanently","Non-Indexable","Redirected","","0","0","","0","0","","0","","0","","0","","0","","0","","","","","","","","","","0","0","0","0.000","","0","","","","","0.000","0","2","","0","0","0","0.000","0","0","0","0","0","0","","","","","","0.144","","https://synergyhealth.org/specialty/physicians/","HTTP Redirect","","","1.1","","","","","","https://synergyhealth.org/specialties/physicians/","2026-08-11 14:05:43"
"https://synergyhealth.org/specialties/podiatry/","https://synergyhealth.org/specialties/podiatry/","text/html; charset=UTF-8","301","Moved Permanently","Non-Indexable","Redirected","","0","0","","0","0","","0","","0","","0","","0","","0","","","","","","","","","","0","0","0","0.000","","0","","","","","0.000","0","2","","0","0","0","0.000","0","0","0","0","0","0","","","","","","0.138","","https://synergyhealth.org/specialty/foot-ankle-specialists/","HTTP Redirect","","","1.1","","","","","","https://synergyhealth.org/specialties/podiatry/","2026-08-11 14:05:43"
"https://synergyhealth.org/specialties/podiatry/ankle-arthroscopy/","https://synergyhealth.org/specialties/podiatry/ankle-arthroscopy/","text/html; charset=UTF-8","301","Moved Permanently","Non-Indexable","Redirected","","0","0","","0","0","","0","","0","","0","","0","","0","","","","","","","","","","0","0","0","0.000","","0","","","","","0.000","0","3","","0","0","0","0.000","0","0","0","0","0","0","","","","","","0.150","","https://synergyhealth.org/treatment/ankle-arthroscopy/","HTTP Redirect","","","1.1","","","","","","https://synergyhealth.org/specialties/podiatry/ankle-arthroscopy/","2026-08-11 14:05:43"
"https://synergyhealth.org/specialties/podiatry/ankle-replacement-surgery/","https://synergyhealth.org/specialties/podiatry/ankle-replacement-surgery/","text/html; charset=UTF-8","301","Moved Permanently","Non-Indexable","Redirected","","0","0","","0","0","","0","","0","","0","","0","","0","","","","","","","","","","0","0","0","0.000","","0","","","","","0.000","0","3","","0","0","0","0.000","0","0","0","0","0","0","","","","","","0.126","","https://synergyhealth.org/specialty/foot-ankle-specialists/","HTTP Redirect","","","1.1","","","","","","https://synergyhealth.org/specialties/podiatry/ankle-replacement-surgery/","2026-08-11 14:05:43"
"https://synergyhealth.org/specialties/podiatry/ankle-toe-fusion/","https://synergyhealth.org/specialties/podiatry/ankle-toe-fusion/","text/html; charset=UTF-8","301","Moved Permanently","Non-Indexable","Redirected","","0","0","","0","0","","0","","0","","0","","0","","0","","","","","","","","","","0","0","0","0.000","","0","","","","","0.000","0","3","","0","0","0","0.000","0","0","0","0","0","0","","","","","","0.134","","https://synergyhealth.org/specialty/foot-ankle-specialists/","HTTP Redirect","","","1.1","","","","","","https://synergyhealth.org/specialties/podiatry/ankle-toe-fusion/","2026-08-11 14:05:43"
"https://synergyhealth.org/specialties/podiatry/bone-repair-surgery/","https://synergyhealth.org/specialties/podiatry/bone-repair-surgery/","text/html; charset=UTF-8","301","Moved Permanently","Non-Indexable","Redirected","","0","0","","0","0","","0","","0","","0","","0","","0","","","","","","","","","","0","0","0","0.000","","0","","","","","0.000","0","3","","0","0","0","0.000","0","0","0","0","0","0","","","","","","0.155","","https://synergyhealth.org/treatment/fracture-repair/","HTTP Redirect","","","1.1","","","","","","https://synergyhealth.org/specialties/podiatry/bone-repair-surgery/","2026-08-11 14:05:43"
"https://synergyhealth.org/specialties/podiatry/bunionectomy/","https://synergyhealth.org/specialties/podiatry/bunionectomy/","text/html; charset=UTF-8","301","Moved Permanently","Non-Indexable","Redirected","","0","0","","0","0","","0","","0","","0","","0","","0","","","","","","","","","","0","0","0","0.000","","0","","","","","0.000","0","3","","0","0","0","0.000","0","0","0","0","0","0","","","","","","0.152","","https://synergyhealth.org/treatment/bunionectomy/","HTTP Redirect","","","1.1","","","","","","https://synergyhealth.org/specialties/podiatry/bunionectomy/","2026-08-11 14:05:43"
"https://synergyhealth.org/specialties/podiatry/gastrocnemius-recession/","https://synergyhealth.org/specialties/podiatry/gastrocnemius-recession/","text/html; charset=UTF-8","301","Moved Permanently","Non-Indexable","Redirected","","0","0","","0","0","","0","","0","","0","","0","","0","","","","","","","","","","0","0","0","0.000","","0","","","","","0.000","0","3","","0","0","0","0.000","0","0","0","0","0","0","","","","","","0.148","","https://synergyhealth.org/treatment/gastrocnemius-recession-surgery/","HTTP Redirect","","","1.1","","","","","","https://synergyhealth.org/specialties/podiatry/gastrocnemius-recession/","2026-08-11 14:05:43"
"https://synergyhealth.org/specialties/podiatry/prp-injections/","https://synergyhealth.org/specialties/podiatry/prp-injections/","text/html; charset=UTF-8","301","Moved Permanently","Non-Indexable","Redirected","","0","0","","0","0","","0","","0","","0","","0","","0","","","","","","","","","","0","0","0","0.000","","0","","","","","0.000","0","3","","0","0","0","0.000","0","0","0","0","0","0","","","","","","0.118","","https://synergyhealth.org/treatment/prp-injections/","HTTP Redirect","","","1.1","","","","","","https://synergyhealth.org/specialties/podiatry/prp-injections/","2026-08-11 14:05:43"
"https://synergyhealth.org/specialties/podiatry/toe-arthroplasty/","https://synergyhealth.org/specialties/podiatry/toe-arthroplasty/","text/html; charset=UTF-8","301","Moved Permanently","Non-Indexable","Redirected","","0","0","","0","0","","0","","0","","0","","0","","0","","","","","","","","","","0","0","0","0.000","","0","","","","","0.000","0","3","","0","0","0","0.000","0","0","0","0","0","0","","","","","","0.149","","https://synergyhealth.org/treatment/toe-arthroplasty/","HTTP Redirect","","","1.1","","","","","","https://synergyhealth.org/specialties/podiatry/toe-arthroplasty/","2026-08-11 14:05:43"
"https://synergyhealth.org/specialties/rheumatology/","https://synergyhealth.org/specialties/rheumatology/","text/html; charset=UTF-8","301","Moved Permanently","Non-Indexable","Redirected","","0","0","","0","0","","0","","0","","0","","0","","0","","","","","","","","","","0","0","0","0.000","","0","","","","","0.000","0","2","","0","0","0","0.000","0","0","0","0","0","0","","","","","","0.153","","https://synergyhealth.org/specialty/rheumatology/","HTTP Redirect","","","1.1","","","","","","https://synergyhealth.org/specialties/rheumatology/","2026-08-11 14:05:43"
"https://synergyhealth.org/specialties/specialties/back-neck-spine/","https://synergyhealth.org/specialties/specialties/back-neck-spine/","text/html; charset=UTF-8","301","Moved Permanently","Non-Indexable","Redirected","","0","0","","0","0","","0","","0","","0","","0","","0","","","","","","","","","","0","0","0","0.000","","0","","","","","0.000","0","3","","0","0","0","0.000","0","0","0","0","0","0","","","","","","0.146","","https://synergyhealth.org/specialty/specialties/back-neck-spine/","HTTP Redirect","","","1.1","","","","","","https://synergyhealth.org/specialties/specialties/back-neck-spine/","2026-08-11 14:05:43"
"https://synergyhealth.org/specialties/specialties/orthopedics-sports-medicine-2/","https://synergyhealth.org/specialties/specialties/orthopedics-sports-medicine-2/","text/html; charset=UTF-8","301","Moved Permanently","Non-Indexable","Redirected","","0","0","","0","0","","0","","0","","0","","0","","0","","","","","","","","","","0","0","0","0.000","","0","","","","","0.000","0","3","","0","0","0","0.000","0","0","0","0","0","0","","","","","","0.147","","https://synergyhealth.org/specialty/specialties/orthopedics-sports-medicine-2/","HTTP Redirect","","","1.1","","","","","","https://synergyhealth.org/specialties/specialties/orthopedics-sports-medicine-2/","2026-08-11 14:05:43"
"https://synergyhealth.org/specialties/specialties/orthopedics-sports-medicine/","https://synergyhealth.org/specialties/specialties/orthopedics-sports-medicine/","text/html; charset=UTF-8","301","Moved Permanently","Non-Indexable","Redirected","","0","0","","0","0","","0","","0","","0","","0","","0","","","","","","","","","","0","0","0","0.000","","0","","","","","0.000","0","3","","0","0","0","0.000","0","0","0","0","0","0","","","","","","0.167","","https://synergyhealth.org/specialty/specialties/orthopedics-sports-medicine/","HTTP Redirect","","","1.1","","","","","","https://synergyhealth.org/specialties/specialties/orthopedics-sports-medicine/","2026-08-11 14:05:43"
"https://synergyhealth.org/specialties/specialties/pain-management/","https://synergyhealth.org/specialties/specialties/pain-management/","text/html; charset=UTF-8","301","Moved Permanently","Non-Indexable","Redirected","","0","0","","0","0","","0","","0","","0","","0","","0","","","","","","","","","","0","0","0","0.000","","0","","","","","0.000","0","3","","0","0","0","0.000","0","0","0","0","0","0","","","","","","0.131","","https://synergyhealth.org/specialty/specialties/pain-management/","HTTP Redirect","","","1.1","","","","","","https://synergyhealth.org/specialties/specialties/pain-management/","2026-08-11 14:05:43"
"https://synergyhealth.org/specialties/spine-back-and-neck-old/disc-arthroplasty/","https://synergyhealth.org/specialties/spine-back-and-neck-old/disc-arthroplasty/","text/html; charset=UTF-8","301","Moved Permanently","Non-Indexable","Redirected","","0","0","","0","0","","0","","0","","0","","0","","0","","","","","","","","","","0","0","0","0.000","","0","","","","","0.000","0","3","","0","0","0","0.000","0","0","0","0","0","0","","","","","","0.149","","https://synergyhealth.org/specialty/spine-back-and-neck-old/disc-arthroplasty/","HTTP Redirect","","","1.1","","","","","","https://synergyhealth.org/specialties/spine-back-and-neck-old/disc-arthroplasty/","2026-08-11 14:05:43"
"https://synergyhealth.org/specialties/spine-back-and-neck-old/lumbar-fusion/","https://synergyhealth.org/specialties/spine-back-and-neck-old/lumbar-fusion/","text/html; charset=UTF-8","301","Moved Permanently","Non-Indexable","Redirected","","0","0","","0","0","","0","","0","","0","","0","","0","","","","","","","","","","0","0","0","0.000","","0","","","","","0.000","0","3","","0","0","0","0.000","0","0","0","0","0","0","","","","","","0.152","","https://synergyhealth.org/specialty/spine-back-and-neck-old/lumbar-fusion/","HTTP Redirect","","","1.1","","","","","","https://synergyhealth.org/specialties/spine-back-and-neck-old/lumbar-fusion/","2026-08-11 14:05:43"
"https://synergyhealth.org/specialties/spine-back-and-neck-old/lumbar-stenosis/","https://synergyhealth.org/specialties/spine-back-and-neck-old/lumbar-stenosis/","text/html; charset=UTF-8","301","Moved Permanently","Non-Indexable","Redirected","","0","0","","0","0","","0","","0","","0","","0","","0","","","","","","","","","","0","0","0","0.000","","0","","","","","0.000","0","3","","0","0","0","0.000","0","0","0","0","0","0","","","","","","0.146","","https://synergyhealth.org/specialty/spine-back-and-neck-old/lumbar-stenosis/","HTTP Redirect","","","1.1","","","","","","https://synergyhealth.org/specialties/spine-back-and-neck-old/lumbar-stenosis/","2026-08-11 14:05:43"
"https://synergyhealth.org/specialties/spine-back-and-neck/","https://synergyhealth.org/specialties/spine-back-and-neck/","text/html; charset=UTF-8","301","Moved Permanently","Non-Indexable","Redirected","","0","0","","0","0","","0","","0","","0","","0","","0","","","","","","","","","","0","0","0","0.000","","0","","","","","0.000","0","2","","0","0","0","0.000","0","0","0","0","0","0","","","","","","0.153","","https://synergyhealth.org/specialty/spine-neck-back/","HTTP Redirect","","","1.1","","","","","","https://synergyhealth.org/specialties/spine-back-and-neck/","2026-08-11 14:05:42"
"https://synergyhealth.org/specialties/spine-back-and-neck/anterior-cervical-disc-replacement/","https://synergyhealth.org/specialties/spine-back-and-neck/anterior-cervical-disc-replacement/","text/html; charset=UTF-8","301","Moved Permanently","Non-Indexable","Redirected","","0","0","","0","0","","0","","0","","0","","0","","0","","","","","","","","","","0","0","0","0.000","","0","","","","","0.000","0","3","","0","0","0","0.000","0","0","0","0","0","0","","","","","","0.213","","https://synergyhealth.org/specialty/spine-back-and-neck/anterior-cervical-disc-replacement/","HTTP Redirect","","","1.1","","","","","","https://synergyhealth.org/specialties/spine-back-and-neck/anterior-cervical-disc-replacement/","2026-08-11 14:05:42"
"https://synergyhealth.org/specialties/spine-back-and-neck/anterior-cervical-discectomy-fusion/","https://synergyhealth.org/specialties/spine-back-and-neck/anterior-cervical-discectomy-fusion/","text/html; charset=UTF-8","301","Moved Permanently","Non-Indexable","Redirected","","0","0","","0","0","","0","","0","","0","","0","","0","","","","","","","","","","0","0","0","0.000","","0","","","","","0.000","0","3","","0","0","0","0.000","0","0","0","0","0","0","","","","","","0.145","","https://synergyhealth.org/specialty/spine-back-and-neck/anterior-cervical-discectomy-fusion/","HTTP Redirect","","","1.1","","","","","","https://synergyhealth.org/specialties/spine-back-and-neck/anterior-cervical-discectomy-fusion/","2026-08-11 14:05:42"
"https://synergyhealth.org/specialties/spine-back-and-neck/anterior-lumbar-interbody-fusion/","https://synergyhealth.org/specialties/spine-back-and-neck/anterior-lumbar-interbody-fusion/","text/html; charset=UTF-8","301","Moved Permanently","Non-Indexable","Redirected","","0","0","","0","0","","0","","0","","0","","0","","0","","","","","","","","","","0","0","0","0.000","","0","","","","","0.000","0","3","","0","0","0","0.000","0","0","0","0","0","0","","","","","","0.138","","https://synergyhealth.org/specialty/spine-back-and-neck/anterior-lumbar-interbody-fusion/","HTTP Redirect","","","1.1","","","","","","https://synergyhealth.org/specialties/spine-back-and-neck/anterior-lumbar-interbody-fusion/","2026-08-11 14:05:42"
"https://synergyhealth.org/specialties/spine-back-and-neck/cervical-fusion/","https://synergyhealth.org/specialties/spine-back-and-neck/cervical-fusion/","text/html; charset=UTF-8","301","Moved Permanently","Non-Indexable","Redirected","","0","0","","0","0","","0","","0","","0","","0","","0","","","","","","","","","","0","0","0","0.000","","0","","","","","0.000","0","3","","0","0","0","0.000","0","0","0","0","0","0","","","","","","0.210","","https://synergyhealth.org/treatment/lumbar-cervical-fusion/","HTTP Redirect","","","1.1","","","","","","https://synergyhealth.org/specialties/spine-back-and-neck/cervical-fusion/","2026-08-11 14:05:42"
"https://synergyhealth.org/specialties/spine-back-and-neck/cervical-laminectomy/","https://synergyhealth.org/specialties/spine-back-and-neck/cervical-laminectomy/","text/html; charset=UTF-8","301","Moved Permanently","Non-Indexable","Redirected","","0","0","","0","0","","0","","0","","0","","0","","0","","","","","","","","","","0","0","0","0.000","","0","","","","","0.000","0","3","","0","0","0","0.000","0","0","0","0","0","0","","","","","","0.148","","https://synergyhealth.org/treatment/laminectomy/","HTTP Redirect","","","1.1","","","","","","https://synergyhealth.org/specialties/spine-back-and-neck/cervical-laminectomy/","2026-08-11 14:05:42"
"https://synergyhealth.org/specialties/spine-back-and-neck/disc-arthroplasty/","https://synergyhealth.org/specialties/spine-back-and-neck/disc-arthroplasty/","text/html; charset=UTF-8","301","Moved Permanently","Non-Indexable","Redirected","","0","0","","0","0","","0","","0","","0","","0","","0","","","","","","","","","","0","0","0","0.000","","0","","","","","0.000","0","3","","0","0","0","0.000","0","0","0","0","0","0","","","","","","0.157","","https://synergyhealth.org/treatment/disc-replacement-surgery/","HTTP Redirect","","","1.1","","","","","","https://synergyhealth.org/specialties/spine-back-and-neck/disc-arthroplasty/","2026-08-11 14:05:42"
"https://synergyhealth.org/specialties/spine-back-and-neck/laminoplasty/","https://synergyhealth.org/specialties/spine-back-and-neck/laminoplasty/","text/html; charset=UTF-8","301","Moved Permanently","Non-Indexable","Redirected","","0","0","","0","0","","0","","0","","0","","0","","0","","","","","","","","","","0","0","0","0.000","","0","","","","","0.000","0","3","","0","0","0","0.000","0","0","0","0","0","0","","","","","","0.166","","https://synergyhealth.org/specialty/spine-back-and-neck/laminoplasty/","HTTP Redirect","","","1.1","","","","","","https://synergyhealth.org/specialties/spine-back-and-neck/laminoplasty/","2026-08-11 14:05:42"
"https://synergyhealth.org/specialties/spine-back-and-neck/lumbar-fusion/","https://synergyhealth.org/specialties/spine-back-and-neck/lumbar-fusion/","text/html; charset=UTF-8","301","Moved Permanently","Non-Indexable","Redirected","","0","0","","0","0","","0","","0","","0","","0","","0","","","","","","","","","","0","0","0","0.000","","0","","","","","0.000","0","3","","0","0","0","0.000","0","0","0","0","0","0","","","","","","0.163","","https://synergyhealth.org/specialty/spine-back-and-neck/lumbar-fusion/","HTTP Redirect","","","1.1","","","","","","https://synergyhealth.org/specialties/spine-back-and-neck/lumbar-fusion/","2026-08-11 14:05:42"
"https://synergyhealth.org/specialties/spine-back-and-neck/lumbar-laminectomy-2/","https://synergyhealth.org/specialties/spine-back-and-neck/lumbar-laminectomy-2/","text/html; charset=UTF-8","301","Moved Permanently","Non-Indexable","Redirected","","0","0","","0","0","","0","","0","","0","","0","","0","","","","","","","","","","0","0","0","0.000","","0","","","","","0.000","0","3","","0","0","0","0.000","0","0","0","0","0","0","","","","","","0.140","","https://synergyhealth.org/specialty/spine-back-and-neck/lumbar-laminectomy-2/","HTTP Redirect","","","1.1","","","","","","https://synergyhealth.org/specialties/spine-back-and-neck/lumbar-laminectomy-2/","2026-08-11 14:05:42"
"https://synergyhealth.org/specialties/spine-back-and-neck/lumbar-laminectomy/","https://synergyhealth.org/specialties/spine-back-and-neck/lumbar-laminectomy/","text/html; charset=UTF-8","301","Moved Permanently","Non-Indexable","Redirected","","0","0","","0","0","","0","","0","","0","","0","","0","","","","","","","","","","0","0","0","0.000","","0","","","","","0.000","0","3","","0","0","0","0.000","0","0","0","0","0","0","","","","","","0.072","","https://synergyhealth.org/treatment/laminectomy/","HTTP Redirect","","","1.1","","","","","","https://synergyhealth.org/specialties/spine-back-and-neck/lumbar-laminectomy/","2026-08-11 14:05:42"
"https://synergyhealth.org/specialties/spine-back-and-neck/microdiscectomy/","https://synergyhealth.org/specialties/spine-back-and-neck/microdiscectomy/","text/html; charset=UTF-8","301","Moved Permanently","Non-Indexable","Redirected","","0","0","","0","0","","0","","0","","0","","0","","0","","","","","","","","","","0","0","0","0.000","","0","","","","","0.000","0","3","","0","0","0","0.000","0","0","0","0","0","0","","","","","","0.148","","https://synergyhealth.org/treatment/microdiscectomy/","HTTP Redirect","","","1.1","","","","","","https://synergyhealth.org/specialties/spine-back-and-neck/microdiscectomy/","2026-08-11 14:05:42"
"https://synergyhealth.org/specialties/spine-back-and-neck/minimally-invasive-spine-surgery/","https://synergyhealth.org/specialties/spine-back-and-neck/minimally-invasive-spine-surgery/","text/html; charset=UTF-8","301","Moved Permanently","Non-Indexable","Redirected","","0","0","","0","0","","0","","0","","0","","0","","0","","","","","","","","","","0","0","0","0.000","","0","","","","","0.000","0","3","","0","0","0","0.000","0","0","0","0","0","0","","","","","","0.175","","https://synergyhealth.org/specialty/spine-back-and-neck/minimally-invasive-spine-surgery/","HTTP Redirect","","","1.1","","","","","","https://synergyhealth.org/specialties/spine-back-and-neck/minimally-invasive-spine-surgery/","2026-08-11 14:05:42"
"https://synergyhealth.org/specialties/spine-back-and-neck/port-huron-spine-neck-pain-dr-andres-munk/","https://synergyhealth.org/specialties/spine-back-and-neck/port-huron-spine-neck-pain-dr-andres-munk/","text/html; charset=UTF-8","301","Moved Permanently","Non-Indexable","Redirected","","0","0","","0","0","","0","","0","","0","","0","","0","","","","","","","","","","0","0","0","0.000","","0","","","","","0.000","0","3","","0","0","0","0.000","0","0","0","0","0","0","","","","","","0.221","","https://synergyhealth.org/specialty/spine-back-and-neck/port-huron-spine-neck-pain-dr-andres-munk/","HTTP Redirect","","","1.1","","","","","","https://synergyhealth.org/specialties/spine-back-and-neck/port-huron-spine-neck-pain-dr-andres-munk/","2026-08-11 14:05:42"
"https://synergyhealth.org/specialties/spine-back-and-neck/sacroiliac-joint-fusion/","https://synergyhealth.org/specialties/spine-back-and-neck/sacroiliac-joint-fusion/","text/html; charset=UTF-8","301","Moved Permanently","Non-Indexable","Redirected","","0","0","","0","0","","0","","0","","0","","0","","0","","","","","","","","","","0","0","0","0.000","","0","","","","","0.000","0","3","","0","0","0","0.000","0","0","0","0","0","0","","","","","","0.134","","https://synergyhealth.org/treatment/sacroiliac-joint-fusion/","HTTP Redirect","","","1.1","","","","","","https://synergyhealth.org/specialties/spine-back-and-neck/sacroiliac-joint-fusion/","2026-08-11 14:05:42"
"https://synergyhealth.org/specialties/spine-back-and-neck/spinal-deformity-surgery/","https://synergyhealth.org/specialties/spine-back-and-neck/spinal-deformity-surgery/","text/html; charset=UTF-8","301","Moved Permanently","Non-Indexable","Redirected","","0","0","","0","0","","0","","0","","0","","0","","0","","","","","","","","","","0","0","0","0.000","","0","","","","","0.000","0","3","","0","0","0","0.000","0","0","0","0","0","0","","","","","","0.149","","https://synergyhealth.org/specialty/spine-back-and-neck/spinal-deformity-surgery/","HTTP Redirect","","","1.1","","","","","","https://synergyhealth.org/specialties/spine-back-and-neck/spinal-deformity-surgery/","2026-08-11 14:05:42"
"https://synergyhealth.org/specialties/spine-back-and-neck/spinal-fusion/","https://synergyhealth.org/specialties/spine-back-and-neck/spinal-fusion/","text/html; charset=UTF-8","301","Moved Permanently","Non-Indexable","Redirected","","0","0","","0","0","","0","","0","","0","","0","","0","","","","","","","","","","0","0","0","0.000","","0","","","","","0.000","0","3","","0","0","0","0.000","0","0","0","0","0","0","","","","","","0.164","","https://synergyhealth.org/specialty/spine-back-and-neck/spinal-fusion/","HTTP Redirect","","","1.1","","","","","","https://synergyhealth.org/specialties/spine-back-and-neck/spinal-fusion/","2026-08-11 14:05:42"
"https://synergyhealth.org/specialties/spine-back-and-neck/thoracic-lumbar-decompression-surgery/","https://synergyhealth.org/specialties/spine-back-and-neck/thoracic-lumbar-decompression-surgery/","text/html; charset=UTF-8","301","Moved Permanently","Non-Indexable","Redirected","","0","0","","0","0","","0","","0","","0","","0","","0","","","","","","","","","","0","0","0","0.000","","0","","","","","0.000","0","3","","0","0","0","0.000","0","0","0","0","0","0","","","","","","0.202","","https://synergyhealth.org/specialty/spine-back-and-neck/thoracic-lumbar-decompression-surgery/","HTTP Redirect","","","1.1","","","","","","https://synergyhealth.org/specialties/spine-back-and-neck/thoracic-lumbar-decompression-surgery/","2026-08-11 14:05:42"
"https://synergyhealth.org/specialties/spine-back-and-neck/thoracic-lumbar-decompression/","https://synergyhealth.org/specialties/spine-back-and-neck/thoracic-lumbar-decompression/","text/html; charset=UTF-8","301","Moved Permanently","Non-Indexable","Redirected","","0","0","","0","0","","0","","0","","0","","0","","0","","","","","","","","","","0","0","0","0.000","","0","","","","","0.000","0","3","","0","0","0","0.000","0","0","0","0","0","0","","","","","","0.151","","https://synergyhealth.org/treatment/thoracic-lumbar-decompression/","HTTP Redirect","","","1.1","","","","","","https://synergyhealth.org/specialties/spine-back-and-neck/thoracic-lumbar-decompression/","2026-08-11 14:05:42"
"https://synergyhealth.org/specialties/spine-back-and-neck/thoracic-lumbar-fusion/","https://synergyhealth.org/specialties/spine-back-and-neck/thoracic-lumbar-fusion/","text/html; charset=UTF-8","301","Moved Permanently","Non-Indexable","Redirected","","0","0","","0","0","","0","","0","","0","","0","","0","","","","","","","","","","0","0","0","0.000","","0","","","","","0.000","0","3","","0","0","0","0.000","0","0","0","0","0","0","","","","","","0.159","","https://synergyhealth.org/treatment/lumbar-cervical-fusion/","HTTP Redirect","","","1.1","","","","","","https://synergyhealth.org/specialties/spine-back-and-neck/thoracic-lumbar-fusion/","2026-08-11 14:05:42"
"https://synergyhealth.org/specialties/spine-neck-back/","https://synergyhealth.org/specialties/spine-neck-back/","text/html; charset=UTF-8","301","Moved Permanently","Non-Indexable","Redirected","","0","0","","0","0","","0","","0","","0","","0","","0","","","","","","","","","","0","0","0","0.000","","0","","","","","0.000","0","2","","0","0","0","0.000","0","0","0","0","0","0","","","","","","0.135","","https://synergyhealth.org/specialty/spine-neck-back/","HTTP Redirect","","","1.1","","","","","","https://synergyhealth.org/specialties/spine-neck-back/","2026-08-11 14:05:42"
"https://synergyhealth.org/specialties/surgery/","https://synergyhealth.org/specialties/surgery/","text/html; charset=UTF-8","301","Moved Permanently","Non-Indexable","Redirected","","0","0","","0","0","","0","","0","","0","","0","","0","","","","","","","","","","0","0","0","0.000","","0","","","","","0.000","0","2","","0","0","0","0.000","0","0","0","0","0","0","","","","","","0.166","","https://synergyhealth.org/specialty/surgery/","HTTP Redirect","","","1.1","","","","","","https://synergyhealth.org/specialties/surgery/","2026-08-11 14:05:42"
"https://synergyhealth.org/specialties/synergy-health-partners-orthopedic-urgent-care-livonia/","https://synergyhealth.org/specialties/synergy-health-partners-orthopedic-urgent-care-livonia/","text/html; charset=UTF-8","301","Moved Permanently","Non-Indexable","Redirected","","0","0","","0","0","","0","","0","","0","","0","","0","","","","","","","","","","0","0","0","0.000","","0","","","","","0.000","0","2","","0","0","0","0.000","0","0","0","0","0","0","","","","","","0.140","","https://synergyhealth.org/specialty/synergy-health-partners-orthopedic-urgent-care-livonia/","HTTP Redirect","","","1.1","","","","","","https://synergyhealth.org/specialties/synergy-health-partners-orthopedic-urgent-care-livonia/","2026-08-11 14:05:42"
"https://synergyhealth.org/specialties/total-joint/","https://synergyhealth.org/specialties/total-joint/","text/html; charset=UTF-8","301","Moved Permanently","Non-Indexable","Redirected","","0","0","","0","0","","0","","0","","0","","0","","0","","","","","","","","","","0","0","0","0.000","","0","","","","","0.000","0","2","","0","0","0","0.000","0","0","0","0","0","0","","","","","","0.158","","https://synergyhealth.org/specialty/total-joint/","HTTP Redirect","","","1.1","","","","","","https://synergyhealth.org/specialties/total-joint/","2026-08-11 14:05:42"
"https://synergyhealth.org/specialty/","https://synergyhealth.org/specialty/","text/html; charset=UTF-8","200","OK","Indexable","","Orthopedic & Spine Specialties in Metro Detroit | Synergy Health","64","559","Synergy Health offers comprehensive orthopedic and spine care across Southeast Michigan. Explore specialties including spine, hip, knee, shoulder, hand, foot, sports medicine, and pain management.","196","1264","","0","Our Specialties","15","","0","Everything under one roof—imaging, pain management, physical therapy, and surgery when needed.","94","Choose Your Specialty","21","follow, index","","","https://synergyhealth.org/specialty/","https://synergyhealth.org/specialty/page/2/","","","","","265381","38779","38779","14.855","","2140","384","5.573","54.354","Fairly Hard","9.987","0","1","","26","21","0","8.820","356","221","0","15","13","0","","","","","ba7957cdf936cb49b1c8ec98eee555d8","0.510","Tue, 11 Aug 2026 18:05:42 GMT","","","","en-US","1.1","","","","","","https://synergyhealth.org/specialty/","2026-08-11 14:05:41"
"https://synergyhealth.org/specialty/foot-ankle-specialists/","https://synergyhealth.org/specialty/foot-ankle-specialists/","text/html; charset=UTF-8","200","OK","Indexable","","Foot & Ankle Specialists | Synergy Health Partners MI","53","470","Foot & Ankle specialists in Southeast Michigan. Board-certified podiatrists & orthopedic surgeons. Same-week appointments. Book today!","134","870","","0","Foot & Ankle","12","","0","Everything under one roof—imaging, pain management, physical therapy, and surgery when needed.","94","Common Reasons Patients Come to Us","34","index, follow, max-snippet:-1, max-video-preview:-1, max-image-preview:large","","","https://synergyhealth.org/specialty/foot-ankle-specialists/","","","","","","277885","40377","40377","15.468","","2181","396","5.508","57.879","Fairly Hard","9.341","0","2","","246","238","0","100.000","370","224","0","20","18","0","","","","","3686b419bd9c472d68eaa873543175cc","0.499","Tue, 11 Aug 2026 18:05:42 GMT","","","","en-US","1.1","","","","","","https://synergyhealth.org/specialty/foot-ankle-specialists/","2026-08-11 14:05:41"
"https://synergyhealth.org/specialty/hand-upper-extremity/livonia/","https://synergyhealth.org/specialty/hand-upper-extremity/livonia/","text/html; charset=UTF-8","404","Not Found","Non-Indexable","Client Error","","0","0","","0","0","","0","","0","","0","","0","","0","","","","","","","","","","0","0","0","0.000","","0","","","","","0.000","0","3","","0","0","0","0.000","0","0","0","0","0","0","","","","","","0.455","","","","","","1.1","","","","","","https://synergyhealth.org/specialty/hand-upper-extremity/livonia/","2026-08-11 14:05:41"
"https://synergyhealth.org/specialty/hand-wrist/","https://synergyhealth.org/specialty/hand-wrist/","text/html; charset=UTF-8","200","OK","Indexable","","Hand & Wrist Specialists in Michigan | Synergy Health Partners","62","554","Carpal tunnel, arthritis, fractures and more. Fellowship-trained hand surgeons with same-week appointments across Southeast Michigan.","133","870","","0","Hand & Wrist","12","","0","Everything under one roof—imaging, pain management, physical therapy, and surgery when needed.","94","Common Reasons Patients Come to Us","34","index, follow, max-snippet:-1, max-video-preview:-1, max-image-preview:large","","","https://synergyhealth.org/specialty/hand-wrist/","","","","","","271347","39928","39928","15.296","","2155","388","5.554","57.083","Fairly Hard","9.515","0","2","","255","238","0","100.000","374","221","0","18","16","0","","","","","9f707a81ca13a3cf9fb328ec2febb60d","0.099","Tue, 11 Aug 2026 18:05:41 GMT","","","","en-US","1.1","","","","","","https://synergyhealth.org/specialty/hand-wrist/","2026-08-11 14:05:41"
"https://synergyhealth.org/specialty/hand-wrist/livonia/","https://synergyhealth.org/specialty/hand-wrist/livonia/","text/html; charset=UTF-8","200","OK","Non-Indexable","Canonicalised","Expert Hand & Wrist Care Near Livonia | Synergy Health","54","485","Same-week Hand & Wrist appointments near Livonia. 96% of patients recommend Synergy Health for coordinated orthopedic and spine care.","133","892","","0","Expert Hand & Wrist Care Near Livonia","37","","0","SHP: Livonia","12","Hear What Patients Say About Us . . .","37","index, follow, max-snippet:-1, max-video-preview:-1, max-image-preview:large","","","https://synergyhealth.org/specialty/hand-wrist/","","","","","","261482","39733","39733","15.221","","2329","413","5.639","58.610","Fairly Hard","10.286","0","3","","6","1","0","0.420","368","223","0","12","9","0","","","","","eddd4618c1b0889c6d542163ed5fe238","0.469","Tue, 11 Aug 2026 18:05:41 GMT","","","","en-US","1.1","","","","","","https://synergyhealth.org/specialty/hand-wrist/livonia/","2026-08-11 14:05:41"
"https://synergyhealth.org/specialty/hand-wrist/southfield/","https://synergyhealth.org/specialty/hand-wrist/southfield/","text/html; charset=UTF-8","200","OK","Non-Indexable","Canonicalised","Expert Hand & Wrist Care Near Southfield | Synergy Health","57","512","Same-week Hand & Wrist appointments near Southfield. 96% of patients recommend Synergy Health for coordinated orthopedic and spine care.","136","911","","0","Expert Hand & Wrist Care Near Southfield","40","","0","SHP: Southfield","15","Hear What Patients Say About Us . . .","37","index, follow, max-snippet:-1, max-video-preview:-1, max-image-preview:large","","","https://synergyhealth.org/specialty/hand-wrist/","","","","","","247283","38259","38259","14.656","","2282","399","5.719","58.596","Fairly Hard","10.596","0","3","","6","1","0","0.420","364","223","0","10","7","0","","","","","d2421f70b750b25364e9abb1899fa179","0.482","Tue, 11 Aug 2026 18:05:41 GMT","","","","en-US","1.1","","","","","","https://synergyhealth.org/specialty/hand-wrist/southfield/","2026-08-11 14:05:41"
"https://synergyhealth.org/specialty/hand-wrist/sterling-heights/","https://synergyhealth.org/specialty/hand-wrist/sterling-heights/","text/html; charset=UTF-8","200","OK","Non-Indexable","Canonicalised","Expert Hand & Wrist Care Near Sterling Heights | Synergy Health","63","562","Same-week Hand & Wrist appointments near Sterling Heights. 96% of patients recommend Synergy Health for coordinated orthopedic and spine care.","142","948","","0","Expert Hand & Wrist Care Near Sterling Heights","46","","0","SHP: Sterling Heights","21","Hear What Patients Say About Us . . .","37","index, follow, max-snippet:-1, max-video-preview:-1, max-image-preview:large","","","https://synergyhealth.org/specialty/hand-wrist/","","","","","","268493","40003","40003","15.324","","2353","419","5.616","59.296","Fairly Hard","10.175","0","3","","6","1","0","0.420","370","223","0","13","10","0","","","","","6d9b5f8ad4d829e11d6a486b378bc482","0.485","Tue, 11 Aug 2026 18:05:41 GMT","","","","en-US","1.1","","","","","","https://synergyhealth.org/specialty/hand-wrist/sterling-heights/","2026-08-11 14:05:41"
"https://synergyhealth.org/specialty/hip/","https://synergyhealth.org/specialty/hip/","text/html; charset=UTF-8","200","OK","Indexable","","Hip Pain Treatment | Orthopedic Specialists | Synergy Health","60","533","Expert hip care in Southeast Michigan. From conservative treatment to joint replacement, our specialists help you get back to pain-free living. Book today.","155","969","","0","Hip","3","","0","Everything under one roof—imaging, pain management, physical therapy, and surgery when needed.","94","Common Reasons Patients Come to Us","34","index, follow, max-snippet:-1, max-video-preview:-1, max-image-preview:large","","","https://synergyhealth.org/specialty/hip/","","","","","","282871","40337","40337","15.452","","2192","402","5.453","55.296","Fairly Hard","9.253","0","2","","490","238","0","100.000","371","225","0","21","19","0","","","","","e1ad6e452b350e67a3e09fbebc64ce55","0.098","Tue, 11 Aug 2026 17:55:54 GMT","","","","en-US","1.1","","","","","","https://synergyhealth.org/specialty/hip/","2026-08-11 14:05:41"
"https://synergyhealth.org/specialty/knee/","https://synergyhealth.org/specialty/knee/","text/html; charset=UTF-8","200","OK","Indexable","","Knee Pain & Replacement Specialists Michigan | Synergy Health","61","565","From ACL tears to total knee replacement, expert knee care under one roof in SE Michigan. Surgeons, pain management and PT with same-week appointments.","151","1014","","0","Knee","4","","0","Everything under one roof—imaging, pain management, physical therapy, and surgery when needed.","94","Common Reasons Patients Come to Us","34","index, follow, max-snippet:-1, max-video-preview:-1, max-image-preview:large","","","https://synergyhealth.org/specialty/knee/","","","","","","286162","40403","40403","15.478","","2192","403","5.439","56.776","Fairly Hard","9.136","0","2","","493","238","0","100.000","371","224","0","22","20","0","","","","","4a824c4eb1e8e747c130fe37b7decaee","0.090","Tue, 11 Aug 2026 16:40:33 GMT","","","","en-US","1.1","","","","","","https://synergyhealth.org/specialty/knee/","2026-08-11 14:05:40"
"https://synergyhealth.org/specialty/occupational-therapy/","https://synergyhealth.org/specialty/occupational-therapy/","text/html; charset=UTF-8","200","OK","Indexable","","Occupational Therapy Services | Synergy Health Partners","55","502","Regain independence with expert occupational therapy in Michigan. Hand therapy, custom splints, functional evaluations. Same-week appointments available.","153","1003","","0","Occupational Therapy","20","","0","Related care & information","26","Everything under one roof—imaging, pain management, physical therapy, and surgery when needed.","94","index, follow, max-snippet:-1, max-video-preview:-1, max-image-preview:large","","","https://synergyhealth.org/specialty/occupational-therapy/","","","","","","253592","38275","38275","14.662","","1967","342","5.751","49.044","Hard","9.849","0","2","","8","2","0","0.840","346","225","0","14","9","0","","","","","69b391c9156a0fe44073cefd0287a253","0.095","Tue, 11 Aug 2026 18:05:40 GMT","","","","en-US","1.1","","","","","","https://synergyhealth.org/specialty/occupational-therapy/","2026-08-11 14:05:40"
"https://synergyhealth.org/specialty/orthopedic-services/","https://synergyhealth.org/specialty/orthopedic-services/","text/html; charset=UTF-8","200","OK","Indexable","","Orthopedic Services | Synergy Health Partners Michigan","54","491","Expert orthopedic care in SE Michigan. Joint replacement, sports medicine, fracture care. Board-certified surgeons. Same-week appointments. Book now!","149","970","","0","Orthopedic Services","19","","0","Everything under one roof—imaging, pain management, physical therapy, and surgery when needed.","94","Our Specialists","15","index, follow, max-snippet:-1, max-video-preview:-1, max-image-preview:large","","","https://synergyhealth.org/specialty/orthopedic-services/","","","","","","276937","39512","39512","15.136","","2082","374","5.567","54.862","Fairly Hard","9.251","0","2","","484","238","0","100.000","353","221","0","22","20","0","","","","","63603a3127e04e31c384f1ea5d4c62f9","0.533","Tue, 11 Aug 2026 18:05:40 GMT","","","","en-US","1.1","","","","","","https://synergyhealth.org/specialty/orthopedic-services/","2026-08-11 14:05:40"
"https://synergyhealth.org/specialty/orthopedic-services/livonia/","https://synergyhealth.org/specialty/orthopedic-services/livonia/","text/html; charset=UTF-8","200","OK","Non-Indexable","Canonicalised","Expert Orthopedic Services Care Near Livonia | Synergy Health","61","545","Same-week Orthopedic Services appointments near Livonia. 96% of patients recommend Synergy Health for coordinated orthopedic and spine care.","140","937","","0","Expert Orthopedic Services Care Near Livonia","44","","0","SHP: Livonia","12","Hear What Patients Say About Us . . .","37","index, follow, max-snippet:-1, max-video-preview:-1, max-image-preview:large","","","https://synergyhealth.org/specialty/orthopedic-services/","","","","","","276663","39679","39679","15.200","","2288","404","5.663","55.218","Fairly Hard","10.034","0","3","","6","1","0","0.420","351","223","0","16","13","0","","","","","9bfc0dfb2e9ee3f3d853431d78013f1d","0.566","Tue, 11 Aug 2026 18:05:40 GMT","","","","en-US","1.1","","","","","","https://synergyhealth.org/specialty/orthopedic-services/livonia/","2026-08-11 14:05:40"
"https://synergyhealth.org/specialty/orthopedic-services/southfield/","https://synergyhealth.org/specialty/orthopedic-services/southfield/","text/html; charset=UTF-8","200","OK","Non-Indexable","Canonicalised","Expert Orthopedic Services Care Near Southfield | Synergy Health","64","572","Same-week Orthopedic Services appointments near Southfield. 96% of patients recommend Synergy Health for coordinated orthopedic and spine care.","143","956","","0","Expert Orthopedic Services Care Near Southfield","47","","0","SHP: Southfield","15","Hear What Patients Say About Us . . .","37","index, follow, max-snippet:-1, max-video-preview:-1, max-image-preview:large","","","https://synergyhealth.org/specialty/orthopedic-services/","","","","","","243246","38276","38276","14.663","","2189","373","5.869","55.176","Fairly Hard","10.704","0","3","","6","1","0","0.420","341","221","0","11","8","0","","","","","fbbf1d84e74087cdf1467d2c6bea265c","0.530","Tue, 11 Aug 2026 18:05:40 GMT","","","","en-US","1.1","","","","","","https://synergyhealth.org/specialty/orthopedic-services/southfield/","2026-08-11 14:05:40"
"https://synergyhealth.org/specialty/orthopedic-services/sterling-heights/","https://synergyhealth.org/specialty/orthopedic-services/sterling-heights/","text/html; charset=UTF-8","200","OK","Non-Indexable","Canonicalised","Expert Orthopedic Services Care Near Sterling Heights | Synergy Health","70","622","Same-week Orthopedic Services appointments near Sterling Heights. 96% of patients recommend Synergy Health for coordinated orthopedic and spine care.","149","993","","0","Expert Orthopedic Services Care Near Sterling Heights","53","","0","SHP: Sterling Heights","21","Hear What Patients Say About Us . . .","37","index, follow, max-snippet:-1, max-video-preview:-1, max-image-preview:large","","","https://synergyhealth.org/specialty/orthopedic-services/","","","","","","276727","39700","39700","15.208","","2291","403","5.685","56.126","Fairly Hard","10.048","0","3","","6","1","0","0.420","351","222","0","16","13","0","","","","","173c82cb1337928728e1aabd3180d3e3","0.545","Tue, 11 Aug 2026 18:05:40 GMT","","","","en-US","1.1","","","","","","https://synergyhealth.org/specialty/orthopedic-services/sterling-heights/","2026-08-11 14:05:40"
"https://synergyhealth.org/specialty/orthopedics/","https://synergyhealth.org/specialty/orthopedics/","text/html; charset=UTF-8","301","Moved Permanently","Non-Indexable","Redirected","","0","0","","0","0","","0","","0","","0","","0","","0","","","","","","","","","","0","0","0","0.000","","0","","","","","0.000","0","2","","0","0","0","0.000","0","0","0","0","0","0","","","","","","0.134","","https://synergyhealth.org/specialty/orthopedic-services/","HTTP Redirect","","","1.1","","","","","","https://synergyhealth.org/specialty/orthopedics/","2026-08-11 14:05:40"
"https://synergyhealth.org/specialty/pain-management/","https://synergyhealth.org/specialty/pain-management/","text/html; charset=UTF-8","404","Not Found","Non-Indexable","Client Error","","0","0","","0","0","","0","","0","","0","","0","","0","","","","","","","","","","0","0","0","0.000","","0","","","","","0.000","0","2","","0","0","0","0.000","0","0","0","0","0","0","","","","","","0.472","","","","","","1.1","","","","","","https://synergyhealth.org/specialty/pain-management/","2026-08-11 14:05:39"
"https://synergyhealth.org/specialty/pain-management/ketamine-infusion/","https://synergyhealth.org/specialty/pain-management/ketamine-infusion/","text/html; charset=UTF-8","404","Not Found","Non-Indexable","Client Error","","0","0","","0","0","","0","","0","","0","","0","","0","","","","","","","","","","0","0","0","0.000","","0","","","","","0.000","0","3","","0","0","0","0.000","0","0","0","0","0","0","","","","","","0.478","","","","","","1.1","","","","","","https://synergyhealth.org/specialty/pain-management/ketamine-infusion/","2026-08-11 14:05:39"
"https://synergyhealth.org/specialty/physical-therapy/","https://synergyhealth.org/specialty/physical-therapy/","text/html; charset=UTF-8","200","OK","Indexable","","Physical Therapy | Synergy Health Partners Michigan","51","467","Expert physical therapy in Southeast Michigan. Personalized treatment plans integrated with orthopedic care. Schedule your evaluation today.","140","899","","0","Physical Therapy","16","","0","Everything under one roof—imaging, pain management, physical therapy, and surgery when needed.","94","Our Specialists","15","index, follow, max-snippet:-1, max-video-preview:-1, max-image-preview:large","","","https://synergyhealth.org/specialty/physical-therapy/","","","","","","335483","41230","41230","15.794","","2222","437","5.085","57.907","Fairly Hard","7.933","0","2","","8","2","0","0.840","366","242","0","33","12","0","","","","","e58f84a02240ea701433f4c83773f10a","0.594","Tue, 11 Aug 2026 18:05:40 GMT","","","","en-US","1.1","","","","","","https://synergyhealth.org/specialty/physical-therapy/","2026-08-11 14:05:39"
"https://synergyhealth.org/specialty/primary-care-physician/","https://synergyhealth.org/specialty/primary-care-physician/","text/html; charset=UTF-8","200","OK","Indexable","","Primary Care Physician | Synergy Health Partners Michigan","57","521","Comprehensive primary care from board-certified physicians in Southeast Michigan. Preventive care, chronic disease management & specialist coordination. Book today.","164","1070","","0","Primary Care Physician","22","","0","Everything under one roof—imaging, pain management, physical therapy, and surgery when needed.","94","Our Specialists","15","index, follow, max-snippet:-1, max-video-preview:-1, max-image-preview:large","","","https://synergyhealth.org/specialty/primary-care-physician/","","","","","","244097","37847","37847","14.498","","1961","334","5.871","50.399","Fairly Hard","10.180","0","2","","8","2","0","0.840","344","222","0","13","11","0","","","","","df32634d07c21dd368b93672951a757f","0.493","Tue, 11 Aug 2026 18:05:40 GMT","","","","en-US","1.1","","","","","","https://synergyhealth.org/specialty/primary-care-physician/","2026-08-11 14:05:39"
"https://synergyhealth.org/specialty/shoulder-elbow/","https://synergyhealth.org/specialty/shoulder-elbow/","text/html; charset=UTF-8","200","OK","Indexable","","Shoulder & Elbow Specialists Michigan | Synergy Health","54","491","Expert shoulder & elbow care in Southeast Michigan. Fellowship-trained specialists offer arthroscopy, rotator cuff repair & comprehensive treatment. Book today.","160","1017","","0","Shoulder & Elbow","16","","0","Everything under one roof—imaging, pain management, physical therapy, and surgery when needed.","94","Common Reasons Patients Come to Us","34","index, follow, max-snippet:-1, max-video-preview:-1, max-image-preview:large","","","https://synergyhealth.org/specialty/shoulder-elbow/","","","","","","284253","40447","40447","15.494","","2240","407","5.504","54.256","Fairly Hard","9.370","0","2","","257","238","0","100.000","376","223","0","21","19","0","","","","","522283b3ed68b73f19b6c49766549c07","0.554","Tue, 11 Aug 2026 18:05:40 GMT","","","","en-US","1.1","","","","","","https://synergyhealth.org/specialty/shoulder-elbow/","2026-08-11 14:05:39"
"https://synergyhealth.org/specialty/spine-back-and-neck/port-huron-spine-neck-pain-dr-andres-munk/","https://synergyhealth.org/specialty/spine-back-and-neck/port-huron-spine-neck-pain-dr-andres-munk/","text/html; charset=UTF-8","404","Not Found","Non-Indexable","Client Error","","0","0","","0","0","","0","","0","","0","","0","","0","","","","","","","","","","0","0","0","0.000","","0","","","","","0.000","0","3","","0","0","0","0.000","0","0","0","0","0","0","","","","","","0.480","","","","","","1.1","","","","","","https://synergyhealth.org/specialty/spine-back-and-neck/port-huron-spine-neck-pain-dr-andres-munk/","2026-08-11 14:05:39"
"https://synergyhealth.org/specialty/spine-neck-back/","https://synergyhealth.org/specialty/spine-neck-back/","text/html; charset=UTF-8","200","OK","Indexable","","Spine, Neck & Back Specialists Michigan | Synergy Health","56","508","Fellowship-trained spine surgeons and pain specialists in SE Michigan. Same-week appointments for stenosis, herniated discs, sciatica, and more.","144","923","","0","Spine, Neck & Back","18","","0","Everything under one roof—imaging, pain management, physical therapy, and surgery when needed.","94","Common Reasons Patients Come to Us","34","index, follow, max-snippet:-1, max-video-preview:-1, max-image-preview:large","","","https://synergyhealth.org/specialty/spine-neck-back/","","","","","","292707","41865","41865","16.038","","2380","430","5.535","55.869","Fairly Hard","9.369","0","2","","484","238","0","100.000","393","229","0","21","19","0","","","","","432d8b28d8ae1f22757efc80c37f576a","0.560","Tue, 11 Aug 2026 18:05:39 GMT","","","","en-US","1.1","","","","","","https://synergyhealth.org/specialty/spine-neck-back/","2026-08-11 14:05:39"
"https://synergyhealth.org/specialty/spine-neck-back/livonia/","https://synergyhealth.org/specialty/spine-neck-back/livonia/","text/html; charset=UTF-8","200","OK","Non-Indexable","Canonicalised","Expert Spine, Neck & Back Care Near Livonia | Synergy Health","60","540","Same-week Spine, Neck & Back appointments near Livonia. 96% of patients recommend Synergy Health for coordinated orthopedic and spine care.","139","931","","0","Expert Spine, Neck & Back Care Near Livonia","43","","0","SHP: Livonia","12","Hear What Patients Say About Us . . .","37","index, follow, max-snippet:-1, max-video-preview:-1, max-image-preview:large","","","https://synergyhealth.org/specialty/spine-neck-back/","","","","","","281868","41200","41200","15.783","","2423","444","5.457","56.502","Fairly Hard","9.964","0","3","","6","1","0","0.420","385","227","0","15","12","0","","","","","6ad01ad18a3d0c122bad8a0248b2acd","0.520","Tue, 11 Aug 2026 18:05:39 GMT","","","","en-US","1.1","","","","","","https://synergyhealth.org/specialty/spine-neck-back/livonia/","2026-08-11 14:05:38"
"https://synergyhealth.org/specialty/spine-neck-back/southfield/","https://synergyhealth.org/specialty/spine-neck-back/southfield/","text/html; charset=UTF-8","200","OK","Non-Indexable","Canonicalised","Expert Spine, Neck & Back Care Near Southfield | Synergy Health","63","567","Same-week Spine, Neck & Back appointments near Southfield. 96% of patients recommend Synergy Health for coordinated orthopedic and spine care.","142","950","","0","Expert Spine, Neck & Back Care Near Southfield","46","","0","SHP: Southfield","15","Hear What Patients Say About Us . . .","37","index, follow, max-snippet:-1, max-video-preview:-1, max-image-preview:large","","","https://synergyhealth.org/specialty/spine-neck-back/","","","","","","261264","40274","40274","15.428","","2375","426","5.575","56.056","Fairly Hard","10.400","0","3","","6","1","0","0.420","379","225","0","12","9","0","","","","","4b5f89274732a6669be02906c58d63ba","0.484","Tue, 11 Aug 2026 18:05:39 GMT","","","","en-US","1.1","","","","","","https://synergyhealth.org/specialty/spine-neck-back/southfield/","2026-08-11 14:05:38"
"https://synergyhealth.org/specialty/spine-neck-back/sterling-heights/","https://synergyhealth.org/specialty/spine-neck-back/sterling-heights/","text/html; charset=UTF-8","200","OK","Non-Indexable","Canonicalised","Expert Spine, Neck & Back Care Near Sterling Heights | Synergy Health","69","618","Same-week Spine, Neck & Back appointments near Sterling Heights. 96% of patients recommend Synergy Health for coordinated orthopedic and spine care.","148","987","","0","Expert Spine, Neck & Back Care Near Sterling Heights","52","","0","SHP: Sterling Heights","21","Hear What Patients Say About Us . . .","37","index, follow, max-snippet:-1, max-video-preview:-1, max-image-preview:large","","","https://synergyhealth.org/specialty/spine-neck-back/","","","","","","289083","41427","41427","15.870","","2441","450","5.424","57.429","Fairly Hard","9.833","0","3","","6","1","0","0.420","387","228","0","16","13","0","","","","","44c9c698fc2b6d871d38d52326401fa8","0.584","Tue, 11 Aug 2026 18:05:39 GMT","","","","en-US","1.1","","","","","","https://synergyhealth.org/specialty/spine-neck-back/sterling-heights/","2026-08-11 14:05:38"
"https://synergyhealth.org/specialty/sports-medicine/","https://synergyhealth.org/specialty/sports-medicine/","text/html; charset=UTF-8","200","OK","Indexable","","Sports Medicine Specialists | Synergy Health Partners MI","56","501","Expert sports medicine care in Southeast Michigan. ACL reconstruction, shoulder injuries, concussion management & more. Same-week appointments. Book today!","155","1036","","0","Sports Medicine","15","","0","Related care & information","26","Everything under one roof—imaging, pain management, physical therapy, and surgery when needed.","94","index, follow, max-snippet:-1, max-video-preview:-1, max-image-preview:large","","","https://synergyhealth.org/specialty/sports-medicine/","","","","","","262652","39409","39409","15.097","","2157","379","5.691","54.214","Fairly Hard","9.869","0","2","","484","238","0","100.000","370","221","0","16","14","0","","","","","3b87b0fb544ea009ac582f4500ebf667","0.533","Tue, 11 Aug 2026 18:05:39 GMT","","","","en-US","1.1","","","","","","https://synergyhealth.org/specialty/sports-medicine/","2026-08-11 14:05:38"
"https://synergyhealth.org/specialty/synergy-health-partners-orthopedic-urgent-care-livonia/","https://synergyhealth.org/specialty/synergy-health-partners-orthopedic-urgent-care-livonia/","text/html; charset=UTF-8","404","Not Found","Non-Indexable","Client Error","","0","0","","0","0","","0","","0","","0","","0","","0","","","","","","","","","","0","0","0","0.000","","0","","","","","0.000","0","2","","0","0","0","0.000","0","0","0","0","0","0","","","","","","0.501","","","","","","1.1","","","","","","https://synergyhealth.org/specialty/synergy-health-partners-orthopedic-urgent-care-livonia/","2026-08-11 14:05:38"
"https://synergyhealth.org/synergy-health-partners-mendelson-kornblum-in-the-arthritis-foundation-2021-jingle-bell-run/","https://synergyhealth.org/synergy-health-partners-mendelson-kornblum-in-the-arthritis-foundation-2021-jingle-bell-run/","text/html; charset=UTF-8","301","Moved Permanently","Non-Indexable","Redirected","","0","0","","0","0","","0","","0","","0","","0","","0","","","","","","","","","","0","0","0","0.000","","0","","","","","0.000","0","1","","0","0","0","0.000","0","0","0","0","0","0","","","","","","0.145","","https://synergyhealth.org/synergy-health-partners-mendelson-orthopedics-in-the-arthritis-foundation-2021-jingle-bell-run/","HTTP Redirect","","","1.1","","","","","","https://synergyhealth.org/synergy-health-partners-mendelson-kornblum-in-the-arthritis-foundation-2021-jingle-bell-run/","2026-08-11 14:05:38"
"https://synergyhealth.org/the-mendelson-kornblum-difference/","https://synergyhealth.org/the-mendelson-kornblum-difference/","text/html; charset=UTF-8","200","OK","Non-Indexable","noindex","The Mendelson Orthopedics & Spine Difference | Synergy Health","61","565","THE MENDELSON ORTHOPEDICS & SPINE DIFFERENCE. Click to learn more about why we're celebrating over 40 years of expert care.","123","847","","0","The Mendelson Orthopedics & Spine Difference","44","","0","Expert Insights, Delivered to Your Inbox","40","Other Posts You Might Like","26","noindex, follow","","","","","","","","","230850","37505","37505","14.367","","1757","295","5.956","54.028","Fairly Hard","9.929","0","1","","6","1","0","0.420","344","222","0","12","10","0","","","","","1a1d5170681336548cbf5bd741ce7061","0.432","Tue, 11 Aug 2026 18:05:38 GMT","","","","en-US","1.1","","","","","","https://synergyhealth.org/the-mendelson-kornblum-difference/","2026-08-11 14:05:38"
"https://synergyhealth.org/treatment-type/non-surgical/","https://synergyhealth.org/treatment-type/non-surgical/","text/html; charset=UTF-8","200","OK","Indexable","","Non-Surgical Treatments | Synergy Health","40","370","Learn about non-surgical treatment options at Synergy Health. Expert orthopedic and spine specialists with same-week appointments in Michigan.","142","926","","0","Non-Surgical Treatments","23","","0","Browse Non-Surgical Treatments","30","Not sure which treatment is right for you? Our specialists will help you find the best path forward.","100","follow, index, max-snippet:-1, max-video-preview:-1, max-image-preview:large","","","https://synergyhealth.org/treatment-type/non-surgical/","https://synergyhealth.org/treatment-type/non-surgical/page/2/","","","","","220009","34370","34370","13.166","","1661","273","6.084","49.439","Hard","10.132","0","2","","244","238","0","100.000","357","217","0","8","6","0","","","","","af2e6e0893b7a69e9cca0d0748b56eb4","0.532","Tue, 11 Aug 2026 18:05:38 GMT","","","","en-US","1.1","","","","","","https://synergyhealth.org/treatment-type/non-surgical/","2026-08-11 14:05:38"
"https://synergyhealth.org/treatment-type/surgical/","https://synergyhealth.org/treatment-type/surgical/","text/html; charset=UTF-8","200","OK","Indexable","","Surgical Treatments | Synergy Health","36","327","Learn about surgical treatment options at Synergy Health. Expert orthopedic and spine specialists with same-week appointments in Michigan.","138","898","","0","Surgical Treatments","19","","0","Browse Surgical Treatments","26","Not sure which treatment is right for you? Our specialists will help you find the best path forward.","100","follow, index, max-snippet:-1, max-video-preview:-1, max-image-preview:large","","","https://synergyhealth.org/treatment-type/surgical/","https://synergyhealth.org/treatment-type/surgical/page/2/","","","","","231089","35232","35232","13.497","","1749","283","6.180","46.018","Hard","9.977","0","2","","244","238","0","100.000","388","217","0","8","6","0","","","","","9544f8f13e96b16d25a04bed765402a6","0.484","Tue, 11 Aug 2026 18:05:38 GMT","","","","en-US","1.1","","","","","","https://synergyhealth.org/treatment-type/surgical/","2026-08-11 14:05:38"
"https://synergyhealth.org/treatment/","https://synergyhealth.org/treatment/","text/html; charset=UTF-8","200","OK","Indexable","","Orthopedic & Spine Treatments in Metro Detroit | Synergy Health","63","565","Browse surgical and non-surgical treatments offered by Synergy Health's specialists — from physical therapy and injections to total joint replacement and minimally invasive spine surgery.","187","1181","","0","Treatments We Offer","19","","0","Personalized treatment plans from diagnosis through recovery—nonsurgical and surgical options available.","104","Browse All Treatments","21","follow, index","","","https://synergyhealth.org/treatment/","","","","","","266451","38861","38861","14.887","","2144","410","5.229","53.398","Fairly Hard","9.565","0","1","","557","238","0","100.000","417","219","0","15","13","0","","","","","32c6c1410f28a1af06c32b2d6e52ec89","0.497","Tue, 11 Aug 2026 18:05:38 GMT","","","","en-US","1.1","","","","","","https://synergyhealth.org/treatment/","2026-08-11 14:05:37"
"https://synergyhealth.org/treatment/ac-joint-reconstruction/","https://synergyhealth.org/treatment/ac-joint-reconstruction/","text/html; charset=UTF-8","200","OK","Indexable","","AC Joint Reconstruction Surgery | Synergy Health Partners","57","514","Expert AC joint reconstruction surgery in Southeast Michigan. Fellowship-trained surgeons, advanced techniques, comprehensive care. Schedule your consultation.","159","1033","","0","AC Joint Reconstruction","23","","0","Expert AC joint care from diagnosis to recovery—all in one place.","65","Schedule Your Consultation","26","index, follow, max-snippet:-1, max-video-preview:-1, max-image-preview:large","","","https://synergyhealth.org/treatment/ac-joint-reconstruction/","","","","","","294485","42223","42223","16.175","","2534","453","5.594","51.822","Fairly Hard","9.816","0","2","","496","238","0","100.000","351","221","0","21","19","0","","","","","51ae409097d5e3ebedc4ee327353bd7","0.580","Tue, 11 Aug 2026 18:05:38 GMT","","","","en-US","1.1","","","","","","https://synergyhealth.org/treatment/ac-joint-reconstruction/","2026-08-11 14:05:37"
"https://synergyhealth.org/treatment/achilles-tendon-repair/","https://synergyhealth.org/treatment/achilles-tendon-repair/","text/html; charset=UTF-8","200","OK","Indexable","","Achilles Tendon Repair | Orthopedic Surgery Michigan","52","473","Expert Achilles tendon repair at Synergy Health Partners. Minimally invasive surgery & comprehensive rehab. Schedule your consultation today in Southeast Michigan.","163","1052","","0","Achilles Tendon Repair","22","","0","Comprehensive Achilles tendon care—from diagnosis to full recovery.","67","Schedule Your Consultation","26","index, follow, max-snippet:-1, max-video-preview:-1, max-image-preview:large","","","https://synergyhealth.org/treatment/achilles-tendon-repair/","","","","","","328348","47256","47256","18.103","","4011","728","5.510","60.116","Normal","11.503","0","2","","256","238","0","100.000","350","221","0","20","18","0","","","","","a70066cbe5ac611d18bc184885429f38","0.528","Tue, 11 Aug 2026 18:05:38 GMT","","","","en-US","1.1","","","","","","https://synergyhealth.org/treatment/achilles-tendon-repair/","2026-08-11 14:05:37"
"https://synergyhealth.org/treatment/acl-reconstruction/","https://synergyhealth.org/treatment/acl-reconstruction/","text/html; charset=UTF-8","200","OK","Indexable","","ACL Reconstruction Surgery | Synergy Health Partners MI","55","502","Expert ACL reconstruction in Southeast Michigan. Fellowship-trained surgeons, advanced techniques, comprehensive rehab. 92% return to activity rate.","148","958","","0","ACL Reconstruction","18","","0","Get back in the game with expert ACL care—all under one roof.","61","Schedule Your ACL Evaluation","28","index, follow, max-snippet:-1, max-video-preview:-1, max-image-preview:large","","","https://synergyhealth.org/treatment/acl-reconstruction/","","","","","","297758","42429","42429","16.254","","2491","453","5.499","49.442","Hard","9.680","0","2","","493","238","0","100.000","352","221","0","22","20","0","","","","","93c36b50e1518fbc163fd9d3b1b3e36b","0.517","Tue, 11 Aug 2026 18:05:37 GMT","","","","en-US","1.1","","","","","","https://synergyhealth.org/treatment/acl-reconstruction/","2026-08-11 14:05:37"
"https://synergyhealth.org/treatment/ankle-arthroscopy/","https://synergyhealth.org/treatment/ankle-arthroscopy/","text/html; charset=UTF-8","200","OK","Indexable","","Ankle Arthroscopy | Southeast Michigan | Synergy Health","55","502","Expert ankle arthroscopy in Livonia & Sterling Heights. Minimally invasive treatment for ankle pain, injuries & arthritis. Schedule your consultation today.","156","956","","0","Ankle Arthroscopy","17","","0","Minimally invasive ankle care—faster healing, better outcomes.","62","Schedule Your Ankle Evaluation","30","index, follow, max-snippet:-1, max-video-preview:-1, max-image-preview:large","","","https://synergyhealth.org/treatment/ankle-arthroscopy/","","","","","","327764","47041","47041","18.021","","3948","719","5.491","59.576","Fairly Hard","11.386","0","2","","494","238","0","100.000","350","221","0","20","18","0","","","","","5ff8354628045d2ccc3daca43d0c7756","0.507","Tue, 11 Aug 2026 18:05:37 GMT","","","","en-US","1.1","","","","","","https://synergyhealth.org/treatment/ankle-arthroscopy/","2026-08-11 14:05:37"
"https://synergyhealth.org/treatment/biceps-tenodesis-tenotomy/","https://synergyhealth.org/treatment/biceps-tenodesis-tenotomy/","text/html; charset=UTF-8","200","OK","Indexable","","Biceps Tenodesis Surgery / Tenotomy Surgery | Synergy Health","60","556","Expert biceps tendon repair at Synergy Health Partners. Fellowship-trained surgeons, minimally invasive techniques, comprehensive care. Schedule your consultation today.","169","1090","","0","Biceps Tenodesis / Tenotomy","27","","0","Comprehensive biceps tendon care—from diagnosis to full recovery.","65","Schedule Your Shoulder Consultation","35","index, follow, max-snippet:-1, max-video-preview:-1, max-image-preview:large","","","https://synergyhealth.org/treatment/biceps-tenodesis-tenotomy/","","","","","","294281","42343","42343","16.221","","2530","455","5.560","48.945","Hard","9.881","0","2","","496","238","0","100.000","351","221","0","21","19","0","","","","","a2814b5aefca276b5eedca42a0c59337","0.527","Tue, 11 Aug 2026 18:05:37 GMT","","","","en-US","1.1","","","","","","https://synergyhealth.org/treatment/biceps-tenodesis-tenotomy/","2026-08-11 14:05:37"
"https://synergyhealth.org/treatment/bunionectomy/","https://synergyhealth.org/treatment/bunionectomy/","text/html; charset=UTF-8","200","OK","Indexable","","Bunionectomy Surgery Michigan | Synergy Health Partners","55","515","Expert bunionectomy surgery in Southeast Michigan. Fellowship-trained foot surgeons offer advanced bunion correction with faster recovery. Schedule consultation today.","167","1080","","0","Bunionectomy","12","","0","From conservative care to advanced surgery—comprehensive bunion treatment under one roof.","89","Schedule Your Consultation","26","index, follow, max-snippet:-1, max-video-preview:-1, max-image-preview:large","","","https://synergyhealth.org/treatment/bunionectomy/","","","","","","329535","47188","47188","18.077","","3973","726","5.472","60.273","Normal","11.362","0","2","","494","238","0","100.000","351","221","0","20","18","0","","","","","780da2a0e5afebe8685597248a7d42f2","0.519","Tue, 11 Aug 2026 18:05:37 GMT","","","","en-US","1.1","","","","","","https://synergyhealth.org/treatment/bunionectomy/","2026-08-11 14:05:36"
"https://synergyhealth.org/treatment/carpal-tunnel-release-surgery/","https://synergyhealth.org/treatment/carpal-tunnel-release-surgery/","text/html; charset=UTF-8","200","OK","Indexable","","Carpal Tunnel Release Surgery Michigan | Synergy Health","55","505","Minimally invasive carpal tunnel release in Livonia and Sterling Heights. Faster recovery with fellowship-trained hand surgeons. Schedule a same-week consult.","158","1008","","0","Carpal Tunnel Release","21","","0","Complete hand and wrist care—from diagnosis to full recovery.","61","Schedule Your Consultation","26","index, follow, max-snippet:-1, max-video-preview:-1, max-image-preview:large","","","https://synergyhealth.org/treatment/carpal-tunnel-release-surgery/","","","","","","312037","44843","44843","17.179","","3395","607","5.593","61.063","Normal","10.718","0","2","","259","238","0","100.000","348","218","0","18","16","0","","","","","39325c768671f17ef0f7c3de3ddae6b0","0.087","Tue, 11 Aug 2026 16:31:18 GMT","","","","en-US","1.1","","","","","","https://synergyhealth.org/treatment/carpal-tunnel-release-surgery/","2026-08-11 14:05:36"
"https://synergyhealth.org/treatment/caudal-esi/","https://synergyhealth.org/treatment/caudal-esi/","text/html; charset=UTF-8","200","OK","Indexable","","Caudal ESI Treatment | Synergy Health Partners MI","49","449","Caudal ESI epidural steroid injections for lower back and leg pain — how they work, who they help, and what to expect. Conservative care comes first.","149","942","","0","Caudal ESI","10","","0","Advanced pain management techniques—all under one roof.","55","Schedule Your Pain Consultation","31","index, follow, max-snippet:-1, max-video-preview:-1, max-image-preview:large","","","https://synergyhealth.org/treatment/caudal-esi/","","","","","","326032","46234","46234","17.711","","3593","646","5.562","62.199","Normal","10.674","0","2","","501","238","0","100.000","351","222","0","20","18","0","","","","","eefa3fc585034ab7aab5106cb99af7ea","0.547","Tue, 11 Aug 2026 18:05:37 GMT","","","","en-US","1.1","","","","","","https://synergyhealth.org/treatment/caudal-esi/","2026-08-11 14:05:36"
"https://synergyhealth.org/treatment/chiropractic-care/","https://synergyhealth.org/treatment/chiropractic-care/","text/html; charset=UTF-8","200","OK","Indexable","","Chiropractic Care in Southeast Michigan | Synergy Health","56","504","Expert chiropractic care in Livonia and Sterling Heights. Natural pain relief for back, neck pain, and headaches. Schedule your consultation today.","147","913","","0","Chiropractic Care","17","","0","Comprehensive chiropractic care integrated with your complete treatment plan.","77","Schedule Your Consultation","26","index, follow, max-snippet:-1, max-video-preview:-1, max-image-preview:large","","","https://synergyhealth.org/treatment/chiropractic-care/","","","","","","322149","45771","45771","17.534","","3472","630","5.511","63.035","Normal","10.537","0","2","","501","238","0","100.000","350","222","0","20","18","0","","","","","e609c05b4f3348b45c89888f93e1d5cf","0.498","Tue, 11 Aug 2026 18:05:36 GMT","","","","en-US","1.1","","","","","","https://synergyhealth.org/treatment/chiropractic-care/","2026-08-11 14:05:36"
"https://synergyhealth.org/treatment/cmc-arthroplasty/","https://synergyhealth.org/treatment/cmc-arthroplasty/","text/html; charset=UTF-8","200","OK","Indexable","","CMC Arthroplasty | Thumb Arthritis Surgery | Synergy Health","59","528","Expert CMC arthroplasty for thumb arthritis at Synergy Health Partners. Fellowship-trained hand surgeons in Livonia & Sterling Heights. Schedule your consultation.","163","1033","","0","CMC Arthroplasty","16","","0","Expert hand care from diagnosis to recovery—all in one place.","61","Schedule Your Consultation","26","index, follow, max-snippet:-1, max-video-preview:-1, max-image-preview:large","","","https://synergyhealth.org/treatment/cmc-arthroplasty/","","","","","","313901","44855","44855","17.183","","3359","607","5.534","62.342","Normal","10.594","0","2","","259","238","0","100.000","348","218","0","18","16","0","","","","","3ecf8dbeca49a26a01f30386f84bc214","0.471","Tue, 11 Aug 2026 18:05:36 GMT","","","","en-US","1.1","","","","","","https://synergyhealth.org/treatment/cmc-arthroplasty/","2026-08-11 14:05:36"
"https://synergyhealth.org/treatment/cubital-tunnel-release/","https://synergyhealth.org/treatment/cubital-tunnel-release/","text/html; charset=UTF-8","200","OK","Indexable","","Cubital Tunnel Release Surgery | Synergy Health Partners","56","502","Expert cubital tunnel release surgery in Southeast Michigan. Fellowship-trained surgeons, minimally invasive techniques, comprehensive care. Schedule your consultation today.","174","1118","","0","Cubital Tunnel Release","22","","0","Specialized nerve decompression surgery—comprehensive care in Southeast Michigan.","81","Schedule Your Consultation","26","index, follow, max-snippet:-1, max-video-preview:-1, max-image-preview:large","","","https://synergyhealth.org/treatment/cubital-tunnel-release/","","","","","","311970","44863","44863","17.186","","3375","606","5.569","60.759","Normal","10.706","0","2","","259","238","0","100.000","348","218","0","18","16","0","","","","","d5d90f9daf1d6714e2402d8c27aabe61","0.111","Tue, 11 Aug 2026 16:43:45 GMT","","","","en-US","1.1","","","","","","https://synergyhealth.org/treatment/cubital-tunnel-release/","2026-08-11 14:05:36"
"https://synergyhealth.org/treatment/custom-orthoses-splints/","https://synergyhealth.org/treatment/custom-orthoses-splints/","text/html; charset=UTF-8","200","OK","Indexable","","Custom Orthoses & Splints | Synergy Health Michigan","51","473","Expert custom orthotic devices & splints in Southeast Michigan. Our occupational therapists create personalized solutions for hand, wrist & arm conditions. Schedule today.","171","1082","","0","Custom Orthoses & Splints","25","","0","Personalized orthotic solutions designed for your specific needs","64","Schedule Your Custom Fitting","28","index, follow, max-snippet:-1, max-video-preview:-1, max-image-preview:large","","","https://synergyhealth.org/treatment/custom-orthoses-splints/","","","","","","316135","45159","45159","17.300","","3452","618","5.586","59.169","Fairly Hard","10.787","0","2","","497","238","0","100.000","348","218","0","18","16","0","","","","","eae38d3a82fdf57efce7a575485a8be0","0.073","Tue, 11 Aug 2026 16:21:10 GMT","","","","en-US","1.1","","","","","","https://synergyhealth.org/treatment/custom-orthoses-splints/","2026-08-11 14:05:36"
"https://synergyhealth.org/treatment/de-quervains-release-surgery/","https://synergyhealth.org/treatment/de-quervains-release-surgery/","text/html; charset=UTF-8","200","OK","Indexable","","De Quervain's Release Surgery | Hand Specialists | Synergy Health","65","578","Expert De Quervain's release surgery in Southeast Michigan. Fellowship-trained hand surgeons provide minimally invasive treatment for thumb tendon pain.","152","985","","0","De Quervain’s Release","21","","0","Expert hand surgery with comprehensive recovery support—all in one place.","73","Schedule Your Hand Surgery Consultation","39","index, follow, max-snippet:-1, max-video-preview:-1, max-image-preview:large","","","https://synergyhealth.org/treatment/de-quervains-release-surgery/","","","","","","311307","44831","44831","17.174","","3339","598","5.584","60.649","Normal","10.663","0","2","","259","238","0","100.000","348","218","0","18","16","0","","","","","254a4281d90ec0044b92ab4145832e22","0.189","Tue, 11 Aug 2026 18:05:35 GMT","","","","en-US","1.1","","","","","","https://synergyhealth.org/treatment/de-quervains-release-surgery/","2026-08-11 14:05:35"
"https://synergyhealth.org/treatment/disc-replacement-surgery/","https://synergyhealth.org/treatment/disc-replacement-surgery/","text/html; charset=UTF-8","200","OK","Indexable","","Disc Replacement Surgery | Synergy Health Partners MI","53","487","Advanced disc replacement surgery at Synergy Health Partners. Fellowship-trained spine surgeons, motion-preserving procedures. Schedule your consultation today.","160","1046","","0","Disc Replacement","16","","0","Advanced spine care from diagnosis to recovery—all under one roof.","66","Schedule Your Spine Consultation","32","index, follow, max-snippet:-1, max-video-preview:-1, max-image-preview:large","","","https://synergyhealth.org/treatment/disc-replacement-surgery/","","","","","","326281","46211","46211","17.703","","3609","647","5.578","60.056","Normal","10.790","0","2","","264","238","0","100.000","350","222","0","20","18","0","","","","","be85cba0dbd39c4dbcb421a2f7397de","0.571","Tue, 11 Aug 2026 18:05:36 GMT","","","","en-US","1.1","","","","","","https://synergyhealth.org/treatment/disc-replacement-surgery/","2026-08-11 14:05:35"
"https://synergyhealth.org/treatment/dupuytren-contracture-release/","https://synergyhealth.org/treatment/dupuytren-contracture-release/","text/html; charset=UTF-8","200","OK","Indexable","","Dupuytren Contracture Release | Synergy Health Partners MI","58","530","Expert Dupuytren's contracture treatment in Southeast Michigan. Non-surgical and surgical options to restore finger function. Schedule your consultation today.","159","1009","","0","Dupuytren Contracture Release","29","","0","Comprehensive hand care from diagnosis to full recovery—all under one roof.","75","Schedule Your Consultation","26","index, follow, max-snippet:-1, max-video-preview:-1, max-image-preview:large","","","https://synergyhealth.org/treatment/dupuytren-contracture-release/","","","","","","316224","45068","45068","17.265","","3468","625","5.549","60.301","Normal","10.816","0","2","","259","238","0","100.000","348","218","0","18","16","0","","","","","b6253bbd93de9ccbc42d024a831a9cf","0.457","Tue, 11 Aug 2026 18:05:35 GMT","","","","en-US","1.1","","","","","","https://synergyhealth.org/treatment/dupuytren-contracture-release/","2026-08-11 14:05:35"
"https://synergyhealth.org/treatment/elbow-arthroscopy/","https://synergyhealth.org/treatment/elbow-arthroscopy/","text/html; charset=UTF-8","200","OK","Indexable","","Elbow Arthroscopy | Michigan Orthopedic Specialists","51","466","Expert elbow arthroscopy in Southeast Michigan. Minimally invasive treatment for tennis elbow, arthritis & joint problems. Same-day surgery available. Book today.","162","1029","","0","Elbow Arthroscopy","17","","0","Minimally invasive solutions with faster recovery times—all under one roof.","75","Schedule Your Elbow Consultation","32","index, follow, max-snippet:-1, max-video-preview:-1, max-image-preview:large","","","https://synergyhealth.org/treatment/elbow-arthroscopy/","","","","","","296671","42676","42676","16.348","","2651","463","5.726","48.960","Hard","10.080","0","2","","258","238","0","100.000","351","221","0","21","19","0","","","","","c57221ff32d92207b938f552a7c20a8a","0.490","Tue, 11 Aug 2026 18:05:35 GMT","","","","en-US","1.1","","","","","","https://synergyhealth.org/treatment/elbow-arthroscopy/","2026-08-11 14:05:35"
"https://synergyhealth.org/treatment/emg/","https://synergyhealth.org/treatment/emg/","text/html; charset=UTF-8","200","OK","Indexable","","EMG Testing & Treatment | Synergy Health Partners MI","52","484","Expert EMG testing for muscle & nerve conditions in SE Michigan. Same-day results, personalized treatment plans. Schedule your consultation today.","146","942","","0","EMG","3","","0","Advanced diagnostics and coordinated care—all under one roof.","61","Schedule Your EMG Test","22","index, follow, max-snippet:-1, max-video-preview:-1, max-image-preview:large","","","https://synergyhealth.org/treatment/emg/","","","","","","318617","45084","45084","17.271","","3426","620","5.526","58.448","Fairly Hard","10.665","0","2","","246","238","0","100.000","349","223","0","19","17","0","","","","","cc8f7ada67c3f7a9f84baa0128e8e0fa","0.072","Tue, 11 Aug 2026 17:44:07 GMT","","","","en-US","1.1","","","","","","https://synergyhealth.org/treatment/emg/","2026-08-11 14:05:35"
"https://synergyhealth.org/treatment/finger-amputation-surgery/","https://synergyhealth.org/treatment/finger-amputation-surgery/","text/html; charset=UTF-8","200","OK","Indexable","","Finger Amputation Surgery | Synergy Health Partners MI","54","492","Expert finger amputation surgery and comprehensive rehabilitation in Southeast Michigan. Fellowship-trained hand surgeons with 92% complete healing rate. Schedule consultation today.","182","1183","","0","Finger Amputation","17","","0","Compassionate care and comprehensive rehabilitation—all under one roof.","71","Schedule Your Consultation","26","index, follow, max-snippet:-1, max-video-preview:-1, max-image-preview:large","","","https://synergyhealth.org/treatment/finger-amputation-surgery/","","","","","","312550","44836","44836","17.176","","3401","606","5.612","59.824","Fairly Hard","10.713","0","2","","259","238","0","100.000","348","218","0","18","16","0","","","","","26f1742a0af8633b1876f5d20775e2f","0.088","Tue, 11 Aug 2026 16:46:10 GMT","","","","en-US","1.1","","","","","","https://synergyhealth.org/treatment/finger-amputation-surgery/","2026-08-11 14:05:35"
"https://synergyhealth.org/treatment/fracture-repair/","https://synergyhealth.org/treatment/fracture-repair/","text/html; charset=UTF-8","200","OK","Indexable","","Fracture Repair Michigan | Synergy Health Partners","50","450","Expert fracture repair services in Southeast Michigan. Our orthopedic specialists offer comprehensive surgical and non-surgical treatment. Schedule your consultation today.","172","1092","","0","Fracture Repair","15","","0","Expert fracture care from diagnosis to recovery—all in one place.","65","Schedule Your Consultation","26","index, follow, max-snippet:-1, max-video-preview:-1, max-image-preview:large","","","https://synergyhealth.org/treatment/fracture-repair/","","","","","","315840","45123","45123","17.286","","3447","621","5.551","59.244","Fairly Hard","10.757","0","2","","259","238","0","100.000","348","218","0","18","16","0","","","","","c1bb72a30d8d03fed91103b2fdb3ce6b","0.500","Tue, 11 Aug 2026 18:05:35 GMT","","","","en-US","1.1","","","","","","https://synergyhealth.org/treatment/fracture-repair/","2026-08-11 14:05:34"
"https://synergyhealth.org/treatment/gastrocnemius-recession-surgery/","https://synergyhealth.org/treatment/gastrocnemius-recession-surgery/","text/html; charset=UTF-8","200","OK","Indexable","","Gastrocnemius Recession Surgery | Southeast Michigan","52","495","Expert gastrocnemius recession surgery for plantar fasciitis, Achilles tendonitis & foot pain. Fellowship-trained surgeons in Livonia & Sterling Heights.","153","940","","0","Gastrocnemius Recession","23","","0","Comprehensive foot and ankle care—from diagnosis to full recovery.","66","Schedule Your Consultation","26","index, follow, max-snippet:-1, max-video-preview:-1, max-image-preview:large","","","https://synergyhealth.org/treatment/gastrocnemius-recession-surgery/","","","","","","325361","47085","47085","18.037","","3930","720","5.458","59.154","Fairly Hard","11.469","0","2","","494","238","0","100.000","350","221","0","20","18","0","","","","","165f136ff4bf1ae78f5ab5ab30c6984b","0.615","Tue, 11 Aug 2026 18:05:35 GMT","","","","en-US","1.1","","","","","","https://synergyhealth.org/treatment/gastrocnemius-recession-surgery/","2026-08-11 14:05:34"
"https://synergyhealth.org/treatment/gel-injections/","https://synergyhealth.org/treatment/gel-injections/","text/html; charset=UTF-8","200","OK","Indexable","","Gel Injections for Knee Pain | Synergy Health Partners MI","57","500","Advanced gel injections for knee osteoarthritis in Southeast Michigan. Board-certified specialists provide hyaluronic acid treatments. Schedule your consultation today.","168","1055","","0","Gel Injections","14","","0","Comprehensive joint care from diagnosis to recovery—all under one roof.","71","Schedule Your Gel Injection Consultation","40","index, follow, max-snippet:-1, max-video-preview:-1, max-image-preview:large","","","https://synergyhealth.org/treatment/gel-injections/","","","","","","296659","42347","42347","16.222","","2487","447","5.564","52.636","Fairly Hard","9.607","0","2","","493","238","0","100.000","352","221","0","22","20","0","","","","","892dd8418ff4087c7f4f3a73623f8a8a","0.539","Tue, 11 Aug 2026 18:05:35 GMT","","","","en-US","1.1","","","","","","https://synergyhealth.org/treatment/gel-injections/","2026-08-11 14:05:34"
"https://synergyhealth.org/treatment/gluteal-iliopsoas-tendon-repair/","https://synergyhealth.org/treatment/gluteal-iliopsoas-tendon-repair/","text/html; charset=UTF-8","200","OK","Indexable","","Gluteal & Iliopsoas Tendon Repair | Synergy Health Michigan","59","534","Expert gluteal and iliopsoas tendon repair in Southeast Michigan. From non-surgical treatments to minimally invasive surgery. Schedule your hip consultation today.","163","1034","","0","Gluteal / Iliopsoas Tendon Repair","33","","0","Expert hip care from diagnosis to recovery—all in one place.","60","Schedule Your Hip Consultation","30","index, follow, max-snippet:-1, max-video-preview:-1, max-image-preview:large","","","https://synergyhealth.org/treatment/gluteal-iliopsoas-tendon-repair/","","","","","","296690","42640","42640","16.335","","2637","467","5.647","48.779","Hard","10.052","0","2","","491","238","0","100.000","351","221","0","21","19","0","","","","","881cb22adfcb091224cd3188a5ada78a","0.601","Tue, 11 Aug 2026 18:05:35 GMT","","","","en-US","1.1","","","","","","https://synergyhealth.org/treatment/gluteal-iliopsoas-tendon-repair/","2026-08-11 14:05:34"
"https://synergyhealth.org/treatment/hand-therapy/","https://synergyhealth.org/treatment/hand-therapy/","text/html; charset=UTF-8","200","OK","Indexable","","Hand Therapy Services | Synergy Health Partners Michigan","56","519","Expert hand therapy in Southeast Michigan. Certified therapists treat carpal tunnel, fractures, tendon injuries & more. Custom splinting, exercises & recovery programs.","168","1054","","0","Hand Therapy","12","","0","Comprehensive hand therapy—from evaluation to full recovery","59","Schedule Your Hand Therapy Evaluation","37","index, follow, max-snippet:-1, max-video-preview:-1, max-image-preview:large","","","https://synergyhealth.org/treatment/hand-therapy/","","","","","","315995","45033","45033","17.251","","3457","626","5.522","59.708","Fairly Hard","10.746","0","2","","497","238","0","100.000","348","218","0","18","16","0","","","","","b927035b2051a69140021a7f4a6b0d5","0.551","Tue, 11 Aug 2026 18:05:34 GMT","","","","en-US","1.1","","","","","","https://synergyhealth.org/treatment/hand-therapy/","2026-08-11 14:05:33"
"https://synergyhealth.org/treatment/hip-arthroscopy-labral-repair/","https://synergyhealth.org/treatment/hip-arthroscopy-labral-repair/","text/html; charset=UTF-8","200","OK","Indexable","","Hip Arthroscopy & Labral Repair | Synergy Health Michigan","57","516","Expert hip arthroscopy with labral repair in Southeast Michigan. Minimally invasive treatment for hip pain & labral tears. Schedule your consultation today.","156","970","","0","Hip Arthroscopy (Labral Repair)","31","","0","Advanced hip arthroscopy with comprehensive rehabilitation—all under one roof.","78","Schedule Your Hip Consultation","30","index, follow, max-snippet:-1, max-video-preview:-1, max-image-preview:large","","","https://synergyhealth.org/treatment/hip-arthroscopy-labral-repair/","","","","","","296288","42517","42517","16.287","","2608","464","5.621","48.831","Hard","9.994","0","2","","253","238","0","100.000","351","221","0","21","19","0","","","","","532140bfb96b3eed84d7288d46114daa","0.568","Tue, 11 Aug 2026 18:05:34 GMT","","","","en-US","1.1","","","","","","https://synergyhealth.org/treatment/hip-arthroscopy-labral-repair/","2026-08-11 14:05:33"
"https://synergyhealth.org/treatment/hip-osteotomy-joint-preservation/","https://synergyhealth.org/treatment/hip-osteotomy-joint-preservation/","text/html; charset=UTF-8","200","OK","Indexable","","Hip Osteotomy (Joint Preservation) | Synergy Health Partners","60","540","Expert hip osteotomy procedures in Southeast Michigan. Our fellowship-trained surgeons use advanced joint preservation techniques to reduce pain and delay hip replacement.","171","1112","","0","Hip Osteotomy (Joint Preservation)","34","","0","Comprehensive hip care from diagnosis to recovery—all in one place.","67","Schedule Your Hip Consultation","30","index, follow, max-snippet:-1, max-video-preview:-1, max-image-preview:large","","","https://synergyhealth.org/treatment/hip-osteotomy-joint-preservation/","","","","","","293710","42144","42144","16.145","","2486","446","5.574","51.987","Fairly Hard","9.705","0","2","","253","238","0","100.000","351","221","0","21","19","0","","","","","81b198c5ddaea35870a114fa0f66ffb","0.575","Tue, 11 Aug 2026 18:05:34 GMT","","","","en-US","1.1","","","","","","https://synergyhealth.org/treatment/hip-osteotomy-joint-preservation/","2026-08-11 14:05:33"
"https://synergyhealth.org/treatment/hip-resurfacing/","https://synergyhealth.org/treatment/hip-resurfacing/","text/html; charset=UTF-8","200","OK","Indexable","","Hip Resurfacing Surgery | Synergy Health Partners MI","52","470","Expert hip resurfacing surgery in Southeast Michigan. Preserve more bone, return to activities faster. Fellowship-trained surgeons. Schedule consultation today.","160","1010","","0","Hip Resurfacing","15","","0","Comprehensive hip care from evaluation to full recovery—all in one place.","73","Schedule Your Hip Evaluation","28","index, follow, max-snippet:-1, max-video-preview:-1, max-image-preview:large","","","https://synergyhealth.org/treatment/hip-resurfacing/","","","","","","291503","42070","42070","16.116","","2475","442","5.600","50.546","Fairly Hard","9.734","0","2","","253","238","0","100.000","351","221","0","21","19","0","","","","","236150da56d2e71139c623d15054bae4","0.555","Tue, 11 Aug 2026 18:05:34 GMT","","","","en-US","1.1","","","","","","https://synergyhealth.org/treatment/hip-resurfacing/","2026-08-11 14:05:33"
"https://synergyhealth.org/treatment/hip-revision-surgery/","https://synergyhealth.org/treatment/hip-revision-surgery/","text/html; charset=UTF-8","200","OK","Indexable","","Hip Revision Surgery | Synergy Health Partners Michigan","55","497","Expert hip revision surgery in Southeast Michigan. Fellowship-trained surgeons, advanced techniques, comprehensive care. Schedule your consultation today.","154","999","","0","Hip Revision Surgery","20","","0","Expert revision surgery specialists—all under one roof.","55","Schedule Your Consultation","26","index, follow, max-snippet:-1, max-video-preview:-1, max-image-preview:large","","","https://synergyhealth.org/treatment/hip-revision-surgery/","","","","","","295179","42551","42551","16.300","","2650","466","5.687","50.347","Fairly Hard","10.090","0","2","","253","238","0","100.000","351","221","0","21","19","0","","","","","c23d4a038fe670a4055e4e9dadcd63ef","0.521","Tue, 11 Aug 2026 18:05:33 GMT","","","","en-US","1.1","","","","","","https://synergyhealth.org/treatment/hip-revision-surgery/","2026-08-11 14:05:33"
"https://synergyhealth.org/treatment/injections-esi-facet-nerve-blocks/","https://synergyhealth.org/treatment/injections-esi-facet-nerve-blocks/","text/html; charset=UTF-8","200","OK","Indexable","","Epidural Injections & Nerve Blocks | Synergy Health MI","54","478","Expert pain management injections in Southeast Michigan. ESI, facet blocks, nerve blocks with image guidance. Same-day relief. Schedule today.","142","919","","0","Injections (ESI, facet, nerve blocks)","37","","0","Expert pain management from diagnosis to lasting relief—all in one place.","73","Schedule Your Pain Consultation","31","index, follow, max-snippet:-1, max-video-preview:-1, max-image-preview:large","","","https://synergyhealth.org/treatment/injections-esi-facet-nerve-blocks/","","","","","","328721","46697","46697","17.889","","3784","663","5.707","61.890","Normal","10.976","0","2","","501","238","0","100.000","350","222","0","20","18","0","","","","","3c43aa7426895046461eaf86b0a6f189","0.962","Tue, 11 Aug 2026 18:05:33 GMT","","","","en-US","1.1","","","","","","https://synergyhealth.org/treatment/injections-esi-facet-nerve-blocks/","2026-08-11 14:05:32"
"https://synergyhealth.org/treatment/joint-pain-injections/","https://synergyhealth.org/treatment/joint-pain-injections/","text/html; charset=UTF-8","200","OK","Indexable","","Joint Pain Injections | Synergy Health Partners Michigan","56","496","Get targeted joint pain relief with expert injection therapy in Michigan. Board-certified specialists, advanced imaging guidance, and comprehensive care options available.","171","1069","","0","Joint Pain Injections","21","","0","Comprehensive joint care from diagnosis to lasting relief—all under one roof.","77","Schedule Your Joint Pain Consultation","37","index, follow, max-snippet:-1, max-video-preview:-1, max-image-preview:large","","","https://synergyhealth.org/treatment/joint-pain-injections/","","","","","","295450","42425","42425","16.252","","2500","448","5.580","50.245","Fairly Hard","9.747","0","2","","493","238","0","100.000","352","221","0","22","20","0","","","","","8791f4f4d2f89d1b6d220b46a8d70198","0.851","Tue, 11 Aug 2026 18:05:33 GMT","","","","en-US","1.1","","","","","","https://synergyhealth.org/treatment/joint-pain-injections/","2026-08-11 14:05:32"
"https://synergyhealth.org/treatment/knee-arthroscopy/","https://synergyhealth.org/treatment/knee-arthroscopy/","text/html; charset=UTF-8","200","OK","Indexable","","Knee Arthroscopy | Minimally Invasive Surgery | Synergy Health","62","555","Expert knee arthroscopy in Southeast Michigan. Minimally invasive procedures for meniscus tears, cartilage damage & more. Same-day surgery centers in Livonia & Sterling Heights.","177","1145","","0","Knee Arthroscopy","16","","0","Minimally invasive knee care with faster recovery—all under one roof.","69","Schedule Your Knee Consultation","31","index, follow, max-snippet:-1, max-video-preview:-1, max-image-preview:large","","","https://synergyhealth.org/treatment/knee-arthroscopy/","","","","","","301097","42808","42808","16.399","","2636","468","5.632","50.533","Fairly Hard","9.848","0","2","","493","238","0","100.000","352","221","0","22","20","0","","","","","f73f94ec2cbf1b7ee50b6a3b68c53a54","0.682","Tue, 11 Aug 2026 18:05:33 GMT","","","","en-US","1.1","","","","","","https://synergyhealth.org/treatment/knee-arthroscopy/","2026-08-11 14:05:32"
"https://synergyhealth.org/treatment/kyphoplasty-vertebroplasty/","https://synergyhealth.org/treatment/kyphoplasty-vertebroplasty/","text/html; charset=UTF-8","200","OK","Indexable","","Kyphoplasty & Vertebroplasty | Spine Surgery | Synergy Health","61","545","Expert kyphoplasty & vertebroplasty procedures for vertebral compression fractures. Fellowship-trained spine surgeons in Southeast Michigan. Same-day relief.","157","1010","","0","Kyphoplasty & Vertebroplasty","28","","0","Expert spine care from diagnosis to recovery—all in one place.","62","Schedule Your Spine Consultation","32","index, follow, max-snippet:-1, max-video-preview:-1, max-image-preview:large","","","https://synergyhealth.org/treatment/kyphoplasty-vertebroplasty/","","","","","","326980","46303","46303","17.738","","3631","655","5.544","61.319","Normal","10.766","0","2","","263","238","0","100.000","350","222","0","20","18","0","","","","","33597701a5d77f03f8e39dbfb7b34d04","0.707","Tue, 11 Aug 2026 18:05:32 GMT","","","","en-US","1.1","","","","","","https://synergyhealth.org/treatment/kyphoplasty-vertebroplasty/","2026-08-11 14:05:32"
"https://synergyhealth.org/treatment/labral-repair-treatment/","https://synergyhealth.org/treatment/labral-repair-treatment/","text/html; charset=UTF-8","200","OK","Indexable","","Labral Repair Treatment & Surgery | Synergy Health MI","53","478","Expert hip labral tear treatment in Southeast Michigan. Minimally invasive labral repair treatment, comprehensive rehab. Schedule your consultation today.","154","979","","0","Labral Repair","13","","0","Advanced labral repair techniques with comprehensive rehabilitation—all in one location.","88","Schedule Your Hip Evaluation","28","index, follow, max-snippet:-1, max-video-preview:-1, max-image-preview:large","","","https://synergyhealth.org/treatment/labral-repair-treatment/","","","","","","291346","41909","41909","16.055","","2436","437","5.574","51.668","Fairly Hard","9.640","0","2","","258","238","0","100.000","351","221","0","21","19","0","","","","","c7bbf0c3b106e5cfc3f2bf77da7be023","0.868","Tue, 11 Aug 2026 18:05:32 GMT","","","","en-US","1.1","","","","","","https://synergyhealth.org/treatment/labral-repair-treatment/","2026-08-11 14:05:32"
"https://synergyhealth.org/treatment/laminectomy/","https://synergyhealth.org/treatment/laminectomy/","text/html; charset=UTF-8","200","OK","Indexable","","Laminectomy Surgery Michigan | Synergy Health Partners","54","508","Expert laminectomy surgery in Michigan. Fellowship-trained spine surgeons, minimally invasive techniques, faster recovery. Schedule your consultation today.","156","1000","","0","Laminectomy","11","","0","Comprehensive spine care from diagnosis to recovery—all in one place.","69","Schedule Your Spine Consultation","32","index, follow, max-snippet:-1, max-video-preview:-1, max-image-preview:large","","","https://synergyhealth.org/treatment/laminectomy/","","","","","","328383","46484","46484","17.807","","3701","665","5.565","60.171","Normal","10.875","0","2","","263","238","0","100.000","350","222","0","20","18","0","","","","","24f700de8c596df9978996f3dfaa2a9b","0.367","Tue, 11 Aug 2026 17:45:47 GMT","","","","en-US","1.1","","","","","","https://synergyhealth.org/treatment/laminectomy/","2026-08-11 14:05:32"
"https://synergyhealth.org/treatment/lumbar-cervical-fusion/","https://synergyhealth.org/treatment/lumbar-cervical-fusion/","text/html; charset=UTF-8","200","OK","Indexable","","Lumbar & Cervical Fusion Surgery | Synergy Health Michigan","58","533","Expert spinal fusion surgery in Southeast Michigan. Fellowship-trained surgeons, minimally invasive techniques. Schedule your spine consultation today.","151","963","","0","Lumbar/Cervical Fusion","22","","0","Expert spine care from diagnosis to recovery—all in one place.","62","Schedule Your Spine Consultation","32","index, follow, max-snippet:-1, max-video-preview:-1, max-image-preview:large","","","https://synergyhealth.org/treatment/lumbar-cervical-fusion/","","","","","","326066","46248","46248","17.717","","3608","644","5.602","60.977","Normal","10.741","0","2","","265","238","0","100.000","350","222","0","20","18","0","","","","","2452afc640bb037a9b12dfd4288ef2eb","0.749","Tue, 11 Aug 2026 18:05:32 GMT","","","","en-US","1.1","","","","","","https://synergyhealth.org/treatment/lumbar-cervical-fusion/","2026-08-11 14:05:31"
"https://synergyhealth.org/treatment/lumbar-epidural-steroid-injection/","https://synergyhealth.org/treatment/lumbar-epidural-steroid-injection/","text/html; charset=UTF-8","200","OK","Indexable","","Lumbar Epidural Steroid Injection | Synergy Health MI","53","469","Get lasting back pain relief with expert epidural steroid injections in Livonia & Sterling Heights. Board-certified pain specialists. Schedule today.","149","898","","0","Lumbar Epidural Steroid Injection","33","","0","Comprehensive pain management from diagnosis to recovery—all in one place.","74","Schedule Your Consultation","26","index, follow, max-snippet:-1, max-video-preview:-1, max-image-preview:large","","","https://synergyhealth.org/treatment/lumbar-epidural-steroid-injection/","","","","","","328133","46645","46645","17.869","","3699","665","5.562","60.395","Normal","10.884","0","2","","502","238","0","100.000","350","222","0","20","18","0","","","","","894b32de2a02410eb1c0c74299738a10","0.394","Tue, 11 Aug 2026 18:05:32 GMT","","","","en-US","1.1","","","","","","https://synergyhealth.org/treatment/lumbar-epidural-steroid-injection/","2026-08-11 14:05:31"
"https://synergyhealth.org/treatment/lumbar-laminectomy/","https://synergyhealth.org/treatment/lumbar-laminectomy/","text/html; charset=UTF-8","200","OK","Indexable","","Lumbar Laminectomy in Metro Detroit, MI | Synergy Health","56","514","Lumbar Laminectomy in Metro Detroit — see Metro Detroit spine specialists with on-site imaging and PT. Book online or call to schedule.","135","862","","0","Lumbar Laminectomy","18","","0","Decompression without fusion when appropriate. A spine surgeon's evaluation tells you which.","92","Schedule Your Spine Consultation","32","index, follow, max-snippet:-1, max-video-preview:-1, max-image-preview:large","","","https://synergyhealth.org/treatment/lumbar-laminectomy/","","","","","","329317","46729","46729","17.901","","3819","677","5.641","61.128","Normal","11.046","0","2","","502","238","0","100.000","351","222","0","20","18","0","","","","","373e610349f1aba018022487bcb0cf86","0.680","Tue, 11 Aug 2026 18:05:32 GMT","","","","en-US","1.1","","","","","","https://synergyhealth.org/treatment/lumbar-laminectomy/","2026-08-11 14:05:31"
"https://synergyhealth.org/treatment/mass-removal/","https://synergyhealth.org/treatment/mass-removal/","text/html; charset=UTF-8","200","OK","Indexable","","Mass Removal Surgery | Hand & Upper Extremity | Synergy Health","62","575","Expert mass removal surgery for hand, wrist & upper extremity growths. Board-certified surgeons in Livonia & Sterling Heights. Schedule your evaluation today.","158","1004","","0","Mass Removal","12","","0","From diagnosis to complete recovery—comprehensive mass removal care under one roof.","83","Schedule Your Evaluation","24","index, follow, max-snippet:-1, max-video-preview:-1, max-image-preview:large","","","https://synergyhealth.org/treatment/mass-removal/","","","","","","313598","44804","44804","17.164","","3327","600","5.545","60.792","Normal","10.500","0","2","","259","238","0","100.000","348","218","0","18","16","0","","","","","28b5f8c2442aa3e7513bf82ae1c151ee","0.270","Tue, 11 Aug 2026 18:05:31 GMT","","","","en-US","1.1","","","","","","https://synergyhealth.org/treatment/mass-removal/","2026-08-11 14:05:31"
"https://synergyhealth.org/treatment/medial-branch-blocks-cervical-lumbar/","https://synergyhealth.org/treatment/medial-branch-blocks-cervical-lumbar/","text/html; charset=UTF-8","200","OK","Indexable","","Medial Branch Blocks Cervical Lumbar | Synergy Health MI","56","517","Expert medial branch blocks for cervical and lumbar facet joint pain. Board-certified specialists, advanced imaging guidance. Schedule your consultation today.","159","1002","","0","Medial Branch Blocks (Cervical/Lumbar)","38","","0","Precision pain relief for facet joint conditions—all under one roof.","68","Schedule Your Consultation","26","index, follow, max-snippet:-1, max-video-preview:-1, max-image-preview:large","","","https://synergyhealth.org/treatment/medial-branch-blocks-cervical-lumbar/","","","","","","324952","45945","45945","17.601","","3501","634","5.522","62.985","Normal","10.526","0","2","","501","238","0","100.000","350","222","0","20","18","0","","","","","b932ac25713540d6cefe2db488ef0762","0.844","Tue, 11 Aug 2026 18:05:31 GMT","","","","en-US","1.1","","","","","","https://synergyhealth.org/treatment/medial-branch-blocks-cervical-lumbar/","2026-08-11 14:05:31"
"https://synergyhealth.org/treatment/meniscus-repair-meniscectomy/","https://synergyhealth.org/treatment/meniscus-repair-meniscectomy/","text/html; charset=UTF-8","200","OK","Indexable","","Meniscus Repair & Meniscectomy | Synergy Health Michigan","56","535","Expert meniscus tear treatment in Southeast Michigan. Non-surgical & arthroscopic options. Board-certified surgeons, faster recovery. Schedule consultation today.","162","1035","","0","Meniscus Repair / Meniscectomy","30","","0","Comprehensive knee care from diagnosis to recovery—all under one roof.","70","Schedule Your Consultation","26","index, follow, max-snippet:-1, max-video-preview:-1, max-image-preview:large","","","https://synergyhealth.org/treatment/meniscus-repair-meniscectomy/","","","","","","301372","42880","42880","16.427","","2664","472","5.644","50.516","Fairly Hard","9.928","0","2","","493","238","0","100.000","352","221","0","22","20","0","","","","","9b8dffcc9659b947aa84187e332b3447","0.592","Tue, 11 Aug 2026 18:05:31 GMT","","","","en-US","1.1","","","","","","https://synergyhealth.org/treatment/meniscus-repair-meniscectomy/","2026-08-11 14:05:31"
"https://synergyhealth.org/treatment/microdiscectomy/","https://synergyhealth.org/treatment/microdiscectomy/","text/html; charset=UTF-8","200","OK","Indexable","","Microdiscectomy Surgery Michigan | Synergy Health","49","460","Expert microdiscectomy surgery for herniated disc relief in Metro Detroit. Minimally invasive techniques, faster recovery. Schedule consultation today.","151","947","","0","Microdiscectomy","15","","0","Comprehensive spine care from diagnosis to recovery—all under one roof.","71","Schedule Your Consultation","26","index, follow, max-snippet:-1, max-video-preview:-1, max-image-preview:large","","","https://synergyhealth.org/treatment/microdiscectomy/","","","","","","322438","45682","45682","17.500","","3468","633","5.479","63.445","Normal","10.478","0","2","","264","238","0","100.000","350","222","0","20","18","0","","","","","8ceb3ed6b9838b25af896fe5a1940e89","0.612","Tue, 11 Aug 2026 18:05:31 GMT","","","","en-US","1.1","","","","","","https://synergyhealth.org/treatment/microdiscectomy/","2026-08-11 14:05:31"
"https://synergyhealth.org/treatment/nerve-decompression-ulnar-radial/","https://synergyhealth.org/treatment/nerve-decompression-ulnar-radial/","text/html; charset=UTF-8","200","OK","Indexable","","Nerve Decompression Surgery | Ulnar Radial | Synergy Health","59","535","Expert ulnar and radial nerve decompression treatment in Southeast Michigan. Fellowship-trained surgeons, comprehensive care. Schedule your consultation today.","159","1039","","0","Nerve Decompression (Ulnar/Radial)","34","","0","Comprehensive nerve care from diagnosis to full recovery—all in one place.","74","Schedule Your Nerve Consultation","32","index, follow, max-snippet:-1, max-video-preview:-1, max-image-preview:large","","","https://synergyhealth.org/treatment/nerve-decompression-ulnar-radial/","","","","","","296550","42525","42525","16.291","","2600","465","5.591","50.084","Fairly Hard","9.993","0","2","","496","238","0","100.000","351","221","0","21","19","0","","","","","a9ea86cf7d099398f412663f496d547","0.522","Tue, 11 Aug 2026 18:05:31 GMT","","","","en-US","1.1","","","","","","https://synergyhealth.org/treatment/nerve-decompression-ulnar-radial/","2026-08-11 14:05:30"
"https://synergyhealth.org/treatment/nerve-repair/","https://synergyhealth.org/treatment/nerve-repair/","text/html; charset=UTF-8","200","OK","Indexable","","Nerve Repair Surgery | Synergy Health Partners Michigan","55","499","Expert nerve repair surgery in Southeast Michigan. Fellowship-trained surgeons restore hand and upper extremity function. Schedule your consultation today.","155","995","","0","Nerve Repair","12","","0","Expert microsurgical nerve repair—comprehensive care from diagnosis to recovery.","80","Schedule Your Consultation","26","index, follow, max-snippet:-1, max-video-preview:-1, max-image-preview:large","","","https://synergyhealth.org/treatment/nerve-repair/","","","","","","312356","44840","44840","17.177","","3393","610","5.562","61.187","Normal","10.709","0","2","","259","238","0","100.000","348","218","0","18","16","0","","","","","66fafa74651ad78d4980b67be214a9a8","0.112","Tue, 11 Aug 2026 16:40:16 GMT","","","","en-US","1.1","","","","","","https://synergyhealth.org/treatment/nerve-repair/","2026-08-11 14:05:30"
"https://synergyhealth.org/treatment/occipital-nerve-block/","https://synergyhealth.org/treatment/occipital-nerve-block/","text/html; charset=UTF-8","200","OK","Indexable","","Occipital Nerve Block Treatment | Synergy Health Michigan","57","520","Expert occipital nerve blocks for headache and neck pain relief in Southeast Michigan. Board-certified specialists, advanced imaging guidance, proven results.","158","995","","0","Occipital Nerve Block","21","","0","Comprehensive headache and neck pain care—all under one roof.","61","Schedule Your Pain Assessment","29","index, follow, max-snippet:-1, max-video-preview:-1, max-image-preview:large","","","https://synergyhealth.org/treatment/occipital-nerve-block/","","","","","","317810","45228","45228","17.326","","3448","615","5.607","58.934","Fairly Hard","10.709","0","2","","246","238","0","100.000","349","223","0","19","17","0","","","","","6d0aeb4e7ca10c018b8e498a8f5053cc","0.667","Tue, 11 Aug 2026 18:05:30 GMT","","","","en-US","1.1","","","","","","https://synergyhealth.org/treatment/occipital-nerve-block/","2026-08-11 14:05:30"
"https://synergyhealth.org/treatment/occupational-therapy/","https://synergyhealth.org/treatment/occupational-therapy/","text/html; charset=UTF-8","200","OK","Indexable","","Occupational Therapy in Michigan | Synergy Health Partners","58","530","Regain independence with expert occupational therapy in Southeast Michigan. Board-certified therapists help with daily activities, hand therapy & work conditioning.","164","1037","","0","Occupational Therapy","20","","0","Comprehensive care from evaluation to independence—all under one roof.","70","Schedule Your Occupational Therapy Evaluation","45","index, follow, max-snippet:-1, max-video-preview:-1, max-image-preview:large","","","https://synergyhealth.org/treatment/occupational-therapy/","","","","","","329361","46172","46172","17.688","","3625","659","5.501","59.801","Fairly Hard","10.705","0","2","","502","238","0","100.000","350","222","0","20","18","0","","","","","a080c5bf233fb95303d2f1eeadff38f","0.630","Tue, 11 Aug 2026 18:05:30 GMT","","","","en-US","1.1","","","","","","https://synergyhealth.org/treatment/occupational-therapy/","2026-08-11 14:05:30"
"https://synergyhealth.org/treatment/pain-management/","https://synergyhealth.org/treatment/pain-management/","text/html; charset=UTF-8","200","OK","Indexable","","Pain Management | Synergy Health Partners Michigan","50","478","Expert pain management in Southeast Michigan. Board-certified specialists, advanced injections, comprehensive care. Schedule your consultation today.","149","968","","0","Pain Management","15","","0","Comprehensive pain care—all specialties under one roof.","55","Start Your Pain-Free Journey","28","index, follow, max-snippet:-1, max-video-preview:-1, max-image-preview:large","","","https://synergyhealth.org/treatment/pain-management/","","","","","","328538","46440","46440","17.790","","3676","664","5.536","61.842","Normal","10.780","0","2","","502","238","0","100.000","350","222","0","20","18","0","","","","","e7c1685a2327a9cd23b7329a30bef32e","0.589","Tue, 11 Aug 2026 18:05:30 GMT","","","","en-US","1.1","","","","","","https://synergyhealth.org/treatment/pain-management/","2026-08-11 14:05:30"
"https://synergyhealth.org/treatment/partial-hip-replacement-hemiarthroplasty/","https://synergyhealth.org/treatment/partial-hip-replacement-hemiarthroplasty/","text/html; charset=UTF-8","200","OK","Indexable","","Partial Hip Replacement (Hemiarthroplasty) | Treatment Synergy Health","69","631","Expert partial hip replacement surgery in Southeast Michigan. Minimally invasive hemiarthroplasty with faster recovery. Schedule your consultation today.","153","974","","0","Partial Hip Replacement (Hemiarthroplasty)","42","","0","Comprehensive hip care from diagnosis to full recovery—all under one roof.","74","Schedule Your Hip Evaluation","28","index, follow, max-snippet:-1, max-video-preview:-1, max-image-preview:large","","","https://synergyhealth.org/treatment/partial-hip-replacement-hemiarthroplasty/","","","","","","294576","42416","42416","16.249","","2567","453","5.667","48.988","Hard","9.922","0","2","","253","238","0","100.000","351","221","0","21","19","0","","","","","e9c2940aa1a43f759f38a7e8ca53346e","0.560","Tue, 11 Aug 2026 18:05:30 GMT","","","","en-US","1.1","","","","","","https://synergyhealth.org/treatment/partial-hip-replacement-hemiarthroplasty/","2026-08-11 14:05:30"
"https://synergyhealth.org/treatment/partial-knee-replacement/","https://synergyhealth.org/treatment/partial-knee-replacement/","text/html; charset=UTF-8","200","OK","Indexable","","Partial Knee Replacement | Synergy Health Partners MI","53","484","Expert partial knee replacement surgery in Southeast Michigan. Minimally invasive techniques, faster recovery, comprehensive care. Schedule your consultation today.","164","1057","","0","Partial Knee Replacement","24","","0","Comprehensive knee care from diagnosis to recovery—all in one place.","68","Schedule Your Consultation","26","index, follow, max-snippet:-1, max-video-preview:-1, max-image-preview:large","","","https://synergyhealth.org/treatment/partial-knee-replacement/","","","","","","296625","42280","42280","16.197","","2472","448","5.518","49.317","Hard","9.631","0","2","","493","238","0","100.000","352","221","0","22","20","0","","","","","87b597e7c90f2ee82e2df04ee85e25a5","0.632","Tue, 11 Aug 2026 18:05:30 GMT","","","","en-US","1.1","","","","","","https://synergyhealth.org/treatment/partial-knee-replacement/","2026-08-11 14:05:30"
"https://synergyhealth.org/treatment/peripheral-nerve-injection/","https://synergyhealth.org/treatment/peripheral-nerve-injection/","text/html; charset=UTF-8","200","OK","Indexable","","Peripheral Nerve Injection | Pain Relief | Synergy Health","57","483","Get targeted nerve pain relief with peripheral nerve injections at Synergy Health Partners in Michigan. Advanced imaging-guided procedures for lasting results.","159","1001","","0","Peripheral Nerve Injection","26","","0","Advanced nerve pain relief—all under one roof.","46","Schedule Your Pain Consultation","31","index, follow, max-snippet:-1, max-video-preview:-1, max-image-preview:large","","","https://synergyhealth.org/treatment/peripheral-nerve-injection/","","","","","","321222","45233","45233","17.328","","3443","625","5.509","56.689","Fairly Hard","10.692","0","2","","246","238","0","100.000","349","223","0","19","17","0","","","","","f76e108ab4beebb6d09a41d65b0988bc","0.149","Tue, 11 Aug 2026 18:05:29 GMT","","","","en-US","1.1","","","","","","https://synergyhealth.org/treatment/peripheral-nerve-injection/","2026-08-11 14:05:29"
"https://synergyhealth.org/treatment/physical-therapy/","https://synergyhealth.org/treatment/physical-therapy/","text/html; charset=UTF-8","200","OK","Indexable","","Physical Therapy in Michigan | Synergy Health Partners","54","488","Expert physical therapy in Southeast Michigan. Personalized treatment plans, licensed therapists, and coordinated care. Schedule your evaluation today.","151","965","","0","Physical Therapy","16","","0","Complete physical therapy care—coordinated with your entire treatment team.","75","Schedule Your Physical Therapy Evaluation","41","index, follow, max-snippet:-1, max-video-preview:-1, max-image-preview:large","","","https://synergyhealth.org/treatment/physical-therapy/","","","","","","323832","45816","45816","17.551","","3520","637","5.526","60.867","Normal","10.628","0","2","","740","238","0","100.000","350","222","0","20","18","0","","","","","bdb6ff51dd675322e3ab75d239b07edc","0.567","Tue, 11 Aug 2026 18:05:29 GMT","","","","en-US","1.1","","","","","","https://synergyhealth.org/treatment/physical-therapy/","2026-08-11 14:05:29"
"https://synergyhealth.org/treatment/prp-injections/","https://synergyhealth.org/treatment/prp-injections/","text/html; charset=UTF-8","200","OK","Indexable","","PRP Injections | Regenerative Medicine | Synergy Health","55","491","Advanced PRP injections in Southeast Michigan. Board-certified specialists use your body's healing power for joint, tendon & muscle injuries. Schedule today.","157","990","","0","PRP Injections","14","","0","Advanced regenerative medicine for natural healing—all under one roof.","70","Schedule Your PRP Consultation","30","index, follow, max-snippet:-1, max-video-preview:-1, max-image-preview:large","","","https://synergyhealth.org/treatment/prp-injections/","","","","","","327438","47214","47214","18.087","","3975","724","5.490","61.199","Normal","11.460","0","2","","494","238","0","100.000","350","221","0","20","18","0","","","","","859e8ff9d40bf0783f0e8f70c5c0a19a","0.552","Tue, 11 Aug 2026 18:05:29 GMT","","","","en-US","1.1","","","","","","https://synergyhealth.org/treatment/prp-injections/","2026-08-11 14:05:29"
"https://synergyhealth.org/treatment/radiofrequency-ablation/","https://synergyhealth.org/treatment/radiofrequency-ablation/","text/html; charset=UTF-8","200","OK","Indexable","","Radiofrequency Ablation | Pain Relief | Synergy Health MI","57","502","Expert radiofrequency ablation for chronic back, neck & joint pain in Southeast Michigan. Board-certified specialists, advanced imaging guidance. Schedule consultation today.","174","1100","","0","Radiofrequency Ablation","23","","0","Advanced pain relief technology with personalized care—all under one roof.","74","Schedule Your Pain Management Consultation","42","index, follow, max-snippet:-1, max-video-preview:-1, max-image-preview:large","","","https://synergyhealth.org/treatment/radiofrequency-ablation/","","","","","","327219","46304","46304","17.738","","3613","653","5.533","61.405","Normal","10.744","0","2","","501","238","0","100.000","350","222","0","20","18","0","","","","","eb853b570c392c62d09f20610144c2cd","0.592","Tue, 11 Aug 2026 18:05:29 GMT","","","","en-US","1.1","","","","","","https://synergyhealth.org/treatment/radiofrequency-ablation/","2026-08-11 14:05:28"
"https://synergyhealth.org/treatment/rotator-cuff-repair/","https://synergyhealth.org/treatment/rotator-cuff-repair/","text/html; charset=UTF-8","200","OK","Indexable","","Rotator Cuff Repair | Synergy Health Partners Michigan","54","484","Expert rotator cuff repair in Southeast Michigan. Non-surgical and minimally invasive surgical options. Fellowship-trained specialists. Schedule consultation today.","164","1023","","0","Rotator Cuff Repair","19","","0","Complete shoulder care—from diagnosis to full recovery.","55","Schedule Your Shoulder Consultation","35","index, follow, max-snippet:-1, max-video-preview:-1, max-image-preview:large","","","https://synergyhealth.org/treatment/rotator-cuff-repair/","","","","","","292967","42275","42275","16.195","","2558","452","5.659","50.478","Fairly Hard","9.939","0","2","","496","238","0","100.000","351","221","0","21","19","0","","","","","7fa80e8b21346dbd915ce188d26be440","0.126","Tue, 11 Aug 2026 18:05:29 GMT","","","","en-US","1.1","","","","","","https://synergyhealth.org/treatment/rotator-cuff-repair/","2026-08-11 14:05:28"
"https://synergyhealth.org/treatment/sacroiliac-joint-fusion/","https://synergyhealth.org/treatment/sacroiliac-joint-fusion/","text/html; charset=UTF-8","200","OK","Indexable","","SI Joint Fusion Surgery | Livonia & Sterling Heights, MI","56","477","Expert sacroiliac joint fusion surgery in Southeast Michigan. Minimally invasive techniques, faster recovery. Schedule with our fellowship-trained spine surgeons.","162","1014","","0","Sacroiliac Joint Fusion","23","","0","Expert SI joint care—from diagnosis to recovery.","48","Schedule Your Consultation","26","index, follow, max-snippet:-1, max-video-preview:-1, max-image-preview:large","","","https://synergyhealth.org/treatment/sacroiliac-joint-fusion/","","","","","","328150","46337","46337","17.751","","3633","654","5.555","62.223","Normal","10.678","0","2","","263","238","0","100.000","350","222","0","20","18","0","","","","","c9e842af811274ba45583770c30f4aa","0.553","Tue, 11 Aug 2026 18:05:29 GMT","","","","en-US","1.1","","","","","","https://synergyhealth.org/treatment/sacroiliac-joint-fusion/","2026-08-11 14:05:28"
"https://synergyhealth.org/treatment/shoulder-arthroscopy/","https://synergyhealth.org/treatment/shoulder-arthroscopy/","text/html; charset=UTF-8","200","OK","Indexable","","Shoulder Arthroscopy | Synergy Health Partners Michigan","55","506","Expert shoulder arthroscopy in Southeast Michigan. Minimally invasive surgery for rotator cuff tears, labrum repair & shoulder pain. Same-day procedures. Schedule today.","169","1078","","0","Shoulder Arthroscopy","20","","0","Complete shoulder care from diagnosis to full recovery—all under one roof.","74","Schedule Your Shoulder Consultation","35","index, follow, max-snippet:-1, max-video-preview:-1, max-image-preview:large","","","https://synergyhealth.org/treatment/shoulder-arthroscopy/","","","","","","293374","42441","42441","16.258","","2566","452","5.677","46.973","Hard","10.051","0","2","","258","238","0","100.000","351","221","0","21","19","0","","","","","a449bee0acfa2a3f1297d17229571458","0.557","Tue, 11 Aug 2026 18:05:28 GMT","","","","en-US","1.1","","","","","","https://synergyhealth.org/treatment/shoulder-arthroscopy/","2026-08-11 14:05:28"
"https://synergyhealth.org/treatment/shoulder-stabilization-latarjet-bankart/","https://synergyhealth.org/treatment/shoulder-stabilization-latarjet-bankart/","text/html; charset=UTF-8","200","OK","Indexable","","Shoulder Stabilization Surgery | Latarjet & Bankart | Michigan","62","535","Expert shoulder stabilization surgery including Latarjet and Bankart procedures. Fellowship-trained surgeons in Southeast Michigan. Schedule your consultation today.","165","1052","","0","Shoulder Stabilization (Latarjet/Bankart)","41","","0","Expert shoulder stabilization care—all under one roof.","54","Schedule Your Shoulder Evaluation","33","index, follow, max-snippet:-1, max-video-preview:-1, max-image-preview:large","","","https://synergyhealth.org/treatment/shoulder-stabilization-latarjet-bankart/","","","","","","296051","42584","42584","16.313","","2631","467","5.634","44.521","Hard","10.200","0","2","","734","238","0","100.000","351","221","0","21","19","0","","","","","9646d292d82c76ef39d6fa87668c03d7","0.576","Tue, 11 Aug 2026 18:05:28 GMT","","","","en-US","1.1","","","","","","https://synergyhealth.org/treatment/shoulder-stabilization-latarjet-bankart/","2026-08-11 14:05:28"
"https://synergyhealth.org/treatment/si-joint-injection/","https://synergyhealth.org/treatment/si-joint-injection/","text/html; charset=UTF-8","200","OK","Indexable","","SI Joint Injection | Pain Relief | Synergy Health Partners","58","485","Get targeted SI joint pain relief with fluoroscopy-guided injections at Synergy Health Partners. Board-certified pain specialists in Southeast Michigan.","152","936","","0","SI Joint Injection","18","","0","Precise SI joint injections—minimally invasive relief for maximum results.","74","Find Relief from SI Joint Pain","30","index, follow, max-snippet:-1, max-video-preview:-1, max-image-preview:large","","","https://synergyhealth.org/treatment/si-joint-injection/","","","","","","323876","46037","46037","17.636","","3549","638","5.563","62.644","Normal","10.609","0","2","","501","238","0","100.000","350","222","0","20","18","0","","","","","a7d92b5496471feab0b2789115425b38","0.622","Tue, 11 Aug 2026 18:05:28 GMT","","","","en-US","1.1","","","","","","https://synergyhealth.org/treatment/si-joint-injection/","2026-08-11 14:05:28"
"https://synergyhealth.org/treatment/spinal-cord-stimulator/","https://synergyhealth.org/treatment/spinal-cord-stimulator/","text/html; charset=UTF-8","200","OK","Indexable","","Spinal Cord Stimulator Michigan | Synergy Health Partners","57","514","Advanced spinal cord stimulator therapy in SE Michigan. Fellowship-trained specialists, comprehensive trials, latest SCS technology. Schedule consultation today.","161","1023","","0","Spinal Cord Stimulator","22","","0","Comprehensive pain management—from evaluation to advanced implant therapy.","74","Schedule Your Pain Consultation","31","index, follow, max-snippet:-1, max-video-preview:-1, max-image-preview:large","","","https://synergyhealth.org/treatment/spinal-cord-stimulator/","","","","","","325931","46090","46090","17.656","","3567","641","5.565","60.353","Normal","10.696","0","2","","263","238","0","100.000","350","222","0","20","18","0","","","","","c87415a87507bf8d4faedda906db5de4","0.580","Tue, 11 Aug 2026 18:05:28 GMT","","","","en-US","1.1","","","","","","https://synergyhealth.org/treatment/spinal-cord-stimulator/","2026-08-11 14:05:28"
"https://synergyhealth.org/treatment/spinal-decompression/","https://synergyhealth.org/treatment/spinal-decompression/","text/html; charset=UTF-8","200","OK","Indexable","","Spinal Decompression Treatment | Synergy Health Partners MI","59","551","Expert spinal decompression treatment in Southeast Michigan. Non-surgical and minimally invasive options. Board-certified spine specialists. Schedule today.","156","998","","0","Spinal Decompression","20","","0","Comprehensive spinal care from our experienced team—all under one roof.","71","Start Your Recovery Today","25","index, follow, max-snippet:-1, max-video-preview:-1, max-image-preview:large","","","https://synergyhealth.org/treatment/spinal-decompression/","","","","","","327538","46136","46136","17.674","","3559","647","5.501","60.957","Normal","10.627","0","2","","265","238","0","100.000","352","222","0","20","18","0","","","","","67d841a2eb414bdedd92fc680b52279f","0.577","Tue, 11 Aug 2026 18:05:28 GMT","","","","en-US","1.1","","","","","","https://synergyhealth.org/treatment/spinal-decompression/","2026-08-11 14:05:28"
"https://synergyhealth.org/treatment/tendon-repair/","https://synergyhealth.org/treatment/tendon-repair/","text/html; charset=UTF-8","200","OK","Indexable","","Tendon Repair Surgery | Hand Surgeons | Synergy Health","54","499","Expert tendon repair surgery in Southeast Michigan. Fellowship-trained hand surgeons restore function after tendon injuries. Schedule your consultation today.","158","1003","","0","Tendon Repair","13","","0","Expert tendon repair from diagnosis to full recovery—all in one place.","70","Schedule Your Hand Surgery Consultation","39","index, follow, max-snippet:-1, max-video-preview:-1, max-image-preview:large","","","https://synergyhealth.org/treatment/tendon-repair/","","","","","","311731","44860","44860","17.185","","3390","610","5.557","60.643","Normal","10.723","0","2","","259","238","0","100.000","348","218","0","18","16","0","","","","","6c3fad63f70f898c14e0a932f28d54dd","0.089","Tue, 11 Aug 2026 16:31:14 GMT","","","","en-US","1.1","","","","","","https://synergyhealth.org/treatment/tendon-repair/","2026-08-11 14:05:27"
"https://synergyhealth.org/treatment/thoracic-lumbar-decompression/","https://synergyhealth.org/treatment/thoracic-lumbar-decompression/","text/html; charset=UTF-8","200","OK","Indexable","","Thoracic–Lumbar Decompression | Synergy Health Michigan","55","537","Expert thoracic-lumbar decompression surgery in Metro Detroit. Fellowship-trained spine surgeons using minimally invasive techniques. Schedule your consultation today.","167","1077","","0","Thoracic–Lumbar Decompression","29","","0","Comprehensive spine care from diagnosis to recovery—all in one place.","69","Schedule Your Spine Consultation","32","index, follow, max-snippet:-1, max-video-preview:-1, max-image-preview:large","","","https://synergyhealth.org/treatment/thoracic-lumbar-decompression/","","","","","","325113","46155","46155","17.681","","3562","646","5.514","60.563","Normal","10.709","0","2","","264","238","0","100.000","350","222","0","20","18","0","","","","","9d485328ac218d53ee808ef50ad762f8","0.627","Tue, 11 Aug 2026 18:05:28 GMT","","","","en-US","1.1","","","","","","https://synergyhealth.org/treatment/thoracic-lumbar-decompression/","2026-08-11 14:05:27"
"https://synergyhealth.org/treatment/toe-arthroplasty/","https://synergyhealth.org/treatment/toe-arthroplasty/","text/html; charset=UTF-8","200","OK","Indexable","","Toe Arthroplasty | Joint Replacement | Synergy Health","53","474","Expert toe joint replacement surgery in Southeast Michigan. Fellowship-trained surgeons, latest implant technology. Schedule your consultation today.","149","951","","0","Toe Arthroplasty","16","","0","Complete toe joint care—from conservative treatment to advanced surgery.","72","Schedule Your Consultation","26","index, follow, max-snippet:-1, max-video-preview:-1, max-image-preview:large","","","https://synergyhealth.org/treatment/toe-arthroplasty/","","","","","","325689","46967","46967","17.992","","3923","709","5.533","62.253","Normal","11.363","0","2","","494","238","0","100.000","350","221","0","20","18","0","","","","","57becadc7c93df273b1ad9cc112db8e7","0.170","Tue, 11 Aug 2026 18:05:27 GMT","","","","en-US","1.1","","","","","","https://synergyhealth.org/treatment/toe-arthroplasty/","2026-08-11 14:05:27"
"https://synergyhealth.org/treatment/toe-joint-replacement/","https://synergyhealth.org/treatment/toe-joint-replacement/","text/html; charset=UTF-8","200","OK","Indexable","","Toe Joint Replacement | Orthopedic Surgery Michigan","51","474","Don't let toe pain slow you down. At Synergy Health Partners, we specialize in Toe Joint Replacement procedures that relieve pain.","130","826","","0","Toe Joint Replacement","21","","0","Comprehensive Toe Joint care—from diagnosis to full recovery.","61","Schedule Your Consultation","26","index, follow, max-snippet:-1, max-video-preview:-1, max-image-preview:large","","","https://synergyhealth.org/treatment/toe-joint-replacement/","","","","","","327988","47165","47165","18.068","","4007","725","5.527","62.154","Normal","11.460","0","2","","494","238","0","100.000","350","221","0","20","18","0","","","","","53b58b7f5f94eb39434c761f6fdb77fc","0.607","Tue, 11 Aug 2026 18:05:28 GMT","","","","en-US","1.1","","","","","","https://synergyhealth.org/treatment/toe-joint-replacement/","2026-08-11 14:05:27"
"https://synergyhealth.org/treatment/total-elbow-arthroplasty/","https://synergyhealth.org/treatment/total-elbow-arthroplasty/","text/html; charset=UTF-8","200","OK","Indexable","","Total Elbow Arthroplasty | Elbow Replacement Surgery Michigan","61","565","Expert total elbow arthroplasty at Synergy Health Partners. Fellowship-trained surgeons, latest implant technology, comprehensive rehabilitation. Schedule your consultation today.","179","1136","","0","Total Elbow Arthroplasty","24","","0","Comprehensive elbow care from diagnosis to full recovery—all under one roof.","76","Schedule Your Elbow Consultation","32","index, follow, max-snippet:-1, max-video-preview:-1, max-image-preview:large","","","https://synergyhealth.org/treatment/total-elbow-arthroplasty/","","","","","","296245","42392","42392","16.240","","2550","452","5.642","49.360","Hard","9.844","0","2","","496","238","0","100.000","351","221","0","21","19","0","","","","","80e219828fe1c9d9f8b8cd94c0dae9c4","0.621","Tue, 11 Aug 2026 18:05:28 GMT","","","","en-US","1.1","","","","","","https://synergyhealth.org/treatment/total-elbow-arthroplasty/","2026-08-11 14:05:27"
"https://synergyhealth.org/treatment/total-hip-arthroplasty/","https://synergyhealth.org/treatment/total-hip-arthroplasty/","text/html; charset=UTF-8","200","OK","Indexable","","Total Hip Arthroplasty | Hip Replacement Surgery Michigan","57","518","Expert total hip arthroplasty at Synergy Health Partners. Fellowship-trained surgeons, advanced techniques, comprehensive care. Schedule your consultation today.","161","1037","","0","Total Hip Arthroplasty","22","","0","Comprehensive hip care from evaluation to recovery—all under one roof.","70","Schedule Your Hip Consultation","30","index, follow, max-snippet:-1, max-video-preview:-1, max-image-preview:large","","","https://synergyhealth.org/treatment/total-hip-arthroplasty/","","","","","","296703","42551","42551","16.300","","2590","468","5.534","49.395","Hard","9.913","0","2","","253","238","0","100.000","351","221","0","21","19","0","","","","","714486bcb965e633b59cf92e992a0d5f","0.709","Tue, 11 Aug 2026 18:05:28 GMT","","","","en-US","1.1","","","","","","https://synergyhealth.org/treatment/total-hip-arthroplasty/","2026-08-11 14:05:27"
"https://synergyhealth.org/treatment/total-knee-arthroplasty-tka/","https://synergyhealth.org/treatment/total-knee-arthroplasty-tka/","text/html; charset=UTF-8","200","OK","Indexable","","Knee Replacement (TKA) in Michigan | Synergy Health Partners","60","558","Total knee arthroplasty from board-certified surgeons in SE Michigan. Robotic-assisted options, same-week consults and coordinated recovery. 90%+ report less pain.","163","1047","","0","Total Knee Arthroplasty (TKA)","29","","0","Complete knee care from consultation to full recovery—all under one roof.","73","Schedule Your Knee Evaluation","29","index, follow, max-snippet:-1, max-video-preview:-1, max-image-preview:large","","","https://synergyhealth.org/treatment/total-knee-arthroplasty-tka/","","","","","","299577","42627","42627","16.330","","2559","458","5.587","49.750","Hard","9.757","0","2","","255","238","0","100.000","352","221","0","22","20","0","","","","","188105daf5bdd530426143603d19faa6","0.102","Tue, 11 Aug 2026 16:42:14 GMT","","","","en-US","1.1","","","","","","https://synergyhealth.org/treatment/total-knee-arthroplasty-tka/","2026-08-11 14:05:27"
"https://synergyhealth.org/treatment/total-reverse-shoulder-arthroplasty/","https://synergyhealth.org/treatment/total-reverse-shoulder-arthroplasty/","text/html; charset=UTF-8","200","OK","Indexable","","Shoulder Replacement Surgery | Synergy Health Michigan","54","506","Expert total & reverse shoulder arthroplasty in Southeast Michigan. Fellowship-trained surgeons, advanced techniques, comprehensive rehabilitation. Schedule consultation.","170","1091","","0","Total & Reverse Shoulder Arthroplasty","37","","0","Comprehensive shoulder care from diagnosis to full recovery—all under one roof.","79","Schedule Your Shoulder Consultation","35","index, follow, max-snippet:-1, max-video-preview:-1, max-image-preview:large","","","https://synergyhealth.org/treatment/total-reverse-shoulder-arthroplasty/","","","","","","293695","42457","42457","16.264","","2599","457","5.687","50.352","Fairly Hard","10.061","0","2","","496","238","0","100.000","351","221","0","21","19","0","","","","","4b5a879bc34ca8dfc87e4dba90faf8b","0.604","Tue, 11 Aug 2026 18:05:26 GMT","","","","en-US","1.1","","","","","","https://synergyhealth.org/treatment/total-reverse-shoulder-arthroplasty/","2026-08-11 14:05:26"
"https://synergyhealth.org/treatment/trigger-finger-release/","https://synergyhealth.org/treatment/trigger-finger-release/","text/html; charset=UTF-8","200","OK","Indexable","","Trigger Finger Release | Synergy Health Partners Michigan","57","512","Expert trigger finger treatment in Southeast Michigan. Non-surgical and minimally invasive options. Board-certified specialists. Schedule consultation today.","157","985","","0","Trigger Finger Release","22","","0","Comprehensive trigger finger care—from diagnosis to full recovery.","66","Schedule Your Consultation","26","index, follow, max-snippet:-1, max-video-preview:-1, max-image-preview:large","","","https://synergyhealth.org/treatment/trigger-finger-release/","","","","","","315044","44940","44940","17.216","","3412","614","5.557","61.029","Normal","10.668","0","2","","259","238","0","100.000","348","218","0","18","16","0","","","","","6f5961b3bb6ae9b9ba59f7633938703e","0.687","Tue, 11 Aug 2026 18:05:26 GMT","","","","en-US","1.1","","","","","","https://synergyhealth.org/treatment/trigger-finger-release/","2026-08-11 14:05:26"
"https://synergyhealth.org/treatment/trigger-point-injection/","https://synergyhealth.org/treatment/trigger-point-injection/","text/html; charset=UTF-8","200","OK","Indexable","","Trigger Point Injection Treatment | Synergy Health Michigan","59","526","Get effective muscle pain relief with trigger point injections in Southeast Michigan. Expert pain management doctors, personalized care. Schedule consultation today.","165","1046","","0","Trigger Point Injection","23","","0","Comprehensive pain management—from diagnosis to lasting relief.","63","Schedule Your Consultation","26","index, follow, max-snippet:-1, max-video-preview:-1, max-image-preview:large","","","https://synergyhealth.org/treatment/trigger-point-injection/","","","","","","319697","45001","45001","17.239","","3391","614","5.523","57.327","Fairly Hard","10.611","0","2","","246","238","0","100.000","349","223","0","19","17","0","","","","","16592cd9db9039334aaf1d326ca7a4ea","0.641","Tue, 11 Aug 2026 18:05:26 GMT","","","","en-US","1.1","","","","","","https://synergyhealth.org/treatment/trigger-point-injection/","2026-08-11 14:05:26"
"https://synergyhealth.org/treatment/trochanteric-bursectomy/","https://synergyhealth.org/treatment/trochanteric-bursectomy/","text/html; charset=UTF-8","200","OK","Indexable","","Trochanteric Bursectomy | Hip Pain Surgery | Synergy Health","59","533","Expert trochanteric bursectomy at Synergy Health Partners. Minimally invasive hip surgery with 90%+ success rates. Schedule your consultation today in Southeast Michigan.","170","1098","","0","Trochanteric Bursectomy","23","","0","Hip pain specialists—comprehensive care from diagnosis to recovery.","67","Schedule Your Hip Evaluation","28","index, follow, max-snippet:-1, max-video-preview:-1, max-image-preview:large","","","https://synergyhealth.org/treatment/trochanteric-bursectomy/","","","","","","293799","42092","42092","16.125","","2475","448","5.525","47.546","Hard","9.791","0","2","","1207","238","0","100.000","351","221","0","21","19","0","","","","","e2714ae3256d336258c99cc1d230d83f","0.606","Tue, 11 Aug 2026 18:05:26 GMT","","","","en-US","1.1","","","","","","https://synergyhealth.org/treatment/trochanteric-bursectomy/","2026-08-11 14:05:26"
"https://synergyhealth.org/treatment/ucl-reconstruction-surgery/","https://synergyhealth.org/treatment/ucl-reconstruction-surgery/","text/html; charset=UTF-8","200","OK","Indexable","","UCL Reconstruction Surgery (Tommy John) | Synergy Health","56","531","Expert UCL reconstruction surgery in Southeast Michigan. Fellowship-trained surgeons, advanced techniques, comprehensive rehab. Schedule your elbow evaluation today.","165","1088","","0","UCL Reconstruction (Tommy John Surgery)","39","","0","Expert elbow care from diagnosis to full recovery—all under one roof.","69","Schedule Your Elbow Evaluation","30","index, follow, max-snippet:-1, max-video-preview:-1, max-image-preview:large","","","https://synergyhealth.org/treatment/ucl-reconstruction-surgery/","","","","","","292392","42287","42287","16.199","","2516","448","5.616","49.588","Hard","9.877","0","2","","496","238","0","100.000","351","221","0","21","19","0","","","","","7c033bbbad425249646198c99e80c738","0.526","Tue, 11 Aug 2026 18:05:26 GMT","","","","en-US","1.1","","","","","","https://synergyhealth.org/treatment/ucl-reconstruction-surgery/","2026-08-11 14:05:26"
"https://synergyhealth.org/treatments/","https://synergyhealth.org/treatments/","text/html; charset=UTF-8","301","Moved Permanently","Non-Indexable","Redirected","","0","0","","0","0","","0","","0","","0","","0","","0","","","","","","","","","","0","0","0","0.000","","0","","","","","0.000","0","1","","0","0","0","0.000","0","0","0","0","0","0","","","","","","0.141","","https://synergyhealth.org/treatment/","HTTP Redirect","","","1.1","","","","","","https://synergyhealth.org/treatments/","2026-08-11 14:05:26"
"https://synergyhealth.org/whats-new-mendelson-kornblum-newsletter/","https://synergyhealth.org/whats-new-mendelson-kornblum-newsletter/","text/html; charset=UTF-8","301","Moved Permanently","Non-Indexable","Redirected","","0","0","","0","0","","0","","0","","0","","0","","0","","","","","","","","","","0","0","0","0.000","","0","","","","","0.000","0","1","","0","0","0","0.000","0","0","0","0","0","0","","","","","","0.154","","https://synergyhealth.org/whats-new-mendelson-newsletter/","HTTP Redirect","","","1.1","","","","","","https://synergyhealth.org/whats-new-mendelson-kornblum-newsletter/","2026-08-11 14:05:25"
"https://synergyhealth.org/wp-content/uploads/2024/05/anatomical-renderings-of-modular-anterior-cervical-discectomy-and-fusion-acdf-construct.png/","https://synergyhealth.org/wp-content/uploads/2024/05/anatomical-renderings-of-modular-anterior-cervical-discectomy-and-fusion-acdf-construct.png/","text/html; charset=UTF-8","404","Not Found","Non-Indexable","Client Error","","0","0","","0","0","","0","","0","","0","","0","","0","","","","","","","","","","0","0","0","0.000","","0","","","","","0.000","0","5","","0","0","0","0.000","0","0","0","0","0","0","","","","","","0.485","","","","","","1.1","","","","","","https://synergyhealth.org/wp-content/uploads/2024/05/anatomical-renderings-of-modular-anterior-cervical-discectomy-and-fusion-acdf-construct.png/","2026-08-11 14:05:25"
"https://synergyhealth.org/wp-content/uploads/2024/05/shp-mendelson-ortho-spine-logo-11-x-4-in-copy-1024x372.png/","https://synergyhealth.org/wp-content/uploads/2024/05/shp-mendelson-ortho-spine-logo-11-x-4-in-copy-1024x372.png/","text/html; charset=UTF-8","404","Not Found","Non-Indexable","Client Error","","0","0","","0","0","","0","","0","","0","","0","","0","","","","","","","","","","0","0","0","0.000","","0","","","","","0.000","0","5","","0","0","0","0.000","0","0","0","0","0","0","","","","","","0.507","","","","","","1.1","","","","","","https://synergyhealth.org/wp-content/uploads/2024/05/shp-mendelson-ortho-spine-logo-11-x-4-in-copy-1024x372.png/","2026-08-11 14:05:25"
"https://synergyhealth.org/wp-content/uploads/2024/11/kevin-lee-web-profile-copy-4.png/","https://synergyhealth.org/wp-content/uploads/2024/11/kevin-lee-web-profile-copy-4.png/","text/html; charset=UTF-8","404","Not Found","Non-Indexable","Client Error","","0","0","","0","0","","0","","0","","0","","0","","0","","","","","","","","","","0","0","0","0.000","","0","","","","","0.000","0","5","","0","0","0","0.000","0","0","0","0","0","0","","","","","","0.521","","","","","","1.1","","","","","","https://synergyhealth.org/wp-content/uploads/2024/11/kevin-lee-web-profile-copy-4.png/","2026-08-11 14:05:25"
"https://synergyhealth.org/wp-content/uploads/2026/01/neck-fracture_broken-neck.webp/","https://synergyhealth.org/wp-content/uploads/2026/01/neck-fracture_broken-neck.webp/","text/html; charset=UTF-8","404","Not Found","Non-Indexable","Client Error","","0","0","","0","0","","0","","0","","0","","0","","0","","","","","","","","","","0","0","0","0.000","","0","","","","","0.000","0","5","","0","0","0","0.000","0","0","0","0","0","0","","","","","","0.496","","","","","","1.1","","","","","","https://synergyhealth.org/wp-content/uploads/2026/01/neck-fracture_broken-neck.webp/","2026-08-11 14:05:25"
