url,section,url_structure,subcategory,page_name,page_title,spine_related,status,gsc_clicks_apr2025_aug2026,gsc_impressions_apr2025_aug2026,gsc_impressions_last90d,ga4_pageviews_last12mo
https://synergyhealth.org/conditions/neck-fracture-broken-neck/,Conditions,/conditions/,,Neck Fracture Broken Neck,Neck Fracture Treatment | Broken Neck Care | Synergy Health,Yes,Live,232,82200,70088,130
https://synergyhealth.org/conditions-we-treat/spine-neck-back-conditions/neck-fracture-broken-neck/,Conditions,/conditions-we-treat/,Spine Neck Back Conditions,Neck Fracture Broken Neck,Neck Fracture/Broken Neck | Synergy Health Partners,Yes,Live,88,39615,0,92
https://synergyhealth.org/conditions/back-fracture-break/,Conditions,/conditions/,,Back Fracture Break,Back Fracture Treatment | Spine Surgeons Michigan,Yes,Live,31,22368,18481,54
https://synergyhealth.org/conditions-we-treat/spine-neck-back-conditions/back-fracture-break/,Conditions,/conditions-we-treat/,Spine Neck Back Conditions,Back Fracture Break,Back Fracture/Break | Synergy Health Partners,Yes,Live,16,10969,0,55
https://synergyhealth.org/conditions-we-treat/spine-neck-back-conditions/sciatica/,Conditions,/conditions-we-treat/,Spine Neck Back Conditions,Sciatica,Manage Your Sciatica Pain | Expert Care at Synergy Health Partners,Yes,Live,4,6478,0,35
https://synergyhealth.org/conditions-we-treat/spine-neck-back-conditions/spinal-stenosis/,Conditions,/conditions-we-treat/,Spine Neck Back Conditions,Spinal Stenosis,Understanding Spinal Stenosis Treatment | Symptoms and Care Options,Yes,Live,0,5586,0,91
https://synergyhealth.org/conditions-we-treat/spine-neck-back-conditions/,Conditions,/conditions-we-treat/,,Spine Neck Back Conditions,"Spine, Neck & Back Conditions | Synergy Health Partners",Yes,Live,7,3239,0,924
https://synergyhealth.org/conditions-we-treat/spine-neck-back-conditions/cervical-radiculopathy/,Conditions,/conditions-we-treat/,Spine Neck Back Conditions,Cervical Radiculopathy,Cervical Radiculopathy | Synergy Health Partners,Yes,Live,0,2354,4,43
https://synergyhealth.org/conditions-we-treat/spine-neck-back-conditions/spondylolisthesis/,Conditions,/conditions-we-treat/,Spine Neck Back Conditions,Spondylolisthesis,Spondylolisthesis | Synergy Health Partners,Yes,Live,2,2195,0,27
https://synergyhealth.org/conditions/ankylosing-spondylitis/,Conditions,/conditions/,,Ankylosing Spondylitis,Ankylosing Spondylitis Treatment | Synergy Health Partners,Yes,Live,3,2023,2023,73
https://synergyhealth.org/conditions/spondylolisthesis/,Conditions,/conditions/,,Spondylolisthesis,Spondylolisthesis Treatment Michigan | Synergy Health,Yes,Live,3,1219,1038,97
https://synergyhealth.org/conditions/cervical-radiculopathy/,Conditions,/conditions/,,Cervical Radiculopathy,Cervical Radiculopathy Treatment | Synergy Health Partners MI,Yes,Live,3,1211,1211,134
https://synergyhealth.org/conditions/arthritic-back-pain/,Conditions,/conditions/,,Arthritic Back Pain,Arthritic Back Pain Treatment | Synergy Health Partners,Yes,Live,0,1108,993,108
https://synergyhealth.org/conditions/spinal-stenosis/,Conditions,/conditions/,,Spinal Stenosis,Spinal Stenosis Treatment | Synergy Health Partners,Yes,Live,4,679,679,269
https://synergyhealth.org/conditions/herniated-disc/,Conditions,/conditions/,,Herniated Disc,Herniated Disc Treatment | Synergy Health Partners,Yes,Live,0,638,638,319
https://synergyhealth.org/conditions/scoliosis/,Conditions,/conditions/,,Scoliosis,Scoliosis Treatment | Spine Care | Southeast Michigan,Yes,Live,1,433,433,118
https://synergyhealth.org/conditions/si-joint-pain/,Conditions,/conditions/,,SI Joint Pain,SI Joint Pain Treatment | Synergy Health Partners Michigan,Yes,Live,2,422,422,84
https://synergyhealth.org/conditions/lumbar-stenosis/,Conditions,/conditions/,,Lumbar Stenosis,Lumbar Stenosis Treatment Michigan | Synergy Health,Yes,Live,1,341,341,128
https://synergyhealth.org/conditions/degenerative-disc-disease/,Conditions,/conditions/,,Degenerative Disc Disease,Degenerative Disc Disease Treatment Michigan | Synergy Health,Yes,Live,1,255,255,35
https://synergyhealth.org/conditions/sciatica/,Conditions,/conditions/,,Sciatica,Sciatica Treatment Michigan | Synergy Health Partners,Yes,Live,0,117,117,29
https://synergyhealth.org/conditions-we-treat/spine-neck-back-conditions/arthritic-back-pain/,Conditions,/conditions-we-treat/,Spine Neck Back Conditions,Arthritic Back Pain,Arthritic Back Pain | Synergy Health Partners,Yes,Live,0,109,0,41
https://synergyhealth.org/conditions-we-treat/spine-neck-back-conditions/lumbar-stenosis/,Conditions,/conditions-we-treat/,Spine Neck Back Conditions,Lumbar Stenosis,Lumbar Stenosis | Synergy Health Partners,Yes,Live,0,100,0,51
https://synergyhealth.org/conditions-we-treat/spine-neck-back-conditions/herniated-disc/,Conditions,/conditions-we-treat/,Spine Neck Back Conditions,Herniated Disc,Herniated Disk Care And Treatment Options | Synergy Health Partners,Yes,Live,0,38,3,93
https://synergyhealth.org/conditions-we-treat/spine-neck-back-conditions/spinal-pain/,Conditions,/conditions-we-treat/,Spine Neck Back Conditions,Spinal Pain,Spinal Pain | Synergy Health Partners,Yes,Live,0,30,29,4
https://synergyhealth.org/conditions-we-treat/head-neck-2/,Conditions,/conditions-we-treat/,,Head Neck 2,Comprehensive Treatment for Head and Neck Conditions: Find Relief Today,Yes,Live,0,3,0,1
https://synergyhealth.org/conditions-we-treat/neck-pain/,Conditions,/conditions-we-treat/,,Neck Pain,Diagnose & Treat Neck Pain With Providers At Synergy Health Partners,Yes,Live,0,0,0,5
https://synergyhealth.org/conditions-we-treat/sciatica/,Conditions,/conditions-we-treat/,,Sciatica,Sciatica | Synergy Health Partners,Yes,Live,0,0,0,2
https://synergyhealth.org/conditions-we-treat/spine-neck-back-conditions/adolescent-scoliosis/,Conditions,/conditions-we-treat/,Spine Neck Back Conditions,Adolescent Scoliosis,Adolescent Scoliosis | Synergy Health Partners,Yes,Live,0,0,0,6
https://synergyhealth.org/conditions-we-treat/spine-neck-back-conditions/si-joint-pain/,Conditions,/conditions-we-treat/,Spine Neck Back Conditions,SI Joint Pain,SI Joint Pain | Synergy Health Partners,Yes,Live,0,0,0,2
https://synergyhealth.org/conditions-we-treat/spine/herniated-disc/,Conditions,/conditions-we-treat/,Spine,Herniated Disc,Herniated Disc | Synergy Health Partners,Yes,Live,0,0,0,1
https://synergyhealth.org/conditions-we-treat/hand-upper-extremity-conditions/dupuytrens-disease/,Conditions,/conditions-we-treat/,Hand Upper Extremity Conditions,Dupuytrens Disease,Dupuytren’s Disease | Synergy Health Partners,No,Live,117,76324,0,239
https://synergyhealth.org/conditions-we-treat/hand-upper-extremity-conditions/ganglions-cysts-of-the-wrist/,Conditions,/conditions-we-treat/,Hand Upper Extremity Conditions,Ganglions Cysts of the Wrist,Ganglions (Cysts) of the Wrist | Synergy Health Partners,No,Live,15,65788,0,39
https://synergyhealth.org/conditions-we-treat/hand-upper-extremity-conditions/arthritis-of-the-thumb/,Conditions,/conditions-we-treat/,Hand Upper Extremity Conditions,Arthritis of the Thumb,Arthritis of the Thumb | Synergy Health Partners,No,Live,23,61198,0,34
https://synergyhealth.org/conditions-we-treat/hand-upper-extremity-conditions/carpal-tunnel-syndrome/,Conditions,/conditions-we-treat/,Hand Upper Extremity Conditions,Carpal Tunnel Syndrome,Comprehensive Carpal Tunnel Treatment And Solutions,No,Live,12,51642,0,39
https://synergyhealth.org/conditions-we-treat/hip-conditions/hip-bursitis/,Conditions,/conditions-we-treat/,Hip Conditions,Hip Bursitis,Hip Bursitis | Synergy Health Partners,No,Live,35,43626,0,60
https://synergyhealth.org/conditions-we-treat/hand-upper-extremity-conditions/fingertip-injuries-amputations/,Conditions,/conditions-we-treat/,Hand Upper Extremity Conditions,Fingertip Injuries Amputations,Fingertip Injuries/Amputations | Synergy Health Partners,No,Live,30,27121,0,47
https://synergyhealth.org/conditions-we-treat/hand-upper-extremity-conditions/boutonniere-deformity/,Conditions,/conditions-we-treat/,Hand Upper Extremity Conditions,Boutonniere Deformity,Boutonnière Deformity | Synergy Health Partners,No,Live,24,25203,0,20
https://synergyhealth.org/conditions-we-treat/hand-upper-extremity-conditions/hand-arthritis/,Conditions,/conditions-we-treat/,Hand Upper Extremity Conditions,Hand Arthritis,Manage Arthritis in Hands: Symptoms and Treatments Explained,No,Live,2,23775,0,32
https://synergyhealth.org/conditions/dupuytrens-contracture/,Conditions,/conditions/,,Dupuytrens Contracture,Dupuytren's Contracture Treatment | Synergy Health Partners,No,Live,48,22321,18552,71
https://synergyhealth.org/conditions-we-treat/knee-conditions/,Conditions,/conditions-we-treat/,,Knee Conditions,Knee Conditions | Synergy Health Partners,No,Live,15,16401,0,1026
https://synergyhealth.org/conditions-we-treat/,Conditions,/conditions-we-treat/,,(index page),Conditions We Treat | Synergy Health Partners,No,Live,15,15055,0,765
https://synergyhealth.org/conditions-we-treat/foot-ankle-conditions/mortons-neuroma/,Conditions,/conditions-we-treat/,Foot Ankle Conditions,Mortons Neuroma,Comprehensive Carpal Tunnel Treatment And Solutions,No,Live,3,13784,10,13
https://synergyhealth.org/conditions-we-treat/hand-upper-extremity-conditions/reflex-sympathetic-dystrophy/,Conditions,/conditions-we-treat/,Hand Upper Extremity Conditions,Reflex Sympathetic Dystrophy,Reflex Sympathetic Dystrophy | Synergy Health Partners,No,Live,13,12230,0,22
https://synergyhealth.org/conditions-we-treat/knee-conditions/iliotibial-band-syndrome/,Conditions,/conditions-we-treat/,Knee Conditions,Iliotibial Band Syndrome,Iliotibial Band Syndrome | Synergy Health Partners,No,Live,4,11578,0,19
https://synergyhealth.org/conditions-we-treat/foot-ankle-conditions/bunions/,Conditions,/conditions-we-treat/,Foot Ankle Conditions,Bunions,Comprehensive Carpal Tunnel Treatment And Solutions,No,Live,11,10685,0,58
https://synergyhealth.org/conditions-we-treat/hand-upper-extremity-conditions/fracture-of-the-finger/,Conditions,/conditions-we-treat/,Hand Upper Extremity Conditions,Fracture of the Finger,Fracture of the Finger | Synergy Health Partners,No,Live,2,10378,0,7
https://synergyhealth.org/conditions/ganglion-cyst/,Conditions,/conditions/,,Ganglion Cyst,Ganglion Cyst Treatment | Synergy Health Partners Michigan,No,Live,8,7420,6149,98
https://synergyhealth.org/conditions-we-treat/foot-ankle-conditions/,Conditions,/conditions-we-treat/,,Foot Ankle Conditions,Foot & Ankle Pain Relief and Treatment Solutions | Synergy,No,Live,17,7034,0,564
https://synergyhealth.org/conditions-we-treat/shoulder/shoulder-fracture/,Conditions,/conditions-we-treat/,Shoulder,Shoulder Fracture,Shoulder Fracture | Synergy Health Partners,No,Live,0,6256,0,9
https://synergyhealth.org/conditions-we-treat/hip-conditions/avascular-necrosis-of-the-hip/,Conditions,/conditions-we-treat/,Hip Conditions,Avascular Necrosis of the Hip,Avascular Necrosis of the Hip | Synergy Health Partners,No,Live,2,5870,0,25
https://synergyhealth.org/conditions/hand-arthritis/,Conditions,/conditions/,,Hand Arthritis,Hand Arthritis Treatment | Southeast Michigan | Synergy Health,No,Live,9,4875,4335,98
https://synergyhealth.org/conditions/thumb-arthritis/,Conditions,/conditions/,,Thumb Arthritis,Thumb Arthritis Treatment | Synergy Health Michigan,No,Live,6,4710,3800,55
https://synergyhealth.org/conditions-we-treat/hip-conditions/,Conditions,/conditions-we-treat/,,Hip Conditions,Hip Conditions | Synergy Health Partners,No,Live,0,4563,0,563
https://synergyhealth.org/conditions/trochanteric-bursitis/,Conditions,/conditions/,,Trochanteric Bursitis,Trochanteric Bursitis Treatment | Synergy Health Michigan,No,Live,7,4106,3537,19
https://synergyhealth.org/conditions/shoulder-dislocation/,Conditions,/conditions/,,Shoulder Dislocation,Shoulder Dislocation Treatment | Synergy Health Partners MI,No,Live,6,4059,3382,9
https://synergyhealth.org/conditions-we-treat/total-joint-care/reverse-shoulder-anthroplasty/,Conditions,/conditions-we-treat/,Total Joint Care,Reverse Shoulder Anthroplasty,Reverse Shoulder Arthroplasty | Synergy Health Partners,No,Live,8,3705,0,2190
https://synergyhealth.org/conditions/frozen-shoulder/,Conditions,/conditions/,,Frozen Shoulder,Frozen Shoulder Treatment | Synergy Health Partners MI,No,Live,5,3137,3137,25
https://synergyhealth.org/conditions/trigger-finger/,Conditions,/conditions/,,Trigger Finger,Trigger Finger Treatment | Synergy Health Partners Michigan,No,Live,3,2915,2915,94
https://synergyhealth.org/conditions/foot-stress-fracture/,Conditions,/conditions/,,Foot Stress Fracture,Foot Stress Fracture Treatment | Synergy Health Partners MI,No,Live,2,2792,2558,25
https://synergyhealth.org/conditions-we-treat/knee-conditions/loose-body-of-the-knee-joint/,Conditions,/conditions-we-treat/,Knee Conditions,Loose Body of the Knee Joint,Loose Body of the Knee Joint | Synergy Health Partners,No,Live,2,2417,292,20
https://synergyhealth.org/conditions/mortons-neuroma/,Conditions,/conditions/,,Mortons Neuroma,Morton's Neuroma Treatment | Synergy Health Michigan,No,Live,10,2402,2402,30
https://synergyhealth.org/conditions/knee-bursitis/,Conditions,/conditions/,,Knee Bursitis,Knee Bursitis Treatment | Synergy Health Partners,No,Live,1,2322,2322,11
https://synergyhealth.org/conditions-we-treat/hip-conditions/hip-impingement/,Conditions,/conditions-we-treat/,Hip Conditions,Hip Impingement,Hip Impingement | Synergy Health Partners,No,Live,0,2239,0,26
https://synergyhealth.org/conditions-we-treat/hip-conditions/rheumatoid-arthritis-in-the-hip-joint/,Conditions,/conditions-we-treat/,Hip Conditions,Rheumatoid Arthritis in the Hip Joint,Rheumatoid Arthritis in the Hip Joint | Synergy Health Partners,No,Live,4,2163,875,15
https://synergyhealth.org/conditions-we-treat/hip-conditions/hip-dislocations/,Conditions,/conditions-we-treat/,Hip Conditions,Hip Dislocations,Hip Dislocations | Synergy Health Partners,No,Live,1,1974,0,7
https://synergyhealth.org/conditions/,Conditions,/conditions/,,(index page),Orthopedic & Spine Conditions We Treat | Synergy Health,No,Live,6,1850,1428,329
https://synergyhealth.org/conditions/hip-flexor-strain/,Conditions,/conditions/,,Hip Flexor Strain,Hip Flexor Strain Treatment | Synergy Health Partners,No,Live,6,1705,1705,8
https://synergyhealth.org/conditions-we-treat/hip-conditions/snapping-hip-syndrome/,Conditions,/conditions-we-treat/,Hip Conditions,Snapping Hip Syndrome,Snapping Hip Syndrome | Synergy Health Partners,No,Live,1,1667,642,28
https://synergyhealth.org/conditions/de-quervains-tenosynovitis/,Conditions,/conditions/,,De Quervains Tenosynovitis,De Quervain's Tenosynovitis Treatment | Synergy Health MI,No,Live,3,1647,1644,35
https://synergyhealth.org/conditions/ac-joint-separation/,Conditions,/conditions/,,Ac Joint Separation,AC Joint Separation Treatment | Synergy Health Partners MI,No,Live,1,1518,1483,10
https://synergyhealth.org/conditions/bunions/,Conditions,/conditions/,,Bunions,Bunion Treatment in Southeast Michigan | Synergy Health,No,Live,1,1494,1153,61
https://synergyhealth.org/conditions/ankle-fracture/,Conditions,/conditions/,,Ankle Fracture,Ankle Fracture Safe Treatment | Orthopedic Care | 1-Stop-Shop,No,Live,1,1479,1157,17
https://synergyhealth.org/conditions/shoulder-arthritis/,Conditions,/conditions/,,Shoulder Arthritis,Shoulder Arthritis Treatment | Synergy Health Partners MI,No,Live,1,1450,1288,12
https://synergyhealth.org/conditions/meniscus-tear/,Conditions,/conditions/,,Meniscus Tear,Meniscus Tear Treatment Michigan | Synergy Health Partners,No,Live,0,1339,1252,33
https://synergyhealth.org/conditions/wrist-fracture/,Conditions,/conditions/,,Wrist Fracture,Wrist Fracture Treatment | Orthopedic Specialists | Synergy Health,No,Live,3,1261,930,45
https://synergyhealth.org/conditions/acl-tear/,Conditions,/conditions/,,ACL Tear,ACL Tear Treatment | Orthopedic Specialists Michigan,No,Live,3,1223,1192,19
https://synergyhealth.org/conditions-we-treat/knee-conditions/septic-arthritis-in-the-knee-joint/,Conditions,/conditions-we-treat/,Knee Conditions,Septic Arthritis in the Knee Joint,Septic Arthritis in the Knee Joint | Synergy Health Partners,No,Live,0,1144,43,15
https://synergyhealth.org/conditions/bakers-cyst/,Conditions,/conditions/,,Bakers Cyst,Baker's Cyst Treatment | Southeast Michigan | Synergy Health,No,Live,2,1075,1075,20
https://synergyhealth.org/conditions/patellar-tendinitis/,Conditions,/conditions/,,Patellar Tendinitis,Patellar Tendinitis Treatment | Synergy Health Partners,No,Live,1,1028,1028,10
https://synergyhealth.org/conditions/tennis-elbow/,Conditions,/conditions/,,Tennis Elbow,Tennis Elbow Treatment | Synergy Health Partners Michigan,No,Live,1,1016,1016,17
https://synergyhealth.org/conditions-we-treat/shoulder/rotator-cuff-injuries/,Conditions,/conditions-we-treat/,Shoulder,Rotator Cuff Injuries,Rotator Cuff Injury Treatment And Repair Services in Michigan,No,Live,0,1014,0,43
https://synergyhealth.org/conditions/ankle-sprain/,Conditions,/conditions/,,Ankle Sprain,Ankle Sprain Treatment | Synergy Health Partners Michigan,No,Live,0,1007,1007,18
https://synergyhealth.org/conditions/carpal-tunnel-syndrome/,Conditions,/conditions/,,Carpal Tunnel Syndrome,Carpal Tunnel Syndrome Treatment | Synergy Health Partners,No,Live,2,1007,760,147
https://synergyhealth.org/conditions-we-treat/hand-upper-extremity-conditions/sprained-thumb/,Conditions,/conditions-we-treat/,Hand Upper Extremity Conditions,Sprained Thumb,Sprained Thumb | Synergy Health Partners,No,Live,1,982,122,5
https://synergyhealth.org/conditions/rotator-cuff-tear/,Conditions,/conditions/,,Rotator Cuff Tear,Rotator Cuff Tear Treatment | Synergy Health Partners,No,Live,1,981,915,36
https://synergyhealth.org/conditions/femoroacetabular-impingement/,Conditions,/conditions/,,Femoroacetabular Impingement,Femoroacetabular Impingement Treatment | Synergy Health,No,Live,2,957,791,8
https://synergyhealth.org/conditions-we-treat/hand-upper-extremity-conditions/,Conditions,/conditions-we-treat/,,Hand Upper Extremity Conditions,Treating Hand & Upper Extremity Disorders in Michigan,No,Live,3,908,0,467
https://synergyhealth.org/conditions/shoulder-labral-tear/,Conditions,/conditions/,,Shoulder Labral Tear,Shoulder Labral Tear Treatment | Synergy Health Partners MI,No,Live,1,874,635,15
https://synergyhealth.org/conditions/hip-labral-tear/,Conditions,/conditions/,,Hip Labral Tear,Hip Labral Tear Treatment | Synergy Health Partners MI,No,Live,2,817,817,6
https://synergyhealth.org/conditions/wrist-sprain/,Conditions,/conditions/,,Wrist Sprain,Wrist Sprain Treatment in Southeast Michigan | Synergy Health,No,Live,1,806,806,31
https://synergyhealth.org/conditions-we-treat/hand-upper-extremity-conditions/kienbocks-disease/,Conditions,/conditions-we-treat/,Hand Upper Extremity Conditions,Kienbocks Disease,Kienbock’s Disease | Synergy Health Partners,No,Live,0,779,0,6
https://synergyhealth.org/conditions-we-treat/knee-conditions/acl-injuries/,Conditions,/conditions-we-treat/,Knee Conditions,ACL Injuries,ACL Injuries | Synergy Health Partners,No,Live,0,777,0,17
https://synergyhealth.org/conditions-we-treat/foot-ankle-conditions/broken-ankle/,Conditions,/conditions-we-treat/,Foot Ankle Conditions,Broken Ankle,Comprehensive Carpal Tunnel Treatment And Solutions,No,Live,1,692,0,25
https://synergyhealth.org/conditions-we-treat/knee-conditions/pseudogout/,Conditions,/conditions-we-treat/,Knee Conditions,Pseudogout,Pseudogout | Synergy Health Partners,No,Live,1,637,200,11
https://synergyhealth.org/conditions/shoulder-impingement-syndrome/,Conditions,/conditions/,,Shoulder Impingement Syndrome,Shoulder Impingement Treatment | Synergy Health Michigan,No,Live,0,612,612,14
https://synergyhealth.org/conditions/plantar-fasciitis/,Conditions,/conditions/,,Plantar Fasciitis,Plantar Fasciitis Treatment Michigan | Synergy Health Partners,No,Live,0,611,611,38
https://synergyhealth.org/conditions-we-treat/shoulder/shoulder-arthritis/,Conditions,/conditions-we-treat/,Shoulder,Shoulder Arthritis,Shoulder Arthritis | Synergy Health Partners,No,Live,0,598,0,27
https://synergyhealth.org/conditions/rotator-cuff-tendinitis/,Conditions,/conditions/,,Rotator Cuff Tendinitis,Rotator Cuff Tendinitis Treatment | Synergy Health Partners,No,Live,2,543,543,25
https://synergyhealth.org/conditions-we-treat/shoulder/,Conditions,/conditions-we-treat/,,Shoulder,Shoulder Conditions | Synergy Health Partners,No,Live,0,474,6,264
https://synergyhealth.org/conditions/patellofemoral-pain-syndrome/,Conditions,/conditions/,,Patellofemoral Pain Syndrome,Patellofemoral Pain Syndrome Treatment | Synergy Health,No,Live,2,415,415,12
https://synergyhealth.org/conditions/knee-osteoarthritis/,Conditions,/conditions/,,Knee Osteoarthritis,Knee Osteoarthritis Treatment | Southeast Michigan | Synergy,No,Live,0,377,377,33
https://synergyhealth.org/conditions-we-treat/hand-upper-extremity-conditions/trigger-finger/,Conditions,/conditions-we-treat/,Hand Upper Extremity Conditions,Trigger Finger,Trigger Finger | Synergy Health Partners,No,Live,1,324,7,40
https://synergyhealth.org/conditions-we-treat/knee-conditions/rheumatoid-arthritis-in-the-knee-joint-2/,Conditions,/conditions-we-treat/,Knee Conditions,Rheumatoid Arthritis in the Knee Joint 2,Rheumatoid Arthritis in the Knee Joint | Synergy Health Partners,No,Live,0,320,33,15
https://synergyhealth.org/conditions/flatfoot/,Conditions,/conditions/,,Flatfoot,Flatfoot Treatment | Synergy Health Partners Michigan,No,Live,1,311,311,28
https://synergyhealth.org/conditions-we-treat/knee-conditions/dislocated-kneecap/,Conditions,/conditions-we-treat/,Knee Conditions,Dislocated Kneecap,Dislocated Kneecap | Synergy Health Partners,No,Live,0,310,54,22
https://synergyhealth.org/conditions/ankle-arthritis/,Conditions,/conditions/,,Ankle Arthritis,Ankle Arthritis Treatment | Synergy Health Partners,No,Live,1,306,306,16
https://synergyhealth.org/conditions/hip-fracture/,Conditions,/conditions/,,Hip Fracture,Hip Fracture Treatment | Synergy Health Partners Michigan,No,Live,3,276,276,9
https://synergyhealth.org/conditions-we-treat/hand-upper-extremity-conditions/wrist-injuries-fractures/,Conditions,/conditions-we-treat/,Hand Upper Extremity Conditions,Wrist Injuries Fractures,Distal Radius Fractures Overview | Understanding Broken Wrist,No,Live,0,275,0,21
https://synergyhealth.org/conditions-we-treat/hand-upper-extremity-conditions/nerve-injuries/,Conditions,/conditions-we-treat/,Hand Upper Extremity Conditions,Nerve Injuries,Nerve injuries | Synergy Health Partners,No,Live,0,237,0,10
https://synergyhealth.org/conditions/achilles-tendinitis/,Conditions,/conditions/,,Achilles Tendinitis,Achilles Tendinitis Treatment | Synergy Health Partners,No,Live,1,233,233,33
https://synergyhealth.org/conditions-we-treat/hand-upper-extremity-conditions/mallet-finger-baseball-finger/,Conditions,/conditions-we-treat/,Hand Upper Extremity Conditions,Mallet Finger Baseball Finger,Mallet Finger (Baseball Finger) | Synergy Health Partners,No,Live,0,214,0,4
https://synergyhealth.org/conditions/biceps-tendinitis/,Conditions,/conditions/,,Biceps Tendinitis,Biceps Tendinitis Treatment | Synergy Health Michigan,No,Live,2,178,178,13
https://synergyhealth.org/conditions-we-treat/hand-upper-extremity-conditions/dequervains-tendinitis/,Conditions,/conditions-we-treat/,Hand Upper Extremity Conditions,Dequervains Tendinitis,deQuervain’s Tendinitis | Synergy Health Partners,No,Live,0,177,24,12
https://synergyhealth.org/conditions/mcl-tear/,Conditions,/conditions/,,MCL Tear,MCL Tear Treatment in Michigan | Synergy Health Partners,No,Live,0,161,161,16
https://synergyhealth.org/conditions/hip-osteoarthritis/,Conditions,/conditions/,,Hip Osteoarthritis,Hip Osteoarthritis Treatment | Synergy Health Partners MI,No,Live,0,128,128,18
https://synergyhealth.org/conditions-we-treat/hand-upper-extremity-conditions/flexor-tendon-injuries/,Conditions,/conditions-we-treat/,Hand Upper Extremity Conditions,Flexor Tendon Injuries,Flexor Tendon Injuries | Synergy Health Partners,No,Live,0,127,8,8
https://synergyhealth.org/conditions-we-treat/hip-conditions/hip-dysplasia/,Conditions,/conditions-we-treat/,Hip Conditions,Hip Dysplasia,Hip Dysplasia | Synergy Health Partners,No,Live,0,117,5,16
https://synergyhealth.org/conditions-we-treat/hand-upper-extremity-conditions/distal-radius-fracture/,Conditions,/conditions-we-treat/,Hand Upper Extremity Conditions,Distal Radius Fracture,Distal Radius Fracture | Synergy Health Partners,No,Live,0,106,11,7
https://synergyhealth.org/conditions/golfers-elbow/,Conditions,/conditions/,,Golfers Elbow,Golfer's Elbow Treatment | Synergy Health Partners MI,No,Live,0,106,106,12
https://synergyhealth.org/conditions-we-treat/foot-ankle-conditions/bowed-legs/,Conditions,/conditions-we-treat/,Foot Ankle Conditions,Bowed Legs,Comprehensive Carpal Tunnel Treatment And Solutions,No,Live,0,83,36,4
https://synergyhealth.org/conditions-we-treat/hand-upper-extremity-conditions/hand-fractures/,Conditions,/conditions-we-treat/,Hand Upper Extremity Conditions,Hand Fractures,Hand Fractures | Synergy Health Partners,No,Live,0,78,11,12
https://synergyhealth.org/conditions-we-treat/hand-upper-extremity-conditions/scaphoid-wrist-bone-fracture/,Conditions,/conditions-we-treat/,Hand Upper Extremity Conditions,Scaphoid Wrist Bone Fracture,Scaphoid (wrist bone) Fracture | Synergy Health Partners,No,Live,0,78,8,5
https://synergyhealth.org/conditions-we-treat/foot-ankle-conditions/arthritis-of-the-foot-and-ankle/,Conditions,/conditions-we-treat/,Foot Ankle Conditions,Arthritis of the Foot and Ankle,Comprehensive Carpal Tunnel Treatment And Solutions,No,Live,0,75,0,13
https://synergyhealth.org/conditions-we-treat/shoulder/shoulder-separation/,Conditions,/conditions-we-treat/,Shoulder,Shoulder Separation,Shoulder Separation | Synergy Health Partners,No,Live,0,47,0,10
https://synergyhealth.org/conditions-we-treat/foot-ankle-conditions/intoeing/,Conditions,/conditions-we-treat/,Foot Ankle Conditions,Intoeing,Comprehensive Carpal Tunnel Treatment And Solutions,No,Live,0,44,6,18
https://synergyhealth.org/conditions-we-treat/foot-ankle-conditions/sesamoiditis/,Conditions,/conditions-we-treat/,Foot Ankle Conditions,Sesamoiditis,Comprehensive Carpal Tunnel Treatment And Solutions,No,Live,0,41,7,9
https://synergyhealth.org/conditions-we-treat/shoulder/frozen-shoulder/,Conditions,/conditions-we-treat/,Shoulder,Frozen Shoulder,Frozen Shoulder | Synergy Health Partners,No,Live,0,40,1,25
https://synergyhealth.org/conditions-we-treat/knee-conditions/knee-fractures/,Conditions,/conditions-we-treat/,Knee Conditions,Knee Fractures,Knee Fractures | Synergy Health Partners,No,Live,0,39,4,10
https://synergyhealth.org/conditions-we-treat/hip-conditions/hip-osteoarthritis/,Conditions,/conditions-we-treat/,Hip Conditions,Hip Osteoarthritis,Hip Osteoarthritis | Synergy Health Partners,No,Live,0,37,12,59
https://synergyhealth.org/conditions-we-treat/hand-upper-extremity-conditions/ulnar-tunnel-syndrome/,Conditions,/conditions-we-treat/,Hand Upper Extremity Conditions,Ulnar Tunnel Syndrome,Ulnar Tunnel Syndrome | Synergy Health Partners,No,Live,0,32,7,15
https://synergyhealth.org/conditions-we-treat/foot-ankle-conditions/ingrown-toenail/,Conditions,/conditions-we-treat/,Foot Ankle Conditions,Ingrown Toenail,Comprehensive Carpal Tunnel Treatment And Solutions,No,Live,0,28,8,26
https://synergyhealth.org/conditions-we-treat/foot-ankle-conditions/adult-acquired-flatfoot/,Conditions,/conditions-we-treat/,Foot Ankle Conditions,Adult Acquired Flatfoot,Comprehensive Carpal Tunnel Treatment And Solutions,No,Live,0,20,0,23
https://synergyhealth.org/conditions-we-treat/foot-ankle-conditions/plantar-fasciitis/,Conditions,/conditions-we-treat/,Foot Ankle Conditions,Plantar Fasciitis,Comprehensive Carpal Tunnel Treatment And Solutions,No,Live,0,18,6,25
https://synergyhealth.org/conditions-we-treat/shoulder/shoulder-labrum-tear/,Conditions,/conditions-we-treat/,Shoulder,Shoulder Labrum Tear,Shoulder Labrum Tear | Synergy Health Partners,No,Live,0,17,0,29
https://synergyhealth.org/conditions-we-treat/foot-ankle-conditions/corns/,Conditions,/conditions-we-treat/,Foot Ankle Conditions,Corns,Comprehensive Carpal Tunnel Treatment And Solutions,No,Live,0,15,4,5
https://synergyhealth.org/conditions-we-treat/foot-ankle-conditions/hammer-toe/,Conditions,/conditions-we-treat/,Foot Ankle Conditions,Hammer Toe,Comprehensive Carpal Tunnel Treatment And Solutions,No,Live,0,14,0,11
https://synergyhealth.org/conditions-we-treat/hand-upper-extremity-conditions/animal-bites/,Conditions,/conditions-we-treat/,Hand Upper Extremity Conditions,Animal Bites,Animal Bites | Synergy Health Partners,No,Live,0,14,2,1
https://synergyhealth.org/conditions-we-treat/knee-conditions/meniscal-tears/,Conditions,/conditions-we-treat/,Knee Conditions,Meniscal Tears,Meniscal Tears | Synergy Health Partners,No,Live,0,13,2,111
https://synergyhealth.org/conditions-we-treat/foot-ankle-conditions/fracture-of-the-talus/,Conditions,/conditions-we-treat/,Foot Ankle Conditions,Fracture of the Talus,Comprehensive Carpal Tunnel Treatment And Solutions,No,Live,0,11,0,9
https://synergyhealth.org/conditions-we-treat/foot-ankle-conditions/stress-fractures-of-the-foot-and-ankle/,Conditions,/conditions-we-treat/,Foot Ankle Conditions,Stress Fractures of the Foot and Ankle,Comprehensive Carpal Tunnel Treatment And Solutions,No,Live,0,11,0,22
https://synergyhealth.org/conditions-we-treat/foot-ankle-conditions/common-foot-problems/,Conditions,/conditions-we-treat/,Foot Ankle Conditions,Common Foot Problems,Comprehensive Carpal Tunnel Treatment And Solutions,No,Live,0,10,0,16
https://synergyhealth.org/conditions-we-treat/foot-ankle-conditions/shinbone-fractures/,Conditions,/conditions-we-treat/,Foot Ankle Conditions,Shinbone Fractures,Comprehensive Carpal Tunnel Treatment And Solutions,No,Live,0,10,0,33
https://synergyhealth.org/conditions-we-treat/hip-conditions/hip-fractures/,Conditions,/conditions-we-treat/,Hip Conditions,Hip Fractures,Hip Fractures | Synergy Health Partners,No,Live,0,10,0,21
https://synergyhealth.org/conditions-we-treat/shoulder/shoulder-dislocation/,Conditions,/conditions-we-treat/,Shoulder,Shoulder Dislocation,Shoulder Dislocation | Synergy Health Partners,No,Live,0,8,1,17
https://synergyhealth.org/conditions-we-treat/foot-ankle-conditions/achilles-tendon/,Conditions,/conditions-we-treat/,Foot Ankle Conditions,Achilles Tendon,Comprehensive Carpal Tunnel Treatment And Solutions,No,Live,0,7,2,26
https://synergyhealth.org/conditions-we-treat/foot-ankle-conditions/lisfranc-midfoot-fracture/,Conditions,/conditions-we-treat/,Foot Ankle Conditions,Lisfranc Midfoot Fracture,Comprehensive Carpal Tunnel Treatment And Solutions,No,Live,0,7,0,11
https://synergyhealth.org/conditions-we-treat/shoulder/shoulder-instability/,Conditions,/conditions-we-treat/,Shoulder,Shoulder Instability,Shoulder Instability | Synergy Health Partners,No,Live,0,7,0,9
https://synergyhealth.org/conditions-we-treat/foot-ankle-conditions/posterior-tibial-tendon-dysfunction/,Conditions,/conditions-we-treat/,Foot Ankle Conditions,Posterior Tibial Tendon Dysfunction,Comprehensive Carpal Tunnel Treatment And Solutions,No,Live,0,6,3,16
https://synergyhealth.org/conditions-we-treat/foot-ankle-conditions/claw-toe/,Conditions,/conditions-we-treat/,Foot Ankle Conditions,Claw Toe,Comprehensive Carpal Tunnel Treatment And Solutions,No,Live,0,5,0,9
https://synergyhealth.org/conditions-we-treat/foot-ankle-conditions/fractures-of-the-heel/,Conditions,/conditions-we-treat/,Foot Ankle Conditions,Fractures of the Heel,Comprehensive Carpal Tunnel Treatment And Solutions,No,Live,0,5,1,5
https://synergyhealth.org/conditions-we-treat/foot-ankle-conditions/toe-and-forefoot-fractures/,Conditions,/conditions-we-treat/,Foot Ankle Conditions,Toe and Forefoot Fractures,Comprehensive Carpal Tunnel Treatment And Solutions,No,Live,0,5,3,25
https://synergyhealth.org/conditions-we-treat/foot-ankle-conditions/chronic-lateral-ankle-pain/,Conditions,/conditions-we-treat/,Foot Ankle Conditions,Chronic Lateral Ankle Pain,Comprehensive Carpal Tunnel Treatment And Solutions,No,Live,0,4,0,15
https://synergyhealth.org/conditions-we-treat/foot-ankle-conditions/flexible-flatfoot-in-children/,Conditions,/conditions-we-treat/,Foot Ankle Conditions,Flexible Flatfoot in Children,Comprehensive Carpal Tunnel Treatment And Solutions,No,Live,0,4,2,10
https://synergyhealth.org/conditions-we-treat/knee-conditions/patellar-tendinitis/,Conditions,/conditions-we-treat/,Knee Conditions,Patellar Tendinitis,Patellar Tendinitis | Synergy Health Partners,No,Live,0,4,0,20
https://synergyhealth.org/conditions-we-treat/hand-upper-extremity-conditions/thumb-fracture/,Conditions,/conditions-we-treat/,Hand Upper Extremity Conditions,Thumb Fracture,Thumb Fracture | Synergy Health Partners,No,Live,0,2,2,5
https://synergyhealth.org/conditions-we-treat/arthritis/,Conditions,/conditions-we-treat/,,Arthritis,Arthritis | Synergy Health Partners,No,Live,0,0,0,1
https://synergyhealth.org/conditions-we-treat/facial-pain/,Conditions,/conditions-we-treat/,,Facial Pain,Atypical Facial Pain Treatment | Synergy Health Partners,No,Live,0,0,0,3
https://synergyhealth.org/conditions-we-treat/foot-ankle-conditions/clubfoot/,Conditions,/conditions-we-treat/,Foot Ankle Conditions,Clubfoot,Comprehensive Carpal Tunnel Treatment And Solutions,No,Live,0,0,0,5
https://synergyhealth.org/conditions-we-treat/foot-ankle-conditions/diabetic-foot/,Conditions,/conditions-we-treat/,Foot Ankle Conditions,Diabetic Foot,Comprehensive Carpal Tunnel Treatment And Solutions,No,Live,0,0,0,10
https://synergyhealth.org/conditions-we-treat/foot-ankle-conditions/foot-pain/,Conditions,/conditions-we-treat/,Foot Ankle Conditions,Foot Pain,Comprehensive Carpal Tunnel Treatment And Solutions,No,Live,0,0,0,17
https://synergyhealth.org/conditions-we-treat/foot-ankle-conditions/heel-pain/,Conditions,/conditions-we-treat/,Foot Ankle Conditions,Heel Pain,Comprehensive Carpal Tunnel Treatment And Solutions,No,Live,0,0,0,19
https://synergyhealth.org/conditions-we-treat/foot-ankle-conditions/plantar-warts/,Conditions,/conditions-we-treat/,Foot Ankle Conditions,Plantar Warts,Comprehensive Carpal Tunnel Treatment And Solutions,No,Live,0,0,0,13
https://synergyhealth.org/conditions-we-treat/hand-arthritis/,Conditions,/conditions-we-treat/,,Hand Arthritis,Manage Arthritis in Hands: Symptoms and Treatments Explained,No,Live,0,0,0,1
https://synergyhealth.org/conditions-we-treat/headaches-migraines/,Conditions,/conditions-we-treat/,,Headaches Migraines,Comprehensive Migraine Solutions at Synergy Health Partners,No,Live,0,0,0,6
https://synergyhealth.org/conditions-we-treat/hip-conditions/labral-tears/,Conditions,/conditions-we-treat/,Hip Conditions,Labral Tears,Labral Tears | Synergy Health Partners,No,Live,0,0,0,60
https://synergyhealth.org/conditions-we-treat/joint-preservation-reconstruction/,Conditions,/conditions-we-treat/,,Joint Preservation Reconstruction,Restore Your Joints | Comprehensive Joint Reconstruction Services,No,Live,0,0,0,1
https://synergyhealth.org/conditions-we-treat/knee-conditions/knee-bursitis/,Conditions,/conditions-we-treat/,Knee Conditions,Knee Bursitis,Knee Bursitis | Synergy Health Partners,No,Live,0,0,0,18
https://synergyhealth.org/conditions-we-treat/neuralgia/,Conditions,/conditions-we-treat/,,Neuralgia,Expert Care And Effective Relief for Trigeminal Neuralgia Pain,No,Live,0,0,0,4
https://synergyhealth.org/conditions-we-treat/sports-injuries/,Conditions,/conditions-we-treat/,,Sports Injuries,Sports Injuries | Synergy Health Partners,No,Live,0,0,0,1
https://synergyhealth.org/conditions-we-treat/total-joint-care/,Conditions,/conditions-we-treat/,,Total Joint Care,Top Orthopedic Surgeons in Michigan | Synergy Health Partners,No,Live,0,0,0,1
https://synergyhealth.org/conditions-we-treat/total-joint-replacement-hip-knee-shoulder/,Conditions,/conditions-we-treat/,,Total Joint Replacement Hip Knee Shoulder,"Hip, Knee & Shoulder Replacement Surgery At Synergy Health Partners",No,Live,0,0,0,1
https://synergyhealth.org/conditions-we-treat/wrist-injuries-fractures/,Conditions,/conditions-we-treat/,,Wrist Injuries Fractures,Distal Radius Fractures Overview | Understanding Broken Wrist,No,Live,0,0,0,1
https://synergyhealth.org/conditions-we-treat/spine-neck-back-conditions/degenerative-disc-disease/,Conditions,/conditions-we-treat/,Spine Neck Back Conditions,Degenerative Disc Disease,Page not found | Synergy Health Partners,Yes,404 - removed,0,0,0,1
https://synergyhealth.org/conditions-we-treat/spine-neck-back-conditions/scoliosis/,Conditions,/conditions-we-treat/,Spine Neck Back Conditions,Scoliosis,Page not found | Synergy Health Partners,Yes,404 - removed,0,0,0,2
https://synergyhealth.org/conditions-we-treat/spine-neck-back/arthritic-back-pain/,Conditions,/conditions-we-treat/,Spine Neck Back,Arthritic Back Pain,Page not found | Synergy Health Partners,Yes,404 - removed,0,0,0,25
https://synergyhealth.org/conditions-we-treat/foot-ankle-conditions/sprained-ankle/,Conditions,/conditions-we-treat/,Foot Ankle Conditions,Sprained Ankle,Comprehensive Carpal Tunnel Treatment And Solutions,No,404 - removed,0,0,0,2
https://synergyhealth.org/specialties/spine-back-and-neck/lumbar-laminectomy/,Specialty,/specialties/,Spine Back and Neck,Lumbar Laminectomy,Lumbar Laminectomy: Spinal Decompression Surgery of the Lower Back | Synergy Health Partners,Yes,Live,331,84568,1,590
https://synergyhealth.org/specialties/spine-back-and-neck/cervical-fusion/,Specialty,/specialties/,Spine Back and Neck,Cervical Fusion,Relieve Neck & Arm Pain with Anterior Cervical Fusion (ACDF),Yes,Live,142,78433,0,556
https://synergyhealth.org/specialties/spine-back-and-neck/,Specialty,/specialties/,,Spine Back and Neck,"Treatment Options for Spine, Neck & Back Conditions in SE Michigan",Yes,Live,111,60491,0,24154
https://synergyhealth.org/specialties/pain-management/caudal-epidural-steroid-injection-caudal-esi/,Specialty,/specialties/,Pain Management,Caudal Epidural Steroid Injection Caudal ESI,Caudal Epidural Steroid Injection (Caudal ESI) | Synergy Health Partners,Yes,Live,49,25894,0,115
https://synergyhealth.org/specialties/pain-management/spinal-cord-stimulator/,Specialty,/specialties/,Pain Management,Spinal Cord Stimulator,Transform Your Pain Management: Spinal Stimulation Solutions,Yes,Live,9,16813,0,156
https://synergyhealth.org/specialties/spine-back-and-neck/sacroiliac-joint-fusion/,Specialty,/specialties/,Spine Back and Neck,Sacroiliac Joint Fusion,Sacroiliac Joint Fusion | Synergy Health Partners,Yes,Live,29,16762,0,163
https://synergyhealth.org/specialties/spine-back-and-neck/anterior-cervical-discectomy-fusion/,Specialty,/specialties/,Spine Back and Neck,Anterior Cervical Discectomy Fusion,Anterior Cervical Discectomy & Fusion | Synergy Health Partners,Yes,Live,53,14281,0,44
https://synergyhealth.org/specialties/pain-management/lumbar-rfa-radiofrequency-ablation/,Specialty,/specialties/,Pain Management,Lumbar RFA Radiofrequency Ablation,Lumbar RFA (Radiofrequency Ablation) | Synergy Health Partners,Yes,Live,19,13440,0,63
https://synergyhealth.org/specialties/spine-back-and-neck/thoracic-lumbar-decompression/,Specialty,/specialties/,Spine Back and Neck,Thoracic Lumbar Decompression,Thoracic & Lumbar Decompression | Synergy Health Partners,Yes,Live,38,11113,0,228
https://synergyhealth.org/specialties/spine-back-and-neck/thoracic-lumbar-fusion/,Specialty,/specialties/,Spine Back and Neck,Thoracic Lumbar Fusion,Thoracic & Lumbar Fusion | Synergy Health Partners,Yes,Live,15,7986,0,361
https://synergyhealth.org/specialty/spine-neck-back/,Specialty,/specialty/,,Spine Neck Back,"Spine, Neck & Back Specialists | Synergy Health Partners",Yes,Live,38,5488,4296,4708
https://synergyhealth.org/specialties/pain-management/lumbar-medial-branch-block/,Specialty,/specialties/,Pain Management,Lumbar Medial Branch Block,Lumbar Medial Branch Block | Synergy Health Partners,Yes,Live,6,2430,445,86
https://synergyhealth.org/specialties/spine-back-and-neck/microdiscectomy/,Specialty,/specialties/,Spine Back and Neck,Microdiscectomy,Microdiscectomy | Synergy Health Partners,Yes,Live,4,1718,0,174
https://synergyhealth.org/specialties/pain-management/si-sacroiliac-injection/,Specialty,/specialties/,Pain Management,SI Sacroiliac Injection,SI (Sacroiliac) Injection | Synergy Health Partners,Yes,Live,0,1442,0,56
https://synergyhealth.org/specialties/spine-back-and-neck/port-huron-spine-neck-pain-dr-andres-munk/,Specialty,/specialties/,Spine Back and Neck,Port Huron Spine Neck Pain Dr Andres Munk,"Treatment Options for Spine, Neck & Back Conditions in SE Michigan",Yes,Live,9,1341,150,1373
https://synergyhealth.org/specialties/pain-management/cervical-epidural-steroid-injection/,Specialty,/specialties/,Pain Management,Cervical Epidural Steroid Injection,Cervical Epidural Steroid Injection | Synergy Health Partners,Yes,Live,0,1283,0,79
https://synergyhealth.org/specialties/spine-back-and-neck-old/lumbar-fusion/,Specialty,/specialties/,Spine Back and Neck Old,Lumbar Fusion,A Comprehensive Guide to Anterior Lumbar Interbody Fusion | Synergy Health Partners,Yes,Live,2,1083,0,13
https://synergyhealth.org/specialties/spine-back-and-neck/minimally-invasive-spine-surgery/,Specialty,/specialties/,Spine Back and Neck,Minimally Invasive Spine Surgery,Minimally Invasive Spine Surgery | Synergy Health Partners,Yes,Live,1,879,0,5
https://synergyhealth.org/specialties/pain-management/cervical-medial-branch-block/,Specialty,/specialties/,Pain Management,Cervical Medial Branch Block,Cervical Medial Branch Block | Synergy Health Partners,Yes,Live,0,412,124,67
https://synergyhealth.org/specialties/pain-management/kyphoplasty/,Specialty,/specialties/,Pain Management,Kyphoplasty,Kyphoplasty | Synergy Health Partners,Yes,Live,0,403,108,51
https://synergyhealth.org/specialties/spine-back-and-neck/disc-arthroplasty/,Specialty,/specialties/,Spine Back and Neck,Disc Arthroplasty,Disc Arthroplasty | Synergy Health Partners,Yes,Live,0,345,96,116
https://synergyhealth.org/specialties/pain-management/lumbar-epidural-steroid-injection-lumbar-esi/,Specialty,/specialties/,Pain Management,Lumbar Epidural Steroid Injection Lumbar ESI,Lumbar Epidural Steroid Injection (Lumbar ESI) | Synergy Health Partners,Yes,Live,0,341,0,84
https://synergyhealth.org/specialties/expert-spine-surgery-options-with-synergy-health-partners/,Specialty,/specialties/,,Expert Spine Surgery Options with Synergy Health Partners,Spine Surgery | Synergy Health Partners,Yes,Live,0,0,0,8
https://synergyhealth.org/specialties/spine-back-and-neck/cervical-laminectomy/,Specialty,/specialties/,Spine Back and Neck,Cervical Laminectomy,Overview of Cervical Laminectomy Surgery | Synergy Health Partners,Yes,Live,0,0,0,133
https://synergyhealth.org/specialty/spine-neck-back/livonia/,Specialty,/specialty/,Spine Neck Back,Livonia,"Expert Spine, Neck & Back Care Near Livonia | Synergy Health",Yes,Live,0,0,0,332
https://synergyhealth.org/specialty/spine-neck-back/southfield/,Specialty,/specialty/,Spine Neck Back,Southfield,"Spine, Neck & Back Specialists | Synergy Health Partners",Yes,Live,0,0,0,4
https://synergyhealth.org/specialty/spine-neck-back/sterling-heights/,Specialty,/specialty/,Spine Neck Back,Sterling Heights,"Expert Spine, Neck & Back Care Near Sterling Heights | Synergy Health",Yes,Live,0,0,0,439
https://synergyhealth.org/specialties/orthopedic-services/total-knee-arthroplasty-tka-comprehensive-guide-for-patients/,Specialty,/specialties/,Orthopedic Services,Total Knee Arthroplasty TKA Comprehensive Guide for Patients,Total Knee Arthroplasty (TKA): Comprehensive Guide for Patients | Synergy Health Partners,No,Live,117,220141,0,1241
https://synergyhealth.org/specialties/physical-therapy/lymphedema-management/,Specialty,/specialties/,Physical Therapy,Lymphedema Management,Comprehensive Advanced Solutions With Lymphedema Therapy,No,Live,558,205673,0,852
https://synergyhealth.org/specialties/orthopedic-services/,Specialty,/specialties/,,Orthopedic Services,Top Orthopedic Surgeons in Michigan | Synergy Health Partners,No,Live,127,67527,0,3147
https://synergyhealth.org/specialties/physical-therapy/,Specialty,/specialties/,,Physical Therapy,Personalized Physical Therapy Solutions | Restore Your Mobility,No,Live,192,64266,0,1509
https://synergyhealth.org/specialties/pain-management/,Specialty,/specialties/,,Pain Management,Restore Life with Advanced Pain Management at Synergy Health,No,Live,286,63181,2,2534
https://synergyhealth.org/specialties/occupational-therapy/hand-therapy/,Specialty,/specialties/,Occupational Therapy,Hand Therapy,Occupational & Hand Therapy Services | Synergy Health Partners,No,Live,36,62446,13,56
https://synergyhealth.org/specialties/hand-upper-extremity/finger-amputation/,Specialty,/specialties/,Hand Upper Extremity,Finger Amputation,Finger Amputation | Synergy Health Partners,No,Live,268,60225,231,284
https://synergyhealth.org/specialties/occupational-therapy/custom-orthoses-splints/,Specialty,/specialties/,Occupational Therapy,Custom Orthoses Splints,Customized Orthotic Devices & Splint Solutions From Synergy Health,No,Live,255,42461,0,225
https://synergyhealth.org/specialties/physical-therapy/vestibular-rehabilitation/,Specialty,/specialties/,Physical Therapy,Vestibular Rehabilitation,Effective Vestibular Rehabilitation Programs From Synergy Health,No,Live,52,40117,0,49
https://synergyhealth.org/specialties/hand-upper-extremity/nerve-repair/,Specialty,/specialties/,Hand Upper Extremity,Nerve Repair,Nerve Repair | Synergy Health Partners,No,Live,23,35747,0,73
https://synergyhealth.org/specialties/hand-upper-extremity/,Specialty,/specialties/,,Hand Upper Extremity,Top Hand & Wrist Care for Pain & Injuries | Synergy Health,No,Live,135,35503,0,2626
https://synergyhealth.org/specialties/physical-therapy/blood-flow-restriction/,Specialty,/specialties/,Physical Therapy,Blood Flow Restriction,Advanced BFR Physical Therapy Techniques | Synergy Health,No,Live,24,27009,0,25
https://synergyhealth.org/specialties/physical-therapy/tmj-pain-dysfunction/,Specialty,/specialties/,Physical Therapy,Tmj Pain Dysfunction,TMJ Pain Dysfunction Syndrome Treatment | Synergy Health Partners,No,Live,23,26780,0,54
https://synergyhealth.org/specialties/pain-management/trigger-point-injection/,Specialty,/specialties/,Pain Management,Trigger Point Injection,Trigger Point Injection | Synergy Health Partners,No,Live,13,21914,0,139
https://synergyhealth.org/specialties/hand-upper-extremity/de-quervains-release/,Specialty,/specialties/,Hand Upper Extremity,De Quervains Release,De Quervain’s Release | Synergy Health Partners,No,Live,50,21211,0,116
https://synergyhealth.org/specialties/orthopedic-services/shoulder-arthroscopy/,Specialty,/specialties/,Orthopedic Services,Shoulder Arthroscopy,Shoulder Arthroscopy | Synergy Health Partners,No,Live,5,19880,0,396
https://synergyhealth.org/specialties/physical-therapy/womens-health/,Specialty,/specialties/,Physical Therapy,Womens Health,Women's Health Physical Therapy in SE Michigan: Relief & Recovery,No,Live,7,19835,0,24
https://synergyhealth.org/specialties/pain-management/peripheral-nerve-injection/,Specialty,/specialties/,Pain Management,Peripheral Nerve Injection,Peripheral Nerve Injection | Synergy Health Partners,No,Live,56,17613,0,93
https://synergyhealth.org/specialties/physical-therapy/cognitive-functional-therapy/,Specialty,/specialties/,Physical Therapy,Cognitive Functional Therapy,Effective Pain Management with Cognitive Functional Therapy,No,Live,231,13187,0,192
https://synergyhealth.org/specialties/occupational-therapy/,Specialty,/specialties/,,Occupational Therapy,Enhance Your Daily Life with Occupational Therapy Services,No,Live,35,13161,0,349
https://synergyhealth.org/specialties/physical-therapy/dry-needling/,Specialty,/specialties/,Physical Therapy,Dry Needling,Explore Dry Needling In Michigan for Pain Relief and Recovery,No,Live,1,13034,0,22
https://synergyhealth.org/specialties/occupational-therapy/neural-mobilization/,Specialty,/specialties/,Occupational Therapy,Neural Mobilization,Effective Neural Mobilization for Nerve Health in Michigan,No,Live,30,11171,0,16
https://synergyhealth.org/specialty/physical-therapy/,Specialty,/specialty/,,Physical Therapy,Physical Therapy | Synergy Health Partners Michigan,No,Live,33,10411,9538,52
https://synergyhealth.org/specialties/orthopedic-services/partial-knee-replacement-surgery/,Specialty,/specialties/,Orthopedic Services,Partial Knee Replacement Surgery,Partial Knee Replacement Surgery | Synergy Health Partners,No,Live,4,10068,0,91
https://synergyhealth.org/specialty/hand-wrist/,Specialty,/specialty/,,Hand Wrist,Hand & Wrist Specialists | Synergy Health Partners,No,Live,36,9199,8119,3324
https://synergyhealth.org/specialties/foot-and-ankle/ankle-sprains-fractures/,Specialty,/specialties/,Foot and Ankle,Ankle Sprains Fractures,Comprehensive Foot And Ankle Stress Fracture Treatment,No,Live,14,7969,0,14
https://synergyhealth.org/specialties/foot-and-ankle/,Specialty,/specialties/,,Foot and Ankle,Foot & Ankle Pain Relief and Treatment Solutions | Synergy,No,Live,30,7288,0,22
https://synergyhealth.org/specialties/hand-upper-extremity/mass-removal/,Specialty,/specialties/,Hand Upper Extremity,Mass Removal,Mass Removal | Synergy Health Partners,No,Live,41,6656,4,97
https://synergyhealth.org/specialties/podiatry/gastrocnemius-recession/,Specialty,/specialties/,Podiatry,Gastrocnemius Recession,Gastrocnemius Recession | Synergy Health Partners,No,Live,40,6552,1,79
https://synergyhealth.org/specialties/hand-upper-extremity/cmc-arthroplasty/,Specialty,/specialties/,Hand Upper Extremity,Cmc Arthroplasty,CMC Arthroplasty | Synergy Health Partners,No,Live,14,6459,0,75
https://synergyhealth.org/specialty/orthopedic-services/,Specialty,/specialty/,,Orthopedic Services,Orthopedic Services | Synergy Health Partners Michigan,No,Live,23,6131,4637,371
https://synergyhealth.org/specialties/podiatry/,Specialty,/specialties/,,Podiatry,Expert Foot & Ankle Care | Relieve Pain & Restore Mobility,No,Live,70,5757,0,5899
https://synergyhealth.org/specialties/orthopedic-services/sterling-heights/,Specialty,/specialties/,Orthopedic Services,Sterling Heights,Top Orthopedic Surgeons in Michigan | Synergy Health Partners,No,Live,3,4324,0,20296
https://synergyhealth.org/specialties/podiatry/bunionectomy/,Specialty,/specialties/,Podiatry,Bunionectomy,Bunionectomy | Synergy Health Partners,No,Live,1,3634,0,97
https://synergyhealth.org/specialty/foot-ankle-specialists/,Specialty,/specialty/,,Foot Ankle Specialists,Foot & Ankle Specialists | Synergy Health Partners MI,No,Live,14,2667,2339,1518
https://synergyhealth.org/specialty/occupational-therapy/,Specialty,/specialty/,,Occupational Therapy,Occupational Therapy Services | Synergy Health Partners,No,Live,13,2374,2126,6
https://synergyhealth.org/specialties/pain-management/joint-pain-injections/,Specialty,/specialties/,Pain Management,Joint Pain Injections,Joint Pain Injections | Synergy Health Partners,No,Live,7,2119,0,390
https://synergyhealth.org/specialties/orthopedic-services/overview-of-total-hip-replacement-surgery-total-hip-arthroplasty/,Specialty,/specialties/,Orthopedic Services,Overview of Total Hip Replacement Surgery Total Hip Arthroplasty,Overview of Total Hip Replacement Surgery (Total Hip Arthroplasty) | Synergy Health Partners,No,Live,4,1294,0,806
https://synergyhealth.org/specialties/occupational-therapy/fine-motor-coordination-training/,Specialty,/specialties/,Occupational Therapy,Fine Motor Coordination Training,Fine Motor Coordination Training | Improve Dexterity and Precision,No,Live,3,1259,9,22
https://synergyhealth.org/specialty/knee/,Specialty,/specialty/,,Knee,Knee Specialists & Treatment | Synergy Health Partners,No,Live,1,1005,887,259
https://synergyhealth.org/specialty/hip/,Specialty,/specialty/,,Hip,Hip Pain Treatment | Orthopedic Specialists | Synergy Health,No,Live,0,958,829,128
https://synergyhealth.org/specialties/occupational-therapy/compression-therapy/,Specialty,/specialties/,Occupational Therapy,Compression Therapy,Comprehensive Advanced Solutions With Lymphedema Therapy,No,Live,2,934,491,35
https://synergyhealth.org/specialties/orthopedic-services/livonia/,Specialty,/specialties/,Orthopedic Services,Livonia,Expert Orthopedic Care in Livonia | Award-Winning Surgeons,No,Live,4,925,11,19606
https://synergyhealth.org/specialties/pain-management/ketamine-infusion/,Specialty,/specialties/,Pain Management,Ketamine Infusion,Ketamine Infusion | Synergy Health Partners,No,Live,10,771,0,26
https://synergyhealth.org/specialties/occupational-therapy/functional-capacity-evaluations-fce/,Specialty,/specialties/,Occupational Therapy,Functional Capacity Evaluations Fce,Functional Capacity Evaluations at Synergy Health Partners,No,Live,0,570,294,12
https://synergyhealth.org/specialty/shoulder-elbow/,Specialty,/specialty/,,Shoulder Elbow,Shoulder & Elbow Specialists Michigan | Synergy Health,No,Live,0,490,358,376
https://synergyhealth.org/specialties/podiatry/prp-injections/,Specialty,/specialties/,Podiatry,PRP Injections,PRP Injections | Synergy Health Partners,No,Live,7,470,47,51
https://synergyhealth.org/specialties/hand-upper-extremity/fractures/,Specialty,/specialties/,Hand Upper Extremity,Fractures,Michigan's Comprehensive Sports Fracture Care | Synergy Health,No,Live,1,452,0,50
https://synergyhealth.org/specialty/primary-care-physician/,Specialty,/specialty/,,Primary Care Physician,Primary Care Physician | Synergy Health Partners Michigan,No,Live,4,432,279,6
https://synergyhealth.org/specialty/,Specialty,/specialty/,,(index page),Orthopedic & Spine Specialties in Metro Detroit | Synergy Health,No,Live,1,358,190,34
https://synergyhealth.org/specialties/podiatry/bone-repair-surgery/,Specialty,/specialties/,Podiatry,Bone Repair Surgery,Bone Repair Surgery | Synergy Health Partners,No,Live,0,322,45,43
https://synergyhealth.org/specialties/hand-upper-extremity/sterling-heights/,Specialty,/specialties/,Hand Upper Extremity,Sterling Heights,Top Hand & Wrist Care for Pain & Injuries | Synergy Health,No,Live,2,290,0,3416
https://synergyhealth.org/specialty/sports-medicine/,Specialty,/specialty/,,Sports Medicine,Sports Medicine Specialists | Synergy Health Partners MI,No,Live,1,262,262,34
https://synergyhealth.org/specialties/physical-therapy/post-operative-orthopedic-care/,Specialty,/specialties/,Physical Therapy,Post Operative Orthopedic Care,Explore Expert Post-Surgery Orthopedic Care | Synergy Health Partners,No,Live,0,236,0,9
https://synergyhealth.org/specialties/orthopedic-services/acl-knee-injuries-their-treatment/,Specialty,/specialties/,Orthopedic Services,ACL Knee Injuries Their Treatment,ACL Reconstruction | Synergy Health Partners,No,Live,2,199,0,6
https://synergyhealth.org/specialties/pain-management/emg/,Specialty,/specialties/,Pain Management,EMG,EMG | Synergy Health Partners,No,Live,3,174,77,61
https://synergyhealth.org/specialties/orthopedic-services/ortho-southfield/,Specialty,/specialties/,Orthopedic Services,Ortho Southfield,Top Orthopedic Surgeons in Michigan | Synergy Health Partners,No,Live,0,149,0,3178
https://synergyhealth.org/specialties/pain-management/occipital-nerve-branch-block/,Specialty,/specialties/,Pain Management,Occipital Nerve Branch Block,Occipital Nerve Branch Block | Synergy Health Partners,No,Live,0,147,0,33
https://synergyhealth.org/specialties/hand-upper-extremity/tendon-repair/,Specialty,/specialties/,Hand Upper Extremity,Tendon Repair,Tendon Repair | Synergy Health Partners,No,Live,1,130,53,73
https://synergyhealth.org/specialties/orthopedic-services/elbow-arthroscopy/,Specialty,/specialties/,Orthopedic Services,Elbow Arthroscopy,Elbow Arthroscopy | Synergy Health Partners,No,Live,0,74,38,543
https://synergyhealth.org/specialties/hand-upper-extremity/dupuytren-contracture-release/,Specialty,/specialties/,Hand Upper Extremity,Dupuytren Contracture Release,Dupuytren Contracture Release | Synergy Health Partners,No,Live,0,71,41,79
https://synergyhealth.org/specialties/physical-therapy/kinesiotaping/,Specialty,/specialties/,Physical Therapy,Kinesiotaping,Enhance Performance with Kinesiotaping | Synergy Health Partners,No,Live,0,71,23,8
https://synergyhealth.org/specialties/podiatry/ankle-toe-fusion/,Specialty,/specialties/,Podiatry,Ankle Toe Fusion,Ankle/Toe Fusion | Synergy Health Partners,No,Live,0,53,0,30
https://synergyhealth.org/specialties/podiatry/toe-arthroplasty/,Specialty,/specialties/,Podiatry,Toe Arthroplasty,Toe Arthroplasty | Synergy Health Partners,No,Live,0,53,0,74
https://synergyhealth.org/specialties/hand-upper-extremity/trigger-finger/,Specialty,/specialties/,Hand Upper Extremity,Trigger Finger,Trigger Finger Treatment Solutions | Synergy Health Partner,No,Live,0,42,0,198
https://synergyhealth.org/specialties/hand-upper-extremity/cubital-tunnel-release/,Specialty,/specialties/,Hand Upper Extremity,Cubital Tunnel Release,Cubital Tunnel Release | Synergy Health Partners,No,Live,1,40,0,44
https://synergyhealth.org/specialties/hand-upper-extremity/carpal-tunnel-release/,Specialty,/specialties/,Hand Upper Extremity,Carpal Tunnel Release,Carpal Tunnel Release | Synergy Health Partners,No,Live,0,30,5,257
https://synergyhealth.org/specialties/podiatry/ankle-replacement-surgery/,Specialty,/specialties/,Podiatry,Ankle Replacement Surgery,Ankle Replacement Surgery | Synergy Health Partners,No,Live,0,28,11,25
https://synergyhealth.org/specialties/orthopedic-services/hip-replacement-revision-surgery/,Specialty,/specialties/,Orthopedic Services,Hip Replacement Revision Surgery,Hip Replacement Revision Surgery | Synergy Health Partners,No,Live,0,9,0,73
https://synergyhealth.org/specialties/podiatry/ankle-arthroscopy/,Specialty,/specialties/,Podiatry,Ankle Arthroscopy,Ankle Arthroscopy | Synergy Health Partners,No,Live,0,9,0,42
https://synergyhealth.org/specialties/hand-upper-extremity/livonia/,Specialty,/specialties/,Hand Upper Extremity,Livonia,Top Hand & Wrist Care for Pain & Injuries | Synergy Health,No,Live,0,1,0,1307
https://synergyhealth.org/specialties/,Specialty,/specialties/,,(index page),Synergy Health Partners: Leading Integrated Healthcare Solutions,No,Live,0,0,0,2
https://synergyhealth.org/specialties/ablation/,Specialty,/specialties/,,Ablation,Radiofrequency Ablation for Pain Relief | Synergy Health Partners,No,Live,0,0,0,3
https://synergyhealth.org/specialties/chiropractor/,Specialty,/specialties/,,Chiropractor,Effective Chiropractic Treatments at Synergy Health Partners,No,Live,0,0,0,324
https://synergyhealth.org/specialties/expert-sports-medicine-treatments-for-injuries-performance/,Specialty,/specialties/,,Expert Sports Medicine Treatments for Injuries Performance,Sports Medicine | Synergy Health Partners,No,Live,0,0,0,2
https://synergyhealth.org/specialties/expert-sports-medicine-treatments-for-injuries-performance/rotator-cuff/,Specialty,/specialties/,Expert Sports Medicine Treatments for Injuries Performance,Rotator Cuff,Rotator Cuff | Synergy Health Partners,No,Live,0,0,0,3
https://synergyhealth.org/specialties/foot-and-ankle/bunions-hammertoes/,Specialty,/specialties/,Foot and Ankle,Bunions Hammertoes,Bunion Treatment & Hammertoe Relief | Synergy Health Partners,No,Live,0,0,0,1
https://synergyhealth.org/specialties/foot-and-ankle/diabetic-foot-pain/,Specialty,/specialties/,Foot and Ankle,Diabetic Foot Pain,Comprehensive Diabetic Foot Care at Synergy Health Partners,No,Live,0,0,0,6
https://synergyhealth.org/specialties/foot-and-ankle/plantar-fasciitis/,Specialty,/specialties/,Foot and Ankle,Plantar Fasciitis,Plantar Fasciitis Treatment & Relief | Synergy Health Partners,No,Live,0,0,0,3
https://synergyhealth.org/specialties/hand-surgery/,Specialty,/specialties/,,Hand Surgery,Top Hand & Wrist Care for Pain & Injuries | Synergy Health,No,Live,0,0,0,14
https://synergyhealth.org/specialties/hand-upper-extremity/wrist-arthroscopy/,Specialty,/specialties/,Hand Upper Extremity,Wrist Arthroscopy,Wrist Arthroscopy | Synergy Health Partners,No,Live,0,0,0,67
https://synergyhealth.org/specialties/hand-upper-extremity/xiaflex-injections/,Specialty,/specialties/,Hand Upper Extremity,Xiaflex Injections,Xiaflex Injections | Synergy Health Partners,No,Live,0,0,0,10
https://synergyhealth.org/specialties/injections/,Specialty,/specialties/,,Injections,Explore Epidural Steroid Injection Options for Pain Management,No,Live,0,0,0,1
https://synergyhealth.org/specialties/locations/,Specialty,/specialties/,,Locations,Locations | Synergy Health Partners,No,Live,0,0,0,1
https://synergyhealth.org/specialties/locations/livonia-orthopedics/directions/,Specialty,/specialties/,Locations / Livonia Orthopedics,Directions,Clinic Locations | Synergy Health Partners,No,Live,0,0,0,1
https://synergyhealth.org/specialties/nerve-blocks/,Specialty,/specialties/,,Nerve Blocks,Nerve Blocks And Facet Joint Pain Relief Procedures in Michigan,No,Live,0,0,0,3
https://synergyhealth.org/specialties/occupational-therapy/desensitization-therapy/,Specialty,/specialties/,Occupational Therapy,Desensitization Therapy,Explore Dry Needling In Michigan for Pain Relief and Recovery,No,Live,0,0,0,10
https://synergyhealth.org/specialties/orthopedic-services/hip-arthroscopy/,Specialty,/specialties/,Orthopedic Services,Hip Arthroscopy,Hip Conditions | Synergy Health Partners,No,Live,0,0,0,2
https://synergyhealth.org/specialties/orthopedic-surgery/,Specialty,/specialties/,,Orthopedic Surgery,Orthopedic Surgical Excellence in Michigan | Synergy Health Partners,No,Live,0,0,0,30
https://synergyhealth.org/specialties/surgery/,Specialty,/specialties/,,Surgery,Surgery | Synergy Health Partners,No,Live,0,0,0,7
https://synergyhealth.org/specialties/total-joint/,Specialty,/specialties/,,Total Joint,Top Orthopedic Surgeons in Michigan | Synergy Health Partners,No,Live,0,0,0,1
https://synergyhealth.org/specialty/hand-wrist/livonia/,Specialty,/specialty/,Hand Wrist,Livonia,Hand & Wrist Specialists | Synergy Health Partners,No,Live,0,0,0,1
https://synergyhealth.org/specialty/hand-wrist/southfield/,Specialty,/specialty/,Hand Wrist,Southfield,Hand & Wrist Specialists | Synergy Health Partners,No,Live,0,0,0,2
https://synergyhealth.org/specialty/hand-wrist/sterling-heights/,Specialty,/specialty/,Hand Wrist,Sterling Heights,Hand & Wrist Specialists | Synergy Health Partners,No,Live,0,0,0,2
https://synergyhealth.org/specialty/orthopedic-services/livonia/,Specialty,/specialty/,Orthopedic Services,Livonia,Expert Orthopedic Services Care Near Livonia | Synergy Health,No,Live,0,0,0,3704
https://synergyhealth.org/specialty/orthopedic-services/southfield/,Specialty,/specialty/,Orthopedic Services,Southfield,Orthopedic Services | Synergy Health Partners Michigan,No,Live,0,0,0,29
https://synergyhealth.org/specialty/orthopedic-services/sterling-heights/,Specialty,/specialty/,Orthopedic Services,Sterling Heights,Expert Orthopedic Services Care Near Sterling Heights | Synergy Health,No,Live,0,0,0,3499
https://synergyhealth.org/specialties/spine-neck-back/,Specialty,/specialties/,,Spine Neck Back,,Yes,Unknown,0,1,0,0
https://synergyhealth.org/specialties/specialties/back-neck-spine/,Specialty,/specialties/,Specialties,Back Neck Spine,Page not found | Synergy Health Partners,Yes,404 - removed,0,0,0,2
https://synergyhealth.org/specialties/spine-back-and-neck-old/disc-arthroplasty/,Specialty,/specialties/,Spine Back and Neck Old,Disc Arthroplasty,Page not found | Synergy Health Partners,Yes,404 - removed,0,0,0,1
https://synergyhealth.org/specialties/spine-back-and-neck-old/lumbar-stenosis/,Specialty,/specialties/,Spine Back and Neck Old,Lumbar Stenosis,Page not found | Synergy Health Partners,Yes,404 - removed,0,0,0,1
https://synergyhealth.org/specialties/spine-back-and-neck/anterior-cervical-disc-replacement/,Specialty,/specialties/,Spine Back and Neck,Anterior Cervical Disc Replacement,Page not found | Synergy Health Partners,Yes,404 - removed,0,0,0,1
https://synergyhealth.org/specialties/spine-back-and-neck/anterior-lumbar-interbody-fusion/,Specialty,/specialties/,Spine Back and Neck,Anterior Lumbar Interbody Fusion,Page not found | Synergy Health Partners,Yes,404 - removed,0,0,0,1
https://synergyhealth.org/specialties/spine-back-and-neck/laminoplasty/,Specialty,/specialties/,Spine Back and Neck,Laminoplasty,Page not found | Synergy Health Partners,Yes,404 - removed,0,0,0,1
https://synergyhealth.org/specialties/spine-back-and-neck/lumbar-fusion/,Specialty,/specialties/,Spine Back and Neck,Lumbar Fusion,Page not found | Synergy Health Partners,Yes,404 - removed,0,0,0,15
https://synergyhealth.org/specialties/spine-back-and-neck/lumbar-laminectomy-2/,Specialty,/specialties/,Spine Back and Neck,Lumbar Laminectomy 2,Page not found | Synergy Health Partners,Yes,404 - removed,0,0,0,14
https://synergyhealth.org/specialties/spine-back-and-neck/spinal-deformity-surgery/,Specialty,/specialties/,Spine Back and Neck,Spinal Deformity Surgery,Page not found | Synergy Health Partners,Yes,404 - removed,0,0,0,15
https://synergyhealth.org/specialties/spine-back-and-neck/spinal-fusion/,Specialty,/specialties/,Spine Back and Neck,Spinal Fusion,Page not found | Synergy Health Partners,Yes,404 - removed,0,0,0,2
https://synergyhealth.org/specialties/spine-back-and-neck/thoracic-lumbar-decompression-surgery/,Specialty,/specialties/,Spine Back and Neck,Thoracic Lumbar Decompression Surgery,Page not found | Synergy Health Partners,Yes,404 - removed,0,0,0,1
https://synergyhealth.org/specialty/spine-back-and-neck/port-huron-spine-neck-pain-dr-andres-munk/,Specialty,/specialty/,Spine Back and Neck,Port Huron Spine Neck Pain Dr Andres Munk,Page Not Found - Synergy Health,Yes,404 - removed,0,0,0,1
https://synergyhealth.org/specialties/hand-upper-extremity/sterling-heights/null/,Specialty,/specialties/,Hand Upper Extremity / Sterling Heights,Null,Page not found | Synergy Health Partners,No,404 - removed,0,0,0,2
https://synergyhealth.org/specialties/locations/livonia-orthopedics/,Specialty,/specialties/,Locations,Livonia Orthopedics,Page not found | Synergy Health Partners,No,404 - removed,0,0,0,1
https://synergyhealth.org/specialties/locations/livonia-orthopedics/contact-us/,Specialty,/specialties/,Locations / Livonia Orthopedics,Contact Us,Page not found | Synergy Health Partners,No,404 - removed,0,0,0,1
https://synergyhealth.org/specialties/locations/livonia-orthopedics/insurance-plans/,Specialty,/specialties/,Locations / Livonia Orthopedics,Insurance Plans,Page not found | Synergy Health Partners,No,404 - removed,0,0,0,1
https://synergyhealth.org/specialties/locations/warren-orthopedics/,Specialty,/specialties/,Locations,Warren Orthopedics,Page not found | Synergy Health Partners,No,404 - removed,0,0,0,1
https://synergyhealth.org/specialties/locations/warren-orthopedics/contact-us/,Specialty,/specialties/,Locations / Warren Orthopedics,Contact Us,Page not found | Synergy Health Partners,No,404 - removed,0,0,0,1
https://synergyhealth.org/specialties/locations/warren-orthopedics/directions/,Specialty,/specialties/,Locations / Warren Orthopedics,Directions,Page not found | Synergy Health Partners,No,404 - removed,0,0,0,1
https://synergyhealth.org/specialties/locations/warren-orthopedics/insurance-plans/,Specialty,/specialties/,Locations / Warren Orthopedics,Insurance Plans,Page not found | Synergy Health Partners,No,404 - removed,0,0,0,1
https://synergyhealth.org/specialties/occupational-therapy/skilled-manual-therapy/,Specialty,/specialties/,Occupational Therapy,Skilled Manual Therapy,Page not found | Synergy Health Partners,No,404 - removed,0,0,0,3
https://synergyhealth.org/specialties/orthopedic-services/southfield/,Specialty,/specialties/,Orthopedic Services,Southfield,Page not found | Synergy Health Partners,No,404 - removed,0,0,0,1
https://synergyhealth.org/specialties/pain-management/non-opioid-surgery/,Specialty,/specialties/,Pain Management,Non Opioid Surgery,Page not found | Synergy Health Partners,No,404 - removed,0,0,0,2
https://synergyhealth.org/specialties/physical-therapy/muscle-joint-pain/,Specialty,/specialties/,Physical Therapy,Muscle Joint Pain,Page not found | Synergy Health Partners,No,404 - removed,0,0,0,2
https://synergyhealth.org/specialties/physicians/,Specialty,/specialties/,,Physicians,Page not found | Synergy Health Partners,No,404 - removed,0,0,0,1
https://synergyhealth.org/specialties/rheumatology/,Specialty,/specialties/,,Rheumatology,Page not found | Synergy Health Partners,No,404 - removed,0,0,0,1
https://synergyhealth.org/specialties/specialties/orthopedics-sports-medicine-2/,Specialty,/specialties/,Specialties,Orthopedics Sports Medicine 2,Page not found | Synergy Health Partners,No,404 - removed,0,0,0,1
https://synergyhealth.org/specialties/specialties/orthopedics-sports-medicine/,Specialty,/specialties/,Specialties,Orthopedics Sports Medicine,Page not found | Synergy Health Partners,No,404 - removed,0,0,0,1
https://synergyhealth.org/specialties/specialties/pain-management/,Specialty,/specialties/,Specialties,Pain Management,Page not found | Synergy Health Partners,No,404 - removed,0,0,0,2
https://synergyhealth.org/specialties/synergy-health-partners-orthopedic-urgent-care-livonia/,Specialty,/specialties/,,Synergy Health Partners Orthopedic Urgent Care Livonia,Page not found | Synergy Health Partners,No,404 - removed,0,0,0,6
https://synergyhealth.org/specialty/hand-upper-extremity/livonia/,Specialty,/specialty/,Hand Upper Extremity,Livonia,Page Not Found - Synergy Health,No,404 - removed,0,0,0,1
https://synergyhealth.org/specialty/orthopedics/,Specialty,/specialty/,,Orthopedics,Page Not Found - Synergy Health,No,404 - removed,0,0,0,12
https://synergyhealth.org/specialty/pain-management/,Specialty,/specialty/,,Pain Management,Page Not Found - Synergy Health,No,404 - removed,0,0,0,1
https://synergyhealth.org/specialty/pain-management/ketamine-infusion/,Specialty,/specialty/,Pain Management,Ketamine Infusion,Page Not Found - Synergy Health,No,404 - removed,0,0,0,2
https://synergyhealth.org/specialty/synergy-health-partners-orthopedic-urgent-care-livonia/,Specialty,/specialty/,,Synergy Health Partners Orthopedic Urgent Care Livonia,Page Not Found - Synergy Health,No,404 - removed,0,0,0,2
https://synergyhealth.org/treatment/kyphoplasty-vertebroplasty/,Treatment,/treatment/,,Kyphoplasty Vertebroplasty,Kyphoplasty & Vertebroplasty | Spine Surgery | Synergy Health,Yes,Live,9,12085,12085,21
https://synergyhealth.org/treatment/caudal-esi/,Treatment,/treatment/,,Caudal ESI,Caudal ESI Treatment | Synergy Health Partners MI,Yes,Live,13,10792,9104,28
https://synergyhealth.org/treatment/laminectomy/,Treatment,/treatment/,,Laminectomy,Laminectomy Surgery Michigan | Synergy Health Partners,Yes,Live,6,7711,6639,87
https://synergyhealth.org/treatment/si-joint-injection/,Treatment,/treatment/,,SI Joint Injection,SI Joint Injection | Pain Relief | Synergy Health Partners,Yes,Live,11,5398,3607,69
https://synergyhealth.org/treatment/microdiscectomy/,Treatment,/treatment/,,Microdiscectomy,Microdiscectomy Surgery Michigan | Synergy Health,Yes,Live,0,3940,3669,56
https://synergyhealth.org/treatment/sacroiliac-joint-fusion/,Treatment,/treatment/,,Sacroiliac Joint Fusion,"SI Joint Fusion Surgery | Livonia & Sterling Heights, MI",Yes,Live,23,3427,2905,33
https://synergyhealth.org/treatment/spinal-cord-stimulator/,Treatment,/treatment/,,Spinal Cord Stimulator,Spinal Cord Stimulator Michigan | Synergy Health Partners,Yes,Live,10,3356,2675,15
https://synergyhealth.org/treatment/thoracic-lumbar-decompression/,Treatment,/treatment/,,Thoracic Lumbar Decompression,Thoracic–Lumbar Decompression | Synergy Health Michigan,Yes,Live,5,2970,2537,17
https://synergyhealth.org/treatment/lumbar-cervical-fusion/,Treatment,/treatment/,,Lumbar Cervical Fusion,Lumbar & Cervical Fusion Surgery | Synergy Health Michigan,Yes,Live,9,2714,1897,33
https://synergyhealth.org/treatment/medial-branch-blocks-cervical-lumbar/,Treatment,/treatment/,,Medial Branch Blocks Cervical Lumbar,Medial Branch Blocks Cervical Lumbar | Synergy Health MI,Yes,Live,4,2598,2598,28
https://synergyhealth.org/treatment/lumbar-laminectomy/,Treatment,/treatment/,,Lumbar Laminectomy,Lumbar Laminectomy Surgery | Synergy Health Michigan,Yes,Live,3,2329,2271,42
https://synergyhealth.org/treatment/injections-esi-facet-nerve-blocks/,Treatment,/treatment/,,Injections ESI Facet Nerve Blocks,Epidural Injections & Nerve Blocks | Synergy Health MI,Yes,Live,6,2219,1899,62
https://synergyhealth.org/treatment/lumbar-epidural-steroid-injection/,Treatment,/treatment/,,Lumbar Epidural Steroid Injection,Lumbar Epidural Steroid Injection | Synergy Health MI,Yes,Live,8,1688,1688,53
https://synergyhealth.org/treatment/spinal-decompression/,Treatment,/treatment/,,Spinal Decompression,Spinal Decompression Treatment | Synergy Health Partners MI,Yes,Live,2,352,352,35
https://synergyhealth.org/treatment/disc-replacement-surgery/,Treatment,/treatment/,,Disc Replacement Surgery,Disc Replacement Surgery | Synergy Health Partners MI,Yes,Live,3,197,197,25
https://synergyhealth.org/treatment/total-knee-arthroplasty-tka/,Treatment,/treatment/,,Total Knee Arthroplasty TKA,Total Knee Arthroplasty (TKA) | Synergy Health Partners MI,No,Live,10,63934,55875,15
https://synergyhealth.org/treatment/prp-injections/,Treatment,/treatment/,,PRP Injections,PRP Injections | Regenerative Medicine | Synergy Health,No,Live,20,26923,26923,35
https://synergyhealth.org/treatment/finger-amputation-surgery/,Treatment,/treatment/,,Finger Amputation Surgery,Finger Amputation Surgery | Synergy Health Partners MI,No,Live,91,16301,14948,55
https://synergyhealth.org/treatment/de-quervains-release-surgery/,Treatment,/treatment/,,De Quervains Release Surgery,De Quervain's Release Surgery | Hand Specialists | Synergy Health,No,Live,51,13036,11196,33
https://synergyhealth.org/treatment/pain-management/,Treatment,/treatment/,,Pain Management,Pain Management | Synergy Health Partners Michigan,No,Live,58,11214,9226,88
https://synergyhealth.org/treatment/physical-therapy/,Treatment,/treatment/,,Physical Therapy,Physical Therapy in Michigan | Synergy Health Partners,No,Live,77,10037,8659,507
https://synergyhealth.org/treatment/trigger-point-injection/,Treatment,/treatment/,,Trigger Point Injection,Trigger Point Injection Treatment | Synergy Health Michigan,No,Live,8,9289,6193,32
https://synergyhealth.org/treatment/peripheral-nerve-injection/,Treatment,/treatment/,,Peripheral Nerve Injection,Peripheral Nerve Injection | Pain Relief | Synergy Health,No,Live,27,9214,7184,21
https://synergyhealth.org/treatment/mass-removal/,Treatment,/treatment/,,Mass Removal,Mass Removal Surgery | Hand & Upper Extremity | Synergy Health,No,Live,29,8399,6887,22
https://synergyhealth.org/treatment/custom-orthoses-splints/,Treatment,/treatment/,,Custom Orthoses Splints,Custom Orthoses & Splints | Synergy Health Michigan,No,Live,38,7305,6349,42
https://synergyhealth.org/treatment/nerve-repair/,Treatment,/treatment/,,Nerve Repair,Nerve Repair Surgery | Synergy Health Partners Michigan,No,Live,4,5678,4653,15
https://synergyhealth.org/treatment/gastrocnemius-recession-surgery/,Treatment,/treatment/,,Gastrocnemius Recession Surgery,Gastrocnemius Recession Surgery | Southeast Michigan,No,Live,12,5428,3779,18
https://synergyhealth.org/treatment/radiofrequency-ablation/,Treatment,/treatment/,,Radiofrequency Ablation,Radiofrequency Ablation | Pain Relief | Synergy Health MI,No,Live,11,4309,3136,56
https://synergyhealth.org/treatment/trigger-finger-release/,Treatment,/treatment/,,Trigger Finger Release,Trigger Finger Release | Synergy Health Partners Michigan,No,Live,8,4116,3703,17
https://synergyhealth.org/treatment/ankle-arthroscopy/,Treatment,/treatment/,,Ankle Arthroscopy,Ankle Arthroscopy | Southeast Michigan | Synergy Health,No,Live,0,3524,3524,7
https://synergyhealth.org/treatment/gel-injections/,Treatment,/treatment/,,Gel Injections,Gel Injections for Knee Pain | Synergy Health Partners MI,No,Live,12,3393,3393,40
https://synergyhealth.org/treatment/cmc-arthroplasty/,Treatment,/treatment/,,Cmc Arthroplasty,CMC Arthroplasty | Thumb Arthritis Surgery | Synergy Health,No,Live,22,3260,2647,28
https://synergyhealth.org/treatment/joint-pain-injections/,Treatment,/treatment/,,Joint Pain Injections,Joint Pain Injections | Synergy Health Partners Michigan,No,Live,17,2360,2129,35
https://synergyhealth.org/treatment/hand-therapy/,Treatment,/treatment/,,Hand Therapy,Hand Therapy Services | Synergy Health Partners Michigan,No,Live,10,2337,1669,44
https://synergyhealth.org/treatment/,Treatment,/treatment/,,(index page),Orthopedic & Spine Treatments in Metro Detroit | Synergy Health,No,Live,1,2302,1691,1197
https://synergyhealth.org/treatment/biceps-tenodesis-tenotomy/,Treatment,/treatment/,,Biceps Tenodesis Tenotomy,Biceps Tenodesis Surgery / Tenotomy Surgery | Synergy Health,No,Live,1,1944,1919,3
https://synergyhealth.org/treatment/bunionectomy/,Treatment,/treatment/,,Bunionectomy,Bunionectomy Surgery Michigan | Synergy Health Partners,No,Live,1,1936,1278,16
https://synergyhealth.org/treatment/total-reverse-shoulder-arthroplasty/,Treatment,/treatment/,,Total Reverse Shoulder Arthroplasty,Shoulder Replacement Surgery | Synergy Health Michigan,No,Live,2,1818,1354,171
https://synergyhealth.org/treatment/total-elbow-arthroplasty/,Treatment,/treatment/,,Total Elbow Arthroplasty,Total Elbow Arthroplasty | Elbow Replacement Surgery Michigan,No,Live,0,1523,1505,2
https://synergyhealth.org/treatment/partial-hip-replacement-hemiarthroplasty/,Treatment,/treatment/,,Partial Hip Replacement Hemiarthroplasty,Partial Hip Replacement (Hemiarthroplasty) | Treatment Synergy Health,No,Live,4,1470,1470,6
https://synergyhealth.org/treatment/total-hip-arthroplasty/,Treatment,/treatment/,,Total Hip Arthroplasty,Total Hip Arthroplasty | Hip Replacement Surgery Michigan,No,Live,6,1377,1235,7
https://synergyhealth.org/treatment/hip-revision-surgery/,Treatment,/treatment/,,Hip Revision Surgery,Hip Revision Surgery | Synergy Health Partners Michigan,No,Live,5,1316,1273,11
https://synergyhealth.org/treatment/emg/,Treatment,/treatment/,,EMG,EMG Testing & Treatment | Synergy Health Partners MI,No,Live,8,1265,1265,21
https://synergyhealth.org/treatment/shoulder-arthroscopy/,Treatment,/treatment/,,Shoulder Arthroscopy,Shoulder Arthroscopy | Synergy Health Partners Michigan,No,Live,3,1248,880,10
https://synergyhealth.org/treatment/trochanteric-bursectomy/,Treatment,/treatment/,,Trochanteric Bursectomy,Trochanteric Bursectomy | Hip Pain Surgery | Synergy Health,No,Live,8,1235,1235,15
https://synergyhealth.org/treatment/occipital-nerve-block/,Treatment,/treatment/,,Occipital Nerve Block,Occipital Nerve Block Treatment | Synergy Health Michigan,No,Live,5,1209,1209,15
https://synergyhealth.org/treatment/tendon-repair/,Treatment,/treatment/,,Tendon Repair,Tendon Repair Surgery | Hand Surgeons | Synergy Health,No,Live,0,1151,1151,15
https://synergyhealth.org/treatment/cubital-tunnel-release/,Treatment,/treatment/,,Cubital Tunnel Release,Cubital Tunnel Release Surgery | Synergy Health Partners,No,Live,1,829,829,5
https://synergyhealth.org/treatment/chiropractic-care/,Treatment,/treatment/,,Chiropractic Care,Chiropractic Care in Southeast Michigan | Synergy Health,No,Live,7,660,660,49
https://synergyhealth.org/treatment/toe-arthroplasty/,Treatment,/treatment/,,Toe Arthroplasty,Toe Arthroplasty | Joint Replacement | Synergy Health,No,Live,6,658,658,15
https://synergyhealth.org/treatment/knee-arthroscopy/,Treatment,/treatment/,,Knee Arthroscopy,Knee Arthroscopy | Minimally Invasive Surgery | Synergy Health,No,Live,2,614,614,4
https://synergyhealth.org/treatment/ucl-reconstruction-surgery/,Treatment,/treatment/,,UCL Reconstruction Surgery,UCL Reconstruction Surgery (Tommy John) | Synergy Health,No,Live,1,607,607,6
https://synergyhealth.org/treatment/ac-joint-reconstruction/,Treatment,/treatment/,,Ac Joint Reconstruction,AC Joint Reconstruction Surgery | Synergy Health Partners,No,Live,0,588,588,7
https://synergyhealth.org/treatment/achilles-tendon-repair/,Treatment,/treatment/,,Achilles Tendon Repair,Achilles Tendon Repair | Orthopedic Surgery Michigan,No,Live,3,463,463,6
https://synergyhealth.org/treatment/partial-knee-replacement/,Treatment,/treatment/,,Partial Knee Replacement,Partial Knee Replacement | Synergy Health Partners MI,No,Live,1,457,292,3
https://synergyhealth.org/treatment/nerve-decompression-ulnar-radial/,Treatment,/treatment/,,Nerve Decompression Ulnar Radial,Nerve Decompression Surgery | Ulnar Radial | Synergy Health,No,Live,5,407,407,5
https://synergyhealth.org/treatment/dupuytren-contracture-release/,Treatment,/treatment/,,Dupuytren Contracture Release,Dupuytren Contracture Release | Synergy Health Partners MI,No,Live,3,384,384,14
https://synergyhealth.org/treatment/labral-repair-treatment/,Treatment,/treatment/,,Labral Repair Treatment,Labral Repair Treatment & Surgery | Synergy Health MI,No,Live,1,384,384,6
https://synergyhealth.org/treatment/rotator-cuff-repair/,Treatment,/treatment/,,Rotator Cuff Repair,Rotator Cuff Repair | Synergy Health Partners Michigan,No,Live,1,337,337,4
https://synergyhealth.org/treatment/elbow-arthroscopy/,Treatment,/treatment/,,Elbow Arthroscopy,Elbow Arthroscopy | Michigan Orthopedic Specialists,No,Live,2,336,336,75
https://synergyhealth.org/treatment/gluteal-iliopsoas-tendon-repair/,Treatment,/treatment/,,Gluteal Iliopsoas Tendon Repair,Gluteal & Iliopsoas Tendon Repair | Synergy Health Michigan,No,Live,5,331,331,7
https://synergyhealth.org/treatment/carpal-tunnel-release-surgery/,Treatment,/treatment/,,Carpal Tunnel Release Surgery,Carpal Tunnel Release Surgery Michigan | Synergy Health,No,Live,2,269,269,37
https://synergyhealth.org/treatment-type/non-surgical/,Treatment,/treatment-type/,,Non Surgical,Non-Surgical - Synergy Health,No,Live,0,266,266,12
https://synergyhealth.org/treatment/meniscus-repair-meniscectomy/,Treatment,/treatment/,,Meniscus Repair Meniscectomy,Meniscus Repair & Meniscectomy | Synergy Health Michigan,No,Live,1,192,192,10
https://synergyhealth.org/treatment/fracture-repair/,Treatment,/treatment/,,Fracture Repair,Fracture Repair Michigan | Synergy Health Partners,No,Live,0,185,185,19
https://synergyhealth.org/treatment/acl-reconstruction/,Treatment,/treatment/,,ACL Reconstruction,ACL Reconstruction Surgery | Synergy Health Partners MI,No,Live,1,149,149,2
https://synergyhealth.org/treatment/hip-resurfacing/,Treatment,/treatment/,,Hip Resurfacing,Hip Resurfacing Surgery | Synergy Health Partners MI,No,Live,0,118,118,5
https://synergyhealth.org/treatment-type/surgical/,Treatment,/treatment-type/,,Surgical,Surgical - Synergy Health,No,Live,0,109,106,5
https://synergyhealth.org/treatment/hip-arthroscopy-labral-repair/,Treatment,/treatment/,,Hip Arthroscopy Labral Repair,Hip Arthroscopy & Labral Repair | Synergy Health Michigan,No,Live,0,103,103,4
https://synergyhealth.org/treatment/shoulder-stabilization-latarjet-bankart/,Treatment,/treatment/,,Shoulder Stabilization Latarjet Bankart,Shoulder Stabilization Surgery | Latarjet & Bankart | Michigan,No,Live,0,100,100,2
https://synergyhealth.org/treatment/occupational-therapy/,Treatment,/treatment/,,Occupational Therapy,Occupational Therapy in Michigan | Synergy Health Partners,No,Live,0,95,95,8
https://synergyhealth.org/treatment/hip-osteotomy-joint-preservation/,Treatment,/treatment/,,Hip Osteotomy Joint Preservation,Hip Osteotomy (Joint Preservation) | Synergy Health Partners,No,Live,0,86,86,2
https://synergyhealth.org/treatment/toe-joint-replacement/,Treatment,/treatment/,,Toe Joint Replacement,Toe Joint Replacement | Orthopedic Surgery Michigan,No,Live,1,47,47,5
https://synergyhealth.org/treatments/,Treatment,/treatments/,,(index page),Page Not Found - Synergy Health,No,404 - removed,0,0,0,163
https://synergyhealth.org/providers/scott-mccarty-md/,Providers,/providers/,,Scott Mccarty MD,"Scott McCarty, MD - Synergy Health",Yes,Live,1724,43117,8785,4246
https://synergyhealth.org/providers/kevin-r-lee-md/,Providers,/providers/,,Kevin R Lee MD,"Kevin R. Lee, MD | Synergy Health Partners",Yes,Live,1027,34707,3140,1462
https://synergyhealth.org/providers/jeffrey-varghese-md/,Providers,/providers/,,Jeffrey Varghese MD,"Jeffrey Varghese, MD | Provider Synergy Health",Yes,Live,859,25474,4958,2996
https://synergyhealth.org/providers/mohamed-salar-md/,Providers,/providers/,,Mohamed Salar MD,"Mohamed Salar, MD - Synergy Health",Yes,Live,1029,24349,6256,3041
https://synergyhealth.org/providers/anthony-j-oddo-do/,Providers,/providers/,,Anthony J Oddo DO,"Expert Pain Management – Dr. Anthony J. Oddo, DO",Yes,Live,824,20980,5605,1204
https://synergyhealth.org/providers/brian-kassa-do/,Providers,/providers/,,Brian Kassa DO,"Brian Kassa, DO | Provider Synergy Health",Yes,Live,924,19751,4259,1337
https://synergyhealth.org/providers/joseph-maslak-md/,Providers,/providers/,,Joseph Maslak MD,"Joseph Maslak, MD - Synergy Health",Yes,Live,711,12628,2688,3059
https://synergyhealth.org/providers/andres-munk-md/,Providers,/providers/,,Andres Munk MD,"Andres Munk, MD - Synergy Health",Yes,Live,406,11966,2246,1303
https://synergyhealth.org/providers/kevin-lee-md/,Providers,/providers/,,Kevin Lee MD,"Kevin R. Lee, MD - Synergy Health",Yes,Live,230,8232,6885,366
https://synergyhealth.org/providers/anthony-oddo-do/,Providers,/providers/,,Anthony Oddo DO,"Anthony J. Oddo, DO | Provider Synergy Health",Yes,Live,165,4290,3357,328
https://synergyhealth.org/providers/hanish-singh-md/,Providers,/providers/,,Hanish Singh MD,"Hanish Singh, MD - Synergy Health",Yes,Live,93,3720,3283,163
https://synergyhealth.org/providers/francis-elwart-dc/,Providers,/providers/,,Francis Elwart DC,"Francis Elwart, DC - Synergy Health",Yes,Live,98,3547,1088,198
https://synergyhealth.org/providers/sue-cash-pt/,Providers,/providers/,,Sue Cash PT,"Sue Cash, PT - Synergy Health",Yes,Live,57,1842,399,49
https://synergyhealth.org/providers/kyle-truscott-dc/,Providers,/providers/,,Kyle Truscott DC,"Kyle Truscott, DC - Synergy Health",Yes,Live,85,1476,808,670
https://synergyhealth.org/providers/fatema-taher-pt-ompt-ocs/,Providers,/providers/,,Fatema Taher PT OMPT OCS,"Fatema Taher, PT, OMPT, OCS - Synergy Health",Yes,Live,20,1413,435,34
https://synergyhealth.org/providers/lucia-zamorano-md-faanos-fics/,Providers,/providers/,,Lucia Zamorano MD FAANOS FICS,"Lucia Zamorano, MD, FAANOS, FICS - Synergy Health",Yes,Live,15,1061,1061,55
https://synergyhealth.org/providers/crystal-langholff-dpt/,Providers,/providers/,,Crystal Langholff DPT,"Crystal Langholff, DPT - Synergy Health",Yes,Live,21,544,159,33
https://synergyhealth.org/providers/pain-management/anthony-j-oddo-do/,Providers,/providers/,Pain Management,Anthony J Oddo DO,"Expert Pain Management – Dr. Anthony J. Oddo, DO",Yes,Live,0,0,0,1
https://synergyhealth.org/providers/specialty/spine-neck-back/,Providers,/providers/,Specialty,Spine Neck Back,Providers | Synergy Health,Yes,Live,0,0,0,14
https://synergyhealth.org/providers/specialty/spine/,Providers,/providers/,Specialty,Spine,Providers - Synergy Health,Yes,Live,0,0,0,643
https://synergyhealth.org/our-providers/,Providers,/our-providers/,,(index page),Top-Rated Experts in Orthopedic & Spine | Synergy Health Partners,No,Live,393,118271,0,15863
https://synergyhealth.org/providers/david-h-mendelson-md/,Providers,/providers/,,David H Mendelson MD,Top Orthopedic Surgeon in Michigan | Dr. David Mendelson,No,Live,1020,49073,0,3171
https://synergyhealth.org/providers/stephen-d-mendelson-md/,Providers,/providers/,,Stephen D Mendelson MD,"Dr. Stephen Mendelson | Knee, Hand, Shoulder, and Hip Surgery Expert",No,Live,1204,40848,0,2007
https://synergyhealth.org/providers/preetinder-bhullar-md/,Providers,/providers/,,Preetinder Bhullar MD,"Preetinder Bhullar, MD - Synergy Health",No,Live,1940,39878,9499,3976
https://synergyhealth.org/providers/kyle-bohm-md/,Providers,/providers/,,Kyle Bohm MD,"Kyle Bohm, MD | Provider Synergy Health",No,Live,1183,36267,11459,2452
https://synergyhealth.org/providers/jeffrey-b-klein-dpm/,Providers,/providers/,,Jeffrey B Klein DPM,"Jeffrey B. Klein, DPM | Synergy Health Partners",No,Live,713,27232,0,1395
https://synergyhealth.org/providers/randy-leff-dpm/,Providers,/providers/,,Randy Leff DPM,"Randy Leff, DPM - Synergy Health",No,Live,803,22002,6243,1592
https://synergyhealth.org/providers/tony-abood-do/,Providers,/providers/,,Tony Abood DO,"Tony Abood, DO | Provider Synergy Health",No,Live,1485,21115,3716,1709
https://synergyhealth.org/providers/,Providers,/providers/,,(index page),Find an Orthopedic or Spine Doctor Near You | Synergy Health,No,Live,76,18514,17086,5041
https://synergyhealth.org/providers/ben-mayo-md/,Providers,/providers/,,Ben Mayo MD,"Benjamin Mayo, MD | Synergy Health Partners",No,Live,290,17930,0,3083
https://synergyhealth.org/providers/steven-acker-do/,Providers,/providers/,,Steven Acker DO,"Steven Acker, DO - Synergy Health",No,Live,346,17262,2480,1163
https://synergyhealth.org/providers/david-mendelson-md/,Providers,/providers/,,David Mendelson MD,"David Mendelson, MD - Synergy Health",No,Live,354,16507,14360,928
https://synergyhealth.org/providers/kevin-sorensen-dpm/,Providers,/providers/,,Kevin Sorensen DPM,"Kevin Sorensen, DPM - Synergy Health",No,Live,194,15507,3166,818
https://synergyhealth.org/providers/alice-mendelson-md/,Providers,/providers/,,Alice Mendelson MD,"Alice Mendelson, MD | Provider Synergy Health",No,Live,323,15030,2805,821
https://synergyhealth.org/providers/jeffrey-d-mendelson-md/,Providers,/providers/,,Jeffrey D Mendelson MD,"Jeffrey D. Mendelson, MD | Synergy Health Partners",No,Live,499,13758,0,3066
https://synergyhealth.org/providers/ashley-fox-dc-ms-ccsp-facmuap/,Providers,/providers/,,Ashley Fox DC Ms Ccsp Facmuap,"Ashley Fox DC, MS, CCSP, FACMUAP - Synergy Health",No,Live,504,12762,2970,636
https://synergyhealth.org/providers/stephen-mendelson-md/,Providers,/providers/,,Stephen Mendelson MD,"Stephen Mendelson, MD - Synergy Health",No,Live,231,11603,9497,721
https://synergyhealth.org/providers/fred-leff-dpm/,Providers,/providers/,,Fred Leff DPM,"Fred Leff, DPM - Synergy Health",No,Live,98,11431,2605,247
https://synergyhealth.org/providers/jeffrey-klein-dpm/,Providers,/providers/,,Jeffrey Klein DPM,"Jeffrey B. Klein, DPM - Synergy Health",No,Live,192,9110,7674,390
https://synergyhealth.org/providers/joseph-yacisen-do/,Providers,/providers/,,Joseph Yacisen DO,"Joseph Yacisen, DO | Provider Synergy Health",No,Live,516,8666,3837,1791
https://synergyhealth.org/providers/jeffrey-mendelson-md/,Providers,/providers/,,Jeffrey Mendelson MD,"Jeffrey Mendelson, MD - Synergy Health",No,Live,187,6997,5607,725
https://synergyhealth.org/providers/benjamin-mayo-md/,Providers,/providers/,,Benjamin Mayo MD,"Ben Mayo, MD | Provider Synergy Health",No,Live,89,6316,5267,992
https://synergyhealth.org/providers/kristina-e-green-dpm/,Providers,/providers/,,Kristina E Green DPM,"Kristina E. Green, DPM | Synergy Health Partners",No,Live,151,6224,897,360
https://synergyhealth.org/providers/andrew-cox-pa-c/,Providers,/providers/,,Andrew Cox PA C,"Andrew Cox, PA-C - Synergy Health",No,Live,81,5729,2167,117
https://synergyhealth.org/providers/hainish-singh-md/,Providers,/providers/,,Hainish Singh MD,"Hanish Singh, MD | Synergy Health Partners",No,Live,127,5542,3165,144
https://synergyhealth.org/providers/jack-belen-md/,Providers,/providers/,,Jack Belen MD,"Jack Belen, MD - Synergy Health",No,Live,157,5529,673,369
https://synergyhealth.org/providers/brittany-miller-pa-c/,Providers,/providers/,,Brittany Miller PA C,"Brittany Miller, PA-C - Synergy Health",No,Live,98,4794,1015,112
https://synergyhealth.org/providers/hayley-foster-pa-c/,Providers,/providers/,,Hayley Foster PA C,"Hayley Foster, PA-C - Synergy Health",No,Live,76,4413,1320,100
https://synergyhealth.org/providers/evan-vandenbosch-pa-c/,Providers,/providers/,,Evan Vandenbosch PA C,"Evan VandenBosch, PA-C - Synergy Health",No,Live,125,4224,1004,156
https://synergyhealth.org/providers/caitlin-rogers-pa-c/,Providers,/providers/,,Caitlin Rogers PA C,"Caitlin Rogers, PA-C - Synergy Health",No,Live,4,4137,3764,6
https://synergyhealth.org/providers/samantha-houle-pa-c/,Providers,/providers/,,Samantha Houle PA C,"Samantha Houle, PA-C | Provider Synergy Health",No,Live,82,3940,510,92
https://synergyhealth.org/providers/beth-wilkins-dpt/,Providers,/providers/,,Beth Wilkins DPT,"Beth Wilkins, DPT - Synergy Health",No,Live,56,3346,870,92
https://synergyhealth.org/providers/caitlin-clemence-pa-c/,Providers,/providers/,,Caitlin Clemence PA C,"Caitlin Rogers, PA-C | Synergy Health Partners",No,Live,20,3094,0,42
https://synergyhealth.org/providers/kristina-green-dpm/,Providers,/providers/,,Kristina Green DPM,"Kristina E. Green, DPM | Provider Synergy Health",No,Live,59,2352,2025,152
https://synergyhealth.org/providers/kelley-gray-allen-pa-c/,Providers,/providers/,,Kelley Gray Allen PA C,"Kelley Gray-Allen, PA-C | Provider Synergy Health",No,Live,65,2255,485,61
https://synergyhealth.org/providers/sue-piotrowski-pta/,Providers,/providers/,,Sue Piotrowski Pta,"Sue Piotrowski, PTA | Provider Synergy Health",No,Live,35,1904,517,78
https://synergyhealth.org/providers/pearl-dua-pa-c/,Providers,/providers/,,Pearl Dua PA C,"Pearl Dua, PA-C | Provider Synergy Health",No,Live,90,1798,346,129
https://synergyhealth.org/providers/elaine-mccallister-pa-c-atc/,Providers,/providers/,,Elaine Mccallister PA C ATC,"Elaine McCallister, PA-C, ATC | Provider Synergy Health",No,Live,49,1647,397,66
https://synergyhealth.org/providers/maria-marcaida-gorospe-pt/,Providers,/providers/,,Maria Marcaida Gorospe PT,"Maria Marcaida-Gorospe, PT | Provider Synergy Health",No,Live,19,1402,373,31
https://synergyhealth.org/providers/amy-hauxwell-otrl-cht/,Providers,/providers/,,Amy Hauxwell OTRL CHT,"Amy Hauxwell, OTRL, CHT | Provider Synergy Health",No,Live,35,1368,578,62
https://synergyhealth.org/providers/elizabeth-zachow-pa-c/,Providers,/providers/,,Elizabeth Zachow PA C,"Elizabeth Zachow, PA-C | Provider Synergy Health",No,Live,63,1355,219,80
https://synergyhealth.org/providers/cassidy-ebach-pa-c/,Providers,/providers/,,Cassidy Ebach PA C,"Cassidy Ebach, PA-C | Provider Synergy Health",No,Live,52,1264,248,123
https://synergyhealth.org/providers/mitch-misiak-pa-c/,Providers,/providers/,,Mitch Misiak PA C,"Mitch Misiak, PA-C | Provider Synergy Health",No,Live,69,1200,309,99
https://synergyhealth.org/providers/tony-badia-pta/,Providers,/providers/,,Tony Badia Pta,"Tony Badia, PTA - Synergy Health",No,Live,16,1147,237,41
https://synergyhealth.org/providers/spencer-poshadlo-pa-c/,Providers,/providers/,,Spencer Poshadlo PA C,"Spencer Poshadlo, PA-C - Synergy Health",No,Live,73,1096,469,106
https://synergyhealth.org/providers/cullen-lane-pt-ot/,Providers,/providers/,,Cullen Lane PT OT,"Cullen Lane, DPT, BCHE, PT/OT Manager | Synergy Health Partners",No,Live,32,1086,0,61
https://synergyhealth.org/providers/kennie-brenner-mpt/,Providers,/providers/,,Kennie Brenner MPT,"Kennie Brenner, MPT | Provider Synergy Health",No,Live,27,1040,445,39
https://synergyhealth.org/providers/edyta-jagustin-pt/,Providers,/providers/,,Edyta Jagustin PT,"Edyta Jagustin, PT - Synergy Health",No,Live,26,1004,384,37
https://synergyhealth.org/providers/larisa-joeright-pa-c/,Providers,/providers/,,Larisa Joeright PA C,"Larisa Joeright, PA-C - Synergy Health",No,Live,53,950,211,74
https://synergyhealth.org/providers/mark-macki-monton-pt/,Providers,/providers/,,Mark Macki Monton PT,"Mark “Macki” Monton, PT - Synergy Health",No,Live,19,856,201,35
https://synergyhealth.org/providers/noah-kueber/,Providers,/providers/,,Noah Kueber,"Noah Kueber, PT | Synergy Health Partners",No,Live,41,738,0,54
https://synergyhealth.org/providers/chris-kakos-pt/,Providers,/providers/,,Chris Kakos PT,"Chris Kakos, PT - Synergy Health",No,Live,14,698,497,29
https://synergyhealth.org/providers/max-castoreno-otrl/,Providers,/providers/,,Max Castoreno OTRL,"Max Castoreno, OTRL - Synergy Health",No,Live,39,682,150,65
https://synergyhealth.org/providers/tiffany-hepworth-pta/,Providers,/providers/,,Tiffany Hepworth Pta,"Tiffany Hepworth, PTA | Provider Synergy Health",No,Live,6,671,449,22
https://synergyhealth.org/providers/cullen-lane-dpt-bche-pt-ot-manager/,Providers,/providers/,,Cullen Lane DPT Bche PT OT Manager,"Cullen Lane, DPT, BCHE, PT/OT Manager - Synergy Health",No,Live,8,649,505,15
https://synergyhealth.org/providers/laura-winowiecki-pta-clt-mt/,Providers,/providers/,,Laura Winowiecki Pta Clt Mt,"Laura Winowiecki, PTA, CLT, MT - Synergy Health",No,Live,17,640,148,37
https://synergyhealth.org/providers/aaron-wienczak-otrl/,Providers,/providers/,,Aaron Wienczak OTRL,"Aaron Wienczak, OTRL - Synergy Health",No,Live,9,585,470,45
https://synergyhealth.org/providers/amy-mazurek-mpt/,Providers,/providers/,,Amy Mazurek MPT,"Amy Mazurek, MPT | Provider Synergy Health",No,Live,5,568,489,19
https://synergyhealth.org/providers/amy-mazurek-dpt/,Providers,/providers/,,Amy Mazurek DPT,"Amy Mazurek, MPT | Synergy Health Partners",No,Live,22,567,0,28
https://synergyhealth.org/providers/carol-arakelian-pta/,Providers,/providers/,,Carol Arakelian Pta,"Carol Arakelian, PTA | Provider Synergy Health",No,Live,24,555,278,31
https://synergyhealth.org/providers/ian-zaporski-pta/,Providers,/providers/,,Ian Zaporski Pta,"Ian Zaporski, PTA - Synergy Health",No,Live,26,548,138,55
https://synergyhealth.org/providers/simon-gappe-dpt-fgs/,Providers,/providers/,,Simon Gappe DPT Fgs,"Simon Gappe, DPT, FGS | Synergy Health Partners",No,Live,22,529,19,48
https://synergyhealth.org/providers/kathleen-blashfield-pta-clt/,Providers,/providers/,,Kathleen Blashfield Pta Clt,"Kathleen Blashfield, PTA, CLT | Provider Synergy Health",No,Live,23,444,137,43
https://synergyhealth.org/providers/simon-gappe-pt-dpt/,Providers,/providers/,,Simon Gappe PT DPT,"Simon Gappe, PT, DPT | Provider Synergy Health",No,Live,10,340,304,59
https://synergyhealth.org/providers/noah-kueber-pt/,Providers,/providers/,,Noah Kueber PT,"Noah Kueber, PT | Provider Synergy Health",No,Live,11,320,274,18
https://synergyhealth.org/providers/adelisa-zahirovic-pa-c/,Providers,/providers/,,Adelisa Zahirovic PA C,"Adelisa Zahirovic, PA-C | Provider Synergy Health",No,Live,38,315,176,108
https://synergyhealth.org/providers/loretta-assalone-otr-l-cht/,Providers,/providers/,,Loretta Assalone Otr L CHT,"Loretta Assalone, OTR/L, CHT | Provider Synergy Health",No,Live,7,284,233,73
https://synergyhealth.org/providers/elaina-homer-pta/,Providers,/providers/,,Elaina Homer Pta,"Elaina Homer, PTA - Synergy Health",No,Live,4,238,229,42
https://synergyhealth.org/providers/rachel-gracz-pt-ot-manager/,Providers,/providers/,,Rachel Gracz PT OT Manager,"Rachel Gracz, PT/OT Manager | Synergy Health Partners",No,Live,20,228,0,29
https://synergyhealth.org/providers/orthopedics/,Providers,/providers/,,Orthopedics,Top Orthopedic Surgeons in Michigan | Synergy Health Partners,No,Live,0,0,0,2
https://synergyhealth.org/providers/orthopedics/david-h-mendelson-md/,Providers,/providers/,Orthopedics,David H Mendelson MD,Top Orthopedic Surgeon in Michigan | Dr. David Mendelson,No,Live,0,0,0,1
https://synergyhealth.org/providers/orthopedics/stephen-d-mendelson-md/,Providers,/providers/,Orthopedics,Stephen D Mendelson MD,"Dr. Stephen Mendelson | Knee, Hand, Shoulder, and Hip Surgery Expert",No,Live,0,0,0,1
https://synergyhealth.org/providers/pain-management/eduardo-icaza-md/,Providers,/providers/,Pain Management,Eduardo Icaza MD,Top-Rated Experts in Orthopedic & Spine | Synergy Health Partners,No,Live,0,0,0,3
https://synergyhealth.org/providers/physician-assistant/,Providers,/providers/,,Physician Assistant,Top-Rated Experts in Orthopedic & Spine | Synergy Health Partners,No,Live,0,0,0,29
https://synergyhealth.org/providers/physician-assistant/brittany-miller-pa-c/,Providers,/providers/,Physician Assistant,Brittany Miller PA C,"Brittany Miller, PA-C | Synergy Health Partners",No,Live,0,0,0,2
https://synergyhealth.org/providers/physician-assistant/kelley-gray-allen-pa-c/,Providers,/providers/,Physician Assistant,Kelley Gray Allen PA C,"Kelley Gray-Allen, PA-C | Synergy Health Partners",No,Live,0,0,0,1
https://synergyhealth.org/providers/podiatry/jeffrey-b-klein-dpm/,Providers,/providers/,Podiatry,Jeffrey B Klein DPM,"Jeffrey B. Klein, DPM | Synergy Health Partners",No,Live,0,0,0,1
https://synergyhealth.org/providers/specialty/foot-ankle/,Providers,/providers/,Specialty,Foot Ankle,Providers - Synergy Health,No,Live,0,0,0,236
https://synergyhealth.org/providers/specialty/hand-wrist/,Providers,/providers/,Specialty,Hand Wrist,Providers - Synergy Health,No,Live,0,0,0,617
https://synergyhealth.org/providers/specialty/hip/,Providers,/providers/,Specialty,Hip,Find a Hip Specialist in Michigan | Synergy Health,No,Live,0,0,0,37
https://synergyhealth.org/providers/specialty/knee/,Providers,/providers/,Specialty,Knee,Providers - Synergy Health,No,Live,0,0,0,115
https://synergyhealth.org/providers/specialty/occupational-therapy/,Providers,/providers/,Specialty,Occupational Therapy,Providers - Synergy Health,No,Live,0,0,0,1
https://synergyhealth.org/providers/specialty/orthopedics/,Providers,/providers/,Specialty,Orthopedics,Find a Orthopedic Services Specialist in Michigan | Synergy Health,No,Live,0,0,0,492
https://synergyhealth.org/providers/specialty/pain-management/,Providers,/providers/,Specialty,Pain Management,Find a Pain Management Specialist in Michigan | Synergy Health,No,Live,0,0,0,4
https://synergyhealth.org/providers/specialty/pcp/,Providers,/providers/,Specialty,PCP,Providers - Synergy Health,No,Live,0,0,0,1
https://synergyhealth.org/providers/specialty/physical-therapy/,Providers,/providers/,Specialty,Physical Therapy,Providers - Synergy Health,No,Live,0,0,0,8
https://synergyhealth.org/providers/specialty/shoulder-elbow/,Providers,/providers/,Specialty,Shoulder Elbow,Providers - Synergy Health,No,Live,0,0,0,118
https://synergyhealth.org/providers/specialty/sports/,Providers,/providers/,Specialty,Sports,Find a Sports Medicine Specialist in Michigan | Synergy Health,No,Live,0,0,0,3
https://synergyhealth.org/providers/sue-piotrowski-pt/,Providers,/providers/,,Sue Piotrowski PT,"Sue Piotrowski, PTA | Synergy Health Partners",No,Live,0,0,0,1
https://synergyhealth.org/our-providers/spine/andres-munk-md/,Providers,/our-providers/,Spine,Andres Munk MD,Page not found | Synergy Health Partners,Yes,404 - removed,0,0,0,1
https://synergyhealth.org/our-providers/spine/joel-phillips-md/,Providers,/our-providers/,Spine,Joel Phillips MD,Page not found | Synergy Health Partners,Yes,404 - removed,0,0,0,1
https://synergyhealth.org/our-providers/spine/martin-b-kornblum-md/,Providers,/our-providers/,Spine,Martin B Kornblum MD,Page not found | Synergy Health Partners,Yes,404 - removed,0,0,0,12
https://synergyhealth.org/providers/brian-fiani-do-facos/,Providers,/providers/,,Brian Fiani DO FACOS,Page Not Found - Synergy Health,Yes,404 - removed,0,0,0,43
https://synergyhealth.org/providers/martin-j-kornblum-md/,Providers,/providers/,,Martin J Kornblum MD,Page not found | Synergy Health Partners,Yes,404 - removed,0,0,0,7
https://synergyhealth.org/providers/martin-kornblum-md/,Providers,/providers/,,Martin Kornblum MD,Page not found | Synergy Health Partners,Yes,404 - removed,0,0,0,4
https://synergyhealth.org/providers/spine/joel-phillips-md/,Providers,/providers/,Spine,Joel Phillips MD,Page not found | Synergy Health Partners,Yes,404 - removed,0,0,0,2
https://synergyhealth.org/providers/dr-hainish-singh-md/,Providers,/providers/,,Dr Hainish Singh MD,"Dr. Hanish Singh, MD | Synergy Health Partners",No,404 - removed,412,11855,327,522
https://synergyhealth.org/providers/rasheed-abiola-md/,Providers,/providers/,,Rasheed Abiola MD,Page not found | Synergy Health Partners,No,404 - removed,184,2695,0,31
https://synergyhealth.org/providers/anna-babushkina-md/,Providers,/providers/,,Anna Babushkina MD,Page Not Found - Synergy Health,No,404 - removed,2,1015,183,34
https://synergyhealth.org/providers/gerald-jerry-md/,Providers,/providers/,,Gerald Jerry MD,"Gerald Jerry, MD | Synergy Health Partners",No,404 - removed,10,740,0,490
https://synergyhealth.org/providers/anna-krinke-pt-dpt/,Providers,/providers/,,Anna Krinke PT DPT,Page not found | Synergy Health Partners,No,404 - removed,7,244,0,1
https://synergyhealth.org/providers/m-wednesday-hall-do/,Providers,/providers/,,M Wednesday Hall DO,Page not found | Synergy Health Partners,No,404 - removed,5,190,0,45
https://synergyhealth.org/providers/terry-viviani-dc/,Providers,/providers/,,Terry Viviani DC,Page not found | Synergy Health Partners,No,404 - removed,1,15,0,1
https://synergyhealth.org/our-providers/david-mendelson-md/,Providers,/our-providers/,,David Mendelson MD,Page not found | Synergy Health Partners,No,404 - removed,0,0,0,5
https://synergyhealth.org/our-providers/goo/,Providers,/our-providers/,,Goo,Page not found | Synergy Health Partners,No,404 - removed,0,0,0,1
https://synergyhealth.org/our-providers/orthopedics/herbert-mendelson-md/,Providers,/our-providers/,Orthopedics,Herbert Mendelson MD,Page not found | Synergy Health Partners,No,404 - removed,0,0,0,1
https://synergyhealth.org/our-providers/orthopedics/katie-rashid-sports-medicine/,Providers,/our-providers/,Orthopedics,Katie Rashid Sports Medicine,Page not found | Synergy Health Partners,No,404 - removed,0,0,0,7
https://synergyhealth.org/our-providers/pain-management/daniel-feldman-md/,Providers,/our-providers/,Pain Management,Daniel Feldman MD,Page not found | Synergy Health Partners,No,404 - removed,0,0,0,1
https://synergyhealth.org/our-providers/pain-management/jason-mulawa-md/,Providers,/our-providers/,Pain Management,Jason Mulawa MD,Page not found | Synergy Health Partners,No,404 - removed,0,0,0,2
https://synergyhealth.org/our-providers/podiatry/deepali-darji-podiatrist/,Providers,/our-providers/,Podiatry,Deepali Darji Podiatrist,Page not found | Synergy Health Partners,No,404 - removed,0,0,0,1
https://synergyhealth.org/our-providers/rheumatology/shironda-stewart-md/,Providers,/our-providers/,Rheumatology,Shironda Stewart MD,Page not found | Synergy Health Partners,No,404 - removed,0,0,0,1
https://synergyhealth.org/providers/chelsea-schoenmaker-pa-c/,Providers,/providers/,,Chelsea Schoenmaker PA C,Page not found | Synergy Health Partners,No,404 - removed,0,0,0,1
https://synergyhealth.org/providers/courtney-watson-pa-c/,Providers,/providers/,,Courtney Watson PA C,Page not found | Synergy Health Partners,No,404 - removed,0,0,0,22
https://synergyhealth.org/providers/jeffrey-r-mendelson-md/,Providers,/providers/,,Jeffrey R Mendelson MD,Page not found | Synergy Health Partners,No,404 - removed,0,0,0,4
https://synergyhealth.org/providers/kellyn-chapman-pa-c/,Providers,/providers/,,Kellyn Chapman PA C,Page not found | Synergy Health Partners,No,404 - removed,0,0,0,1
https://synergyhealth.org/providers/kyle-bohm-md/null/,Providers,/providers/,Kyle Bohm MD,Null,Page not found | Synergy Health Partners,No,404 - removed,0,0,0,6
https://synergyhealth.org/providers/orthopedics/emily-ren-md/,Providers,/providers/,Orthopedics,Emily Ren MD,Page not found | Synergy Health Partners,No,404 - removed,0,0,0,2
https://synergyhealth.org/providers/orthopedics/herbert-mendelson-md/,Providers,/providers/,Orthopedics,Herbert Mendelson MD,Page not found | Synergy Health Partners,No,404 - removed,0,0,0,3
https://synergyhealth.org/providers/orthopedics/katie-rashid-sports-medicine/,Providers,/providers/,Orthopedics,Katie Rashid Sports Medicine,Page not found | Synergy Health Partners,No,404 - removed,0,0,0,16
https://synergyhealth.org/providers/orthopedics/peter-lasater-md/,Providers,/providers/,Orthopedics,Peter Lasater MD,Page not found | Synergy Health Partners,No,404 - removed,0,0,0,2
https://synergyhealth.org/providers/pain-management/daniel-feldman-md/,Providers,/providers/,Pain Management,Daniel Feldman MD,Page not found | Synergy Health Partners,No,404 - removed,0,0,0,6
https://synergyhealth.org/providers/pain-management/jason-mulawa-md/,Providers,/providers/,Pain Management,Jason Mulawa MD,Page Not Found - Synergy Health,No,404 - removed,0,0,0,68
https://synergyhealth.org/providers/pain-management/m-wednesday-hall-do/,Providers,/providers/,Pain Management,M Wednesday Hall DO,Page not found | Synergy Health Partners,No,404 - removed,0,0,0,1
https://synergyhealth.org/providers/physician-assistant/bradley-coon-pa-c/,Providers,/providers/,Physician Assistant,Bradley Coon PA C,Page not found | Synergy Health Partners,No,404 - removed,0,0,0,1
https://synergyhealth.org/providers/physician-assistant/courtney-watson-pa-c/,Providers,/providers/,Physician Assistant,Courtney Watson PA C,Page not found | Synergy Health Partners,No,404 - removed,0,0,0,1
https://synergyhealth.org/providers/physician-assistant/jamie-amster-pa-c/,Providers,/providers/,Physician Assistant,Jamie Amster PA C,Page not found | Synergy Health Partners,No,404 - removed,0,0,0,1
https://synergyhealth.org/providers/physician-assistant/natalie-arnold-pa-c/,Providers,/providers/,Physician Assistant,Natalie Arnold PA C,Page not found | Synergy Health Partners,No,404 - removed,0,0,0,1
https://synergyhealth.org/providers/physician-assistant/sarah-havens-pa-c/,Providers,/providers/,Physician Assistant,Sarah Havens PA C,Page not found | Synergy Health Partners,No,404 - removed,0,0,0,1
https://synergyhealth.org/providers/rebecca-oros-pta-lmt/,Providers,/providers/,,Rebecca Oros Pta Lmt,Page not found | Synergy Health Partners,No,404 - removed,0,0,0,13
https://synergyhealth.org/providers/rheumatology/shironda-stewart-md/,Providers,/providers/,Rheumatology,Shironda Stewart MD,Page not found | Synergy Health Partners,No,404 - removed,0,0,0,6
https://synergyhealth.org/providers/stephen-e-mendelson-md/,Providers,/providers/,,Stephen E Mendelson MD,Page not found | Synergy Health Partners,No,404 - removed,0,0,0,1
