Company ID,Company Name,Groups,Spine Tier,Spine Wave,Spine Target Score,Referral Evidence,2026 Spine Patients,Visit Frequency Days,Route Day,First Planned Week,Next Action,Assigned PL
6e52135e-6cca-4482-9973-58d180f1dce7,DMC SPORTS MEDICINE NOVI,Sports Medicine; Spine T1 – 14d; Spine Wave 1,Tier 1,Wave 1,100,Repeat Spine Referrer,7,14,J-D08,2026-08-17,"Protect: thank, learn and expand spine",Jasmine
92913d4d-edc4-462b-aecf-ef3f54198f09,Park Medical Centers,Kristen Strategic Account; Internal Medicine/PCP; Spine T1 – 14d; Spine Wave 1,Tier 1,Wave 1,99,Repeat Spine Referrer,5,14,K-D05,2026-07-22,"Protect: thank, learn and expand spine",Kristen
c7781046-a235-49fa-ac8e-4b8d6354c618,Comprehensive Healthcare Associates and Prevention Medicine,Internal Medicine/PCP; Spine T1 – 14d; Spine Wave 1,Tier 1,Wave 1,99,Repeat Spine Referrer,6,14,J-D01,2026-07-27,"Protect: thank, learn and expand spine",Jasmine
64ed5116-24c0-4278-8d87-a7ca5f7d76c4,Lakeview Medical Center,Internal Medicine/PCP; Spine T1 – 14d; Spine Wave 1,Tier 1,Wave 1,99,Repeat Spine Referrer,7,14,C-D06,2026-07-27,"Protect: thank, learn and expand spine",Coty
e9020844-6b2a-43b6-9416-51116e859cc2,Schoenherr Family Practice,Internal Medicine/PCP; Spine T1 – 14d; Spine Wave 1,Tier 1,Wave 1,99,Repeat Spine Referrer,6,14,C-D07,2026-08-24,"Protect: thank, learn and expand spine",Coty
3b453978-15f0-429d-ab43-67d84178b21f,Kajy Law,Attorney; Spine T1 – 14d; Spine Wave 1,Tier 1,Wave 1,98,Repeat Spine Referrer,5,14,K-D06,2026-08-03,"Protect: thank, learn and expand spine",Kristen
2dd4a698-eeec-4552-98ba-d85b130bcc56,Mike Morse Law Firm,Attorney; Spine T1 – 14d; Spine Wave 1,Tier 1,Wave 1,98,Repeat Spine Referrer,75,14,K-D01,2026-07-27,"Protect: thank, learn and expand spine",Kristen
047f1f57-d796-4b0d-b2d0-b5d576ad50ea,Park Medical Centers - Canton,Internal Medicine/PCP; Spine T1 – 14d; Spine Wave 1,Tier 1,Wave 1,98,Repeat Spine Referrer,5,14,J-D03,2026-08-03,"Protect: thank, learn and expand spine",Jasmine
e1df3a06-b408-47d1-8333-8e5c30e7bc97,DMC PRIMARY AND SPECIALTY CARE WEST BLOOMFIELD,Internal Medicine/PCP; Spine T1 – 14d; Spine Wave 1,Tier 1,Wave 1,97,Repeat Spine Referrer,5,14,K-D07,2026-07-22,"Protect: thank, learn and expand spine",Kristen
b6033c7f-ac4e-4957-b3b0-519077da6c8d,Henry Ford Primary Care Center - 160,Internal Medicine/PCP; Spine T1 – 14d; Spine Wave 1,Tier 1,Wave 1,97,Repeat Spine Referrer,5,14,K-D02,2026-07-22,"Protect: thank, learn and expand spine",Kristen
83b9dec3-57ee-4777-b000-fcb1c228e6c7,Hesselberg Chiropractic,Kristen Strategic Account; Chiropractor; Spine T1 – 14d; Spine Wave 1,Tier 1,Wave 1,97,Repeat Spine Referrer,23,14,K-D05,2026-07-22,"Protect: thank, learn and expand spine",Kristen
8bd62ae0-e836-472d-84f6-a85688fd5524,Michigan Auto Law,Attorney; Spine T1 – 14d; Spine Wave 1,Tier 1,Wave 1,97,Repeat Spine Referrer,10,14,K-D02,2026-07-22,"Protect: thank, learn and expand spine",Kristen
c9013f02-25d6-4df2-96f8-b4f1e9936878,Stonebrooke Family Physicians,Internal Medicine/PCP; Spine T1 – 14d; Spine Wave 1,Tier 1,Wave 1,97,Repeat Spine Referrer,5,14,K-D09,2026-07-22,"Protect: thank, learn and expand spine",Kristen
86e7413a-57df-4cba-adee-c6d0a8e55b63,Ross Law,Attorney; Spine T1 – 14d; Spine Wave 1,Tier 1,Wave 1,96,Repeat Spine Referrer,5,14,K-D03,2026-07-22,"Protect: thank, learn and expand spine",Kristen
89b27066-bd8f-45eb-b2ec-e3196a89a16c,Applebaum & Stone,Attorney; Spine T1 – 14d; Spine Wave 1,Tier 1,Wave 1,95,Repeat Spine Referrer,5,14,K-D10,2026-07-22,"Protect: thank, learn and expand spine",Kristen
5ffbe2ff-83ec-4e24-8d4f-4071334a9c5c,Vanstone Injury Law,Attorney; Spine T1 – 14d; Spine Wave 1,Tier 1,Wave 1,94,Repeat Spine Referrer,5,14,K-D11,2026-07-22,"Protect: thank, learn and expand spine",Kristen
568c9052-985c-48fa-b5bc-44baafba3dea,DMC Orthopedics - Commerce Township,Orthopedic Surgery; Spine T1 – 14d; Spine Wave 1,Tier 1,Wave 1,91,Repeat Spine Referrer,3,14,K-D07,2026-07-27,"Protect: thank, learn and expand spine",Kristen
31597599-5a74-4f7a-8cb0-0ebbb4b41303,Hermann Banks MD PC,Neurology; Spine T1 – 14d; Spine Wave 1,Tier 1,Wave 1,91,Repeat Spine Referrer,3,14,K-D08 swp,2026-08-17,"Protect: thank, learn and expand spine",Kristen
74262c96-dd4b-4b92-acd7-c43ebba4c04f,NORLIVO INTERNAL MEDICINE,Ortho; Internal Medicine/PCP; Spine T1 – 14d; Spine Wave 1,Tier 1,Wave 1,91,Repeat Spine Referrer,3,14,J-D09,2026-07-22,"Protect: thank, learn and expand spine",Jasmine
5cb01f9c-faec-4c04-b600-f0eba085f6a3,Synergy Medical Primary Care,Internal Medicine/PCP; Spine T1 – 14d; Spine Wave 1,Tier 1,Wave 1,91,Repeat Spine Referrer,4,14,J-D04,2026-08-24,"Protect: thank, learn and expand spine",Jasmine
063204da-544e-4bdd-a18b-f483a5c16ad9,North Valley Internal Medicine,Internal Medicine/PCP; Spine T1 – 14d; Spine Wave 1,Tier 1,Wave 1,91,Repeat Spine Referrer,3,14,C-D09,2026-08-31,"Protect: thank, learn and expand spine",Coty
1225209075,Office of George Nassif MD,Internal Medicine/PCP; Spine T1 – 14d; Spine Wave 1,Tier 1,Wave 1,91,Repeat Spine Referrer,4,14,C-D08,2026-08-24,"Protect: thank, learn and expand spine",Coty
e19f7675-d86b-445b-ad8d-c06409bfde92,Levine Clinic of Chiropractic,Chiropractor; Spine T1 – 14d; Spine Wave 1,Tier 1,Wave 1,90,Repeat Spine Referrer,3,14,K-D03,2026-07-22,"Protect: thank, learn and expand spine",Kristen
3acfe2ff-d550-4785-99aa-a1ea91ef7da4,CANTON FAMILY HEALTH LLC,Internal Medicine/PCP; Spine T1 – 14d; Spine Wave 1,Tier 1,Wave 1,90,Repeat Spine Referrer,4,14,J-D01,2026-07-27,"Protect: thank, learn and expand spine",Jasmine
03095e36-e586-4709-8cd8-440a98b9bcd7,Beaumont Medical Center - Redford,Kristen Strategic Account; Internal Medicine/PCP; Spine T1 – 14d; Spine Wave 1,Tier 1,Wave 1,89,Repeat Spine Referrer,3,14,K-D01,2026-07-27,"Protect: thank, learn and expand spine",Kristen
be4c4280-49d5-443c-b413-3471ee753d27,GARDEN CITY FAMILY PHYSICIANS,Kristen Strategic Account; Internal Medicine/PCP; Spine T1 – 14d; Spine Wave 1,Tier 1,Wave 1,89,Repeat Spine Referrer,3,14,K-D12,2026-07-27,"Protect: thank, learn and expand spine",Kristen
b70053c3-f0fd-41de-9386-95fcc448a738,Lifetime Family Care,Kristen Strategic Account; Internal Medicine/PCP; Spine T1 – 14d; Spine Wave 1,Tier 1,Wave 1,89,Repeat Spine Referrer,3,14,K-D06,2026-07-27,"Protect: thank, learn and expand spine",Kristen
20e3535a-e9f3-4760-9cd8-6e86789495da,QuickDoc Urgent Care,Urgent Cares; Spine T1 – 14d; Spine Wave 1,Tier 1,Wave 1,89,Repeat Spine Referrer,4,14,J-D05,2026-07-22,"Protect: thank, learn and expand spine",Jasmine
0cc06713-910b-4b74-ba14-7cd3d76b3c62,OAK STREET HEALTH CHERRY HILL,Internal Medicine/PCP; Spine T1 – 14d; Spine Wave 1,Tier 1,Wave 1,88,Repeat Spine Referrer,3,14,J-D02,2026-07-22,"Protect: thank, learn and expand spine",Jasmine
1174554364,Be Well Medical Center,Internal Medicine/PCP; Spine T1 – 14d; Spine Wave 1,Tier 1,Wave 1,88,Repeat Spine Referrer,3,14,C-D04,2026-07-22,"Protect: thank, learn and expand spine",Coty
dda630a5-9d61-49cd-bec6-61084e47ddb9,Pulmonary & Medical Associates,Internal Medicine/PCP; Spine T1 – 14d; Spine Wave 1,Tier 1,Wave 1,85,Repeat Spine Referrer,2,14,K-D13 swp,2026-08-17,"Protect: thank, learn and expand spine",Kristen
e3d707da-675d-4d7c-9356-2f53ec4d8a2e,Village Medical - Livonia,Kristen Strategic Account; Internal Medicine/PCP; Spine T1 – 14d; Spine Wave 1,Tier 1,Wave 1,85,Repeat Spine Referrer,2,14,K-D08 swp,2026-08-17,"Protect: thank, learn and expand spine",Kristen
13842362-6701-47f3-95cc-140ea17bd264,Premier Medicine Medical Center - Livonia,Urgent Cares; PCP; Spine T1 – 14d; Spine Wave 1,Tier 1,Wave 1,85,Repeat Spine Referrer,2,14,J-D10,2026-08-31,"Protect: thank, learn and expand spine",Jasmine
677326d2-4ba2-4a49-a6f1-e7633a9a8401,Faith Internal Medicine & Urgent Care,Internal Medicine/PCP; Spine T1 – 14d; Spine Wave 1,Tier 1,Wave 1,85,Repeat Spine Referrer,2,14,C-D10,2026-09-14,"Protect: thank, learn and expand spine",Coty
23a703a6-5bde-4887-845c-b78a61128817,The Family Doctor,Internal Medicine/PCP; Spine T1 – 14d; Spine Wave 1,Tier 1,Wave 1,85,Repeat Spine Referrer,2,14,C-D01,2026-07-22,"Protect: thank, learn and expand spine",Coty
ebcb6f7a-eb6b-4759-81d9-516e3dc36b67,Medical Clinic of Northville,Kristen Strategic Account; Internal Medicine/PCP; Spine T1 – 14d; Spine Wave 1,Tier 1,Wave 1,84,Repeat Spine Referrer,2,14,K-D14,2026-07-27,"Protect: thank, learn and expand spine",Kristen
00-761-7874,Powers Family Medicine,Internal Medicine/PCP; Spine T1 – 14d; Spine Wave 1,Tier 1,Wave 1,84,Repeat Spine Referrer,2,14,K-D01,2026-07-27,"Protect: thank, learn and expand spine",Kristen
1d143d90-6122-41e7-ae14-c14d4e4317b4,Frank Lanzilote DO-Family Practice,Internal Medicine/PCP; Spine T1 – 14d; Spine Wave 1,Tier 1,Wave 1,84,Repeat Spine Referrer,2,14,J-D11,2026-07-27,"Protect: thank, learn and expand spine",Jasmine
1952660706,Oakland Primary Care,Internal Medicine/PCP; Spine T1 – 14d; Spine Wave 1,Tier 1,Wave 1,84,Repeat Spine Referrer,2,14,C-D11,2026-08-03,"Protect: thank, learn and expand spine",Coty
eebb725b-b031-43b9-a3d7-bfa83d77bc18,MedPro Primary Care,Urgent Cares; Spine T1 – 14d; Spine Wave 1,Tier 1,Wave 1,83,Repeat Spine Referrer,2,14,K-D04,2026-07-27,"Protect: thank, learn and expand spine",Kristen
60-080-4525,Metro Medical Practice,Internal Medicine/PCP; Spine T1 – 14d; Spine Wave 1,Tier 1,Wave 1,83,Repeat Spine Referrer,2,14,K-D04,2026-07-27,"Protect: thank, learn and expand spine",Kristen
40477f1c-8f50-4f86-8e7e-a5431b7f2fe6,MNP,Internal Medicine/PCP; Spine T1 – 14d; Spine Wave 1,Tier 1,Wave 1,83,Repeat Spine Referrer,2,14,K-D15 swp,2026-08-17,"Protect: thank, learn and expand spine",Kristen
13ba57d5-6bc6-4d44-8d40-efd8e7131d2e,Oakland Family Practice,Kristen Strategic Account; Internal Medicine/PCP; Spine T1 – 14d; Spine Wave 1,Tier 1,Wave 1,83,Repeat Spine Referrer,2,14,K-D04,2026-07-27,"Protect: thank, learn and expand spine",Kristen
8a6ae159-0242-4272-b933-bd11fc117733,Village Medical Farmington,Kristen Strategic Account; Internal Medicine/PCP; Spine T1 – 14d; Spine Wave 1,Tier 1,Wave 1,83,Repeat Spine Referrer,2,14,K-D01,2026-07-27,"Protect: thank, learn and expand spine",Kristen
11ed7e07-a278-4fda-90ea-e3baede80121,Chronic Pain Institute,Pain Management; Spine T1 – 14d; Spine Wave 1,Tier 1,Wave 1,83,Repeat Spine Referrer,2,14,C-D01,2026-07-22,"Protect: thank, learn and expand spine",Coty
5ba2b7d1-0a31-458d-95a0-4ba47f0574a0,MEDPRO PRIMARY CARE - Waltz Rd,Pain; Spine T1 – 14d; Spine Wave 1,Tier 1,Wave 1,83,Repeat Spine Referrer,2,14,C-D12,2026-07-27,"Protect: thank, learn and expand spine",Coty
fe708f7e-ac39-4cb4-91fb-ef244909b360,Carson Center Specialty,Kristen Strategic Account; Internal Medicine/PCP; Spine T1 – 14d; Spine Wave 1,Tier 1,Wave 1,82,Repeat Spine Referrer,2,14,K-D03,2026-07-22,"Protect: thank, learn and expand spine",Kristen
cc6d8767-1fad-4a5b-b658-38a67ea47a1c,"FARMINGTON HILLS  FAMILY PHYSICIANS, PLLC",Internal Medicine/PCP; Spine T1 – 14d; Spine Wave 1,Tier 1,Wave 1,82,Repeat Spine Referrer,2,14,K-D02,2026-07-22,"Protect: thank, learn and expand spine",Kristen
d1393500-eb13-4514-9e0b-427f872ffa8b,Ivy Rehab - Farmington,Physical Therapy; Spine T1 – 14d; Spine Wave 1,Tier 1,Wave 1,82,Repeat Spine Referrer,2,14,K-D02,2026-07-22,"Protect: thank, learn and expand spine",Kristen
d99edd32-fb45-4528-94d3-645792efefa1,Triumph chiropractic,Spine T1 – 14d; Spine Wave 1,Tier 1,Wave 1,82,Repeat Spine Referrer,2,14,K-D01,2026-07-27,"Protect: thank, learn and expand spine",Kristen
218209bd-0e83-4585-b5e7-1455814e77b1,Grand River Medical Associates,Internal Medicine/PCP; Spine T1 – 14d; Spine Wave 1,Tier 1,Wave 1,82,Repeat Spine Referrer,2,14,J-D12,2026-07-27,"Protect: thank, learn and expand spine",Jasmine
797c97ec-e6b4-42b3-920e-e16a6364e0c9,Safir Law,Attorney; Spine T1 – 14d,Tier 1,Wave 2,81,Repeat Spine Referrer,2,14,K-D02,2026-07-22,"Protect: thank, learn and expand spine",Kristen
740ceb33-170d-402e-b5c2-8c204cf2bdf4,Victor Valentino Law,Attorney; Spine T1 – 14d,Tier 1,Wave 2,81,Repeat Spine Referrer,2,14,K-D09,2026-07-27,"Protect: thank, learn and expand spine",Kristen
8f912f3f-f54b-4694-984f-06c26dcbe2a8,Steinberg Law Firm,Attorney; Spine T1 – 14d,Tier 1,Wave 2,80,Repeat Spine Referrer,2,14,K-D10,2026-07-27,"Protect: thank, learn and expand spine",Kristen
1285806067,DMC Orthopedics & Sports Medicine - Warren,Sports Medicine; Spine T1 – 14d; Spine Wave 1,Tier 1,Wave 1,73,One Spine Patient,1,14,C-D01,2026-07-22,Convert: ask for the next spine patient,Coty
85fd21cb-8cbc-4ead-9b3d-0cdbecdf7638,"AGHA INTERNAL MEDICINE AND ASSOCIATES, PC",Internal Medicine/PCP; Spine T1 – 14d,Tier 1,Wave 2,72,One Spine Patient,1,14,K-D08 swp,2026-08-17,Convert: ask for the next spine patient,Kristen
04ad9387-b1fe-45cd-bd14-73188de8e04a,Corewell Health-East,Internal Medicine/PCP; Spine T1 – 14d,Tier 1,Wave 2,72,One Spine Patient,1,14,K-D13 swp,2026-08-17,Convert: ask for the next spine patient,Kristen
44019f00-063b-4cdc-83d9-96ee51f8c6e3,Henry Ford Health Medical Center - Seven Mile Road,Internal Medicine/PCP; Spine T1 – 14d,Tier 1,Wave 2,72,One Spine Patient,1,14,K-D08 swp,2026-08-17,Convert: ask for the next spine patient,Kristen
6771a475-3022-40fd-9db9-b8e0291f7082,Henry Ford Warren Family Physicians,Internal Medicine/PCP; Spine T1 – 14d,Tier 1,Wave 2,72,One Spine Patient,1,14,K-D13 swp,2026-08-17,Convert: ask for the next spine patient,Kristen
60ee8106-1f15-4abf-95a1-c2184761b159,Huron Family Practice Center,Internal Medicine/PCP; Spine T1 – 14d,Tier 1,Wave 2,72,One Spine Patient,1,14,K-D16,2026-08-31,Convert: ask for the next spine patient,Kristen
9c2f2817-fae0-4fb0-b943-376aef6fc719,ROSE MEDICINE,Internal Medicine/PCP; Spine T1 – 14d,Tier 1,Wave 2,72,One Spine Patient,1,14,K-D10,2026-07-27,Convert: ask for the next spine patient,Kristen
b2290856-de23-4322-aabc-b2436529feac,Core Institute/Henry Ford Motor City Orthopedics & PT- Southfield,Orthopedic - PT; Spine T1 – 14d; Spine Wave 1,Tier 1,Wave 1,72,One Spine Patient,1,14,J-D06,2026-08-03,Convert: ask for the next spine patient,Jasmine
9d286e7b-6017-417c-8a6b-763fe942c9c2,COREWELL HEALTH  INTERNAL MEDICINE DEARBORN,Internal Medicine/PCP; Spine T1 – 14d; Spine Wave 1,Tier 1,Wave 1,72,One Spine Patient,1,14,J-D13,2026-09-14,Convert: ask for the next spine patient,Jasmine
68ceff67-99ac-4ef7-a162-918f93bbdf38,Livonia Family Medical Center,Internal Medicine/PCP; Spine T1 – 14d; Spine Wave 1,Tier 1,Wave 1,72,One Spine Patient,1,14,J-D04,2026-08-24,Convert: ask for the next spine patient,Jasmine
680822f2-58d4-4f67-b09b-01ccd6f95892,Roberts Orthopedic Services,Orthopedic Surgery; Spine T1 – 14d; Spine Wave 1,Tier 1,Wave 1,72,One Spine Patient,1,14,J-D14,2026-09-21,Convert: ask for the next spine patient,Jasmine
25a91d51-ca80-40cd-88ea-8b37beaa2ea8,Trinity Health IHA Medical Group Primary Care - Canton,Internal Medicine/PCP; Spine T1 – 14d; Spine Wave 1,Tier 1,Wave 1,72,One Spine Patient,1,14,J-D15,2026-09-07,Convert: ask for the next spine patient,Jasmine
6b70f9d5-4063-4208-85f4-1d780fabaacc,"Trinity Health IHA Medical Group, Primary Care - Southeast Livonia",Internal Medicine/PCP; Spine T1 – 14d; Spine Wave 1,Tier 1,Wave 1,72,One Spine Patient,1,14,J-D16 swp,2026-08-17,Convert: ask for the next spine patient,Jasmine
02e450b1-82e8-408a-a0a4-fa7af806ed2b,Brighton Internal Medicine,Internal Medicine/PCP; Spine T1 – 14d; Spine Wave 1,Tier 1,Wave 1,72,One Spine Patient,1,14,C-D13 swp,2026-08-17,Convert: ask for the next spine patient,Coty
8cef9fd7-931c-4e45-bf44-0cac47716f62,Community First Health Centers - New Haven,Internal Medicine/PCP; Spine T1 – 14d; Spine Wave 1,Tier 1,Wave 1,72,One Spine Patient,1,14,C-D02,2026-07-27,Convert: ask for the next spine patient,Coty
5e640eee-6b5a-442a-8222-bd81d0a228ec,Henry Ford St. John Center for Wellness,Internal Medicine/PCP; Spine T1 – 14d; Spine Wave 1,Tier 1,Wave 1,72,One Spine Patient,1,14,C-D05,2026-09-07,Convert: ask for the next spine patient,Coty
1992782320,Macomb Medical Clinic,Internal Medicine/PCP; Spine T1 – 14d; Spine Wave 1,Tier 1,Wave 1,72,One Spine Patient,1,14,C-D14,2026-09-21,Convert: ask for the next spine patient,Coty
fdefbf3e-907d-4d68-bbd3-2d70f4818b7a,Macomb Physicians Group,Neurology; Internal Medicine/PCP; Spine T1 – 14d; Spine Wave 1,Tier 1,Wave 1,72,One Spine Patient,1,14,C-D01,2026-07-22,Convert: ask for the next spine patient,Coty
1356443600,Preferred Medical Group,Internal Medicine/PCP; Physiatry; Spine T1 – 14d; Spine Wave 1,Tier 1,Wave 1,72,One Spine Patient,1,14,C-D04,2026-07-22,Convert: ask for the next spine patient,Coty
fc79eac0-6f20-44c3-84a9-e20d7068fe4e,Premier Private Physicians,Concierge Physicians; Spine T1 – 14d; Spine Wave 1,Tier 1,Wave 1,72,One Spine Patient,1,14,C-D15 swp,2026-08-17,Convert: ask for the next spine patient,Coty
9dfbaa38-07b2-4017-9d71-ff4cd2ce42f7,Brentwood Pediatric Associates,Pediatrician; Spine T1 – 14d,Tier 1,Wave 2,71,One Spine Patient,1,14,K-D08 swp,2026-08-17,Convert: ask for the next spine patient,Kristen
a5a045ce-889d-4018-81f5-3fd8d3d7af6b,"FERRIS, MARY C, MEDICAL GROUP",Kristen Strategic Account; Internal Medicine/PCP; Spine T1 – 14d,Tier 1,Wave 2,71,One Spine Patient,1,14,K-D13 swp,2026-08-17,Convert: ask for the next spine patient,Kristen
1073593174,Henry Ford Main Internal Medicine - Grosse Pointe,Internal Medicine/PCP; Spine T1 – 14d,Tier 1,Wave 2,71,One Spine Patient,1,14,K-D17 swp,2026-08-17,Convert: ask for the next spine patient,Kristen
9b2159ca-9617-4ade-8a25-85a92fcca972,Jefferson Family Practice (Cornerstone),Internal Medicine/PCP; Spine T1 – 14d,Tier 1,Wave 2,71,One Spine Patient,1,14,K-D17 swp,2026-08-17,Convert: ask for the next spine patient,Kristen
137ab9e0-c65d-4932-9dc5-f8b83b872e50,Michigan Neurology and Spine Center,Neurology; Pain Management; Spine T1 – 14d,Tier 1,Wave 2,71,One Spine Patient,1,14,K-D16,2026-08-31,Convert: ask for the next spine patient,Kristen
31b0544c-cc2c-4479-9df9-b11748ecefc7,Northpointe Pediatrics,Pediatrician; Spine T1 – 14d,Tier 1,Wave 2,71,One Spine Patient,1,14,K-D13 swp,2026-08-17,Convert: ask for the next spine patient,Kristen
1255427209,Swetech Medical Center,Internal Medicine/PCP; Spine T1 – 14d,Tier 1,Wave 2,71,One Spine Patient,1,14,K-D15 swp,2026-08-17,Convert: ask for the next spine patient,Kristen
48d727c6-d942-4dbb-b457-0839ac8e1b68,Corwell health orthopedics Canton,Ortho; Spine T1 – 14d; Spine Wave 1,Tier 1,Wave 1,71,One Spine Patient,1,14,J-D01,2026-07-27,Convert: ask for the next spine patient,Jasmine
73107e68-fc7f-46d0-bef4-ee26e9dc0099,Lakes Urgent Care - Livonia,Urgent care; Spine T1 – 14d; Spine Wave 1,Tier 1,Wave 1,71,One Spine Patient,1,14,J-D17,2026-08-10,Convert: ask for the next spine patient,Jasmine
1093985145,Bay Area Family Physicians,Internal Medicine/PCP; Spine T1 – 14d; Spine Wave 1,Tier 1,Wave 1,71,One Spine Patient,1,14,C-D02,2026-07-27,Convert: ask for the next spine patient,Coty
1760473094,Madison Medical Arts,Internal Medicine/PCP; Spine T1 – 14d; Spine Wave 1,Tier 1,Wave 1,71,One Spine Patient,1,14,C-D03,2026-07-22,Convert: ask for the next spine patient,Coty
7250fa4c-09c2-418b-94d4-8badec5b77f7,North Macomb Medical Associates,Internal Medicine/PCP; Spine T1 – 14d; Spine Wave 1,Tier 1,Wave 1,71,One Spine Patient,1,14,C-D02,2026-07-27,Convert: ask for the next spine patient,Coty
b1e60538-ff76-457b-a530-3647907b307b,Office of Josephine A. Iskander MD,Internal Medicine/PCP; Spine T1 – 14d; Spine Wave 1,Tier 1,Wave 1,71,One Spine Patient,1,14,C-D16 swp,2026-08-17,Convert: ask for the next spine patient,Coty
f9518cc9-e8e8-4517-8250-4768d176ee8c,Sudha Nannapaneni MD,Coty; Internal Medicine/PCP; Spine T1 – 14d; Spine Wave 1,Tier 1,Wave 1,71,One Spine Patient,1,14,C-D05,2026-09-07,Convert: ask for the next spine patient,Coty
ff61f8fa-5169-42e7-aafe-f189027c5f3a,ARBOR LANE FAMILY PHYSICIANS,Internal Medicine/PCP; Spine T1 – 14d,Tier 1,Wave 2,70,One Spine Patient,1,14,Backlog,Backlog (Oct+),Convert: ask for the next spine patient,Kristen
5eb6a409-5e7b-430f-a462-af3a919cfc22,Corewell Internal Medicine Southfield,Internal Medicine/PCP; Spine T1 – 14d,Tier 1,Wave 2,70,One Spine Patient,1,14,K-D02,2026-07-22,Convert: ask for the next spine patient,Kristen
a6779fd4-289a-49f7-8602-76dc1bf5764c,DEIGHTON FAMILY PRACTICE - use this one,Internal Medicine/PCP; Spine T1 – 14d,Tier 1,Wave 2,70,One Spine Patient,1,14,K-D06,2026-08-03,Convert: ask for the next spine patient,Kristen
f4a7f5a0-d8e0-49ff-874a-04f12057fc5f,"FAMILY CARE CENTER OF HAMTRAMCK, PC",Internal Medicine/PCP; Spine T1 – 14d,Tier 1,Wave 2,70,One Spine Patient,1,14,K-D17 swp,2026-08-17,Convert: ask for the next spine patient,Kristen
9021dee7-1935-4acc-9d3e-63f9e919459d,HENRY FORD MEDICAL CENTER FARMINGTON ROAD INTERNAL MEDICINE,Internal Medicine/PCP; Spine T1 – 14d,Tier 1,Wave 2,70,One Spine Patient,1,14,K-D11,2026-08-03,Convert: ask for the next spine patient,Kristen
b257a3dd-4296-4f0d-89f2-7d9f845a231e,John Mullally MD PC,Internal Medicine/PCP; Spine T1 – 14d,Tier 1,Wave 2,70,One Spine Patient,1,14,K-D16,2026-08-31,Convert: ask for the next spine patient,Kristen
e91e6824-c768-4d8f-a1d0-2c6cb005cc47,Lexington Family Medicine,Internal Medicine/PCP; Spine T1 – 14d,Tier 1,Wave 2,70,One Spine Patient,1,14,Backlog,Backlog (Oct+),Convert: ask for the next spine patient,Kristen
ea3dd183-15b5-491c-b6b5-55d6404f4a22,Lupo Chiropractic Center,Chiropractor; Spine T1 – 14d,Tier 1,Wave 2,70,One Spine Patient,1,14,K-D13 swp,2026-08-17,Convert: ask for the next spine patient,Kristen
3a600778-0104-4e04-b9d4-feb46e567bd7,Mitchell Medical Center,Internal Medicine/PCP; Spine T1 – 14d,Tier 1,Wave 2,70,One Spine Patient,1,14,K-D16,2026-08-31,Convert: ask for the next spine patient,Kristen
ba00dba0-20f9-440b-8df0-799ade91a785,ORCHARD PRIMARY CARE,Internal Medicine/PCP; Spine T1 – 14d,Tier 1,Wave 2,70,One Spine Patient,1,14,K-D02,2026-07-22,Convert: ask for the next spine patient,Kristen
4c053f65-6667-471a-9d5b-ee08b564d031,Physician HealthCare Network Urgent Care and Walk In- Fort Gratiot,Kristen Strategic Account; Internal Medicine/PCP; Urgent Cares; Spine T1 – 14d,Tier 1,Wave 2,70,One Spine Patient,1,14,Backlog,Backlog (Oct+),Convert: ask for the next spine patient,Kristen
f5f4f354-94f3-42a1-a3be-10f8a64cdaae,"PILLAY INTERNAL MEDICINE ASSOCIATES, PLLC",Internal Medicine/PCP; Spine T1 – 14d,Tier 1,Wave 2,70,One Spine Patient,1,14,K-D07,2026-07-27,Convert: ask for the next spine patient,Kristen
1245235654,Port Huron Medicine Associates,Kristen Strategic Account; Internal Medicine/PCP; Spine T1 – 14d,Tier 1,Wave 2,70,One Spine Patient,1,14,K-D16,2026-08-31,Convert: ask for the next spine patient,Kristen
97e1431f-4c5b-4ec4-b3a5-47267613937b,Rodnick Chiropractic,Chiropractor; Spine T1 – 14d,Tier 1,Wave 2,70,One Spine Patient,1,14,K-D07,2026-07-27,Convert: ask for the next spine patient,Kristen
7c32d0b4-c83f-4756-924c-9c8c74996a39,SHEIKH MEDICAL CENTER,Internal Medicine/PCP; Spine T1 – 14d,Tier 1,Wave 2,70,One Spine Patient,1,14,K-D01,2026-07-27,Convert: ask for the next spine patient,Kristen
297a710c-01f5-41e0-9ffc-d1df69e9329d,SOUTHFIELD MEDICAL CLINIC AND PREMIER URGENT CARE AND WALK IN CLINIC,Urgent care; Internal Medicine/PCP; Spine T1 – 14d,Tier 1,Wave 2,70,One Spine Patient,1,14,K-D06,2026-08-03,Convert: ask for the next spine patient,Kristen
940f0098-7ee4-47be-9425-5cd4bbc4dd0f,Team Rehabilitation  - Washington,Physical Therapy; Spine T1 – 14d,Tier 1,Wave 2,70,One Spine Patient,1,14,K-D15 swp,2026-08-17,Convert: ask for the next spine patient,Kristen
1255345930,Village Medical - Northville West,Internal Medicine/PCP; Spine T1 – 14d,Tier 1,Wave 2,70,One Spine Patient,1,14,K-D14,2026-09-21,Convert: ask for the next spine patient,Kristen
1da57554-aa50-483a-b1a8-060ff843ff7c,Wigod & Falzon,Attorney; Spine T1 – 14d,Tier 1,Wave 2,70,One Spine Patient,1,14,K-D10,2026-07-27,Convert: ask for the next spine patient,Kristen
ef22f4d0-c253-4bff-8a60-2a5eaa3168df,Yale Community Heath Center - VA Clinic,Kristen Strategic Account; Internal Medicine/PCP; Spine T1 – 14d,Tier 1,Wave 2,70,One Spine Patient,1,14,Backlog,Backlog (Oct+),Convert: ask for the next spine patient,Kristen
b1a9167c-0bb6-47bd-b50a-ff18a973875f,A1 Family Medicine,Internal Medicine/PCP; Spine T1 – 14d; Spine Wave 1,Tier 1,Wave 1,70,One Spine Patient,1,14,J-D18,2026-09-28,Convert: ask for the next spine patient,Jasmine
1689099f-fc6b-4174-9111-5dce70adbd66,"APOLLO HEALTH SERVICES, PC",Internal Medicine/PCP; Spine T1 – 14d; Spine Wave 1,Tier 1,Wave 1,70,One Spine Patient,1,14,J-D02,2026-07-22,Convert: ask for the next spine patient,Jasmine
61a031d7-889d-4b90-8391-8647f4be87ec,BEAUMONT FAMILY MEDICINE BELLEVILLE,Internal Medicine/PCP; Spine T1 – 14d; Spine Wave 1,Tier 1,Wave 1,70,One Spine Patient,1,14,J-D19,2026-08-03,Convert: ask for the next spine patient,Jasmine
1022591b-a2f2-47ed-a718-e764042f930d,Corewell Health Wayne Hospital Family Medicine -  Canton,Internal Medicine/PCP; Spine T1 – 14d; Spine Wave 1,Tier 1,Wave 1,70,One Spine Patient,1,14,J-D03,2026-08-03,Convert: ask for the next spine patient,Jasmine
a7a3d5c1-7a49-46bc-b9ad-08cbe9188e80,"DEARBORN FAMILY CLINIC, PC",Ortho; Internal Medicine/PCP; Spine T1 – 14d; Spine Wave 1,Tier 1,Wave 1,70,One Spine Patient,1,14,J-D07,2026-07-27,Convert: ask for the next spine patient,Jasmine
1578685921,Eastpointe Family Physicians,Internal Medicine/PCP; Spine T1 – 14d; Spine Wave 1,Tier 1,Wave 1,70,One Spine Patient,1,14,J-D05,2026-07-22,Convert: ask for the next spine patient,Jasmine
9e6bf540-edd8-4135-9b33-cef5e4fbcc2c,Karma Internists,Internal Medicine/PCP; Spine T1 – 14d; Spine Wave 1,Tier 1,Wave 1,70,One Spine Patient,1,14,J-D20,2026-08-10,Convert: ask for the next spine patient,Jasmine
a183eb7c-8d61-4470-8154-52f7dbff87b5,Barry S Meyer DO PC,Internal Medicine/PCP; Spine T1 – 14d; Spine Wave 1,Tier 1,Wave 1,70,One Spine Patient,1,14,C-D03,2026-07-22,Convert: ask for the next spine patient,Coty
8d70ed21-9cc0-4e04-a934-e01ab1155823,Epic Primary Care - Ferndale,Internal Medicine/PCP; Spine T1 – 14d; Spine Wave 1,Tier 1,Wave 1,70,One Spine Patient,1,14,C-D03,2026-07-22,Convert: ask for the next spine patient,Coty
e9338159-c4f0-4329-a188-50fd3d8a5ddb,EPIC Southfield - Telegraph Rd office,Internal Medicine/PCP; Spine T1 – 14d; Spine Wave 1,Tier 1,Wave 1,70,One Spine Patient,1,14,C-D17,2026-07-27,Convert: ask for the next spine patient,Coty
1841213436,Henry Ford Macomb Internal Medicine,Internal Medicine/PCP; Spine T1 – 14d; Spine Wave 1,Tier 1,Wave 1,70,One Spine Patient,1,14,C-D01,2026-07-22,Convert: ask for the next spine patient,Coty
1407867815,Office of Steven Trombly MD,Internal Medicine/PCP; Spine T1 – 14d; Spine Wave 1,Tier 1,Wave 1,70,One Spine Patient,1,14,C-D01,2026-07-22,Convert: ask for the next spine patient,Coty
c82c9d5d-f644-42a6-8149-43868624eb50,Rochester Medical Group,Podaitry; Internal Medicine/PCP; Spine T1 – 14d; Spine Wave 1,Tier 1,Wave 1,70,One Spine Patient,1,14,C-D18,2026-08-03,Convert: ask for the next spine patient,Coty
8c808cf3-9148-4a0b-8ea0-2d0882a9424e,Specialists in Rehabilitation Medicine,Physiatry; Physical Therapy; PA's; Spine T1 – 14d; Spine Wave 1,Tier 1,Wave 1,70,One Spine Patient,1,14,C-D19,2026-08-03,Convert: ask for the next spine patient,Coty
42b038b0-949b-46be-8843-e02868bb894a,Center For Hollistic Medicine,Hollistic Medicine; Spine T1 – 14d,Tier 1,Wave 2,69,One Spine Patient,1,14,K-D11,2026-08-03,Convert: ask for the next spine patient,Kristen
eab7d954-a523-466a-a75b-3eca7bf9c6d0,CoreMed - Commerce,Internal Medicine/PCP; Spine T1 – 14d,Tier 1,Wave 2,69,One Spine Patient,1,14,K-D07,2026-07-27,Convert: ask for the next spine patient,Kristen
4de0cfd4-93f7-4efa-a4ed-25a3ceaf173b,Greg Monroe DO PC,Internal Medicine/PCP; Spine T1 – 14d,Tier 1,Wave 2,69,One Spine Patient,1,14,Backlog,Backlog (Oct+),Convert: ask for the next spine patient,Kristen
905d0bbb-d935-4258-8a1e-2e30d0a25987,IHA UNION LAKE PEDIATRICS,Pediatrician; Spine T1 – 14d,Tier 1,Wave 2,69,One Spine Patient,1,14,K-D07,2026-07-27,Convert: ask for the next spine patient,Kristen
85043f4d-a0d7-448b-9a3d-e0943de69dd8,Jian Zu MD,Internal Medicine/PCP; Spine T1 – 14d,Tier 1,Wave 2,69,One Spine Patient,1,14,K-D03,2026-07-22,Convert: ask for the next spine patient,Kristen
6a6a4408-2a28-4e5b-aea6-b70d4b47d57c,Legacy Family Care,Internal Medicine/PCP; Spine T1 – 14d,Tier 1,Wave 2,69,One Spine Patient,1,14,K-D01,2026-07-27,Convert: ask for the next spine patient,Kristen
d62a30ae-10fe-4408-a2cc-7b0aa9422bb8,"MARY LEE, MD, PC",Internal Medicine/PCP; Spine T1 – 14d,Tier 1,Wave 2,69,One Spine Patient,1,14,K-D11,2026-08-03,Convert: ask for the next spine patient,Kristen
9db7de95-514d-45c7-8a73-449a08d1d590,Providence Park Pediatrics - Novi,Pediatrician; Spine T1 – 14d,Tier 1,Wave 2,69,One Spine Patient,1,14,K-D14,2026-09-21,Convert: ask for the next spine patient,Kristen
a1394f28-7761-4612-ab27-23681dcadac0,"TONI BALLITCH TRATE, DO, PC",Internal Medicine/PCP; Spine T1 – 14d,Tier 1,Wave 2,69,One Spine Patient,1,14,K-D14,2026-09-21,Convert: ask for the next spine patient,Kristen
e7b52c83-5403-4607-98fb-61ffa473ccc4,"TWIN LAKES MEDICAL ASSOCIATES, PC",Internal Medicine/PCP; Spine T1 – 14d,Tier 1,Wave 2,69,One Spine Patient,1,14,K-D09,2026-07-27,Convert: ask for the next spine patient,Kristen
03bf4090-11b2-4f44-94a5-662885cce913,Yale Family Care,Internal Medicine/PCP; Spine T1 – 14d,Tier 1,Wave 2,69,One Spine Patient,1,14,Backlog,Backlog (Oct+),Convert: ask for the next spine patient,Kristen
c4cc522a-15ee-4dcb-8312-cc7b7efdf995,Park Medical Center (Medicaid),Internal Medicine/PCP; Spine T1 – 14d; Spine Wave 1,Tier 1,Wave 1,69,One Spine Patient,1,14,J-D06,2026-08-03,Convert: ask for the next spine patient,Jasmine
d4c2e8cb-a4bb-454f-bc5c-8425cff6d293,PelHam Primary Care,Internal Medicine/PCP; Spine T1 – 14d; Spine Wave 1,Tier 1,Wave 1,69,One Spine Patient,1,14,J-D07,2026-07-27,Convert: ask for the next spine patient,Jasmine
cd5ff85f-ef03-49bb-bf33-ee98e3b500ec,Plymouth physical therapy services,Physical Therapy; Spine T1 – 14d; Spine Wave 1,Tier 1,Wave 1,69,One Spine Patient,1,14,J-D02,2026-07-22,Convert: ask for the next spine patient,Jasmine
3effe9bc-8576-4eee-ba7e-9bf99eb7d1fa,"TENNY INTERNAL MEDICINE, PLLC",Internal Medicine/PCP; Spine T1 – 14d; Spine Wave 1,Tier 1,Wave 1,69,One Spine Patient,1,14,J-D21,2026-08-10,Convert: ask for the next spine patient,Jasmine
1124006333,Cornerstone Internal Medicine,Internal Medicine/PCP; Spine T1 – 14d,Tier 1,Wave 2,69,One Spine Patient,1,14,C-D20,2026-08-10,Convert: ask for the next spine patient,Coty
a6831f2e-4f19-4f2d-bdb5-d732d5c81ce7,Epic Healthcare - Southfield,Internal Medicine/PCP; Spine T1 – 14d,Tier 1,Wave 2,69,One Spine Patient,1,14,C-D17,2026-07-27,Convert: ask for the next spine patient,Coty
be1474d8-c6ce-4792-bc96-a22bf4ce125d,McLaren Oakland Center for Spine & Pain Management,Pain Management; Spine T1 – 14d,Tier 1,Wave 2,69,One Spine Patient,1,14,C-D21,2026-08-10,Convert: ask for the next spine patient,Coty
23fb6135-419b-4880-ae64-4a97e9244f37,Oak Street Health - Eastgate,Internal Medicine/PCP; Spine T1 – 14d,Tier 1,Wave 2,69,One Spine Patient,1,14,C-D11,2026-08-03,Convert: ask for the next spine patient,Coty
26a4f321-2be3-4d5d-8cf6-335d1fd38f12,Ross Gilders Law,Attorney; Spine T1 – 14d,Tier 1,Wave 2,68,One Spine Patient,1,14,K-D06,2026-08-03,Convert: ask for the next spine patient,Kristen
f7eb2b6e-6864-4576-879b-81a2bb775cb1,Gratiot Family Medicine,Internal Medicine/PCP; Spine T1 – 14d,Tier 1,Wave 2,68,One Spine Patient,1,14,C-D06,2026-07-27,Convert: ask for the next spine patient,Coty
a8abc02a-95b9-4318-b876-60471f8fff0e,Premiere Pediatrics,Pediatrician; Spine T1 – 14d,Tier 1,Wave 2,68,One Spine Patient,1,14,C-D22,2026-08-10,Convert: ask for the next spine patient,Coty
57c8b393-1204-4def-8cf0-5461a39e5e14,Blue Water Urgent Care,Urgent Cares; Spine T1 – 14d,Tier 1,Wave 2,67,One Spine Patient,1,14,K-D16,2026-08-31,Convert: ask for the next spine patient,Kristen
1ddf5ef9-8562-4164-9faa-60a49c6aa066,Christensen Law,Attorney; Spine T1 – 14d,Tier 1,Wave 2,67,One Spine Patient,1,14,K-D01,2026-07-27,Convert: ask for the next spine patient,Kristen
95ae3078-f17c-44de-af58-d9fc8e58f4de,Dedicated Senior Medical Center - Warren,Ortho; Internal Medicine/PCP; Spine T2 – 21d,Tier 2,Wave 2,60,Ortho Referrer,0,21,J-D06,2026-08-03,Cross-sell: make a direct spine ask,Jasmine
22476694-35cd-4d2b-b17f-07cee1f1db4b,Henry Ford Health - Family Medicine 8 Mile Livonia,Internal Medicine/PCP; Spine T2 – 21d,Tier 2,Wave 2,59,Ortho Referrer,0,21,K-D01,2026-07-27,Cross-sell: make a direct spine ask,Kristen
bc73cba3-b59d-4259-8bb7-6129abd353ab,"WAYNE MEDICAL CENTER, PLLC",Internal Medicine/PCP; Spine T2 – 21d,Tier 2,Wave 2,59,Ortho Referrer,0,21,K-D05,2026-07-22,Cross-sell: make a direct spine ask,Kristen
74e299c3-f9b1-4d54-8e8d-b63af23ba7fd,Corewell Health Family Care of Novi,Internal Medicine/PCP; Spine T2 – 21d,Tier 2,Wave 2,59,Ortho Referrer,0,21,J-D20,2026-08-10,Cross-sell: make a direct spine ask,Jasmine
f8c5f64c-4cf6-463f-9090-68ac9735f08e,CoreWell Health Family Medicine,Internal Medicine/PCP; Spine T2 – 21d,Tier 2,Wave 2,59,Ortho Referrer,0,21,J-D18,2026-09-28,Cross-sell: make a direct spine ask,Jasmine
1c7828ed-eebc-45ad-a838-28fbb2264e48,Corewell Health Wayne Hospital Internal Medicine - Canton,Internal Medicine/PCP; Spine T2 – 21d,Tier 2,Wave 2,59,Ortho Referrer,0,21,J-D03,2026-08-03,Cross-sell: make a direct spine ask,Jasmine
1548224769,Office of Robert Brateman,Internal Medicine/PCP; Spine T2 – 21d,Tier 2,Wave 2,59,Ortho Referrer,0,21,Backlog,Backlog (Oct+),Cross-sell: make a direct spine ask,Jasmine
f56a8949-cb8d-4abd-8405-0a939eec72d2,Shaun Jayakar MD,Internal Medicine/PCP; Spine T2 – 21d,Tier 2,Wave 2,59,Ortho Referrer,0,21,C-D06,2026-07-27,Cross-sell: make a direct spine ask,Coty
1184660490,Internal Medicine & Primary Care Specialists- 1010,Internal Medicine/PCP; Spine T2 – 21d,Tier 2,Wave 2,58,Ortho Referrer,0,21,K-D07,2026-07-27,Cross-sell: make a direct spine ask,Kristen
1558340356,Legacy Family Medicine,Internal Medicine/PCP; Spine T2 – 21d,Tier 2,Wave 2,58,Ortho Referrer,0,21,Backlog,Backlog (Oct+),Cross-sell: make a direct spine ask,Kristen
d7144e2d-aac6-4f68-a775-78db28d6b445,Primal Recovery and PT,Physical Therapy; Sports Facilities; Spine T2 – 21d,Tier 2,Wave 2,58,Ortho Referrer,0,21,Backlog,Backlog (Oct+),Cross-sell: make a direct spine ask,Kristen
eca14fb7-48cb-4968-b258-b97a854b34c1,Patrick Kut MD PC,Internal Medicine/PCP; Spine T2 – 21d,Tier 2,Wave 2,57,Ortho Referrer,0,21,K-D16,2026-08-31,Cross-sell: make a direct spine ask,Kristen
63a72095-741a-43fe-b865-a1f6398ee484,"PRAVEEN MODI, MD, PC",Kristen Strategic Account; Internal Medicine/PCP; Spine T2 – 21d,Tier 2,Wave 2,57,Ortho Referrer,0,21,K-D05,2026-07-22,Cross-sell: make a direct spine ask,Kristen
bb55a71e-e12b-49be-9449-435cdc38cca4,Premier Pediatrics Dearborn Heights,Pediatrician; Spine T2 – 21d,Tier 2,Wave 2,57,Ortho Referrer,0,21,Backlog,Backlog (Oct+),Cross-sell: make a direct spine ask,Kristen
2f39cd70-3e7f-4323-8222-52b01a24c007,SUNNY PEDIATRICS AND FAMILY,Pediatrician; Spine T2 – 21d,Tier 2,Wave 2,56,Ortho Referrer,0,21,K-D05,2026-07-22,Cross-sell: make a direct spine ask,Kristen
ff1e6dda-d122-4127-b4fe-e380950051e4,Souva PT and Performance,Physical Therapy; Sports Facilities; Spine T2 – 21d,Tier 2,Wave 2,55,Ortho Referrer,0,21,Backlog,Backlog (Oct+),Cross-sell: make a direct spine ask,Kristen
cc9cf66d-2e3c-4e56-9aeb-85ba4b7e600c,Cornerstone St. Clair Internists,Kristen Strategic Account; Internal Medicine/PCP; Spine T2 – 21d,Tier 2,Wave 2,53,Ortho Referrer,0,21,Backlog,Backlog (Oct+),Cross-sell: make a direct spine ask,Kristen
045c37c9-22cf-4959-b217-ecbbf986a60c,Dr. Carley and Associates,Internal Medicine/PCP; Spine T2 – 21d,Tier 2,Wave 2,53,Ortho Referrer,0,21,Backlog,Backlog (Oct+),Cross-sell: make a direct spine ask,Kristen
8c2316fd-41e0-4fe5-b02a-8a481768ec08,Grosse Pointe Physicians and Surgeons,Internal Medicine/PCP; Spine T2 – 21d,Tier 2,Wave 2,53,Ortho Referrer,0,21,Backlog,Backlog (Oct+),Cross-sell: make a direct spine ask,Kristen
8afa43db-e543-40bf-9328-2479a24606d8,Internal Medicine Associates Port Huron,Internal Medicine/PCP; Spine T2 – 21d,Tier 2,Wave 2,53,Ortho Referrer,0,21,K-D16,2026-08-31,Cross-sell: make a direct spine ask,Kristen
2217eb9b-1f7c-434b-9c5f-77ebd185fb7c,iTest Health Family Medicine,Internal Medicine/PCP; Spine T2 – 21d,Tier 2,Wave 2,53,Ortho Referrer,0,21,Backlog,Backlog (Oct+),Cross-sell: make a direct spine ask,Kristen
4b1cacba-85fb-4f63-8660-c3314cf72677,Trinity IHA Primary Care - Schoolcraft Campus,Internal Medicine/PCP; Spine T2 – 21d,Tier 2,Wave 2,53,Ortho Referrer,0,21,K-D14,2026-09-21,Cross-sell: make a direct spine ask,Kristen
85d28577-5be8-4372-8c7e-9a349c62e50d,Dedicated senior Medical Center Detroit North,Internal Medicine/PCP; Spine T2 – 21d,Tier 2,Wave 2,53,Ortho Referrer,0,21,J-D11,2026-07-27,Cross-sell: make a direct spine ask,Jasmine
e0d8c74a-31fe-4da6-9aa4-6a2357088b6a,Freedom Medical Clinic (Trinity),Internal Medicine/PCP; Spine T2 – 21d,Tier 2,Wave 2,53,Ortho Referrer,0,21,J-D09,2026-07-22,Cross-sell: make a direct spine ask,Jasmine
b9dc6f52-5aa2-459e-98a8-79b4da67dc8a,WEST OAKLAND INTERNISTS,Internal Medicine/PCP; Spine T2 – 21d,Tier 2,Wave 2,53,Ortho Referrer,0,21,J-D08,2026-08-17,Cross-sell: make a direct spine ask,Jasmine
c6f8c7f7-2386-4788-9102-c4f9ebda94b8,Western Wayne Physicians - Livonia,Internal Medicine/PCP; Spine T2 – 21d,Tier 2,Wave 2,53,Ortho Referrer,0,21,J-D17,2026-08-10,Cross-sell: make a direct spine ask,Jasmine
3a5cf92c-ae21-4227-96ec-08c2968a5939,Henry Ford Health Medical Center (Ascension),Internal Medicine/PCP; Spine T2 – 21d,Tier 2,Wave 2,53,Ortho Referrer,0,21,C-D05,2026-09-07,Cross-sell: make a direct spine ask,Coty
1c5c4e69-60f0-4d66-a3ee-9a33e818a99b,Lakeside Internal Medicine,Internal Medicine/PCP; Spine T2 – 21d,Tier 2,Wave 2,53,Ortho Referrer,0,21,C-D11,2026-08-03,Cross-sell: make a direct spine ask,Coty
cac69af6-f814-4339-a4f4-d8cd7112ec3c,Silver Pine Medical Group - Sterling Heights,Kristen Strategic Account; Internal Medicine/PCP; Spine T2 – 21d,Tier 2,Wave 2,52,Ortho Referrer,0,21,Backlog,Backlog (Oct+),Cross-sell: make a direct spine ask,Kristen
1598941148,Sterling Family Medicine,Internal Medicine/PCP; Spine T2 – 21d,Tier 2,Wave 2,52,Ortho Referrer,0,21,K-D04,2026-08-10,Cross-sell: make a direct spine ask,Kristen
4dee089f-61d1-4d13-9fca-62b8d8ffc312,BN Nandish MD,Internal Medicine/PCP; Spine T2 – 21d,Tier 2,Wave 2,52,Ortho Referrer,0,21,J-D01,2026-07-27,Cross-sell: make a direct spine ask,Jasmine
92cc3682-defe-42ff-8ccd-0ff138c12b77,IHA Plymouth Primary Care,Internal Medicine/PCP; Spine T2 – 21d,Tier 2,Wave 2,52,Ortho Referrer,0,21,Backlog,Backlog (Oct+),Cross-sell: make a direct spine ask,Jasmine
a3906606-5f95-4b86-b5ca-235186bdde34,Office of Robert Vartabedian MD,Internal Medicine/PCP; Spine T2 – 21d,Tier 2,Wave 2,52,Ortho Referrer,0,21,Backlog,Backlog (Oct+),Cross-sell: make a direct spine ask,Jasmine
1790797207,Progressive Health Care,Internal Medicine/PCP; Spine T2 – 21d,Tier 2,Wave 2,52,Ortho Referrer,0,21,C-D04,2026-07-22,Cross-sell: make a direct spine ask,Coty
2a800701-496e-4bcf-b305-aa1a21a3c7ef,ASCENSION MEDICAL GROUP PROVIDENCE FAMILY AND ATHLETIC MEDICINE,Internal Medicine/PCP; Spine T2 – 21d,Tier 2,Wave 2,51,Ortho Referrer,0,21,K-D14,2026-09-21,Cross-sell: make a direct spine ask,Kristen
45376ca8-4cd3-43e5-945d-5f6309bac752,BEAUMONT FAMILY MEDICINE WESTLAND,Internal Medicine/PCP; Spine T2 – 21d,Tier 2,Wave 2,51,Ortho Referrer,0,21,Backlog,Backlog (Oct+),Cross-sell: make a direct spine ask,Kristen
a086480a-231f-4bcb-9889-891475aa37b8,Blue Water Internal Medicine PC,Internal Medicine/PCP; Spine T2 – 21d,Tier 2,Wave 2,51,Ortho Referrer,0,21,K-D16,2026-08-31,Cross-sell: make a direct spine ask,Kristen
f4e08b14-ec91-4b48-b82c-2c7f762bf721,Corewell Health Family Medicine - Farmington Hills,Internal Medicine/PCP; Spine T2 – 21d,Tier 2,Wave 2,51,Ortho Referrer,0,21,K-D03,2026-07-22,Cross-sell: make a direct spine ask,Kristen
3edb39b0-eee8-436d-b215-e28e186500be,Corewell Health Farmington Hills Hospital Family Medicine,Internal Medicine/PCP; Spine T2 – 21d,Tier 2,Wave 2,51,Ortho Referrer,0,21,K-D01,2026-07-27,Cross-sell: make a direct spine ask,Kristen
7db80555-4d31-47b0-904c-cd43fb08b2ee,Corewell Health Urgent Care - Garden City,Urgent Cares; Spine T2 – 21d,Tier 2,Wave 2,51,Ortho Referrer,0,21,Backlog,Backlog (Oct+),Cross-sell: make a direct spine ask,Kristen
5090dcdb-4928-46db-ad3f-6b5e013d2d53,Corewell Urgent Care - Allen Park,Urgent Cares; Spine T2 – 21d,Tier 2,Wave 2,51,Ortho Referrer,0,21,Backlog,Backlog (Oct+),Cross-sell: make a direct spine ask,Kristen
e81bc37f-2055-4c48-8e89-e2bca87d2f73,"FAMILY MEDICINE, PC",Internal Medicine/PCP; Spine T2 – 21d,Tier 2,Wave 2,51,Ortho Referrer,0,21,K-D03,2026-07-22,Cross-sell: make a direct spine ask,Kristen
9019b0af-745f-41ea-a4ab-4e72321359d9,Haller and Hug Internal Medicine,Internal Medicine/PCP; Spine T2 – 21d,Tier 2,Wave 2,51,Ortho Referrer,0,21,K-D14,2026-09-21,Cross-sell: make a direct spine ask,Kristen
a05c84d7-ae44-4f75-a80e-972ce19c5477,Hamtramck Community Medical Center,Internal Medicine/PCP; Spine T2 – 21d,Tier 2,Wave 2,51,Ortho Referrer,0,21,Backlog,Backlog (Oct+),Cross-sell: make a direct spine ask,Kristen
4854db87-cb06-45bd-9c8a-7a3e77cfa827,Henry Ford Internal & Family Medicine - Farmington Hills -170,Internal Medicine/PCP; Spine T2 – 21d,Tier 2,Wave 2,51,Ortho Referrer,0,21,K-D02,2026-07-22,Cross-sell: make a direct spine ask,Kristen
df60078e-201f-47fc-b9e3-dea78ab7c916,Ivy Rehab - Novi,Physical Therapy; Spine T2 – 21d,Tier 2,Wave 2,51,Ortho Referrer,0,21,K-D14,2026-09-21,Cross-sell: make a direct spine ask,Kristen
795ab9a0-8c97-4995-83b6-2fe8b10fcf2a,MDVip - Southfield,Concierge Physicians; Spine T2 – 21d,Tier 2,Wave 2,51,Ortho Referrer,0,21,K-D03,2026-07-22,Cross-sell: make a direct spine ask,Kristen
ad377c20-ff69-40a9-a224-4a5787ab13bb,MHP - West,Internal Medicine/PCP; Spine T2 – 21d,Tier 2,Wave 2,51,Ortho Referrer,0,21,K-D05,2026-07-22,Cross-sell: make a direct spine ask,Kristen
8d7b190e-e89f-4b22-b037-7042bcdd7579,MICHIGAN PREMIER INTERNISTS,Internal Medicine/PCP; Spine T2 – 21d,Tier 2,Wave 2,51,Ortho Referrer,0,21,K-D09,2026-07-27,Cross-sell: make a direct spine ask,Kristen
1134195258,Physician HealthCare Network,Kristen Strategic Account; Internal Medicine/PCP; Spine T2 – 21d,Tier 2,Wave 2,51,Ortho Referrer,0,21,Backlog,Backlog (Oct+),Cross-sell: make a direct spine ask,Kristen
6904e522-5104-4c29-ae02-e787473b0edf,Physician HeathCare Network - Michele Raymond DO,Kristen Strategic Account; Internal Medicine/PCP; Spine T2 – 21d,Tier 2,Wave 2,51,Ortho Referrer,0,21,K-D16,2026-08-31,Cross-sell: make a direct spine ask,Kristen
70091951-e0bd-42eb-9eb7-c5be5ce88649,Pryde Athletics and Physical Therapy,Kristen Strategic Account; Physical Therapy; Sports Facilities; Spine T2 – 21d,Tier 2,Wave 2,51,Ortho Referrer,0,21,K-D05,2026-07-22,Cross-sell: make a direct spine ask,Kristen
49af378b-9c15-4649-815d-958a79af2f84,Superior Family Medicine - Health Venters Detroit -use this onea,Internal Medicine/PCP; Spine T2 – 21d,Tier 2,Wave 2,51,Ortho Referrer,0,21,K-D06,2026-08-03,Cross-sell: make a direct spine ask,Kristen
16b28f94-4956-4a84-8936-0ae7dbe24994,Wadhams Family Care,Internal Medicine/PCP; Spine T2 – 21d,Tier 2,Wave 2,51,Ortho Referrer,0,21,Backlog,Backlog (Oct+),Cross-sell: make a direct spine ask,Kristen
88f17311-2f10-4d7d-b250-085575fb31c1,"IHA, Primary Care - Cherry Hill Village",Internal Medicine/PCP; Spine T2 – 21d,Tier 2,Wave 2,51,Ortho Referrer,0,21,J-D15,2026-09-07,Cross-sell: make a direct spine ask,Jasmine
131adcde-9fdc-45db-af94-831482a14212,ESSENTIAL CARE FAMILY MEDICINE,Internal Medicine/PCP; Spine T2 – 21d,Tier 2,Wave 2,51,Ortho Referrer,0,21,C-D05,2026-09-07,Cross-sell: make a direct spine ask,Coty
0e7f5d40-b8a0-4524-96a4-2229c7d1e5e7,MD VIP - Trenton,Concierge Physicians; Internal Medicine/PCP; Spine T2 – 21d,Tier 2,Wave 2,50,Ortho Referrer,0,21,Backlog,Backlog (Oct+),Cross-sell: make a direct spine ask,Jasmine
1972528818,Levan Internists,Internal Medicine/PCP; Nephrology; Spine T2 – 21d,Tier 2,Wave 2,50,Ortho Referrer,0,21,C-D12,2026-07-27,Cross-sell: make a direct spine ask,Coty
7adfcce2-7d98-4f4d-aaa5-95eb30889397,Marko Law,Attorney; Spine T2 – 21d,Tier 2,Wave 2,49,Ortho Referrer,0,21,Backlog,Backlog (Oct+),Cross-sell: make a direct spine ask,Kristen
1d453948-16d6-4da0-a7d9-80b603bedb9b,Michigan Urgent Care - Livonia,Urgent care; Ortho; Urgent Cares; Spine T2 – 21d,Tier 2,Wave 2,49,Ortho Referrer,0,21,Backlog,Backlog (Oct+),Cross-sell: make a direct spine ask,Jasmine
08777e8a-5ca0-4abd-8ad4-d8f4fbbacc9c,Primecare of Novi,Pain; Internal Medicine/PCP; Spine T2 – 21d,Tier 2,Wave 2,49,Ortho Referrer,0,21,Backlog,Backlog (Oct+),Cross-sell: make a direct spine ask,Jasmine
e5c5b135-ecad-42bb-bbbc-011dd2c4a225,Trinity IHA Orthopedics - Schoolcraft,Ortho; Spine T2 – 21d,Tier 2,Wave 2,49,Ortho Referrer,0,21,Backlog,Backlog (Oct+),Cross-sell: make a direct spine ask,Jasmine
60ca59a0-452f-4fea-8aff-cf4ef63862b7,Village Medical - Novi,Pain; Internal Medicine/PCP; Pediatrician; Spine T2 – 21d,Tier 2,Wave 2,49,Ortho Referrer,0,21,J-D08,2026-08-17,Cross-sell: make a direct spine ask,Jasmine
59a078a4-145e-43bb-8052-a1ff32814d1e,Associated Orthopedists of Detroit-Shelby Township,Orthopedic Surgery; Spine T2 – 21d,Tier 2,Wave 2,49,Ortho Referrer,0,21,Backlog,Backlog (Oct+),Cross-sell: make a direct spine ask,Coty
04-330-7414,Beverly Hills Internal Medicine,Internal Medicine/PCP; Spine T2 – 21d,Tier 2,Wave 2,48,Ortho Referrer,0,21,K-D09,2026-07-27,Cross-sell: make a direct spine ask,Kristen
97837698-b314-4e35-a9af-a63d6305dc5b,Blue Water Urgent Care - Port Huron,Urgent Cares; Spine T2 – 21d,Tier 2,Wave 2,48,Ortho Referrer,0,21,Backlog,Backlog (Oct+),Cross-sell: make a direct spine ask,Kristen
4182fa5f-6d87-4037-9102-1014f5d60056,GROSSE POINTE PARK INTERNAL MEDICINE CENTER,Internal Medicine/PCP; Spine T2 – 21d,Tier 2,Wave 2,48,Ortho Referrer,0,21,Backlog,Backlog (Oct+),Cross-sell: make a direct spine ask,Kristen
297c1d83-ce5b-4ce5-b393-97b656f9b2c7,METROPOLITAN MEDICAL ASSOCIATES,Internal Medicine/PCP; Spine T2 – 21d,Tier 2,Wave 2,48,Ortho Referrer,0,21,Backlog,Backlog (Oct+),Cross-sell: make a direct spine ask,Kristen
7e594070-5f19-4b0e-982f-f339ee92109c,Village Medical Wayne,Internal Medicine/PCP; Spine T2 – 21d,Tier 2,Wave 2,48,Ortho Referrer,0,21,K-D05,2026-07-22,Cross-sell: make a direct spine ask,Kristen
461fe196-5467-4d92-bec8-0125858453c8,Dedicated Senior Medical Center - Eastpointe,Internal Medicine/PCP; Geriatrics; Spine T2 – 21d,Tier 2,Wave 2,48,Ortho Referrer,0,21,J-D05,2026-07-22,Cross-sell: make a direct spine ask,Jasmine
9d72636b-2e2d-4e54-b69a-aab72e18f8a9,Family Care Physicians PC,Internal Medicine/PCP; Spine T2 – 21d,Tier 2,Wave 2,48,Ortho Referrer,0,21,Backlog,Backlog (Oct+),Cross-sell: make a direct spine ask,Jasmine
10a3ca46-32f2-472e-99d9-39f7c9e3bde3,PROVIDENCE PARK LIVONIA FAMILY MEDICINE,Internal Medicine/PCP; Spine T2 – 21d,Tier 2,Wave 2,48,Ortho Referrer,0,21,J-D17,2026-08-10,Cross-sell: make a direct spine ask,Jasmine
5fcd802e-4f68-4425-8e82-e66edfaa3720,Trinity Health Orthopedic group-Ypsilanti,Hospitalist; Orthopedic Surgery; Spine T2 – 21d,Tier 2,Wave 2,48,Ortho Referrer,0,21,Backlog,Backlog (Oct+),Cross-sell: make a direct spine ask,Jasmine
cfa43a87-0a00-4e16-8816-57177ce29fb3,Alliance - Macomb,Internal Medicine/PCP; Spine T2 – 21d,Tier 2,Wave 2,48,Ortho Referrer,0,21,Backlog,Backlog (Oct+),Cross-sell: make a direct spine ask,Coty
1528076619,Barclay Internists,Internal Medicine/PCP; Spine T2 – 21d,Tier 2,Wave 2,48,Ortho Referrer,0,21,Backlog,Backlog (Oct+),Cross-sell: make a direct spine ask,Coty
81c6691d-f02d-49d9-940d-49ca3462c7fa,Beaumont Associated Family Care - Warren,Internal Medicine/PCP; Spine T2 – 21d,Tier 2,Wave 2,48,Ortho Referrer,0,21,Backlog,Backlog (Oct+),Cross-sell: make a direct spine ask,Coty
a7f38558-5076-4a5b-9bd2-68b110ff29c1,Corewell Health Family Medicine -SAINT CLAIR SHORES,Internal Medicine/PCP; Spine T2 – 21d,Tier 2,Wave 2,48,Ortho Referrer,0,21,C-D05,2026-09-07,Cross-sell: make a direct spine ask,Coty
94e41be8-c824-4bbd-8119-47ffbb084071,Corewell Health Medical Group East,Internal Medicine/PCP; PCP; Spine T2 – 21d,Tier 2,Wave 2,48,Ortho Referrer,0,21,C-D05,2026-09-07,Cross-sell: make a direct spine ask,Coty
2ce334a8-959e-4c7d-9b94-f3d5cb4183a3,Corewell Internal Medicine Midway,Internal Medicine/PCP; Spine T2 – 21d,Tier 2,Wave 2,48,Ortho Referrer,0,21,C-D18,2026-08-03,Cross-sell: make a direct spine ask,Coty
5eb36bb9-fcd1-4d12-be8d-6cc4527f5a13,"GREAT LAKE PHYSICIANS, PC",Spine; Spine T2 – 21d,Tier 2,Wave 2,48,Ortho Referrer,0,21,C-D10,2026-09-14,Cross-sell: make a direct spine ask,Coty
302019e4-0b7f-4f55-bdca-192920804d63,Meadowbrook Internists,Internal Medicine/PCP; Spine T2 – 21d,Tier 2,Wave 2,48,Ortho Referrer,0,21,Backlog,Backlog (Oct+),Cross-sell: make a direct spine ask,Coty
1053422006,Oakland Internal Medicine Associates - Henry Ford,Internal Medicine/PCP; Spine T2 – 21d,Tier 2,Wave 2,48,Ortho Referrer,0,21,C-D09,2026-08-31,Cross-sell: make a direct spine ask,Coty
7949ef7e-580c-41cc-b7ee-5a5d6dadc605,Precise Chiropractic,Chiropractor; Spine T2 – 21d,Tier 2,Wave 2,48,Ortho Referrer,0,21,Backlog,Backlog (Oct+),Cross-sell: make a direct spine ask,Coty
b95fc8ff-585a-4d2e-9aae-c2ea0fd1b50c,Prism Medical Group - Family Medicine Ste 240,Internal Medicine/PCP; Spine T2 – 21d,Tier 2,Wave 2,48,Ortho Referrer,0,21,Backlog,Backlog (Oct+),Cross-sell: make a direct spine ask,Coty
c80937d7-1504-43ae-af51-bb0f13603168,Troy Health Center,Internal Medicine/PCP; Spine T2 – 21d,Tier 2,Wave 2,48,Ortho Referrer,0,21,C-D14,2026-09-21,Cross-sell: make a direct spine ask,Coty
e160ee5a-9916-41e2-b0c6-e2dae5007a6e,Troy Primary Care,Internal Medicine/PCP; Spine T2 – 21d,Tier 2,Wave 2,48,Ortho Referrer,0,21,C-D04,2026-07-22,Cross-sell: make a direct spine ask,Coty
235de96a-2ae5-47a2-bf9a-8379e846684a,Urgent Care Family,Urgent care; Internal Medicine/PCP; Spine T2 – 21d,Tier 2,Wave 2,48,Ortho Referrer,0,21,C-D01,2026-07-22,Cross-sell: make a direct spine ask,Coty
d96ab765-7e8d-447c-b9a1-72f2bcda2283,Vital Medicine,Internal Medicine/PCP; Spine T2 – 21d,Tier 2,Wave 2,48,Ortho Referrer,0,21,C-D10,2026-09-14,Cross-sell: make a direct spine ask,Coty
31a45584-b284-4569-b97c-27016e2c1362,Dr. Robin’s Heath and Wellness Center,Internal Medicine/PCP; Spine T2 – 21d,Tier 2,Wave 2,47,Ortho Referrer,0,21,Backlog,Backlog (Oct+),Cross-sell: make a direct spine ask,Kristen
522bb9a7-68be-41af-9408-b29b136875e0,Health Care Medical Center,Internal Medicine/PCP; Spine T2 – 21d,Tier 2,Wave 2,47,Ortho Referrer,0,21,Backlog,Backlog (Oct+),Cross-sell: make a direct spine ask,Kristen
b1d08ae6-47db-4f5e-ae59-860765486ca0,Mark Sisson Law,Attorney; Spine T2 – 21d,Tier 2,Wave 2,47,Ortho Referrer,0,21,K-D10,2026-07-27,Cross-sell: make a direct spine ask,Kristen
c53a52e1-de9e-438f-87b9-f80c5bf3c183,NICOLOFF HOLISTIC FAMILY MEDICINE,Hollistic Medicine; Internal Medicine/PCP; Spine T2 – 21d,Tier 2,Wave 2,47,Ortho Referrer,0,21,Backlog,Backlog (Oct+),Cross-sell: make a direct spine ask,Kristen
1013009901,Plumbrook Medical Center,Internal Medicine/PCP; Spine T2 – 21d,Tier 2,Wave 2,47,Ortho Referrer,0,21,K-D04,2026-08-10,Cross-sell: make a direct spine ask,Kristen
24230075-46f5-44cf-bd8f-deb5f276aa99,ACADEMIC INTERNAL MEDICINE SPECIALISTS,Internal Medicine/PCP; Spine T2 – 21d,Tier 2,Wave 2,47,Ortho Referrer,0,21,J-D14,2026-09-21,Cross-sell: make a direct spine ask,Jasmine
ce969d89-5e72-4361-9024-039ad31f5bc3,CENTER FOR INTERNAL MEDICINE CONTINUITY CLINIC,Internal Medicine/PCP; Spine T2 – 21d,Tier 2,Wave 2,47,Ortho Referrer,0,21,Backlog,Backlog (Oct+),Cross-sell: make a direct spine ask,Jasmine
fc1455cf-74a6-4b97-b05f-e677351745de,MI Express Urgent Care,Urgent care; Ortho; Urgent Cares; Spine T2 – 21d,Tier 2,Wave 2,47,Ortho Referrer,0,21,Backlog,Backlog (Oct+),Cross-sell: make a direct spine ask,Jasmine
3d10a23f-49c8-4b30-b87f-ae7465e0f588,Tri County Neurology,Neurology; Spine T2 – 21d,Tier 2,Wave 2,47,Ortho Referrer,0,21,J-D06,2026-08-03,Cross-sell: make a direct spine ask,Jasmine
400aeb1f-6186-4eb7-98c8-0544491af836,UofM Canton Health Center General Medicine,Internal Medicine/PCP; Spine T2 – 21d,Tier 2,Wave 2,47,Ortho Referrer,0,21,J-D18,2026-09-28,Cross-sell: make a direct spine ask,Jasmine
b0dd30c7-d622-45a0-afcc-00519e73eca3,Belamedica,Internal Medicine/PCP; Spine T2 – 21d,Tier 2,Wave 2,47,Ortho Referrer,0,21,Backlog,Backlog (Oct+),Cross-sell: make a direct spine ask,Coty
67778aa6-f0ab-4aac-80f9-0de0c25b2ac8,Cornerstone Garfield Family Practice - Ascension,Internal Medicine/PCP; Spine T2 – 21d,Tier 2,Wave 2,47,Ortho Referrer,0,21,C-D08,2026-08-24,Cross-sell: make a direct spine ask,Coty
58979922-388f-454f-97f0-c730f11f6434,Hope Medical Center,Internal Medicine/PCP; Spine T2 – 21d,Tier 2,Wave 2,47,Ortho Referrer,0,21,Backlog,Backlog (Oct+),Cross-sell: make a direct spine ask,Coty
1720079437,John R Medical Clinic,Internal Medicine/PCP; Spine T2 – 21d,Tier 2,Wave 2,47,Ortho Referrer,0,21,C-D03,2026-07-22,Cross-sell: make a direct spine ask,Coty
1265482095,Normandy Family Practice,Internal Medicine/PCP; Spine T2 – 21d,Tier 2,Wave 2,47,Ortho Referrer,0,21,Backlog,Backlog (Oct+),Cross-sell: make a direct spine ask,Coty
1700883345,Premier Family Physicians,PCP; Spine T2 – 21d,Tier 2,Wave 2,47,Ortho Referrer,0,21,C-D06,2026-07-27,Cross-sell: make a direct spine ask,Coty
2e8aa328-e0cf-478e-8b39-00f6628c15ac,Prism Medical Group - Internal Medicine,Internal Medicine/PCP; Spine T2 – 21d,Tier 2,Wave 2,47,Ortho Referrer,0,21,Backlog,Backlog (Oct+),Cross-sell: make a direct spine ask,Coty
1154434975,Shores Internal Medicine,Internal Medicine/PCP; Spine T2 – 21d,Tier 2,Wave 2,47,Ortho Referrer,0,21,C-D05,2026-09-07,Cross-sell: make a direct spine ask,Coty
617ab041-696a-4d5d-92bd-eb43c5eb4276,ALLEN PARK FAMILY PHYSICIANS,Internal Medicine/PCP; Spine T2 – 21d,Tier 2,Wave 2,46,Ortho Referrer,0,21,Backlog,Backlog (Oct+),Cross-sell: make a direct spine ask,Kristen
2042f8c4-062b-497d-93cd-a5501bc57707,APH - Pavillion IM Use this one,Internal Medicine/PCP; Spine T2 – 21d,Tier 2,Wave 2,46,Ortho Referrer,0,21,K-D06,2026-08-03,Cross-sell: make a direct spine ask,Kristen
7f38b648-2666-44e3-ad8a-135b873364c5,BASEL BRIKHO MEDICAL GROUP - use this one,Internal Medicine/PCP; Spine T2 – 21d,Tier 2,Wave 2,46,Ortho Referrer,0,21,K-D04,2026-08-10,Cross-sell: make a direct spine ask,Kristen
1841257029,Bully Family Physicians,Internal Medicine/PCP; Spine T2 – 21d,Tier 2,Wave 2,46,Ortho Referrer,0,21,K-D03,2026-07-22,Cross-sell: make a direct spine ask,Kristen
1a773df8-9f15-454d-a12a-8fd6751d4903,"CHARLES G GODOSHIAN, MD, PC",Internal Medicine/PCP; Spine T2 – 21d,Tier 2,Wave 2,46,Ortho Referrer,0,21,K-D10,2026-07-27,Cross-sell: make a direct spine ask,Kristen
2ac1e0f1-866e-4ffa-a132-1099d6d87433,Croswell Clinic - McKenzie Health System,Internal Medicine/PCP; Spine T2 – 21d,Tier 2,Wave 2,46,Ortho Referrer,0,21,Backlog,Backlog (Oct+),Cross-sell: make a direct spine ask,Kristen
85ababc7-e294-4225-8cc7-28b8a5b1b9e2,Henry Ford Internists - Farmington Hills 150,Internal Medicine/PCP; Spine T2 – 21d,Tier 2,Wave 2,46,Ortho Referrer,0,21,K-D02,2026-07-22,Cross-sell: make a direct spine ask,Kristen
74b8c0cb-3736-44a0-9158-3b8106c9c58f,IPHCA,Internal Medicine/PCP; Spine T2 – 21d,Tier 2,Wave 2,46,Ortho Referrer,0,21,K-D07,2026-07-27,Cross-sell: make a direct spine ask,Kristen
b4513fe8-6a5e-436a-8c89-648ea99ad482,Lake Huron Medical Center - Fort Gratiot,Internal Medicine/PCP; Spine T2 – 21d,Tier 2,Wave 2,46,Ortho Referrer,0,21,Backlog,Backlog (Oct+),Cross-sell: make a direct spine ask,Kristen
078d2fa6-e81c-41d1-95f2-04234d511192,Legend Health - Now One Health,Internal Medicine/PCP; Spine T2 – 21d,Tier 2,Wave 2,46,Ortho Referrer,0,21,K-D10,2026-07-27,Cross-sell: make a direct spine ask,Kristen
292b69e3-3f35-422f-a60b-87c0ddf678d1,McLaren Port Huron Fort Gratiot Internal Medicine,Internal Medicine/PCP; Spine T2 – 21d,Tier 2,Wave 2,46,Ortho Referrer,0,21,Backlog,Backlog (Oct+),Cross-sell: make a direct spine ask,Kristen
1972588259,Millenium Associated Physicians - 130A,Kristen Strategic Account; Internal Medicine/PCP; Spine T2 – 21d,Tier 2,Wave 2,46,Ortho Referrer,0,21,K-D11,2026-08-03,Cross-sell: make a direct spine ask,Kristen
27e5353b-7c0d-406b-be13-0d0eb3c3e200,Millennium Affiliated Physicians - 130B,Internal Medicine/PCP; Spine T2 – 21d,Tier 2,Wave 2,46,Ortho Referrer,0,21,K-D11,2026-08-03,Cross-sell: make a direct spine ask,Kristen
81f49d59-3845-4c1e-8a21-7b2a067375e5,Oakland Integrated Healthcare Network,Internal Medicine/PCP; Spine T2 – 21d,Tier 2,Wave 2,46,Ortho Referrer,0,21,K-D09,2026-07-27,Cross-sell: make a direct spine ask,Kristen
81d28e80-f8a8-4a1f-a027-35e8a21e8366,Pavilion Family Practice - use this one,Internal Medicine/PCP; Spine T2 – 21d,Tier 2,Wave 2,46,Ortho Referrer,0,21,K-D06,2026-08-03,Cross-sell: make a direct spine ask,Kristen
f6ae01d5-e2aa-485f-93b1-7586e5fdcd26,Physician HeathCare Network - Marysville,Internal Medicine/PCP; Spine T2 – 21d,Tier 2,Wave 2,46,Ortho Referrer,0,21,Backlog,Backlog (Oct+),Cross-sell: make a direct spine ask,Kristen
ea50a287-34fb-4325-8a2e-5ba156145624,Plymouth Urgent Care,Urgent Cares; Spine T2 – 21d,Tier 2,Wave 2,46,Ortho Referrer,0,21,K-D05,2026-07-22,Cross-sell: make a direct spine ask,Kristen
23ff4711-fcf4-4eb3-bd86-aa07b5332791,Premier Internists - Suite 180,Internal Medicine/PCP; Spine T2 – 21d,Tier 2,Wave 2,46,Ortho Referrer,0,21,K-D11,2026-08-03,Cross-sell: make a direct spine ask,Kristen
e07e12c2-6f7f-48ec-bcea-556f883be0ea,Purdy Chiropractic Center,Chiropractor; Spine T2 – 21d,Tier 2,Wave 2,46,Ortho Referrer,0,21,K-D04,2026-08-10,Cross-sell: make a direct spine ask,Kristen
227a3faf-d636-4f07-adbf-db1d49776b27,Troy Internal Medicine,Kristen Strategic Account; Internal Medicine/PCP; Spine T2 – 21d,Tier 2,Wave 2,46,Ortho Referrer,0,21,K-D04,2026-08-10,Cross-sell: make a direct spine ask,Kristen
ff31198c-887e-4720-94cd-4d7fb158d9b5,WESTLAND CLINIC - use,Internal Medicine/PCP; Spine T2 – 21d,Tier 2,Wave 2,46,Ortho Referrer,0,21,Backlog,Backlog (Oct+),Cross-sell: make a direct spine ask,Kristen
930e15d8-29b2-49a1-be3d-7eae0da7dc41,"BADHWAR ASSOCIATES, MD, PC",Internal Medicine/PCP; Spine T2 – 21d,Tier 2,Wave 2,46,Ortho Referrer,0,21,Backlog,Backlog (Oct+),Cross-sell: make a direct spine ask,Jasmine
4328f444-1a86-4fbb-9849-e8a159cce3e2,Michigan Primary Care - Eastpointe,Internal Medicine/PCP; Spine T2 – 21d,Tier 2,Wave 2,46,Ortho Referrer,0,21,J-D05,2026-07-22,Cross-sell: make a direct spine ask,Jasmine
1710940242,Office of Jeff The DO,Internal Medicine/PCP; Spine T2 – 21d,Tier 2,Wave 2,46,Ortho Referrer,0,21,Backlog,Backlog (Oct+),Cross-sell: make a direct spine ask,Jasmine
24639120-4fbe-4135-8d9e-1409bb0fd8cb,Clarkston Medical Group,Internal Medicine/PCP; Spine T2 – 21d,Tier 2,Wave 2,46,Ortho Referrer,0,21,Backlog,Backlog (Oct+),Cross-sell: make a direct spine ask,Coty
b24ac823-2845-4622-ad3b-eb46f7171bbb,Clarkston Medical Group Adult & Pediatric Medicine,Coty; Internal Medicine/PCP; Spine T2 – 21d,Tier 2,Wave 2,46,Ortho Referrer,0,21,C-D21,2026-08-10,Cross-sell: make a direct spine ask,Coty
1699828632,MHP Internal Medicine,Internal Medicine/PCP; Spine T2 – 21d,Tier 2,Wave 2,46,Ortho Referrer,0,21,C-D03,2026-07-22,Cross-sell: make a direct spine ask,Coty
1932288693,Physicians in Family Medicine,Internal Medicine/PCP; Spine T2 – 21d,Tier 2,Wave 2,46,Ortho Referrer,0,21,Backlog,Backlog (Oct+),Cross-sell: make a direct spine ask,Coty
865f8b49-ce19-4ffd-8643-a755635f6ccc,"TRENTON TOTAL HEALTH CARE CENTER, PC",Ortho; Spine T2 – 21d,Tier 2,Wave 2,46,Ortho Referrer,0,21,Backlog,Backlog (Oct+),Cross-sell: make a direct spine ask,Coty
b674ee01-88b6-42e2-8d45-e1de4891ab56,Limitless Physical Therapy and Performance,Physical Therapy; Spine T2 – 21d,Tier 2,Wave 2,45,Ortho Referrer,0,21,K-D09,2026-07-27,Cross-sell: make a direct spine ask,Kristen
01-484-0595,Neil King Physical Therapy,Physical Therapy; Spine T2 – 21d,Tier 2,Wave 2,45,Ortho Referrer,0,21,K-D04,2026-08-10,Cross-sell: make a direct spine ask,Kristen
e5e6ea92-d9c9-49c0-b1f3-b645b04e1adb,WELL BEING PEDIATRICS,Pediatrician; Spine T2 – 21d,Tier 2,Wave 2,45,Ortho Referrer,0,21,K-D14,2026-09-21,Cross-sell: make a direct spine ask,Kristen
edf56788-9b9d-4f4d-a93a-59a09f7cb794,"WEST BLOOMFIELD INTERNAL MEDICINE, PLLC",Internal Medicine/PCP; Spine T2 – 21d,Tier 2,Wave 2,45,Ortho Referrer,0,21,K-D11,2026-08-03,Cross-sell: make a direct spine ask,Kristen
1356380513,Care Medical Clinic of Canton,Internal Medicine/PCP; Spine T2 – 21d,Tier 2,Wave 2,45,Ortho Referrer,0,21,J-D18,2026-09-28,Cross-sell: make a direct spine ask,Jasmine
1326021262,City Medical - Southgate,Internal Medicine/PCP; Spine T2 – 21d,Tier 2,Wave 2,45,Ortho Referrer,0,21,Backlog,Backlog (Oct+),Cross-sell: make a direct spine ask,Jasmine
3a2a1db5-c1c4-41cd-a7f3-b4e0b388e268,Corwell internal medicine and primary care,Internal Medicine/PCP; Spine T2 – 21d,Tier 2,Wave 2,45,Ortho Referrer,0,21,Backlog,Backlog (Oct+),Cross-sell: make a direct spine ask,Jasmine
931a0b27-6417-43b6-a15a-c3eac7f8203a,"MEDICAL GROUP PRACTICE, PC (Olympia health)",Jasmine's unrelated; Internal Medicine/PCP; Spine T2 – 21d,Tier 2,Wave 2,45,Ortho Referrer,0,21,J-D04,2026-08-24,Cross-sell: make a direct spine ask,Jasmine
a5a464ab-73df-48e0-8f49-b80f6b89fc6b,Schaefer Medical,Internal Medicine/PCP; Spine T2 – 21d,Tier 2,Wave 2,45,Ortho Referrer,0,21,Backlog,Backlog (Oct+),Cross-sell: make a direct spine ask,Jasmine
4e57efb6-1ae9-4171-ac14-4be29705805c,"TERRY D HOWELL, MD, PC",Internal Medicine/PCP; Spine T2 – 21d,Tier 2,Wave 2,45,Ortho Referrer,0,21,Backlog,Backlog (Oct+),Cross-sell: make a direct spine ask,Jasmine
3b5d6ffd-3a5a-4ccd-b656-e2340f7c8ea5,The family Doc,Internal Medicine/PCP; Spine T2 – 21d,Tier 2,Wave 2,45,Ortho Referrer,0,21,J-D11,2026-07-27,Cross-sell: make a direct spine ask,Jasmine
607852d7-cb70-46f8-ac4a-ed6f36b0acf9,Wayne Primary Care and Walk In,Internal Medicine/PCP; Urgent Cares; Spine T2 – 21d,Tier 2,Wave 2,45,Ortho Referrer,0,21,J-D02,2026-07-22,Cross-sell: make a direct spine ask,Jasmine
1902134794,Henry Ford Macomb Health Center - Fraser,Internal Medicine/PCP; Spine T2 – 21d,Tier 2,Wave 2,45,Ortho Referrer,0,21,C-D11,2026-08-03,Cross-sell: make a direct spine ask,Coty
0da678d4-9648-4315-8770-fb6768c5c2ea,Springfield Urgent Care - Hamburg,Urgent Cares; Spine T2 – 21d,Tier 2,Wave 2,45,Ortho Referrer,0,21,Backlog,Backlog (Oct+),Cross-sell: make a direct spine ask,Coty
6185c99b-b972-4582-aac1-b784f9730bb5,Team Rehab - SMA Bloomfield Hills,Physical Therapy; Spine T2 – 21d,Tier 2,Wave 2,44,Ortho Referrer,0,21,K-D09,2026-07-27,Cross-sell: make a direct spine ask,Kristen
31fe13d8-1060-4c98-bf75-61f09e803121,PEDIATRIC AND ADOLESCENT CENTER,Pediatrician; Spine T2 – 21d,Tier 2,Wave 2,44,Ortho Referrer,0,21,Backlog,Backlog (Oct+),Cross-sell: make a direct spine ask,Jasmine
1376594887,Corondan Medical,Internal Medicine/PCP; Spine T2 – 21d,Tier 2,Wave 2,44,Ortho Referrer,0,21,C-D01,2026-07-22,Cross-sell: make a direct spine ask,Coty
1205831005,Midwest Center for Dermatology - Warren,Dermatology; Spine T2 – 21d,Tier 2,Wave 2,44,Ortho Referrer,0,21,Backlog,Backlog (Oct+),Cross-sell: make a direct spine ask,Coty
1912926510,Saurabh Gupta MD,Geriatrics; Spine T2 – 21d,Tier 2,Wave 2,44,Ortho Referrer,0,21,C-D14,2026-09-21,Cross-sell: make a direct spine ask,Coty
1235164872,Kids First Pediatrics,Spine T2 – 21d,Tier 2,Wave 2,43,Ortho Referrer,0,21,K-D06,2026-08-03,Cross-sell: make a direct spine ask,Kristen
13dc6a74-7486-4022-8993-7eaf6b95734e,CANTON FOOT & Ankle SPECIALISTS,Podiatrist; Spine T2 – 21d,Tier 2,Wave 2,43,Ortho Referrer,0,21,J-D03,2026-08-03,Cross-sell: make a direct spine ask,Jasmine
bd0ee186-9de1-49f1-b6f7-85fc538efd3b,Novi Medicine,Internal Medicine/PCP; Spine T3 – 30d,Tier 3,Wave 2,35,Other Patient Referrer,0,30,J-D08,2026-08-17,Cross-sell: qualify spine opportunity,Jasmine
1134320930,Berry Johnson Health,Internal Medicine/PCP; Spine T3 – 30d,Tier 3,Wave 2,33,Other Patient Referrer,0,30,K-D03,2026-07-22,Cross-sell: qualify spine opportunity,Kristen
989f0eea-dc08-4445-9a51-ee7663255964,Michigan Spine Institute,Neurosurgery; Spine T3 – 30d,Tier 3,Wave 2,33,Other Patient Referrer,0,30,C-D21,2026-08-10,Cross-sell: qualify spine opportunity,Coty
12deaf83-0f5e-4bd5-bf07-a4026935ffd1,DEDICATED SENIOR MEDICAL CENTER - Southfield,Ortho; Internal Medicine/PCP; Spine T3 – 30d,Tier 3,Wave 2,29,Other Patient Referrer,0,30,J-D14,2026-09-21,Cross-sell: qualify spine opportunity,Jasmine
a2a230c5-b58c-4416-a519-b3d118d15202,Corewell Health Farmington hills Hospital family medicine,Internal Medicine/PCP; Spine T3 – 30d,Tier 3,Wave 2,28,Other Patient Referrer,0,30,Backlog,Backlog (Oct+),Cross-sell: qualify spine opportunity,Jasmine
1962472241,Michigan Institute for Neurological Disorders (MIND) - Farmington Hills,Neurology; Pain Management; Physical Therapy; Spine T3 – 30d,Tier 3,Wave 2,27,Other Patient Referrer,0,30,Backlog,Backlog (Oct+),Cross-sell: qualify spine opportunity,Coty
b2c94565-78b1-460d-a80d-4d507a1ddb7d,Internal Medicine Physicians #170,Internal Medicine/PCP; Spine T3 – 30d,Tier 3,Wave 2,26,Other Patient Referrer,0,30,K-D03,2026-07-22,Cross-sell: qualify spine opportunity,Kristen
7d9074be-0dfe-445c-9ff8-65b5eadde58e,Michigan Institute for Neurological Disorders (MIND) - Roseville,Neurology; Pain Management; Physical Therapy; Spine T3 – 30d,Tier 3,Wave 2,25,Other Patient Referrer,0,30,C-D05,2026-09-07,Cross-sell: qualify spine opportunity,Coty
1003819897,Neurology Consultants of Southfield,Neurology; Spine T3 – 30d,Tier 3,Wave 2,25,Other Patient Referrer,0,30,C-D17,2026-07-27,Cross-sell: qualify spine opportunity,Coty
611f52cc-838d-405e-8988-68708f39608e,ASCENSION MEDICAL GROUP WEST BLOOMFIELD FAMILY PRACTICE,Internal Medicine/PCP; Spine T3 – 30d,Tier 3,Wave 2,24,Other Patient Referrer,0,30,J-D08,2026-08-17,Cross-sell: qualify spine opportunity,Jasmine
e996949d-e85c-4588-a081-deb7cdc8510a,Corewell Urgent Care - Novi,Urgent care; Spine T3 – 30d,Tier 3,Wave 2,24,Other Patient Referrer,0,30,J-D20,2026-08-10,Cross-sell: qualify spine opportunity,Jasmine
210797fc-d818-410f-94de-02c502935d29,Park Family Practice - Novi,Internal Medicine/PCP; Spine T3 – 30d,Tier 3,Wave 2,24,Other Patient Referrer,0,30,J-D20,2026-08-10,Cross-sell: qualify spine opportunity,Jasmine
b873599c-56bb-4876-b2ec-95215a325efb,"PONDURI, KAVITHA, MEDICAL GROUP",Internal Medicine/PCP; Spine T3 – 30d,Tier 3,Wave 2,24,Other Patient Referrer,0,30,J-D15,2026-09-07,Cross-sell: qualify spine opportunity,Jasmine
0200933e-44d0-4869-8ddd-cd02b601b866,Henry Ford Orthopedics & Sports Medicine - Chesterfield,Orthopedic Surgery; Spine T3 – 30d,Tier 3,Wave 2,23,Other Patient Referrer,0,30,Backlog,Backlog (Oct+),Cross-sell: qualify spine opportunity,Kristen
137b9944-574d-47c1-9f8c-99541123fc30,"MEDICAL CENTER PEDIATRICS, PLLC",Pediatrician; Spine T3 – 30d,Tier 3,Wave 2,23,Other Patient Referrer,0,30,K-D10,2026-07-27,Cross-sell: qualify spine opportunity,Kristen
796ef668-29ca-4cac-84b8-fd8125eb6bde,BEAUMONT FAMILY MEDICINE GARDEN CITY,Internal Medicine/PCP; Spine T3 – 30d,Tier 3,Wave 2,23,Other Patient Referrer,0,30,J-D02,2026-07-22,Cross-sell: qualify spine opportunity,Jasmine
c47f040d-217f-4526-bd80-92b1073a4d77,Foot & Ankle Specialists of Southeast Michigan - Warren,Podaitry; Spine T3 – 30d,Tier 3,Wave 2,23,Other Patient Referrer,0,30,C-D14,2026-09-21,Cross-sell: qualify spine opportunity,Coty
1679554562,Frederick Karoub MD PC,Internal Medicine/PCP; Spine T3 – 30d,Tier 3,Wave 2,23,Other Patient Referrer,0,30,Backlog,Backlog (Oct+),Cross-sell: qualify spine opportunity,Coty
1639309131,Associates in Internal Medicine - MHP,Internal Medicine/PCP; Spine T3 – 30d,Tier 3,Wave 2,22,Other Patient Referrer,0,30,K-D11,2026-08-03,Cross-sell: qualify spine opportunity,Kristen
4d1d555f-aa98-48e9-b9a2-d323e87d5745,Commerce Internal Medicine,Internal Medicine/PCP; Spine T3 – 30d,Tier 3,Wave 2,22,Other Patient Referrer,0,30,K-D07,2026-07-27,Cross-sell: qualify spine opportunity,Kristen
0705419c-d214-479c-befc-96609a540921,Corewell Urgent Care - Royal Oak,Urgent Cares; Spine T3 – 30d,Tier 3,Wave 2,22,Other Patient Referrer,0,30,K-D06,2026-08-03,Cross-sell: qualify spine opportunity,Kristen
7b335c19-3210-419e-888b-e9aabe43f40a,Corwell Health - Farmington,Internal Medicine/PCP; Spine T3 – 30d,Tier 3,Wave 2,22,Other Patient Referrer,0,30,K-D02,2026-07-22,Cross-sell: qualify spine opportunity,Kristen
e37d14fb-2eea-4cb1-8957-ff0081af7ed5,Internal Medicine Specialists,Internal Medicine/PCP; Spine T3 – 30d,Tier 3,Wave 2,22,Other Patient Referrer,0,30,K-D11,2026-08-03,Cross-sell: qualify spine opportunity,Kristen
52b21544-4438-4ade-810b-2ce607128ed8,Rochester Primary Care,Internal Medicine/PCP; Spine T3 – 30d,Tier 3,Wave 2,22,Other Patient Referrer,0,30,K-D09,2026-07-27,Cross-sell: qualify spine opportunity,Kristen
84cae8c7-dbdf-450b-836e-557d4c653f98,"SOUTH EAST MICHIGAN MEDICAL ASSOCIATES, PC",Internal Medicine/PCP; Spine T3 – 30d,Tier 3,Wave 2,22,Other Patient Referrer,0,30,K-D10,2026-07-27,Cross-sell: qualify spine opportunity,Kristen
300beedb-7326-44cf-8008-29d60d8d78bb,"WESTERN WAYNE PHYSICIANS, PLC Allen Park",Internal Medicine/PCP; Spine T3 – 30d,Tier 3,Wave 2,22,Other Patient Referrer,0,30,Backlog,Backlog (Oct+),Cross-sell: qualify spine opportunity,Kristen
128e9f0f-8074-4052-b91d-e71905388022,"WILLIAMS FAMILY AND SPORTS MEDICAL CENTER, PLC",Sports Medicine; Internal Medicine/PCP; Spine T3 – 30d,Tier 3,Wave 2,22,Other Patient Referrer,0,30,K-D14,2026-09-21,Cross-sell: qualify spine opportunity,Kristen
f8db03fe-3188-4a31-b4ee-6010086c7552,SOUTHFIELD URGENT CARE,Urgent care; Spine T3 – 30d,Tier 3,Wave 2,22,Other Patient Referrer,0,30,J-D14,2026-09-21,Cross-sell: qualify spine opportunity,Jasmine
1538140744,Colleen Kennedy DO,Internal Medicine/PCP; Spine T3 – 30d,Tier 3,Wave 2,22,Other Patient Referrer,0,30,Backlog,Backlog (Oct+),Cross-sell: qualify spine opportunity,Coty
a2352347-063f-4a39-a0c1-25774fd3490b,Michigan Head & Spine Institute - Novi,Spine; Spine T3 – 30d,Tier 3,Wave 2,22,Other Patient Referrer,0,30,C-D21,2026-08-10,Cross-sell: qualify spine opportunity,Coty
e2e88457-4627-4d77-a90e-00417069f605,Michigan MSK Medicine - Clinton Township,Manual Medicine; Spine T3 – 30d,Tier 3,Wave 2,22,Other Patient Referrer,0,30,Backlog,Backlog (Oct+),Cross-sell: qualify spine opportunity,Coty
0c7e4fda-32b4-4999-afc5-3ead3985f8c9,Michigan Orthopaedic & Spine Surgeons,Orthopedic Surgery; Spine T3 – 30d,Tier 3,Wave 2,22,Other Patient Referrer,0,30,C-D18,2026-08-03,Cross-sell: qualify spine opportunity,Coty
4d38264b-b17e-42b4-9043-92ff06e62c09,WARREN PODIATRY,Podaitry; Spine T3 – 30d,Tier 3,Wave 2,22,Other Patient Referrer,0,30,Backlog,Backlog (Oct+),Cross-sell: qualify spine opportunity,Coty
c3d66a4c-f046-43dd-ae93-ae4aabe95524,Macomb Spine Care,Chiropractor; Spine T3 – 30d,Tier 3,Wave 2,21,Other Patient Referrer,0,30,Backlog,Backlog (Oct+),Cross-sell: qualify spine opportunity,Kristen
b7bb574d-993f-4604-9935-c8ab3a113635,Oakland Physicians,Pediatrician; Spine T3 – 30d,Tier 3,Wave 2,21,Other Patient Referrer,0,30,K-D07,2026-07-27,Cross-sell: qualify spine opportunity,Kristen
2ca32d51-676d-49f5-8e79-835774431e9d,Integrative Family Medicine Clinic - Domino's Farms (U of M),Internal Medicine/PCP; Spine T3 – 30d,Tier 3,Wave 2,21,Other Patient Referrer,0,30,Backlog,Backlog (Oct+),Cross-sell: qualify spine opportunity,Jasmine
eac89ac4-40e0-4d3a-b812-65771f67412f,SOMERSET PEDIATRICS,Pediatrician; Spine T3 – 30d,Tier 3,Wave 2,20,Other Patient Referrer,0,30,K-D09,2026-07-27,Cross-sell: qualify spine opportunity,Kristen
b5b7ec36-68c2-4b3f-b1bc-7efada3e145f,Metropolitan Orthopedic Associates,Orthopedic Surgery; Spine Prospect – 45d,Prospect,Wave 2,12,Visit / Prospect,0,45,Backlog,Backlog (Oct+),Keep: reinforce spine access,Kristen
c87e740c-afe9-4c07-8de8-827e8eaed42d,Newland Medical Associates,Pain; Rheumatologists; Spine Prospect – 45d,Prospect,Wave 2,12,Visit / Prospect,0,45,K-D10,2026-07-27,Keep: reinforce spine access,Kristen
2299270d-731c-4581-b50a-dd6e9b61dfb6,"ALI M NASSER, MD, PC",Spine; Internal Medicine/PCP; Spine Prospect – 45d,Prospect,Wave 2,12,Visit / Prospect,0,45,Backlog,Backlog (Oct+),Keep: reinforce spine access,Jasmine
bb1e72ee-479c-42da-96ea-e71d67a1c702,"Fox Run, PC(delete)",Pain; Internal Medicine/PCP; Spine Prospect – 45d,Prospect,Wave 2,12,Visit / Prospect,0,45,J-D08,2026-08-17,Keep: reinforce spine access,Jasmine
c19d8067-80c5-4305-b690-7e5ee2391049,Henry Ford Athletic Medicine - Novi (relevance?),Sports Medicine; Spine Prospect – 45d,Prospect,Wave 2,12,Visit / Prospect,0,45,J-D08,2026-08-17,Keep: reinforce spine access,Jasmine
4900eaa5-f2a9-42ff-85ea-b3a57c7103ea,Jeffrey T. Najor Internal Medicine,Ortho; Internal Medicine/PCP; Spine Prospect – 45d,Prospect,Wave 2,12,Visit / Prospect,0,45,J-D11,2026-07-27,Keep: reinforce spine access,Jasmine
82d5377e-3d89-4262-93c3-5661a3430b58,Michigan Orthopedic Surgeons - Novi,Ortho; Spine Prospect – 45d,Prospect,Wave 2,12,Visit / Prospect,0,45,J-D12,2026-07-27,Keep: reinforce spine access,Jasmine
e1c8dbbf-56d1-41b9-82e4-7fa1950cb943,Michigan Orthopedic Surgeons- Southfield,Ortho; Spine Prospect – 45d,Prospect,Wave 2,12,Visit / Prospect,0,45,J-D14,2026-09-21,Keep: reinforce spine access,Jasmine
eaa06235-6a42-4ef9-9f14-9fd1b4ed4610,Michigan Spine & Brain - Novi,Spine; Spine Prospect – 45d,Prospect,Wave 2,12,Visit / Prospect,0,45,J-D20,2026-08-10,Keep: reinforce spine access,Jasmine
7cbc93fd-5b51-41c8-8f3e-0afb5d09b1e4,ORTHOPEDIC INSTITUTE OF MICHIGAN,Orthopedic - PT; Internal Medicine/PCP; Spine Prospect – 45d,Prospect,Wave 2,12,Visit / Prospect,0,45,Backlog,Backlog (Oct+),Keep: reinforce spine access,Jasmine
03a214ff-22eb-4e89-b7a8-7b939d30700e,"ORTHOPEDIC SURGERY SPECIALISTS, PLLC",Ortho; Spine Prospect – 45d,Prospect,Wave 2,12,Visit / Prospect,0,45,Backlog,Backlog (Oct+),Keep: reinforce spine access,Jasmine
69716ccc-b2b9-4d7b-8f77-69ecd79273be,PAIN MANAGEMENT ASSOCIATES OF MICHIGAN,Spine; Pain Management; Spine Prospect – 45d,Prospect,Wave 2,12,Visit / Prospect,0,45,J-D21,2026-08-10,Keep: reinforce spine access,Jasmine
448849c6-b351-4856-9d82-1b2e8d15f7ee,"PRIMECARE URGENT CARE, PLLC",Urgent care; Ortho; Pain; Spine Prospect – 45d,Prospect,Wave 2,12,Visit / Prospect,0,45,Backlog,Backlog (Oct+),Keep: reinforce spine access,Jasmine
907ab9ea-28db-4bd8-badd-75e1fdac6a2a,"PRIZM PAIN SPECIALISTS, PLLC",Spine; Pain Management; Spine Prospect – 45d,Prospect,Wave 2,12,Visit / Prospect,0,45,Backlog,Backlog (Oct+),Keep: reinforce spine access,Jasmine
fea6a17c-c68b-43db-acd7-34a4abfe0024,Trinity Health IHA Brain & Spine Surgery - Ann Arbor Campus,Spine; Neurosurgery; Spine Prospect – 45d,Prospect,Wave 2,12,Visit / Prospect,0,45,Backlog,Backlog (Oct+),Keep: reinforce spine access,Jasmine
5c7c8073-5fc6-42f5-bc75-0b9f8a07e484,Trinity IHA Academic Family Medicine - Livonia,Pain; Internal Medicine/PCP; Spine Prospect – 45d,Prospect,Wave 2,12,Visit / Prospect,0,45,J-D17,2026-08-10,Keep: reinforce spine access,Jasmine
a93076a3-e5bf-428b-bb72-5671f99b62b5,Trinity IHA Orthopedics - West Arbor,Ortho; Spine Prospect – 45d,Prospect,Wave 2,12,Visit / Prospect,0,45,Backlog,Backlog (Oct+),Keep: reinforce spine access,Jasmine
c78e3b81-c68a-4687-a4e9-a88863c2c873,Trinity URGENT CARE CANTON,Urgent care; Ortho; Spine Prospect – 45d,Prospect,Wave 2,12,Visit / Prospect,0,45,J-D15,2026-09-07,Keep: reinforce spine access,Jasmine
07836153-8b05-4813-a230-a23fa3d07818,ANDERSON SPORTS MEDICINE,Ortho; Spine Prospect – 45d,Prospect,Wave 2,12,Visit / Prospect,0,45,Backlog,Backlog (Oct+),Keep: reinforce spine access,Coty
ac4e9d72-9d61-4d13-85ef-1d7c26ded0b6,Detroit Ortho Institute,Spine; Spine Prospect – 45d,Prospect,Wave 2,12,Visit / Prospect,0,45,C-D14,2026-09-21,Keep: reinforce spine access,Coty
43229ddf-0bb2-45ab-8aa8-3cb4f6b0d51f,Family Medicine,Ortho; Spine Prospect – 45d,Prospect,Wave 2,12,Visit / Prospect,0,45,Backlog,Backlog (Oct+),Keep: reinforce spine access,Coty
922579af-76c0-4a24-bd38-5e88491cece1,GREAT LAKES ORTHOPAEDICS,Orthopedic - PT; Spine Prospect – 45d,Prospect,Wave 2,12,Visit / Prospect,0,45,C-D17,2026-07-27,Keep: reinforce spine access,Coty
e2adce18-6952-46db-aa54-11f8ab08f2f9,Jagannathan Neurosurgery,Neurology; Neurosurgery; Pain Management; Spine Prospect – 45d,Prospect,Wave 2,12,Visit / Prospect,0,45,Backlog,Backlog (Oct+),Keep: reinforce spine access,Coty
1558461392,Mathews Medical Center,Internal Medicine/PCP; Physiatry; Spine Prospect – 45d,Prospect,Wave 2,12,Visit / Prospect,0,45,Backlog,Backlog (Oct+),Keep: reinforce spine access,Coty
5b59e6a5-ab8d-42e9-9ee3-60672d731b66,Neuro Pain Consultants - Clarkston,Pain Management; Spine Prospect – 45d,Prospect,Wave 2,12,Visit / Prospect,0,45,Backlog,Backlog (Oct+),Keep: reinforce spine access,Coty
90c163c1-4bb1-4e1f-bf4c-677df1b21c76,Neuro Pain Consultants - Sterling Heights,Coty; Pain Management; Spine Prospect – 45d,Prospect,Wave 2,12,Visit / Prospect,0,45,C-D08,2026-08-24,Keep: reinforce spine access,Coty
a4109cc4-88be-479e-bcaa-312214bfbf13,Premier Orthopedics,Ortho; Spine Prospect – 45d,Prospect,Wave 2,12,Visit / Prospect,0,45,Backlog,Backlog (Oct+),Keep: reinforce spine access,Coty
0b63a258-0396-414a-a240-3ffdff24c7d4,Providence Family & Athletic Medicine,Sports Medicine; Internal Medicine/PCP; Spine Prospect – 45d,Prospect,Wave 2,12,Visit / Prospect,0,45,C-D09,2026-08-31,Keep: reinforce spine access,Coty
736da453-396a-4f87-95aa-9798465f42b6,Regenerative Pain Medicine,Pain; Spine Prospect – 45d,Prospect,Wave 2,12,Visit / Prospect,0,45,Backlog,Backlog (Oct+),Keep: reinforce spine access,Coty
757d3ce3-93ba-4245-a84e-b14851bfe2e7,Somerset Pain Clinic,Pain Management; Spine Prospect – 45d,Prospect,Wave 2,12,Visit / Prospect,0,45,Backlog,Backlog (Oct+),Keep: reinforce spine access,Coty
15d2de97-a164-4b7e-a3a2-15673271319b,Specialists in Spine Surgery - Garden City,Orthopedic - PT; Spine Prospect – 45d,Prospect,Wave 2,12,Visit / Prospect,0,45,C-D17,2026-07-27,Keep: reinforce spine access,Coty
1f3f6af6-8827-4f8a-97ff-61005f2d675d,Stonebridge Orthopedics,Orthopedic Surgery; Spine Prospect – 45d,Prospect,Wave 2,12,Visit / Prospect,0,45,C-D07,2026-08-24,Keep: reinforce spine access,Coty
4f46bff0-0295-445e-980a-51107f04dbb9,"TRI COUNTY ORTHOPEDICS, PC",Orthopedic - PT; Spine Prospect – 45d,Prospect,Wave 2,12,Visit / Prospect,0,45,C-D17,2026-07-27,Keep: reinforce spine access,Coty
1790722338,University Orthopedic Specialists,Orthopedic - PT; Orthopedic Surgery; Spine Prospect – 45d,Prospect,Wave 2,12,Visit / Prospect,0,45,C-D19,2026-08-03,Keep: reinforce spine access,Coty
1e77e934-4008-4672-ac72-64c80d79458e,BETTER HEALTH CLINIC,Internal Medicine/PCP; Spine Prospect – 45d,Prospect,Wave 2,11,Visit / Prospect,0,45,Backlog,Backlog (Oct+),Keep: reinforce spine access,Kristen
e69e445d-bc49-4523-9a4b-a3850c3487c9,Clawson Internists,Internal Medicine/PCP; Spine Prospect – 45d,Prospect,Wave 2,11,Visit / Prospect,0,45,K-D04,2026-08-10,Keep: reinforce spine access,Kristen
53870065-638f-4a2b-8ddc-ed21771e1975,Corewell Family Medicine - Grosse Pointe,Internal Medicine/PCP; Geriatrics; Spine Prospect – 45d,Prospect,Wave 2,11,Visit / Prospect,0,45,Backlog,Backlog (Oct+),Keep: reinforce spine access,Kristen
93cecbfb-a489-4b00-933f-76d3066a4ad3,FAITH PRIMARY CARE,Internal Medicine/PCP; Spine Prospect – 45d,Prospect,Wave 2,11,Visit / Prospect,0,45,K-D05,2026-07-22,Keep: reinforce spine access,Kristen
377517aa-6082-4575-9083-498d5aca7ecb,GAMMONS MEDICAL,Internal Medicine/PCP; Spine Prospect – 45d,Prospect,Wave 2,11,Visit / Prospect,0,45,Backlog,Backlog (Oct+),Keep: reinforce spine access,Kristen
6f3c7a90-84e4-44ad-9d54-cf249407d5e4,Henry Ford  SAINT CLAIR ADULT MEDICINE SPECIALISTS,Internal Medicine/PCP; Spine Prospect – 45d,Prospect,Wave 2,11,Visit / Prospect,0,45,Backlog,Backlog (Oct+),Keep: reinforce spine access,Kristen
41d58a99-837a-4287-a726-afe3cda684c8,"APPOLINE MEDICAL CLINIC, PC",Spine; Spine Prospect – 45d,Prospect,Wave 2,11,Visit / Prospect,0,45,J-D06,2026-08-03,Keep: reinforce spine access,Jasmine
24378dba-bc30-4fc4-a4b7-d1eeb12c2bed,BEAUMONT URGENT CARE BY WELLSTREET,Internal Medicine/PCP; Urgent Cares; Spine Prospect – 45d,Prospect,Wave 2,11,Visit / Prospect,0,45,J-D21,2026-08-10,Keep: reinforce spine access,Jasmine
e3b0867d-fccc-4c01-8c75-68fde50cdc16,Brackney Chiropractic,Chiropractor; Spine Prospect – 45d,Prospect,Wave 2,11,Visit / Prospect,0,45,J-D03,2026-08-03,Keep: reinforce spine access,Jasmine
27944765-e102-4f5b-9ebc-611bcf5fb06c,Canton Family Medicine,Internal Medicine/PCP; Spine Prospect – 45d,Prospect,Wave 2,11,Visit / Prospect,0,45,J-D03,2026-08-03,Keep: reinforce spine access,Jasmine
6fa415cb-7af9-461a-b555-69ae0e7a90de,CANTON URGENT CARE,Urgent care; Ortho; Spine Prospect – 45d,Prospect,Wave 2,11,Visit / Prospect,0,45,J-D03,2026-08-03,Keep: reinforce spine access,Jasmine
70aaf20d-66c7-43ae-94f7-aecb6bcc117a,CORNER HEALTH CENTER (Medicaid),Ortho; Internal Medicine/PCP; Spine Prospect – 45d,Prospect,Wave 2,11,Visit / Prospect,0,45,J-D19,2026-08-03,Keep: reinforce spine access,Jasmine
1881654705,"Corwell health internal medicine, Dearborn",Internal Medicine/PCP; Spine Prospect – 45d,Prospect,Wave 2,11,Visit / Prospect,0,45,Backlog,Backlog (Oct+),Keep: reinforce spine access,Jasmine
e1b0659f-dd0b-44de-bb56-320215093e67,Dearborn Health Clinic,Internal Medicine/PCP; Spine Prospect – 45d,Prospect,Wave 2,11,Visit / Prospect,0,45,J-D13,2026-09-14,Keep: reinforce spine access,Jasmine
044c28d6-68de-4f3e-855a-8606d4729ace,Dedicated Senior Medical Center East Jefferson,Internal Medicine/PCP; Spine Prospect – 45d,Prospect,Wave 2,11,Visit / Prospect,0,45,J-D06,2026-08-03,Keep: reinforce spine access,Jasmine
5f0d560a-88ef-4011-aac7-20111cc6a973,EASTBORN MEDICAL GROUP,Spine; Internal Medicine/PCP; Spine Prospect – 45d,Prospect,Wave 2,11,Visit / Prospect,0,45,Backlog,Backlog (Oct+),Keep: reinforce spine access,Jasmine
2699d502-139a-47b8-b5f7-a8ea61dbeeae,Elite Prime Care,Internal Medicine/PCP; Spine Prospect – 45d,Prospect,Wave 2,11,Visit / Prospect,0,45,Backlog,Backlog (Oct+),Keep: reinforce spine access,Jasmine
4edcea7a-987c-45d1-917d-cfe33f3c18ad,Endeavor chiropractic,Chiropractor; Spine Prospect – 45d,Prospect,Wave 2,11,Visit / Prospect,0,45,J-D09,2026-07-22,Keep: reinforce spine access,Jasmine
dfb5fa8d-64ab-4384-9965-4374858f546a,Everside Health,Pain; Internal Medicine/PCP; Spine Prospect – 45d,Prospect,Wave 2,11,Visit / Prospect,0,45,Backlog,Backlog (Oct+),Keep: reinforce spine access,Jasmine
82015845-6f21-41fe-8e5a-c6e03da58e06,FARMBROOK INTERVENTIONAL PAIN AND EMG,Pain Management; Spine Prospect – 45d,Prospect,Wave 2,11,Visit / Prospect,0,45,J-D10,2026-08-31,Keep: reinforce spine access,Jasmine
b0006361-799b-4231-8e35-542ac7ccc5c3,Fox Michael DO,Internal Medicine/PCP; Spine Prospect – 45d,Prospect,Wave 2,11,Visit / Prospect,0,45,J-D04,2026-08-24,Keep: reinforce spine access,Jasmine
70edb114-54ce-4dbf-bb03-01f785af8326,Gem Health and Wellness,Internal Medicine/PCP; Spine Prospect – 45d,Prospect,Wave 2,11,Visit / Prospect,0,45,Backlog,Backlog (Oct+),Keep: reinforce spine access,Jasmine
15ebb26a-5efc-4ce7-9eb1-60fb9bd5f6c9,Henry Ford Family Medicine/Internal Medicine  - Novi,Pain; Internal Medicine/PCP; Spine Prospect – 45d,Prospect,Wave 2,11,Visit / Prospect,0,45,J-D08,2026-08-17,Test: add to next spine route,Jasmine
fa3d7cf2-0b7a-4b7b-aa60-304995dee0eb,Henry Ford Pain Clinic - Novi,Pain Management; Spine Prospect – 45d,Prospect,Wave 2,11,Visit / Prospect,0,45,J-D08,2026-08-17,Keep: reinforce spine access,Jasmine
4df59a0a-4c28-4cbf-aed9-c47c969dd72a,IEP Urgent Care- Novi,Urgent care; Spine Prospect – 45d,Prospect,Wave 2,11,Visit / Prospect,0,45,J-D20,2026-08-10,Keep: reinforce spine access,Jasmine
cfc1a768-52b4-4363-b4f1-1d54ec8e1b8c,IHA Family Medicine,Internal Medicine/PCP; Spine Prospect – 45d,Prospect,Wave 2,11,Visit / Prospect,0,45,Backlog,Backlog (Oct+),Keep: reinforce spine access,Jasmine
1e6c2264-d7e8-44cc-8bdb-8bbba8e6a32e,IHA urgent care Livonia,Urgent care; Spine Prospect – 45d,Prospect,Wave 2,11,Visit / Prospect,0,45,Backlog,Backlog (Oct+),Keep: reinforce spine access,Jasmine
9eee0ff0-1617-48d1-ab23-cc1eef9a0c5d,Intensive Pulmonary & Internal Medicine,Internal Medicine/PCP; Spine Prospect – 45d,Prospect,Wave 2,11,Visit / Prospect,0,45,J-D17,2026-08-10,Keep: reinforce spine access,Jasmine
1174571947,"Jowher Khaleel MD, PC",Internal Medicine/PCP; Spine Prospect – 45d,Prospect,Wave 2,11,Visit / Prospect,0,45,J-D09,2026-07-22,Keep: reinforce spine access,Jasmine
34e9346c-8e77-4c5f-8b5a-25cf46347832,MDVIP-Novi,Internal Medicine/PCP; Spine Prospect – 45d,Prospect,Wave 2,11,Visit / Prospect,0,45,J-D20,2026-08-10,Keep: reinforce spine access,Jasmine
ed5b6926-cd2d-40c7-b534-97499a80ee08,Medical Associates PC,Internal Medicine/PCP; Spine Prospect – 45d,Prospect,Wave 2,11,Visit / Prospect,0,45,J-D19,2026-08-03,Keep: reinforce spine access,Jasmine
85768def-ff0c-4952-b900-da31e044eedf,Medicare urgent care,Urgent care; Spine Prospect – 45d,Prospect,Wave 2,11,Visit / Prospect,0,45,J-D05,2026-07-22,Keep: reinforce spine access,Jasmine
99d4fe31-7800-4760-b438-523fa51d9e6b,Michigan family wellness,Pain; Internal Medicine/PCP; Spine Prospect – 45d,Prospect,Wave 2,11,Visit / Prospect,0,45,J-D18,2026-09-28,Keep: reinforce spine access,Jasmine
8447f063-c332-4bfe-9ab5-13e9ea470cac,Michigan Orthopedic Specialists,Ortho; Spine Prospect – 45d,Prospect,Wave 2,11,Visit / Prospect,0,45,Backlog,Backlog (Oct+),Keep: reinforce spine access,Jasmine
95f12360-e2e8-47e3-8279-f8ff1f3bfd0e,MICHIGAN ORTHOPEDIC SPECIALISTS - Farmington Hills,Orthopedic - PT; Spine Prospect – 45d,Prospect,Wave 2,11,Visit / Prospect,0,45,J-D10,2026-08-31,Keep: reinforce spine access,Jasmine
c7640a25-ed3b-4097-bda5-cd89202f64a1,Michigan Spine & Brain Surgeons,Spine; Pain; Orthopedic Surgery; Spine Prospect – 45d,Prospect,Wave 2,11,Visit / Prospect,0,45,J-D14,2026-09-21,Keep: reinforce spine access,Jasmine
02dc2839-7a87-4f51-9ae8-528110ed4a8f,"MICHIGAN SPORTS AND SPINE CENTER, PC (not of value)",Spine; Spine Prospect – 45d,Prospect,Wave 2,11,Visit / Prospect,0,45,Backlog,Backlog (Oct+),Keep: reinforce spine access,Jasmine
cbf5b149-d8d1-45d2-bc13-27eac5b85f34,Northville-Novi Family Medicine,Internal Medicine/PCP; Spine Prospect – 45d,Prospect,Wave 2,11,Visit / Prospect,0,45,Backlog,Backlog (Oct+),Keep: reinforce spine access,Jasmine
9ae9d844-759e-42b5-a563-2ad00aab5748,"Oakman, Medical Center",Internal Medicine/PCP; Spine Prospect – 45d,Prospect,Wave 2,11,Visit / Prospect,0,45,Backlog,Backlog (Oct+),Keep: reinforce spine access,Jasmine
1402505e-8030-4222-ac59-577fa4458cd9,Park Internal Medicine,Internal Medicine/PCP; Spine Prospect – 45d,Prospect,Wave 2,11,Visit / Prospect,0,45,J-D20,2026-08-10,Keep: reinforce spine access,Jasmine
2bc5b4b8-9395-4f0a-bc36-8f7ffd755481,Partners in Internal Medicine,Internal Medicine/PCP; Spine Prospect – 45d,Prospect,Wave 2,11,Visit / Prospect,0,45,J-D15,2026-09-07,Keep: reinforce spine access,Jasmine
e419b08f-276a-463b-8d2e-29d69176bb65,"SEEMAB GUL KHAN, MD, PC",Spine; Internal Medicine/PCP; Spine Prospect – 45d,Prospect,Wave 2,11,Visit / Prospect,0,45,J-D04,2026-08-24,Keep: reinforce spine access,Jasmine
f22819d5-efed-4b35-ba21-d6ba06d47271,SHEBA MEDICAL CENTER,Pain; Internal Medicine/PCP; Spine Prospect – 45d,Prospect,Wave 2,11,Visit / Prospect,0,45,Backlog,Backlog (Oct+),Test: add to next spine route,Jasmine
422a5ef8-6ba7-49ba-a836-1f967d1b414d,Southeast Michigan Rehab & Pain,Pain Management; Spine Prospect – 45d,Prospect,Wave 2,11,Visit / Prospect,0,45,Backlog,Backlog (Oct+),Keep: reinforce spine access,Jasmine
73e16173-bee1-429e-93a5-997d3d6df3d9,THE CORE INSTITUTE NOVI,Spine; Pain; Orthopedic Surgery; Spine Prospect – 45d,Prospect,Wave 2,11,Visit / Prospect,0,45,J-D12,2026-07-27,Keep: reinforce spine access,Jasmine
fbf2356b-694f-4b80-a662-1d1e86c727d7,The Joint Chiropractic - Livonia,Chiropractor; Spine Prospect – 45d,Prospect,Wave 2,11,Visit / Prospect,0,45,J-D04,2026-08-24,Keep: reinforce spine access,Jasmine
27281655-fa64-496e-9ffa-bbd0472e43d4,THE PILOT DOCTORS,Ortho; Internal Medicine/PCP; Spine Prospect – 45d,Prospect,Wave 2,11,Visit / Prospect,0,45,Backlog,Backlog (Oct+),Keep: reinforce spine access,Jasmine
c4b5edcd-9c75-4b5e-8922-bf8bda2f5543,Trinity Health IHA Academic Internal Medicine,Internal Medicine/PCP; Spine Prospect – 45d,Prospect,Wave 2,11,Visit / Prospect,0,45,J-D17,2026-08-10,Keep: reinforce spine access,Jasmine
41bbf717-a150-4c1a-b236-ebab1366b8aa,"Trinity Health IHA Medical Group, Primary Care - Ann Arbor",Internal Medicine/PCP; Spine Prospect – 45d,Prospect,Wave 2,11,Visit / Prospect,0,45,Backlog,Backlog (Oct+),Keep: reinforce spine access,Jasmine
10a4e627-2c56-4978-9734-9722090617c0,Trinity Health IHA Primary Care - EMU,Internal Medicine/PCP; Spine Prospect – 45d,Prospect,Wave 2,11,Visit / Prospect,0,45,J-D19,2026-08-03,Keep: reinforce spine access,Jasmine
074ec76c-edc3-484d-9c8a-230ffcda445e,Trinity Health Urgent Care - West Arbor suite 230,Urgent care; Spine Prospect – 45d,Prospect,Wave 2,11,Visit / Prospect,0,45,Backlog,Backlog (Oct+),Keep: reinforce spine access,Jasmine
d7578949-87ce-4820-9a40-a34cbfb03fd6,Trinity IHA Primary Care - West Arbor,Internal Medicine/PCP; Spine Prospect – 45d,Prospect,Wave 2,11,Visit / Prospect,0,45,Backlog,Backlog (Oct+),Keep: reinforce spine access,Jasmine
bb1e8257-48ba-4510-ac85-f82c85996bdf,True Health Chiropractic,Chiropractor; Spine Prospect – 45d,Prospect,Wave 2,11,Visit / Prospect,0,45,Backlog,Backlog (Oct+),Keep: reinforce spine access,Jasmine
fcafa62b-aa2e-4816-b546-f6718ff3ece8,UNIVERSITY OF MICHIGAN LIVONIA HEALTH CENTER,Internal Medicine/PCP; Spine Prospect – 45d,Prospect,Wave 2,11,Visit / Prospect,0,45,J-D09,2026-07-22,Keep: reinforce spine access,Jasmine
2f5507a9-2551-4136-8866-ca58f640c01c,UNIVERSITY OF MICHIGAN YPSILANTI HEALTH CENTER,Ortho; Internal Medicine/PCP; Spine Prospect – 45d,Prospect,Wave 2,11,Visit / Prospect,0,45,J-D19,2026-08-03,Keep: reinforce spine access,Jasmine
828fa8f3-3b8b-47be-a90f-66dec7286b3e,VillageMD Eastern Michigan,Internal Medicine/PCP; Spine Prospect – 45d,Prospect,Wave 2,11,Visit / Prospect,0,45,J-D08,2026-08-17,Keep: reinforce spine access,Jasmine
80bad707-804e-4e08-b1c8-d03f5038b164,Wellness Wave Chiropractic,Chiropractor; Spine Prospect – 45d,Prospect,Wave 2,11,Visit / Prospect,0,45,Backlog,Backlog (Oct+),Keep: reinforce spine access,Jasmine
bbb5a959-2f90-4cc2-aa31-4147951ed255,Alliance - Shelby Township,Internal Medicine/PCP; Spine Prospect – 45d,Prospect,Wave 2,11,Visit / Prospect,0,45,Backlog,Backlog (Oct+),Keep: reinforce spine access,Coty
fdc185b1-8cf4-4f41-b543-bd81b47c5427,Amabir Khaira MD,Internal Medicine/PCP; Spine Prospect – 45d,Prospect,Wave 2,11,Visit / Prospect,0,45,Backlog,Backlog (Oct+),Keep: reinforce spine access,Coty
00f1a591-9c29-48d3-826e-cbc95575d982,AS Medical Group,Coty; Internal Medicine/PCP; Spine Prospect – 45d,Prospect,Wave 2,11,Visit / Prospect,0,45,C-D14,2026-09-21,Keep: reinforce spine access,Coty
4522f3c1-4822-4912-a5d5-f88809b8ea59,Associated Orthopedists of Detroit-St Clair Shores,Orthopedic Surgery; Spine Prospect – 45d,Prospect,Wave 2,11,Visit / Prospect,0,45,C-D06,2026-07-27,Keep: reinforce spine access,Coty
d0991686-438d-4fe9-84fd-07bb3b2bbec1,Byron Medical Group,Internal Medicine/PCP; Spine Prospect – 45d,Prospect,Wave 2,11,Visit / Prospect,0,45,Backlog,Backlog (Oct+),Keep: reinforce spine access,Coty
1205811627,CarePoint Internal Medicine,Internal Medicine/PCP; Spine Prospect – 45d,Prospect,Wave 2,11,Visit / Prospect,0,45,Backlog,Backlog (Oct+),Keep: reinforce spine access,Coty
776e10e7-f4c0-411b-be58-d586dedcc5eb,Ciarlone Orthopedics,Ortho; Spine Prospect – 45d,Prospect,Wave 2,11,Visit / Prospect,0,45,Backlog,Backlog (Oct+),Keep: reinforce spine access,Coty
116ecff0-69a2-4ab9-86a0-22de7c1a6fec,Corewell Health Taylor Hospital Family Medicine,Coty; Internal Medicine/PCP; Spine Prospect – 45d,Prospect,Wave 2,11,Visit / Prospect,0,45,Backlog,Backlog (Oct+),Keep: reinforce spine access,Coty
16713b11-3989-4cae-9f63-709b8dcc8b9e,DMC Primary and Specialty Care - Milford,Internal Medicine/PCP; Spine Prospect – 45d,Prospect,Wave 2,11,Visit / Prospect,0,45,C-D09,2026-08-31,Keep: reinforce spine access,Coty
1982992715,Downriver Internists - Wayne,Internal Medicine/PCP; Spine Prospect – 45d,Prospect,Wave 2,11,Visit / Prospect,0,45,C-D12,2026-07-27,Keep: reinforce spine access,Coty
8dd680b0-5504-40bd-8956-3ce07e763aef,Forum Medical Clinic,Internal Medicine/PCP; Spine Prospect – 45d,Prospect,Wave 2,11,Visit / Prospect,0,45,Backlog,Backlog (Oct+),Keep: reinforce spine access,Coty
2b118d9b-4287-416a-aa66-4e30f6d98e26,Forum Medical Clinic,Internal Medicine/PCP; Spine Prospect – 45d,Prospect,Wave 2,11,Visit / Prospect,0,45,Backlog,Backlog (Oct+),Keep: reinforce spine access,Coty
6d4858c6-18d3-4849-b136-42e2fcb84fe3,Get Well Urgent Care of Shelby,Urgent Cares; Spine Prospect – 45d,Prospect,Wave 2,11,Visit / Prospect,0,45,C-D07,2026-08-24,Keep: reinforce spine access,Coty
5bb9aa8b-846a-4a0b-ab77-289399d9b1b1,"Glowacki MD - Institute for Pain, Spine & Headache Disorders",Spine; Pain Management; Spine Prospect – 45d,Prospect,Wave 2,11,Visit / Prospect,0,45,Backlog,Backlog (Oct+),Test: add to next spine route,Coty
5bdf0e65-dfd7-47d2-8c99-2ca90d5315cd,Great Lakes Health and Wellness,Internal Medicine/PCP; Spine Prospect – 45d,Prospect,Wave 2,11,Visit / Prospect,0,45,Backlog,Backlog (Oct+),Keep: reinforce spine access,Coty
1023000882,Greater Michigan Orthopedics and Sports Medicine - Warren,Orthopedic - PT; Orthopedic Surgery; Spine Prospect – 45d,Prospect,Wave 2,11,Visit / Prospect,0,45,Backlog,Backlog (Oct+),Test: add to next spine route,Coty
e474fc74-0d61-4b4f-831d-addccde2b9dd,Howell Family Medicine,Internal Medicine/PCP; Spine Prospect – 45d,Prospect,Wave 2,11,Visit / Prospect,0,45,Backlog,Backlog (Oct+),Keep: reinforce spine access,Coty
c0a3429e-a32c-4e10-9c63-39620fac46d2,"INTERNAL MEDICINE ASSOCIATES OF MICHIGAN, PC",Internal Medicine/PCP; Spine Prospect – 45d,Prospect,Wave 2,11,Visit / Prospect,0,45,Backlog,Backlog (Oct+),Keep: reinforce spine access,Coty
d585f868-a414-424d-b7fc-46bf2da53972,"Internal Medicine Associates of Rochester Hills, PC",Internal Medicine/PCP; Spine Prospect – 45d,Prospect,Wave 2,11,Visit / Prospect,0,45,Backlog,Backlog (Oct+),Keep: reinforce spine access,Coty
1eb4b4af-01f6-4e42-bf98-d3a12bea0f85,"Julie Henry, MD",Orthopedic Surgery; Physical Therapy; Spine Prospect – 45d,Prospect,Wave 2,11,Visit / Prospect,0,45,Backlog,Backlog (Oct+),Keep: reinforce spine access,Coty
19495112-7e08-4c09-8899-f4c2049ff753,Karle Medical Group,Internal Medicine/PCP; Spine Prospect – 45d,Prospect,Wave 2,11,Visit / Prospect,0,45,Backlog,Backlog (Oct+),Keep: reinforce spine access,Coty
8bdecedc-33cd-4229-8467-d684f3b6242d,Maan Askar MD - 13 Mile,Internal Medicine/PCP; Spine Prospect – 45d,Prospect,Wave 2,11,Visit / Prospect,0,45,Backlog,Backlog (Oct+),Keep: reinforce spine access,Coty
bf00683c-6b73-48ef-985a-d84796ddd18f,Macomb Family Medical Center,Internal Medicine/PCP; Spine Prospect – 45d,Prospect,Wave 2,11,Visit / Prospect,0,45,C-D07,2026-08-24,Keep: reinforce spine access,Coty
b9b7ff1f-a14b-4733-af73-e7371152c69a,Macomb Family Medicine (Henry Ford) - Chesterfield,Internal Medicine/PCP; Spine Prospect – 45d,Prospect,Wave 2,11,Visit / Prospect,0,45,C-D02,2026-07-27,Keep: reinforce spine access,Coty
1215999339,McLaren Macomb Primary Care,Pain; Internal Medicine/PCP; Spine Prospect – 45d,Prospect,Wave 2,11,Visit / Prospect,0,45,C-D20,2026-08-10,Keep: reinforce spine access,Coty
1992807358,MDVIP - Troy,Concierge Physicians; Internal Medicine/PCP; Spine Prospect – 45d,Prospect,Wave 2,11,Visit / Prospect,0,45,Backlog,Backlog (Oct+),Keep: reinforce spine access,Coty
df493f72-e10c-457a-a51c-c0b760cf98a4,Medpointe urgent care - St Clair Shores,Coty; Urgent Cares; Spine Prospect – 45d,Prospect,Wave 2,11,Visit / Prospect,0,45,Backlog,Backlog (Oct+),Keep: reinforce spine access,Coty
a978aadc-a7c9-40f6-be36-465720a638af,Michigan Surgery Specialists  - Roseville,Orthopedic Surgery; Spine Prospect – 45d,Prospect,Wave 2,11,Visit / Prospect,0,45,C-D05,2026-09-07,Keep: reinforce spine access,Coty
1c5a48da-6d75-4a3e-acb4-f4ed5e876ed6,Michigan Surgery Specialists - Shelby Township,Coty; Orthopedic - PT; Orthopedic Surgery; Spine Prospect – 45d,Prospect,Wave 2,11,Visit / Prospect,0,45,Backlog,Backlog (Oct+),Keep: reinforce spine access,Coty
15be0813-4c02-407e-9cd2-a1a8c07ec4e7,Millennium Orthopedics,Spine; Spine Prospect – 45d,Prospect,Wave 2,11,Visit / Prospect,0,45,Backlog,Backlog (Oct+),Keep: reinforce spine access,Coty
08267c79-105f-464d-9871-7cf4341a4386,MOTOR CITY ORTHOPEDICS - Novi,Orthopedic - PT; Spine Prospect – 45d,Prospect,Wave 2,11,Visit / Prospect,0,45,C-D21,2026-08-10,Keep: reinforce spine access,Coty
4bb9ca0b-1ac2-4359-9bae-ac3b13ca5c66,Neuro Pain Consultants - Macomb,Spine; Pain Management; Spine Prospect – 45d,Prospect,Wave 2,11,Visit / Prospect,0,45,C-D20,2026-08-10,Keep: reinforce spine access,Coty
2ba1a5d9-5a5a-4766-a10b-12e037375a67,New Baltimore Family Practice - Chesterfield,Internal Medicine/PCP; Spine Prospect – 45d,Prospect,Wave 2,11,Visit / Prospect,0,45,C-D02,2026-07-27,Keep: reinforce spine access,Coty
89581b53-bbfd-4c4a-bb78-a2d4945bd199,Newland Medical Associates - Howell,Internal Medicine/PCP; Spine Prospect – 45d,Prospect,Wave 2,11,Visit / Prospect,0,45,Backlog,Backlog (Oct+),Keep: reinforce spine access,Coty
2eb4ee80-dd25-41e6-bfe5-f3b5e5e7cf91,Orthopedic Surgery of Macomb,Orthopedic Surgery; Spine Prospect – 45d,Prospect,Wave 2,11,Visit / Prospect,0,45,C-D08,2026-08-24,Keep: reinforce spine access,Coty
1891724688,Osteopathic Health Care Associates,Internal Medicine/PCP; Spine Prospect – 45d,Prospect,Wave 2,11,Visit / Prospect,0,45,Backlog,Backlog (Oct+),Keep: reinforce spine access,Coty
55be614a-add9-4757-b0ed-33f0f5c4188d,Pointe Family Physicians,Internal Medicine/PCP; Pediatrician; Spine Prospect – 45d,Prospect,Wave 2,11,Visit / Prospect,0,45,C-D06,2026-07-27,Keep: reinforce spine access,Coty
9bcc1288-88f8-4366-89d5-1954358b0abb,Poley Sports Medicine,Orthopedic - PT; Sports Medicine; Spine Prospect – 45d,Prospect,Wave 2,11,Visit / Prospect,0,45,Backlog,Backlog (Oct+),Keep: reinforce spine access,Coty
6a404f23-7c36-4965-b240-828d66cceec9,PRISM Extended Care and Urgent Care,Urgent Cares; Spine Prospect – 45d,Prospect,Wave 2,11,Visit / Prospect,0,45,Backlog,Backlog (Oct+),Keep: reinforce spine access,Coty
302f7a03-fbf7-4ffa-ad89-f1a3c3c580c1,Prism Medical Group - Family Medicine Ste 160,Internal Medicine/PCP; Spine Prospect – 45d,Prospect,Wave 2,11,Visit / Prospect,0,45,Backlog,Backlog (Oct+),Keep: reinforce spine access,Coty
16bc4052-1b0d-46cc-8fe0-6c700c988b44,Pulse Primary Care - Lenox,Internal Medicine/PCP; Spine Prospect – 45d,Prospect,Wave 2,11,Visit / Prospect,0,45,C-D02,2026-07-27,Keep: reinforce spine access,Coty
a75491e9-8970-44fd-ba14-868027583a78,Rochester Family Practice,Internal Medicine/PCP; Spine Prospect – 45d,Prospect,Wave 2,11,Visit / Prospect,0,45,C-D18,2026-08-03,Keep: reinforce spine access,Coty
1d187d2e-e797-487e-9ca1-79b007c4f326,Rochester Internists,Internal Medicine/PCP; Spine Prospect – 45d,Prospect,Wave 2,11,Visit / Prospect,0,45,C-D18,2026-08-03,Keep: reinforce spine access,Coty
5356ae4a-e9ec-4b34-abe8-65a5ff0318ce,Romeo Plank Family Practice,Internal Medicine/PCP; Spine Prospect – 45d,Prospect,Wave 2,11,Visit / Prospect,0,45,C-D20,2026-08-10,Keep: reinforce spine access,Coty
e6dbc679-ce67-4b3e-9c16-e0ead17fbb3b,Rosemary Aquiler-Angeles MD,Internal Medicine/PCP; Spine Prospect – 45d,Prospect,Wave 2,11,Visit / Prospect,0,45,C-D10,2026-09-14,Keep: reinforce spine access,Coty
f945997b-7ba6-4b6c-a37a-97f24ce1fed5,Salta Direct Primary Care - Troy,Concierge Physicians; Internal Medicine/PCP; Spine Prospect – 45d,Prospect,Wave 2,11,Visit / Prospect,0,45,Backlog,Backlog (Oct+),Keep: reinforce spine access,Coty
768a5944-a609-410c-8f75-098efa9952de,Silver Pine Medical Group Romeo Plank,Internal Medicine/PCP; Spine Prospect – 45d,Prospect,Wave 2,11,Visit / Prospect,0,45,C-D20,2026-08-10,Keep: reinforce spine access,Coty
1386634632,Somerset Family Medicine - Sterling Heights,Internal Medicine/PCP; Spine Prospect – 45d,Prospect,Wave 2,11,Visit / Prospect,0,45,C-D01,2026-07-22,Keep: reinforce spine access,Coty
4c1b7fe8-a5c4-417f-bee6-92fae75a3c35,Spine & Brain Surgery Specialists,Neurosurgery; Spine Prospect – 45d,Prospect,Wave 2,11,Visit / Prospect,0,45,Backlog,Backlog (Oct+),Test: add to next spine route,Coty
40ddb048-cf4c-463b-906a-170a28abd32d,Tri County Pain Consultants,Spine; Spine Prospect – 45d,Prospect,Wave 2,11,Visit / Prospect,0,45,Backlog,Backlog (Oct+),Keep: reinforce spine access,Coty
987cb6d6-529f-4dd9-a2bf-fb65d73c5160,Trinity Health System Pain Institute,Pain Management; Spine Prospect – 45d,Prospect,Wave 2,11,Visit / Prospect,0,45,Backlog,Backlog (Oct+),Keep: reinforce spine access,Coty
1578554168,Troy Medical,Internal Medicine/PCP; Urgent Cares; Spine Prospect – 45d,Prospect,Wave 2,11,Visit / Prospect,0,45,Backlog,Backlog (Oct+),Keep: reinforce spine access,Coty
c87aa383-9bf1-4f78-8810-bcb83fcefb74,Urgent Care of Milford,Urgent Cares; Spine Prospect – 45d,Prospect,Wave 2,11,Visit / Prospect,0,45,C-D21,2026-08-10,Keep: reinforce spine access,Coty
d2a011ae-fad5-4195-a59b-93376dd15321,"*NOVAMEDICA, PLLC",Internal Medicine/PCP; Spine Prospect – 45d,Prospect,Wave 2,10,Visit / Prospect,0,45,J-D09,2026-07-22,Test: add to next spine route,Jasmine
4234d0ba-61b7-4931-8788-6156494bcc59,1st choice Urgent Care Livonia,Urgent care; Spine Prospect – 45d,Prospect,Wave 2,10,Visit / Prospect,0,45,J-D04,2026-08-24,Test: add to next spine route,Jasmine
b61f12f1-ac78-4203-876e-78120bd81f47,ACADEMIC INTERNAL MEDICINE,Spine; Internal Medicine/PCP; Spine Prospect – 45d,Prospect,Wave 2,10,Visit / Prospect,0,45,Backlog,Backlog (Oct+),Test: add to next spine route,Jasmine
9531e09a-b183-4d68-994a-80342d7b0c2e,All-Pro Physical Therapy,Spine; Physical Therapy; Spine Prospect – 45d,Prospect,Wave 2,10,Visit / Prospect,0,45,J-D18,2026-09-28,Test: add to next spine route,Jasmine
ef0b5dc6-d359-46ed-882e-baedca026685,Arash Kiarash,Internal Medicine/PCP; Spine Prospect – 45d,Prospect,Wave 2,10,Visit / Prospect,0,45,J-D02,2026-07-22,Keep: reinforce spine access,Jasmine
be40181f-bcb8-4cac-ae76-ab9ba0311605,ATI,Physical Therapy; Spine Prospect – 45d,Prospect,Wave 2,10,Visit / Prospect,0,45,J-D04,2026-08-24,Keep: reinforce spine access,Jasmine
dc4592d0-3b9d-4583-a228-a93413a343a7,BEAUMONT MIDWEST INTERNAL MEDICINE ASSOCIATES LIVONIA,Internal Medicine/PCP; Spine Prospect – 45d,Prospect,Wave 2,10,Visit / Prospect,0,45,J-D09,2026-07-22,Increase: visit now; reset cadence,Jasmine
b2c0e41e-9b4b-4e68-9a9a-20a7837dbbd6,BEAUMONT URGENT CARE BY WELLSTREET,Urgent care; Ortho; Spine Prospect – 45d,Prospect,Wave 2,10,Visit / Prospect,0,45,J-D21,2026-08-10,Test: add to next spine route,Jasmine
b578c6ec-ac47-46b9-88e7-e67e8a0cc843,Bio Energy Medical Center,Internal Medicine/PCP; Spine Prospect – 45d,Prospect,Wave 2,10,Visit / Prospect,0,45,Backlog,Backlog (Oct+),Keep: reinforce spine access,Jasmine
cfb3b21a-c220-44dd-bf1a-5116d55575eb,Bluestone PT/OT/ST,Physical Therapy; Spine Prospect – 45d,Prospect,Wave 2,10,Visit / Prospect,0,45,J-D01,2026-07-27,Keep: reinforce spine access,Jasmine
00-853-2889,Botsford General Hospital,Internal Medicine/PCP; Spine Prospect – 45d,Prospect,Wave 2,10,Visit / Prospect,0,45,J-D10,2026-08-31,Keep: reinforce spine access,Jasmine
94d80b68-5992-460a-9b6f-4e4f572bced9,Buckle Family Chiropractic Ste 5,Chiropractor; Spine Prospect – 45d,Prospect,Wave 2,10,Visit / Prospect,0,45,J-D01,2026-07-27,Keep: reinforce spine access,Jasmine
9e975b04-2072-4b4f-976c-88c13100aa49,CANTON VA CLINIC,Internal Medicine/PCP; Spine Prospect – 45d,Prospect,Wave 2,10,Visit / Prospect,0,45,J-D01,2026-07-27,Keep: reinforce spine access,Jasmine
704729b8-3a54-4b54-b3e3-ace46754f52b,"CARSON, DARCELLE M, MEDICAL GROUP",Ortho; Internal Medicine/PCP; Spine Prospect – 45d,Prospect,Wave 2,10,Visit / Prospect,0,45,Backlog,Backlog (Oct+),Test: add to next spine route,Jasmine
d322402c-b030-4d0f-bc0e-3e895e6aefed,Chiro-Care of Livonia,Chiropractor; Spine Prospect – 45d,Prospect,Wave 2,10,Visit / Prospect,0,45,Backlog,Backlog (Oct+),Keep: reinforce spine access,Jasmine
2d41ea24-2571-4304-b0db-34c591f455d3,COMPREHENSIVE INTEGRATIVE HEALTH CARE,Internal Medicine/PCP; Spine Prospect – 45d,Prospect,Wave 2,10,Visit / Prospect,0,45,J-D12,2026-07-27,Test: add to next spine route,Jasmine
5d20f222-29ea-4029-b53a-fb46b570224a,Doctors urgent care,Urgent care; Spine Prospect – 45d,Prospect,Wave 2,10,Visit / Prospect,0,45,J-D17,2026-08-10,Test: add to next spine route,Jasmine
55ee4a28-a427-426a-af8b-9c8a13993671,Doctors Urgent Care - Southfield,Urgent care; Spine Prospect – 45d,Prospect,Wave 2,10,Visit / Prospect,0,45,J-D14,2026-09-21,Keep: reinforce spine access,Jasmine
3c8ceb06-c9a0-412a-964a-82f58cf0827e,EXPRESS MED URGENT CARE,Urgent care; Spine Prospect – 45d,Prospect,Wave 2,10,Visit / Prospect,0,45,J-D14,2026-09-21,Keep: reinforce spine access,Jasmine
198ce2f6-b94a-4ad3-b397-e6c1148f1644,FORD TEL MEDICAL CENTER,Urgent care; Spine; Spine Prospect – 45d,Prospect,Wave 2,10,Visit / Prospect,0,45,J-D21,2026-08-10,Test: add to next spine route,Jasmine
4387f117-9c7b-45c3-9002-4dd29a03b8dc,"GARDEN CITY MEDICAL CENTER, PC",Internal Medicine/PCP; Spine Prospect – 45d,Prospect,Wave 2,10,Visit / Prospect,0,45,J-D02,2026-07-22,Test: add to next spine route,Jasmine
81a09b96-6834-4950-963a-abff6d4aac6b,Get Well Urgent Care Southfield,Urgent care; Spine Prospect – 45d,Prospect,Wave 2,10,Visit / Prospect,0,45,J-D14,2026-09-21,Keep: reinforce spine access,Jasmine
db36e827-679d-4248-8834-41450c4256cf,Glazer Spine Center- use,Chiropractor; Spine Prospect – 45d,Prospect,Wave 2,10,Visit / Prospect,0,45,J-D10,2026-08-31,Keep: reinforce spine access,Jasmine
c5d07e1d-3c78-4555-8838-bc01177d5016,Henry Ford employer solutions,Internal Medicine/PCP; Spine Prospect – 45d,Prospect,Wave 2,10,Visit / Prospect,0,45,Backlog,Backlog (Oct+),Keep: reinforce spine access,Jasmine
3e9f6915-4170-47c8-892b-d54aead4f00f,Henry Ford urgent care Livonia,Urgent care; Spine Prospect – 45d,Prospect,Wave 2,10,Visit / Prospect,0,45,Backlog,Backlog (Oct+),Test: add to next spine route,Jasmine
4ed90cf1-abdb-42c8-9e56-86ef1478b14a,IHA ORTHOPAEDIC SURGERY ASSOCIATES - CANTON,Ortho; Spine Prospect – 45d,Prospect,Wave 2,10,Visit / Prospect,0,45,J-D15,2026-09-07,Test: add to next spine route,Jasmine
536052f1-b0c7-4ac5-8a78-f93ea88a7b8a,Integrative Medicine & Hijama Clinic,Internal Medicine/PCP; Spine Prospect – 45d,Prospect,Wave 2,10,Visit / Prospect,0,45,J-D03,2026-08-03,Keep: reinforce spine access,Jasmine
1740379965,Internal Medicine Clinic - Taubman Center,Internal Medicine/PCP; Spine Prospect – 45d,Prospect,Wave 2,10,Visit / Prospect,0,45,Backlog,Backlog (Oct+),Test: add to next spine route,Jasmine
05-433-9100,Joshua S Faley,Internal Medicine/PCP; Spine Prospect – 45d,Prospect,Wave 2,10,Visit / Prospect,0,45,J-D01,2026-07-27,Keep: reinforce spine access,Jasmine
1366444705,"Lawrence Lipnik MD,",Internal Medicine/PCP; Spine Prospect – 45d,Prospect,Wave 2,10,Visit / Prospect,0,45,Backlog,Backlog (Oct+),Test: add to next spine route,Jasmine
a967f0db-d552-4e1c-9e98-b867443cb6eb,Leonard Sahn MD,Internal Medicine/PCP; Spine Prospect – 45d,Prospect,Wave 2,10,Visit / Prospect,0,45,J-D10,2026-08-31,Keep: reinforce spine access,Jasmine
675dfc18-3771-4c90-9157-cb23026fc251,LIVINGSTON MEDICAL CENTER,Ortho; Internal Medicine/PCP; Spine Prospect – 45d,Prospect,Wave 2,10,Visit / Prospect,0,45,J-D12,2026-07-27,Test: add to next spine route,Jasmine
1993900c-8862-4865-ad73-1f71b7468186,M.N. Petrous MD,Internal Medicine/PCP; Spine Prospect – 45d,Prospect,Wave 2,10,Visit / Prospect,0,45,J-D09,2026-07-22,Keep: reinforce spine access,Jasmine
7b3af40f-861b-4f51-b3f7-7ecf93ef3afa,MDWell,Internal Medicine/PCP; Spine Prospect – 45d,Prospect,Wave 2,10,Visit / Prospect,0,45,J-D03,2026-08-03,Test: add to next spine route,Jasmine
4e9f385c-33e2-4783-a7a3-18d71a99d587,MI Express Care,Urgent care; Spine Prospect – 45d,Prospect,Wave 2,10,Visit / Prospect,0,45,J-D15,2026-09-07,Test: add to next spine route,Jasmine
2f2e703f-4fef-4dd1-8718-336cd307b0e6,Michigan family Wellness,Chiropractor; Spine Prospect – 45d,Prospect,Wave 2,10,Visit / Prospect,0,45,J-D03,2026-08-03,Keep: reinforce spine access,Jasmine
80b855ee-7158-489b-b2a0-a7cff1ba0f26,MICHIGAN INSTITUTE OF MEDICINE,Internal Medicine/PCP; Spine Prospect – 45d,Prospect,Wave 2,10,Visit / Prospect,0,45,Backlog,Backlog (Oct+),Keep: reinforce spine access,Jasmine
f58827d6-6d21-48d0-b5ca-f235d234678b,"MICHIGAN INTERNAL MEDICINE ASSOCIATES, PC",Internal Medicine/PCP; Spine Prospect – 45d,Prospect,Wave 2,10,Visit / Prospect,0,45,J-D11,2026-07-27,Test: add to next spine route,Jasmine
869d9f30-d3c6-486c-974d-dd85b1d93065,Michigan urgent care,Urgent care; Spine Prospect – 45d,Prospect,Wave 2,10,Visit / Prospect,0,45,Backlog,Backlog (Oct+),Test: add to next spine route,Jasmine
cce6f965-cad7-4eb7-baf6-90f4191f2dea,Oak Street Health,Internal Medicine/PCP; Spine Prospect – 45d,Prospect,Wave 2,10,Visit / Prospect,0,45,J-D11,2026-07-27,Keep: reinforce spine access,Jasmine
4cfeb212-d64b-45e7-9946-7ac903b306ac,Packard Health - Ann Arbor,Internal Medicine/PCP; Spine Prospect – 45d,Prospect,Wave 2,10,Visit / Prospect,0,45,Backlog,Backlog (Oct+),Keep: reinforce spine access,Jasmine
bdc96513-2e4b-4263-916b-792d4001c0b0,Pain Clinic of Michigan,Pain Management; Spine Prospect – 45d,Prospect,Wave 2,10,Visit / Prospect,0,45,J-D10,2026-08-31,Test: add to next spine route,Jasmine
5d3d80df-b9e3-4590-bd23-e5c410e71b43,Palmer Medical,Internal Medicine/PCP; Spine Prospect – 45d,Prospect,Wave 2,10,Visit / Prospect,0,45,J-D02,2026-07-22,Keep: reinforce spine access,Jasmine
8c60e9e4-e4af-426d-912d-3340bea956f4,Plymouth urgent care walk-in clinic,Urgent care; Ortho; Spine Prospect – 45d,Prospect,Wave 2,10,Visit / Prospect,0,45,Backlog,Backlog (Oct+),Keep: reinforce spine access,Jasmine
9288d919-ada8-45ca-a122-9e5065f74980,Premier Medicine Primary and Urgent Care,Urgent care; Spine Prospect – 45d,Prospect,Wave 2,10,Visit / Prospect,0,45,Backlog,Backlog (Oct+),Keep: reinforce spine access,Jasmine
e76c31c1-f930-4f95-9297-051e3644a8fb,PRIME CARE MEDICAL CLINIC,Spine; Spine Prospect – 45d,Prospect,Wave 2,10,Visit / Prospect,0,45,Backlog,Backlog (Oct+),Test: add to next spine route,Jasmine
ac92f742-7400-4def-bf3c-399c79028ae0,"Providence Internal Medicine, Diabetes/Endocrinology",Internal Medicine/PCP; Spine Prospect – 45d,Prospect,Wave 2,10,Visit / Prospect,0,45,J-D20,2026-08-10,Keep: reinforce spine access,Jasmine
895c7647-6ae1-4d8c-af49-0939435b01c6,PULSE PRIMARY/SENIOR CARE,Internal Medicine/PCP; Spine Prospect – 45d,Prospect,Wave 2,10,Visit / Prospect,0,45,Backlog,Backlog (Oct+),Keep: reinforce spine access,Jasmine
eb867788-d5d3-410e-8380-0d4ac6bb5f56,Raad Al-Saraf MD PC,Spine; Spine Prospect – 45d,Prospect,Wave 2,10,Visit / Prospect,0,45,J-D13,2026-09-14,Test: add to next spine route,Jasmine
9f4c3f2a-ecc2-4050-b43c-d7c1d8f26b1d,Rivi Medical Associates,Internal Medicine/PCP; Spine Prospect – 45d,Prospect,Wave 2,10,Visit / Prospect,0,45,J-D20,2026-08-10,Keep: reinforce spine access,Jasmine
214bff79-6f8b-47ab-b1c3-a6c140f898c4,Sarju Shah Family Medicine and Geriatrics,Internal Medicine/PCP; Spine Prospect – 45d,Prospect,Wave 2,10,Visit / Prospect,0,45,J-D18,2026-09-28,Keep: reinforce spine access,Jasmine
e3aecbce-4a94-4ebc-beb2-4e10fec69b88,SOUTH HURON URGENT CARE (CAT 3),Urgent care; Ortho; Spine Prospect – 45d,Prospect,Wave 2,10,Visit / Prospect,0,45,J-D19,2026-08-03,Test: add to next spine route,Jasmine
23d47a49-9145-4b5c-9b11-978fd3b4c007,"Sussan J Salas, MD, FAANS",Internal Medicine/PCP; Spine Prospect – 45d,Prospect,Wave 2,10,Visit / Prospect,0,45,J-D01,2026-07-27,Keep: reinforce spine access,Jasmine
a42a04f1-cc44-4398-a98b-e7d51622a415,Taylor walk-in clinic,Urgent care; Spine Prospect – 45d,Prospect,Wave 2,10,Visit / Prospect,0,45,Backlog,Backlog (Oct+),Keep: reinforce spine access,Jasmine
a54a2298-2335-4dcd-bf99-f21c492abfd1,Team Rehabilitation physical therapy,Physical Therapy; Spine Prospect – 45d,Prospect,Wave 2,10,Visit / Prospect,0,45,J-D17,2026-08-10,Keep: reinforce spine access,Jasmine
9d1a5377-d13f-4e0c-a250-5204ae278248,Trinity health physical therapy,Spine; Spine Prospect – 45d,Prospect,Wave 2,10,Visit / Prospect,0,45,Backlog,Backlog (Oct+),Test: add to next spine route,Jasmine
e50a83c0-3329-4005-a3b4-542b402bb061,Trinity health urgent care – EMU,Urgent care; Spine Prospect – 45d,Prospect,Wave 2,10,Visit / Prospect,0,45,Backlog,Backlog (Oct+),Keep: reinforce spine access,Jasmine
21da51f8-241e-484b-9dac-cd0c99714ca6,TRINITY HEALTH URGENT CARE- Livonia,Urgent Cares; Spine Prospect – 45d,Prospect,Wave 2,10,Visit / Prospect,0,45,Backlog,Backlog (Oct+),Test: add to next spine route,Jasmine
317a195f-f2b0-419b-99a5-152eb78c41cc,Trinity IHA Pediatrics - Arbor Park,Ortho; Pediatrician; Spine Prospect – 45d,Prospect,Wave 2,10,Visit / Prospect,0,45,Backlog,Backlog (Oct+),Test: add to next spine route,Jasmine
5270c72e-7fb5-410d-b0a9-895b97f8ff2e,UofM Pain Management - Canton,Pain Management; Spine Prospect – 45d,Prospect,Wave 2,10,Visit / Prospect,0,45,J-D18,2026-09-28,Test: add to next spine route,Jasmine
d7ce8ce4-2911-40e6-b7cb-e9f92a081d8b,WELLHEALTH MEDICAL ASSOCIATES - Belleville,Internal Medicine/PCP; Pain Management; Spine Prospect – 45d,Prospect,Wave 2,10,Visit / Prospect,0,45,J-D19,2026-08-03,Test: add to next spine route,Jasmine
f7a0c634-faf6-47d9-b4ce-461de261ee86,Ahad MD,Internal Medicine/PCP; Spine Prospect – 45d,Prospect,Wave 2,10,Visit / Prospect,0,45,C-D04,2026-07-22,Keep: reinforce spine access,Coty
1013988773,Albert Przybylski DO,Internal Medicine/PCP; Spine Prospect – 45d,Prospect,Wave 2,10,Visit / Prospect,0,45,Backlog,Backlog (Oct+),Test: add to next spine route,Coty
96903a48-13a7-42e0-8f5e-a56cce365ea5,Anchor Bay Clinic Family Medical Center,Internal Medicine/PCP; Spine Prospect – 45d,Prospect,Wave 2,10,Visit / Prospect,0,45,C-D02,2026-07-27,Test: add to next spine route,Coty
abca9491-e80c-416c-b2c4-8fa1db072def,Arcturus Healthcare - Rochester Hills,Internal Medicine/PCP; Pediatrician; Spine Prospect – 45d,Prospect,Wave 2,10,Visit / Prospect,0,45,C-D18,2026-08-03,Test: add to next spine route,Coty
e6a683fe-f991-45a4-a323-6788ed1aeed2,Associated Physicians Group,Internal Medicine/PCP; Endocrinology; Spine Prospect – 45d,Prospect,Wave 2,10,Visit / Prospect,0,45,C-D04,2026-07-22,Test: add to next spine route,Coty
7ba5f22d-a044-4e77-9eae-086d15413f50,Beacon Orthopedics of Michigan - Livonia,Coty; Orthopedic Surgery; Spine Prospect – 45d,Prospect,Wave 2,10,Visit / Prospect,0,45,C-D10,2026-09-14,Test: add to next spine route,Coty
ccf33cc6-8519-40b6-9e5b-fb3167a271ba,Berkley Primary Care,Internal Medicine/PCP; Spine Prospect – 45d,Prospect,Wave 2,10,Visit / Prospect,0,45,C-D03,2026-07-22,Test: add to next spine route,Coty
4efcc794-5368-4521-bd8a-152d222c2254,Bi-County Physicians,Internal Medicine/PCP; Spine Prospect – 45d,Prospect,Wave 2,10,Visit / Prospect,0,45,C-D06,2026-07-27,Test: add to next spine route,Coty
6534c29e-4183-4541-a745-ede23a94fbbd,Bones & Joints Clinic,Pain Management; Spine Prospect – 45d,Prospect,Wave 2,10,Visit / Prospect,0,45,Backlog,Backlog (Oct+),Test: add to next spine route,Coty
46e88577-6544-4486-beb0-351067178ed3,Changee Kim MD,Internal Medicine/PCP; Spine Prospect – 45d,Prospect,Wave 2,10,Visit / Prospect,0,45,Backlog,Backlog (Oct+),Keep: reinforce spine access,Coty
1275554073,Chesterfield Family Medicine (Henry Ford),Internal Medicine/PCP; Spine Prospect – 45d,Prospect,Wave 2,10,Visit / Prospect,0,45,C-D20,2026-08-10,Test: add to next spine route,Coty
e08bd153-21a7-4571-932b-cec418f70d74,Corewell Health Internal Medicine - Troy,Internal Medicine/PCP; Spine Prospect – 45d,Prospect,Wave 2,10,Visit / Prospect,0,45,Backlog,Backlog (Oct+),Test: add to next spine route,Coty
76edf894-7297-4aa7-af64-6b116e13aa3a,Eastside Surgical Associates,Orthopedic Surgery; Spine Prospect – 45d,Prospect,Wave 2,10,Visit / Prospect,0,45,C-D02,2026-07-27,Test: add to next spine route,Coty
ab929875-5247-4a32-9f8b-d3de09fc715b,Emil Sitto MD,Internal Medicine/PCP; Spine Prospect – 45d,Prospect,Wave 2,10,Visit / Prospect,0,45,C-D20,2026-08-10,Keep: reinforce spine access,Coty
aaf83473-f7a0-4e20-8241-601767b6943c,Farrah Ahmad MD,Internal Medicine/PCP; Spine Prospect – 45d,Prospect,Wave 2,10,Visit / Prospect,0,45,C-D14,2026-09-21,Keep: reinforce spine access,Coty
2172a4d0-c6b7-4ef0-9ff2-813edfc3926f,Faye Maribao MD,Internal Medicine/PCP; Spine Prospect – 45d,Prospect,Wave 2,10,Visit / Prospect,0,45,C-D06,2026-07-27,Keep: reinforce spine access,Coty
d66f07f6-09c1-4e7b-89b1-4c2e8cf825e2,Ghassan Atto PLLC,Internal Medicine/PCP; Spine Prospect – 45d,Prospect,Wave 2,10,Visit / Prospect,0,45,Backlog,Backlog (Oct+),Keep: reinforce spine access,Coty
f2dc38ef-6f3e-46e7-81ca-1ac74b888995,Healthquest Chiropractic,Coty; Chiropractor; Spine Prospect – 45d,Prospect,Wave 2,10,Visit / Prospect,0,45,C-D10,2026-09-14,Keep: reinforce spine access,Coty
20a601f2-ef2f-40db-b5ec-481cf50305de,Henry Ford Internal Medicine - Sterling Heights,Internal Medicine/PCP; Spine Prospect – 45d,Prospect,Wave 2,10,Visit / Prospect,0,45,C-D14,2026-09-21,Keep: reinforce spine access,Coty
1538237060,Henry Ford Medical Center - Beck Rd,Internal Medicine/PCP; Spine Prospect – 45d,Prospect,Wave 2,10,Visit / Prospect,0,45,C-D12,2026-07-27,Keep: reinforce spine access,Coty
de0072d8-2ca1-4e11-b11d-1fa82185fd49,James MacKenzie MD,Internal Medicine/PCP; Spine Prospect – 45d,Prospect,Wave 2,10,Visit / Prospect,0,45,C-D04,2026-07-22,Keep: reinforce spine access,Coty
6abec30d-30ef-4f35-8e04-85112389bfb1,JOEL WELLNESS CLINIC,Spine; Spine Prospect – 45d,Prospect,Wave 2,10,Visit / Prospect,0,45,C-D10,2026-09-14,Keep: reinforce spine access,Coty
1043288053,"John Joseph MD,",Internal Medicine/PCP; Spine Prospect – 45d,Prospect,Wave 2,10,Visit / Prospect,0,45,Backlog,Backlog (Oct+),Keep: reinforce spine access,Coty
bf5d89a6-74f7-4063-bb09-69d92d0a5f57,Keystone Partners - Macomb,Internal Medicine/PCP; Spine Prospect – 45d,Prospect,Wave 2,10,Visit / Prospect,0,45,C-D08,2026-08-24,Keep: reinforce spine access,Coty
2977b68e-db50-4231-995d-aea6e32ca71f,Legacy Medical Group,Concierge Physicians; Spine Prospect – 45d,Prospect,Wave 2,10,Visit / Prospect,0,45,C-D19,2026-08-03,Test: add to next spine route,Coty
fb391572-ec70-41c7-a503-4e6be4d20c7a,Live Well Chiro,Chiropractor; Spine Prospect – 45d,Prospect,Wave 2,10,Visit / Prospect,0,45,Backlog,Backlog (Oct+),Keep: reinforce spine access,Coty
3dd30d21-d9d8-4640-b79e-fdec972d0ad3,Maan Askar MD - Hoover (Thursdays),Internal Medicine/PCP; Spine Prospect – 45d,Prospect,Wave 2,10,Visit / Prospect,0,45,Backlog,Backlog (Oct+),Keep: reinforce spine access,Coty
8d20bd9d-fad3-4505-aa71-e69cb2962597,Maridel Hernadez MD,Internal Medicine/PCP; Spine Prospect – 45d,Prospect,Wave 2,10,Visit / Prospect,0,45,C-D11,2026-08-03,Keep: reinforce spine access,Coty
1912194622,MD VIP - Utica,Concierge Physicians; Internal Medicine/PCP; Spine Prospect – 45d,Prospect,Wave 2,10,Visit / Prospect,0,45,Backlog,Backlog (Oct+),Keep: reinforce spine access,Coty
141f9961-1fe4-4d6c-b6e0-7e89805d1153,"MEGHA MOHEY, MD, PC",Internal Medicine/PCP; Spine Prospect – 45d,Prospect,Wave 2,10,Visit / Prospect,0,45,Backlog,Backlog (Oct+),Keep: reinforce spine access,Coty
aa5863d0-5375-4e30-9596-780fee5530e6,Metro Pain Clinic  - Warren,Coty; Pain Management; Spine Prospect – 45d,Prospect,Wave 2,10,Visit / Prospect,0,45,C-D11,2026-08-03,Test: add to next spine route,Coty
6772a157-179b-472b-8b92-8c0068cdc5ec,MHP Orthopedics - Madison Heights,Ortho; Spine Prospect – 45d,Prospect,Wave 2,10,Visit / Prospect,0,45,C-D03,2026-07-22,Test: add to next spine route,Coty
361c9ac4-e663-4323-a07b-d1e2fd37f618,Mi Family Medicine & Urgent Care,Internal Medicine/PCP; Urgent Cares; Spine Prospect – 45d,Prospect,Wave 2,10,Visit / Prospect,0,45,C-D14,2026-09-21,Keep: reinforce spine access,Coty
e33f4068-dcba-4ec6-a5b6-a0ce07fd66d3,Michigan Head & Spine Institute - Macomb,Neurosurgery; Pain Management; Spine Prospect – 45d,Prospect,Wave 2,10,Visit / Prospect,0,45,C-D08,2026-08-24,Test: add to next spine route,Coty
20ab0f4f-ab86-4054-a588-8d04b87ad7af,Michigan Physicians Group - Livonia,Pain; Spine Prospect – 45d,Prospect,Wave 2,10,Visit / Prospect,0,45,C-D10,2026-09-14,Keep: reinforce spine access,Coty
c711e9c2-58e1-42f5-ab75-c835ceae8875,Motor City Orthopedics - Warren,Orthopedic - PT; Orthopedic Surgery; Spine Prospect – 45d,Prospect,Wave 2,10,Visit / Prospect,0,45,Backlog,Backlog (Oct+),Test: add to next spine route,Coty
eaff83df-eecc-4f3e-a041-cea71bad788e,Movement Orthopedics,Orthopedic Surgery; Spine Prospect – 45d,Prospect,Wave 2,10,Visit / Prospect,0,45,C-D08,2026-08-24,Test: add to next spine route,Coty
b1803bd8-c8ae-44c1-9f01-c4ad0f812ef5,Neuro Pain Consultants - Shelby,Coty; Pain Management; Spine Prospect – 45d,Prospect,Wave 2,10,Visit / Prospect,0,45,C-D07,2026-08-24,Keep: reinforce spine access,Coty
e3a99c41-ef87-4be9-8e02-1ca4d4db2c36,Oak Street Health – Hazel Park,Internal Medicine/PCP; Spine Prospect – 45d,Prospect,Wave 2,10,Visit / Prospect,0,45,C-D03,2026-07-22,Keep: reinforce spine access,Coty
fbcc80e3-33d5-452f-8300-be884c2786eb,Precise Medical,Internal Medicine/PCP; Spine Prospect – 45d,Prospect,Wave 2,10,Visit / Prospect,0,45,Backlog,Backlog (Oct+),Keep: reinforce spine access,Coty
af12dee4-a837-45cd-b77e-ae4d5a1da5b3,Primary Care Services -Westland,Pain; Spine Prospect – 45d,Prospect,Wave 2,10,Visit / Prospect,0,45,C-D12,2026-07-27,Test: add to next spine route,Coty
2c230474-0801-4832-a54e-1828db8c62a1,Prime Internal Medicine (MDVIP),Concierge Physicians; Internal Medicine/PCP; Spine Prospect – 45d,Prospect,Wave 2,10,Visit / Prospect,0,45,C-D09,2026-08-31,Keep: reinforce spine access,Coty
757de7dd-5282-4788-934b-4beb9c13112f,Rochester Hills Family Physicians (Corewell),Internal Medicine/PCP; Spine Prospect – 45d,Prospect,Wave 2,10,Visit / Prospect,0,45,C-D19,2026-08-03,Test: add to next spine route,Coty
a320a856-33fb-458b-8907-d98101fceb1b,Roger D Ajluni MD PC,Internal Medicine/PCP; Spine Prospect – 45d,Prospect,Wave 2,10,Visit / Prospect,0,45,C-D10,2026-09-14,Keep: reinforce spine access,Coty
1649460536,"Ruffini DC PC, Richard J",Chiropractor; Spine Prospect – 45d,Prospect,Wave 2,10,Visit / Prospect,0,45,C-D17,2026-07-27,Test: add to next spine route,Coty
aa1947f7-3694-4014-9388-76b8e6da46b8,Shelbydale Medical Clinic PC,Internal Medicine/PCP; Spine Prospect – 45d,Prospect,Wave 2,10,Visit / Prospect,0,45,Backlog,Backlog (Oct+),Keep: reinforce spine access,Coty
1154437416,Shorepointe Family Physicians - St. Clair Shores,Internal Medicine/PCP; Spine Prospect – 45d,Prospect,Wave 2,10,Visit / Prospect,0,45,C-D06,2026-07-27,Test: add to next spine route,Coty
43c9c4e0-b552-4969-99f6-413f7f3384a9,Silver Pine Medical Group Chesterfield,Internal Medicine/PCP; Spine Prospect – 45d,Prospect,Wave 2,10,Visit / Prospect,0,45,C-D02,2026-07-27,Test: add to next spine route,Coty
9b787ba7-f5be-4319-a44e-39cd77858998,Somerset Family Medicine - Troy,Internal Medicine/PCP; Spine Prospect – 45d,Prospect,Wave 2,10,Visit / Prospect,0,45,Backlog,Backlog (Oct+),Keep: reinforce spine access,Coty
5d681a4d-3671-4501-b6d1-7f23b1177209,St Clair Orthpaedics & Sports Medicine - Macomb,Orthopedic Surgery; Spine Prospect – 45d,Prospect,Wave 2,10,Visit / Prospect,0,45,C-D20,2026-08-10,Test: add to next spine route,Coty
68a88cbc-7ff0-4330-89fa-1314674545a9,Stamatin Internal Medicine,Internal Medicine/PCP; Spine Prospect – 45d,Prospect,Wave 2,10,Visit / Prospect,0,45,C-D18,2026-08-03,Keep: reinforce spine access,Coty
ff24dc89-5408-4c5d-aa4b-604b524a4b9c,Stoney Creek Physicians,Internal Medicine/PCP; Spine Prospect – 45d,Prospect,Wave 2,10,Visit / Prospect,0,45,C-D19,2026-08-03,Keep: reinforce spine access,Coty
9b6db0bd-31b4-4d7e-b351-e4ee78a4defa,Trinity IHA Primary Care - Rochester Hills,Internal Medicine/PCP; Spine Prospect – 45d,Prospect,Wave 2,10,Visit / Prospect,0,45,Backlog,Backlog (Oct+),Test: add to next spine route,Coty
7cad9994-b92b-43ee-a2f4-b18218515b2d,Washington Family Medicine,Internal Medicine/PCP; Spine Prospect – 45d,Prospect,Wave 2,10,Visit / Prospect,0,45,C-D07,2026-08-24,Test: add to next spine route,Coty
cdc030ac-8c72-4d65-bbbd-b42ea897452b,WellHealth Medical Associates - Rochester,Internal Medicine/PCP; Spine Prospect – 45d,Prospect,Wave 2,10,Visit / Prospect,0,45,C-D19,2026-08-03,Test: add to next spine route,Coty
6e9dda47-d440-4432-a96b-aaef04a18257,Your Physicians,Internal Medicine/PCP; Spine Prospect – 45d,Prospect,Wave 2,10,Visit / Prospect,0,45,Backlog,Backlog (Oct+),Keep: reinforce spine access,Coty
0d9592a4-3759-4da3-82b0-9e26777daf52,Adult Medicine & Pediatrics at East Ann Arbor Health and Geriatrics Center,Spine; Spine Prospect – 45d,Prospect,Wave 2,9,Visit / Prospect,0,45,Backlog,Backlog (Oct+),Test: re-engage and qualify spine,Jasmine
6101ca46-69b5-43a2-a4cd-74be14995963,Advanced Primary Care,Internal Medicine/PCP; Spine Prospect – 45d,Prospect,Wave 2,9,Visit / Prospect,0,45,J-D18,2026-09-28,Test: add to next spine route,Jasmine
1972590420,Alan Robertson MD,Internal Medicine/PCP; Spine Prospect – 45d,Prospect,Wave 2,9,Visit / Prospect,0,45,J-D05,2026-07-22,Test: add to next spine route,Jasmine
ce8a4622-f40a-42dd-8695-99a4e9ec7edc,AMC primary care,Internal Medicine/PCP; PCP; Spine Prospect – 45d,Prospect,Wave 2,9,Visit / Prospect,0,45,J-D07,2026-07-27,Increase: visit now; reset cadence,Jasmine
5f6f5020-da72-4c38-a18b-6e3548d5ce28,AMC Primary Care,Internal Medicine/PCP; Spine Prospect – 45d,Prospect,Wave 2,9,Visit / Prospect,0,45,Backlog,Backlog (Oct+),Test: add to next spine route,Jasmine
51be485c-bce1-4997-8e82-1463313f4617,"AMINI HEALTHCARE, PLLC",Spine; Internal Medicine/PCP; Spine Prospect – 45d,Prospect,Wave 2,9,Visit / Prospect,0,45,Backlog,Backlog (Oct+),Test: add to next spine route,Jasmine
00e2d343-2a6c-4378-900b-c886a064f8a9,"ARASH KIARASH, MD, MEDICAL GROUP",Internal Medicine/PCP; Spine Prospect – 45d,Prospect,Wave 2,9,Visit / Prospect,0,45,J-D07,2026-07-27,Keep: reinforce spine access,Jasmine
f66f38a6-852f-4f1e-bb01-77665ea9274f,ASSOCIATES IN INTERNAL MEDICINE SPECIALTIES,Internal Medicine/PCP; Spine Prospect – 45d,Prospect,Wave 2,9,Visit / Prospect,0,45,J-D04,2026-08-24,Test: add to next spine route,Jasmine
2dfe8906-751d-4f2b-a4e4-e40addc8ffa5,ATI Ypsilanti Huron Rd,Internal Medicine/PCP; Spine Prospect – 45d,Prospect,Wave 2,9,Visit / Prospect,0,45,J-D19,2026-08-03,Test: add to next spine route,Jasmine
22f15cb0-741c-4de9-9b06-0c697d56588d,Beatty Chiropractic,Chiropractor; Spine Prospect – 45d,Prospect,Wave 2,9,Visit / Prospect,0,45,J-D12,2026-07-27,Test: add to next spine route,Jasmine
da712fc9-9f3d-4a5e-ac23-794ae5307850,BEAUMONT CHERRY HILL INTERNAL MEDICAL ASSOCIATES CANTON,Internal Medicine/PCP; Spine Prospect – 45d,Prospect,Wave 2,9,Visit / Prospect,0,45,J-D18,2026-09-28,Test: add to next spine route,Jasmine
bb8b1992-e217-4eb9-8c68-4c2173bcd341,BEAUMONT HEALTH INTERNAL MEDICINE WYANDOTTE,Internal Medicine/PCP; Spine Prospect – 45d,Prospect,Wave 2,9,Visit / Prospect,0,45,Backlog,Backlog (Oct+),Test: add to next spine route,Jasmine
34c6f1a1-2ced-469c-a53e-e688da73712f,BEST MEDICAL CENTER,Internal Medicine/PCP; Spine Prospect – 45d,Prospect,Wave 2,9,Visit / Prospect,0,45,J-D07,2026-07-27,Keep: reinforce spine access,Jasmine
b6360502-f09b-4a86-a894-4bf7c93c89d7,Bingham Medical Center,Internal Medicine/PCP; Spine Prospect – 45d,Prospect,Wave 2,9,Visit / Prospect,0,45,J-D13,2026-09-14,Test: add to next spine route,Jasmine
24d003db-fb8e-4e51-adb0-77b396eef5de,"CHILD AND ADOLESCENT CENTER, PC",Ortho; Internal Medicine/PCP; Spine Prospect – 45d,Prospect,Wave 2,9,Visit / Prospect,0,45,Backlog,Backlog (Oct+),Test: re-engage and qualify spine,Jasmine
b2d22607-bdd2-4f7e-a58d-316f80c17f40,Concentra Urgent Care - Southfield,Urgent care; Spine Prospect – 45d,Prospect,Wave 2,9,Visit / Prospect,0,45,J-D14,2026-09-21,Keep: reinforce spine access,Jasmine
c8be9bcd-087a-4081-93c4-84fb80a7d1d1,Concentra Urgent Care- Novi,Urgent care; Spine Prospect – 45d,Prospect,Wave 2,9,Visit / Prospect,0,45,Backlog,Backlog (Oct+),Test: add to next spine route,Jasmine
9f05c66c-699d-4a43-9c7c-5d261dd9aaf8,Dearborn Family Doctors,Internal Medicine/PCP; Spine Prospect – 45d,Prospect,Wave 2,9,Visit / Prospect,0,45,J-D13,2026-09-14,Test: add to next spine route,Jasmine
2ced9a88-b51d-4a54-a212-063491259282,"DEARBORN HEALTHCARE, PC",Internal Medicine/PCP; Spine Prospect – 45d,Prospect,Wave 2,9,Visit / Prospect,0,45,Backlog,Backlog (Oct+),Test: add to next spine route,Jasmine
e88886fb-60ef-4d4e-8d44-578baf30fd25,DOWN RIVER MEDICAL GROUP,Internal Medicine/PCP; Spine Prospect – 45d,Prospect,Wave 2,9,Visit / Prospect,0,45,Backlog,Backlog (Oct+),Test: add to next spine route,Jasmine
3dc9219b-6054-4041-8509-f443b1f44add,"DOWNRIVER INTERNAL MEDICINE, PC",Ortho; Internal Medicine/PCP; Spine Prospect – 45d,Prospect,Wave 2,9,Visit / Prospect,0,45,Backlog,Backlog (Oct+),Test: re-engage and qualify spine,Jasmine
e46c966d-2122-4c15-9289-606148887327,EASTPOINTE URGENT CARE,Urgent care; Ortho; Spine Prospect – 45d,Prospect,Wave 2,9,Visit / Prospect,0,45,J-D06,2026-08-03,Test: add to next spine route,Jasmine
df6c9c10-8955-4ae0-95a3-7f14af6366cc,EPIC - Eastponte,Urgent Cares; Spine Prospect – 45d,Prospect,Wave 2,9,Visit / Prospect,0,45,J-D05,2026-07-22,Test: add to next spine route,Jasmine
afda3784-64a9-4997-bf11-96cff8e40ef6,Ethos Physical Therapy,Physical Therapy; Spine Prospect – 45d,Prospect,Wave 2,9,Visit / Prospect,0,45,Backlog,Backlog (Oct+),Keep: reinforce spine access,Jasmine
4b035e24-272d-49e7-9bce-cd8929fbcb0a,Evolve Medical - Dearborn,Internal Medicine/PCP; Spine Prospect – 45d,Prospect,Wave 2,9,Visit / Prospect,0,45,Backlog,Backlog (Oct+),Test: add to next spine route,Jasmine
84576296-8aed-482f-b425-73ec3d220d21,"FAMILY HEALTH, PC",Ortho; Internal Medicine/PCP; Spine Prospect – 45d,Prospect,Wave 2,9,Visit / Prospect,0,45,Backlog,Backlog (Oct+),Test: re-engage and qualify spine,Jasmine
c86d4c75-6c14-46b0-aa13-6b4f929dad66,Fayda Zakaria MD Family Medicine,Internal Medicine/PCP; Spine Prospect – 45d,Prospect,Wave 2,9,Visit / Prospect,0,45,J-D21,2026-08-10,Test: add to next spine route,Jasmine
83e31e93-d44f-45e6-884d-0e69e15a6b31,Garden City urgent care/primary care,Urgent care; Spine Prospect – 45d,Prospect,Wave 2,9,Visit / Prospect,0,45,J-D04,2026-08-24,Test: add to next spine route,Jasmine
b6ddaa21-a950-4bdc-bf4e-2fa4a1e3ea3e,Gingell Chiropractic,Chiropractor; Spine Prospect – 45d,Prospect,Wave 2,9,Visit / Prospect,0,45,Backlog,Backlog (Oct+),Keep: reinforce spine access,Jasmine
7e17dd91-d956-482b-a527-df4bc27f78c0,"GREENFIELD MEDICAL CENTER OF DEARBORN, PC",Pain; Internal Medicine/PCP; Spine Prospect – 45d,Prospect,Wave 2,9,Visit / Prospect,0,45,Backlog,Backlog (Oct+),Test: add to next spine route,Jasmine
78f67c23-fe17-4b42-bdb5-acb7cfeea57d,Gretchen’s place,Internal Medicine/PCP; Spine Prospect – 45d,Prospect,Wave 2,9,Visit / Prospect,0,45,J-D15,2026-09-07,Test: add to next spine route,Jasmine
dfe30c97-b799-437f-ad7d-2a2e7e8e23e1,HEIGHTS FAMILY MEDICINE,Internal Medicine/PCP; Spine Prospect – 45d,Prospect,Wave 2,9,Visit / Prospect,0,45,J-D21,2026-08-10,Test: add to next spine route,Jasmine
acaff0ce-7a7b-4911-a838-13246bcf618a,HENRY FORD HEALTH,Internal Medicine/PCP; Spine Prospect – 45d,Prospect,Wave 2,9,Visit / Prospect,0,45,Backlog,Backlog (Oct+),Test: add to next spine route,Jasmine
b2aa2511-acc2-4cc1-a3b6-918eaa998e6e,Hewitt Road Medical Center,Internal Medicine/PCP; Hematology - oncology; Spine Prospect – 45d,Prospect,Wave 2,9,Visit / Prospect,0,45,Backlog,Backlog (Oct+),Test: add to next spine route,Jasmine
940d298e-5798-4b70-b005-21671cc2e86c,icare urgent care,Urgent care; Spine Prospect – 45d,Prospect,Wave 2,9,Visit / Prospect,0,45,J-D07,2026-07-27,Test: add to next spine route,Jasmine
dd44661d-7987-4114-b7ad-d9099594baad,IHA ARBOR PARK PRIMARY CARE,Pain; Internal Medicine/PCP; Spine Prospect – 45d,Prospect,Wave 2,9,Visit / Prospect,0,45,Backlog,Backlog (Oct+),Test: re-engage and qualify spine,Jasmine
385dee98-3fbb-4b0d-b39e-a336562f26d0,"IMMEDIATE CARE MEDICAL CENTER, PC",Internal Medicine/PCP; Spine Prospect – 45d,Prospect,Wave 2,9,Visit / Prospect,0,45,J-D10,2026-08-31,Test: add to next spine route,Jasmine
b71dbc77-c928-4d75-aa56-abeb679ce4f0,Integrative Healthcare Providers,Pain; Internal Medicine/PCP; Spine Prospect – 45d,Prospect,Wave 2,9,Visit / Prospect,0,45,Backlog,Backlog (Oct+),Test: re-engage and qualify spine,Jasmine
4f201b61-2c2d-4995-b82e-92f3bdaed2bb,King Medical Center,Internal Medicine/PCP; Spine Prospect – 45d,Prospect,Wave 2,9,Visit / Prospect,0,45,Backlog,Backlog (Oct+),Test: add to next spine route,Jasmine
1497765077,Krasnick Regenerative Medicine,Pain Management; Spine Prospect – 45d,Prospect,Wave 2,9,Visit / Prospect,0,45,Backlog,Backlog (Oct+),Test: add to next spine route,Jasmine
7397c30d-fc05-4212-aa03-e8cf2d7efabe,Kris Warszawski MD - MHP,Internal Medicine/PCP; Spine Prospect – 45d,Prospect,Wave 2,9,Visit / Prospect,0,45,J-D02,2026-07-22,Increase: visit now; reset cadence,Jasmine
1902896608,Mansour Mercy Medical Center,Internal Medicine/PCP; Spine Prospect – 45d,Prospect,Wave 2,9,Visit / Prospect,0,45,J-D05,2026-07-22,Test: add to next spine route,Jasmine
3e5b0f6f-1070-460a-8daf-23b4444f4243,MDVIP Ann Arbor,Internal Medicine/PCP; Spine Prospect – 45d,Prospect,Wave 2,9,Visit / Prospect,0,45,Backlog,Backlog (Oct+),Test: add to next spine route,Jasmine
dd8c9b24-ab9f-484e-af36-a2a96ed1e466,MDWell,Internal Medicine/PCP; Spine Prospect – 45d,Prospect,Wave 2,9,Visit / Prospect,0,45,J-D03,2026-08-03,Test: add to next spine route,Jasmine
8934ce8f-6bb3-49e1-9d7e-1da3b417b80c,Medical Center Urgent Care,Urgent care; Spine Prospect – 45d,Prospect,Wave 2,9,Visit / Prospect,0,45,J-D09,2026-07-22,Test: add to next spine route,Jasmine
c6b60636-41b7-4269-a81a-74ef98d29520,Meridian Rehab,Physical Therapy; Spine Prospect – 45d,Prospect,Wave 2,9,Visit / Prospect,0,45,J-D02,2026-07-22,Test: add to next spine route,Jasmine
0cf65760-cfbd-4029-bb9f-dab45971f652,"METRO SHORES INTERNAL MEDICINE, PLLC",Ortho; Internal Medicine/PCP; Spine Prospect – 45d,Prospect,Wave 2,9,Visit / Prospect,0,45,Backlog,Backlog (Oct+),Test: re-engage and qualify spine,Jasmine
d1235093-a65c-465a-ace2-cffd3d4ad232,MICHIGAN INTERVENTIONAL PAIN CENTER (this is an ASC),Spine; Pain Management; Spine Prospect – 45d,Prospect,Wave 2,9,Visit / Prospect,0,45,J-D21,2026-08-10,Test: re-engage and qualify spine,Jasmine
949c5a93-1ee8-4f5b-8e67-0ddc90f811c0,MIND - Dearborn,Spine; Pain; Neurology; Spine Prospect – 45d,Prospect,Wave 2,9,Visit / Prospect,0,45,J-D11,2026-07-27,Test: re-engage and qualify spine,Jasmine
f3bc6e0f-edfc-423b-bf9d-2950236219e9,MIND-Riverview,Spine; Pain; Neurology; Spine Prospect – 45d,Prospect,Wave 2,9,Visit / Prospect,0,45,Backlog,Backlog (Oct+),Test: add to next spine route,Jasmine
4e0ac17e-b678-4984-b1ba-e7825a2ed78e,MORSI PEDIATRICS,Ortho; Pediatrician; Spine Prospect – 45d,Prospect,Wave 2,9,Visit / Prospect,0,45,Backlog,Backlog (Oct+),Test: re-engage and qualify spine,Jasmine
ea15df9a-9ba3-4096-82f0-78f0281ba185,"NASSER SUKHON, MD, PC",Spine; Internal Medicine/PCP; Spine Prospect – 45d,Prospect,Wave 2,9,Visit / Prospect,0,45,Backlog,Backlog (Oct+),Test: re-engage and qualify spine,Jasmine
07-983-0013,Oakland Rehabilitation Associates,Physical Therapy; Spine Prospect – 45d,Prospect,Wave 2,9,Visit / Prospect,0,45,Backlog,Backlog (Oct+),Keep: reinforce spine access,Jasmine
1457400954,Office of Douglas Hames MD,Internal Medicine/PCP; Spine Prospect – 45d,Prospect,Wave 2,9,Visit / Prospect,0,45,J-D05,2026-07-22,Test: add to next spine route,Jasmine
a872805b-8d3d-4cf3-8903-4909e19a73d2,Ouillette Chiropractic,Chiropractor; Spine Prospect – 45d,Prospect,Wave 2,9,Visit / Prospect,0,45,J-D12,2026-07-27,Test: add to next spine route,Jasmine
f8f13fd9-1135-4385-b6ba-7542d202b63a,PARK PLACE FAMILY PRACTICE AND INTERNAL MEDICINE,Pain; Internal Medicine/PCP; Spine Prospect – 45d,Prospect,Wave 2,9,Visit / Prospect,0,45,Backlog,Backlog (Oct+),Test: re-engage and qualify spine,Jasmine
786ed37c-07e8-4c29-9917-ecab0fe8d600,Partners in internal medicine,Internal Medicine/PCP; Spine Prospect – 45d,Prospect,Wave 2,9,Visit / Prospect,0,45,Backlog,Backlog (Oct+),Test: add to next spine route,Jasmine
5898f9bd-82c2-4134-a022-d09661f4e923,PLYMOUTH CANTON FAMILY HEALTH,Internal Medicine/PCP; Spine Prospect – 45d,Prospect,Wave 2,9,Visit / Prospect,0,45,Backlog,Backlog (Oct+),Keep: reinforce spine access,Jasmine
814ed74d-d989-4209-bc8c-83f8248094b6,Primary Care Center,Internal Medicine/PCP; Spine Prospect – 45d,Prospect,Wave 2,9,Visit / Prospect,0,45,J-D07,2026-07-27,Test: add to next spine route,Jasmine
8b50745f-923b-4436-a8d1-06d7cdd65930,"PROGRESSIVE HEALTH CARE, PC",Internal Medicine/PCP; Spine Prospect – 45d,Prospect,Wave 2,9,Visit / Prospect,0,45,Backlog,Backlog (Oct+),Keep: reinforce spine access,Jasmine
24c56a2c-bfab-4953-87ec-5e21eb9410f3,RIVER OAKS PRIMARY CARE,Internal Medicine/PCP; Spine Prospect – 45d,Prospect,Wave 2,9,Visit / Prospect,0,45,J-D13,2026-09-14,Test: add to next spine route,Jasmine
1104928613,"Sickels MD, Malcolm",Internal Medicine/PCP; Spine Prospect – 45d,Prospect,Wave 2,9,Visit / Prospect,0,45,Backlog,Backlog (Oct+),Test: add to next spine route,Jasmine
df271027-cd7b-426d-a380-9f582e5304ba,SPECIALISTS IN SPINE SURGERY - Farmington Hills,Orthopedic - PT; Spine Prospect – 45d,Prospect,Wave 2,9,Visit / Prospect,0,45,J-D10,2026-08-31,Test: re-engage and qualify spine,Jasmine
b85b8dcd-305b-4649-b89f-98d6d21ef017,STEINER HEALTH,Internal Medicine/PCP; Spine Prospect – 45d,Prospect,Wave 2,9,Visit / Prospect,0,45,Backlog,Backlog (Oct+),Test: add to next spine route,Jasmine
9a393155-33e1-469d-b167-37156a4a3741,"SUNSTRUM MEDICAL ASSOCIATES, PC",Internal Medicine/PCP; Spine Prospect – 45d,Prospect,Wave 2,9,Visit / Prospect,0,45,J-D21,2026-08-10,Test: add to next spine route,Jasmine
86a4b3e7-b92f-463a-99a6-18f31f98daad,"TAYLOR INTERNAL MEDICINE ASSOCIATES, PC",Internal Medicine/PCP; Spine Prospect – 45d,Prospect,Wave 2,9,Visit / Prospect,0,45,Backlog,Backlog (Oct+),Keep: reinforce spine access,Jasmine
a593a2a7-7132-4eb5-8a8f-67807158ca38,Trinity Health - Emergency Medicine,Internal Medicine/PCP; Spine Prospect – 45d,Prospect,Wave 2,9,Visit / Prospect,0,45,J-D17,2026-08-10,Test: add to next spine route,Jasmine
5786e4a9-a5e1-4f0e-8e1a-c8f07c3acec4,"Trinity Health IHA Medical Group, Hospital Medicine",Hospitalist; Internal Medicine/PCP; Spine Prospect – 45d,Prospect,Wave 2,9,Visit / Prospect,0,45,J-D17,2026-08-10,Test: add to next spine route,Jasmine
ac45f6d9-dd01-44d1-bc46-d23d9a646a13,Trinity Health Neighborhood Primary Care,Internal Medicine/PCP; Spine Prospect – 45d,Prospect,Wave 2,9,Visit / Prospect,0,45,J-D19,2026-08-03,Test: add to next spine route,Jasmine
3973438b-a43c-4f5a-ab50-a4d96ed39952,Trupti Patel,Internal Medicine/PCP; Spine Prospect – 45d,Prospect,Wave 2,9,Visit / Prospect,0,45,J-D01,2026-07-27,Test: add to next spine route,Jasmine
8db196d1-c39b-42f6-8eb5-c38cd6f73bef,VAN BUREN URGENT CARE,Urgent care; Ortho; Spine Prospect – 45d,Prospect,Wave 2,9,Visit / Prospect,0,45,J-D15,2026-09-07,Test: add to next spine route,Jasmine
1396739975,"Vladimir Klemptner MD,",Internal Medicine/PCP; Spine Prospect – 45d,Prospect,Wave 2,9,Visit / Prospect,0,45,J-D19,2026-08-03,Keep: reinforce spine access,Jasmine
26dc2847-2f28-4c34-9f35-f5478493d95d,WARRENFIELD MEDICAL CENTER (Medicaid),Internal Medicine/PCP; Spine Prospect – 45d,Prospect,Wave 2,9,Visit / Prospect,0,45,J-D13,2026-09-14,Test: add to next spine route,Jasmine
ec7d6518-5eb7-4fca-a6b1-325f004d1ea6,WATCH US GROW PEDIATRICS,Ortho; Pediatrician; Spine Prospect – 45d,Prospect,Wave 2,9,Visit / Prospect,0,45,Backlog,Backlog (Oct+),Test: re-engage and qualify spine,Jasmine
39af8a2b-3c99-4502-805c-10e5627efc9d,Wayne state Internal Medicine,Internal Medicine/PCP; Spine Prospect – 45d,Prospect,Wave 2,9,Visit / Prospect,0,45,J-D06,2026-08-03,Test: add to next spine route,Jasmine
e35d1817-e4ef-431a-a979-74b7c8e2c0f0,WOODHAVEN PEDIATRICS,Ortho; Pediatrician; Spine Prospect – 45d,Prospect,Wave 2,9,Visit / Prospect,0,45,Backlog,Backlog (Oct+),Test: re-engage and qualify spine,Jasmine
1043279235,Advanced Orthopedic Specialists,Orthopedic Surgery; Physical Therapy; Spine Prospect – 45d,Prospect,Wave 2,9,Visit / Prospect,0,45,Backlog,Backlog (Oct+),Test: re-engage and qualify spine,Coty
ff103539-b3cc-494b-9fec-e29f5fb4e469,Alliance Washington Township,Internal Medicine/PCP; Pediatrician; Spine Prospect – 45d,Prospect,Wave 2,9,Visit / Prospect,0,45,C-D07,2026-08-24,Test: add to next spine route,Coty
1447235015,AMG Oak Park Medical Center,Internal Medicine/PCP; Spine Prospect – 45d,Prospect,Wave 2,9,Visit / Prospect,0,45,C-D17,2026-07-27,Test: add to next spine route,Coty
ff141e2c-04dd-45c4-beb5-914790640293,Amro Shata MD,Coty; Internal Medicine/PCP; Spine Prospect – 45d,Prospect,Wave 2,9,Visit / Prospect,0,45,Backlog,Backlog (Oct+),Test: add to next spine route,Coty
96920148-57be-4764-88fe-0131ee3733e7,Arora Hand Surgery - Warren,Orthopedic Surgery; Spine Prospect – 45d,Prospect,Wave 2,9,Visit / Prospect,0,45,C-D11,2026-08-03,Test: re-engage and qualify spine,Coty
d012f6c8-f44d-46a5-9f8e-b3b522de7d83,Arthritis Physicians,Pain; Rheumatologists; Spine Prospect – 45d,Prospect,Wave 2,9,Visit / Prospect,0,45,Backlog,Backlog (Oct+),Test: re-engage and qualify spine,Coty
c796443f-9c0a-4e5d-9f5a-df76d3e311bc,Ascension Providence Partners in Womens Health,Pain; OB/GYN; Spine Prospect – 45d,Prospect,Wave 2,9,Visit / Prospect,0,45,C-D17,2026-07-27,Test: re-engage and qualify spine,Coty
0cb7fa62-086e-4ade-98e1-7e6fd0b8c26c,Associates In Physical Medicine & Rehabilitation,Physiatry; Pain Management; Spine Prospect – 45d,Prospect,Wave 2,9,Visit / Prospect,0,45,C-D12,2026-07-27,Test: re-engage and qualify spine,Coty
aaded854-5fe8-4282-b99d-3af289b977e0,Back & Pain Center (UofM) at Burlington Bldg,Pain Management; Spine Prospect – 45d,Prospect,Wave 2,9,Visit / Prospect,0,45,Backlog,Backlog (Oct+),Test: re-engage and qualify spine,Coty
9b89a7a8-da80-4dca-b2b1-c0ea3569c950,Balanced Living Chiropractic,Chiropractor; Spine Prospect – 45d,Prospect,Wave 2,9,Visit / Prospect,0,45,Backlog,Backlog (Oct+),Test: add to next spine route,Coty
1609867985,Beaumont Neurosurgery,Neurosurgery; Spine Prospect – 45d,Prospect,Wave 2,9,Visit / Prospect,0,45,Backlog,Backlog (Oct+),Test: add to next spine route,Coty
1619959566,Beaumont Royal Oak - Physical Medicine & Rehabilitation,Physiatry; Spine Prospect – 45d,Prospect,Wave 2,9,Visit / Prospect,0,45,Backlog,Backlog (Oct+),Test: re-engage and qualify spine,Coty
1023224664,Berkley Medical Center,Internal Medicine/PCP; Urgent Cares; Spine Prospect – 45d,Prospect,Wave 2,9,Visit / Prospect,0,45,C-D04,2026-07-22,Test: add to next spine route,Coty
6e459635-80de-49eb-9451-991fd22dfb56,Blanzy Corwell clinic Southgate,Internal Medicine/PCP; Spine Prospect – 45d,Prospect,Wave 2,9,Visit / Prospect,0,45,Backlog,Backlog (Oct+),Test: add to next spine route,Coty
da7a2e70-7373-4808-9950-99c98f41d55e,Blue Water Pain Specialists - Macomb,Spine; Pain Management; Spine Prospect – 45d,Prospect,Wave 2,9,Visit / Prospect,0,45,C-D08,2026-08-24,Keep: reinforce spine access,Coty
80d59d4a-83b2-4eff-a6a5-58214e7bf1ba,Blue Water Pain Specialists - St Clair Shores,Pain Management; Spine Prospect – 45d,Prospect,Wave 2,9,Visit / Prospect,0,45,C-D11,2026-08-03,Test: re-engage and qualify spine,Coty
860f31e0-1a7c-49eb-a6ce-f5a3914936ba,Center for Orthopedic Surgery,Orthopedic Surgery; Spine Prospect – 45d,Prospect,Wave 2,9,Visit / Prospect,0,45,Backlog,Backlog (Oct+),Test: re-engage and qualify spine,Coty
18-488-0404,Center For Physical Medicine & Rehabilitation - Warren,Physiatry; Pain Management; Spine Prospect – 45d,Prospect,Wave 2,9,Visit / Prospect,0,45,C-D11,2026-08-03,Test: re-engage and qualify spine,Coty
1023116068,Center for Preventative Medicine,Pain; Spine Prospect – 45d,Prospect,Wave 2,9,Visit / Prospect,0,45,C-D06,2026-07-27,Test: re-engage and qualify spine,Coty
42caeada-e3af-49fd-ab98-cc39cf1a5ffe,Chelsea Physical Medicine & Rehabilitation Specialists,Physiatry; Spine Prospect – 45d,Prospect,Wave 2,9,Visit / Prospect,0,45,Backlog,Backlog (Oct+),Test: re-engage and qualify spine,Coty
fa76c755-e677-4007-b491-b3f43d925c89,Cheryl Lerchin MD Physical Medicine & Rehabilitation,Pain; Spine Prospect – 45d,Prospect,Wave 2,9,Visit / Prospect,0,45,C-D08,2026-08-24,Test: add to next spine route,Coty
a34e03bd-5e1f-470d-9d27-0ae0f937dea0,Clarkston Family Medicine,Internal Medicine/PCP; Spine Prospect – 45d,Prospect,Wave 2,9,Visit / Prospect,0,45,Backlog,Backlog (Oct+),Test: add to next spine route,Coty
ee3a65be-8491-4075-a06b-3a17b7545316,Clarkston Internal Medicine,Internal Medicine/PCP; Spine Prospect – 45d,Prospect,Wave 2,9,Visit / Prospect,0,45,Backlog,Backlog (Oct+),Test: add to next spine route,Coty
d606572a-912c-4bad-b906-c9a8d0479eff,Clarkston Medical Group - Oxford,Pain; Spine Prospect – 45d,Prospect,Wave 2,9,Visit / Prospect,0,45,C-D19,2026-08-03,Test: re-engage and qualify spine,Coty
ce685188-7389-475f-adc2-61a7a28d1072,Clarkston Pain & Rehab,Physiatry; Pain Management; Physical Therapy; Spine Prospect – 45d,Prospect,Wave 2,9,Visit / Prospect,0,45,Backlog,Backlog (Oct+),Test: re-engage and qualify spine,Coty
e306805a-712e-4203-9077-c434875349fc,Core Institute - Brighton,Orthopedic Surgery; Spine Prospect – 45d,Prospect,Wave 2,9,Visit / Prospect,0,45,C-D09,2026-08-31,Test: re-engage and qualify spine,Coty
04479e76-ae4d-4d52-886f-d3d8ecc2072f,Corewell Center for Pain Management,Coty; Pain Management; Spine Prospect – 45d,Prospect,Wave 2,9,Visit / Prospect,0,45,C-D18,2026-08-03,Test: re-engage and qualify spine,Coty
172f7e80-1532-4f45-8c82-d3d09547c86d,David S Hollett MD,Internal Medicine/PCP; Spine Prospect – 45d,Prospect,Wave 2,9,Visit / Prospect,0,45,C-D19,2026-08-03,Test: add to next spine route,Coty
1619909793,Dennis G Kelly DO,Orthopedic Surgery; Spine Prospect – 45d,Prospect,Wave 2,9,Visit / Prospect,0,45,C-D03,2026-07-22,Test: add to next spine route,Coty
c48a8a2e-4d60-4a18-8000-3f3dea9cf03a,"DEVYANI KHAMBETE, MD, PC",Ortho; Spine Prospect – 45d,Prospect,Wave 2,9,Visit / Prospect,0,45,Backlog,Backlog (Oct+),Test: re-engage and qualify spine,Coty
24c37a8d-e3f3-4cd2-a704-ebb3e7739d4a,Dixie Highway Internal Medicine,Internal Medicine/PCP; Spine Prospect – 45d,Prospect,Wave 2,9,Visit / Prospect,0,45,C-D21,2026-08-10,Test: add to next spine route,Coty
d361f230-715e-4c7e-87a9-bf50246f42f4,Eastside Neurosurgery - Macomb,Neurosurgery; Spine Prospect – 45d,Prospect,Wave 2,9,Visit / Prospect,0,45,C-D20,2026-08-10,Test: re-engage and qualify spine,Coty
54898915-220c-4900-ba07-febdcdb005c0,"Edward A. Tashjian, MD - Clarkston",Physiatry; Spine Prospect – 45d,Prospect,Wave 2,9,Visit / Prospect,0,45,Backlog,Backlog (Oct+),Test: add to next spine route,Coty
10-607-8064,Enhance Center - Livonia,Physiatry; Pain Management; Spine Prospect – 45d,Prospect,Wave 2,9,Visit / Prospect,0,45,C-D10,2026-09-14,Test: re-engage and qualify spine,Coty
f5b10e96-2444-4c72-b938-1004495c7ee3,Ernest Chiodo MD,Internal Medicine/PCP; Spine Prospect – 45d,Prospect,Wave 2,9,Visit / Prospect,0,45,Backlog,Backlog (Oct+),Test: add to next spine route,Coty
1679671416,Family Medicine & Wellness,Internal Medicine/PCP; Spine Prospect – 45d,Prospect,Wave 2,9,Visit / Prospect,0,45,Backlog,Backlog (Oct+),Test: add to next spine route,Coty
1a331ee5-5b2d-4703-a28c-28bea6ff2711,Flint Children’s Center,Pain; Spine Prospect – 45d,Prospect,Wave 2,9,Visit / Prospect,0,45,C-D22,2026-08-10,Test: re-engage and qualify spine,Coty
1356499800,"George Afram MD,",Internal Medicine/PCP; Spine Prospect – 45d,Prospect,Wave 2,9,Visit / Prospect,0,45,C-D11,2026-08-03,Test: add to next spine route,Coty
7f81b39e-98cc-4f50-a8d8-daebc492d381,Gilead Pain Care,Pain Management; Spine Prospect – 45d,Prospect,Wave 2,9,Visit / Prospect,0,45,C-D01,2026-07-22,Test: re-engage and qualify spine,Coty
a29bc662-1f09-48ea-a1f5-efe24cc01eeb,Great Lakes Medicine,Hospitalist; Spine Prospect – 45d,Prospect,Wave 2,9,Visit / Prospect,0,45,Backlog,Backlog (Oct+),Test: add to next spine route,Coty
4b39f47f-6abb-45b1-8b68-a52d1217f9c1,Greater Michigan Orthopedics,Orthopedic Surgery; Spine Prospect – 45d,Prospect,Wave 2,9,Visit / Prospect,0,45,C-D22,2026-08-10,Test: re-engage and qualify spine,Coty
1bdbcaac-c199-419d-b5a3-2b7eab4315d3,Gregory Gould DO,Internal Medicine/PCP; Spine Prospect – 45d,Prospect,Wave 2,9,Visit / Prospect,0,45,C-D07,2026-08-24,Test: add to next spine route,Coty
9e86ca6f-890b-4eaa-9974-d1f7c4f09a2c,HARTLAND PEDIATRICS,Ortho; Spine Prospect – 45d,Prospect,Wave 2,9,Visit / Prospect,0,45,C-D22,2026-08-10,Test: re-engage and qualify spine,Coty
c3b6301b-b3bc-474d-9ddd-d21fd2c40797,Health First Medical Center,Internal Medicine/PCP; Spine Prospect – 45d,Prospect,Wave 2,9,Visit / Prospect,0,45,Backlog,Backlog (Oct+),Test: add to next spine route,Coty
7e174398-087f-41d2-8f79-7c1a94c070e5,Henry Ford Macomb Orthopedic Surgery - Washington,Orthopedic Surgery; Spine Prospect – 45d,Prospect,Wave 2,9,Visit / Prospect,0,45,C-D07,2026-08-24,Test: re-engage and qualify spine,Coty
118d4718-8c24-42b0-ae12-a1975f146750,Henry Ford Macomb Orthopedics - Chesterfield,Orthopedic - PT; Orthopedic Surgery; Spine Prospect – 45d,Prospect,Wave 2,9,Visit / Prospect,0,45,C-D20,2026-08-10,Test: re-engage and qualify spine,Coty
6900d9f0-9d28-423a-98a4-281fb9ac13c1,IHA Ann Arbor Orthpaedic Specialists,Orthopedic - PT; Orthopedic Surgery; Spine Prospect – 45d,Prospect,Wave 2,9,Visit / Prospect,0,45,Backlog,Backlog (Oct+),Test: re-engage and qualify spine,Coty
aaaaf0e6-b931-49ae-be22-319368bfc366,IHA Hand Surgery - Brighton,Orthopedic - PT; Spine Prospect – 45d,Prospect,Wave 2,9,Visit / Prospect,0,45,C-D09,2026-08-31,Test: re-engage and qualify spine,Coty
15d65642-ae9b-4744-8746-800525bb12a4,Independence Urgent Care,Urgent Cares; Spine Prospect – 45d,Prospect,Wave 2,9,Visit / Prospect,0,45,C-D22,2026-08-10,Test: add to next spine route,Coty
b1af47a2-8b95-4560-97d6-d870e4474dac,Jolly Neurological Clinic,Pain; Spine Prospect – 45d,Prospect,Wave 2,9,Visit / Prospect,0,45,Backlog,Backlog (Oct+),Test: add to next spine route,Coty
3d34eacd-6be7-4b51-b56f-b3b6602651c6,Kathleen Knapp DO,Ortho; Spine Prospect – 45d,Prospect,Wave 2,9,Visit / Prospect,0,45,Backlog,Backlog (Oct+),Test: re-engage and qualify spine,Coty
50a5e17a-f92c-45cc-8842-9b90f70cf283,Lederman Kwartowitz - Brighton,Orthopedic Surgery; Spine Prospect – 45d,Prospect,Wave 2,9,Visit / Prospect,0,45,C-D09,2026-08-31,Test: re-engage and qualify spine,Coty
7c9505b8-9a32-47d6-a489-6171ce848c9e,LMT Rehabilitation Associates - Troy,Physiatry; Spine Prospect – 45d,Prospect,Wave 2,9,Visit / Prospect,0,45,Backlog,Backlog (Oct+),Test: re-engage and qualify spine,Coty
ff09ce61-5da4-4d5d-9ae6-7b9215731ce9,McLaren Center for Spine & Pain Management,Pain Management; Spine Prospect – 45d,Prospect,Wave 2,9,Visit / Prospect,0,45,Backlog,Backlog (Oct+),Test: re-engage and qualify spine,Coty
4d131d76-2f91-472e-bf42-c1ae3f5f7622,McLaren Macomb Family First,Internal Medicine/PCP; Spine Prospect – 45d,Prospect,Wave 2,9,Visit / Prospect,0,45,Backlog,Backlog (Oct+),Test: add to next spine route,Coty
525a54ac-f58c-4b57-8613-958fe3e2b9fa,MDVIP Clarkston,Internal Medicine/PCP; Spine Prospect – 45d,Prospect,Wave 2,9,Visit / Prospect,0,45,Backlog,Backlog (Oct+),Test: add to next spine route,Coty
3358a741-9736-494f-b1fd-4bc0dbb4de9d,MDWELL -CO,Internal Medicine/PCP; Spine Prospect – 45d,Prospect,Wave 2,9,Visit / Prospect,0,45,C-D12,2026-07-27,Test: add to next spine route,Coty
19d50314-6b7d-4516-94cb-e3c191c3fde1,MedSport - Ann Arbor Domino's Farms,Orthopedic - PT; Sports Medicine; Orthopedic Surgery; Physical Therapy; Spine Prospect – 45d,Prospect,Wave 2,9,Visit / Prospect,0,45,Backlog,Backlog (Oct+),Test: re-engage and qualify spine,Coty
c2e9f4c4-65ff-4730-abe0-7f210be0bf8f,Michigan Brain & Spine - Warren,Neurosurgery; Pain Management; Spine Prospect – 45d,Prospect,Wave 2,9,Visit / Prospect,0,45,Backlog,Backlog (Oct+),Test: re-engage and qualify spine,Coty
390949bb-260d-424c-a141-c134cab0ae6f,Michigan Center For Regenerative Medicine,Pain Management; Spine Prospect – 45d,Prospect,Wave 2,9,Visit / Prospect,0,45,Backlog,Backlog (Oct+),Test: re-engage and qualify spine,Coty
b81f18a9-01d3-4fd7-a6a3-ce068be637b7,Michigan Internal Medicine & Cardiology Associates,Internal Medicine/PCP; Cardiology; Spine Prospect – 45d,Prospect,Wave 2,9,Visit / Prospect,0,45,Backlog,Backlog (Oct+),Test: add to next spine route,Coty
Ascension St. John Hospital�and�Beaumont Hospital-Dearborn,Michigan Neurology Associates - Clinton Township,Neurology; Pain Management; Spine Prospect – 45d,Prospect,Wave 2,9,Visit / Prospect,0,45,Backlog,Backlog (Oct+),Test: re-engage and qualify spine,Coty
943e0e00-82f1-4d88-a3fd-2275bdc153b6,Michigan Pain Specialists,Pain Management; Spine Prospect – 45d,Prospect,Wave 2,9,Visit / Prospect,0,45,C-D12,2026-07-27,Test: re-engage and qualify spine,Coty
87bd0432-534b-4e48-b128-48f49cc39a94,"MICHIGAN PAIN SPECIALISTS, PLLC",Spine; Spine Prospect – 45d,Prospect,Wave 2,9,Visit / Prospect,0,45,C-D12,2026-07-27,Test: re-engage and qualify spine,Coty
4dd7647d-ac5e-4f26-a696-b59cd2cfb219,Mid-Michigan Pain Specialty,Coty; Pain Management; Spine Prospect – 45d,Prospect,Wave 2,9,Visit / Prospect,0,45,C-D22,2026-08-10,Test: re-engage and qualify spine,Coty
08675f4f-7413-4eb3-9c68-0bb657acb583,Motor City Ortho - Howell,Orthopedic - PT; Spine Prospect – 45d,Prospect,Wave 2,9,Visit / Prospect,0,45,Backlog,Backlog (Oct+),Keep: reinforce spine access,Coty
844e3cfa-90dd-4405-b93e-8ec8a51a6b23,MSU SportsMEDICINE,Sports Medicine; Spine Prospect – 45d,Prospect,Wave 2,9,Visit / Prospect,0,45,Backlog,Backlog (Oct+),Test: re-engage and qualify spine,Coty
3e4366b5-b245-4073-9f53-025f25b5446f,Multi-Specialty Clinic,Internal Medicine/PCP; Spine Prospect – 45d,Prospect,Wave 2,9,Visit / Prospect,0,45,Backlog,Backlog (Oct+),Test: add to next spine route,Coty
60644d75-2bd6-461f-8737-d149ab8c0ed3,My Health Urgent Care (Ascension) - Howell,Urgent Cares; Spine Prospect – 45d,Prospect,Wave 2,9,Visit / Prospect,0,45,Backlog,Backlog (Oct+),Keep: reinforce spine access,Coty
1244d3ff-0839-4759-af42-e22dd1c77549,Niva Health,Coty; Internal Medicine/PCP; Spine Prospect – 45d,Prospect,Wave 2,9,Visit / Prospect,0,45,C-D21,2026-08-10,Keep: reinforce spine access,Coty
17d9d453-263e-48c1-895b-73d68979325d,North Point Medical,Internal Medicine/PCP; Spine Prospect – 45d,Prospect,Wave 2,9,Visit / Prospect,0,45,C-D02,2026-07-27,Keep: reinforce spine access,Coty
feacb877-2f93-46f2-94a1-dd073278159f,Novus Primary Care,Internal Medicine/PCP; Spine Prospect – 45d,Prospect,Wave 2,9,Visit / Prospect,0,45,C-D04,2026-07-22,Test: add to next spine route,Coty
daf6238f-f813-4c2b-8e5a-1438806414dc,Oakland Macomb Surgical Group,Orthopedic Surgery; Spine Prospect – 45d,Prospect,Wave 2,9,Visit / Prospect,0,45,C-D19,2026-08-03,Test: re-engage and qualify spine,Coty
32aae41b-03f7-4ba2-a919-c78cfed30f30,Oakland Macomb Surgical Group - Madison Heights,Orthopedic Surgery; Spine Prospect – 45d,Prospect,Wave 2,9,Visit / Prospect,0,45,C-D14,2026-09-21,Test: re-engage and qualify spine,Coty
00b31e6d-ea21-435e-8d30-b61cf217c22e,Oakland Orthopedics & Sports Medicine,Orthopedic - PT; Spine Prospect – 45d,Prospect,Wave 2,9,Visit / Prospect,0,45,Backlog,Backlog (Oct+),Test: re-engage and qualify spine,Coty
688d6dc6-9189-4fe3-8237-807c5059d797,"Office of Sasenarine Persaud, MD",Internal Medicine/PCP; Spine Prospect – 45d,Prospect,Wave 2,9,Visit / Prospect,0,45,C-D04,2026-07-22,Test: add to next spine route,Coty
1235110537,Ortho Michigan - Flint,Ortho; Spine Prospect – 45d,Prospect,Wave 2,9,Visit / Prospect,0,45,C-D22,2026-08-10,Test: re-engage and qualify spine,Coty
04-087-8298,"Ortho surgery of shoulder, hip, & knee",Orthopedic - PT; Orthopedic Surgery; Spine Prospect – 45d,Prospect,Wave 2,9,Visit / Prospect,0,45,C-D21,2026-08-10,Test: re-engage and qualify spine,Coty
b74f4846-fa64-4c4f-a6fe-d3ee8cef5312,Orthopedic Specialists of Oakland County - Clarkston,Orthopedic - PT; Orthopedic Surgery; Spine Prospect – 45d,Prospect,Wave 2,9,Visit / Prospect,0,45,C-D22,2026-08-10,Test: re-engage and qualify spine,Coty
66604f44-0a10-4e2a-8f1e-c4e00f0fb1dc,Partners in Family Medicine,Internal Medicine/PCP; Spine Prospect – 45d,Prospect,Wave 2,9,Visit / Prospect,0,45,C-D07,2026-08-24,Test: add to next spine route,Coty
724c2230-0806-48f5-ac79-5255959b0a73,Phase Family Medicine,Internal Medicine/PCP; Spine Prospect – 45d,Prospect,Wave 2,9,Visit / Prospect,0,45,C-D18,2026-08-03,Test: add to next spine route,Coty
e0f2c54e-06ee-4e34-863e-cb4675bd5c6e,PINE TREE MEDICAL CENTER,Ortho; Spine Prospect – 45d,Prospect,Wave 2,9,Visit / Prospect,0,45,Backlog,Backlog (Oct+),Test: re-engage and qualify spine,Coty
e73e7e8b-2c72-479d-b015-c7ff5509f700,Precision Interventional Radiology,Spine; Spine Prospect – 45d,Prospect,Wave 2,9,Visit / Prospect,0,45,Backlog,Backlog (Oct+),Test: re-engage and qualify spine,Coty
24e0dcd5-ef5f-4db1-af06-f9751bb1d6a8,Premier Family Medicine - Livingston,Internal Medicine/PCP; Spine Prospect – 45d,Prospect,Wave 2,9,Visit / Prospect,0,45,Backlog,Backlog (Oct+),Test: add to next spine route,Coty
4659932c-d03e-4eaf-b084-f1c5c8002767,Premier Orthopedics & Sports Medicine,Sports Medicine; Orthopedic Surgery; Spine Prospect – 45d,Prospect,Wave 2,9,Visit / Prospect,0,45,C-D05,2026-09-07,Test: re-engage and qualify spine,Coty
47bcf8c4-c5dc-4d5a-9a9e-4bece6e01698,Premier Surgical Specialists,Pain; Spine Prospect – 45d,Prospect,Wave 2,9,Visit / Prospect,0,45,Backlog,Backlog (Oct+),Test: re-engage and qualify spine,Coty
30b11efd-3e51-4d39-aace-cfc33153c87d,Primary Medical Services,Internal Medicine/PCP; Spine Prospect – 45d,Prospect,Wave 2,9,Visit / Prospect,0,45,C-D03,2026-07-22,Keep: reinforce spine access,Coty
2fc64685-2270-4f5f-827a-7788409cd5cd,Pulmonary & Internal Medicine Specialists,Internal Medicine/PCP; Spine Prospect – 45d,Prospect,Wave 2,9,Visit / Prospect,0,45,C-D17,2026-07-27,Test: add to next spine route,Coty
1013980531,"Raad Kasmikha MD,",Internal Medicine/PCP; Spine Prospect – 45d,Prospect,Wave 2,9,Visit / Prospect,0,45,C-D19,2026-08-03,Test: add to next spine route,Coty
664225f4-387f-4458-bce4-0fe6ff18f13e,Restorative Physical Medicine - Brighton,Pain; Physiatry; Spine Prospect – 45d,Prospect,Wave 2,9,Visit / Prospect,0,45,C-D09,2026-08-31,Test: re-engage and qualify spine,Coty
0e966842-32f3-40e8-91a7-4295b0ba0234,Restorative Physical Medicine - Novi,Pain; Manual Medicine; Physiatry; Spine Prospect – 45d,Prospect,Wave 2,9,Visit / Prospect,0,45,C-D21,2026-08-10,Test: re-engage and qualify spine,Coty
3bfd16c2-8d66-4fed-9ad2-cc715dfd2eb8,Revolution Wellness,Internal Medicine/PCP; Spine Prospect – 45d,Prospect,Wave 2,9,Visit / Prospect,0,45,Backlog,Backlog (Oct+),Keep: reinforce spine access,Coty
4f2b2878-de83-4132-b6b0-114a9794b70f,Rochester Family Medicine Center,Coty; Internal Medicine/PCP; Spine Prospect – 45d,Prospect,Wave 2,9,Visit / Prospect,0,45,C-D18,2026-08-03,Keep: reinforce spine access,Coty
1477658458,Rochester Hills Orthopedics & Sports Medicine,Sports Medicine; Orthopedic Surgery; Spine Prospect – 45d,Prospect,Wave 2,9,Visit / Prospect,0,45,Backlog,Backlog (Oct+),Test: re-engage and qualify spine,Coty
550845e3-e358-4aa5-badb-e90d93042d7c,Southeast Michigan Center for Orthopedics - Rochester Hlls,Orthopedic - PT; Orthopedic Surgery; Spine Prospect – 45d,Prospect,Wave 2,9,Visit / Prospect,0,45,Backlog,Backlog (Oct+),Test: re-engage and qualify spine,Coty
2b5bba73-5878-4fa6-b615-7b5106bbe4e0,"SPINE SPECIALISTS OF MICHIGAN, PC",Orthopedic - PT; Spine Prospect – 45d,Prospect,Wave 2,9,Visit / Prospect,0,45,Backlog,Backlog (Oct+),Test: re-engage and qualify spine,Coty
1033228903,Trinity Health IHA Orthopaedics - Chelsea,Orthopedic Surgery; Spine Prospect – 45d,Prospect,Wave 2,9,Visit / Prospect,0,45,Backlog,Backlog (Oct+),Test: re-engage and qualify spine,Coty
b6be5dd0-40a2-450c-946b-5deaaf8b0178,Trinity IHA Hand Surgery - Ypsilanti,Orthopedic - PT; Plastic Surgery; Orthopedic Surgery; Spine Prospect – 45d,Prospect,Wave 2,9,Visit / Prospect,0,45,Backlog,Backlog (Oct+),Test: re-engage and qualify spine,Coty
00-521-8262,"Trinity IHA Orthopedics - Brighton,",Ortho; Spine Prospect – 45d,Prospect,Wave 2,9,Visit / Prospect,0,45,C-D09,2026-08-31,Test: re-engage and qualify spine,Coty
36-320-9367,Trinity IHA Primary Care - Clarkston,Pain; Spine Prospect – 45d,Prospect,Wave 2,9,Visit / Prospect,0,45,Backlog,Backlog (Oct+),Test: re-engage and qualify spine,Coty
c357306a-7118-459d-82fc-5365721ca926,U of M Neurosurgery,Neurosurgery; Spine Prospect – 45d,Prospect,Wave 2,9,Visit / Prospect,0,45,Backlog,Backlog (Oct+),Test: re-engage and qualify spine,Coty
4430ce9a-04c4-4489-8cd4-1f4abdc28ce9,U of M Physical Medicine & Rehabilitation Clinic - Burlington Building,Physiatry; Spine Prospect – 45d,Prospect,Wave 2,9,Visit / Prospect,0,45,Backlog,Backlog (Oct+),Test: re-engage and qualify spine,Coty
1fcb9ed3-4f7b-4998-b644-3c8f0d4fefba,UofM Northville Health Center,Internal Medicine/PCP; Spine Prospect – 45d,Prospect,Wave 2,9,Visit / Prospect,0,45,C-D12,2026-07-27,Keep: reinforce spine access,Coty
1396736724,Woods Cardiovascular Internal Medicine Associates - Macomb,Internal Medicine/PCP; Spine Prospect – 45d,Prospect,Wave 2,9,Visit / Prospect,0,45,C-D08,2026-08-24,Test: add to next spine route,Coty
6f941c50-4b0e-460c-8a8a-f59d8a74ccde,"ALLENWOOD FAMILY HEALTH CARE, PC",Internal Medicine/PCP; Spine Prospect – 45d,Prospect,Wave 2,8,Visit / Prospect,0,45,Backlog,Backlog (Oct+),Test: re-engage and qualify spine,Jasmine
cf4ac4d2-8a2e-4d0b-8294-4d7f8fd390c4,Alphonse Ekole MD,Internal Medicine/PCP; Spine Prospect – 45d,Prospect,Wave 2,8,Visit / Prospect,0,45,J-D05,2026-07-22,Test: add to next spine route,Jasmine
7496bfb3-d517-49b6-8b2f-1e99919270ca,AMC Primary Care,Internal Medicine/PCP; Spine Prospect – 45d,Prospect,Wave 2,8,Visit / Prospect,0,45,Backlog,Backlog (Oct+),Test: add to next spine route,Jasmine
47fdf74f-51d1-46ef-b493-2ef60f3f61b7,Ascension Providence Dearborn Internal Medicine,Internal Medicine/PCP; Spine Prospect – 45d,Prospect,Wave 2,8,Visit / Prospect,0,45,J-D07,2026-07-27,Test: add to next spine route,Jasmine
36a01517-61d6-4abe-a326-3df8c6bbd274,Associated physicians of Dearborn,Internal Medicine/PCP; Spine Prospect – 45d,Prospect,Wave 2,8,Visit / Prospect,0,45,J-D13,2026-09-14,Test: add to next spine route,Jasmine
f46e96b6-beab-4a7a-b674-d27ffa003553,ATI PHYSICAL THERAPY,Spine; Physical Therapy; Spine Prospect – 45d,Prospect,Wave 2,8,Visit / Prospect,0,45,J-D12,2026-07-27,Test: re-engage and qualify spine,Jasmine
07d227b8-b9ff-4616-9f9b-f3e3ac05f4b1,BEAUMONT ATHENS CLINIC TAYLOR,Internal Medicine/PCP; Spine Prospect – 45d,Prospect,Wave 2,8,Visit / Prospect,0,45,Backlog,Backlog (Oct+),Test: re-engage and qualify spine,Jasmine
ca75c2bf-f7ff-43df-9399-5f78f3147237,BEAUMONT FAMILY MEDICINE CLINIC TAYLOR,Internal Medicine/PCP; Spine Prospect – 45d,Prospect,Wave 2,8,Visit / Prospect,0,45,Backlog,Backlog (Oct+),Test: re-engage and qualify spine,Jasmine
22e81152-0662-4863-bc0b-452a4d53ae02,Ben Go MD PC,Ortho; Internal Medicine/PCP; Spine Prospect – 45d,Prospect,Wave 2,8,Visit / Prospect,0,45,Backlog,Backlog (Oct+),Test: re-engage and qualify spine,Jasmine
e658d459-31db-44b9-a41a-111a5d55464b,Briarwood Family Medicine,Internal Medicine/PCP; Spine Prospect – 45d,Prospect,Wave 2,8,Visit / Prospect,0,45,Backlog,Backlog (Oct+),Test: re-engage and qualify spine,Jasmine
5a3b3a92-6b7c-4a66-8877-b58376fa4af0,BRYANT PRIMARY CARE Updated,Pain; Internal Medicine/PCP; Spine Prospect – 45d,Prospect,Wave 2,8,Visit / Prospect,0,45,J-D13,2026-09-14,Test: re-engage and qualify spine,Jasmine
6246a98e-0503-476c-80f7-6d9617232f36,Caudell Chiropractic,Chiropractor; Spine Prospect – 45d,Prospect,Wave 2,8,Visit / Prospect,0,45,J-D11,2026-07-27,Test: re-engage and qualify spine,Jasmine
b187ef9a-bf2a-420e-b663-1f843a428a22,CEDAR MEDICAL ASSOCIATES,Internal Medicine/PCP; Spine Prospect – 45d,Prospect,Wave 2,8,Visit / Prospect,0,45,J-D21,2026-08-10,Test: add to next spine route,Jasmine
63cd155b-cebc-4ccb-ae48-e9fd30422380,City Medical - Madison Heights,Internal Medicine/PCP; Urgent Cares; Spine Prospect – 45d,Prospect,Wave 2,8,Visit / Prospect,0,45,J-D06,2026-08-03,Test: re-engage and qualify spine,Jasmine
809a3eca-b208-45b0-9625-72c47659e808,Corewell Health Family Medicine - Northside,Internal Medicine/PCP; Spine Prospect – 45d,Prospect,Wave 2,8,Visit / Prospect,0,45,J-D11,2026-07-27,Test: re-engage and qualify spine,Jasmine
2239bedc-ff8f-4e3d-ae75-f742a58fc796,Corewell Health Urgent Care,Urgent care; Spine Prospect – 45d,Prospect,Wave 2,8,Visit / Prospect,0,45,J-D10,2026-08-31,Test: add to next spine route,Jasmine
40b67646-7a8c-48ac-859a-ec68090967b0,Cromwell family chiropractic,Chiropractor; Spine Prospect – 45d,Prospect,Wave 2,8,Visit / Prospect,0,45,J-D09,2026-07-22,Test: re-engage and qualify spine,Jasmine
e8faaf5d-bdac-4971-9f83-bd77a1c37b96,Dearborn medical and geriatric center,Internal Medicine/PCP; Spine Prospect – 45d,Prospect,Wave 2,8,Visit / Prospect,0,45,J-D07,2026-07-27,Test: add to next spine route,Jasmine
955f13c7-e431-43cf-b407-ab2791e34825,Doctors of physical therapy and hand therapy,Physical Therapy; Spine Prospect – 45d,Prospect,Wave 2,8,Visit / Prospect,0,45,J-D12,2026-07-27,Test: add to next spine route,Jasmine
0889eef0-5cc1-4032-b658-e4a9c719c997,"DOWNRIVER INTERNISTS, PC",Internal Medicine/PCP; Spine Prospect – 45d,Prospect,Wave 2,8,Visit / Prospect,0,45,Backlog,Backlog (Oct+),Test: re-engage and qualify spine,Jasmine
5cce6822-d3c7-400b-a3ee-0b6788d7b144,"DR VIJAYA CHALLA, MD, PC",Internal Medicine/PCP; Spine Prospect – 45d,Prospect,Wave 2,8,Visit / Prospect,0,45,J-D07,2026-07-27,Test: re-engage and qualify spine,Jasmine
6855cf51-cff2-4106-8a51-41fb2da1e895,Dr. Susannah Parke,Internal Medicine/PCP; Spine Prospect – 45d,Prospect,Wave 2,8,Visit / Prospect,0,45,Backlog,Backlog (Oct+),Test: add to next spine route,Jasmine
110f66be-a765-4c63-bea0-2594890f94c8,Duncan Chiropractic Group,Chiropractor; Spine Prospect – 45d,Prospect,Wave 2,8,Visit / Prospect,0,45,J-D12,2026-07-27,Test: re-engage and qualify spine,Jasmine
e73a93c2-41c4-488a-8474-89698cf619bb,"EAST DEARBORN MEDICAL CLINIC, PC (Medicaid)",Internal Medicine/PCP; Spine Prospect – 45d,Prospect,Wave 2,8,Visit / Prospect,0,45,J-D13,2026-09-14,Test: add to next spine route,Jasmine
a8634a8d-40a8-4c4d-84a9-ddf74b794be2,"EASTBORN CLINIC, PLLC",Internal Medicine/PCP; Spine Prospect – 45d,Prospect,Wave 2,8,Visit / Prospect,0,45,J-D06,2026-08-03,Test: add to next spine route,Jasmine
54cc6f59-8575-499c-a4fb-25b77aad9f25,Elite Care Physicians PLLC,Internal Medicine/PCP; PCP; Spine Prospect – 45d,Prospect,Wave 2,8,Visit / Prospect,0,45,J-D11,2026-07-27,Increase: visit now; reset cadence,Jasmine
d52215b9-d874-4639-9ff2-a87b853ad52d,Adult Wellness & Internal Medicine,Internal Medicine/PCP; Spine Prospect – 45d,Prospect,Wave 2,8,Visit / Prospect,0,45,C-D22,2026-08-10,Test: re-engage and qualify spine,Coty
74360f7a-f042-4521-a7bb-a807dcb10282,Advance Urgent Care - Hartland,Urgent Cares; Spine Prospect – 45d,Prospect,Wave 2,8,Visit / Prospect,0,45,C-D22,2026-08-10,Test: re-engage and qualify spine,Coty
5271bbd8-dfe5-4d54-a0a2-f5547050cafe,Macomb Internal Medicine,Internal Medicine/PCP; Spine T1 – 14d; Spine Sean Priority,Tier 1,Sean Priority,91,Repeat Spine Referrer,4,14,S-D01,2026-07-27,"Protect: thank, learn and expand spine",Sean (verify)
6aee51ce-625f-4968-96c5-5d9a6936bf27,MI Family Practice,Internal Medicine/PCP; Spine T1 – 14d; Spine Sean Priority,Tier 1,Sean Priority,90,Repeat Spine Referrer,3,14,S-D02,2026-07-22,"Protect: thank, learn and expand spine",Sean (verify)
33d0c0aa-7d47-450d-9673-71acb651321c,Michigan Compassionate Care,Internal Medicine/PCP; Spine T1 – 14d; Spine Sean Priority,Tier 1,Sean Priority,82,Repeat Spine Referrer,2,14,S-D02,2026-07-22,"Protect: thank, learn and expand spine",Sean (verify)
1205856432,Associates in Family Practice,Internal Medicine/PCP; Spine T1 – 14d; Spine Sean Priority,Tier 1,Sean Priority,70,One Spine Patient,1,14,S-D01,2026-07-27,Convert: ask for the next spine patient,Sean (verify)
1952519001,Beaumont Family Medicine - Sterling Heights,Internal Medicine/PCP; Spine T3 – 30d; Spine Sean Priority,Tier 3,Sean Priority,23,Other Patient Referrer,0,30,S-D01,2026-07-27,Cross-sell: qualify spine opportunity,Sean (verify)
1932273448,Henry Ford Medical Center - Warren,Internal Medicine/PCP; Spine Prospect – 45d; Spine Sean Priority,Prospect,Sean Priority,9,Visit / Prospect,0,45,S-D02,2026-07-22,Test: add to next spine route,Sean (verify)
c88f05f1-5992-43b0-947c-469a44a0feef,Ryan Medical Associates,Internal Medicine/PCP; Spine T1 – 14d; Spine Sean Priority,Tier 1,Sean Priority,82,Repeat Spine Referrer,2,14,S-D02,2026-07-22,"Protect: thank, learn and expand spine",Sean (verify)
1972593499,Sterling Physicians,Internal Medicine/PCP; Spine T1 – 14d; Spine Sean Priority,Tier 1,Sean Priority,71,One Spine Patient,1,14,S-D03,2026-07-22,Convert: ask for the next spine patient,Sean (verify)
16c0ac85-6d3c-4c74-97b4-385a2a7fac00,Cornerstone Lakefront Internists,Internal Medicine/PCP; Spine T1 – 14d; Spine Sean Priority,Tier 1,Sean Priority,70,One Spine Patient,1,14,S-D04,2026-07-27,Convert: ask for the next spine patient,Sean (verify)
1bcc2e23-5fc1-428c-ad41-dc35c5345bf7,Get Well Urgent Care - Sterling Heights,Urgent care; Spine T1 – 14d; Spine Sean Priority,Tier 1,Sean Priority,70,One Spine Patient,1,14,S-D02,2026-07-22,Convert: ask for the next spine patient,Sean (verify)
1043384555,Henry Ford Medical Center - East Jefferson,Internal Medicine/PCP; Spine T1 – 14d; Spine Sean Priority,Tier 1,Sean Priority,70,One Spine Patient,1,14,S-D04,2026-07-27,Convert: ask for the next spine patient,Sean (verify)
0b9485b1-39bd-4f21-8222-387834af8472,Kashat Urgent care,Urgent care; Spine T1 – 14d; Spine Sean Priority,Tier 1,Sean Priority,70,One Spine Patient,1,14,S-D03,2026-07-22,Convert: ask for the next spine patient,Sean (verify)
ce3b56cf-1381-41d0-b067-752448464958,Michigan Primary Care - Sterling Heights,Internal Medicine/PCP; Spine T1 – 14d; Spine Sean Priority,Tier 1,Sean Priority,70,One Spine Patient,1,14,S-D01,2026-07-27,Convert: ask for the next spine patient,Sean (verify)
62e680e9-a222-400d-9186-a369d13cf23f,Schoenherr Parkway Family Practice,Internal Medicine/PCP; Spine T1 – 14d; Spine Sean Priority,Tier 1,Sean Priority,70,One Spine Patient,1,14,S-D01,2026-07-27,Convert: ask for the next spine patient,Sean (verify)
954353cc-a941-4b77-90f3-f3fb1c62e161,"DIAB AND KINNER INTERNAL MEDICINE, PC- use",Internal Medicine/PCP; Spine T1 – 14d; Spine Sean Priority,Tier 1,Sean Priority,69,One Spine Patient,1,14,S-D02,2026-07-22,Convert: ask for the next spine patient,Sean (verify)
1386634749,Tri-County Medical Clinic,Internal Medicine/PCP; Spine T1 – 14d; Spine Sean Priority,Tier 1,Sean Priority,69,One Spine Patient,1,14,S-D03,2026-07-22,Convert: ask for the next spine patient,Sean (verify)
1700860103,Michigan Adult and Child Medicine,Internal Medicine/PCP;Pediatrician; Spine T2 – 21d; Spine Sean Priority,Tier 2,Sean Priority,56,Ortho Referrer,0,21,S-D02,2026-07-22,Cross-sell: make a direct spine ask,Sean (verify)
1750481842,Pioneer Medical Associates - Warren,Internal Medicine/PCP; Spine T2 – 21d; Spine Sean Priority,Tier 2,Sean Priority,51,Ortho Referrer,0,21,S-D02,2026-07-22,Cross-sell: make a direct spine ask,Sean (verify)
719fbbb9-0131-4ed6-bfd7-14646d9c41fb,Sterling Heights Urgent Care,Urgent care; Spine T2 – 21d; Spine Sean Priority,Tier 2,Sean Priority,51,Ortho Referrer,0,21,S-D01,2026-07-27,Cross-sell: make a direct spine ask,Sean (verify)
c96dc780-a933-4f9f-aaa3-e1da22d0f35e,Roseville Family Practice,Internal Medicine/PCP; Spine T2 – 21d; Spine Sean Priority,Tier 2,Sean Priority,50,Ortho Referrer,0,21,S-D04,2026-07-27,Cross-sell: make a direct spine ask,Sean (verify)
ec2dcadc-ce63-4324-aea0-52ae2b2bdd91,David S Weingarden MD & Associates,Neurology;Physiatry;Pain Management; Spine T2 – 21d; Spine Sean Priority,Tier 2,Sean Priority,46,Ortho Referrer,0,21,S-D01,2026-07-27,Cross-sell: make a direct spine ask,Sean (verify)
3b700a13-2f3b-4e83-bd1f-61bd1cca19e6,Elite Family Medicine,Internal Medicine/PCP; Spine T2 – 21d; Spine Sean Priority,Tier 2,Sean Priority,46,Ortho Referrer,0,21,S-D03,2026-07-22,Cross-sell: make a direct spine ask,Sean (verify)
8c04fb31-3380-488f-aa8a-954ff32146f2,Epic Health - St Clair Shores,Internal Medicine/PCP; Spine T2 – 21d; Spine Sean Priority,Tier 2,Sean Priority,46,Ortho Referrer,0,21,S-D04,2026-07-27,Cross-sell: make a direct spine ask,Sean (verify)
8ae19fc3-b1ab-4f35-ab71-b73d93833918,Get Well Urgent Care - Warren,Urgent care; Spine T2 – 21d; Spine Sean Priority,Tier 2,Sean Priority,46,Ortho Referrer,0,21,S-D02,2026-07-22,Cross-sell: make a direct spine ask,Sean (verify)
1427049683,MyCare Health Center - Mt Clemens,Internal Medicine/PCP; Spine T2 – 21d; Spine Sean Priority,Tier 2,Sean Priority,46,Ortho Referrer,0,21,S-D04,2026-07-27,Cross-sell: make a direct spine ask,Sean (verify)
f30f611c-772a-406a-9d92-231790b785c2,Sterling Medical Center & Urgent Care,Urgent care; Spine T2 – 21d; Spine Sean Priority,Tier 2,Sean Priority,46,Ortho Referrer,0,21,S-D04,2026-07-27,Cross-sell: make a direct spine ask,Sean (verify)
1164469821,Waypointe Internal Medicine,Internal Medicine/PCP; Spine T2 – 21d; Spine Sean Priority,Tier 2,Sean Priority,46,Ortho Referrer,0,21,S-D04,2026-07-27,Cross-sell: make a direct spine ask,Sean (verify)
1063423176,Allied Internists,Internal Medicine/PCP; Spine T2 – 21d; Spine Sean Priority,Tier 2,Sean Priority,45,Ortho Referrer,0,21,S-D04,2026-07-27,Cross-sell: make a direct spine ask,Sean (verify)
1780671461,Aquino Integrative Internal Medicine,Internal Medicine/PCP; Spine T2 – 21d; Spine Sean Priority,Tier 2,Sean Priority,45,Ortho Referrer,0,21,S-D04,2026-07-27,Cross-sell: make a direct spine ask,Sean (verify)
476bc8e4-84c4-4063-97a9-b649ed44dddf,Horizon Care Medical Group - Warren,Internal Medicine/PCP; Spine T2 – 21d; Spine Sean Priority,Tier 2,Sean Priority,45,Ortho Referrer,0,21,S-D02,2026-07-22,Cross-sell: make a direct spine ask,Sean (verify)
e73f759b-87dc-444f-a504-b954ddeeace1,Masonic Medical Center - Ascension,Internal Medicine/PCP; Spine T2 – 21d; Spine Sean Priority,Tier 2,Sean Priority,45,Ortho Referrer,0,21,S-D04,2026-07-27,Cross-sell: make a direct spine ask,Sean (verify)
d1255d1a-17e8-4765-bfe5-45c6c087c8ed,Toma & Yaldo Medical Center,Internal Medicine/PCP; Spine T2 – 21d; Spine Sean Priority,Tier 2,Sean Priority,45,Ortho Referrer,0,21,S-D01,2026-07-27,Cross-sell: make a direct spine ask,Sean (verify)
da57adc9-a2cf-4705-886d-76146cbbde06,Office of David Mandy DO,Pediatrician; Spine T2 – 21d; Spine Sean Priority,Tier 2,Sean Priority,44,Ortho Referrer,0,21,S-D01,2026-07-27,Cross-sell: make a direct spine ask,Sean (verify)
63bf16ad-3645-45fb-8f1d-e1eb3a131efc,Brigid Healthcare,Internal Medicine/PCP; Spine T1 – 14d; Spine Sean Priority,Tier 1,Sean Priority,82,Repeat Spine Referrer,2,14,S-D03,2026-07-22,"Protect: thank, learn and expand spine",Sean (verify)
346a1335-a97f-4a1a-9847-77f9e71383c3,Get Well Urgent Care Madison Heights,Urgent care; Spine T1 – 14d; Spine Sean Priority,Tier 1,Sean Priority,82,Repeat Spine Referrer,2,14,S-D03,2026-07-22,"Protect: thank, learn and expand spine",Sean (verify)
1774d7c7-2d8b-42c6-9dac-78c2a9cf3ed8,Berkley Urgent Care,Urgent care; Spine T1 – 14d; Spine Sean Priority,Tier 1,Sean Priority,69,One Spine Patient,1,14,S-D03,2026-07-22,Convert: ask for the next spine patient,Sean (verify)
1992798961,Downriver Internists,Internal Medicine/PCP; Spine T2 – 21d; Spine Sean Priority,Tier 2,Sean Priority,50,Ortho Referrer,0,21,S-D03,2026-07-22,Cross-sell: make a direct spine ask,Sean (verify)
ea9682a6-09ea-4d32-a71d-171ffffb7847,Wattles Internal Medicine- use,Internal Medicine/PCP; Spine T2 – 21d; Spine Sean Priority,Tier 2,Sean Priority,46,Ortho Referrer,0,21,S-D03,2026-07-22,Cross-sell: make a direct spine ask,Sean (verify)
573750f7-b7bd-4246-b7ac-f1217823639f,South Lyon Family Docs,Internal Medicine/PCP; Spine T2 – 21d; Spine Sean Priority,Tier 2,Sean Priority,45,Ortho Referrer,0,21,S-D03,2026-07-22,Cross-sell: make a direct spine ask,Sean (verify)
97ae4125-fd10-47de-8cae-c053e42232d0,Academic Internal Medicine (Ascension),Internal Medicine/PCP; Spine T3 – 30d; Spine Sean Priority,Tier 3,Sean Priority,21,Other Patient Referrer,0,30,S-D01,2026-07-27,Cross-sell: qualify spine opportunity,Sean (verify)
